valid_time,Target Error (F),NBM Temperature (F),NBM Cloud Cover (%),NBM Mixing Height (100s ft AGL),NBM Wind Speed (kts),NBM Wind Direction (deg),NBM RH (%),hrrr_lpw (mm),1000mb-700mb Lapse Rate (C/km),700mb-500mb Lapse Rate (C/km),rh_1000,rh_975,rh_950,rh_925,rh_900,rh_875,rh_850,rh_825,rh_800,rh_775,rh_750,rh_725,rh_700,rh_675,rh_650,rh_625,rh_600,rh_575,rh_550,rh_525,rh_500,sin_season,cos_season
2021-03-01 21:00:00,-2.0,34.0,93.0,14.0,8.0,23.0,78.43890448497753,10.423796310781348,5.829835618200176,5.16496123456746,96.9107285468472,96.90916298009134,97.3470387166528,98.63933789814274,99.3289579645531,99.91774119609494,99.70296830244564,99.78764497564228,98.8028900738228,97.42968157304372,88.97765618475255,65.5031430172329,37.81719096697886,19.29917696163382,13.800543057070913,14.333024731801729,16.02569113464772,18.74472417573376,28.44708184838189,52.56557702791246,72.68802660798676,0.8584015232918917,0.512978386299228
2021-03-02 21:00:00,-5.0,5.0,74.33333333333333,26.0,22.0,30.0,54.09795696813022,3.3859233348326225,2.126852884560245,6.154401957635617,64.54411534447088,64.40811565087479,66.8437255978154,73.36471739277215,79.95424734677616,79.10994243151178,78.10204021519327,79.65260642311979,81.00271840858946,80.50138841091633,80.0345954166181,78.6250573498803,76.08873772948638,73.59758394028614,70.62877330006185,68.4531384421354,64.96420606230711,61.110073732937664,56.348881383806834,50.90359177942122,46.11797686385383,0.8670985522812081,0.4981366284784055
2021-03-03 21:00:00,-2.0,20.0,5.0,23.0,15.0,30.0,49.257151454343926,3.718990599065066,4.690221916325204,5.946315944883489,55.40646952369096,55.36502137656457,56.83000387331985,61.3772248447972,64.61056024700805,61.06985589911688,63.07229141073052,63.17550918562728,60.33298087518792,58.16511207864007,55.14792434140955,51.2484119527005,45.231261467701856,38.954634093904325,31.62784305481509,28.34219861535264,25.58331975849768,25.996611218227567,25.76255106477308,23.3907345237585,18.187551174671672,0.8755389928586302,0.4831474640149687
2021-03-04 21:00:00,-5.0,13.0,81.0,25.0,17.0,29.0,60.81082175893098,6.473881184615796,1.6614704109430614,6.748465581608456,77.74474259120072,77.33167718627287,79.13641895687958,86.18424284791672,92.64535706063717,89.77246418531286,86.58315940291013,88.74364594560524,91.29090950665328,91.95716934731082,90.1319626344954,86.32455327504734,80.98275969095322,77.50936847446184,73.97302314780025,73.57294140918025,73.80059476718378,75.78619288763043,78.06819528470909,80.2813199905311,82.01814085817759,0.8837203473619977,0.4680153284438345
2021-03-05 21:00:00,1.9,14.0,59.0,26.0,13.0,29.0,55.55033720509647,3.896412677504707,5.955869330030337,5.691266779616238,73.37904124134434,73.32655005669675,76.67227226502598,85.41132228443546,95.4163734882628,98.9274327950206,98.42386477018916,94.45515098890785,91.1991779469332,86.53910368446567,80.80347448235342,72.92300411833553,67.18643185372044,62.900906721573776,58.71577001599666,57.73709391292363,56.42506227633999,53.79791065036969,49.837074526903066,44.85374836855904,41.67217766539136,0.8916401947968874,0.452744699607371
2021-03-06 21:00:00,-1.0999999999999996,19.0,70.33333333333333,31.0,13.0,27.0,58.950853814305646,4.74216698099784,5.852972462160326,6.893314334901879,72.49320271485047,72.4904388016148,77.95594001320325,86.10301933402219,93.6471458532933,99.56638631682466,99.19493291616254,95.88260210450132,85.07488711838353,79.31751343967697,77.08771243864227,77.61495043082692,80.6467134273526,84.56919347858309,86.83658449680121,84.22064442260368,78.63180710966087,70.13012002923908,62.71265555380005,57.86836728879003,55.593544385830754,0.8992961915530253,0.4373400963303323
2021-03-07 21:00:00,0.0,20.0,52.66666666666666,25.0,10.0,30.0,53.97822093643319,3.770501988232223,4.460726165202385,6.132503238556694,74.65125689335835,77.87422482633521,86.84238644271875,96.8985486747406,94.48110211565704,73.02950503987131,64.60811330178967,62.42393714374684,59.38553063753646,54.102284917561896,46.646707900723165,39.14150577216902,31.709769160481954,27.94533511062079,26.22169279535592,26.94444154922517,29.10955308450512,32.61805150639864,35.01780867585505,37.608942607004295,38.26534908118615,0.9066860720977984,0.4218060770826634
2021-03-08 21:00:00,3.0,25.0,28.0,21.0,6.0,28.0,57.248771702946776,4.449645125254741,3.668936609631108,5.871555075763913,72.52372029688455,76.16433308879287,85.31597277317306,95.14147659514832,98.79779383734876,85.97093584616864,63.82746815968129,57.6060928176996,54.24741195667614,47.0641611520041,31.21385993573289,20.10081604824059,12.89060716065916,13.710692850264484,15.889387657098824,19.32575000031946,21.559279968509028,23.38224960287855,21.70515613895778,17.763537533926694,14.689342858654229,0.9138076496466616,0.4061472386305788
2021-03-09 21:00:00,0.0,28.0,88.0,25.0,9.0,32.0,68.58145714687922,8.206738166266677,4.113022958570737,6.532749124687108,81.05603180787053,83.93575283380045,91.11037270269595,94.37825830452697,91.58921816284688,89.94405757651327,90.10769261220162,90.96580600254188,91.39139910821903,91.20192680820792,90.84019137915482,90.36444469580432,89.5074203025379,87.96397243407124,87.40789153614071,86.35511840199146,87.10985450039522,87.72563513470728,77.78145142443041,61.86745611869892,38.459426681362096,0.9206588168102428,0.3903682146763026
2021-03-10 21:00:00,3.0,38.0,45.0,10.0,10.0,17.0,61.65903145776694,6.284456251488569,3.155820601070225,6.571618912793029,69.9756961224803,68.77135918130216,66.46880635305716,51.30994670038174,28.837067576635405,16.849029649919032,13.282289122494284,11.075137387681098,10.4505022275125,11.113901808587604,12.994568409440436,16.07177115058462,20.02345123786668,25.117227726724856,31.064735217520067,37.98235554780935,45.10895439550994,52.91427168748649,61.12896482104515,70.99585516541023,73.3385472130191,0.9272375462179536,0.374473674486883
2021-03-11 21:00:00,7.0,44.0,61.333333333333336,7.0,10.0,18.0,76.2321444120813,22.20280647639208,3.5908230739432185,7.664410509056255,77.7690963316293,76.50039366452658,72.08172223164193,68.5773454009457,69.95541778639799,79.40157725515233,88.80347439665215,91.42783924483638,89.23705288529436,83.17440842733289,78.31765222310672,75.74058003932512,74.43233146329398,75.813448298673,77.5930049800923,77.96151815099347,79.96374256962117,83.47457310288183,88.04247074403332,93.46570771418668,92.17807290418229,0.9335418911179212,0.3584683215124808
2021-03-12 21:00:00,5.0,36.0,47.66666666666666,30.0,16.0,26.0,54.1022197568872,6.339041521203644,7.1298671919673255,5.341479030123657,63.3033862502378,63.24467696276373,65.15803365761839,69.477436577217,75.83008379211469,82.40799703696412,89.29035743604102,96.93348455339134,96.4489359547784,77.4394379295203,64.58178114556449,55.80846934088586,50.39156145270746,44.959419452594446,38.03806432910463,29.09816731278828,19.66292144380879,12.293899361670636,8.07434958560069,7.197063718290566,7.750998543143918,0.9395699859530622,0.342356891994542
2021-03-13 21:00:00,1.0,21.0,27.33333333333333,31.0,15.0,31.0,47.20791252027826,4.063837743203296,4.130919643832287,4.9966762289177815,71.46152244548507,71.99453551214273,78.4639605534576,87.74913098285944,97.31476331029944,98.96669640912512,96.9853826091262,82.34552987130488,61.64520248855467,44.940143622005,35.379741739421995,32.48902316895943,35.46194817858962,45.34204556990875,55.30703902103039,63.55607623685378,69.22589217410238,71.1181675096635,71.54326234222094,69.62055193507071,68.57136932152325,0.945320046913132,0.3261441535642696
2021-03-14 21:00:00,2.0,18.0,82.0,46.0,15.0,33.0,51.24118377381559,3.288619161990472,6.95430431588637,5.691293708427436,76.39477470202796,77.26863410921597,82.55205037681101,87.19154009242466,89.21053490833457,90.9554059282889,92.0887356928001,92.71720644187208,91.97171233338902,92.86360568808146,86.65478608358885,75.96030001653565,64.31871157359987,60.69083191068604,59.5555702357821,64.87164478247688,70.81796659109341,76.07233894357384,80.20732467303525,80.4413710547611,77.42020630016678,0.9507903724625832,0.3098349038318025
2021-03-15 21:00:00,0.9000000000000004,7.0,70.0,38.0,16.0,32.0,47.03003063415498,1.8825166121852868,4.384922313194116,4.390848799427139,67.73760664805208,69.14175469555465,75.04321458376508,81.87203614484926,88.14872743824006,80.90137246745141,81.01789439994839,83.62281432066355,78.06454952948839,66.36912516605966,55.66199374378016,50.87855674161364,47.796158954819376,44.58469268147323,40.64376001327694,35.067089481539895,30.90416226703526,26.39557439140788,23.403015332969552,21.30785894527811,19.04383307455977,0.9559793438440766,0.2934339689665273
2021-03-16 21:00:00,3.0,21.0,42.333333333333336,26.0,6.0,27.0,47.20791252027826,5.737457761567367,2.211615167597097,4.209788994687334,63.37496336749672,65.26394373138486,73.59296710250308,80.87488934515649,82.28869919630067,70.16895769845173,58.111359361862135,57.81761545428395,65.39830935448352,75.83250130570893,82.81018848887189,82.12416908559436,79.35136050650428,76.86992963573377,76.31360093920398,76.550719704206,75.17247070095654,71.39008633776344,67.57225948201166,60.77700440979752,59.08804299024106,0.9608854255574976,0.2769462022689364
2021-03-17 21:00:00,6.899999999999999,39.0,36.0,18.0,7.0,25.0,54.55904636382432,6.622216771070518,4.803073738618651,6.798848232449276,60.90684162502078,60.62841242187365,61.75617872595954,64.50963391767245,66.1342062489981,66.33685446585976,61.297593629808645,47.44024221121966,30.95883514443116,18.012999926436258,14.77646711919778,13.227351971655692,12.856110896929165,12.745711629587037,13.830061650969869,18.069020201241432,27.589719129111952,43.51074376584485,58.18005361504886,75.0067490402752,80.7921502642635,0.9655071658143364,0.2603764827344581
2021-03-19 21:00:00,3.9,21.0,25.0,27.0,12.0,32.0,45.08106754784297,3.0995987157601688,3.329322877394028,7.2369479262712,44.02478322570737,45.55992844904952,51.15469061561346,57.35508695929612,57.53830321770565,45.77036520660116,29.97275456313899,23.088496072836488,23.61750102870801,28.08098142278055,33.91789641515645,38.694423429598615,43.018310102606726,44.78181695155812,46.29083461704535,46.93085787286648,47.510811021099045,47.5816740700281,45.12853406671839,39.252953695631824,35.72340831075498,0.9738922359149924,0.2270108209414184
2021-03-20 21:00:00,6.100000000000001,41.0,26.33333333333333,21.0,10.0,29.0,54.86049593887006,6.381087029133272,6.390585411919698,6.815676286176271,50.72730427828598,52.02222084460393,57.26174011531111,60.493045778928334,55.96304014152517,46.27723600774205,29.966278578855448,22.07059012767143,22.773538437005698,29.076848886197016,38.64803674677069,44.61341517283123,48.12222128753075,44.8033742723555,41.17520169124408,35.92865041017107,33.599216393562095,31.913253513464102,34.65624547352706,39.19286797474836,44.5417964972281,0.977653084481664,0.2102247521189836
2021-03-21 21:00:00,14.0,49.0,7.666666666666667,12.0,12.0,25.0,40.47957085382307,2.950108856580629,7.07943041831537,6.643357129647344,20.325380396186475,18.96813881457097,20.42100661365652,21.63192472668745,18.766576877666303,14.494816379979286,11.974406434980647,8.930816209076392,5.859706201085024,3.4840496332552733,2.7138654028613205,3.8377675717111206,5.529774332732078,7.588019999241203,9.29120496001851,10.776765443653966,11.437938146772147,11.764129248440812,11.065139403434625,9.496026831328262,7.485907927061584,0.981124629771712,0.1933764744102058
2021-03-22 21:00:00,21.9,52.0,4.0,9.0,10.0,20.0,42.67804302247883,5.0197136924277785,7.037355564721856,6.955742354105329,35.44353784455714,36.898567739978375,37.81925321202042,32.46802410455474,25.73928908563337,21.059501369971613,19.52085468486428,17.349875704323473,13.060030657524132,7.617021954878443,3.714013224993295,2.817727989795465,3.1248397084586923,4.270237820670016,5.063978834260484,5.538380938130313,5.124917851829237,4.015275415353424,3.70485435501423,2.65389675002575,3.7873887427927766,0.984305844499033,0.1764709734915216
2021-03-23 21:00:00,8.899999999999999,55.0,17.666666666666668,16.0,8.0,24.0,46.75238080743856,10.964892136483364,8.778758281646896,4.660314648100503,23.120165220806072,24.0213660387298,26.836214098520344,29.999517812350152,33.57847404799448,37.73245681976333,42.40106028382235,47.38686211452959,52.665361128956135,59.52028490567087,66.64895642728675,64.0928469132032,56.20018363453434,48.5794244382273,47.51402963442104,55.01181506826509,57.7450103424838,57.938832075623694,53.73110590404077,45.87144559025052,41.56353050259443,0.9871957872910084,0.1595132519726365
2021-03-24 21:00:00,6.0,51.0,80.66666666666667,11.0,8.0,15.0,56.33114444508583,8.995237962253416,7.12150564861299,5.570748653799883,34.1006441427407,35.206691135695074,39.01982858819263,41.31085099680812,41.94211885380475,36.46402328529509,27.828389332870383,25.07568549864167,24.63053192505365,22.787557790409867,15.492758674163692,10.429874800288204,7.612956756258432,14.013483688640036,26.82680390258475,49.72797181308371,68.18841367916663,85.0770928044751,89.34486949128556,88.942580013635,86.34508440875321,0.9897936029670716,0.1425083279161708
2021-03-25 21:00:00,-3.0,51.0,87.66666666666667,8.0,12.0,20.0,73.98451234978099,22.99292479230101,5.723264663167899,7.248949051710092,90.14759922155102,90.32477853412384,94.3876348205154,96.77987282094914,97.40296980352028,98.16873679152324,99.0302742088925,99.28722376201236,99.88765126420428,100.0,100.0,100.0,100.0,90.59938025361588,67.69024688385748,27.42963888236948,3.4603697726674367,4.796255067867375,5.564976606114498,5.315257170340018,9.184061581230882,0.992098522791769,0.1254612333527364
2021-03-27 21:00:00,-7.0,35.0,71.33333333333333,37.0,6.0,3.0,49.52340325255909,5.196040806802444,3.450218143760658,5.369640745312144,70.95297133144827,74.08716679978401,82.52384645620836,92.78654685110752,99.6886299572503,100.0,98.36651447463716,57.22765237448464,25.912017968228724,10.739504542658134,6.376501636470112,5.807772129602948,6.827556362438961,8.289689004658532,9.70697925556574,11.007293234953988,13.805008775501475,17.907113632185556,21.01317924678577,23.81865874829689,20.925660609215928,0.9958270335100596,0.0912607217293118
2021-03-28 21:00:00,-2.0,34.0,92.33333333333331,20.0,17.0,14.0,69.29385923859161,15.383923136061256,2.1691075679416736,4.594485198901186,97.38686065631391,97.37528446289828,99.3912377649754,99.732558572556,99.8235258889114,99.0611067626588,98.26377390599504,97.08628854687328,95.81342886432078,96.17848755808166,98.19188058530892,99.08804461414364,98.915439110494,97.5111505490073,94.72475880437688,93.144578484665,92.17509329298184,92.94192323871732,92.38247728340262,90.116904141391,87.98074058388869,0.9972495210773452,0.0741174251509443
2021-03-29 21:00:00,0.9000000000000004,30.0,73.66666666666667,35.0,22.0,30.0,55.536099138358495,4.867688249631729,4.197443113547339,5.757595281897486,70.36919989463732,70.60254239360148,73.35192877304418,81.42652014580113,90.52174247679608,96.6337103753301,96.04158553478818,93.43096124159985,83.63000135854598,69.33374891638631,56.98589814463004,44.86849941841524,32.80410402154816,21.69775335938467,10.897313267378957,6.224600169342018,1.3228543688740122,0.9406508833843036,1.277625669472709,3.173076352774582,4.778465894116417,0.998376906467142,0.0569521960340397
2021-03-30 21:00:00,3.1000000000000014,43.0,21.666666666666668,17.0,11.0,18.0,44.820161015758345,11.218366190412464,2.2131562177176898,6.397692559230808,78.14636914158756,78.7626695373506,84.43692360656733,82.05408515879759,64.01597320232044,42.85189227021685,34.80576117568891,35.24120464292708,39.02878500283325,43.843601523070106,48.158935594623365,51.813606529770205,55.52312304660219,58.85671532597891,61.56564336457328,64.88764435993082,67.05511614871114,67.88237831871629,66.28382124839665,61.64036855269259,56.22983341766571,0.9992088560679752,0.0397701138460557
2021-04-01 21:00:00,-1.1000000000000014,30.0,93.66666666666669,16.0,16.0,34.0,74.8814314109789,14.147111793131968,-0.1722720925341485,5.910122742152595,82.55734770717528,82.59508500012842,88.12413509834272,92.19833674424012,92.47800812778932,99.94590592669176,100.0,100.0,99.28134369443788,100.0,100.0,95.24895411385772,78.70532889745516,72.24436356247,69.14124211686543,71.9382605968586,66.29327649772684,43.57916612192568,25.89739171176994,13.22452531013887,9.36530248901946,0.9999855506507186,0.0053757315575838
2021-04-02 21:00:00,-0.9000000000000004,29.0,78.33333333333333,33.0,10.0,31.0,48.54550582835402,4.447164412520824,2.5243455505142225,4.717922718412516,75.50106328699849,76.47814772230006,84.96224291842174,94.83765494273354,99.57112515025152,99.20100896609615,100.0,92.47809328058088,74.86937175318342,54.13219163603716,32.6857201152999,18.651307839480832,8.058422155101677,5.769739829030089,3.494539884141207,0.8773097325268205,0.289117367933429,0.3377083842867072,0.4616083610134849,0.6654142417181103,0.5238609986286881,0.9999300657962056,-0.0118263906918325
2021-04-03 21:00:00,-6.100000000000001,33.0,60.333333333333336,40.0,8.0,30.0,39.498336966001126,4.569506032722013,3.1469205239587,4.079851507797886,66.3622963771662,68.55162354516389,75.73981639091105,85.1218705168488,95.49476593983674,99.34240596170224,92.12902717349957,72.20344706785812,58.07046996482516,48.82732346927976,42.00617268041299,33.55380732635318,24.199220617718307,15.380432218649808,8.67286537795382,4.420980200789924,2.74556156321787,0.8588927744819314,0.559159268757377,0.4513395790304442,0.3810692742440138,0.9995786855478958,-0.0290250133219752
2021-04-04 21:00:00,0.8999999999999986,36.0,78.66666666666667,23.0,14.0,36.0,47.59815530637304,13.56821528386592,2.830090427366128,5.282652305897336,73.00013308920052,73.71595332183487,80.22883534629234,86.73759625718675,92.83204001487306,97.10707022125617,97.37430609476256,98.02611518537364,97.881264785319,98.29563556926234,98.30789074862597,98.4870232714575,98.08142941320176,97.35906545420475,95.83903647846792,94.1385948672084,91.28531483248388,85.88049670354344,84.8041960660041,84.55467717806168,83.84569540560052,0.9989315138848576,-0.0462150469837083
2021-04-05 21:00:00,-3.0,38.0,92.0,11.0,12.0,35.0,78.78407930319881,12.52487612866912,4.584974424966871,5.9011305086288255,92.18324217763572,91.49107324931032,97.6625938799542,100.0,100.0,97.55993449154508,82.47595716513538,66.0196923788076,59.84796957930924,62.80219848252933,63.90917815188225,63.20079624790671,61.04058404555984,60.92296947205139,60.71483413729888,61.51917631782017,57.783360830285126,48.59268608505549,37.57768052884016,23.91066652046465,18.155001657928103,0.9979887423155984,-0.0633914048695103
2021-04-06 21:00:00,-4.0,45.0,84.66666666666667,14.0,8.0,1.0,73.3837237614641,18.132326354709303,5.21268951017737,6.2943979968655634,86.69274761427903,87.16601799280278,95.26285832726172,100.0,100.0,99.63661681390305,99.33865956680148,98.92867456085466,98.04345842930782,97.24864329833032,96.68483349639143,94.71667065454336,91.71145162840854,80.4305912127068,69.04248984192218,59.84808790383116,55.392483852165086,55.26003574466488,57.33906518123787,59.394267854826246,63.182881836064055,0.9967506498213928,-0.0805490042187416
2021-04-07 21:00:00,1.0,51.0,84.66666666666667,19.0,9.0,1.0,63.37890534324399,16.198719361021993,6.381635697470588,6.644808974115419,73.59748302983233,73.87432569616969,78.30199988791155,85.7298970351765,94.51519080670832,99.74019389240136,100.0,100.0,97.30655522595856,81.16651392227665,53.26492765221948,41.47705179639819,38.44487396992524,34.01338032210835,28.88279980724552,23.906383107548248,23.625037955406512,27.26699143673249,32.51231798099421,39.44974005240435,43.34928270315459,0.9952176027737294,-0.0976827678217159
2021-04-08 21:00:00,4.0,54.0,76.0,22.0,5.0,36.0,61.34736296835159,16.028563620891223,5.832475321781332,5.7275860936135405,79.2838151228386,81.59552379780818,87.48323988810006,93.50318208429302,96.7205094283354,98.4456096036595,97.91340834122772,92.22493847450716,85.33694014672855,78.57355878196294,68.86773951724487,57.71355648575992,45.55872847358561,35.77128541619955,26.578039884403687,18.71183587659731,12.691247790011264,6.716878636689752,12.904194588919736,25.969793370232374,45.53262315828064,0.9933900548258936,-0.114787625522127
2021-04-09 21:00:00,4.0,58.0,60.333333333333336,25.0,7.0,36.0,53.075888896656885,21.4335915734346,5.673730672675507,5.56952180766323,81.90555956688475,85.00356038430763,81.13443198234148,74.83969050066078,71.11543073196803,73.68799361888424,76.11199338720827,80.45456698708009,87.03988001560083,95.02864657279234,99.07420600593446,99.30920139693602,99.36583069826736,99.68732424285152,99.61974441052048,99.71789372888556,99.0003783000332,96.17486713136458,92.67326009673972,87.10326540242365,80.12508789513466,0.9912685467787256,-0.1318585157173911
2021-04-10 21:00:00,10.0,51.0,23.0,34.0,9.0,1.0,37.57967403026121,17.579194479598762,5.794962994654671,5.352855929182088,52.24303233693463,52.49183196696063,58.60756334044006,64.36618634356192,70.43313723481373,78.21469533577744,82.97366978778076,77.98894664285606,71.84958715055107,84.02311824303345,94.6778499649133,100.0,99.92042938917814,99.89906762662392,99.7983174319778,99.87834982327152,97.66450265929451,91.63796201993696,75.17880762149152,49.82506719591248,33.99207643033994,0.9888537064205885,-0.1488903868564548
2021-04-11 21:00:00,-1.0,51.0,28.0,31.0,10.0,5.0,48.016972517908656,16.642322358721756,4.05875989126646,6.393374961883648,66.62859009299892,66.78913620062329,75.01115035468781,85.04974649534584,95.93350808384378,100.0,100.0,100.0,98.94570809433742,93.04168328297968,84.91970931810997,75.91776295099946,65.43452609451454,55.631963094113104,47.11367730975392,42.44390198980884,39.63340897543441,38.47976170444425,36.04402244969784,31.37421864389057,27.06846106520949,0.986146248341595,-0.1658781989346314
2021-04-12 21:00:00,-2.0,48.0,91.66666666666669,25.0,10.0,5.0,58.17824393611488,16.812277508506718,3.7052793096654937,6.67180176532275,83.14056830332143,85.51950122479738,96.2367615999396,99.62443213104532,100.0,100.0,100.0,100.0,97.26055247328252,89.64319764966466,82.07104121569712,76.52191146958623,71.31640573275958,68.53649451158364,67.01116550738753,67.25493139531574,68.87166035462798,71.80957507642351,70.03426579011183,64.84974652916677,56.63384772705521,0.98314697372215,-0.1828169249850199
2021-04-13 21:00:00,3.0,53.0,56.333333333333336,46.0,10.0,2.0,41.137590975447,9.332641839439686,5.386223902778661,6.720186638712181,55.85101965472511,57.82412289462382,64.7164045406268,72.8387883736518,82.1834847651781,91.6631410621385,97.62092760603127,81.6328593475224,48.980053364566096,17.8467461476963,11.43324985938774,10.935028640612623,13.425289020232531,13.58475544758072,13.021598442606232,11.26024148648229,10.458742957291587,10.226628441724444,11.601119824373844,14.037028850948223,19.53586832687649,0.9798567700958664,-0.1997015525660636
2021-04-14 21:00:00,5.0,55.0,4.333333333333333,45.0,6.0,6.0,29.859808750612515,7.858316908863058,6.146725573583484,6.489172775592702,33.609793234077266,34.24515750059008,38.59434603243296,43.39932564863258,48.95033679428102,54.59942842344127,57.59961609017532,50.71811230037026,31.965533860704888,9.580609954036598,9.165927111567248,12.91390485605994,20.3305265981388,27.27080619868176,34.077290629792955,38.98423447962461,41.219409892395774,41.33876748365009,38.80825621470613,33.84345278684837,29.012586964707022,0.976276611086932,-0.2165270852448143
2021-04-15 21:00:00,5.0,57.0,9.0,53.0,10.0,11.0,26.63427482835779,7.421730701979681,7.000251196930352,6.725703947508498,27.30162654219166,27.47445692420746,30.77744340852319,34.75778851673637,39.05151720301036,44.23096240397327,48.016864611495805,50.60966553202791,48.41257108013956,31.20880687639552,27.55842025903376,25.68103608264472,24.255752105711142,23.53724640682893,23.246240410752105,24.11687419199924,25.294042925606387,26.644917860984428,26.64924329009841,25.0702678294982,23.95543855078089,0.9724075561219968,-0.2332885440754551
2021-04-16 21:00:00,-2.0,45.0,69.33333333333333,32.0,14.0,7.0,45.14741444059202,8.453115997000351,3.622048368314848,6.177679945358661,73.37927134060197,73.64633211625899,83.20308289586201,92.9190166556641,98.91298080646204,99.54674171461564,99.7694032754124,88.7089912561216,56.92481920957246,18.809133793865254,7.015989355312416,5.839404425260061,13.684585339872507,25.868158288851784,36.05202790819024,37.33400476260245,35.83112840949854,30.48498899821526,25.57549985744729,19.777321622815112,16.88267011757673,0.9682507501166718,-0.2499809690726521
2021-04-17 21:00:00,-1.8999999999999984,43.0,87.0,33.0,13.0,6.0,52.93678851797571,12.689596037398752,4.748795884189507,5.805394026124109,74.86290647490948,74.37128476469282,83.27122074941325,93.04190815843432,99.70717282475856,99.94534053542564,100.0,97.8961007613274,92.96301746939294,89.66966976524007,89.2361239293493,88.47086059429732,87.80392448566552,86.30892848434067,84.93889830738588,84.47612627601539,84.3516996889021,85.222104619473,85.78992162672475,85.82608411642609,76.99775228850622,0.9638074231367308,-0.2665994206792935
2021-04-18 21:00:00,0.1000000000000014,47.0,76.66666666666667,30.0,9.0,33.0,49.361977681747135,12.661886127123177,6.524312657620227,6.212497244700271,70.11438132795331,69.9268535536931,76.37250749147985,85.73081269230363,94.43033781946644,96.90391747297448,96.0232256427612,96.80336175829667,96.66864168710732,96.57318654491016,97.0640711858962,98.49089780595992,99.50149316857777,89.75715386447087,75.8565821374289,53.50420668006581,38.12124520289536,34.678143661430425,35.23216109145903,40.00513745976658,40.855449389563695,0.9590788900341132,-0.2831389812281835
2021-04-19 21:00:00,2.8999999999999986,57.0,24.666666666666668,57.0,7.0,32.0,34.14821654774582,10.745580873226263,8.649268845653841,6.025448399535057,40.4092295072151,40.28594310065287,44.64644593404756,49.984963496467245,55.638901503526114,58.08808065015568,57.45060788390244,61.720006676329845,64.72141507519777,64.88132873488298,68.04455267738301,71.8117345777532,74.61610353497976,69.29174769008574,61.87956035698997,58.84856977313569,55.53262752261519,51.79663536737602,48.05211547879852,42.98649135115679,36.73770060979179,0.9540665500578388,-0.2995947563972602
2021-04-20 21:00:00,-4.0,50.0,70.33333333333333,24.0,11.0,25.0,53.99275556510238,15.517987241170484,6.259546122971874,7.357735658812093,77.83589858707087,79.67636600892179,81.34825940744471,83.68815180575004,85.54713387664461,87.53958650430378,88.91240722196709,91.37533612000216,94.3001326040232,94.774871154037,95.8614892901551,97.370327721938,100.0,99.78253787391832,98.64925389528857,98.22243914054444,97.3807326592204,96.56131650240286,91.8212823287346,82.02522604230461,65.23935610106233,0.9487718864399473,-0.3159618766579029
2021-04-21 21:00:00,-1.8999999999999984,40.0,91.33333333333331,15.0,5.0,6.0,64.51853417070238,15.206216419075004,3.6605128336646016,6.656945565731189,99.33259254701674,99.3545277868713,100.0,99.38645852393634,99.34917916891304,97.0172318879417,96.99244650337911,99.24173851954863,99.8949970510744,99.45959406902122,99.38423864823376,99.81328900765553,98.01698954026185,95.45851909146164,92.77935462015569,91.92078673586288,90.50667803061904,89.09251337540603,86.97194367709295,83.29703829531117,80.67785157087852,0.9431964659565866,-0.3322354987159043
2021-04-22 21:00:00,-2.0,33.0,92.0,26.0,18.0,29.0,66.3380001573818,8.222331006621124,6.221274129816655,5.731748255837903,80.96105640695959,80.68848044647174,81.83037187437269,88.40776682923733,92.44295665264735,94.17557108695895,94.26516936534762,92.83947403506772,91.12402969769737,89.37413249457651,87.31105478686806,86.65424383301655,87.1400207418469,87.04055416936363,86.35956576671362,86.34895057913778,85.4897359268159,87.56243437161619,86.27249234419672,76.85187379711587,60.6401206693604,0.9373419384643772,-0.3484108069446808
2021-04-23 21:00:00,-2.1000000000000014,42.0,84.0,34.0,15.0,29.0,48.56876755380038,11.070465128721676,4.9620601459621385,5.218396462487728,72.72785355128572,72.91989393982911,74.19583925120321,78.20432077739946,83.02384382541636,87.83039442698342,91.09333574048384,91.74819447314228,94.03633531275464,95.09172055493408,96.35107006020957,97.2608071840078,95.16954305454762,93.3946999933244,90.78414674941408,87.86557678371538,83.40742897396444,78.96666777983103,73.7772050036425,67.56953187873754,60.94867838389006,0.9312100364121948,-0.3644830148102912
2021-04-24 21:00:00,6.0,51.0,10.666666666666666,39.0,10.0,30.0,39.16502483865918,10.811001381268497,6.215826843287212,6.622653095817753,66.23060493138429,68.33613704233595,71.13762596557164,77.88615726487056,81.3021844529238,79.06062443074946,75.38956452222575,73.10702251280392,70.99974665943726,67.5813848354483,63.23865725086802,58.54758824272229,54.66634037728022,52.68708492738943,51.155881595331245,50.94016777590951,50.19239216799796,49.09208682977852,47.784275339124775,46.068271156185645,45.005523131414975,0.9248025743285088,-0.3804473662878516
2021-04-25 21:00:00,-6.0,54.0,77.0,17.0,8.0,12.0,54.58319207123542,18.264211649157986,8.148548297590363,6.357410803816022,62.20724753770014,61.8663648735841,65.97285893050237,73.72593120539858,82.13792312311232,87.14407294044824,89.4405795143974,91.37436151034534,90.90340529748164,92.63117680126284,89.25484367452108,84.87645597481554,87.47457460766462,89.34577362134512,91.2125146971541,91.9648594560814,90.9786009716284,88.36191278202742,86.64076680073603,85.40967474886585,83.44770249061105,0.9181214482844364,-0.3962991372689181
2021-04-26 21:00:00,0.0,40.0,92.66666666666669,20.0,17.0,32.0,72.86817422182475,14.299803697949775,5.029102072155342,6.166960084515774,85.82193025519747,85.71836089106145,91.20592181361744,97.06528034830528,98.83351777325548,96.50294659887604,94.62928758073248,94.26911645178802,93.1692437801164,92.38365396348432,93.06822223930024,92.64169956235136,91.94342950284968,91.2668422420459,90.53771898215174,91.41594253388185,91.41539809114082,91.97304438840142,92.87124542182492,93.75798794974926,94.53623671057152,0.9111686353326632,-0.4120336369594263
2021-04-27 21:00:00,0.0,48.0,73.0,33.0,13.0,32.0,55.896288937760055,14.234392834096882,4.984924028516768,6.400267333003234,80.62357904708882,81.12672104040273,87.22456547745516,93.9087746471696,97.74192742207508,98.57374482150848,99.31514436534547,97.94875921059916,95.96938347898102,90.22749940748324,84.50900041878583,79.34910267840212,73.05922897322425,64.10910786441207,53.617590658990736,43.66569196160029,32.716328089608304,21.163714786184293,13.234043005627896,8.382923609205044,13.537165931270856,0.9039461929224012,-0.4276462092677746
2021-04-28 21:00:00,4.899999999999999,56.0,9.0,41.0,10.0,33.0,38.40384534716244,8.386203818543741,5.87083912203562,5.593947607250809,55.95551301686243,56.19877527603221,62.956268839429775,70.65986743250535,77.4017128450767,78.31107905080692,68.85700477331282,46.52012330423888,23.350354230333853,11.493383355910538,8.26308698611772,8.10500836403166,11.07935910473835,12.518068053287012,12.844684349137832,9.89305927307507,6.95812803611494,3.914478015829713,2.8325063289389307,1.973611253279025,3.094227999550888,0.8964562582905575,-0.4431322341826345
2021-04-29 21:00:00,4.0,58.0,7.333333333333333,39.0,6.0,34.0,35.73235998600179,9.013400724966187,5.729305672252442,6.438458621987265,48.88789843389176,48.576181766990665,54.34017474992168,61.20042825217814,68.49090052980156,72.97089452692165,72.01371370188987,60.03221855583316,34.023280585666484,21.192975612555006,15.434332096322818,12.00362975999936,9.982634752633905,9.437063303184631,8.953108851987233,8.35259839358029,7.670815432740611,7.055452148165411,8.686140641291756,12.8562303020681,16.560986955846708,0.8887010478292915,-0.4584871291400876
2021-04-30 21:00:00,-3.0,47.0,93.0,31.0,10.0,3.0,60.406080813372064,16.10717764909088,6.9964751954384905,4.845500164113727,68.33473645487918,68.49901029211661,69.82248111225451,78.21332690741262,87.62078728952609,93.35199216619948,94.30400470395348,94.3941409305678,95.74059067646355,95.14562229799296,93.00359081202323,88.0708192198296,86.55307220869841,86.57423790054543,89.52417005936204,90.31775377071132,90.56612353810222,89.22637303744273,87.96207274415822,86.86737679332734,85.01539050216516,0.8806828564301475,-0.47370635037968
2021-05-01 21:00:00,3.0,47.0,16.0,60.0,17.0,31.0,25.044322016436325,4.03346953697045,7.603896058165452,3.12493117734444,26.9224037825178,26.71070743061225,28.97632723576185,32.676003598895846,37.17786445141946,42.10501115048358,47.71906644062704,53.295406185791286,54.02766743711178,54.756671829166784,45.86615695835975,28.880580979904668,10.935329426622802,4.583015400392785,4.23700822249702,11.822151899515514,19.16977169899253,26.9716253122363,33.52366356837351,38.339820154023535,39.82128281184048,0.8724040568049612,-0.4887853942889926
2021-05-02 21:00:00,10.0,50.0,62.333333333333336,51.0,16.0,30.0,35.88537683865767,8.651568046158758,6.608164411145216,6.505469803780944,47.74679033825379,47.27080752023264,51.39464918510183,58.18665806812279,65.7713656103874,72.578469694963,77.93002883612019,80.6566460664217,78.38023924545377,63.864177902985496,44.25930479559695,25.63023300499701,23.134267092403583,27.19087395235941,36.00305058863211,44.19282973595469,51.33993091415786,53.47151905583443,52.948923061989305,46.91116900837785,39.73670297343938,0.8638670987837349,-0.503719798736334
2021-05-03 21:00:00,7.0,55.0,15.0,48.0,11.0,29.0,22.1767042849968,5.704094011899652,6.572246458733464,4.332088808556535,30.75699050664929,30.77643226905906,34.54896724288095,38.61716069040669,42.5846045809902,44.55977093665782,45.6512378461918,42.42779795921838,33.51713679322742,24.36198817395993,20.68524438884989,19.61271296930364,20.709797707837385,19.74973826034177,17.5392859578211,12.800385562308966,9.01243433451082,6.661337608015382,6.746214628943849,8.813157949518946,13.763336953471562,0.8550745085896932,-0.518505144391157
2021-05-04 21:00:00,3.1000000000000014,59.0,53.66666666666666,38.0,4.0,36.0,26.950873856462703,11.325726941867435,5.998561320069066,5.1903467545390765,30.779019376609547,30.683166581743933,34.30419219811605,38.35848089492831,43.04780954525047,47.89829713186894,50.633202680078746,40.57610770955735,18.94501267070796,12.064798467066458,11.54185953098685,14.472820932061945,20.7481018349223,39.333356136264285,59.66549643353369,77.16111337327007,86.23131404445628,85.8442522439148,84.60859115054001,80.59556278299462,80.68908284858894,0.8460288880917339,-0.533137056031809
2021-05-05 21:00:00,-4.0,44.0,94.33333333333331,16.0,10.0,12.0,73.28171316760088,23.56525206664225,3.2289440244981265,5.600666823575683,86.53962882100895,86.67958799641848,91.38474195096587,95.20831216431613,95.46079488887376,93.19592701649772,95.02155472507138,99.30082066287191,100.0,100.0,99.88417515212606,100.0,99.42945821563326,99.1429962071926,99.5668441558157,99.71357989702858,99.73359006710852,99.59514659863147,99.6411963356557,100.0,93.64716636327206,0.8367329140344921,-0.5476112038402312
2021-05-07 21:00:00,2.0,52.0,21.666666666666668,62.0,7.0,33.0,34.74470607625398,7.359204592804662,7.617188969596929,5.619703982685511,48.540064729636526,49.34540906554255,54.383678347736094,60.7497446939664,65.74179486921814,59.99031803270413,58.5747778186612,62.52524990487469,66.3323735632812,68.35697732817646,70.85013201244035,59.81804413064032,41.18204918348725,25.086643219451304,13.18514173911311,7.516495692574256,5.699717863462902,7.128370435450197,7.919512603071728,8.538025633396835,8.819562485887236,0.8174009818249189,-0.5760691233798758
2021-05-08 21:00:00,3.0,52.0,74.0,46.0,10.0,3.0,42.67804302247883,12.32899235775924,6.23750280435262,6.356936389038176,74.21907465096913,74.5848229503902,78.11416630358381,81.9244550971688,87.72881537553845,92.54019389265882,96.2275512264214,99.24965409997088,100.0,100.0,100.0,87.26270925410337,60.33255370153197,32.83969063022022,14.58466928437208,21.417903406139384,25.422917266602145,24.076846031708456,22.163040699266045,19.042874280655777,20.72055227897585,0.8073707443023492,-0.5900444739548627
2021-05-09 21:00:00,0.0,53.0,59.333333333333336,49.0,10.0,32.0,41.137590975447,12.166866373908746,7.93382049711425,5.677133660302137,58.59793167994302,58.57935735279229,65.38750329366874,73.49623053225369,81.4765558125089,86.99812632195936,91.93607601370736,95.01202577184569,94.25887261689678,88.99917426008543,91.25225111595384,89.9024462515415,82.29971145537107,57.1421549740958,36.48869465793688,32.66794074043691,34.398345906944414,44.338465755374976,52.469949115109216,59.0008626572423,56.1990055215645,0.7971015927871943,-0.6038452208771035
2021-05-11 21:00:00,-5.0,51.0,84.33333333333333,38.0,7.0,7.0,56.33114444508583,13.933996953389627,7.6434810900328305,6.9254270473748685,61.46250393136632,61.69842584335839,66.04992484478943,71.46889665318412,79.55249589078814,88.31401980161029,93.4562663926429,96.65759085007276,96.27530054643636,92.85063918180558,88.26477106288107,83.09485563099807,79.84444029377616,80.29452556112815,81.89229976053217,83.7469740976786,84.80454771473276,83.60650456750108,83.08398364554527,82.70180627493218,80.51992375997834,0.7758587728069828,-0.6309066211876704
2021-05-12 21:00:00,-2.0,51.0,66.33333333333333,53.0,11.0,34.0,40.80947479114282,11.4484223456943,8.028064047175667,5.546957814263855,58.60052375636121,59.87472616144167,67.48217043057309,76.47775943852201,84.39403253395945,87.18749104213617,87.54404717837143,87.623783224298,86.80946225486785,86.65357065958264,87.9159259209109,90.55931551000536,94.42649839624843,88.55883440409397,83.25733654612641,81.26251001027946,79.40148363688233,77.32771826400125,75.30641319841132,73.37688449907598,72.52350726034332,0.7648913904341226,-0.6441592666722685
2021-05-13 21:00:00,6.899999999999999,58.0,42.66666666666666,43.0,10.0,32.0,38.730744915729446,13.40501016694176,8.249960896294294,6.55344675165583,56.833953270669845,57.70433943660728,64.73422114038017,72.34192563106707,80.83906619452385,87.13762453671076,91.95993545953304,92.81863604658948,91.115242187124,92.83658380855388,87.96813797555848,83.49338505888363,80.28603141522433,84.2341403192359,76.67349995568989,45.6894420321448,25.093605728158018,11.517057441665264,7.385731160236197,9.740891861868883,14.139659375719315,0.753697664392914,-0.6572212950663319
2021-05-14 21:00:00,4.899999999999999,58.0,3.333333333333333,59.0,9.0,33.0,24.634049473219,6.908648020356472,7.546804387378707,6.896901921164498,30.7069300463925,31.788403181096754,35.48317543265859,39.808477066731946,44.57043846849283,45.11455206285,47.4811690691406,49.31592839132929,45.13391133052049,34.83486341240368,25.4804864486845,18.308930814341075,13.328924907903737,17.102444804135615,22.27813242488933,30.08770815682881,37.24317169368112,45.33475800264949,49.69074589482421,52.17134718330016,51.13831193574436,0.742280907086982,-0.6700888411055113
2021-05-15 21:00:00,5.100000000000001,63.0,40.333333333333336,46.0,7.0,19.0,36.545992074848485,13.721085870787071,9.40193839582525,7.116669415890182,25.451446358932284,26.11120895247969,28.935078508518814,32.23434762018742,36.32589588518055,40.898463344441446,46.44489589207837,53.18066888518621,60.99757754861178,70.49187157788472,81.61783217249531,86.62517752955065,86.404817427,89.56033667396629,92.96896484882944,97.4332673887501,89.55993487241271,71.20491473412024,55.15776565523023,37.08421815772116,28.802180997812588,0.7306444969184916,-0.6827580970759147
2021-05-16 21:00:00,-3.0,62.0,56.0,43.0,6.0,9.0,40.957938422723934,15.565808501434237,8.931982950895826,6.8437043415678565,37.70151952908895,39.52576874689257,44.21051532593823,49.39951152632829,55.24273056940727,61.76184153076463,69.27314685698349,77.89707088446511,83.82165549698385,86.06300123034208,87.00489230458778,87.48041925702186,88.12304415385327,92.2476408619321,89.91277724992518,78.90368107037402,65.89981908994628,52.35309566704086,46.30693484781276,39.7534160779645,39.81443139606654,0.7187918772884232,-0.6952253139408722
2021-05-17 21:00:00,1.0,66.0,46.0,34.0,6.0,18.0,43.226431411633484,17.108061664471837,8.720973752618649,6.9806728766258415,38.791605690377246,40.77294834219792,45.33225754868692,50.955633249995735,57.327698673964576,63.74628198517066,69.9052494207295,75.41145985198962,80.22440486559404,83.85938677757918,87.12449801303814,81.1586344488718,73.77658688122646,78.79495903979097,85.15942170630902,94.27137300878536,85.84095412923544,67.54729997240125,49.23975560612212,26.378878170004533,19.671497338359387,0.7067265555776158,-0.7074868024503348
2021-05-18 21:00:00,1.0,63.0,47.0,51.0,13.0,33.0,36.545992074848485,9.445492011830556,7.327650469250458,6.99362370901681,40.555834702685694,42.2381643252843,47.01372477229872,52.38635515270703,58.56974735239655,57.19293594947816,59.82681293115786,59.59596885563944,49.720445843739945,29.97678095346109,12.08828064174279,4.543011563984858,2.7194223390396903,5.479011034490349,8.136310162362403,10.381595034877355,13.841694626412604,18.636540563284555,23.976040851794387,30.96320138749013,33.60893277398187,0.6944521021088763,-0.719538934232584
2021-05-20 21:00:00,3.0,76.0,55.66666666666666,37.0,9.0,20.0,38.619841064158216,26.29444461559518,8.489416887042404,5.968923090104801,38.91893140207938,41.79804698637987,46.52337976893262,51.48301284745802,55.93584587368415,61.295814700321,67.03435804787135,72.7156611606662,78.33627115119415,82.20484068757737,84.51562859243799,86.34306977237223,84.67620559301488,77.56821453572867,68.47686896345004,59.1472141784737,61.55563275332459,68.9051176142039,78.30703721809647,90.16240044814708,85.08726978456511,0.6692903895412567,-0.7430009249440493
2021-05-21 21:00:00,1.0,76.0,71.0,24.0,9.0,27.0,53.6895020662446,35.02175215160331,8.194207013348564,5.053522027094199,48.57393939788811,50.29708729797151,54.33483641608882,59.23496443731358,64.01130841107523,68.47192371813196,72.88825667111286,77.39852030749273,83.38277194754568,89.59644031947431,95.23511812428406,98.5668702229889,99.9720190671674,99.41430929923328,99.58053801972848,98.02698376641116,96.49600838521424,95.59163316873088,92.537327349746,87.4490197904386,82.84116979501147,0.6564105761979381,-0.7544038410927472
2021-05-22 21:00:00,-5.0,76.0,56.0,39.0,12.0,30.0,49.95470109719074,36.694167382440384,6.141639873858615,5.580243741405018,82.23265914482003,82.46645660413914,86.91264198877674,87.43918695477049,86.48155041071178,82.58296100535476,82.13144663902385,85.43308738005825,87.5887978840389,89.23854296957117,90.23855193066748,91.44710276127545,93.07275595333115,92.17877645200905,89.56041855250434,83.69364909362208,74.72540618429932,61.39120325243462,48.8771729088448,35.76797758182208,27.510041557552327,0.6433365204044917,-0.765583517007675
2021-05-23 21:00:00,-1.0,56.0,63.66666666666666,66.0,16.0,35.0,38.40384534716244,9.464333311328677,6.932872553401598,4.911947933451178,47.44424338191139,48.00280381602067,52.43445530997787,58.531432669276725,65.57506675404626,71.45039800244987,74.36151058825737,79.1434645314885,86.10378396205603,89.30747215888499,79.82656965118336,52.22269811320652,16.771311309268945,6.527576023673143,0.118580594312551,2.2373775822085493,3.085855545941175,3.0179098504840405,2.009542205316841,0.6201800854848243,0.59161843961225,0.6300720909843687,-0.7765366444428655
2021-05-24 21:00:00,-1.1000000000000014,60.0,17.0,55.0,8.0,26.0,23.92072286758129,8.261950729517688,7.063995601688017,4.6907392317012215,31.228521475715848,32.65359225656158,36.52746411951633,40.82583633532252,45.51498582925396,48.86413520852384,49.83605128396998,49.22093599657744,36.66195411066784,17.032027676410436,13.791440632866347,16.539847008788563,21.61551388041276,24.245770037989114,27.066491489032224,30.490911263347886,39.286238776210965,52.09833120154759,62.69846405564681,74.10767893569403,76.5660601251005,0.6166212130956382,-0.7872599821916922
2021-05-25 21:00:00,-5.0,69.0,60.66666666666666,24.0,15.0,24.0,50.76859033508071,33.30229694813389,7.122938123824223,5.571110665963648,47.37879234002238,47.385724794288016,52.23751146399104,58.47255199174501,65.91343727241045,74.85987146614903,83.38799955534856,87.50802106236867,88.43352766316158,88.65600249933443,90.61010631876069,92.8201851386017,94.41336830941758,93.60641180496062,91.39600560589768,90.17146675059372,88.46983956178559,87.64068291891601,87.21632577975666,86.47422669694878,88.99996887605624,0.6029878670694714,-0.7977503570459932
2021-05-26 21:00:00,1.0,78.0,48.0,32.0,15.0,23.0,50.24798102507268,37.37859870153826,8.14755687585382,5.646254643148964,47.70456495226896,47.84755625545333,49.46621230142704,53.43156042559717,57.99494644768807,62.72851332438005,68.46307006214293,75.47437361301817,84.03874517051177,90.4456776261398,90.01357269944806,85.92371366005393,82.9154691875765,83.05608915776268,83.88047435180438,83.45773285080917,82.76586967373453,82.25018217751844,82.14528074004302,83.1603793020455,84.19321341085883,0.5891760872322963,-0.8080046647350754
2021-05-27 21:00:00,-1.8999999999999984,52.0,17.0,63.0,16.0,31.0,28.149686930960367,6.404043817431272,5.207374969114838,4.535092948721298,44.610016205999536,45.69025712906375,51.78853564277074,58.72118346979447,66.2839632241345,72.41852761967839,78.74180586476804,86.79493029850434,89.7334180805115,78.4216353389042,47.72718813090806,23.859291349532217,6.090596826089849,2.4010388947613195,0.1672963879885031,1.992772107946843,3.12264785150756,4.302422907459688,5.106577509275632,5.75975572995812,8.335494053334394,0.5751899607119775,-0.8180198708443175
2021-05-28 21:00:00,-4.0,52.0,23.33333333333333,68.0,14.0,31.0,24.75060930723008,6.259625415386816,7.012362803955531,4.123844769548655,40.42720592193867,42.35326892103469,47.86320678843691,54.33386716565648,61.27894508800522,65.36007268190883,71.75429757014929,79.38070843731471,84.230308117019,81.84716651502885,63.27667439403611,42.69582663987015,25.340043665087546,21.50026226913017,19.112764160626107,18.267058998220936,16.624220895136112,14.31083568177764,12.535402766066015,10.525165809927223,10.776005312052728,0.5610336262283677,-0.8277930117131022
2021-05-29 21:00:00,-1.1000000000000014,58.0,33.0,65.0,7.0,1.0,27.93368507115937,7.62230257634919,6.755855545967385,4.870059438443206,33.205297911851424,35.51095633395893,39.921888987091656,44.96532159864336,50.9519595453486,57.81175680005277,65.31038031929504,73.61386356740107,80.16843560225321,76.74689051986043,50.3735416950957,33.39764756431569,21.705221705465853,14.436587351124894,9.56256726170153,6.706969599414525,6.175588191380062,6.497083321532961,6.750941559149997,7.075501904365702,5.840717530094887,0.5467112728685939,-0.8373211953118121
2021-05-31 21:00:00,-1.0,52.0,94.33333333333331,12.0,6.0,1.0,76.95835189404563,28.479552760341083,3.806463751201689,5.524879954198919,90.95770416623756,94.3967369233212,98.66842080179512,99.7850946083691,99.92216610378422,99.9839052183223,98.95026788231203,96.92480358624069,92.88574023861118,90.58422456990748,96.0441849851414,97.31612217881374,95.69411111100813,88.65679239736647,86.0148126475184,88.74504635792752,91.51801829079758,93.7436982395992,94.54779279936643,94.28819716876134,93.45600174183062,0.5175855102531889,-0.8556314858488706
2021-06-01 21:00:00,-5.0,67.0,74.33333333333333,39.0,12.0,26.0,43.38394206221143,18.956216636011565,9.0304341752632,6.422646536689509,39.29565595677526,39.64125747743931,42.5390721149039,47.02669151486495,52.17725155507973,58.12916008687048,64.52918246211266,70.19089815507381,74.8986651044411,78.55994312101524,83.65183746764434,87.67972332758211,90.78560604282066,92.3393864319332,91.88572386792644,88.42081562769081,80.19903972656562,66.6030954235732,58.81178685040791,52.40711635750465,59.518766747153016,0.5027907197793043,-0.8644081744776648
2021-06-02 21:00:00,2.0,73.0,25.666666666666668,38.0,9.0,28.0,38.1466996737977,21.205944673779594,8.68825182260369,6.121195356718898,40.13341399259812,41.23142462275693,45.61490362104873,50.615437518374,56.44821373747361,62.85534630327759,68.83049006205782,72.30388429011771,73.45497470167042,73.35338159951938,77.88455211566824,79.34024249127184,78.49250328327605,77.83524775747938,74.71699286826258,68.73733713340884,61.84068732923376,52.86616673208765,46.14778330588668,38.07228052226816,35.05175671559993,0.4878471454423119,-0.8729290708206411
2021-06-03 21:00:00,-4.0,65.0,86.0,12.0,9.0,18.0,65.11877527904618,34.212420333689025,5.8488391241440025,5.550856612906106,89.69797663815716,89.83787951030621,89.8207157504038,90.1702196875378,91.32228793204604,94.09706494987525,96.842250864067,97.13802158313877,96.97600460204384,97.26105289347475,98.95567855730492,99.53965335031177,98.80005581934,98.788920521188,99.07239777353152,98.99464353967824,99.66926378739332,99.57990725271016,99.3934341351606,97.6122342928298,95.02002232142893,0.4727592092862775,-0.881191653407483
2021-06-04 21:00:00,-3.0,73.0,42.66666666666666,45.0,10.0,27.0,49.51100320358757,25.748811083366764,8.01692095828019,5.637051550913467,56.39841664227024,56.57052029392354,61.35536603397728,68.60633041789389,76.33699629280966,82.34774450258381,84.55409456414188,85.84113369719688,87.95177021911165,85.28095610780446,78.14565026953785,70.76314904294127,67.40795292848341,67.08062891472873,62.78088389634036,43.016590471538045,25.850712010522813,13.180644616175918,8.258571543838586,11.559571588183086,18.95869531035252,0.4575313760742512,-0.8891934772070711
2021-06-05 21:00:00,-2.0,74.0,68.33333333333333,36.0,12.0,25.0,55.370380068334434,35.45160768274941,7.234512110773974,5.844940690831132,59.15352479866214,58.85875525542145,63.13335883399191,70.20861710764326,78.40667463654906,84.56473581776712,86.60997605298118,86.34410928405562,88.16206882089602,89.11607849478827,86.32127497953425,80.19396926460027,72.52304768318322,77.42618534815307,89.23657918851991,91.4587139839416,87.93377857842334,71.86195094918773,54.3141552662575,35.7170823784271,22.819573792029683,0.442168151967072,-0.8969321743510065
2021-06-06 21:00:00,-3.0,76.0,32.666666666666664,44.0,6.0,24.0,43.164723830282384,24.999606532749727,6.229626540437328,5.00011647498047,56.93705599589434,57.63872963537682,64.09849142185638,71.71797950294531,79.33815512164507,85.86659084087114,90.4379269535335,92.6105439686749,90.36938978991977,83.71756683826422,61.81259293042498,39.59198287246242,19.04067157002665,13.552204949814405,10.874645137224896,14.45600491907727,18.84334739815899,24.24421489013244,27.828856901409686,30.588884609214645,31.809200048118253,0.4266740831899246,-0.9044054548343
2021-06-07 21:00:00,2.0,88.0,10.333333333333334,54.0,16.0,24.0,37.69800448669148,29.489231170815323,7.432583998094145,6.297312717333169,41.891357153970624,42.1683347370356,45.12761285038806,49.606979395317445,55.03598650060844,61.057318277313854,64.47303782311192,63.20834761547511,57.77076286327848,48.61366856233207,38.35471341080338,29.14027395053005,22.26907881914782,19.97542030362217,19.68102372594621,24.42882482605586,29.61317156627463,35.224234679449715,36.60437220074083,33.95945715343562,27.52392429324077,0.4110537546870351,-0.911611107193024
2021-06-08 21:00:00,1.0,83.0,28.0,41.0,12.0,32.0,33.06941065438507,24.658327599090363,7.318075582692324,5.005066591221128,42.7524421952706,43.32561240801744,46.919434471903706,50.67024361557517,48.91421665492695,45.34768160075331,45.02578713063791,46.67900665925343,47.93438811415875,47.81869952728427,48.10510435665105,49.767645479734426,53.37505635054725,60.01481318860065,66.29294268254363,70.03882754394816,68.25040929215905,61.436273956938216,51.17036911140108,37.38263696523324,28.14827203434006,0.3953117887649151,-0.9185469991587164
2021-06-10 21:00:00,-3.0,61.0,16.333333333333332,58.0,9.0,34.0,24.074065578611425,5.786843760126295,6.694126916885078,3.621184696466064,26.90794110313966,27.723201733379376,30.834063601765905,34.41120177636785,38.416319623675896,40.01183167354408,42.93761941773861,41.14625863502657,29.55236024803093,12.318161444290078,9.390660328857887,10.043464555423506,12.76030644178047,17.70791662694598,21.1351576484807,22.600765757419783,19.35642217634711,12.881597491745495,7.590468486506924,1.7093255118631585,1.7701525395294453,0.3634816124829063,-0.9316013725767188
2021-06-11 21:00:00,1.0,67.0,35.333333333333336,70.0,8.0,31.0,29.36334558866245,15.083560866581792,8.783985654140235,4.849957328030054,39.60436041776597,40.19976471742409,44.56845812679469,49.90024561740774,55.96998391167991,62.902085160169285,68.73566965497292,72.46858739411655,76.73585440623091,79.52983262162134,80.54858315070754,82.99357777734386,87.81695331536727,89.3432422734838,79.32755120137517,49.381105501974254,27.75595630299244,12.455938374918178,9.248063493100362,12.707825899859532,17.43055654746528,0.3474028211842774,-0.9377159910299092
2021-06-13 21:00:00,2.0,69.0,7.0,58.0,6.0,34.0,28.525241231896352,8.017180323823771,7.119912091409169,5.263289916190074,30.87476849730983,31.079594749444944,33.97369673814135,37.823832306626144,40.21277048327672,40.2009500001242,39.876876518021895,33.923719029916946,22.91359614680749,18.58769074184568,16.274607037916827,13.858284069854928,11.27322412053483,9.61724488198965,8.358966047402367,8.38852056791576,8.602056448147396,8.824014661562313,9.414375312583696,10.24533204839566,10.6856700761591,0.3149416207289519,-0.9491110448902284
2021-06-14 21:00:00,4.0,68.0,82.66666666666667,16.0,10.0,19.0,52.54132558106587,25.765758860540497,8.294082609463542,5.389317970168049,41.3398723308168,41.71986247965881,42.52761512198814,46.51174670056365,51.24460614523503,57.31763834504932,64.18563907155584,72.38245276200854,80.00113533447465,89.31463808932533,95.44916364823293,98.5106371635288,98.01962476155413,98.58013413875092,98.83321058769916,99.2080331627421,99.57281351149392,98.52539716956775,97.61072549803444,96.88246814304642,95.86306471964278,0.2985688173637202,-0.9543881083175908
2021-06-15 21:00:00,-3.0,64.0,81.0,13.0,7.0,20.0,75.22266484350234,29.59478789981886,6.08015498395562,5.938663552978984,79.9662068846234,79.7880413910884,81.10377169569595,84.10374047995742,89.30543575992156,93.38672648195345,92.17588001710097,87.1701479144774,82.80911283038985,80.83126346972774,79.35102758553747,78.76195136889037,79.89168976900446,87.67118620428431,94.13224425672138,74.75239205373285,59.39499437464151,53.224820408607975,48.94998878943098,45.2519285964229,41.33620047597676,0.2821076626819194,-0.9593827529490744
2021-06-16 21:00:00,0.0,61.0,41.333333333333336,37.0,12.0,29.0,49.566968220769056,16.78352320823848,7.634273697679911,6.965706541340818,60.52639605237032,60.2023501319332,65.54120770388145,73.21614172557436,76.72634508859913,76.88322005821793,79.13854408486056,80.12726811141057,81.94330784241366,84.04595742051025,85.70852469740477,85.30471077050224,80.18933220478701,76.71137277749315,72.60421373048726,68.35135951411186,64.17426715722982,61.26402296513048,59.27337807757306,57.626180671303175,55.66527240671258,0.2655630278040559,-0.9640935007889756
2021-06-17 21:00:00,-3.0,64.0,68.33333333333333,41.0,11.0,28.0,46.34538974472218,20.03091365687601,5.779516653939369,6.266509062095556,61.57133386451877,61.8575490067434,67.44257993921657,75.01702898554737,80.93645447080962,83.41330039188473,85.08037635886484,88.43313664061115,92.6710893410928,92.4825388181017,82.05234984295475,67.94640395859433,52.599576782727006,46.56738241891512,42.863881948992855,45.37153876313052,46.43082044214674,44.97384116194958,41.36845825964477,33.89470938121233,29.93706424036828,0.2489398085537665,-0.9685189578512204
2021-06-18 21:00:00,0.0,77.0,36.0,35.0,11.0,23.0,34.65987594830195,26.92384983706156,7.769969535754972,5.576189509241007,36.35914927009896,36.85436675890954,38.28053689981143,42.24767753676979,46.86631587633827,51.80540543608471,55.90206603486912,57.29338600086113,55.54280659388212,56.18225102995578,64.88561925119478,75.34010585627409,86.1232295477042,91.84992661549266,97.30713664073537,100.0,100.0,100.0,100.0,100.0,98.51983958637408,0.2322429240090701,-0.9726578145718654
2021-06-22 21:00:00,-3.0,61.0,81.33333333333333,20.0,9.0,33.0,59.96347060974499,30.50066899536624,3.963165657073821,4.858673942369113,74.28446907286389,74.86553357719666,81.28540754524258,85.8850461920594,87.74938296500213,93.2782617229052,93.1292082426574,84.56564535355429,74.23021544344543,67.67562062476235,66.74581319301129,70.02940796993947,77.59676302573236,87.05141054607932,95.89794141083613,98.7560193758499,96.70144344328604,88.36854753438365,84.98914511688346,84.63602468814646,86.79610926505505,0.1648178466571979,-0.9863240225317866
2021-06-23 21:00:00,-3.0,64.0,18.666666666666668,65.0,10.0,29.0,33.91516526462245,12.78637926734866,8.483495218332262,5.414107440435604,42.87648220075408,44.473505046881606,49.04831807173338,55.09390673109444,61.89343675409283,69.64965126666253,73.06219765590937,77.26882821507486,81.37885534533105,83.85699148493427,84.08347103155621,84.28520543466018,79.63971419713498,60.22660823655189,40.48187536155911,22.03814480780401,14.38535006510473,11.109791241285528,12.215911959039968,15.406808104142108,13.426854907883309,0.1478271334705304,-0.9890132145779884
2021-06-24 21:00:00,1.0,75.0,9.0,49.0,13.0,20.0,33.061422404276755,14.060419235152558,6.5486170163851245,5.344861829052112,35.756685741756215,37.23518098419848,40.90332871123889,45.4267513812847,50.63898112976697,56.11403517494089,58.734401125905386,56.20712666634461,45.49689035752324,33.36072129925768,25.54165707705096,20.511628953884344,16.574304224402674,14.882507345746978,13.5294603198708,12.43865723795814,11.417031027112516,10.221776019683842,8.844503696126162,6.966275094524716,5.065277621891814,0.1307926758567592,-0.9914097417023038
2021-06-27 21:00:00,-2.0,78.0,88.66666666666667,30.0,12.0,22.0,66.6367864988586,44.78487724504287,6.830377339391546,5.329217847337272,60.50013269021838,60.606448919289925,63.74128940976007,68.54603349859416,73.52752219842623,78.20743459206369,83.18291847519666,86.4192823756287,85.0755028666747,72.7330010987303,60.81769643771426,54.96007660213193,58.06603191809464,66.59524178119976,75.14084750836798,78.00960232356654,78.36236498772028,75.93054218444442,78.22774223101322,84.1694381069543,85.95743110646987,0.0794772999236209,-0.9968366760893436
2021-06-28 21:00:00,2.0,76.0,64.0,32.0,4.0,33.0,59.7524116708861,38.35209211799065,6.529842049711822,4.833278740458844,60.13272569300947,61.880982083659205,68.54346961099583,76.25632309752856,85.07103110834323,94.39871587181516,96.9431230629658,96.08703207784252,95.29750298641692,97.6644762936428,97.24685598207232,96.14056374170218,92.32159637834016,79.19126159102304,65.37684206654477,52.5221575178616,45.8532004048313,43.267692465185206,44.43193201624028,47.220978278090406,52.43268549694372,0.062318379354325,-0.998056320853012
2021-06-29 21:00:00,-1.0,80.0,52.66666666666666,38.0,8.0,30.0,50.5392550224599,34.04571126926399,7.980737728433072,4.592243543945349,54.14915882764997,54.88910811651245,60.10914866421098,66.40261319383234,72.77078203873427,74.35816663424113,72.43148791031018,71.03915999975675,70.54514359897232,70.23639222202074,69.95492385052965,68.01394222480879,64.7785507147384,65.22197556470871,66.02340285440312,66.31357133589225,66.40531267532265,66.13538406530895,66.87843725702885,67.89445704764681,68.49853213317708,0.0451410177739719,-0.998980624694158
2021-06-30 21:00:00,-3.0,70.0,90.66666666666669,16.0,6.0,35.0,75.76630560203299,39.56044128485176,4.961843612152595,5.704858264636775,88.67435276941613,88.45784300347975,96.93875074195785,99.62489228017122,99.51562709595387,99.67880482503216,99.7628535137559,98.59726485543088,94.72550088016692,88.87681305260163,86.03042635271206,84.66506236416936,85.38065464531363,86.78628451703221,87.21907337700986,82.98802903650414,79.74511276489773,78.12979329619822,80.87233062752335,87.85423727427614,89.34396944189594,0.0279502982402103,-0.999609314096404
2021-07-02 21:00:00,0.0,60.0,90.0,36.0,9.0,6.0,55.45146603161324,20.31807550299675,5.125267475081295,5.729758574138965,60.826245368222885,61.71807200114158,68.3547573988094,76.38729711925511,85.63669205827496,93.2972444203756,97.27937755582562,98.2556002784674,96.55877751022304,93.77291807481708,85.21130594222066,72.07197839239204,55.88008366288224,44.4101740465731,37.271677238093964,38.67074672176589,43.78971192390135,53.00866346047478,54.61966511944776,51.28057108019628,48.00957018786177,-0.0064508641981051,-0.9999791929590824
2021-07-03 21:00:00,-3.0,62.0,78.66666666666667,30.0,8.0,8.0,55.73631566879558,23.404712751499925,4.260329300920949,6.184722261249937,78.34251967847618,79.2955401874683,87.48182470682197,90.17719864566872,91.20821076254028,95.96572890206168,100.0,100.0,100.0,99.21270526334844,86.6411810005264,69.31937155450014,49.38004977170877,42.562363151369695,39.25489845057285,45.46602138268753,55.13506832800603,68.54048597595987,76.34464880509424,82.71129219078934,87.53090842614084,-0.0236511272452315,-0.9997202729664084
2021-07-04 21:00:00,1.0,67.0,70.0,40.0,7.0,3.0,46.80934122332366,21.106725720586944,8.254070671675867,4.288717810038288,48.94164184622037,49.39254399571328,54.46364587406265,60.702912603613136,66.73440168572287,71.56825191362422,76.08502304732897,81.33631242980334,85.6945884974913,87.95693645171878,91.88763332080931,93.4460965365281,90.24952109780864,76.75766879491546,62.37353382938272,51.047524918891874,42.262165018545325,34.82073290679629,30.180423403514684,26.36992529914912,25.6098854426845,-0.0408443915432961,-0.9991655196610107
2021-07-06 21:00:00,1.0,77.0,66.0,31.0,9.0,24.0,64.24102387606231,43.77645875871397,7.264063691031027,5.437453235230155,60.107020415910775,60.05827936488769,64.588409298511,71.37054911452088,78.21261632714914,81.19408928883723,81.66404197813546,83.28516012552022,88.56180702616713,94.6107935793984,98.0872456563304,99.62192644343467,98.41002302623907,94.08513817859074,88.03648555062115,84.12925797937231,79.22122438138713,72.36278022281111,62.124143018962016,46.58196158245387,31.20390634141212,-0.0751895764147585,-0.9971692572470178
2021-07-07 21:00:00,-2.0,64.0,46.333333333333336,46.0,12.0,31.0,42.91004821211931,12.788208936282455,4.773275033279115,4.512204777319966,56.25768180748727,57.25369940281647,63.3215408976087,70.7836774375871,76.93044931874556,78.98263892582422,76.17217403243902,61.946186118747285,40.94610460704269,23.21242508913625,13.197996937006677,8.218946929930404,7.01751493169155,10.71241282516936,14.423455096281526,17.583968417515784,18.47941990004948,17.087244364172747,14.908251427583531,11.928872823316205,12.447322741367737,-0.0923313336953912,-0.9957283388645872
2021-07-08 21:00:00,3.0,64.0,73.33333333333333,35.0,6.0,15.0,50.02154195397844,21.51908864111104,6.311472745151456,4.989717422156344,38.15686491767716,39.60760174366136,43.53609679404918,48.5246628631652,53.93275072700862,55.82753686237263,61.53030877274268,61.97342090551,46.7419560981954,28.50829164931612,35.162907892115484,57.27785186720046,83.6120292397984,93.16013231110595,98.16306313090185,97.93515229763298,96.4398677033762,93.25421843921391,88.65054944378025,82.35644486836811,79.24037612310228,-0.1094457686489155,-0.993992768446958
2021-07-09 21:00:00,3.0,67.0,91.0,17.0,6.0,20.0,81.06588268605375,38.24946651235794,6.177954401152678,5.543071827337566,76.14104000118465,76.23032229941562,81.21268925329153,87.53330888771336,91.74031492557133,93.90621087053488,95.13744032122176,95.5991345174388,95.37635692470968,95.27069249986366,96.21854980034828,95.33168960847,90.74440986266828,83.95700965433858,75.8710139063433,64.16192023364789,54.42407192446467,46.72038005052157,54.36252409465324,74.93807609997778,76.15637691216197,-0.1265278168386831,-0.9919630595773395
2021-07-10 21:00:00,1.0,75.0,15.0,56.0,5.0,31.0,39.92874704583903,16.94052188529483,7.426348330219294,5.219210922473764,44.18532359707768,44.97652178151475,49.3363377732155,54.44923836784207,59.75991812293814,54.92352497129246,54.82533385343618,55.78107291991567,53.78123271827272,51.29297104375055,46.10495208681602,38.53254817369486,29.84561618320592,25.08845936576749,21.658933520200595,20.90068129232546,18.314849136179625,13.810586576274709,9.74376337877402,4.959123254041665,5.145818437696633,-0.1435724234118113,-0.9896398128792412
2021-07-11 21:00:00,2.0,75.0,25.33333333333333,39.0,7.0,29.0,46.298807793176586,25.323891722737343,8.704178568324824,5.8308880604432725,39.45042254231125,39.96635156496093,43.994623028380815,48.779603236509246,54.504124671392105,60.78856873428625,67.9547875641912,74.37774819561808,78.54482256890326,80.81821633020667,75.8696835299921,68.67314039367412,60.277348581471145,60.93620785609245,60.13037225024481,57.99490182649578,55.365235504441166,51.46695610766029,50.54879952678961,50.211325530925386,47.08799037742728,-0.1605745445949937,-0.9870237158387384
2021-07-12 21:00:00,-3.0,76.0,6.0,52.0,6.0,35.0,37.20165414730266,17.725557480029266,6.589829273729634,5.743771470881753,46.46265493756194,49.16391005716319,54.52707795052275,60.64405836878271,67.52500991843543,73.21027262311013,73.75326944888253,72.96944254080563,64.8745967147752,46.45788939340191,19.024366570454607,12.55309826308886,11.209362459305297,10.236870076542417,8.962934698786006,7.254219693380885,7.634698727722378,9.01535941164986,11.31633383814357,14.288815853080072,12.877301602276756,-0.1775291491870349,-0.984115542601034
2021-07-13 21:00:00,4.0,77.0,48.333333333333336,46.0,8.0,18.0,41.75550790649935,21.20595393059872,6.735161656737051,5.85330523536382,41.06765216674697,43.4082429295608,48.16499251827464,53.66561002228573,60.01470017631502,67.51142972594229,75.21887389533624,76.1866251760194,69.85973509733915,55.770084399631656,33.40151018238479,29.52993355581075,28.99658176097752,25.53667892102377,20.52753781631421,13.713957183761089,8.989801616735638,4.25380046882805,3.891307751007991,4.753513820158149,10.046693297385756,-0.1944312200476619,-0.9809161537413774
2021-07-15 21:00:00,-3.0,81.0,48.333333333333336,29.0,7.0,18.0,52.50833622360448,31.641521309928365,8.185802859723674,4.77827258174601,52.30827083021429,53.18204048530602,58.35416210336373,64.60695314792243,71.50570446910905,78.793950410882,82.09575738111693,80.38332549163334,76.94153535357083,73.89176065707309,67.80002777198618,65.58949056157832,67.01223700826023,60.73604235915893,47.21705377354641,24.676464667997607,12.10798443794307,6.227114529332285,4.155009064944031,4.197960974756431,4.600130095869052,-0.2280577712215198,-0.9736476020539838
2021-07-16 21:00:00,4.0,74.0,59.66666666666666,38.0,10.0,31.0,57.39844888625206,22.203582281323275,5.279249219289718,6.016092779159295,61.89245273245509,62.34621702228184,68.77883472698743,76.55679638424434,79.82228265244285,78.38775532957052,79.1910333324818,78.25260422489183,70.46958549153536,48.92588670466222,30.90579171620935,19.234706878896432,13.489100390914857,13.385661761619955,13.880991737134174,15.146254934837852,15.77998207415189,15.5744200252342,13.888071880374891,10.753266263496087,8.876176639553384,-0.2447723008972595,-0.9695805901076308
2021-07-17 21:00:00,-1.0,78.0,50.0,52.0,7.0,29.0,41.91059707033888,20.68006086215061,7.321396912783426,4.889129490778465,47.572186534323855,48.84350460105058,53.821080265142726,59.723335588899886,65.5622207784046,66.99547728623907,66.82019780827557,68.32125564177605,65.74247338994046,55.206069325959525,44.050209705825424,33.8951091943337,25.021189135058307,21.0885215231458,17.920872096003386,16.039125531310955,14.662102399571856,13.259363990218706,12.41318306448603,11.636727346655352,11.447187052595732,-0.2614143985111562,-0.965226663665613
2021-07-18 21:00:00,3.0,79.0,80.66666666666667,32.0,4.0,18.0,43.62654244603719,22.443725693893324,7.314105705295408,5.448138949932432,43.49198648174335,44.479361825757934,49.04164679530438,54.30327343865062,60.48542472267925,65.06362934473044,66.49137667091463,64.61601902976128,58.5479394270614,48.07751681211899,40.88026806023714,34.55060596337937,29.56665529406791,27.54954380597736,25.26396669129099,22.734725210291064,19.647435950076243,15.735665880914992,13.337399109846238,11.324011790533978,25.71550270462703,-0.2779791393987801,-0.9605871111248128
2021-07-19 21:00:00,4.0,79.0,55.0,37.0,4.0,23.0,48.6208240493156,30.09049928323598,7.718792582237506,5.831378806077757,44.0214079730936,44.211882366556985,48.9046092357076,54.430968192190846,60.67542008512756,68.02638297805078,76.27204376036342,83.50050032650562,84.85476864581835,78.22116748729086,62.11468602723335,43.965711210000656,25.515931464515884,23.77181063645208,28.16315899107416,47.81920662948265,67.30099980108719,86.31485444360536,92.30228136120982,89.77146951646236,71.77821300157986,-0.2944616217868012,-0.9556633054034704
2021-07-20 21:00:00,-1.0,72.0,57.66666666666666,28.0,8.0,34.0,55.09122797104671,33.56678064578558,6.674756770417626,5.86412779069601,61.26617943746974,61.60717395094704,68.62154762462818,76.43077968979966,84.88240563540175,90.43666130387454,92.41469874559404,95.5070015702194,99.13823753462076,98.5819255362952,95.4737250325078,92.77360460707492,91.165212982407,89.91291971317594,87.40887356642789,82.22914920004114,78.77239416194165,77.73691622954446,79.19500453987499,81.74528007696286,75.31887288143605,-0.3108569682435036,-0.9504567035349152
2021-07-21 21:00:00,0.0,60.0,88.33333333333333,18.0,8.0,4.0,80.54849897554632,30.519425958915203,5.49499291845631,5.7215032737761975,89.53412381241466,90.5472529485214,97.41497960733564,99.52211930276307,97.83570080318098,91.74853128109696,86.7415327825477,86.71076908558386,89.38487348317508,93.12407897161572,96.49841637387824,98.29159053174048,98.98075598385726,98.27479999415344,96.68067963394202,89.61120441537604,90.28654344334971,98.56681097239117,100.0,96.79038060335562,76.35772417005272,-0.3271603271220951,-0.9449688462364056
2021-07-22 21:00:00,-1.0,67.0,40.66666666666666,34.0,7.0,33.0,56.43857637904146,23.67413877981321,7.5979004396092975,5.9156838833896925,59.686146867416056,60.57885805996236,67.10744194923045,74.29461340796628,82.09768763838728,86.44795990661508,87.30583468286326,87.62386389506821,87.7488470549206,86.17809319088306,84.97088853601879,85.01559642040128,84.20244588536707,84.54250407786368,79.1896766127708,65.5851641958916,54.94206156829738,46.765684918429095,41.98669686376695,38.51544629083991,39.14253356458828,-0.343366873996388,-0.939201357453208
2021-07-23 21:00:00,-4.0,70.0,39.0,46.0,6.0,36.0,49.06274959008728,22.941938826370773,8.052153015136755,6.334141197088523,52.31096832497638,53.66439675932484,59.517479067606885,66.71808848240082,74.59679356427786,80.92210300749417,85.45956325041811,89.83522213686675,91.16053865295468,86.46814528996585,78.47055661351325,74.15652078385244,71.9626843970233,75.4844710277566,74.72650932982643,68.5336117932509,58.47086559577061,44.2773740157994,35.32100493694552,25.34701775585737,17.912477111170475,-0.3594718130884232,-0.9331559438780432
2021-07-24 21:00:00,-1.0,76.0,18.666666666666668,48.0,5.0,22.0,41.600004072976034,23.459270956975896,8.455311713667879,5.062925261621894,42.03462095090968,42.88458737286292,47.38389876740843,52.84214265903865,59.11541501797588,65.58894222775537,72.98257921240459,80.51687885909897,84.66735278277515,82.2639727550234,81.32780397741908,77.72302430112684,71.00242034869306,54.01119885305084,37.33798914116734,24.90983835892027,19.297451598203992,18.416887551009577,17.55262712361606,16.0157424304567,16.350633363480846,-0.3754703786876202,-0.9268343944460494
2021-07-25 21:00:00,-3.0,64.0,86.33333333333333,16.0,11.0,17.0,77.99002766483804,33.484844192310746,4.910925259738498,5.772745311975962,87.09119764074495,86.5545156257875,91.91493263647575,96.35327578336812,99.10530227818629,99.12055588261028,98.53367000976954,99.27588317341012,100.0,100.0,97.49296663013835,95.71494856604048,96.12197490272791,89.12156208611881,77.09903763532283,58.20392873134397,39.31309767770168,22.28744668654658,12.580789665341593,9.444785712931989,9.95059732742682,-0.3913578365610259,-0.9202385798054076
2021-07-26 21:00:00,2.0,74.0,42.333333333333336,37.0,6.0,25.0,59.49158469966002,32.31430286006274,7.917775732357309,5.308685288734583,63.07127644945424,62.962275457920505,69.13172690768009,76.94325034265653,85.23813566113945,90.64812219408492,92.17593079573408,93.03535257566756,92.23272280469024,77.7431319858184,73.75406616122937,74.27821761235315,79.83356362388051,79.63588006621471,73.982450215927,55.151790040788576,41.11372236788577,32.253468042245274,26.107557497121736,21.87222125069332,16.438055115855235,-0.4071294853542516,-0.9133704517637858
2021-07-27 21:00:00,-1.0,65.0,41.0,50.0,11.0,31.0,48.30547325428378,15.246749416151376,6.389142873602668,6.458995945733975,51.808410089029486,52.58639909052367,58.556030387273495,65.46933440867454,73.58704763924595,76.63426731130201,77.75742869959406,77.9236674951604,72.88101907893304,62.68443578543789,50.74942067130975,39.581199615591736,27.995320610286186,19.360801820553213,12.2640990512898,9.82356195197898,9.227853415400524,10.765394806490022,13.284534656547873,16.903207668976172,20.290671432412616,-0.4227806579826773,-0.9062320427107696
2021-07-28 21:00:00,-1.0,65.0,11.333333333333334,61.0,10.0,32.0,39.862256150108216,18.57005421215956,7.9773833932316,4.748067668193824,52.17246358640968,53.05914913812943,58.42466440639529,63.732914561476186,68.44078285386178,72.23370696738637,75.51136643545581,79.67574723985086,84.39145956324239,89.42468660037888,96.8313216688474,100.0,100.0,98.51101621556184,84.95606595247199,59.90273544217853,46.81412755832183,40.220910742208495,39.63921868950828,41.73346970345897,43.55191885191314,-0.4383067230125192,-0.898825465016444
2021-07-29 21:00:00,1.0,70.0,38.66666666666666,42.0,8.0,21.0,45.53305267993813,21.24144931222209,8.758069186330534,4.7592911504559146,41.2632395694048,41.49240395387051,45.49873706973552,50.75603804169732,56.79582654179048,63.58649023549914,68.56995122059163,72.24136670139679,77.01520620801844,80.75416051686754,79.41269569396351,79.9881340905533,84.57068427785836,61.80215257590969,39.5443390259138,28.56767149764726,24.231281216746687,27.812453969528168,31.56134897220435,35.94710762639623,34.71035772889045,-0.4537030860313442,-0.8911529104063088
2021-07-30 21:00:00,3.0,60.0,83.66666666666667,28.0,9.0,32.0,74.85066533341019,27.504678464335825,5.77390237558058,6.25041781314032,86.51971688298875,86.18966157497529,92.57399712780922,94.8985471274342,91.62300695488446,89.14434757689122,84.42617419340274,81.78519043808204,86.43020490105594,96.76279081748996,100.0,100.0,100.0,98.90219327683754,97.47851628289725,98.87276045293844,96.81432891214416,86.01201451709932,67.18520146296929,36.61656412072684,25.720012002175302,-0.4689651910076318,-0.8832166493127127
2021-07-31 21:00:00,-1.0,64.0,42.66666666666666,45.0,11.0,29.0,53.95286976616358,21.155285965114377,6.911695743277807,6.951753032472881,59.9923141355105,60.125681147020295,66.2933247445074,74.21499675271723,83.10479459595427,91.17314523919472,95.454321858628,96.69778820587364,97.33758231146363,97.82050793219594,93.74015262128972,82.03115767646405,63.96586577293407,59.40341031984657,56.61219077921494,56.00251449345252,54.92098523289579,53.90185382210903,53.08469838071884,53.03801080069981,54.20673094453158,-0.4840885216389758,-0.8750190302029955
2021-08-02 21:00:00,-4.0,64.0,74.0,27.0,5.0,30.0,62.6420155688968,17.70973280161188,6.860709050648632,5.800439252266082,56.86337072493285,57.20820522937377,62.21900109698083,68.77228015725898,70.62308140505083,68.32381104322752,70.26117721996926,71.07978095641893,69.67502510577388,68.06912694302335,63.63175025230348,54.12559479860213,37.81255091734484,33.3858253695747,29.041414805547987,24.81869052062458,24.348354574156986,28.495783158717465,29.42075968361334,27.835654323718984,28.91898995954424,-0.5139010013093103,-0.8578494977869301
2021-08-03 21:00:00,-2.0,73.0,17.333333333333332,46.0,12.0,25.0,47.7239173666059,27.31187183983171,8.109819421736837,5.195875069932456,40.845293505062166,41.11296050300899,44.8706004252107,49.49257133811695,55.4226817850225,62.13346965385732,69.70428447325726,78.38846548706987,86.48615957459258,92.60362183411618,95.22380685781772,96.8638751519718,98.30150536823832,98.7296373899327,98.0152983382273,91.03436376348346,77.67137732779614,56.802777640676695,43.56571710823475,32.45370969838965,30.784013583251763,-0.5285813283559292,-0.8488826652214553
2021-08-04 21:00:00,-2.0,72.0,47.333333333333336,30.0,5.0,23.0,55.09122797104671,29.37256520717801,7.456488815522699,5.169260175396143,52.62186894567967,54.83802575456574,60.9824959249528,68.33305870654165,76.37153024311233,84.02193819353798,89.40067667976125,93.51198067618904,93.54445341456092,89.46635099930896,85.03899545856402,82.79433224938806,79.86260604173549,71.77734316774644,63.02853339941089,53.59265415740849,47.31074528981527,41.83215376060456,36.939996893477726,30.45380142334783,26.21295154964208,-0.5431052396834317,-0.8396646346181327
2021-08-05 21:00:00,2.0,71.0,78.33333333333333,21.0,7.0,14.0,61.27034483869424,24.390658123750445,6.150502922360837,5.431184330026141,53.46793569729081,55.350215955403584,61.028623138184,60.466638406437056,58.86404540787878,56.40175162329864,51.26310904899347,43.62174991940663,37.96334854461989,37.44185507846532,45.239013009740674,56.46444562372681,68.37953623477115,67.70462403552374,66.44744680484128,65.13602530856264,56.87367669040066,42.64490469838176,31.816419799466978,19.98681165020547,15.016971014922271,-0.5574684374327892,-0.8301981337405212
2021-08-06 21:00:00,-3.0,82.0,14.666666666666666,54.0,9.0,24.0,44.084441261416295,26.77333481783198,8.068427065025562,5.266866254044762,38.34592311002103,39.179426712911216,43.27752263958976,47.935090686976736,53.37458429074828,59.02390369037435,63.59658930884472,67.47730997689577,71.60734061866357,75.74692266737429,69.07091335634165,58.791817017009066,46.48925092564525,41.65371361376104,37.66711782532982,35.833378590368575,33.256754958591536,29.73759224712201,23.85759869709277,15.925870588403,19.865704449736945,-0.5716666713027052,-0.8204859638785327
2021-08-07 21:00:00,-1.0,74.0,59.0,18.0,7.0,27.0,63.88019287066453,37.60134576975132,6.926516385117668,5.683178100633629,67.2409172488457,67.62771433765589,70.77484081523689,76.1351255832207,82.71337100043577,87.83932196702904,89.96647988075907,89.610464869934,87.14744648145475,85.20922890152461,82.30182730386552,80.0462332532542,78.36742614336289,79.18034642862204,79.19251302574379,77.71229951912187,76.08854617424704,74.30902353915805,71.15738820044362,65.98317572644852,50.470987503583,-0.5856957398073508,-0.8105309990194823
2021-08-08 21:00:00,6.0,74.0,16.0,48.0,5.0,5.0,41.28775436548421,14.624430907159876,5.622441626511253,6.1803156481060455,38.17347178727892,39.8536861791565,44.31467560007828,49.3239614175702,55.25290631695201,61.85461546016269,67.27797672614162,64.2061331071692,44.23431908295802,19.02732205628744,10.974401595156923,7.4088967183033665,5.626475285002434,5.668407745296208,6.978815496495587,10.12460088322568,15.019794952599868,21.772935411001352,25.519314873961065,28.577129838041497,24.698940712368607,-0.5995514915196489,-0.8003361849976323
2021-08-09 21:00:00,3.0,72.0,85.33333333333333,22.0,9.0,16.0,61.397964442270506,37.06501336233335,6.477856884759931,5.488387624778497,59.065142044235785,62.3341804094546,69.41649857260349,77.38761918325343,85.24330057355618,90.94068939083397,88.33144445539453,79.89741605321124,75.36786170383718,75.06517571285323,77.81853447919144,80.2102430699158,82.28052165204369,85.37317802145262,88.9511252332024,92.74479254353494,86.63930389661098,73.73007917035459,75.70906971635839,83.09421240179717,85.11305199303627,-0.6132298262997502,-0.7899045386224707
2021-08-10 21:00:00,1.0,81.0,57.0,27.0,7.0,18.0,56.33059167738325,37.91718732622461,6.712468122482686,5.856777019717321,53.430886457641705,55.00782071752691,60.90718344408606,67.9749177177156,75.67338195559424,81.11107639776846,87.07338025361278,88.43804113409425,85.01417412876413,79.29529466317528,67.14758630126899,62.47992279375348,61.15659469008572,58.67377471690737,56.91893884379981,56.491733632562976,54.32496788122396,49.92041050140713,48.57313731385556,48.4719620631645,51.150202495164656,-0.6267266965083301,-0.7792391467859886
2021-08-11 21:00:00,-1.0,75.0,87.33333333333333,22.0,8.0,16.0,71.09901498420001,43.176222604540925,5.916825019735877,5.553265715015383,71.05218438668221,71.85438106771625,80.32105271025443,88.44441240236564,93.94967662751472,94.83292263061556,89.43440502493493,83.65137988463505,80.34222982597696,79.61575404635018,80.16421297934976,77.3411850096005,71.07459874875263,62.727126486392834,57.09616647528922,61.14402982873516,63.29356518007696,63.3064119829424,61.84535401542852,59.27515692090385,60.287097703166125,-0.6400381082043503,-0.7683431655492202
2021-08-12 21:00:00,0.0,85.0,41.0,39.0,9.0,20.0,56.86770356640353,41.70419831335334,7.401077240779265,5.5459040665057335,52.46302546845671,52.60516639667512,58.095707650192615,64.76347824836621,71.95645437816974,77.46828095964634,79.7909657675762,79.07374419009912,73.50873739086393,62.88017064251162,56.41725214055665,53.88827368219825,56.91696060782289,59.65106960398979,60.73876291849519,55.06905897823269,46.19923494113227,33.251288948979195,27.95228311948788,28.509894608435392,33.39100325567889,-0.65316012232693,-0.7572198192083127
2021-08-13 21:00:00,4.0,87.0,10.0,49.0,7.0,23.0,41.783816397723655,33.46038744752536,7.855315143719866,6.109196373937987,36.29266234846202,36.81159444242891,40.61425452824996,44.88544152119079,49.85870690601422,55.62227533043102,61.79048159045292,67.25278745164596,66.04586479944895,53.05507817842451,47.52848516093589,46.835063733049296,51.85737894263077,56.8811090450268,61.92739596504161,65.16633088109116,66.49527118809007,64.62323760371919,59.87345268627248,51.83227571806793,43.358103009349904,-0.666088855860977,-0.7458723993404063
2021-08-14 21:00:00,-3.0,75.0,78.33333333333333,25.0,8.0,26.0,64.00100515322764,36.51560461937566,6.740569395382768,4.972054457625874,62.63520687315385,62.87479225090051,62.48520568026391,51.499173412503794,46.390358727691456,56.527875389524255,68.03905426676974,74.03695648417236,78.42192529712523,90.307059583282,89.50412998617891,89.18192055467031,89.39688745563237,94.26339292441094,97.6156331649848,99.70429564190646,97.90345569431484,91.47467364441532,74.89423067331148,49.556222808939296,32.99956538471957,-0.6788204829862355,-0.734304263829602
2021-08-15 21:00:00,0.0,69.0,7.666666666666667,48.0,10.0,32.0,40.499911320524994,13.892944979009906,5.33339625848492,5.618969193604907,47.0967024698641,49.09962517120191,54.751101083926144,61.12026757043224,68.7873617867497,75.61621943639551,76.77448697833749,69.25047769753378,54.27250042086121,37.98209656274105,25.173978400395068,16.314869349485598,9.547239942082618,8.424636374715515,8.269548694459898,9.523756396637117,9.584640772627443,8.853456525415277,6.619814739249316,3.466722301011091,5.0840312091959685,-0.6913512362094071,-0.722518835873311
2021-08-16 21:00:00,1.0,77.0,6.0,44.0,8.0,24.0,37.35900373746598,20.73840958126833,6.361012656363648,5.924812879136875,38.73346871536435,40.28702725577372,44.73386882731919,49.88128363108058,55.74008928550545,58.786454933378494,63.60491955384063,54.055758622626016,41.00353657882827,33.7075496556569,35.548075815882974,37.70699795649296,39.74272540927957,40.39921567825761,40.08923647961146,38.84363547631508,35.817395611547965,31.090061816844983,26.77495891874804,21.620058739751343,19.33558156799545,-0.7036774074790128,-0.7105196029692745
2021-08-17 21:00:00,-1.0,83.0,16.0,45.0,7.0,23.0,42.67980812077554,26.24707444926975,7.349858717293775,5.438979492005041,38.84601681600001,40.32494308362848,44.81896844436624,49.770398184207096,55.408447191212375,58.08509178344497,61.17395176958834,56.982371697209736,51.63919277732904,50.238192892927295,50.22026456225801,48.84286309975759,46.70630275179115,43.82588695764476,39.56693115944909,33.204692188945536,26.88026712433141,20.22566467143936,15.095224267877686,9.854081824454664,7.564282225645691,-0.7157953492826642,-0.6983101158835584
2021-08-18 21:00:00,0.0,77.0,67.66666666666667,21.0,7.0,22.0,64.24102387606231,42.4262253006089,6.198645933743518,6.296224809648854,67.9253156840943,70.60352879411636,78.27913482282761,87.04474503503117,94.08262409594252,98.46920962481056,98.87190570209124,95.36717007100518,92.16916145559658,92.3786674971618,91.18676925635508,87.40032157672546,81.57990413102249,78.80342419179857,74.36937869023184,67.72818789454425,60.62215189416902,52.033594661257695,49.009687305582666,47.82552542199383,43.281860519325,-0.7277014757264236,-0.6858939875998223
2021-08-19 21:00:00,1.0,84.0,36.0,40.0,6.0,26.0,45.99208513330199,33.4251939342376,7.367072522368008,5.464957023532524,47.75101822359765,48.2232326443358,53.54503779603513,59.325035052740496,65.73997876958416,71.92369528933418,79.68547988636683,84.00190634137763,84.77882572083345,89.28784576925956,73.05731826931179,53.48004840928363,34.306329616783195,24.275235802099782,17.107955629787465,17.778655168373465,18.66723117541491,19.671187523020247,18.89096546548227,16.237659811673318,15.040488938753349,-0.7393922635959241,-0.673274892250183
2021-08-20 21:00:00,4.0,82.0,32.0,32.0,8.0,35.0,52.64997346684464,42.975173378035606,7.142089116199224,4.706151085809383,61.62502947623313,61.665462081179164,68.71898260274354,75.9457028529418,80.55805649491712,79.65096835355125,78.60362741952162,77.48485039828454,80.38996119964908,87.59331769028861,91.69440094773545,92.84863279430398,90.52717984263955,87.85880228441347,83.68268149937137,79.38603850643385,74.10470568431114,68.99463160645959,59.94200772755809,46.33940704995675,33.116072675064366,-0.7508642533989489,-0.6604565640279754
2021-08-21 21:00:00,5.0,79.0,46.66666666666666,31.0,6.0,14.0,52.22353196842017,33.944119669747984,5.81776386147965,5.618925795466125,57.460823047705226,58.82970893118783,65.85352490939323,73.48657085692078,81.69612616138262,90.20995257457604,95.02044296401084,95.0467295938561,89.45250177693154,77.24455326633075,63.626737161354775,51.788134164370526,41.91651252009523,39.34299570513756,37.10272647785966,35.327984878323484,30.98233114050477,23.46712318669058,18.612090495156604,14.40887786221761,19.471803320767336,-0.7621140503891487,-0.6474427960827475
2021-08-22 21:00:00,0.0,80.0,45.66666666666666,36.0,8.0,17.0,50.5392550224599,33.4858144005683,5.993264692660985,5.477344268203921,55.42949777588825,56.82516855382175,63.63211847074878,70.89396330473113,79.18240944770328,83.06513879339003,83.38893637740699,70.24972390689004,57.39263939436181,54.37706783505381,53.20152285119213,50.4989009196461,46.345410140665656,44.236206192268206,42.59545609163547,42.108016256210064,44.50447427199058,49.60590423221273,52.8654408448344,55.00244366766353,52.73837339935093,-0.7731383255706026,-0.6342374393978054
2021-08-23 21:00:00,-1.0,75.0,81.66666666666667,20.0,7.0,16.0,68.65984998793179,39.25296069100104,5.5591488996561775,5.698133647325776,80.55968121739605,81.41070978157101,87.3129820587791,92.8227718142624,96.26730518635654,96.15911729466926,94.6314507127519,93.50069761189378,94.11984608110778,96.57972605663834,82.45439462772569,63.4661576617359,39.62651095203138,30.226923454549983,22.530834489578115,19.00864147142951,18.050482098143,20.00645602524046,32.934927198351254,55.56647287482605,74.49079452252572,-0.7839338166829201,-0.620844401650647
2021-08-24 21:00:00,-1.0,81.0,41.0,33.0,7.0,29.0,54.38997447243735,36.11912943196047,6.952893991554102,5.602762467116827,61.93194225384217,61.81803414539602,68.81574675622304,76.48207515775015,80.94347346455422,79.93202629517245,80.7564573585396,83.47011370550064,86.30882275258995,87.61341799519252,87.50275182319781,80.92610134245211,63.98096714896112,45.289574618037456,27.575552967750745,19.058016105855607,12.45327361046901,8.970105495662576,7.493681633463856,7.664514597621538,8.122783200458601,-0.7944973291665992,-0.6072676460566135
2021-08-25 21:00:00,3.0,83.0,41.333333333333336,44.0,5.0,29.0,42.67980812077554,33.729196127646986,8.112671888033391,4.1507945088096285,43.912753179421365,44.92014257849881,49.83658805504,54.852301071475736,60.50422410593275,60.97388465556003,63.571819594989954,66.97507698739501,69.79299367016556,72.79175522104315,77.06989703883876,76.96897892419024,73.75014687022691,73.71650446063454,78.68201423209118,92.11009821068951,97.54309672101024,96.841878668349,84.94512293732511,64.9384053420152,32.397087843763615,-0.8048257371083452,-0.593511190196115
2021-08-26 21:00:00,1.0,81.0,23.0,33.0,10.0,25.0,56.33059167738325,31.065803987781106,8.27763285808271,5.876622290603327,46.297797091300566,46.60364202717359,51.16010931783591,56.69199633606562,62.33940642104858,66.66428495722732,65.1856710952016,61.27181669138187,57.870546817235336,54.6053269440604,52.33201448851518,49.44408981204087,45.26035781654032,40.10701522055765,33.93205796678229,26.85784009695147,23.808222712978854,25.132526717351983,29.89592119534289,37.62341294874673,40.544517044227455,-0.8149159841660791,-0.5795791048257612
2021-08-27 21:00:00,0.0,67.0,25.666666666666668,50.0,12.0,34.0,38.66066587184525,14.933581267176308,5.271862273425192,5.999513522964222,51.52623386780903,54.8180742072811,61.23629153032937,68.47726250029078,75.80960766685432,78.33822193862791,86.53689972707662,89.26212531568461,78.02706673325073,60.25024148811037,44.1871733931945,35.08508602596612,27.561076955904507,21.42103113181692,15.471167830033185,9.748424550481417,6.586601306361986,4.235594347645852,3.840291319766575,4.113718688184677,4.790873788318521,-0.8247650844733614,-0.5654755126737576
2021-08-28 21:00:00,-1.0,69.0,76.0,38.0,3.0,29.0,36.09062397227366,13.252949064567966,5.67110459865774,6.563871880341864,40.03822273433477,42.97553404667287,47.96739642934863,53.62500200948399,60.015166256323496,67.25407341150235,72.66837273763784,57.91185958022942,31.110941346630483,12.00672442584219,11.285308095884542,11.26456878473203,11.706019096987196,12.90758799088707,13.065286318154827,12.327614110226728,11.185987880142546,9.618027207437017,16.348704545640558,27.158844834893763,50.59728280468202,-0.8343701235229537,-0.5512045872199277
2021-08-29 21:00:00,-3.0,69.0,59.66666666666666,26.0,8.0,18.0,48.91231522715638,30.4344153121038,4.944462229352553,4.8433419368754,62.58197726536835,64.85901153998432,71.47913856034856,82.06562589038322,95.4073231394894,99.0191305119869,99.36064985992112,99.69148681724332,97.73879268976516,94.53607522992434,92.30538042152904,88.8198417171901,83.28065888999963,70.6422077383763,56.597975100834056,41.3806589525404,31.8717496567562,25.129363815511763,23.956304802880084,24.59563887970031,25.455985733144644,-0.8437282590292712,-0.5367705514607103
2021-08-30 21:00:00,-2.0,74.0,74.0,28.0,10.0,21.0,68.55087020336482,31.218959825565182,5.690890689353318,5.553164416179836,90.915812978933,90.78089227461004,94.54358349516038,97.15695085156824,97.97787401462618,97.93969132853692,89.7482538651419,70.54467843892267,55.194636902576576,48.11476623473002,43.503471246516014,39.112723706987765,32.97472215234156,24.877241835764625,15.067129337853508,8.360321036563619,3.3434216929927354,3.200562168674616,4.121340520044032,6.468134109378693,8.235703719213577,-0.8528367217694595,-0.522177676659508
2021-08-31 21:00:00,2.0,73.0,19.0,45.0,10.0,27.0,42.69898982567596,23.22723097113755,7.394038543765448,5.446861009413724,49.43928743615399,49.356787229031525,52.02907154883015,57.38067956359414,63.87710770571672,71.3179789285745,79.6288299425762,87.4583335361194,91.33549618344128,90.6399578102706,81.52363381030537,66.97987288370635,52.92376183774815,42.39815300767504,33.23671425178157,29.12734369021124,25.43984265554729,22.983889208518807,20.09162191269729,16.25345331555859,12.266498694631842,-0.8616928164028521,-0.5074302810827518
2021-09-01 21:00:00,-2.0,64.0,70.0,33.0,8.0,30.0,51.95438421388198,19.422561528711103,4.729826383621519,5.788746016767794,68.86958014993742,68.83551074098774,74.89758873896051,82.00628536388395,89.91160084909129,97.2553538769981,99.48018079820427,99.58991062793352,99.58368246298254,99.16993518249016,77.43117131891567,57.17608619950754,38.82316859473272,26.205787185102352,14.586721458553017,8.104228863943295,4.188939500427963,4.266551765792097,5.782904155330449,8.851290314115817,9.983993599087556,-0.8702939222685674,-0.4925327287220543
2021-09-02 21:00:00,0.0,59.0,90.33333333333331,18.0,10.0,3.0,64.3868891219303,27.53584952904192,5.9852695099667415,4.246662204034108,88.54796814083609,88.49442334244787,92.65618827601553,93.63278437252244,91.36585361484164,89.08127585700304,89.60346773927083,94.59142145267856,99.13097838419272,100.0,100.0,100.0,100.0,99.44014516867,98.4802575662733,98.99273357957722,98.2153254539947,97.7941625328823,98.56115490079648,99.34606344218618,86.37422504405666,-0.8786374941610001,-0.4774894280028391
2021-09-03 21:00:00,-3.0,54.0,85.33333333333333,31.0,12.0,34.0,61.34736296835159,20.94730204521826,5.668359336127546,4.242913350225834,74.27031028846443,74.76620082431232,80.64690887473687,83.6494257289194,83.85057543195641,87.30410440127227,92.91119092537636,97.99808198530548,100.0,100.0,99.3136618530084,96.9463161182706,93.16266339399428,89.55481425887643,87.20647435928468,86.34984689671901,87.24202624587598,89.80352109792703,89.66192538463538,88.5369552017737,80.31561747515565,-0.886721063082993,-0.4623048304798108
2021-09-04 21:00:00,-1.0,60.0,23.666666666666668,37.0,10.0,35.0,49.414380032087365,17.71569893433119,4.869728017680072,5.60506120872089,57.87294909622063,58.27738364808028,64.80947026309723,72.41044823289627,81.70594316783053,89.26587026622094,92.3130895573858,87.92526503287202,80.02463756426873,73.17509207272144,66.3782608209912,58.957596414008165,50.79263805490608,43.25004764982078,35.790044803955325,29.673820059385847,24.58246760405251,20.1585153005223,16.5547078723983,13.10975761928904,11.175128759253388,-0.8945422369764496,-0.4469834295196741
2021-09-05 21:00:00,-1.0,64.0,73.66666666666667,19.0,9.0,14.0,53.95286976616358,23.436344113552792,6.612431274797676,4.050858107959273,60.28113350427816,60.3799608225181,65.51779628329294,71.36648635420364,77.78347117300378,76.01550158154691,66.40069516842941,58.97565566702273,55.32613046931054,52.04008470731016,50.67947796602952,56.20973905077157,70.89757232230897,87.39331357361452,99.67850892742864,98.70135302502472,98.02394085619216,94.9961289364802,86.87912755319883,73.87242921876738,63.729822416692194,-0.9020987014301836,-0.4315297589714714
2021-09-06 21:00:00,0.0,67.0,48.333333333333336,29.0,5.0,18.0,65.35826777296575,26.610027555956385,7.936884894723189,5.719436792623718,57.39526301294576,57.01727825707083,61.20318692896692,68.01609577487879,76.0741786056272,84.12587715071179,87.33008135139558,86.34621572166871,70.43246022914441,61.4756232493472,62.9968323330251,69.86227528666097,73.50991489496988,73.21651829040601,71.56713437987715,72.24857547435157,74.09347439091101,76.46444408229752,77.94826123900576,76.41766946041308,74.5027967823362,-0.9093882203647924,-0.4159483918249421
2021-09-07 21:00:00,-4.0,66.0,53.333333333333336,36.0,9.0,28.0,54.2407488671668,20.012285401151505,5.989587336572345,5.902089727899122,63.69000902577206,63.74096135958993,68.97466870240841,75.82208850317285,83.06050195331282,87.56780595587792,88.44027850926709,86.84205935540466,82.91912599830397,79.58842863566073,64.37855593158233,50.47010437748411,38.08622622381024,32.2648612047903,26.697546592886106,22.642327900111216,18.3635110645468,14.38830569865285,11.418348743935743,9.040805427857954,9.003972769785511,-0.9164086366943458,-0.4002439388573056
2021-09-08 21:00:00,-2.0,74.0,37.0,32.0,13.0,17.0,53.405642578269166,33.26390623444492,6.432960422063566,5.726837392529584,64.1657869349105,64.19638745890396,67.7062596970853,73.57440194839178,80.28584093263713,83.4678729659831,81.72763970767889,77.64972654440172,71.60284652070723,68.41618208038561,66.84041109157103,65.32409229235773,63.92929179048296,66.04530581903049,68.59301365255254,70.83478518813418,73.28919194147869,75.34060493960247,78.348875069003,82.30222976639774,81.69915773272074,-0.923157872964704,-0.3844210472688554
2021-09-09 21:00:00,0.0,66.0,93.66666666666669,11.0,5.0,15.0,78.15557312319325,38.16290408260209,5.763957293535739,6.072670404812866,87.01819388309929,87.65632851157953,82.07689412761711,82.30704786966871,84.82240034793736,89.03033891708851,93.569369737507,97.91357891796063,100.0,100.0,100.0,100.0,99.94104157218408,100.0,100.0,100.0,100.0,99.05993360215028,92.49717308075252,77.18746775257004,76.87870441279662,-0.9296339319682696,-0.3684843993077793
2021-09-10 21:00:00,-2.0,59.0,81.66666666666667,30.0,11.0,31.0,72.03484221010554,21.45368781011957,5.9706971004435445,6.441301156319225,73.35588003187824,74.73657638991463,78.10219071703631,85.67328237362479,92.39538760383314,90.4357150865121,86.77657202138607,87.74550827923684,87.29645190172593,80.82820362343195,70.67121248895566,61.88816092706495,55.92676347730405,54.95874622008583,54.99215238899304,54.03553866927064,51.40768492832879,46.75072679894416,39.33045275975484,28.011422062385627,21.51250729582872,-0.935834897334994,-0.3524387108846032
2021-09-11 21:00:00,3.0,66.0,15.666666666666666,43.0,9.0,24.0,46.655185430262414,18.63299961041728,6.092064195952547,6.356623782530231,56.470832631085536,56.94490958805956,61.295740357837694,67.61593774867889,75.31632881439258,82.07340222067458,87.8688578019423,89.05616380985076,78.7006517917713,57.77902566243698,39.51229426964371,27.67121766906629,20.131579819050767,23.33291575381569,29.9149498713596,42.7580800523556,54.38748859464347,65.34671418287031,70.77054704532989,73.01646979827774,65.98892503198093,-0.9417589340994617,-0.3362887301766828
2021-09-12 21:00:00,-3.0,64.0,63.333333333333336,28.0,12.0,28.0,60.361457330669865,20.00675789077421,7.205932010342289,4.389963140047408,63.90479823867936,64.64124630366334,67.79802829063597,70.50444903530939,73.22562071625494,75.11772689778728,77.2523392734144,80.94757845491756,85.52958287798307,87.18289312264754,73.10767932055293,54.599145882969616,34.74051408680785,26.05855848702174,21.34031515020468,25.195899899510888,28.49891509460021,30.45157041450756,27.163008509389897,18.80851846210248,11.669555921711652,-0.9474042892438844,-0.3200392362231385
2021-09-13 21:00:00,-1.0,61.0,49.333333333333336,33.0,12.0,30.0,53.51689345100418,18.141051581758205,5.667387598667032,4.427079401027949,67.75633432052875,68.44767158078324,74.73188381083342,82.7904703774372,89.3207596012138,94.60763008391972,98.00521123489015,94.6364186931042,87.93947379006374,82.14626038822188,72.75935275746286,58.66093204390855,42.553221114654825,29.331912462527526,18.62430400573411,13.296419878220528,11.582778852530282,13.70523946787533,16.066052139168583,19.08378486943557,17.224505903847138,-0.9527692922168512,-0.3036950375106588
2021-09-14 21:00:00,1.0,58.0,27.0,32.0,4.0,2.0,41.95002379392463,8.364663094922005,3.6040250754012897,5.722013695373488,50.34655262607556,52.05147144282246,58.11538377082959,65.11037665634699,65.19094770322471,58.65660941067286,41.70651502442764,23.43201509780797,12.112217355097744,7.821693563120548,8.132103438802293,8.513786045563792,8.917831338163863,9.1125779720752,9.835639676814669,11.243989006280875,13.770768522982738,17.43709123263793,20.681832098608403,24.32914586197614,21.090602103688106,-0.9578523554276668,-0.2872609705505963
2021-09-15 21:00:00,-2.0,63.0,92.66666666666669,11.0,9.0,19.0,80.77268735476473,35.126865488299735,5.8811884977262245,5.293580656024841,93.39499067014458,93.19989961488096,94.68608799057228,91.74268480386706,89.28137049195149,84.02770518844984,78.4627086332657,81.3971486718582,88.78353556164646,84.13928422868288,73.82043947165012,65.50779720782835,61.1661484776143,71.1135447878892,82.85590559397909,90.92829595989784,97.33496497194912,98.66266329819015,98.67366963489096,95.79729328396776,94.36679945276234,-0.9626519747161488,-0.2707418984477642
2021-09-16 21:00:00,3.0,68.0,8.333333333333334,36.0,4.0,23.0,46.96300291239815,13.311978665285894,5.055980377292087,6.68212671691256,60.13186317643493,63.47399814631524,70.19109911584884,76.86010099006467,83.07270940363577,85.07849514738975,81.00521602715533,42.47153293739924,18.843730952763547,7.532673002599124,3.422353936924008,2.2083645188482186,1.9760878634777,3.109015538054908,4.44470289113255,6.105511322468556,7.979933851764785,10.201426115774332,12.178645526373325,14.603846682951824,15.827184001301813,-0.9671667297977312,-0.2541427094613622
2021-09-17 21:00:00,-1.0,71.0,5.0,28.0,9.0,19.0,51.06373373082498,15.228565120089137,3.973202844643057,6.674656067009823,59.99448044241129,59.43309393996832,62.58963555243919,66.57279969684518,61.50812191282364,56.82770910703039,47.75046186756739,38.61893648449781,28.135001575317485,17.728570235719783,9.391282602146337,4.986461461856834,2.610819932194712,4.7193580714164085,9.2895237367828,17.216298625341977,22.388197300674022,26.45275103609549,25.0309568038836,20.515472105600224,17.100137507920582,-0.97139528468375,-0.2374683155584684
2021-09-18 21:00:00,2.0,66.0,53.66666666666666,23.0,8.0,34.0,54.2407488671668,9.991256117951089,5.351443336521241,6.231411038888229,63.7568717157761,64.89895895982795,70.0858140436952,74.89955330408027,61.1674128883754,24.316140186596176,9.43165695049922,8.688824389039965,8.845134506234425,5.731449645636856,4.709713132429219,4.194329097521968,3.988076341413557,3.704813919365733,3.327857843629576,2.8347963106192866,2.579129737707979,2.281970962385819,2.938818106893819,4.220286718616071,6.931441924558032,-0.9753363880767836,-0.2207236509605022
2021-09-19 21:00:00,-2.0,60.0,15.333333333333334,33.0,8.0,34.0,42.27184166383561,12.967304911228526,4.118647991330964,4.487509195247311,60.265087632022805,62.55951452069596,69.13331293567379,77.11440241692544,78.6395707812507,63.40634611723909,39.00831207006535,19.78752581052392,11.272619791014463,10.7021252579056,17.59642976000003,25.65581232456752,33.554755234792175,38.27987695634325,40.57371245315548,40.67261684803153,39.580890102571296,37.43540782920487,36.262247325594345,34.638837074288595,36.39086436237875,-0.978988873740932,-0.2039136706831147
2021-09-20 21:00:00,-1.0,68.0,6.0,20.0,7.0,19.0,41.91408531636191,20.748111086003203,4.322404946428936,6.134036138172039,52.964924472047,52.40199132153421,57.42908463488915,61.87519305609944,50.16223000382685,26.560018443985484,22.465915314750344,24.251985490235413,29.75042208200394,39.308920552860585,54.69417875752509,64.28433483482395,69.5812547875307,63.72201334765546,58.28076994755729,52.39899609485167,51.37514651165793,51.11598557166407,51.49371644619424,51.278549199221736,47.18077803008741,-0.9823516608469236,-0.1870433490699165
2021-09-21 21:00:00,1.0,69.0,37.0,18.0,11.0,18.0,47.116170975474176,16.687267877981125,4.0859531027259175,6.325452480210858,51.79774829757719,52.57915153292871,56.926684344422775,61.44463996076481,57.81331852526767,43.34011365393898,29.97132348223749,24.080529159181346,21.92302449927968,21.9659439888096,23.82980786833566,24.99174382557227,25.85462876135886,25.57663492137841,25.201741982564982,24.788965149308225,24.244834243638635,23.63023000158393,22.65721645070749,21.087948195653603,17.36272184645308,-0.9854237542919524,-0.1701176783204905
2021-09-22 21:00:00,-4.0,71.0,64.33333333333333,21.0,9.0,19.0,61.27034483869424,31.39893935459281,5.968027884918387,5.217883861454263,58.61426406757733,59.19121348705922,65.0224223897237,71.65978665867915,78.03353009083197,84.15175155815047,89.77907593441952,94.03152834344444,92.96395966345706,86.73361219911196,77.87809935565436,71.50515544139266,65.52347098130863,54.654836564823086,47.60726862879928,45.94086366670398,44.11081493305674,41.96430505744099,38.439396031305776,33.49854468880225,45.777329615076354,-0.9882042449941422,-0.15314166701312
2021-09-23 21:00:00,-2.0,73.0,64.33333333333333,23.0,8.0,18.0,57.26296650219611,25.78962788435331,5.894568092638907,5.251949251490341,68.05597199833778,69.11680252490292,74.76604428285776,81.33771485464885,85.62507831514907,91.79343670499892,97.96526812248425,96.7837063119414,77.88651281571988,46.03963202692202,27.50089079848848,17.55926562844844,11.950728059713065,14.243878035229336,14.216536913912034,10.555030028591684,7.847475796453194,5.515843446228133,4.073939027401135,2.723506638025447,3.0746153278585324,-0.9906923101615608,-0.136120338622667
2021-09-24 21:00:00,-2.0,69.0,79.33333333333333,24.0,13.0,15.0,70.47782542093019,30.2489794511966,5.82321586145285,5.406377706487554,78.50790442042577,80.03675160568689,85.70114733656168,88.70002126951184,91.44781122739764,96.81869604417524,100.0,99.23793250587896,97.62574523306183,93.34077006711702,88.03609755735604,82.7550079537835,74.16190621821735,43.620306040867554,21.3834487163129,12.199490433843168,6.258345916093104,1.9099958105305224,1.3817773148823536,2.856644112875294,5.6631154107287145,-0.9928872135356962,-0.1190587300340498
2021-09-25 21:00:00,2.0,65.0,35.666666666666664,24.0,5.0,15.0,67.54642519496244,19.926320418390645,5.273854369527513,5.999538330111859,66.60312440386498,67.88218318566337,74.52897260471723,80.8445395348629,81.9680049853766,74.94200855857784,53.90345672191672,36.56170213358323,32.633545469808894,42.75037022858679,50.34270232207693,47.95370667897952,36.842756556964616,27.090474939319765,20.13257563428169,19.44650265414276,20.276251377355653,22.19255329024195,20.70483366191388,16.587839816717604,15.3706883217915,-0.994788305609327,-0.1019618900517457
2021-09-26 21:00:00,-2.0,60.0,93.33333333333331,12.0,7.0,30.0,80.54849897554632,31.391155449055905,5.841568608774226,5.556706501738361,89.3637166321413,89.46126959197285,92.33457089165326,93.57704619274794,91.79333837115216,86.34636917793149,80.33951131844232,77.38524882998867,81.92769020228961,88.77778536024013,93.61066184223571,95.92875702940844,95.60635548056082,96.19756337482724,96.5138231090712,95.25026986614417,94.52474300539892,94.19151362577884,91.84761583493793,84.77428939133486,66.98309477585028,-0.9963950238187232,-0.0848348779057653
2021-09-27 21:00:00,1.0,59.0,47.66666666666666,17.0,8.0,24.0,64.3868891219303,20.519871629017,6.747121644779766,5.364580026991681,75.95871617046095,75.91552487182958,77.7505257440556,80.78866254676258,84.57855123292038,88.78562114750416,93.40019353330132,93.9633051651997,91.27273260204548,88.726161633322,91.510529279812,96.7107913707556,99.88807797962303,96.73300661602512,86.09494466496919,56.926131688204826,31.36676069669909,15.32672064919018,8.03086426256866,9.28841198894937,13.596524565435836,-0.9977068927101168,-0.0676827617545516
2021-09-28 21:00:00,-2.0,54.0,57.333333333333336,32.0,6.0,31.0,52.47998684205015,13.394353230564056,5.170216092826519,5.873406778838391,64.7802632987607,65.42619175527663,68.85551726455935,75.70474313666632,83.69637093863821,89.0513403236178,94.01427255886678,98.83149008489616,97.99926104567275,90.8646961248057,60.0147060924154,38.161144974402845,25.83076480000478,23.36952636957647,22.99507106872853,27.09341758563844,31.05812611328065,35.08685411087388,34.5056232928427,29.25349871131824,22.23198810511204,-0.9987235240803972,-0.0505106171852228
2021-09-29 21:00:00,-1.0,53.0,63.66666666666666,15.0,6.0,2.0,61.21468958728256,16.402978254980248,7.317223965990705,5.100013222712539,76.07636424253256,77.13002841835286,77.51473382031632,81.25510479416508,84.61851734728756,88.14157648536141,89.65475029886272,83.34350816862354,77.17379767744225,83.42220095674126,86.8030424113575,86.79777587951433,85.12995635232708,79.85797733570864,77.12594148972191,81.91663921262608,86.98235733685146,92.00888746357626,82.25870237116314,62.22222707687188,47.3211012294532,-0.9994446170919858,-0.0333235257116313
2021-09-30 21:00:00,-2.0,48.0,90.0,18.0,10.0,35.0,76.59922957461941,18.196531235728347,5.262454543067075,6.2715139359740695,80.18292109710117,81.51480332421781,88.3583147757043,95.74435550198513,98.62945998173008,97.9387483831603,97.15251108845048,98.24372398891865,100.0,100.0,99.6480568049015,99.8397258966639,98.92418847384526,95.27289848131426,90.5756830540826,83.75256469239251,79.2422946875463,76.12236995871736,78.66872157654616,85.6760789988647,81.28766514011122,-0.9998699583618592,-0.0161265732706577
2021-10-01 21:00:00,-1.0,45.0,92.0,18.0,6.0,30.0,76.32467403297849,17.152381353223184,4.62782725363452,6.695302190354823,86.7349479996216,87.9823640927463,95.15738436114066,99.70317648839644,99.86398834889602,99.7196034301399,100.0,100.0,99.82910782030832,100.0,99.56341302874888,99.54141110609322,99.44450967205536,99.36589256420596,94.43421788039711,81.01510280711209,74.89527720786242,75.36866064481107,79.38761169617808,84.2351414460223,84.31888956942892,-0.9999994220246924,0.0010751512827982
2021-10-02 21:00:00,-2.0,51.0,66.66666666666667,18.0,6.0,33.0,65.89567123190949,14.18063610924235,4.9550690371879575,7.130030410167605,81.79027028749213,83.14325043820756,89.17830529881311,89.5066793642225,91.7519615099211,95.5070483050996,98.88711610904352,93.90803011752509,82.74251135851118,70.50062065315012,61.11573781544358,52.57341338329952,43.64658410983632,38.289986513433824,33.572012368675146,31.08324915283111,27.66785723721373,22.551204962609365,18.525585525809586,14.011239248312451,14.451097115950398,-0.999832969770105,0.0182765576816912
2021-10-03 21:00:00,-2.0,50.0,69.33333333333333,24.0,6.0,35.0,58.45943062660115,12.924609966257272,4.749841355586083,6.57389449295017,67.15609148428591,67.91208233608229,73.47683008543191,81.85444862795566,92.3179913812675,100.0,100.0,91.72747819019364,75.20517228118527,60.5091976441498,54.5881411929352,50.49346175750857,45.71383362106297,40.28493240583352,34.4658235173463,27.74304986033764,22.6758735280536,17.856886345296765,15.900751394097451,14.7245133508072,20.52319839680367,-0.9993706508539968,0.0354725557531255
2021-10-04 21:00:00,1.0,56.0,12.333333333333334,14.0,4.0,33.0,50.75435564809223,9.31262623435684,3.698460873216116,6.662648564709995,61.69298505124934,62.70933290074547,68.7669036029684,69.8447091869872,53.62690235307868,31.042657041672843,17.716088960830124,13.807079142710355,14.066044246756162,15.710274933595857,17.903267032327232,19.979811419416794,22.14009378975665,23.25821503912472,23.425088112291103,22.35513545914578,20.11410734090297,16.660578120680185,13.816056417631104,10.111994095817863,10.430987343740249,-0.9986126020839734,0.052658056924614
2021-10-05 21:00:00,9.1,61.0,5.333333333333333,12.0,4.0,32.0,45.8769799407876,9.019333156153326,4.225458335382618,6.373704487260099,61.87600318102413,61.01293653533657,64.22528012266164,46.77191775367994,24.28972525789069,21.867352372979905,20.361675120978354,18.817794613743285,18.07943664812984,17.724359286670857,17.569282682214514,17.43817025400225,17.234987847204057,16.614531622689547,15.425945352016566,13.604226540971457,12.013785117904437,10.01445709428102,9.760173515449418,9.719042487189451,16.04386502002624,-0.9975590477788612,0.0698279757298708
2021-10-06 21:00:00,3.0,62.0,36.333333333333336,8.0,6.0,31.0,51.65766119629362,16.74353119316775,4.33921756152124,6.551310278985103,72.34102492240933,74.01579621502697,75.66070753518449,75.29150533584912,66.5616547432684,54.7277072077264,45.55537679545985,38.92972945420337,34.06038577764968,30.761374011478708,29.31372550827847,28.856338475786,28.614096422718283,28.63298998948456,29.63625598440112,31.5446479832375,33.15470531621257,34.841833485382026,33.97203399417349,31.97170097284384,34.90319422081471,-0.9962102997023295,0.0869772313136861
2021-10-07 21:00:00,2.0,65.0,4.333333333333333,11.0,6.0,29.0,52.10193060180119,14.388907776173802,5.097791089768108,6.7130159761592925,64.21663755557175,63.655525758096765,62.73955759817748,56.92420887462257,54.70764240827501,51.343292341779865,43.09285980199595,31.594276713418985,22.0358643913992,16.07965439540985,15.550177037214617,18.484940570969243,23.41032608566499,29.093509235198567,33.34070429504674,35.2155336058025,34.40183202791244,31.33167752948836,28.50877013971286,24.949623126360507,22.73115733338993,-0.9945667569706336,0.1041007489354256
2021-10-08 21:00:00,6.0,55.0,5.0,18.0,6.0,7.0,43.16456515379113,8.295914411810495,3.248616859261981,5.7213084298602,55.36454667607582,58.35861899865221,64.21230220547535,62.528571362834505,45.999794659879775,26.89860077852369,15.217652871676624,8.120481040904746,3.89046130099567,2.424047548588287,3.7428174367432647,10.393154270673229,18.348750637150086,28.12180722697088,34.40882394484955,38.50202303090699,38.11716536706701,35.9583713178451,31.920847693162795,26.43334227180017,21.48876135857937,-0.9926289059345096,0.121193461470736
2021-10-09 21:00:00,-2.0,56.0,20.0,13.0,6.0,16.0,48.79868354185697,14.60172739270919,3.563043843782568,5.775970045093651,53.14377793524569,53.49177643340381,58.87835603218612,60.94854891331335,58.32000818058808,72.9858175390104,77.52162530532429,60.5241333752611,44.36517708779422,35.0968627149674,35.35810241341342,37.60680903871823,39.40505728318687,37.85768588188133,34.96927476259608,30.6365634301491,28.655512528067256,26.851860436735503,28.75484429424999,31.682141354257016,34.65974920637572,-0.9903973200352558,0.1382503109109819
2021-10-10 21:00:00,-2.0,58.0,81.33333333333333,9.0,6.0,18.0,57.3250988860086,15.60961304206231,3.840864743404024,7.303212942270704,69.49268871793272,69.51155830764326,77.2678734900397,83.65465520423501,66.97528829732929,50.746216079106745,42.72320177067321,37.001125968798895,32.83067208647628,29.450295342182987,26.59065284539155,23.636546368111823,20.70164344515265,19.2862806598526,19.86549897044529,22.62735218385497,33.11731413117079,50.289662156924805,65.24933835465782,82.4624112578096,80.64211028265052,-0.9878726596350428,0.1552662498599956
2021-10-11 21:00:00,-1.0,66.0,28.33333333333333,9.0,4.0,21.0,58.42632469788989,25.21162445572305,6.061128819984307,4.972384220947462,68.02562421802924,69.53278470026487,75.322312749436,81.76111745289364,86.44388537026704,86.19838619363794,84.47516450210645,83.63002738763767,83.1090191269856,82.63858925728559,81.5947535166292,78.32713721805167,72.69290050944193,63.299032425219856,53.06627698360585,41.80585242652237,32.96281363119192,24.42165216027924,19.09799295224364,14.226772608527575,11.508047038899807,-0.9850556718215012,0.172236243027682
2021-10-12 21:00:00,-1.0,66.0,75.66666666666667,7.0,4.0,21.0,67.66016472401645,33.05380943004404,5.871895926306719,6.170099195543843,67.1921204188934,67.56112035886842,72.22666479745328,76.36495906442777,80.5256501346589,87.19375663173106,90.10650115193408,86.26843321401293,82.21781411677864,83.22497167272535,87.26718057924865,88.43061113568704,87.2085055377083,83.54683922448116,79.7930140097057,77.9263663200234,74.20750017584736,67.60537535173026,62.8433023418517,57.03041509349972,61.367057265307366,-0.981947190186646,0.1891552687200409
2021-10-13 21:00:00,-6.0,69.0,62.66666666666666,9.0,3.0,16.0,63.26799955196621,30.05937990525713,6.466675554432736,7.027441676449143,73.91926684740191,74.33996157752163,80.36606245408493,80.72102146037265,73.41157092888177,59.68577943253453,49.65591333466276,48.14695644519374,52.03535321547725,58.30004624983022,66.24562474618527,74.98961436924525,84.92343004866159,91.01987621950794,95.0703345265674,92.43953263966436,89.79137756259321,87.70871784843564,86.85295936846141,85.82666496339633,83.88180134730166,-0.9785481345802032,0.2060183203251708
2021-10-14 21:00:00,-1.0,61.0,74.33333333333333,14.0,5.0,1.0,67.0860046610338,19.790823436913616,4.014739487785358,6.563204532726274,82.33964217352077,83.13889511454387,89.45895903325957,96.85097553873004,100.0,100.0,99.8878671164788,85.64719999266376,66.70291168636832,58.03080600930544,47.66464082044016,36.25031044250147,24.492713868275583,16.77407780917969,10.183516049129306,6.713298576511516,4.472062306773025,3.699015362101875,3.513397100836588,3.883521314268516,5.150138701292566,-0.9748595108374124,0.2228204077947995
2021-10-15 21:00:00,1.0,57.0,92.66666666666669,12.0,6.0,16.0,77.39637891920374,28.264630139702334,4.900179567010916,4.901718998789145,93.07583522649632,93.2861256641284,98.45882827033616,98.88499862403674,99.22925279589532,98.5371785948203,94.9281057827116,93.51469068802916,95.28466451236233,96.08562055621574,98.24498704547044,98.66512584744058,96.69066542342796,80.53198250484793,65.90729908800807,56.72902243978183,51.78972699701616,51.34998600020454,40.37867611468193,19.2206404444076,13.362620709101192,-0.9708824104813836,0.239556559120927
2021-10-16 21:00:00,0.0,57.0,93.33333333333331,13.0,12.0,14.0,86.46251884573384,37.82795962604958,4.225205909330256,5.927315887799686,98.12583223050332,98.19858791821773,99.02074600466688,99.24091161133094,99.02708122593934,97.79867898773522,98.03171669997248,97.1639975626004,94.56627083535768,95.59353046285275,97.7888187720658,99.88978739235294,100.0,100.0,98.44316215506048,95.94623432237104,93.5219210137018,91.35128753459048,90.4862315230097,91.90118369305776,87.56678905627363,-0.9666180104000972,0.2562218218071163
2021-10-17 21:00:00,-2.0,53.0,79.66666666666667,16.0,8.0,31.0,71.40879858498059,18.226783031292754,6.345393385959985,5.149151892047034,83.06914144935111,83.24993050980756,85.78152362010471,91.94368089290384,92.95386611122464,86.31792743147173,85.56742064174944,92.84445238750202,99.0378294895304,100.0,100.0,96.09588459534837,79.02268725616545,56.55326801790434,31.90655123712556,17.70625353646142,6.982530089567361,6.264332795853046,6.987634652971662,10.058166942147642,11.655817623401925,-0.9620675724981452,0.2728112643340191
2021-10-18 21:00:00,1.0,47.0,88.0,21.0,10.0,29.0,70.76320315881948,16.57480061238942,6.092453207384953,6.3346303484433655,88.41326761258199,88.19599572552582,92.26376974555392,96.36388583605672,99.1938869938701,99.64343704604866,99.54722741000676,99.67549082201012,99.37194674367224,99.20042556334204,98.55134676290234,98.32561782416946,97.64580190171306,97.7013695859134,99.2095404465686,97.31179044651157,86.37962945237133,60.35552437144409,45.89035091350976,47.17786228259169,55.051918608715376,-0.957232443323312,0.2893199776186952
2021-10-19 21:00:00,-1.0,44.0,91.33333333333331,19.0,10.0,28.0,70.4328486206833,15.609908315948228,5.8366669849626645,7.495921720119332,85.11064782041939,84.92373937924864,88.77396003032106,96.28965027948634,99.08341751792442,99.5140293710234,99.59757043436012,99.62281325945318,98.55031107488908,98.0619402589986,97.95570058914728,96.26100006276778,91.88030999534676,90.33864955607788,89.017231024112,87.8520086256876,84.87818407455164,80.52665232349327,77.22589527548732,74.69602997110538,75.26912017689425,-0.9521140536681102,0.3057430764672831
2021-10-20 21:00:00,-1.0,49.0,75.0,16.0,6.0,31.0,65.65067581632282,15.256398470077375,5.352473708639961,5.496727392891914,82.54946174745112,83.05286359066844,85.24407427755581,89.36488725777414,91.06592500437812,92.04163721341804,95.16431275732874,95.19499446525248,87.76211680435362,74.42733793210495,54.99571976961811,40.55764333751456,30.732074270413097,36.73480193289875,46.08382388373586,58.93198695305231,70.83718562125826,82.19881838718891,82.9459190202986,73.0647671266769,64.22528291380377,-0.9467139181463862,0.3220757010206104
2021-10-21 21:00:00,-3.0,51.0,63.333333333333336,12.0,4.0,11.0,65.89567123190949,13.757446489732509,4.364258905270045,6.286216559211175,76.39850683018899,76.17648695853586,80.55900595392238,84.68300416192197,88.62828132999802,92.97404928248416,92.26381957924832,77.21109411967933,52.73861931466618,26.94496848722944,13.739439010521496,5.305328918130671,0.1104711347137971,6.588606070933388,18.60590691931238,43.31525177537248,65.34291004292734,84.21310776290902,90.73706326527014,88.09627037796488,79.3627547026283,-0.9410336347451196,0.3383130181923076
2021-10-22 21:00:00,-3.0,55.0,79.33333333333333,15.0,8.0,28.0,77.2225955856469,22.75451638520394,5.745665752094814,6.0186329253468855,87.33954367344856,88.42814712140769,90.5848793595693,95.14886384354308,97.21464315981277,98.95471183188926,100.0,100.0,100.0,96.27160561304088,88.84445716667642,80.62819880837243,72.28378407507124,60.61067079693019,46.78275010177501,30.57879910770865,17.63186930422438,12.06031258978965,12.270834737984408,19.327908229674804,23.56370295967234,-0.9350748843515574,0.3544502230989869
2021-10-23 21:00:00,0.1000000000000014,46.0,80.66666666666667,19.0,5.0,33.0,55.60338421794655,10.749844228671808,4.111616181086358,6.387530657484087,73.87961349388135,74.5831486483344,81.21045842663777,86.27223122726322,90.26646802818556,87.41837492633097,72.15821499768647,51.76623193344943,30.92142841724866,16.083308597337513,13.049299339457868,14.280348248197384,19.316121516765385,31.04402463899228,44.519038669807976,57.98038433264271,70.14310011724122,80.01596665678552,85.69107391519466,87.82870788598699,89.84307037004814,-0.9288394302558068,0.3704825404820963
2021-10-24 21:00:00,0.8999999999999986,43.0,77.33333333333333,21.0,12.0,30.0,52.93678851797571,12.443552559267143,4.832837465794663,6.65881352479852,72.53200981823487,72.66432234120288,78.18839072316194,85.39896658760195,90.50216115273358,94.22403897850393,95.95807245262958,95.83739199035784,91.55296652253844,83.3559201022314,73.44742882248494,64.83733155645974,57.73153305412083,55.12832591368565,55.67096284656464,64.92320935133142,72.56202330687843,78.53717530383662,77.4652162435105,70.87752006404929,68.58571671336105,-0.9223291176290545,0.3864052261209853
2021-10-25 21:00:00,-3.0,46.0,74.33333333333333,15.0,4.0,33.0,60.26919272727146,10.370258074957132,5.156957218992297,3.2260716285834183,79.72213186224603,82.11925701373421,88.82849658363368,94.69422987585872,96.39836932398676,89.00299365907676,79.41721464914485,78.57660255974326,80.09203316357026,76.29749992788156,57.92855153327694,42.21601689246189,28.12674314591556,18.036077626721887,10.906522544136568,7.933309512316895,4.7531174748126,1.3800332474615176,0.6745599953186912,1.1338585650953734,14.45787343233978,-0.9155458729775467,0.4022135682368036
2021-10-26 21:00:00,3.0,50.0,38.0,12.0,8.0,5.0,56.18678998889916,15.792864712733596,3.047172924406507,5.9424932107965125,79.10029276315214,80.1813147608756,86.98019348822203,89.32091810502634,80.82301809039112,61.95298131076032,46.64568315850767,39.8748425924948,40.67340765627083,47.560472234112936,61.471713282256616,68.77289647599335,71.7115639464691,65.23984680769313,59.04713961059481,52.85659907504806,48.99079977510776,45.883523712760656,56.60339498856766,76.31119066361094,80.44149331455705,-0.9084917035725082,0.4179028888867866
2021-10-27 21:00:00,-1.0,46.0,45.66666666666666,15.0,11.0,4.0,57.89463171491949,8.86109956114168,2.5649059435698254,5.994896308969121,80.2364157379896,82.57839610627397,90.8817200857592,98.88957139415793,99.4312725796982,92.43704018940988,64.87182380269746,42.81958746646627,29.101579823959177,20.6392046180498,16.02988656978751,12.304945424334788,9.106534761425964,7.7166253187503795,6.59220792880235,6.107941476833666,5.59795715207386,5.00063650821304,4.560862677181095,3.9719137260673727,3.629677336158305,-0.9011686968561567,0.4334685453485363
2021-10-28 21:00:00,-1.0,46.0,39.0,12.0,7.0,2.0,57.89463171491949,8.160966535526663,3.355105128241064,6.3085904093856495,70.90185388779187,71.17610963380969,76.52554609823939,80.91657632131627,71.07614274968037,42.08529637690142,18.3153730272072,8.703320584345416,7.504536926324906,10.656351113177845,14.92417567243218,19.253057780081395,23.69712511327641,26.892623755210497,28.392171898343843,26.774816814211576,22.432642789200656,15.646684326283037,11.19128729066156,6.653826088733533,8.506586210193767,-0.8935790198239952,0.4489059314938798
2021-10-29 21:00:00,5.899999999999999,47.0,4.0,5.0,5.0,6.0,51.415168522735,9.87946409432509,3.339324517458332,5.867434115092744,62.659479440878606,63.58174625144124,70.42214132561048,74.26771722812207,65.23636543916228,44.63483316604311,28.3571479931186,22.45779749748141,22.861654594620376,26.212274564788927,29.442938131562457,30.742708403507105,31.06224483382409,28.733063241729585,25.803306741028777,22.216635309775675,19.49020290121344,16.934618424868052,14.082423890436244,10.330255594368351,8.010785918045427,-0.8857249183835637,0.4642104791518923
2021-10-30 21:00:00,1.0,47.0,57.0,6.0,5.0,11.0,62.86072531751087,15.054434408582392,2.936926137674105,4.577475036181932,79.89799200649773,80.1947463844312,83.84567050457314,74.90719286540485,56.67401083882768,43.97908257973223,40.64805486038693,42.43658365041452,47.62111999694669,56.097028424462295,62.11667471385511,62.069689277895314,58.24334950485133,81.82106420375848,90.27963695992112,68.72227685910859,47.8371688961397,25.367389931174028,18.16290577248136,16.77567374814009,20.47509137748638,-0.8776087166898392,0.4793776594606945
2021-10-31 21:00:00,-1.0,54.0,91.33333333333331,13.0,11.0,14.0,83.14185862145281,22.531632333183,4.294587321349725,6.9309132220266365,97.43764489359124,98.07357011619528,99.89973469835957,99.67382205464492,99.87379404446168,100.0,100.0,100.0,98.6054190192628,77.87510939375298,56.99457868617247,41.86287090910415,31.365959600048875,22.924582270310164,14.953254942472242,16.864431059237315,20.211844171261344,26.72508898075826,35.795163866034954,47.90981510937797,59.14706926685649,-0.8692328164574792,0.4944029842076181
2021-11-01 21:00:00,5.0,43.0,65.33333333333333,30.0,14.0,25.0,59.85484007345902,6.832962547959653,6.209381487170552,5.867796143268083,69.93075134807533,71.26377644143211,72.08695510765762,76.1307185011539,80.45379755414346,84.76069654601085,89.42970681002164,85.44815350739555,65.2238133592211,37.14004386059301,20.69326048015897,11.048291020745207,7.570491112041281,7.26725427668191,7.442924883751475,7.470754784717013,6.811719064282486,5.532293037588049,4.689457747563014,3.908801258722674,3.3139389147301217,-0.8605996962501181,0.5092820071573356
2021-11-02 21:00:00,0.0,43.0,44.66666666666666,12.0,8.0,23.0,52.93678851797571,8.807692472619074,8.017543720260853,3.635134923863192,66.35118193835969,65.41145676339359,67.08922095082941,73.71016902753733,81.5064143776494,88.58051343055241,91.41064440507904,91.49409973690494,89.91115231713577,87.65131672047647,75.0462397734925,68.5395976681908,66.2896876633983,64.8395813244133,59.21874065528164,46.92853998895801,33.60880747711752,20.71314335723515,11.242046740816471,1.4100614713900064,2.0125265271407224,-0.8517119107469189,0.5240103253675756
2021-11-03 21:00:00,-9.0,39.0,40.333333333333336,15.0,6.0,29.0,48.08603019284964,6.365763699367246,7.314476985005335,7.098474649794614,60.093695584382765,59.671219413092814,62.3851974488176,67.99674242226776,76.82962933151941,85.93697086997967,90.3413999596016,83.51556138096706,62.19132247584624,34.41377220715484,34.08603296762273,39.02655888060899,47.80880102962637,53.845177605050345,58.41420519601361,59.27637078868487,61.05071211558377,63.8910946733497,65.40955478873944,65.64366590627749,66.17484403275104,-0.8425720899866032,0.5385835804920232
2021-11-04 21:00:00,2.0,37.0,49.66666666666666,13.0,4.0,24.0,52.00828837403648,7.011312144848361,7.005985821045361,4.606926043890376,75.44623798753256,75.10779518893975,76.92777632350575,79.01327758668053,80.04195582020839,83.84005374770301,85.86777901047618,86.04882718725555,88.47191724703282,90.01806516886035,86.75691002552456,75.17722319203888,61.155507564197805,50.44074411010085,45.020964689535845,43.71853020584547,45.68760988483545,48.85872727527459,46.03429002045261,39.78394531412797,33.410813114499625,-0.8331829385891785,0.5529974600700271
2021-11-05 21:00:00,0.8999999999999986,36.0,23.666666666666668,9.0,5.0,25.0,47.59815530637304,6.018578744835374,5.024725821820608,4.817764373035889,61.24039165796143,59.044518353450016,63.27925868237465,70.5669157615091,77.65490901548078,76.7774577368155,69.8998237148093,63.15914030007029,55.78279707036253,48.32096243909714,43.72297567263704,42.35478860371623,42.04868275973704,41.90951113351711,39.661245324567226,34.76015462598747,27.654939549526205,18.15819195971844,13.52249178310265,9.201548084145886,13.109975634543304,-0.8235472349556007,0.5672476988027229
2021-11-06 21:00:00,1.0,42.0,8.0,9.0,8.0,24.0,57.32005311554053,8.74142299446701,4.537343395714368,6.771022866056303,58.60956642538572,59.55300373151865,65.62532296363575,71.33960026084114,69.51722717557057,59.47055842463232,48.5667749124188,38.34487947895843,30.818275071253943,26.57644075857777,25.19268130065655,25.477440106414942,26.51101391720978,28.38686471103108,30.891612447753563,34.40322253217721,38.63387163161099,43.87417652929454,46.33604785367506,47.82675374492009,44.40090033773609,-0.8136678304455991,0.5813300798152042
2021-11-07 21:00:00,2.0,44.0,20.0,6.0,6.0,22.0,55.30805895279023,8.013004015500078,5.212652956935972,6.714937756378671,46.31555454904901,46.60025100507029,51.54291884888188,58.10948603050882,63.77310451622744,59.43817895103815,48.41423432948636,37.6385061273992,29.04241757585481,22.59630569698261,19.31866149219132,17.096469768492423,15.82553854931293,18.30284254534705,23.494883348053488,33.30293538519219,40.28914537162393,45.205164363346576,42.64995280545836,34.37497171648127,35.722886543905936,-0.8035476485339116,0.5952404359043674
2021-11-08 21:00:00,-1.0,48.0,28.666666666666668,6.0,3.0,28.0,62.99117316322023,13.936977400608296,4.857900005093327,6.847309234439848,69.23633728602367,70.79989802007938,75.64677624159702,81.4771181444255,87.44219454184186,63.248350589070746,32.61597400853455,19.749155964908084,19.69017937189896,27.97684510529111,38.7836911031643,46.84140790698444,53.14758688496974,59.707250328689895,69.1673020500256,81.85806434854256,89.81585928096398,93.44632117618109,91.55866421183248,85.45015655963404,72.06350510197473,-0.7931896839451843,0.6089746507720486
2021-11-09 21:00:00,3.1000000000000014,46.0,39.66666666666666,10.0,7.0,31.0,57.89463171491949,5.359885856712682,4.595573968792962,6.282613458680745,65.04688358271503,65.92768855417629,71.58615198403965,71.97280083704256,60.82256665865072,39.66393670873457,21.30494851166741,9.857730557748845,3.77897238044172,1.139975378014229,1.5061399642492888,2.259427846344264,3.101910825186125,3.682479245533335,4.442782280584061,5.363292441474752,6.368309653323245,7.612112005831251,9.101250480448636,10.90020988151222,14.88652541294065,-0.7825970017677834,0.6225286602431057
2021-11-10 21:00:00,3.899999999999999,41.0,46.66666666666666,11.0,6.0,31.0,59.57550414737721,6.874075772865817,7.393352452563604,7.343723605492423,57.04313483253449,57.47040221688542,62.136983458417774,68.02413397873175,74.10281027910042,79.02651610147903,83.29944584563121,79.75521030894105,66.83610353359911,48.21398997685326,42.30423109505922,40.78133612875668,42.01672689986079,38.98544196474209,33.632832855899224,24.89846621848404,17.762023235273343,11.5786944981954,9.213502909664754,5.391141649502885,6.558198033127062,-0.7717727365467837,0.6358984534680745
2021-11-11 21:00:00,-1.1000000000000014,37.0,46.0,11.0,5.0,33.0,56.58784175482457,5.7395859832897385,5.921521401388578,3.033835266914494,65.40995633912813,67.27887915938354,73.79817981725319,82.51597218775342,90.8657444382678,90.601864213146,71.22786309733975,48.47386222484334,35.65317833754702,27.29708128857069,21.349649945353114,15.693740611235382,10.2411735239465,6.325052880565914,3.73687256398468,2.2475009300156525,5.07805374681749,9.05501281797557,18.16738168780214,29.964161071239044,38.44984559315597,-0.7607200913564104,0.6490800741100398
2021-11-12 21:00:00,-0.8999999999999986,38.0,90.33333333333331,18.0,14.0,13.0,66.95834263745293,19.081008977327294,1.73469020076733,5.471616338170615,92.34052374312216,94.34085621631765,96.38809009331976,96.4747379792801,93.9970898871854,93.0722688376018,94.87702419325888,96.30729137874908,96.8667690111123,98.33441734507792,99.2283851737064,99.97339193302864,99.6213731136068,99.99321643981128,99.65051914901603,98.3235502250191,97.00224690591202,95.14099120355264,94.06701273822044,91.45061314001131,89.49081263456189,-0.7494423368521953,0.6620696215153815
2021-11-13 21:00:00,-4.0,42.0,56.66666666666666,7.0,5.0,10.0,70.2097508066708,11.324241293437249,5.874236128355824,6.524936431861079,81.6584212882018,83.09254385628874,76.23716386172264,58.41831168564661,34.53542028842387,33.67704223569356,38.9474754834388,42.79478672310667,46.20659730514357,49.81954463969016,55.49381017252315,63.00553592370169,71.86652861556388,75.16544607150597,75.4899105954694,74.24335005084663,72.60240045670803,71.81062895638188,69.71178606879661,64.98878839303329,61.90200794533899,-0.7379428103031386,0.6748632518680403
2021-11-14 21:00:00,-2.0,38.0,67.33333333333333,12.0,6.0,24.0,66.95834263745293,8.841851960097248,6.012293024780452,4.1654127276864905,75.82113747831242,80.2392981757834,74.74072007456772,81.0884550190166,88.95335436311305,96.18026223994524,100.0,96.3237163823542,82.99765224111476,68.67965237616292,60.702682685544985,48.77317109695306,28.92095084623383,16.049618376819264,8.868323153134526,17.134296433812946,25.26713611797078,33.86993083630305,36.038754155746254,30.64859440996205,25.03596720450588,-0.7262249146041543,0.6874571793269664
2021-11-15 21:00:00,0.0,35.0,95.0,7.0,7.0,34.0,81.79219737449081,11.551197901808324,5.489083904075328,7.205649981833958,97.45127632110596,97.84656889773264,98.03591537397422,99.10705726534697,99.38655760557342,100.0,100.0,100.0,99.14806931626109,98.32024837863818,98.22364012870445,99.57991536369406,99.8633344449062,94.8090803350682,83.98272253747042,64.43220601177512,44.96181887852118,35.37494224894468,27.208035918391527,23.807822316735543,20.89053468500358,-0.7142921172691032,0.699847677146407
2022-03-01 21:00:00,8.0,17.0,64.33333333333333,20.0,9.0,15.0,56.02178820485194,4.410795171922632,4.316090306893196,5.774818097241097,64.70980694310465,65.6112441126939,71.95780799746925,78.30987694788166,73.10382675608943,47.21273640139573,41.3612309235382,56.39302833388727,74.36078524495883,84.79588925374463,85.18574972156891,86.14742979481368,85.47351355025916,84.16800305507246,83.2426063227122,81.97073500987699,81.89751329026443,81.62168657664573,83.21822441711846,84.31546259569241,83.21117368759768,0.8584015232918917,0.512978386299228
2022-03-02 21:00:00,3.0,21.0,56.0,29.0,10.0,29.0,59.24731935405764,3.82704797815752,5.889326366648507,5.769718506381064,63.15662588263909,65.57249043104422,66.99102161464124,73.99897439297884,80.18964978785124,87.27039158527543,94.99576893064928,96.77852334753987,80.92982834428051,47.718076310918455,27.18447841645678,16.685102428247365,17.298142612100325,26.09192755794596,37.54206007140329,48.17848073617941,56.7633493389262,62.17961684513308,65.29278397356865,65.68128553212411,67.49757809585641,0.8670985522812081,0.4981366284784055
2022-03-03 21:00:00,4.0,7.0,72.66666666666667,28.0,14.0,32.0,51.85220251904609,1.701288803167313,5.610463594302671,5.409081850851666,66.73871550610508,67.48227908211689,74.09515099485675,77.38789833362831,75.83476075969618,76.82600397303509,78.60352748395827,80.30117375174888,82.03349535368119,80.53185046367282,63.99893728436336,44.03505122830479,24.38444918581416,19.09073296587908,15.418428142210416,15.362607595918544,16.08460474477981,17.4256080685852,19.605189963284616,17.697285380028497,12.113130176274812,0.8755389928586302,0.4831474640149687
2022-03-04 21:00:00,0.9,15.0,56.66666666666666,33.0,12.0,26.0,50.7438645813015,3.134124264157664,5.471031217234217,4.848653260104843,66.46501270593778,68.39104984125431,75.17262447173519,81.20493308592668,86.95940729297376,95.80829263918322,98.80774733524044,99.48556982223548,96.19577742015296,85.60047777475043,66.21103498379777,51.90530129776414,41.72122704542021,41.467290616028734,42.90649841282801,45.94063854546766,47.81372341522577,48.25690727847152,47.42606810459875,44.67057519076232,39.76396564366216,0.8837203473619977,0.4680153284438345
2022-03-05 21:00:00,7.0,23.0,17.0,22.0,10.0,28.0,49.7557853319686,2.392055069348603,3.4336562558992414,6.611164925545604,55.24003488084324,56.33782203157436,60.999733013941125,61.34163464845648,47.31361278476992,30.47978374007021,19.95259927377809,15.769767180351804,14.276498401421122,13.739095187765074,13.122077915036275,12.867904861383042,12.759773322481465,12.647287470279595,12.325957976018442,11.677076540001266,11.171403801870476,10.472040449293743,9.874905488652438,9.448032217694347,10.421225911417311,0.8916401947968874,0.452744699607371
2022-03-06 21:00:00,3.899999999999999,32.0,91.33333333333331,9.0,9.0,14.0,84.9896872942631,14.801384512593131,2.1441075308917394,6.934466010323474,97.83125129797769,98.54279169441516,99.02771644078094,98.2811755249482,97.01728672540985,97.95635841785575,100.0,99.67580642480388,99.87215386008116,99.73781046308076,97.30015897987498,88.895988275195,70.73022797451227,54.8223053087786,38.99835726021399,30.86424631173166,22.06800200288583,16.0189104092804,11.94072394645618,11.07648135024228,8.000418818245112,0.8992961915530253,0.4373400963303323
2022-03-07 21:00:00,-0.1000000000000014,32.0,84.0,13.0,6.0,17.0,72.01396618291184,13.737769434527175,3.1871424219927604,4.903579250372392,92.64387466471253,92.59928328643288,95.26523855567248,98.2267508169009,99.79592268385056,99.92713043055596,96.5510297412822,89.57427233879227,85.96324362160722,85.27313995690862,86.4409334172306,88.36912221422176,90.45910630435785,93.81241468310851,96.97617703435712,97.6297924697117,96.87114064790876,96.56791544809752,94.72910171927498,89.68517270153961,75.85897803870189,0.9066860720977984,0.4218060770826634
2022-03-09 21:00:00,4.1,30.0,66.0,25.0,10.0,20.0,57.99377748926714,4.411059542205174,5.219552025592786,4.87661781438474,62.47109206289427,62.71531117552907,67.99866823927135,76.00143094098001,86.17918787341512,96.1968834423052,99.838769197177,78.48590257609163,46.42303859820103,27.0925000694786,21.215211892244582,17.33692998547668,14.511288085136073,12.000612525071022,9.281438367814618,7.090720928077446,7.199994133145103,9.658026575178631,14.55859608037089,22.02135441330786,33.82681164453016,0.9206588168102428,0.3903682146763026
2022-03-10 21:00:00,2.9000000000000004,32.0,22.0,33.0,13.0,26.0,55.839808744354144,4.741026707571554,6.423990098483651,4.935808294889344,56.75866770898834,56.81019168984995,60.09737556996559,66.17240231706532,73.37003462864087,80.42196484295674,82.44854917908116,75.10449928116336,60.33364855006057,43.89394306746083,30.6637152629134,22.752908564204294,19.335578880886896,23.67138370395085,29.4107628686592,37.258465861910295,42.88062336423256,46.91246701726849,44.64612688086309,37.56401658168302,27.638261813135088,0.9272375462179536,0.374473674486883
2022-03-11 21:00:00,-1.0,29.0,85.33333333333333,14.0,6.0,23.0,68.70174760365484,7.307757697151016,5.814763111841995,5.45629605832891,86.15060949541727,87.90630880921046,95.20243692115496,97.43292357335098,98.6553766355264,98.8356855194877,98.87927574878957,98.29056620795365,95.00934286783968,89.06787366661938,85.14784458455917,81.87852533033949,79.17084708263495,78.22882817248463,77.37761639564023,76.86981000434308,75.88193288298572,72.55161647053257,69.62494266036886,64.81396854848235,64.0400082210137,0.9335418911179212,0.3584683215124808
2022-03-12 21:00:00,-0.8999999999999986,33.0,91.66666666666669,10.0,10.0,33.0,81.64115732781437,14.577905750122998,3.8130361384342097,3.744058263749266,94.68027186235896,95.02084715072552,95.05200667666432,95.76908371199714,93.24707928223192,93.3870888876352,92.4031273327254,91.68371529914758,92.10364051496866,92.27075186583312,92.58751112170972,92.32472801340042,93.44814562686776,94.7834607829154,94.1242496074358,94.177301373649,93.88515074356368,93.01505515537151,92.18332180924476,91.2881085202742,90.28111940808002,0.9395699859530622,0.342356891994542
2022-03-13 21:00:00,-3.0,17.0,68.0,39.0,15.0,28.0,48.75280690144903,2.800850584991519,5.608532157868177,5.623310005597496,64.0233666200331,65.30626020861529,68.45346971366789,76.16826533349018,85.18602656089953,95.36580324953631,99.9205466985684,99.5365972277899,95.19638090129024,72.68632941939713,50.76236913189454,37.73270775131209,37.5354251111585,41.68840081483717,46.54714063118299,48.15398159617515,48.2223495586744,45.30394717696527,41.17364505912327,35.76640219131614,29.097684978888,0.945320046913132,0.3261441535642696
2022-03-14 21:00:00,-2.0,29.0,79.66666666666667,31.0,12.0,24.0,60.406004437363706,4.988681380615496,5.144271757690603,5.996594017925761,62.81860816061818,63.62353945197709,68.63646293357965,76.06791512178116,84.16833503727618,93.86026721045032,98.82251980290714,98.2907113146364,86.52700746183933,63.191814463624105,38.86011287150826,25.440640457296503,17.023099807647,17.711062521426033,19.43528527729092,23.215284645319613,28.24922437236802,34.84356255431218,42.4855358161351,51.980098414536336,55.96281961836308,0.9507903724625832,0.3098349038318025
2022-03-15 21:00:00,6.1,25.0,18.666666666666668,27.0,8.0,32.0,47.88155277408151,2.9430163698144622,4.450348972660338,5.569227765631431,57.91081155889841,60.26511162114899,66.98985439766328,74.72552198197864,82.37309987333784,77.92869718924827,58.08828452613943,35.85533371989836,18.80028614871136,8.977880312619064,8.24454515280579,12.161909750894075,17.450205101602183,21.617935836719152,24.61345805039972,26.47770767234931,27.86157582292697,29.12424494182992,30.30567288492395,31.66594115410972,33.61982393264406,0.9559793438440766,0.2934339689665273
2022-03-16 21:00:00,-0.1000000000000014,35.0,75.66666666666667,18.0,10.0,26.0,63.86799609970165,7.62995734593648,5.61738578808956,6.765288658895953,71.4815867836212,71.6542353173488,75.5866256100556,81.81891809950812,87.53410073473998,92.21788135539082,97.2661718053009,99.11054608618036,94.6714216684194,79.33053670321613,48.59957356072144,30.50696298074216,18.625893370179103,16.59867715411677,14.759276304708752,13.60371157585432,12.460723836705087,11.14151553648614,10.418799951912916,9.495195833276778,9.62925304458594,0.9608854255574976,0.2769462022689364
2022-03-17 21:00:00,1.0,42.0,87.33333333333333,8.0,10.0,18.0,76.04554787969504,17.10293704793954,5.660969041836423,5.74215966715559,84.83380529383072,84.68938768513493,86.77567589401116,86.0026496190904,82.77264791030656,74.12363812231206,69.01899262352967,68.32644139682989,68.09546958286892,70.25278665515428,74.1830299308624,78.65972868646362,84.20399832973757,87.73491444351782,90.16381114943044,91.37212483218391,91.6463875797172,90.80261526563532,88.7946614848471,84.48442613405174,81.90298286738737,0.9655071658143364,0.2603764827344581
2022-03-18 21:00:00,2.8999999999999986,39.0,67.33333333333333,16.0,10.0,32.0,67.0805545323373,6.72837176749965,5.53592390424676,5.6483977759665,71.63296380102932,72.07806357026392,77.09651697366589,85.15782237260666,89.89439080083406,76.74481702390926,59.14323665105906,47.34741623764275,39.98888715940893,34.76301843454861,29.34894995431925,23.49016245991217,16.83713008960325,12.872935237591932,9.108419339860216,7.228053562852836,5.924061079474617,5.321600781340967,4.825673416111971,2.0690655431634006,2.015387652926601,0.969843196967294,0.2437297136096838
2022-03-20 21:00:00,-1.0,36.0,87.66666666666667,9.0,6.0,29.0,75.47320683714975,15.988735606390312,2.7836589364093807,6.165141611710436,95.02221858538124,95.19357595519692,94.50995408972686,96.9995807635168,98.80677267861992,100.0,100.0,99.44254522078238,99.99429273311536,99.79250079196623,100.0,99.30310472832808,95.8711222316498,90.7462001512989,84.2991086459229,80.47202491579523,77.1758845949547,76.40737594312907,74.18683487254913,69.96839458553474,65.19450575086164,0.977653084481664,0.2102247521189836
2022-03-21 21:00:00,-1.0,31.0,84.0,33.0,16.0,30.0,58.14079858186936,6.087353461555093,6.786479129600092,7.415860415867489,70.82203870925109,70.8713743512228,75.1180088200556,83.51219917046674,91.77073227930438,93.8873691930126,91.2039678659718,92.81376832373373,92.36789192200251,88.1226870688386,82.31508397072483,75.38687664510599,64.97953443527315,54.69007862331215,43.733678131908405,37.632016257886,32.52686300060661,30.10693141529921,28.707914625284296,28.911746114895458,27.17946718700502,0.981124629771712,0.1933764744102058
2022-03-22 21:00:00,4.0,30.0,71.33333333333333,21.0,16.0,31.0,60.54783321911871,7.481868652251269,4.998728906950296,4.768287378401797,77.0924121751772,77.2682601709693,83.59657360841972,89.685088657495,95.20011171520224,99.04430890836863,99.45935621012912,99.49706777057987,99.13477815167954,99.13619245009096,94.04131946030203,81.81010207877299,67.02918864340126,61.17639505734315,57.79151210989669,57.62945697081578,58.33738078052484,59.34498211879655,58.64349143885546,55.73470224965647,53.07342346945941,0.984305844499033,0.1764709734915216
2022-03-23 21:00:00,0.8999999999999986,33.0,47.66666666666666,25.0,10.0,36.0,53.63976214041921,4.444827553666204,4.379457931272841,4.566942321839292,64.80542692162562,66.99316930353056,73.72972650490416,82.68848137074411,84.86476529191671,65.78607310078156,47.00566518527089,36.48837151847522,29.744374898701835,23.976013750623363,17.811331986464317,12.851759769594514,8.544471226683182,6.634983757918628,5.50737746149188,5.30633375897663,4.550153327371143,3.859938837973099,1.5691561962116611,0.4322943316504791,0.3877414231054981,0.9871957872910084,0.1595132519726365
2022-03-24 21:00:00,-4.0,32.0,91.33333333333331,17.0,12.0,14.0,69.05886777748835,13.588910226242833,2.3066072504690123,5.698210808830211,87.07420685076725,89.4284354464518,96.2538136797768,99.5604255470147,99.66328859566748,99.6076243680653,98.21822599074282,97.19588641622916,98.45333687456429,100.0,100.0,100.0,98.38893667910662,98.6421465811509,99.57634293235188,99.36578406986676,93.09729563000506,79.25264638787937,65.80797306259991,48.78769942233652,39.948899012769765,0.9897936029670716,0.1425083279161708
2022-03-25 21:00:00,-1.8999999999999984,33.0,91.33333333333331,12.0,8.0,5.0,78.35136254423699,12.154945485187229,3.64866894725657,5.655478511160414,91.92631007980306,92.39179315169632,94.92558542172628,98.28439378607104,97.39912829989856,98.72948334293936,99.5758471003662,99.18823946463604,100.0,98.00389982555409,96.19806113522228,94.37619363646016,92.20540284670584,92.02293998777418,92.22253800522876,89.58712533226225,84.01107763418494,77.5167584552239,64.56631196834061,43.57950330489305,21.16216682618913,0.992098522791769,0.1254612333527364
2022-03-26 21:00:00,-2.0,36.0,82.33333333333333,11.0,5.0,20.0,72.44566960809,11.15369866428772,5.553433290846344,4.357597719310506,89.06221019199825,88.84435753872121,90.62103493428296,97.55426321529548,99.69987821407648,100.0,100.0,99.32359133569688,98.9479373529757,94.96610277635476,91.83512925014092,91.09761796127084,88.5933135596851,83.9585992990655,78.17876995996662,62.51277030716157,47.89760615995091,40.456753272136034,37.49618986204256,44.121159204497,47.68263558758319,0.9941098647022418,0.108377012791876
2022-03-27 21:00:00,-2.8999999999999986,36.0,81.33333333333333,15.0,7.0,30.0,72.44566960809,10.991887035830231,6.818471469265581,6.265556032634117,88.05963731031532,87.99416465075642,89.94177783239729,97.61061933289874,99.4790702606614,99.4479079556221,99.34909416835993,96.61095712285494,93.63451929259942,92.16146310271954,89.77540666587501,85.02157885064543,83.8712838854078,83.24468522883163,83.85825673052912,84.30695562746358,83.46738116570029,83.22240689827088,81.79705528910955,80.715822380109,78.9181391343789,0.9958270335100596,0.0912607217293118
2022-03-28 21:00:00,4.1,26.0,86.66666666666667,23.0,11.0,32.0,62.656621692400414,6.363670468427011,4.18960594629124,7.316799570534819,79.13947094328715,79.07554559391363,84.41826015531564,94.7024988117554,95.41510100426552,88.50897514972644,85.19973826242227,85.9826561002112,89.13214978517901,88.99936847552935,84.69913670398772,79.61724580544404,79.87891083682196,81.16961639323478,82.81339085189808,83.92345557928614,84.6235529502522,83.748235058663,84.28820642382675,84.56724869257357,81.7888466939132,0.9972495210773452,0.0741174251509443
2022-03-29 21:00:00,-0.0999999999999996,21.0,81.0,27.0,15.0,31.0,56.640724879780215,5.41609337004965,4.034952378932737,5.933570769078889,77.08453380865112,77.95103982958734,83.95760573220005,93.10521970921816,98.40312040309269,99.30042477341752,96.19645668389124,86.59496726692093,76.9210605930464,74.62856153342901,75.3501885896478,74.62816058038871,70.68567959871625,66.26699578866425,62.40916750096528,61.38308817544479,61.51800775862332,62.78001880071611,64.35710912290708,64.32443042598489,66.00904302402343,0.998376906467142,0.0569521960340397
2022-03-30 21:00:00,0.9000000000000004,31.0,36.333333333333336,23.0,11.0,31.0,53.32830230837165,5.3367461562208325,4.175842350515937,4.522863506351059,75.94264512512167,76.81943829094811,84.85104878463278,92.17146028348854,82.71850952978149,64.18350629692881,51.7132148494971,44.381559065285664,39.59835236156426,36.54173322089752,33.78980992629583,31.115421527082383,27.3660162780502,24.15749198430322,20.482215371328387,17.301369541064467,14.641088938769808,12.527296723374306,12.715456688107196,14.296148067214162,21.608755340098828,0.9992088560679752,0.0397701138460557
2022-03-31 21:00:00,1.1000000000000014,37.0,90.66666666666669,12.0,11.0,14.0,75.5699252652478,22.50992788698012,2.4994537177142093,5.002938745496182,88.88456319235489,88.88892830305845,93.86721059304348,99.3856843822726,96.67640656004534,83.53112270047389,76.58240593924866,80.9466751074931,87.01385986101225,92.84433672661538,95.1307902397559,94.29225352270636,88.9016683151168,87.60035302585482,87.20955256132154,90.2849050919623,93.55169781253406,95.50047217650018,97.15270584756954,96.48540814551828,92.82878769746794,0.9997451236925734,0.0225762630415454
2022-04-01 21:00:00,-4.0,40.0,78.0,18.0,8.0,26.0,75.85687836283107,14.91297980980441,4.90994157971501,5.928782529060175,80.7505508645312,80.73785537155686,80.87871130718787,86.0433165439628,90.1607875422612,88.3642741647354,85.6853537485968,86.80637847204747,91.77917992380924,97.304640271172,99.73585537788573,99.05532384747283,99.24752095686516,99.77501858954724,99.17727798860749,94.39594417851232,83.44161397783675,63.0387983667794,42.65874047692633,24.8512296132137,13.762537589913537,0.9999855506507186,0.0053757315575838
2022-04-02 21:00:00,0.8999999999999986,33.0,54.333333333333336,28.0,17.0,31.0,53.63976214041921,5.123555773056808,2.670181268165912,6.453159556966457,71.79307630934278,72.11846954945791,76.42452990420303,84.71437729728707,90.40457709619412,81.37753764956884,54.226671943294406,26.85439307646458,11.166351534670556,7.402940277912934,8.51281238895869,11.592781019038702,16.108762031559433,19.611893212270875,22.52188663585257,21.878102955747604,20.871051454906738,19.44021960237727,20.277616654884746,23.2652638596211,25.365952275607896,0.9999300657962056,-0.0118263906918325
2022-04-03 21:00:00,6.1,36.0,66.66666666666667,22.0,9.0,33.0,45.59034867106938,7.411018633369099,4.964733712360673,5.555992711069853,61.66883341092827,62.63346008043042,64.69545332858709,65.47522860962529,43.11281094230716,21.94118124356684,19.435353287935733,24.195422090927103,30.335863913677592,37.02404657756575,49.26307440528565,64.52329358443946,82.50398246108361,87.79112227992314,90.74863742919317,90.59593571043608,89.77046391386632,88.16970738326177,86.70880170811093,85.00086308240557,83.28504799390217,0.9995786855478958,-0.0290250133219752
2022-04-04 21:00:00,3.0,35.0,36.66666666666666,24.0,14.0,33.0,47.434384948944405,3.951979882258433,5.001148592008594,5.838072241813653,55.84655735107186,57.79293978531717,57.21182261114485,57.09315021887299,36.61950098075795,18.276427072478555,12.784642740163276,13.256026509175417,16.373721108976696,19.80850998616794,22.977022955288216,25.58453950814003,27.2453346966278,27.82749069708256,28.924491230659232,33.061714016332786,38.429705341848816,45.8738363837886,48.584953323311936,46.65605892792877,46.29809292206743,0.9989315138848576,-0.0462150469837083
2022-04-05 21:00:00,12.1,36.0,5.0,24.0,10.0,31.0,40.0115926771811,3.2784928376454574,4.8481536691438,6.009488692459603,55.22582121566669,55.5694423351998,57.76748379552742,47.16622374908741,24.217828139129267,13.19466301657063,11.42260901553217,13.498040354314714,16.52289573859054,19.328959183638464,20.53620579057401,20.56435875133337,19.62717938858646,18.24225828005677,17.458670616022182,17.793099257509464,19.907562823693063,23.72785306375928,27.479965924030765,31.70364619875652,31.70531783453891,0.9979887423155984,-0.0633914048695103
2022-04-06 21:00:00,10.0,39.0,4.666666666666667,20.0,9.0,34.0,40.520682747411854,3.426416659393207,4.337635141165239,5.765108346085628,63.538286495681774,64.56193113109319,70.69097862655688,65.21822063413842,30.489997292442894,12.234321287177892,9.24412180690686,9.837069140806268,10.619921331651694,10.91698128456723,10.50072956738006,9.825812932734438,8.964515237565292,8.118337395725659,7.665153879351319,7.708176474551209,7.780532494836366,7.981220084881484,8.357942160063775,8.428860667626509,10.431493721104149,0.9967506498213928,-0.0805490042187416
2022-04-08 21:00:00,-2.0,40.0,87.33333333333333,14.0,14.0,12.0,75.85687836283107,18.18678710332056,2.64359694327588,4.509076958514804,96.56036684731876,96.92485051431812,99.33725715619518,99.64004455501944,99.71517882506424,99.43210538258836,99.7480063636108,99.57616410526842,99.45327900864058,98.72026778159338,99.0200240067294,100.0,100.0,100.0,98.9737547836718,85.3725228004926,64.49409199889165,36.503213816303074,15.652187003761597,2.9504790070630285,1.0057397012058296,0.9933900548258936,-0.114787625522127
2022-04-09 21:00:00,2.1000000000000014,46.0,63.333333333333336,15.0,8.0,11.0,60.26919272727146,12.312426345225266,6.955321790803345,6.978778210185673,83.50221156526548,83.58036667960602,86.50240865284722,80.3257770477299,68.81219588452946,54.08563450064814,49.0121405900924,53.617701637218765,66.10410611147137,78.00298507554133,86.66145809102048,91.5275288800532,92.88370827419534,90.28812774900948,85.46911726411345,84.29610873630537,82.60874638211818,82.93035864799549,83.50641072102137,83.33980903292894,83.62368357651825,0.9912685467787256,-0.1318585157173911
2022-04-10 21:00:00,-2.0,37.0,89.0,12.0,10.0,33.0,78.69852741871944,12.50895560908742,5.422488501194858,6.930993957258064,94.91985796555386,94.84785014441212,97.7071660726847,98.57936133453542,99.14822264531232,99.57197644062404,99.29719924625203,97.18347014681966,98.45376288553167,99.82399888497297,99.18057117729244,95.32382447265552,89.73692856219174,87.26449496851333,85.1489981905626,80.92074185909308,74.20853068255052,64.3859089436356,49.83931345910847,30.20107563754888,20.42022271310528,0.9888537064205885,-0.1488903868564548
2022-04-11 21:00:00,0.8999999999999986,42.0,27.666666666666668,29.0,10.0,32.0,50.63721527239783,8.307622768638838,3.504323389210565,5.521247082270913,71.86774207491531,72.16544766642544,76.1751660989319,83.73285720520033,91.40864827723703,96.16911866693214,83.92408676737982,57.479653016109154,33.86819077066532,21.355401884847115,23.17603970298112,26.95607935442076,32.360677683979816,32.472637199567856,31.875410130554044,29.03558389042034,26.644545589646217,23.81717516287819,23.086559031363493,23.248319380831774,26.546508929404503,0.986146248341595,-0.1658781989346314
2022-04-12 21:00:00,-5.0,43.0,82.33333333333333,14.0,10.0,30.0,64.9013840773809,10.859774699416224,6.872518798445464,6.568438685502907,87.2558101881412,87.28975065343863,90.09895595567872,89.8599102421645,82.65903509641645,81.2794220900425,84.11774447565493,91.20182195794072,98.02132908175447,96.8199371679632,61.90266072598482,29.604639192236,15.0292642996042,17.12711393823438,22.80709388917081,31.509434926629737,36.390185091300026,33.884267512763934,26.71856952006672,15.054245289743513,9.060610151582654,0.98314697372215,-0.1828169249850199
2022-04-13 21:00:00,10.9,46.0,69.66666666666667,27.0,6.0,33.0,45.310257474838735,8.683720414558914,7.209866614193536,2.6711874644988165,58.74301786806897,59.08482500699359,63.19367223248488,63.93063297313785,58.71583642177073,53.05242849322146,51.85496149442038,59.25651253686123,71.95482909711042,84.20327668656716,73.06442195108075,54.922826096554566,28.741138861980662,15.372944357287263,5.490892147946612,4.45655184040695,12.275003022022531,27.092517531496323,54.75460552046456,90.81711809664289,97.0352755396698,0.9798567700958664,-0.1997015525660636
2022-04-14 21:00:00,2.0,42.0,84.0,9.0,10.0,13.0,73.07605006966709,22.290228420098835,2.696959109384064,5.212093462660612,91.17438059045776,91.68548030951445,99.2333248137963,99.96015221483546,99.9448693694143,98.92752407549044,98.31660850459473,97.16718982443656,97.44517909268112,100.0,100.0,100.0,99.75731301760348,99.4336033134163,99.57701004267064,99.70470254115594,99.2398992086617,96.52323377256111,94.28497606127443,91.70511998788784,91.41205800145008,0.976276611086932,-0.2165270852448143
2022-04-15 21:00:00,0.0,49.0,44.0,27.0,10.0,26.0,47.700505489440765,9.850276058793618,8.21389589740907,6.027971944497964,67.55268611459991,68.06897782436705,67.95927726847195,64.7326595912254,64.84490981824173,65.61207628465712,63.88288231138139,61.20019192244664,57.1239233964692,50.98500387786513,47.133453564259,46.77006008583985,50.61593693617933,53.480554838946624,54.22476886923658,48.70659618066357,40.9263254316846,31.07963103301174,24.874739202783434,20.479322867483983,19.127721628693404,0.9724075561219968,-0.2332885440754551
2022-04-16 21:00:00,1.0,43.0,70.33333333333333,41.0,10.0,25.0,46.73806078172681,8.556617139512223,5.532151643351249,6.047257902856793,65.6086014550452,65.99745011564188,69.68321990115236,76.60126474135711,83.80710984127288,89.71553658248543,95.99428147082372,99.49749523010868,99.78871585591016,97.79467100442318,67.32224004234264,40.14245749172347,19.78221694300428,17.94587480020848,18.85345203454195,24.883782680364945,34.40414144379294,48.45232268862563,62.042475298627,75.42581537899774,78.87908048374851,0.9682507501166718,-0.2499809690726521
2022-04-17 21:00:00,-1.1000000000000014,40.0,58.0,37.0,12.0,30.0,50.3219360877198,8.867831809539007,7.784453165385585,6.271569741509944,79.919416325173,80.6784466598236,86.33272304872563,92.25841723671437,94.74154644895044,92.74967440070328,90.13893097877708,88.56314830269166,89.27238475151368,91.622581077536,93.53454245029356,93.49833857908732,90.05725763867409,89.7072212060184,88.82935864979804,85.83199247151396,81.56350870596701,75.50848725500924,72.11787866187527,71.24820636542336,63.696737086847,0.9638074231367308,-0.2665994206792935
2022-04-18 21:00:00,4.9,45.0,10.333333333333334,31.0,6.0,2.0,36.57781935054452,5.09807509347437,4.370744380359197,5.238790870368787,61.0467480289192,64.31231954319088,71.60839170642913,80.04644653704352,84.10564711098803,57.56938882588043,23.168685002389843,11.911783450693855,8.974782026183647,8.806383265805323,9.192439348271549,9.353149380036358,9.454417628105736,9.345517745453046,9.620850875133655,10.06660363962062,10.912267279164013,11.874096905231497,11.3277804363055,9.717893351096611,6.032119616722712,0.9590788900341132,-0.2831389812281835
2022-04-19 21:00:00,-1.0,39.0,90.66666666666669,18.0,18.0,11.0,72.76339760257407,21.595142276870305,2.076195505594293,5.133835549925749,89.80786686064212,89.6251741952289,94.16445953193116,99.080693387487,99.24592361248342,99.41537027295996,98.56368794325812,97.93006466775644,99.92416407706038,98.909514512276,98.57643778630369,98.32068935072428,97.56475736237824,97.46737808291,97.78389544250216,97.1814401671981,97.3032592124725,97.61316788379564,95.97780093852292,92.13854092730804,87.47072555050217,0.9540665500578388,-0.2995947563972602
2022-04-20 21:00:00,1.1000000000000014,41.0,84.0,45.0,17.0,28.0,48.408424535627695,7.832848687285226,6.708698489273116,5.854129248162226,66.20118272877733,66.34006290394507,71.17110866285185,78.30239900026068,85.66502487007783,93.16678889432931,98.40619388605376,99.419329204423,95.07269561471747,81.8618936717547,71.44181093643992,64.59197488547804,58.09961674287746,53.84258361223764,49.67220396495231,46.91133577585509,45.171302023925456,44.7727988520369,43.69584565867966,41.22804574033897,35.10295294799918,0.9487718864399473,-0.3159618766579029
2022-04-21 21:00:00,3.0,46.0,78.0,25.0,14.0,16.0,41.692220504903474,13.71184197529742,4.842708594199789,4.204854830784647,61.41076796343612,63.64577604650577,69.3163125474917,77.19034232552343,84.91665464505616,80.40475004084304,65.28623796185559,48.34837408583885,39.87331328957139,40.18603148684121,49.07282304998432,64.55077316660939,79.65569651564479,88.2567371182842,93.04869328209136,93.20329120073812,92.93336388080706,91.92743011334194,91.18398265083783,90.52751330534892,89.71880554815824,0.9431964659565866,-0.3322354987159043
2022-04-22 21:00:00,1.0,42.0,60.0,38.0,16.0,31.0,48.56876755380038,8.3677469989155,6.930590876615046,6.087006761575527,70.01138025567887,72.3362715167114,79.96769158805918,88.88970771207266,97.0341213215858,97.2121539017336,95.37457120503124,94.664848690726,95.7274120957068,93.86519104484002,83.28443972121772,72.02050220166646,61.56606352608138,53.15786450480911,46.13944579282978,39.56629902116787,36.64082088254522,34.4449087777979,33.49246849393968,31.58453895063601,25.749069452218748,0.9373419384643772,-0.3484108069446808
2022-04-23 21:00:00,0.0999999999999996,38.0,25.33333333333333,42.0,15.0,33.0,32.39472916288557,4.290757593984662,3.5693887299117275,5.679763479853926,65.93063295583428,70.55529090386463,78.55039420644417,87.8755988794441,97.47031387523612,99.05123350047651,98.5691165060325,83.16095758257649,46.51398507873145,19.56385186474996,9.03035543392304,6.4369420972242,5.554414599001354,5.9648247911068975,6.842023830107268,8.063277017044093,9.35696851342478,10.699999209920437,11.485759345719533,12.357182456405202,12.84728252641369,0.9312100364121948,-0.3644830148102912
2022-04-24 21:00:00,3.0,47.0,21.666666666666668,33.0,10.0,36.0,35.384644115293035,5.799974232642608,4.972328069720964,3.68876327345476,41.66979433320636,44.37235057251189,49.95613094755766,56.30251946737113,63.41429055658602,65.47962111797551,64.16515059611557,45.82738338988269,26.98365947174452,13.653902867497186,7.0016190971012415,4.464547015593352,3.1341601546194497,3.195483239221354,3.8431103923898897,4.951508526675939,7.193933411104227,10.12005768452741,15.181973680516403,21.81593757491267,27.94342620284564,0.9248025743285088,-0.3804473662878516
2022-04-25 21:00:00,-1.0,53.0,81.33333333333333,19.0,10.0,15.0,48.331274919997306,14.170776517891431,2.640602539299421,6.320636357689671,79.04651987170381,82.87261563918385,92.6326740064338,98.61099228247862,81.94028596153406,55.46670884740117,39.78558778906048,29.922479697984954,21.23978237668749,16.303944300612482,23.55801924357248,31.89621630008424,38.52201226909758,33.871071364597185,31.4336562776118,31.896240631442563,37.50695996060467,47.04000439721603,58.39067694125208,73.16353971164321,78.26805902716134,0.9181214482844364,-0.3962991372689181
2022-04-26 21:00:00,-3.0,53.0,87.66666666666667,14.0,9.0,21.0,63.6344133607094,16.131394011312327,4.206047249704156,5.605074706754401,91.30518599009676,91.83351456375054,96.18436107245957,97.78193990410593,98.91504527445716,99.16560435763526,99.26760770250648,97.3548298688017,86.26981041109988,59.222028587776165,32.496298077860416,14.749151689290963,5.854925893768165,6.544365387166443,7.48971681592833,7.545157590376293,7.461821910862216,7.191579236180404,8.543612154598218,11.064470808840538,17.013444397403816,0.9111686353326632,-0.4120336369594263
2022-04-27 21:00:00,-6.0,41.0,91.0,14.0,11.0,1.0,79.03781672993696,15.749371753790026,4.670030489208283,5.37295954103653,94.75777699659578,94.45948495659924,99.70773878021156,100.0,100.0,100.0,100.0,100.0,100.0,99.661718691237,99.20683792712038,99.27278652734672,99.31460817408768,97.77002828655792,97.4593971684438,98.28952118019124,96.7421664554644,88.04852407208215,64.19133438362023,24.38857361446154,7.505143433608732,0.9039461929224012,-0.4276462092677746
2022-04-28 21:00:00,0.8999999999999986,35.0,89.33333333333333,25.0,17.0,34.0,72.33861538214826,12.195305806024756,4.469557349062852,6.294280112796862,85.26188460142626,84.90967363410927,88.80068842725308,93.77535628385446,96.62702090713056,97.10937433290252,94.36414492324006,93.2413302819808,94.4609832975778,98.23159805080874,99.49312741210132,99.35458954212292,99.8830305643231,99.3592576917958,96.99369067316204,92.98625177038429,85.6966288394333,74.11462756531137,70.66283045868632,77.19509205881536,81.23361967018135,0.8964562582905575,-0.4431322341826345
2022-04-29 21:00:00,-3.899999999999999,36.0,90.33333333333331,21.0,15.0,36.0,69.52641425000522,12.766193893645694,5.074258613829587,6.044125201556919,86.16290890507537,86.93896152064742,93.31034389756468,98.1855594291562,99.01823225398988,96.85586120114723,95.8178045705536,95.59100898088654,95.94605597178102,97.2056412586454,96.14319719388988,95.43577713911968,94.09013404177368,93.64860743614794,92.45088120443612,91.46974007603636,90.22703307129314,88.54131192959028,87.25344822206509,83.8857642042564,82.15811948200252,0.8887010478292915,-0.4584871291400876
2022-04-30 21:00:00,-2.0,42.0,83.0,26.0,13.0,34.0,57.32005311554053,12.279991924664184,5.1089928104318565,5.507525603200996,78.98709377485297,80.71556960511265,89.10492529515605,97.80967345889316,99.96537362949924,100.0,95.1738056204978,87.7548645086945,84.10432641849265,83.56642144160654,84.00495491007194,83.23027001303396,80.63951454002876,74.93841245629586,70.59148233265176,68.45399977943403,68.61034084011601,70.21096995109205,71.26218284886029,71.03379215521988,66.39784480222048,0.8806828564301475,-0.47370635037968
2022-05-01 21:00:00,-0.8999999999999986,47.0,50.0,30.0,10.0,36.0,51.415168522735,15.742202607563234,4.417922754606717,6.790686169950812,74.3343911726514,76.66113360899905,85.01732575262831,94.7472711921951,100.0,98.11367376122782,90.31841394301073,87.77460603127908,88.23360575415415,89.23237241052132,86.42570411701278,81.64370797795789,76.31888528267463,72.4514857470717,69.89861596887548,69.23945563016169,69.33892130071257,68.6105796591026,64.74011176280231,57.518016842612205,48.07726170275253,0.8724040568049612,-0.4887853942889926
2022-05-02 21:00:00,5.0,57.0,14.0,40.0,6.0,13.0,40.14934843554226,11.344053877355828,6.430683712760897,5.222590950674682,51.48264244183149,52.82124021304442,58.71872458287911,65.94303426422402,73.6112385791119,81.76667280815187,87.56441186845693,90.50700645922504,66.98230143809258,26.61765827359481,25.31992941389482,28.02234473462179,31.6432461173362,25.06699295667421,17.295023103762137,8.715769559405306,6.069146653846748,7.146738022785621,9.75362170784006,13.207589347575258,12.405916438621498,0.8638670987837349,-0.503719798736334
2022-05-03 21:00:00,2.0,61.0,13.333333333333334,45.0,9.0,17.0,40.79707550042919,16.802270796169903,6.688848150431867,5.128979003110998,47.26552956893963,49.099475910029824,54.60829237796973,61.15143549078022,68.09746359883255,65.73104820940723,68.81033035779947,73.42992091475298,76.90272013773924,78.20489923592127,70.39205932988475,72.35501245209825,78.40084779668659,71.48108945068205,65.40531463309621,60.50624432025696,54.19030936094386,46.45675299059496,38.69717298843553,29.318317138305304,21.910711437112447,0.8550745085896932,-0.518505144391157
2022-05-05 21:00:00,-2.1000000000000014,48.0,27.666666666666668,50.0,14.0,31.0,35.55190973109615,7.328979143745926,4.769625487321925,5.625316500393407,63.591448777527695,64.89171816283341,72.8340716912433,81.29201397357474,86.37299813519024,89.91103841721116,95.53142021878227,90.4245353002064,73.21346748157788,53.246834243096096,41.07604734579978,30.746503768950856,20.71480720599421,13.726103621490054,8.45408085890468,7.112309231424098,9.31317628963165,15.109832607442264,21.50426248366724,29.33872558386033,30.129943943116043,0.8367329140344921,-0.5476112038402312
2022-05-06 21:00:00,-0.1000000000000014,45.0,58.333333333333336,55.0,11.0,32.0,32.16104386084841,6.273155335528087,5.825924272987192,5.360664167704812,53.844773693194405,55.15239685800698,61.890162295485496,70.24559629084098,78.85584469077779,85.40081682869665,89.47429585613995,94.88499261820296,98.08971304527915,89.52894707518192,52.20017132200348,34.37534530605133,27.07918823228886,27.457870639541248,26.66554844339344,23.86990764495578,20.44973634734149,16.685233842810554,15.773045769262,16.268694511666137,19.40198288717817,0.8271893372462497,-0.5619233046832195
2022-05-07 21:00:00,4.1,49.0,6.0,48.0,9.0,36.0,25.363131572587104,4.230794171644258,5.615575278099639,5.81148429406187,24.25915712533221,25.254055897317745,28.393258459014703,31.983589478528152,36.221493917001496,41.40221949137366,46.95332343267806,53.657492933443706,51.82724980610257,38.692363657687565,16.659504581046043,9.431522814602951,7.05919038873405,5.993125848255765,5.597908330612684,6.192086634460454,7.82401718205786,10.405822543334372,13.59402045533417,17.908350390656484,20.6245998450866,0.8174009818249189,-0.5760691233798758
2022-05-08 21:00:00,10.0,58.0,2.333333333333333,43.0,6.0,36.0,24.634049473219,6.274087435005621,6.20094625401156,4.947495124291112,27.66524566171108,29.6246392078002,33.25419841276808,37.20634742073511,42.0164165518858,47.15929198253853,46.85470045743237,46.401554355113774,28.679981426658813,10.672389323994413,9.02005245997498,12.369550623753392,16.438469895783953,19.57421425007533,20.3310891170019,19.091817375283355,15.464325885944511,10.46004599426429,7.111822744426606,3.214061748422597,4.614869525492624,0.8073707443023492,-0.5900444739548627
2022-05-09 21:00:00,14.0,65.0,2.6666666666666665,46.0,6.0,9.0,22.73306522608789,8.833950277736305,7.314928797529538,5.968312069765159,22.62966571418176,24.54686248893689,27.460563176656056,30.99141956828805,35.038287632006664,39.7182417044262,44.96353160055476,48.960683207584125,36.27952369526788,22.489533965828706,15.146976759131862,20.137539389118764,24.633993362170983,26.717225946062527,30.982874622978247,37.337679502237215,42.36825738027139,47.71942384045204,37.1296258885667,22.0580364651986,18.779619143946,0.7971015927871943,-0.6038452208771035
2022-05-10 21:00:00,3.899999999999999,68.0,2.333333333333333,41.0,7.0,15.0,24.14610709074645,9.458914362994584,6.285461734350069,5.085641024518964,27.667375640366583,29.610528967391524,33.04534727699073,37.11494363234494,41.635314551152334,46.37707088533573,48.33273489258937,43.78428349421274,33.51466267007916,27.05764590823149,25.136364097513603,20.8048961043818,16.340711134307075,11.897590216777012,8.525517195081365,5.341212291153664,4.3692512624007644,3.6089018881328254,5.010030981132451,6.921177255859994,5.7844332807799965,0.7865965660866021,-0.6174672802835514
2022-05-11 21:00:00,4.100000000000001,74.0,12.666666666666666,40.0,9.0,21.0,22.230846823719634,12.003928039250482,5.85843481976378,6.636481085939644,23.9621255407198,25.21816471434025,27.9669878668848,30.82915712837493,32.58487522825156,35.1086280028762,37.04207402315202,33.771687114180715,22.43376790299585,10.764483581671064,5.821797941246432,6.202082132845148,9.192015290117132,17.07727629687912,29.08647536569427,46.72415069298869,54.62841667569719,58.72591442326031,50.21901630464618,34.901514938356215,29.942534279501977,0.7758587728069828,-0.6309066211876704
2022-05-12 21:00:00,7.899999999999999,76.0,18.0,53.0,5.0,29.0,19.975062523169782,14.522171363086498,7.333946785043253,5.531035519060425,18.410881281881807,19.72957825649579,21.75035333633032,24.1019523123048,26.958258274773648,30.10172138799881,33.483329721433435,33.83498822018963,31.837524299269,31.42780190927628,37.367699217166994,47.01119844718895,55.898038117479096,60.58807650021459,63.42513343957692,64.44107728210744,63.90949586871552,62.08064664548346,59.24827882973723,54.60738869089489,49.49901434197142,0.7648913904341226,-0.6441592666722685
2022-05-13 21:00:00,3.0,83.0,30.33333333333333,45.0,12.0,27.0,26.406923490868703,25.6540193595853,8.154913639892554,6.275548475512359,27.897852369666804,28.38518984134212,31.15588429143764,34.54218428108794,38.39736654376992,39.60082294013166,39.16956763660066,38.15857162838424,38.92027688316057,45.03804058066664,67.05827443512378,84.80875834749327,98.90142554854494,94.02832899301428,85.4884820997571,73.75798714953386,66.8628774433803,64.6954969890593,68.5099063158139,75.92374292827114,76.02951550995901,0.753697664392914,-0.6572212950663319
2022-05-14 21:00:00,3.0,76.0,51.333333333333336,45.0,7.0,36.0,33.218860059401685,24.74909387177328,7.511378848247681,5.774122582846495,32.5422771347316,33.241546646541806,36.849592302049686,41.23331962459397,46.22578285828898,51.94578689275255,58.94433514952829,66.64253792926853,75.29836105075788,83.87121478801849,90.43996020073206,93.00610541275546,92.32726710702264,86.09316431708778,78.37227549263523,68.1868771480356,55.66400091947986,40.42942941515988,32.316030422942376,27.82290597896108,31.829909804648004,0.742280907086982,-0.6700888411055113
2022-05-15 21:00:00,-5.0,59.0,91.33333333333331,19.0,11.0,13.0,59.69527644141496,32.34885403153011,5.059867023429145,5.547830556884889,77.47623178242168,77.97826481923786,85.9280979553366,93.62153590659604,98.85858154421284,98.8576454790376,98.51697548237104,98.07491493880588,94.94040610881864,89.32301192065611,89.41802178954111,92.68460616456782,98.11422128910388,96.2211940824533,93.5978899049129,90.2046238867682,90.37200594461297,94.66856132721888,96.0163651900556,96.26735011570884,95.16691506497054,0.7306444969184916,-0.6827580970759147
2022-05-16 21:00:00,-3.0,68.0,67.0,25.0,7.0,12.0,58.69596764953513,25.74722497536208,6.401518252157036,5.987440253458566,74.23780143416673,73.59188581914437,79.86660977319133,86.87006502329255,88.28787898827117,86.51465092916071,71.70104714946989,55.92389679708612,49.85073024320032,52.26147751706248,54.20195737551493,55.70665416538554,56.25863646126219,55.42226180767674,53.26709302150911,45.89968940693141,38.09942733361365,29.49166548560888,23.230775746263184,19.69220874830741,17.830372364813847,0.7187918772884232,-0.6952253139408722
2022-05-17 21:00:00,-2.0,56.0,73.0,26.0,14.0,22.0,59.288632007682615,20.67395147230776,6.5016192780376585,5.315947603602603,72.37301805983833,72.65521056238346,73.53759153573483,79.33289549734086,85.8511102693564,91.48321722661191,91.76689929826831,94.6465634689586,98.72553456973252,100.0,99.94766682383596,99.0422152210383,97.46312484556202,96.07468660700948,95.30166112641008,86.54059255281635,77.07137475151049,67.98298551648784,60.8179405301278,59.55390795952508,62.33558309910114,0.7067265555776158,-0.7074868024503348
2022-05-18 21:00:00,-1.0,55.0,21.666666666666668,53.0,16.0,31.0,29.859808750612515,8.109812596197493,5.998467159430041,5.32550769499722,47.922499608116894,47.71948614572188,53.19175256430631,60.10534690987337,67.65861770943567,72.6926665779382,75.42103025503289,76.1343104788012,63.7797789585572,29.800704788887217,10.463578944925446,1.973903960709736,4.415586220569737,7.6665447574216925,10.980104914241634,12.699514288888384,14.75833267950418,17.175999907985272,19.758400410012943,22.44619009193021,24.340498605940176,0.6944521021088763,-0.719538934232584
2022-05-19 21:00:00,2.0,62.0,60.0,55.0,9.0,17.0,29.75924226637688,11.377392559887069,8.43984602707647,5.150055961162689,28.41711393309204,28.90990623502112,31.106113494720045,34.71202037258092,39.11756378540753,44.00877695603702,49.33374078730759,54.45985719236187,58.03806486930576,67.33202855399905,69.0464012577473,60.7961836066759,40.53036970840031,30.38414630613851,25.716879448014307,39.14369449992671,54.95379112896508,73.52598684131758,83.10397450368592,85.19336676872551,88.10862761868825,0.6819721490904629,-0.7313781428679254
2022-05-20 21:00:00,0.0,63.0,53.0,35.0,11.0,18.0,44.44106525401361,21.46646944464892,4.158659971509719,5.8133283399688604,67.20703584577493,68.82058026005107,77.23023096199091,83.51609860568058,89.22789322771119,94.24524578751732,87.72359200621447,70.04927365053632,51.478958227990525,36.65750269345877,37.43008672721675,44.13587044377661,55.011349372437934,66.0371151325822,74.44944880834868,76.88406356793814,76.68559583461702,73.1006878027262,69.50732369015978,64.56447794325777,57.39202385125236,0.6692903895412567,-0.7430009249440493
2022-05-21 21:00:00,-1.0,73.0,57.333333333333336,18.0,11.0,18.0,55.23107333223108,36.84024501274579,5.335095395227039,6.728106288491017,69.78586328608446,70.45425090120033,78.95226827859003,85.54835026377077,88.52304604527306,87.33748523128594,81.82274009670864,73.32988922621495,62.029857554890754,50.334420530970114,54.13351191507024,62.94361575800917,76.56903034014204,87.73486873314012,95.11616144574556,88.39617122854102,78.6331796259337,65.98771291918295,58.96080637621603,54.99685343154395,55.21985946400149,0.6564105761979381,-0.7544038410927472
2022-05-22 21:00:00,-5.0,71.0,72.0,19.0,8.0,18.0,68.22081474275457,42.95976929426689,5.94367016044199,5.876817209466744,86.67515620930234,86.82516539425133,93.66776710377974,97.49991206902664,98.5845035971298,99.40339534351835,99.74570315409072,100.0,100.0,100.0,100.0,100.0,100.0,98.01557307067236,90.7343149481288,77.11675487069473,67.17792421244357,64.75983620795522,65.4638565885908,69.01700707028323,69.36640520337426,0.6433365204044917,-0.765583517007675
2022-05-23 21:00:00,0.1000000000000014,56.0,27.33333333333333,54.0,11.0,32.0,35.40449356326709,9.28835351251874,4.429684915806409,3.789220340253416,57.00064463164847,59.38853872781584,65.94660689870827,73.65523501367586,82.77012364321848,84.5716044589625,87.08884310277314,92.5166653211914,87.28376386921862,67.92440423159654,38.31859811919846,23.45205438442741,13.782847541867037,9.57896784155351,6.664055701029353,4.744569354230135,3.590196857562536,2.5875450525519863,4.246390147664032,6.621008611904454,12.217444980800696,0.6300720909843687,-0.7765366444428655
2022-05-24 21:00:00,1.0,63.0,57.0,55.0,5.0,15.0,27.582432189338764,8.682556286981477,7.639381707670506,5.2420342290840125,37.632841429214906,40.048736714629335,43.819436177949264,47.4024214305028,48.181378672075326,54.80487845577932,59.11628785062529,61.80604575543598,57.52656317561844,46.36277343342851,29.225768389537432,22.34763709032691,17.073877322708295,13.705825582364806,10.495069415156324,7.274317413939786,6.1966265465649295,5.6694537088546495,15.134246659899606,29.3065548528232,54.28201983137871,0.6166212130956382,-0.7872599821916922
2022-05-25 21:00:00,4.0,69.0,15.333333333333334,64.0,8.0,27.0,27.411360883468323,11.168549850940057,8.247663324090437,5.812660153656324,28.750725655677726,30.27403348000444,33.57976393617017,37.5437445546735,41.98818500392348,47.05031869859263,52.20506846185926,57.69293843120609,60.91122970530323,59.14354030022907,49.7220813714701,41.70437097216183,34.5595074204268,30.00329241064084,24.933522782900432,19.055305167827274,15.819379848959874,13.257907463646646,14.191233002205951,16.382715681648868,16.234095009887593,0.6029878670694714,-0.7977503570459932
2022-05-26 21:00:00,-8.0,58.0,91.33333333333331,12.0,11.0,17.0,64.26292300113059,30.22065889486213,5.790554335336076,4.130071169660463,91.63753232300364,94.154614038831,98.04353826283486,98.6939148620823,96.82943251234563,97.46716801647658,97.87209157268089,99.01952912444348,99.2362715095826,99.6486435401682,98.84459657094676,98.31116099713252,99.2562903608096,99.75987437403532,100.0,100.0,100.0,99.01815847634178,97.80462835198853,96.02365300964703,94.5232231783638,0.5891760872322963,-0.8080046647350754
2022-05-27 21:00:00,-4.0,63.0,91.66666666666669,6.0,6.0,11.0,77.90658589720972,39.118595164693176,5.508052048709304,5.377849878252441,96.58112837909208,95.97773241953551,98.3566539328936,98.7756669194866,98.62276366890885,97.66421970381133,94.97242954804148,92.5757559900845,90.9197747376798,91.92462311383775,95.81110919742022,99.4959900006848,100.0,99.7635599089192,99.42998643444172,99.21168412357189,99.3659132849673,99.79058140594852,100.0,99.54865203000406,98.67698123377492,0.5751899607119775,-0.8180198708443175
2022-05-28 21:00:00,0.0,58.0,86.0,17.0,10.0,32.0,69.29036909562232,21.70855104645357,4.360052340816057,6.273867712475444,80.19330643831942,80.12800676264793,84.38309552239627,91.04234334050724,93.20140733985409,94.65496403905482,97.12042409580096,99.61480190305517,98.62254509813116,75.14125039245822,46.157935469413424,23.04459153000637,15.278920957111438,20.154222773042925,31.54198418048172,49.54170918829136,66.11443683793301,76.74385038875985,84.54851703516353,88.16379746111446,90.2551986795809,0.5610336262283677,-0.8277930117131022
2022-05-29 21:00:00,3.0,69.0,15.666666666666666,47.0,11.0,29.0,40.499911320524994,19.265953996618403,7.449192826268655,5.495737106526265,59.86579717721197,60.24123264306461,64.13153917505208,70.51621259173824,76.81471846951499,80.55230554638554,81.00254272619011,78.88248016766384,75.21613219229903,70.49957916536046,65.98326566171522,60.57481071616289,53.008017325899225,43.995721299828986,34.416731904798816,27.39965278246432,25.264349637349508,28.03136405460827,33.895509305973505,42.53481375683128,48.9242389673602,0.5467112728685939,-0.8373211953118121
2022-05-30 21:00:00,1.0,63.0,46.333333333333336,42.0,12.0,34.0,38.01738831024434,16.70146787339542,4.663432857529235,5.083578810478898,61.50684196617591,62.00343549712822,68.17618998380172,75.35937737256982,81.08190018767333,85.24732691836395,81.32433765715261,63.66069838952782,40.986404869939065,21.250090351197706,18.015035411167617,21.88177601589475,31.317724947656284,41.74984786033929,52.50206295194126,62.44625531335716,71.15894887961058,78.84041546889618,83.80029637101217,88.24137690696342,86.19956596727309,0.5322271388474397,-0.8466016020976267
2022-05-31 21:00:00,-1.8999999999999984,58.0,8.333333333333334,57.0,13.0,36.0,32.941652006163416,10.391359051252296,5.087484802676324,5.269360697976492,52.512879319165215,53.5120171547344,58.96951208512662,66.00610754632399,73.49184156023138,79.42364262746014,88.34989846568212,96.23612213289644,90.08821444148906,65.80957547048317,37.9749713029177,23.75182226885388,15.347069712813637,12.491887942006755,9.936111082820648,7.764419117042101,6.435099834333567,5.457895417594667,4.652473018251168,3.600986113538522,3.092786921133069,0.5175855102531889,-0.8556314858488706
2022-06-01 21:00:00,-2.0,63.0,26.0,40.0,9.0,34.0,29.91912476321868,9.421392916953698,5.536658222784688,5.932264187428174,35.23483508377516,35.47492618218235,37.92773371428012,41.9236726834807,46.72086929610025,50.45772801853972,50.36161547286987,44.45643267041188,35.47406117904335,29.780310949998366,26.47497210789756,23.66639063521397,20.933596993859545,20.18398801548265,19.25632323302899,18.2459460949706,15.69706330216075,11.112275789920236,8.05883323827783,5.797216606668558,8.22929616784775,0.5027907197793043,-0.8644081744776648
2022-06-02 21:00:00,3.0,67.0,4.666666666666667,50.0,7.0,35.0,34.39793413733896,12.965235766953276,6.239249594657761,5.986206643879897,36.14180736562446,36.932934892815375,39.214992685248255,43.39944134946476,48.36379040634513,54.29015763511107,60.33335658054521,63.81214686501365,62.33785682450321,47.029057636399045,38.60976370854672,33.12490666952835,28.87157984734893,25.45745677638722,22.12793978137984,20.42631015861353,19.534575431711136,19.98240814937761,18.54257458568765,14.811850373304718,12.090341811971754,0.4878471454423119,-0.8729290708206411
2022-06-03 21:00:00,-1.0,60.0,76.33333333333333,15.0,7.0,17.0,59.82966211519545,25.19493692476117,6.946144316879058,5.917236523942958,74.94209517138543,75.49645851443711,74.11211219081638,78.72109673257907,83.77090867980404,88.07845391991708,92.2153681580923,93.892550874547,90.30441324837716,86.18490410064368,84.6099482512603,86.76871398922358,91.95505276135982,96.43963044519154,99.88228676296504,97.88276865845177,96.16800115413976,95.28110469627632,93.2426079454044,87.21935089118708,85.02299483749161,0.4727592092862775,-0.881191653407483
2022-06-04 21:00:00,-3.0,60.0,75.33333333333333,18.0,7.0,13.0,64.51028333640114,23.99428661339916,5.759167974530152,6.348473805977412,85.06807505262589,85.67331648339032,80.75968124090393,77.8220751876588,74.20264277433245,74.53333775290866,80.23515689986235,89.22750497281298,95.28713536999834,96.02045313177908,98.47960194032257,100.0,100.0,100.0,100.0,99.85096925605116,97.99568833333026,94.90691727376004,91.66236525359491,87.8000168414764,86.10840115817112,0.4575313760742512,-0.8891934772070711
2022-06-05 21:00:00,-6.0,59.0,52.333333333333336,34.0,7.0,28.0,55.30818812306261,17.482494135191065,7.982530601365464,6.73207067909127,64.54187503822702,64.83853036822728,71.51725269080787,78.71703588088015,82.22161815909952,83.44610371779456,86.00308633768648,89.38459846109214,88.1865347563652,78.35792530980075,71.77844520113092,70.86089919936356,78.879396492035,82.97609963049246,84.33912828180982,78.23879445583907,69.57506259606998,56.72722055442415,46.201801734379,34.435814814968126,29.422609110012782,0.442168151967072,-0.8969321743510065
2022-06-06 21:00:00,-2.0,66.0,35.666666666666664,48.0,6.0,32.0,41.59709377958029,17.50265384841979,6.952037205007279,5.542204113255962,56.975616255867536,58.23859851609154,63.90868048640924,71.37995060393224,78.973765550897,84.07782334841012,86.82804012817313,86.34486856022959,84.39263080269586,82.28805656989482,76.01861960221986,62.283609435009865,44.65312059693831,30.549472321969205,21.456887179544896,18.815101981342263,20.375777497855623,25.596409182535112,31.90600718239765,39.88447786890353,41.602132215401646,0.4266740831899246,-0.9044054548343
2022-06-07 21:00:00,1.0,72.0,41.0,32.0,9.0,15.0,40.97385221443346,27.4322905629412,6.973319428546604,5.288013420973626,50.5187326255367,50.76102504492192,54.66697662934352,60.7111311716787,67.55118366199389,74.76743302640018,73.50351331379359,68.55596942148917,68.6728116883219,77.512726289613,91.30745050085432,98.53694804867555,100.0,99.87997102944122,98.54936303636076,94.20434924437166,92.53033723435968,92.66676141770589,92.02277233135764,90.82978500598456,86.23529259424141,0.4110537546870351,-0.911611107193024
2022-06-08 21:00:00,-1.0,61.0,93.33333333333331,16.0,9.0,16.0,77.73834933155908,31.427496431941503,5.7363615110883455,5.967545155116047,94.67516019977975,93.97706991762648,99.3265165462509,97.87828151759716,88.43376786380102,81.7207805574878,84.39990212316305,90.9368380886913,97.2441103272712,100.0,99.95200737800792,99.1793102899462,96.54346763291292,98.29792833650004,99.3719528502559,99.60772272049164,91.7297480784491,68.67185393848524,52.06860498874312,39.14355849653662,42.59207945630575,0.3953117887649151,-0.9185469991587164
2022-06-09 21:00:00,-3.0,62.0,91.33333333333331,15.0,8.0,8.0,75.03763863657984,26.600505960694846,6.087499959461501,5.692141292027755,81.22962400468985,81.53521684520267,86.47375835413317,91.78700898847076,96.12706061692488,90.44321192954774,77.19545189381678,70.35836037095162,77.85534292370407,93.22466047307891,99.14223657833372,98.84385054613136,92.11308870165088,76.20627261212833,59.11271912530748,50.61857233769052,44.48439259913584,43.76122812336752,45.988941186568624,51.97734326112133,62.60395485242461,0.3794528437245443,-0.925211078289358
2022-06-10 21:00:00,-1.0,62.0,71.33333333333333,33.0,13.0,26.0,62.387687428101856,25.131246474703712,7.40826540919959,6.108680532587303,66.07088308559894,65.78169081839044,68.7404060223533,74.7258568988952,81.90206077186174,86.56883755234972,89.45218062183558,93.19023295964426,95.6753054103286,94.3810990213747,90.76731273261656,85.46827660707311,80.17618872630192,79.17931578934099,81.09881361355947,82.7299061830681,83.89720157942259,83.19296817976681,82.00085872499868,81.12466618511598,78.1461804622875,0.3634816124829063,-0.9316013725767188
2022-06-11 21:00:00,2.0,71.0,30.0,42.0,8.0,27.0,42.38632854210911,21.831732591372063,8.429542863142354,5.33555864610991,52.450695878517806,53.34793226225971,54.11020257015533,58.83439869460933,65.00182550659584,72.27679776392871,78.06470789055166,82.17107350572215,86.96986581744497,93.45409954687536,85.53359564220703,77.4111487274122,73.630649102317,70.1532709065221,64.10966266557587,52.11074134803943,39.09969641590969,25.928459755991444,18.898421519840365,16.122755962764185,20.574536829436653,0.3474028211842774,-0.9377159910299092
2022-06-12 21:00:00,3.0,73.0,35.333333333333336,41.0,7.0,16.0,44.31946253441641,22.341398748458985,8.60163792122586,5.515473605754405,42.91721009649406,43.10643789682843,46.48453257959677,51.4827118172157,57.37534484186381,63.72915806226611,69.1888259116188,73.68568955868214,77.27856503775344,77.42184349023255,73.42953317190496,71.5862612184355,71.72551799284508,74.20552127589407,72.84472919861761,63.146151053781566,53.17128942484628,42.415944058054,39.86979598378015,41.39786049584127,41.975464184424354,0.3312212278016865,-0.9435531242349544
2022-06-13 21:00:00,-3.0,63.0,90.33333333333331,14.0,7.0,15.0,75.13039357925139,27.13074044821543,5.936397395410643,6.693602027518802,82.52354555400173,82.54151340475534,92.24569746660666,92.98772108905573,82.79805253425745,71.12614878980608,67.77461238059614,69.73849025492423,72.39676650459283,79.95777737855242,83.22430023893006,81.24955124422412,74.8633806892448,74.26013919990541,74.99138966266207,77.07947288761886,78.24878877194311,78.55657845845894,80.14070482360677,81.26109512439373,83.90848620779427,0.3149416207289519,-0.9491110448902284
2022-06-14 21:00:00,-4.0,62.0,82.66666666666667,19.0,9.0,3.0,69.72963181723787,27.97982373951763,6.246779849245374,5.713025688780862,85.38734554093625,85.78518163335507,92.03830352778564,97.43030938012927,98.4826556297694,94.3641973963734,89.36459069352914,88.47229419958363,90.94519623721094,94.84666066780396,96.41399493026742,96.689410545992,95.77140297127306,93.18481023691388,88.79695026553621,81.28809044022314,76.60941139034098,73.01072538870473,70.5616015992489,68.10831866455966,67.30088466477405,0.2985688173637202,-0.9543881083175908
2022-06-15 21:00:00,7.0,75.0,16.0,46.0,4.0,27.0,39.92874704583903,22.58967389348439,7.823326009699572,6.384908920998068,46.6854758384694,47.8134961555468,52.48867190563072,58.42486933515413,64.58556232738827,71.23571756880484,74.07783693943777,77.51028180752327,77.89413232158692,72.15678574796746,55.1916414520948,51.02152951714067,52.711314009819375,50.44679040741288,47.112619753091415,42.53334365356103,40.55678319786083,39.90427229745623,37.762010621920425,33.89863230956593,32.2554688404241,0.2821076626819194,-0.9593827529490744
2022-06-16 21:00:00,3.0,73.0,52.66666666666666,30.0,14.0,18.0,44.31946253441641,32.35359499866949,5.6598334524275975,5.485743441464817,50.876790171553246,51.01610030299497,52.47530745318768,54.44454127988256,57.88937095797685,61.12612701662058,61.87996420372338,68.03158140874994,80.09428563908979,87.62140770002893,85.12105276416335,83.13594547089967,83.08974882644634,85.71868590963311,89.14732688153974,93.46455523032895,90.71247335866916,80.66561498435995,74.61582239599602,69.73216486722767,75.40110750402587,0.2655630278040559,-0.9640935007889756
2022-06-17 21:00:00,-1.0,69.0,64.0,19.0,9.0,22.0,67.99815268764517,32.1449570643643,7.50330416557724,5.914662265034311,72.27082950462773,72.44701750597297,70.28410185224752,67.91577133389521,69.65400686716691,75.37041284201004,84.338719485601,88.96187290702895,89.87818541519562,94.19300662665648,95.4465677501372,92.33696201919284,73.42856727814704,66.10724321055402,70.0588412009127,82.02414985162662,93.0153694359902,91.01911940177136,80.52261811665878,52.66362671270548,40.15105701226,0.2489398085537665,-0.9685189578512204
2022-06-18 21:00:00,2.0,53.0,84.66666666666667,16.0,12.0,33.0,77.04691322237959,27.673096844226315,4.984659977305614,6.223962796829909,89.57639897925084,89.42769725977693,93.69191394197006,98.7534175287364,100.0,100.0,100.0,100.0,97.19486349529586,94.30764845267583,93.57409021772058,94.47154464053048,95.19144015302906,94.75589503035933,94.2432035960502,94.80512030017978,92.38016471333472,81.02349211352544,73.01160254759093,71.28670201569174,74.9727358420422,0.2322429240090701,-0.9726578145718654
2022-06-19 21:00:00,-3.0,45.0,95.0,17.0,13.0,35.0,79.3694520433583,22.02472729136757,3.640346027495448,5.940567579619571,84.98937454563993,85.16054977208209,91.18365922178032,97.15641141181963,100.0,100.0,100.0,100.0,100.0,100.0,100.0,100.0,100.0,100.0,99.49465077283745,99.2496630162932,95.79429855542456,87.43748456866231,84.79297344358193,83.15679808656215,83.58114772796779,0.2154773150467301,-0.976508846196619
2022-06-20 21:00:00,-2.0,58.0,61.66666666666666,43.0,10.0,36.0,47.223732167466274,13.296790508129831,5.253244697844297,5.823030612971746,67.69087989371735,69.0715245480979,75.50380707767391,83.83996355941288,90.72115361573616,92.55654458023852,96.0378472146833,96.3367203216066,92.51701327240684,85.28101942900571,66.87379824555559,44.918011439320985,20.49130851653368,9.24088908294633,1.7115341598264382,2.0039451089456706,2.6839653185666164,3.818329366112294,4.09687710011733,4.038615279463008,4.57459310225986,0.1986479428801711,-0.9800709131432666
2022-06-21 21:00:00,1.0,66.0,10.0,43.0,5.0,15.0,40.02228196003663,18.00287016849956,5.393119522608161,4.333503773705325,51.4706699759634,52.87806611377314,57.99306572712977,64.32294033595662,70.81751501169633,70.25879679179282,59.615580914505394,45.30777080999451,33.20991543377632,23.87664098946001,23.4979924826867,25.236140513605225,28.764814324559428,37.3725748867145,48.54307334716418,63.302666087061446,69.22913337514723,69.79159938964584,66.30565045195291,60.58577253779195,63.028289028824894,0.1817597875913753,-0.9833429613388902
2022-06-22 21:00:00,0.0,69.0,41.66666666666666,38.0,13.0,18.0,43.69760050385263,29.05713427992492,4.337591458676949,5.691988333671846,53.62311163358259,54.38772837151083,58.68756806422096,64.99968422654496,67.65441023595314,55.89306655713202,39.05539279988367,28.595652204916902,29.825498225585694,43.24415921771038,66.96321444031427,81.56160008516348,90.72019703344108,90.95065648168112,91.87434293589152,91.84408656028492,92.07929561126988,91.30676178260823,88.98873648588855,84.03499851224403,75.31760738650709,0.1648178466571979,-0.9863240225317866
2022-06-23 21:00:00,-2.0,71.0,39.333333333333336,41.0,11.0,19.0,47.42102825645858,21.51060163082752,5.941239946316416,4.981429525980066,61.82533557994348,62.790981505936905,68.89932155434676,76.42204077751067,81.61648231518375,85.51559708294346,89.84685947689854,81.6758976543374,62.72370577463632,41.14672240713123,30.49889568769975,24.066908829191814,20.460819358685,18.345422594484024,17.219174951004664,18.27911386174068,25.47696326628592,38.42575505601069,45.86610944359908,51.01702430540601,52.20042993535267,0.1478271334705304,-0.9890132145779884
2022-06-24 21:00:00,0.0,73.0,40.66666666666666,36.0,6.0,21.0,53.262920322678845,29.96977897341382,7.262234315171059,5.401698386250346,56.725283451364646,57.302846259880425,62.63777770708299,69.42561139782224,77.14594380718492,85.3558529624708,92.897228232781,98.11999514293797,97.96571717364864,92.9550906697018,89.8839876456169,77.95317530851354,58.61773280519657,51.35422677537156,49.07874664153212,58.67595957543506,62.72198615169248,60.59344045919392,52.56225864633204,38.19615527306218,31.89978906407712,0.1307926758567592,-0.9914097417023038
2022-06-25 21:00:00,2.0,76.0,11.333333333333334,35.0,8.0,34.0,37.20165414730266,11.552528251644429,5.295041242282761,5.1468203235670735,53.420479973261024,54.50343527252617,59.36216179674738,63.11494779723553,46.97767921331383,29.109883831412343,14.913002398158806,7.920842111410102,5.31156650649838,4.767719137561701,5.140215074341219,6.185463928776349,7.836194675858296,10.77474416210765,13.813803130845637,16.834272747724512,18.027586990033896,18.00754228435333,15.935937805975502,12.40317589627429,10.206851012184352,0.1137195145859496,-0.9935128947338008
2022-06-26 21:00:00,0.0,82.0,35.0,46.0,10.0,17.0,44.084441261416295,26.647737655694367,7.408129569763774,5.631455573123902,46.04069104634655,46.16094951057939,49.971071313732445,55.1230519847811,61.2347696057028,63.6338770530822,62.24174225800887,55.14477150155464,45.70891633300179,40.62125053790732,46.23830409172173,49.80645306882979,51.33954161420586,47.29311640509921,42.0162182965238,34.62186058924859,27.495654288390103,20.177439513579547,16.268917455896645,13.941242886283664,13.702925112728735,0.0966127018812031,-0.9953220513156602
2022-06-27 21:00:00,-6.0,70.0,88.33333333333333,19.0,11.0,20.0,70.58262702474482,35.74953503481218,6.100325586407873,5.2664665529941255,84.01467181697079,84.2265565867129,88.06873208178294,87.18195087948818,84.43191384677395,82.58561572739227,78.96808003689604,73.50547639388164,65.99266281084739,67.65739383440399,78.27425779614117,90.3783865290124,97.60669036209455,97.09178185218616,89.16227931184939,57.79843673048142,29.857651185528017,12.786877434632698,5.405362722361865,8.010368237903876,13.163429513927424,0.0794772999236209,-0.9968366760893436
2022-06-28 21:00:00,4.0,71.0,5.333333333333333,60.0,8.0,29.0,33.71089265797102,15.13022034892277,6.811480284265152,5.992876429924163,49.16319443767632,50.39592854821115,55.04725091490722,60.57367237424508,67.24417872302814,74.97093650779956,76.47945588098975,73.77492091960617,66.73126883841356,54.13161728608775,36.694376540106205,26.76896199209794,22.012369008560352,24.65086543565444,26.648832693039715,27.2864327919436,25.09484005209195,20.44118016301765,17.110591098618215,13.646102803432376,12.325738719244258,0.062318379354325,-0.998056320853012
2022-06-29 21:00:00,1.0,75.0,30.0,42.0,9.0,20.0,41.444086053767386,19.77367047826222,7.969686714333643,6.239561422499502,43.47090265395593,44.10937115005249,48.00121245239576,53.173633161766496,58.99287751693591,65.18936822291253,67.92007164954782,69.6247118846953,70.22336574841265,69.86691540362636,61.96686825278653,49.95303197711674,35.143029231996806,26.78161092921489,21.495869079718016,22.40519553690982,22.778112354348355,22.958891767502205,24.15369649436171,26.076498284534345,28.462805154925,0.0451410177739719,-0.998980624694158
2022-06-30 21:00:00,3.0,70.0,35.333333333333336,48.0,7.0,33.0,42.22934726093345,12.536165521465454,5.771548120049302,5.105084544856204,49.74945335513479,51.0934281803194,56.23075252774969,62.437013622731605,69.763355117899,77.40461963082184,75.82168816316783,60.03230410017203,42.1815812379367,28.562918044824983,19.498961664969343,12.360879760515928,6.584619569134889,5.362234105797628,4.93076172188958,5.693434401014527,6.797103180582384,8.225994240052545,9.591784314395309,11.187466602704776,12.476270482480562,0.0279502982402103,-0.999609314096404
2022-07-01 21:00:00,-3.0,75.0,61.0,17.0,9.0,23.0,57.53338909646882,36.3435948967002,6.722579465135995,5.684284830201299,79.55814423497154,79.66685395546945,75.89934161484058,76.99894506206148,79.70648898669052,82.35776746051786,81.7186410861299,79.72309892082802,75.02384176163608,71.94955704145407,70.77951389301018,70.6305520248141,72.35128403787323,77.73985106087216,83.97842524631983,89.04122162324725,90.53307875114147,86.91248766479586,81.40747139892432,73.09672127895217,75.15948047670385,0.0107513077635219,-0.9999422030204416
2022-07-02 21:00:00,6.0,76.0,32.666666666666664,47.0,12.0,26.0,44.78108457497471,14.941374534681415,7.479206340046399,6.2814896833895535,39.9966951744633,42.01971719049286,40.58690796992705,43.84078340610572,47.985928127870736,51.478661359741416,49.02152775170121,39.92703068914613,32.33193663939662,28.85866244508078,25.386381654812208,22.47774032720566,20.16221081586924,19.76895173561238,20.040192672340982,20.935696868028423,21.7471068230636,22.041685106695976,21.819687506181094,20.77295872712917,20.06537857011042,-0.0064508641981051,-0.9999791929590824
2022-07-04 21:00:00,-2.0,68.0,7.333333333333333,63.0,12.0,29.0,34.55825190759421,18.963658426264168,8.033109421546236,6.379168103394242,52.27276728532648,52.78835172803691,57.78019654585195,64.29881487693143,70.7482170092708,75.82064115624559,80.99428803753888,85.50371621264313,88.54038642015453,87.6317047376351,81.10615447938953,76.41427852217123,73.67413243562552,67.28693373155346,60.0921600895046,51.52236646612125,44.81476652578078,38.93829748544305,35.56734005328117,32.70315381672078,32.60753228075962,-0.0408443915432961,-0.9991655196610107
2022-07-05 21:00:00,-2.0,69.0,62.333333333333336,25.0,8.0,26.0,50.76859033508071,25.00021074789241,7.938137781687749,4.996407211458286,51.88272988535638,52.155703339415616,56.56401798634114,62.586658155098576,67.55635181960216,70.64114991076964,74.64661045008073,80.13689179545524,84.66617107864283,85.0708784595797,83.98460658366925,83.37481785410955,84.97314990828903,88.04589903628604,85.49311091934278,66.29011248305196,47.47203749351899,30.590921387316307,24.70582679573685,25.73678989862173,43.74592365691953,-0.0580255693287803,-0.9983150972033183
2022-07-07 21:00:00,1.0,70.0,40.66666666666666,61.0,6.0,27.0,37.670267622000594,17.639600894883806,7.629756746700182,4.502392956150807,47.546961028653975,48.07338433065184,53.23291719682882,58.89356006795061,65.89014242747996,73.81657214099188,80.07007171577472,84.52494616842431,88.23223503562375,90.0761341534786,86.64809436405012,67.70129160760109,41.09480074154784,26.215455208327214,17.443340487334847,17.791356270619136,19.621721653428096,22.87165860694755,25.376010856730336,27.42792098768113,25.27168644922504,-0.0923313336953912,-0.9957283388645872
2022-07-08 21:00:00,-1.0,68.0,54.66666666666666,31.0,9.0,30.0,54.52642597791101,28.923068469286708,6.346663601538979,6.065415782665039,86.72741327062047,86.83096527695065,89.60208096845737,87.87777283659862,83.5597310081839,80.02169259810653,82.5011749040721,87.85800981202041,91.36803363653596,93.11354553114536,95.32232659700274,96.40482745651713,96.12445702647456,96.01127947952148,96.03374111426449,95.9420563293732,94.9270040212254,92.57979837962826,90.21871057162969,88.25432901413261,85.08193740144348,-0.1094457686489155,-0.993992768446958
2022-07-09 21:00:00,1.0,65.0,10.666666666666666,48.0,12.0,31.0,39.862256150108216,17.124821213396995,8.311531133728858,4.379501152361423,55.51083465546355,56.20395308113546,60.89931245925595,67.71712216702545,75.33855821356603,76.86463791195747,73.69407054869725,73.33135281558741,76.38466348571053,82.25213989875222,89.2645547590525,95.62916997629792,100.0,91.42103212110156,69.91630509094281,35.45801779830692,23.139836474143195,23.65839547934467,28.80562628437161,37.89874564744141,40.01519736687988,-0.1265278168386831,-0.9919630595773395
2022-07-11 21:00:00,3.0,74.0,70.0,19.0,8.0,25.0,47.87462530153812,31.76006092865871,7.162830228181424,5.681822479093775,54.30526939464995,57.55722000424638,53.13089752902176,54.8958798301648,57.75332534242767,61.70321048779267,65.34538148732135,65.3884327740797,64.49203688106996,71.29659586094023,84.12246048376306,95.5966675532208,99.67624799318256,99.7454623914086,99.5560884304166,99.2438883728144,98.98431530498632,95.0759414483977,89.78555309846583,81.84478379745231,79.65071329363481,-0.1605745445949937,-0.9870237158387384
2022-07-12 21:00:00,-2.0,72.0,83.33333333333333,24.0,12.0,20.0,68.33135540319206,39.98661049139011,7.015218910279753,6.198072941853928,69.29916097673964,69.65434543980263,66.98141142901883,65.38556893867195,68.5507205559738,74.1979564952704,81.34934993356092,89.72773825582149,97.46511195467608,97.90712826985344,93.71963279596572,84.95815413943316,81.414406951516,76.24977847664034,68.33128395886662,64.51036870667319,61.49119159046656,63.86121823947988,63.79884339466616,58.53381072560165,64.18837019462667,-0.1775291491870349,-0.984115542601034
2022-07-13 21:00:00,0.0,73.0,27.33333333333333,41.0,9.0,32.0,44.31946253441641,20.86849170464744,7.70651384208585,5.0249023122920375,51.31517656964303,51.88611683203692,55.329869316318224,60.75622221685527,66.4869664021986,65.14058870243271,63.31786024458646,68.90604029017786,74.10907786396508,75.07021347490551,73.66710052340977,69.017363623588,60.511769144326,46.44503707586678,33.10344172941229,25.13755216906974,20.73080716596623,20.000891298487087,22.46361323032974,27.53413696031279,31.41652774547397,-0.1944312200476619,-0.9809161537413774
2022-07-14 21:00:00,-6.0,67.0,71.0,18.0,4.0,32.0,58.561426063854285,28.568941825237182,5.750545514000601,5.777581127893519,86.0353983221359,87.5757573933973,86.96998504458902,84.47523694234062,82.21939819749545,77.9662749549388,77.92256108613428,82.89047911083962,88.89198807513179,94.96444870117269,97.95753893538722,98.58485467286792,98.41965378725271,98.49399272924596,99.17269726464885,98.4445755898648,98.8323482661724,98.2524874722922,97.5818728912054,96.73701248965656,94.8515860700432,-0.2112757555821793,-0.9774264960104057
2022-07-15 21:00:00,-1.0,75.0,9.666666666666666,60.0,9.0,30.0,38.46249485249697,21.67219288875386,8.490790460685684,5.335999050985042,48.87257497457134,49.5002919047666,53.81477572619029,59.68652742314923,66.22547901824896,73.03413166077735,65.98531357875468,61.19471189700868,62.58626401051346,63.60335154949684,65.39325393424016,69.37430056290145,75.22225725685921,78.27232448699715,73.37791511902964,57.84563833005447,42.23456042244998,27.592900612140745,22.33878477389556,20.25519261778928,20.06639000508501,-0.2280577712215198,-0.9736476020539838
2022-07-16 21:00:00,-1.0,77.0,33.0,55.0,9.0,25.0,38.7768182157348,24.39246461675585,8.567309983865028,5.336193006170603,42.9806273790715,42.964808948510495,46.04676515316636,50.71998780704244,56.3913139124568,62.20913108097692,65.72897898394491,67.31285030106618,68.0065801736258,68.55386312320965,67.57507846920944,68.18190878281695,70.37004158585803,73.6577757661008,75.7985661350234,76.03621714469607,72.18338471862769,64.31913625238411,53.73528798942326,40.13885565122664,34.0615846797821,-0.2447723008972595,-0.9695805901076308
2022-07-17 21:00:00,1.0,79.0,17.666666666666668,48.0,8.0,28.0,40.553425717581085,23.591452981381643,8.29044159986108,5.6827213184959895,42.367079124375024,42.683290721832456,45.915926505077095,50.77282302459166,55.85565012156948,60.6490885956184,62.97008484514895,62.05934314773111,60.192536557042246,62.02595163474582,63.2517540477475,63.89744560614932,64.53229951507882,63.80837889494744,59.78630125345064,48.85194697926015,35.469443374913126,19.544920065844725,10.621469257279625,4.645880262434841,7.199337335432225,-0.2614143985111562,-0.965226663665613
2022-07-18 21:00:00,4.0,84.0,40.333333333333336,52.0,8.0,22.0,41.32539726423224,27.517954208596542,8.398616005617995,5.033130140838813,40.60137506378956,41.22131250988462,43.109499569083816,47.67431536493113,52.51611934673269,58.408300424796046,61.81553649129636,61.92753924475787,62.09402554439573,67.04576591738439,70.25340741949802,66.8966900169207,52.747796615230655,45.01948812879874,37.285411660538166,29.50639186022913,23.02139752657204,18.590869000666107,16.634082716721636,16.261128238404098,16.944410284335053,-0.2779791393987801,-0.9605871111248128
2022-07-19 21:00:00,1.0,72.0,53.0,23.0,10.0,29.0,68.33135540319206,34.69577361226744,7.132547301761086,6.115440670085578,75.94193681836774,75.86131611399821,77.87144902778141,79.3563770591971,79.83887091250551,79.52092484439972,74.28984223615326,69.47440605122563,68.88820376761922,67.8997236060764,68.60842792444431,71.446888849669,76.37482687077296,77.08852810595396,73.92601547055231,63.57365843167111,53.36865568800185,46.56062123375363,42.6186046378407,44.06540288261522,48.7978967489384,-0.2944616217868012,-0.9556633054034704
2022-07-20 21:00:00,4.0,77.0,4.333333333333333,39.0,9.0,30.0,41.75550790649935,18.93238509141088,5.259902893794626,5.9258769862053,53.21617132081481,53.40145434714268,56.86728343794128,62.532102751425455,65.89991257034075,58.37796806265136,48.38624592612175,35.830963947471666,27.50481523639623,25.491129752862985,25.21325170569449,24.9618197820266,23.62892605184413,21.620415875875,18.963705779873205,17.129852469592212,15.346489009530504,13.973943841365005,12.988554135961028,12.363124360757343,12.91407929029512,-0.3108569682435036,-0.9504567035349152
2022-07-21 21:00:00,-1.0,82.0,55.66666666666666,24.0,12.0,17.0,56.46565215030564,47.39360701524461,7.898226228829456,6.289043826161316,54.127461282304026,54.20984814216432,56.302661678588365,62.15222370045813,68.85257531182683,76.50536687786449,81.89035670819081,83.34561098252597,85.78501619534187,89.99595248939873,89.80331370200187,84.86203463128811,76.28479174647799,73.86900884600539,74.83504393574559,82.33725499512536,85.8057592455318,78.96781957178077,74.66932658566753,74.89787498451891,72.50477635341133,-0.3271603271220951,-0.9449688462364056
2022-07-22 21:00:00,-2.0,81.0,27.666666666666668,40.0,8.0,26.0,45.54136454313763,24.82320955110237,7.246018794746329,5.647658726128509,53.70000366508524,54.23962976879842,58.07274563417975,64.2517953024053,71.1171277707105,76.4385969722488,75.77956201979923,69.21357187500753,60.62027173358716,50.79534004633187,44.01817906484464,37.39396501453638,30.320498502567496,21.491139082148624,12.321948212795162,5.977352743637166,2.7154790094766965,4.324752976735985,6.535550308673131,9.598168949772171,9.53778899557476,-0.343366873996388,-0.939201357453208
2022-07-23 21:00:00,0.0,82.0,14.666666666666666,43.0,10.0,24.0,42.526798460741,29.83662958419116,8.212695728946272,5.588060719827348,45.5824694294361,45.95776207834344,48.65270152571189,53.32218238197575,58.582752065381726,63.817822271762815,68.28261176452351,70.33176213305401,68.13058843865394,62.91864194695243,60.48705225969104,60.197446866046,62.1874493037078,59.57396743802367,55.80962217595706,52.66395538835034,49.74953866799542,47.555971655916366,38.85599387263552,24.82115935646727,17.762805997156857,-0.3594718130884232,-0.9331559438780432
2022-07-24 21:00:00,-2.0,80.0,63.0,12.0,7.0,18.0,56.19500657655519,39.84193736077628,8.06166590420275,5.870426505674843,51.43169194699866,51.7533616133114,53.1438589732264,57.97531644238628,62.982925446775326,65.48827192503505,64.2100189183695,63.09930050029406,64.82259633726794,67.8900812127267,71.87600875786215,77.2386708280316,84.96749129602703,93.33485726386816,99.40256882472616,99.84118190489288,99.53618391842328,94.58063240632168,78.55909146219982,51.12042958671727,51.904811358109406,-0.3754703786876202,-0.9268343944460494
2022-07-25 21:00:00,-3.0,76.0,63.66666666666666,33.0,12.0,23.0,61.90298543869783,27.814139864626107,7.264344680155017,5.8769118816112265,57.67581832177231,57.56323167635949,60.52456878554572,65.75795693594074,71.42620964152668,77.62743297955136,81.34278013432363,81.03436451434463,78.89666482474796,74.99204142071196,63.07198240184474,47.42104219936423,31.825714049654287,20.211321356349977,9.805206229177331,5.153558916622845,2.2617794855543005,3.6003818265205525,6.313472540365176,10.90785577530055,13.52758342464333,-0.3913578365610259,-0.9202385798054076
2022-07-26 21:00:00,0.0,72.0,36.66666666666666,36.0,10.0,26.0,47.57271854969814,24.908493129259288,8.156669917179393,3.964763876660629,53.88445417466483,54.24640674311433,58.62142102633581,64.74933786058233,71.87127507367501,78.41026696405855,82.85260395028257,85.02600009421528,83.02118705541498,80.54306607943205,82.5313488682688,83.24215850800677,81.0143695161402,64.94651000490796,47.89014404404704,33.56578187363916,25.76133699627244,23.997259048230944,27.23883467392682,34.5807279596189,40.87952743319804,-0.4071294853542516,-0.9133704517637858
2022-07-27 21:00:00,-1.0,76.0,29.0,47.0,7.0,29.0,43.164723830282384,24.860828175460178,6.671062825828097,5.635764098055988,53.79642544597196,54.00884840264696,58.78456475478179,64.99827007265141,70.62880893215976,73.4079547208734,74.37567655621683,72.77687939516078,66.87382665681936,56.80452402440973,48.99434954880428,41.738561899891785,35.78493155856159,32.97964078270956,31.575210500182504,34.31122477552474,37.478199791398566,41.881329451332405,44.13997763558345,45.01632186306053,41.83494743189256,-0.4227806579826773,-0.9062320427107696
2022-07-28 21:00:00,0.0,79.0,19.666666666666668,32.0,8.0,17.0,46.90289649083249,30.41581183518991,7.562066946957808,5.130291685677292,43.79689843357375,44.22018711344728,47.50695688481562,52.88973754458799,59.088960021335794,65.85067205847947,72.52055355332809,77.21782597203091,79.40175182131391,78.70113671222605,76.07226038505559,73.86702649197207,72.69272542448604,73.16108347279298,73.24619209905795,70.8766317325793,65.36393900327427,56.49326359542597,40.80242998072149,18.36878602221653,7.940808099745053,-0.4383067230125192,-0.898825465016444
2022-07-29 21:00:00,1.0,76.0,15.0,53.0,12.0,25.0,44.78108457497471,24.561277819068497,8.23524864745323,5.644828659172132,49.17703730748979,50.58600891357224,52.32151204595614,57.79334255856183,64.16971121445373,71.36645560514715,76.39211011959284,76.31389880247119,76.56448590955802,65.77207183381165,62.33668828617538,61.74781117448298,61.8357100998533,56.75120734729246,48.54817631039974,36.91906146714092,27.219914752850947,21.470578666337094,19.946796547201124,22.84311170340177,24.84084298312482,-0.4537030860313442,-0.8911529104063088
2022-07-30 21:00:00,-3.0,71.0,51.333333333333336,37.0,12.0,30.0,54.95084226417701,29.12402623990297,6.375370861036905,5.310996191269076,71.38016889221903,71.84486299168373,70.87986075293058,74.88776287401816,81.09092188185907,86.8426529903943,91.72339533882848,94.27749188669748,94.87369637532947,97.04425336596528,98.65507165671734,91.21050360313092,71.27266708998565,63.416341525538975,56.60766471845052,51.36563203896427,45.41304472713141,38.67793384841399,34.529122546343814,30.98764096162332,31.89086127351032,-0.4689651910076318,-0.8832166493127127
2022-07-31 21:00:00,1.0,81.0,15.0,44.0,10.0,25.0,45.54136454313763,32.863678728609564,6.770366892613552,5.63445694142883,57.507062435902135,58.39939089504279,64.23467001758713,71.58163353606575,78.21229189974791,83.24474599416388,86.84858355789363,86.4276163760988,81.29144322531884,74.32085037095607,69.29060509754464,65.6328389012504,63.04073729610044,60.22965776767213,56.243134451442685,50.28307092906593,42.837199974783786,33.17606077184865,24.93520123272631,16.220175282469118,12.21797610614272,-0.4840885216389758,-0.8750190302029955
2022-08-01 21:00:00,0.0,81.0,39.333333333333336,41.0,8.0,21.0,45.54136454313763,29.499714892511182,8.098719349066991,5.094278855652276,50.13448603871884,50.35044001123161,54.5788073709008,60.821140210112524,67.72138720818883,75.83767906321204,78.45674903433687,75.35343204614166,74.44660126793875,74.51085216061371,69.28011440586594,63.24553037498298,57.98930337387496,41.278324056907415,26.118390287952664,20.72796455488117,20.70737304597303,27.383033381818777,33.91582453692713,40.61522849014035,42.37950250627405,-0.4990686026885319,-0.8665624788845385
2022-08-02 21:00:00,-2.0,73.0,74.66666666666667,16.0,8.0,27.0,70.89397217984008,39.59080098195751,5.305900147572344,6.346453517947809,84.77343705307715,85.48354932935362,89.62636081842528,93.9953173867272,95.27531251302804,95.94581942240296,96.6099205600041,94.4730933003729,89.66780506957585,86.75656208376694,81.40144000192932,74.06992774527373,63.55407123124702,55.77518302777773,48.92945488736139,51.0675282777865,55.103181723540494,62.69207634541927,70.36462131993368,77.90828895313287,84.57827133188233,-0.5139010013093103,-0.8578494977869301
2022-08-03 21:00:00,2.0,75.0,15.0,38.0,7.0,20.0,39.92874704583903,14.067650226196156,4.979303042544948,5.730783981277456,43.0317351095956,43.72904625838174,47.97807460253993,52.905307929410895,58.55028109503243,62.61300303067493,56.533828956880384,34.304370862814,12.982412909366554,7.806282454525141,7.044336576294537,6.549377833821168,6.377055314201408,7.054660865402984,7.915954187333879,9.287727686436172,10.613877338914032,11.879968019219906,13.179150736879633,14.59066764119076,17.047153572732256,-0.5285813283559292,-0.8488826652214553
2022-08-04 21:00:00,0.0,79.0,75.0,21.0,9.0,24.0,62.2760878775776,48.224081097610174,5.408545788112215,5.309439086408551,86.74052547574435,86.97981691810718,87.52236008294678,82.96086509958724,84.29062897778124,89.26801460803199,95.0513847656952,98.36535466712104,98.77742002270072,97.90593111778414,97.5059549588936,97.40782288116527,98.00656454909252,98.52230744086978,98.14864648602249,98.19918865818292,98.633634381437,98.9499832829927,99.47159941930606,98.8635588508636,100.0,-0.5431052396834317,-0.8396646346181327
2022-08-05 21:00:00,-1.0,75.0,37.66666666666666,36.0,8.0,34.0,41.444086053767386,19.27359415078431,4.965425950742553,5.714725446840696,47.71070492426431,49.91021882354395,55.25744137196609,61.37612001048284,63.4439581540867,58.71233930718185,53.6390686431572,46.969179203571805,38.366146914534646,29.325218656784045,24.097470062624687,22.811756277036988,23.16200842975822,25.608644638270217,28.125168610862904,30.49570714192557,32.096273590921065,33.37957957966576,32.997400794703694,31.67038681957829,29.601343663426192,-0.5574684374327892,-0.8301981337405212
2022-08-06 21:00:00,0.0,82.0,24.0,37.0,11.0,20.0,47.35101209289196,25.40003599082045,5.840172352710741,5.767024990801396,53.33867521170047,54.70225094762815,60.34304921861629,66.68202362181181,70.00276022531855,70.36978151470909,65.785621055618,51.51547178899705,34.669979786510105,21.26058728029124,20.25635242254647,21.96448274187604,25.07433297915112,25.3798226749756,24.586844621656,21.884554558717763,19.064267174281564,15.984931820872184,13.185393199334142,9.840225035211716,7.534059376759012,-0.5716666713027052,-0.8204859638785327
2022-08-07 21:00:00,-7.0,74.0,66.0,19.0,12.0,33.0,59.49158469966002,43.56401897232195,5.025922445945921,4.927352865621834,77.07000474666256,77.04323303178516,76.51680347620574,73.62733352056699,80.16610957799341,90.35956085168692,94.66132117169995,95.01000476783015,94.6592419420822,93.51529863702127,89.47524078429238,86.95725517234663,85.60559075918684,91.75749563669088,96.90348950168324,99.47424126858172,100.0,100.0,99.56476350572868,96.01973941738784,83.18494371754491,-0.5856957398073508,-0.8105309990194823
2022-08-08 21:00:00,0.0,63.0,86.33333333333333,18.0,6.0,18.0,58.017639995610125,27.23269488282597,4.459764506291549,4.949182688165084,54.57661470955971,55.52825019070882,60.84345529028441,66.19802474386616,71.93596797760856,67.9528468771335,52.32049406879842,46.4714215582084,48.09834287354643,47.99475376995335,37.64174933188969,38.27837949958829,47.71673690766428,74.84817862966055,94.74120839305576,98.1628371222769,99.05106476503768,99.08163583889754,99.4517709657049,99.75926185514808,99.64756558543333,-0.5995514915196489,-0.8003361849976323
2022-08-09 21:00:00,-2.0,62.0,89.0,18.0,8.0,5.0,67.20193505719087,29.04506392774261,3.645083721196295,4.192494629811042,88.46256279994364,90.63105793533822,96.93130973130752,99.11047748347656,99.31141376319124,99.2057759026217,99.44220752012484,99.76769101037472,99.65138808068976,99.3229767912748,97.98839830311618,95.94832946457308,93.434434405343,85.68627553156747,71.98545636879447,50.84387140026274,34.17791787016441,19.13881675202453,11.006092217759294,4.48116396972156,5.165863152028842,-0.6132298262997502,-0.7899045386224707
2022-08-10 21:00:00,-2.0,70.0,61.333333333333336,34.0,7.0,19.0,56.85324660594026,21.70590461002124,4.179453779163861,5.648897472906995,65.83428370694676,67.25352177893417,74.20379805779942,82.62271161705141,92.00574800497655,98.36936999059924,100.0,94.37391820917752,75.65895126668572,49.78390503939297,33.87004593401297,22.134467828643498,12.75888236865496,9.834026115494284,7.626867232955021,7.314390797493023,6.862664511477496,6.219740483076771,5.269653891519818,3.9160515873725874,3.445042234237289,-0.6267266965083301,-0.7792391467859886
2022-08-11 21:00:00,-2.0,70.0,74.66666666666667,21.0,7.0,25.0,68.10974812297766,34.97884798900711,5.484724424513276,5.615167676071658,90.71806250941266,91.1678782165932,95.61223008849488,90.45990040584957,85.91374502986093,84.80771326158072,85.02894388597318,87.51998358400846,92.51091011071274,98.64458419606444,98.40853250327363,98.04204620561008,95.70464639509348,97.29724433255971,99.42444184212177,99.93602573801928,98.84010860022218,95.13329954100018,81.98653834485447,57.20768783177213,53.19847076094374,-0.6400381082043503,-0.7683431655492202
2022-08-12 21:00:00,-2.0,68.0,32.333333333333336,40.0,8.0,31.0,50.62023314635851,19.779239825189595,5.662196668944366,6.039891413735613,60.47904829421029,61.54058185642046,68.17932048553877,74.88993206889472,75.8758576049748,75.59740579239936,77.6364254184186,81.37037785018867,85.42263032979753,84.44096408067946,63.8600426519366,48.82040708224298,37.17779591375855,32.76757020552712,28.98953601030383,26.609726810705496,23.19169249367696,18.90075379505326,15.289359880260989,11.35768957609286,10.073202011896877,-0.65316012232693,-0.7572198192083127
2022-08-13 21:00:00,-2.0,70.0,67.0,29.0,5.0,34.0,52.83156593782089,21.616930077242493,7.269673986540203,5.329419808903405,53.503231517429725,55.05472687554365,60.71677114290105,67.82391910489453,75.45708244668235,81.87147331741375,81.53991273368673,81.48981703564029,83.32062784714054,85.7903501591074,85.06205188642018,70.6340086119779,50.079417856253706,34.899729910538504,23.410258343386072,17.07135710464446,13.50734531107474,11.819382338777908,10.072474132216565,7.811046222626928,17.51240395325499,-0.666088855860977,-0.7458723993404063
2022-08-14 21:00:00,-5.0,70.0,68.0,29.0,5.0,34.0,56.85324660594026,23.432648878067727,7.059727278385726,5.321092247718292,70.37453930377228,71.95148743060219,66.23642610249344,63.65029790283733,68.73102007700867,73.85237100868086,75.80821154556898,76.84460679070985,79.33341396192024,82.98057027261403,84.49574688103364,78.45950444979171,65.56980144879067,49.2630802614388,34.79136661471796,25.603362218612872,24.978637049085822,31.852199450608925,40.9639482434461,52.39616652952184,61.28014681351709,-0.6788204829862355,-0.734304263829602
2022-08-15 21:00:00,-1.0,75.0,17.333333333333332,43.0,5.0,31.0,46.298807793176586,24.636604062627367,8.28082631319409,5.478823625268732,47.29233638994591,48.17829408176701,52.875881423462914,58.42686767102253,64.80276284644087,70.03626708198874,75.31727247216973,79.25982693675195,79.375738424462,73.7812177514222,68.61324184663583,66.03602160932482,64.920368229308,57.1810831045973,51.459708605964174,53.01268642380265,47.25162714413539,34.54838127849706,35.4040641098009,43.373073997576086,45.60291129275855,-0.6913512362094071,-0.722518835873311
2022-08-16 21:00:00,0.0,76.0,23.0,55.0,7.0,5.0,48.17457101146339,23.162497167883952,8.248990759652731,5.555352676797818,46.64119915210557,48.18766842082053,52.84063432832692,57.88024969117548,59.80277332102348,53.42742546986287,58.04353846388921,63.81335988431891,65.94343991367631,65.30850055385636,62.25847111582255,61.86749572010218,60.89106473102517,53.70430159759658,45.15343171671831,36.573443321909686,36.182967940534574,40.8559106141561,43.9258825602314,46.28755925225093,39.01696570828126,-0.7036774074790128,-0.7105196029692745
2022-08-17 21:00:00,-3.0,67.0,91.66666666666669,22.0,12.0,5.0,60.7543368911074,30.40246961628825,7.184968252856475,4.4443781602509,58.58242318092213,59.326031944024834,63.45236077931106,68.98250037635107,75.89869477926031,79.00211682359432,69.52004663183764,61.210772121717326,61.978095609427896,70.84462241312981,82.90193394553489,91.39970882006506,97.77140460640366,100.0,100.0,99.12519842278064,98.75558260372772,99.05648402356758,98.33955436171276,94.09669390811518,86.25292365483456,-0.7157953492826642,-0.6983101158835584
2022-08-18 21:00:00,1.0,65.0,82.66666666666667,13.0,6.0,11.0,83.85808060243161,32.85133758881463,5.308220759887223,6.085058683067605,92.7116217417684,91.80813474508771,97.7049531597808,97.6069375298116,98.90799393938345,99.06801347266808,99.34674786302772,99.105685375377,99.34908822037414,100.0,99.69860172436655,97.9935504772358,91.26003991711052,78.97679662879591,67.02406555560147,67.33935857055788,66.39923033045156,62.931206760006766,49.63111565304233,23.425255661834505,14.487444499822804,-0.7277014757264236,-0.6858939875998223
2022-08-19 21:00:00,1.0,72.0,48.0,32.0,9.0,29.0,61.397964442270506,32.71892962334608,6.936777314477597,5.235232194861093,68.03684111967473,68.83436975199429,75.66608673152048,84.5747225164414,92.2693032514421,90.24178683402728,86.85538150809485,86.81286402949402,87.43067028268591,87.74164837672846,88.08532434533666,87.36758269324683,86.07495763678213,83.56325706550616,78.51951081251791,69.12773831095996,63.33914620580369,59.87686571050576,60.54654872674941,63.681633606433685,64.16409142443757,-0.7393922635959241,-0.673274892250183
2022-08-20 21:00:00,3.0,81.0,12.0,40.0,5.0,25.0,45.54136454313763,27.54045210233196,8.264798577328387,5.282540784527073,42.46367856493275,43.71213820056822,48.06317107800746,53.12930093366551,58.34264642238288,54.59800838086528,52.57925987086084,53.88081962333558,57.25621472776875,62.92219626480321,68.39202265939231,72.24107799425347,75.56840958178827,76.80623659484499,76.75700416957712,75.02934936782178,70.64077020265994,64.15580226076372,55.63608937464021,44.66402829371168,34.6105711383494,-0.7508642533989489,-0.6604565640279754
2022-08-21 21:00:00,-1.0,81.0,27.33333333333333,31.0,9.0,18.0,48.9158905388298,26.97248852294111,8.029177468006925,5.712525275465657,46.89263139340537,47.70434403765578,52.12383548274067,57.92590707437281,63.95227903297076,61.89702837004991,56.077286590259824,49.02388928418532,46.76251400105896,53.4221540643491,63.15432984387824,63.87100722714143,57.607804146613205,49.40134952522219,41.21809339656219,35.662699025958574,28.65917867458514,20.142200357138552,14.40039447264317,8.654684096610746,8.902898154077615,-0.7621140503891487,-0.6474427960827475
2022-08-22 21:00:00,-1.0,77.0,58.333333333333336,34.0,8.0,19.0,53.83064226424435,32.162415542640915,7.415259539629071,5.649306829368737,48.98421806501984,49.43644092562848,54.06799884219565,60.09706828237454,66.81823611554206,73.83749798968566,77.37261623648541,79.16915343787974,72.59510654532258,47.57616791622642,59.62918228296502,69.62690959400646,75.44842243808833,74.93991253402586,74.2513940074991,73.01786526947204,73.47543566218224,76.13429518446956,79.7348262408627,84.13130909252733,78.04003861808718,-0.7731383255706026,-0.6342374393978054
2022-08-23 21:00:00,2.0,69.0,85.66666666666667,24.0,6.0,9.0,65.59556279510115,34.49449153839918,5.804854738318844,5.396357607049796,80.10943221872188,80.58955325447499,88.21328529572511,92.90762444172807,95.89360191777004,91.5628362578127,82.6821375274321,80.90434019425646,85.04715599690377,91.1372350097735,83.3004158133447,75.92850975418118,70.55849638027834,73.13994406687819,75.25754453126767,74.15953419839278,72.23892666025952,68.98718111228737,69.63876086434512,71.99261897487592,77.18371979820354,-0.7839338166829201,-0.620844401650647
2022-08-24 21:00:00,3.0,71.0,68.0,21.0,5.0,20.0,68.22081474275457,38.675472689637175,5.750647711300993,5.426534185579991,92.19444103323151,91.8086848444798,88.696429115428,89.3982878364019,91.0436787466354,93.08404515485016,96.70331027931034,98.5710232173036,98.91090550798168,94.32802494598664,89.02440793167207,89.12630917213441,94.6540871673053,97.60820623539482,99.16067556514504,99.53011289643857,99.19829357808663,99.05518830171704,90.2676333047261,72.96817520148608,53.92020200431384,-0.7944973291665992,-0.6072676460566135
2022-08-25 21:00:00,0.0,69.0,19.0,42.0,8.0,32.0,43.69760050385263,14.721275592854637,5.105645563914719,5.704026661563549,50.77504817127235,52.17001610632754,57.97432116831322,64.71862220881232,62.16162295231275,57.18735186095842,48.85176068456828,36.8973477565708,24.68886107270932,14.53451942939859,10.237662323094703,8.724956277798096,8.95263624737182,11.82394583524476,19.53130373773886,35.18934550093672,50.33755322272353,66.73810134899647,73.11135004131161,76.02117592587716,74.41448914926082,-0.8048257371083452,-0.593511190196115
2022-08-26 21:00:00,-1.0,60.0,91.0,11.0,6.0,12.0,77.65354848481704,33.66369464351664,5.620630220518482,5.52232129076764,83.4611981717958,84.33047427785516,92.82277292317455,95.73875972933072,96.75345988033708,99.54236547086724,99.60915526984672,99.1411297149528,95.61669724727804,92.44529891139884,96.21683077917726,98.80688640502846,99.89107599956824,99.73690313530358,99.78263191443205,100.0,100.0,99.05011454596831,97.2983836222399,93.06169390008192,85.75203042414495,-0.8149159841660791,-0.5795791048257612
2022-08-27 21:00:00,-2.0,66.0,25.0,38.0,8.0,31.0,48.45795100926463,15.597875274697858,4.67867176302224,6.0621105582298,61.8384836875028,63.6012140525975,70.12587704156988,76.59980948650542,75.99401043189168,69.15261189730111,71.13976664229565,72.18769183052765,58.22538073997703,30.380439788406864,12.693925629258583,7.837178691523672,9.183794700169756,14.907165164960851,20.06768551289972,24.21224181151985,25.66086153986878,25.09434154319698,22.907271531783348,18.880114645730647,17.95200579528458,-0.8247650844733614,-0.5654755126737576
2022-08-28 21:00:00,0.0,73.0,29.33333333333333,36.0,9.0,22.0,45.99392700009288,17.7435856459923,5.225314432858177,6.057124643981668,49.57176366799669,51.0748737853524,56.5539084901322,63.26049839316858,68.03942680675593,55.37565963017265,35.35674487441632,26.44581396023444,24.838447927689423,26.010657692592147,28.92038471261081,31.17241453015309,32.53628682471142,31.05437318128504,28.943893192377057,25.873516102093795,23.155474099287304,19.948839090987665,17.04569322171895,13.444828069172791,12.534290497171895,-0.8343701235229537,-0.5512045872199277
2022-08-29 21:00:00,-1.0,78.0,65.33333333333333,28.0,8.0,22.0,57.93497644811754,30.5672154377139,6.764516304578812,5.032953738028748,60.56962169848572,61.18883166269554,67.38563871646907,74.8993882126752,80.98859832850587,83.95468198802357,84.16398181602807,83.64218025061686,81.72073532459953,74.22386840076491,57.89632511690432,40.02149807302775,21.58485919064908,15.70112430974436,10.836477636788851,8.719726189175015,7.658173265925981,7.702945181864446,8.757139648729272,10.612487457547791,12.658043887437742,-0.8437282590292712,-0.5367705514607103
2022-08-30 21:00:00,1.0,80.0,45.0,15.0,8.0,19.0,66.86238676063813,42.209968862451454,7.136406371251554,5.521901829723239,61.20406019726238,61.30639058600045,66.04982514745143,73.42171854382211,80.7883665962106,87.02049532644868,89.76179337468828,92.19581506826208,97.94402768157516,86.65881572237171,71.67323915723352,60.3149323162928,57.2427122095719,49.50336264387167,40.08614753530754,36.90281538345161,35.389750715345656,36.742569073985074,38.79343959412378,41.81133828612688,41.28853873814505,-0.8528367217694595,-0.522177676659508
2022-08-31 21:00:00,0.0,68.0,80.33333333333333,23.0,7.0,21.0,78.31935415820635,33.668280404873784,6.571398955922006,6.2422087858508695,68.21372263844718,68.28895320691008,71.42465777731634,78.2098242342076,85.61585174058267,91.7920414137592,91.16264071747312,73.56835030523376,69.550713409194,74.69828350104933,76.8531398389795,75.85351455513424,71.75920187747116,72.46588133222488,75.01355858639293,78.93745564159701,82.79250779638528,83.8196640547628,85.5352101205366,87.0386368671328,88.0399597862597,-0.8616928164028521,-0.5074302810827518
2022-09-01 21:00:00,-3.0,61.0,62.333333333333336,24.0,10.0,28.0,59.96347060974499,20.801862198610497,5.456369825731711,4.514880692633031,69.78625996341003,70.23404030968491,76.88310731351797,81.100365889951,79.66137401307022,80.76541899580745,86.96088065743972,93.55793714952466,99.03682757225027,100.0,100.0,88.5749159625035,65.88637842817138,51.25796742267108,40.002265580474095,36.469106625760986,35.40373684470556,37.33637141021745,36.66105576330209,33.74553461747698,27.22665467446172,-0.8702939222685674,-0.4925327287220543
2022-09-02 21:00:00,1.0,68.0,6.0,38.0,7.0,23.0,45.22343125997333,17.578428531636547,4.444624288119151,5.803343434969685,52.29135813546265,55.08487319465276,61.18004345633092,68.04311941098733,74.20082532752117,75.83869148483885,71.22005225343916,60.20585372199062,48.54210033211424,38.555515956089856,31.296607124571025,27.387316245534127,24.579085787808587,23.200384777276145,21.956154267390527,20.46314872151848,18.854908673853675,16.988421254560375,18.220636181094875,20.58983996196382,26.749353407078942,-0.8786374941610001,-0.4774894280028391
2022-09-03 21:00:00,-3.0,75.0,46.333333333333336,26.0,9.0,19.0,51.64776883847341,22.31927604220651,6.114375121724008,6.098542007536587,54.67416799265445,56.5669118433412,62.61137605091063,65.90398094328815,62.85402136491259,59.506124436408825,57.47978032712694,55.25447170881734,50.32540804822443,42.81605166846803,38.2898972354625,35.98258574734664,34.48734237547424,32.590500411828494,29.856237319889267,26.61255237952168,23.7173465368482,20.81286999066188,25.324786054380304,33.74070983121336,48.44365047099762,-0.886721063082993,-0.4623048304798108
2022-09-04 21:00:00,-3.0,61.0,50.333333333333336,35.0,9.0,34.0,53.51689345100418,14.623002416285084,4.414430254112369,5.207693801684287,58.16794724539572,60.85769356774296,67.91330203817068,75.92560483793038,85.27277393047842,91.94852000718308,80.14090759354754,60.6062900595102,43.3549959722029,28.744917816650496,16.442434658201663,9.577110016568527,5.603198675776312,8.331732608453214,12.824717747381092,19.462678725650665,23.339483561310885,26.470617236322298,24.579181847454063,20.45152366638442,17.72893766061186,-0.8945422369764496,-0.4469834295196741
2022-09-05 21:00:00,-3.0,65.0,27.0,34.0,5.0,8.0,46.50053508002021,11.748524047549544,5.532511197165785,5.7915128442584525,46.24052037622448,48.5120407500419,53.397576633124935,58.773439516918266,61.46932802014666,56.06304409449684,34.65558100172104,23.21697600716381,17.101411192325067,12.94509691008361,9.601608038636869,9.560870266277858,11.017129230801675,15.196988122073938,20.13999375993362,26.01783901077405,30.329781971490867,34.064955669987924,33.40405493918019,31.02339076151371,27.83608743424832,-0.9020987014301836,-0.4315297589714714
2022-09-06 21:00:00,-3.0,69.0,3.0,32.0,3.0,25.0,45.37847930932192,22.241973600857857,6.195767687269183,5.536280711605918,54.08358220825456,56.63551158859964,62.96516338391006,70.77984325154468,78.55962248056053,87.40357403046882,76.33840987425104,49.37072569251678,39.47390384278936,47.734272089733246,59.75957758963805,66.81299567738444,70.98479137481868,69.54883193644716,66.24129851887363,60.06801269830815,50.02418080093199,36.44105790761099,25.224196885954463,12.849017433884253,14.922504047553764,-0.9093882203647924,-0.4159483918249421
2022-09-07 21:00:00,4.0,73.0,3.6666666666666665,41.0,4.0,29.0,45.99392700009288,24.19194530450004,6.780966859703234,5.433341375633564,51.86820796813155,53.02290119286355,58.84974669558905,65.86595505005545,73.25249179265212,79.37043517229463,82.4623912977411,79.57551608984053,75.7484532660337,76.89023536158753,67.05356166710334,48.5890283543336,25.12075528364626,19.62346547669189,19.23098755294485,28.95388451205107,37.6226713828893,45.66964397912655,46.994870396072194,44.25023891510877,41.53873683812848,-0.9164086366943458,-0.4002439388573056
2022-09-08 21:00:00,-2.0,69.0,72.33333333333333,22.0,3.0,8.0,61.01345159166276,25.910510011251493,7.731281576035053,6.338073281804543,48.17251797871583,48.48065866941096,53.20517463176032,58.57895231808124,64.23906329365411,69.61762408823671,76.0071560504399,81.23674199385204,83.15605335349677,79.45132123339994,82.0027008494723,85.41295707616288,89.79120570501728,93.31484848255856,93.69767324062096,85.7300703315329,72.0822062140292,50.27866730150665,31.761340424261164,11.948218653906126,7.034886751174424,-0.923157872964704,-0.3844210472688554
2022-09-09 21:00:00,-2.0,72.0,35.333333333333336,28.0,3.0,32.0,55.09122797104671,29.387529467033307,6.088360790549332,6.377019312149385,58.91481356876361,60.57074552318026,67.12640846005522,75.09901234508288,82.61769323429759,90.58365950594576,91.90709110073912,89.73358684541566,75.39807483739168,46.96224497008045,29.880444495873853,27.948814903683527,35.358163188265976,45.14408795312496,54.540255445303686,62.29729411000224,70.23840162049754,79.55268121366579,87.57668080633894,96.11774290573996,94.93448536278244,-0.9296339319682696,-0.3684843993077793
2022-09-10 21:00:00,1.0,78.0,7.333333333333333,32.0,4.0,25.0,53.97125809200247,26.0127142416524,5.380242217304586,7.193683468748025,53.18754557052821,55.00190555313391,61.08005000981402,67.63422880672425,64.67097110444053,59.69943376330163,48.11616863322848,36.2573673681448,28.562430953382687,25.29272935984978,25.38944932086364,27.20704520111041,30.33377310234446,35.52377271524803,41.48311119868101,48.759311846288064,54.86820076626338,60.77066586251899,64.1422422227032,65.75455554434467,58.44623528525631,-0.935834897334994,-0.3524387108846032
2022-09-11 21:00:00,1.0,78.0,24.666666666666668,35.0,4.0,30.0,52.08036239906159,20.722064790251856,6.180549002733204,6.657894720411183,47.51531580215404,48.63481005140793,53.82976090978582,59.68906699775729,60.84789537772964,61.96109114824492,60.85707669656202,54.54459448659647,44.943475298843424,32.23658374792248,20.893263660680404,13.94836802323896,10.032014105882014,12.39325392023678,16.192118988575892,22.73909499387626,25.29338911137012,23.79981559936584,20.97446229242986,16.949241891063306,12.461008615961852,-0.9417589340994617,-0.3362887301766828
2022-09-12 21:00:00,0.0,78.0,36.0,33.0,3.0,30.0,52.08036239906159,31.273581636704016,7.622405391341013,4.989586463524674,52.60006250906776,52.28949377149181,57.894805779502114,64.31821410291563,71.88367709239826,79.27335997345732,83.36262597481432,83.43443044943001,82.5814845498632,74.96957788139785,62.125119533417326,48.89608824075027,36.708552935383125,38.18315829823939,43.23231747928712,51.96246320099176,60.89731295350767,69.6883895726939,64.39011440199927,47.064842564409226,32.071317875582395,-0.9474042892438844,-0.3200392362231385
2022-09-13 21:00:00,-1.0,73.0,64.33333333333333,21.0,7.0,15.0,63.75884189409329,32.36231632091711,7.41836099451543,5.490662793556092,55.73145987584158,55.67956140688607,61.29712173957979,68.12722531302563,76.29127224103314,81.2517438706338,79.8846519034569,76.6453929515116,71.52991187756699,65.60090393745452,60.72774794486262,58.60855939495583,61.94325723217439,65.3868513707474,68.40466936448027,68.43370966013018,68.87128669933917,70.14417583263288,72.37430269219047,76.65769428823909,86.11156042843677,-0.9527692922168512,-0.3036950375106588
2022-09-14 21:00:00,2.0,63.0,68.33333333333333,30.0,14.0,29.0,75.13039357925139,26.413914258592754,5.707598213314112,5.640860910540526,73.60208506869294,73.16810817765553,77.22604805865126,83.8905466391703,83.59370972029036,85.08664419747298,85.93385114276538,84.26020672627705,83.81994356709396,91.65156368555806,96.73327800470346,98.2234596921228,92.9008710406446,77.58533747793297,57.18500340202293,38.38983666216607,22.136518311144297,15.68220761955299,13.940754545874444,19.4330689708529,20.23250825432775,-0.9578523554276668,-0.2872609705505963
2022-09-15 21:00:00,-1.0,54.0,50.66666666666666,46.0,18.0,30.0,46.59422643583257,9.45315562140353,4.932114727045663,5.154521865817306,53.38886577626005,53.86796096167648,59.8208122320796,66.22090887161526,73.62381151457718,81.85383144976292,90.79369795781544,90.83608958979718,74.10604926897003,45.788308857329326,25.285626166391385,13.459690442932349,7.764446152830942,6.699478569755817,6.00845111121889,6.041210074109927,6.056994725990064,5.890853337528404,5.708839990504236,5.520167020053296,5.907705079533338,-0.9626519747161488,-0.2707418984477642
2022-09-16 21:00:00,-1.0,54.0,20.0,48.0,14.0,32.0,43.002865327619446,8.607517728961252,5.259665650365573,5.535220569503433,52.18553625242258,54.0260883617027,60.80376103086573,68.3719208861013,76.70961415267895,82.68971625848384,83.64330545878755,72.22515087845122,53.08497726275048,33.88326323047634,22.81631217497729,15.206162413269636,9.163216183976726,6.98811138929478,5.3899298553034765,4.882468273333549,5.646961795130253,7.477765869578475,11.483793183120596,17.377413424819462,22.78317116963559,-0.9671667297977312,-0.2541427094613622
2022-09-17 21:00:00,1.0,60.0,20.666666666666668,38.0,9.0,28.0,43.96594190631954,11.782571224529516,5.607173120684598,5.633501691860087,45.66855986587308,47.18773228257642,52.46812466996453,58.240781162250265,62.3620240476616,65.09586593176542,61.72436250213215,53.15532489398437,43.928328271569086,37.37674537056216,35.45276585534591,34.511820704311035,33.6693631118709,29.48633350761531,24.678747842855785,19.10137128234844,15.1381791309066,11.745496113422858,10.551581563291576,9.968580977700366,11.08037100850142,-0.97139528468375,-0.2374683155584684
2022-09-18 21:00:00,0.1000000000000014,58.0,19.666666666666668,29.0,7.0,34.0,35.73235998600179,5.252514568501068,5.022899114071463,5.594319005685055,27.786005458571587,28.445616961561456,31.752995293712416,35.519312958775046,37.77639931591854,34.737935957522005,25.268845798241102,18.69983304489168,15.423527590080075,11.891930266342666,8.095902143993483,5.43227504553838,3.78569848000243,4.941970672173211,6.399391895837983,8.381118652884542,9.44574867254321,9.698675254422458,8.937992986618488,7.426794216725884,5.7936974309807,-0.9753363880767836,-0.2207236509605022
2022-09-19 21:00:00,3.0,60.0,9.0,36.0,4.0,9.0,42.27184166383561,9.279538489370932,5.574569158634168,5.18330034238904,41.49748578477518,42.29066909912862,47.34378014518013,52.91595375369893,59.512936638853816,66.2594999416725,68.45012103869405,53.20650581812547,30.63156254592561,16.11453821177865,13.092302945521295,10.620365570361876,8.318410673647524,6.237987851472749,4.420697373528807,3.4335777398261427,2.903497421465602,2.9115672005613304,3.237618637072416,3.930218934810559,5.063096937238351,-0.978988873740932,-0.2039136706831147
2022-09-20 21:00:00,3.0,51.0,92.66666666666669,12.0,8.0,7.0,73.98451234978099,26.70961980579937,3.731687819596616,5.117169208711004,87.88586507041337,89.1200854438971,95.64872393983296,99.25229061566972,99.4376434342914,99.91356124477318,99.91547063088916,99.94294967483982,100.0,99.52622537619096,99.92362645817585,99.1383905396988,99.15455160901983,99.57061277851574,99.8280117016824,99.55499473014984,99.56989694117432,98.92094826370004,91.97546274313164,79.91820405475933,80.09129701302341,-0.9823516608469236,-0.1870433490699165
2022-09-21 21:00:00,1.0,58.0,84.66666666666667,13.0,4.0,15.0,77.48256637144449,22.24415684055617,3.573752838735164,6.234481506946524,85.19916985243098,85.1982593978444,94.84384971879194,97.84278554963858,99.34729084552588,97.21749257875406,91.23815738595528,83.10820713919094,72.9312469926751,58.926573123053394,37.90870438033236,24.153380095797434,21.727278320231395,25.50735289790987,30.142283003249208,33.0001824387727,35.542504135993894,37.34265932639633,38.58059099582752,38.555231614054726,38.61285105348286,-0.9854237542919524,-0.1701176783204905
2022-09-22 21:00:00,0.0,56.0,93.0,14.0,8.0,31.0,86.40773116888852,28.36561803641884,5.320970797480628,4.571764739824137,87.22184030003098,87.29284285370399,90.29799468971343,89.7379232787638,92.44033220879736,97.8535283296262,100.0,99.787115158964,97.98650590131662,97.53393086101812,92.99119740152786,86.62441735325886,90.07764251939766,93.60462304604388,98.21170789791604,93.52654880543513,88.09974405585206,83.3738737750343,79.87932154278651,77.41623080555455,80.14402622990372,-0.9882042449941422,-0.15314166701312
2022-09-23 21:00:00,-3.0,49.0,79.66666666666667,34.0,14.0,33.0,60.67802905915583,13.395797346699856,4.727151289764043,6.1924483117596445,67.06557919631635,66.97804743533297,72.13638222729996,79.91802664048718,88.32852576099384,95.97783085549804,99.72928332175916,95.7759537424159,83.30916358208938,68.46583604868326,57.946392259438674,49.53993029059578,42.71104299688756,38.355169800875245,33.72620530866058,29.701767729788592,26.16647537937914,23.16555779149796,20.669070722849582,17.672840917830428,13.580378707091755,-0.9906923101615608,-0.136120338622667
2022-09-24 21:00:00,-1.0,57.0,40.333333333333336,39.0,16.0,32.0,48.95341107803787,12.733165862380304,5.415869251123276,5.006871270494878,62.403302252330604,62.47404365015722,65.61988812708535,72.22911731307936,80.20464406998244,86.58669177009946,88.47293834619913,84.47044746976839,74.1731761667251,57.17119279758216,39.99385429538327,23.63239433883522,11.108546530014287,5.086737862923491,2.183375055944823,3.524688293056783,5.081126639278654,6.963529496313179,8.812313600417628,10.535777650940606,11.420860096411472,-0.9928872135356962,-0.1190587300340498
2022-09-25 21:00:00,0.0,62.0,47.0,25.0,6.0,23.0,49.71902394167917,19.5043750279024,7.007240873887212,5.329617482003082,53.36082723205949,53.22443981593204,57.261042100565874,64.05513203922372,71.89734023214066,80.76597696884042,88.00242498910973,86.383481967439,73.23776922459483,46.94037460273668,35.54500197170569,38.02551149664929,61.79848760018377,81.3918515943498,98.52170922956192,99.2901548152339,96.94509409959244,90.6158890820279,80.84797229037665,66.96210051892638,64.15888918983198,-0.994788305609327,-0.1019618900517457
2022-09-26 21:00:00,0.0,60.0,73.0,14.0,5.0,21.0,80.54849897554632,25.52733996875252,6.836942208658801,6.561526777739853,69.08435763835257,69.31595780007527,72.24258210797663,78.5270069408435,84.96339745763602,87.32686717892223,86.55492731438899,85.62913828169492,89.1667587174911,91.05108661198756,95.11936909307516,97.59258391590984,93.92258618991076,86.44648530451869,77.537519623039,77.46050219090425,77.27471901799757,78.2381059558485,79.05436304874249,78.20883506108014,74.66686123909916,-0.9963950238187232,-0.0848348779057653
2022-09-27 21:00:00,0.0,63.0,53.66666666666666,33.0,8.0,18.0,58.017639995610125,20.96172240257254,8.137694938993684,6.574509142933636,64.79890177112722,66.10404136449132,65.54966744293337,70.8956567577068,77.09757440546129,83.58719966711435,88.09131917030851,89.44835674298446,88.56337462640306,97.31916374414806,96.9965842344929,87.54331519686282,65.9014913934054,58.206471427705885,51.94123022844334,46.74325836822081,40.66367462224353,33.07471755417927,26.91564362811531,21.098895830750305,17.70163221028857,-0.9977068927101168,-0.0676827617545516
2022-09-28 21:00:00,0.0,57.0,59.333333333333336,24.0,9.0,31.0,69.17919044473983,18.862498711186028,6.562444761673312,6.591065923687927,76.63626765638321,77.47557390146319,84.47829173877274,89.2363545863462,88.75288178446087,87.45044838008424,86.93942809664702,88.48716072024713,90.79558956512363,91.30238258429593,85.5374252262127,78.36838779670089,70.72459904534507,65.4991244285921,59.73445653868045,53.46878537111655,47.050461852207455,40.08829954135339,36.61411600413506,33.99604373259924,33.10324331936832,-0.9987235240803972,-0.0505106171852228
2022-09-29 21:00:00,-1.0,51.0,44.333333333333336,34.0,8.0,31.0,49.98639917276065,11.440289911198503,4.19832035352329,5.771374742590307,55.7274871791652,58.55760532065952,64.87546417702661,72.62998350352913,81.27573474801149,74.06633156881676,45.19027951074781,23.203386982570173,19.446261368295275,26.349248092700893,38.31858261303553,47.99993619550819,55.60138262458199,56.72737209153045,55.47375532883303,51.59522648223266,48.32614749869447,44.753488112674624,43.87543200153809,42.61493785163,43.53559397420684,-0.9994446170919858,-0.0333235257116313
2022-09-30 21:00:00,6.0,61.0,6.0,9.0,7.0,23.0,45.8769799407876,15.783893218271682,5.365698995389948,6.734361654601675,55.28827653020186,56.329018342997664,60.149901707767285,53.60153881984958,40.58040877597652,32.024453244892584,30.2213691008195,32.32135884546534,36.43482798913019,42.36983283891107,50.40097696338957,58.19069974906327,65.81344684160014,68.53554155070441,69.6000732949498,66.97075239686326,63.57392288030192,58.8223732387386,56.942541569028826,54.769487833625575,56.66312757765874,-0.9998699583618592,-0.0161265732706577
2022-10-01 21:00:00,-3.0,53.0,74.33333333333333,19.0,9.0,34.0,54.43645846023466,16.50321487644547,3.953792820596328,5.2891024318949125,75.51404920798012,78.59352136342706,85.01157651591191,86.10957115381241,90.99785753746724,98.82618391726434,100.0,99.89908889113342,99.35183657901796,94.08553246732473,71.70929729408681,52.38582298647996,38.35253111326843,41.747296316026,47.511126884161456,55.97908443965167,59.352069697909904,59.76944928274873,55.78452178799829,48.77248301505653,44.89106255268291,-0.9999994220246924,0.0010751512827982
2022-10-02 21:00:00,1.0,47.0,11.333333333333334,31.0,8.0,35.0,40.147885594032005,5.982694402993378,3.8200146741479832,6.823311255210926,41.22836298602552,44.45911426694952,49.93857569105007,56.15121769943963,63.69072435200138,70.96151293717696,59.77568643868252,29.87924957567379,12.945050060377469,5.8218910725965465,5.157329625915403,6.692369318077773,8.591175826113878,10.668622567219172,13.086674340369267,16.02501608004171,21.26383749750627,28.616396982518843,35.56649140749168,44.04311787181421,39.68550898857672,-0.999832969770105,0.0182765576816912
2022-10-03 21:00:00,4.899999999999999,53.0,2.6666666666666665,13.0,5.0,26.0,42.84069118710759,9.355514653666738,4.149206177140225,5.13354308025582,44.82487702728322,47.39980109283447,52.37124535628133,54.75925074957861,46.17249353026048,20.078726738958768,13.90313238723728,17.349989147084116,22.166571313537908,26.33736968830185,29.05086678347817,30.47871613016954,31.782086100666312,32.73237037153598,34.6482318126554,37.89412871168569,41.08105512577868,44.87686619864213,43.20628510890806,39.60693255127483,35.673233887430854,-0.9993706508539968,0.0354725557531255
2022-10-04 21:00:00,7.100000000000001,60.0,9.666666666666666,7.0,5.0,20.0,43.96594190631954,15.600417563900876,5.315671781735342,5.811828999731815,44.29758772080886,45.67911040520639,50.48292233823888,51.44177975563693,50.039683766117314,53.15158156960123,57.04717566753088,57.04319897774368,54.56447501939415,50.20738872196405,44.837311028063326,39.8637121677936,35.28113981635086,34.55842501133693,35.319297059579135,38.00519620172616,41.549191198583706,45.74279382235354,48.17820931877517,49.31113799177307,50.238030570287286,-0.9986126020839734,0.052658056924614
2022-10-05 21:00:00,6.0,62.0,3.0,11.0,4.0,17.0,46.03361253726266,12.721324057974858,5.531859107678947,6.1134578839445695,32.328353294177354,32.793685709641885,35.78026244425532,29.629369846295795,22.05273720073492,25.32174401078556,30.7331052855395,33.0407067234063,32.848059977773474,31.38017532070644,31.71257334412448,36.60578333468778,45.20127109054157,53.90757091211642,58.77305310599501,55.168513192179866,48.97421123532315,39.426855724196784,35.29044831628133,32.97766384477112,34.28305823565274,-0.9975590477788612,0.0698279757298708
2022-10-06 21:00:00,2.0,67.0,19.0,11.0,5.0,23.0,54.3838618372742,23.435492369104395,7.059912649168121,6.664091897224188,54.02482754467187,54.15773887181887,59.8936628172892,64.53870214477662,64.00995000653727,67.00551689813133,68.62781295407497,64.30464058662929,55.88006802827814,48.85500161833455,49.39954555612709,54.74230427124429,65.33498817048327,71.12736908414927,75.21357020252407,73.92310224553042,72.28635659401748,70.76898476424816,69.96681617847754,68.78368057365103,67.04720501340124,-0.9962102997023295,0.0869772313136861
2022-10-07 21:00:00,-4.0,59.0,88.0,7.0,6.0,16.0,72.03484221010554,25.03024063313057,6.123638255774466,6.384814833751802,92.00342147349772,91.46436905295263,88.42683039024607,85.85875646011822,84.44501262549892,80.56344795272648,76.6106352967942,79.18670870541136,82.80875725300892,77.76466063433234,74.5263790256719,74.40149928351434,79.72290510870162,86.1938179955547,91.9607589139731,93.7393223546218,92.19061837569876,87.38578157244167,80.86629799301014,72.42512916188255,67.1548678034952,-0.9945667569706336,0.1041007489354256
2022-10-08 21:00:00,1.0,47.0,32.333333333333336,30.0,10.0,25.0,43.63190569622002,7.128003292641388,5.18793806759719,5.572302686103064,56.681510814648576,57.20869469334683,61.85454141398255,69.19352754949225,75.77556347046259,67.61311308590136,49.35778605793524,35.38998037922266,25.153998900164154,18.72500845427912,17.842695415198015,18.25341548208437,19.93246031207799,19.51570435276784,18.9820868726777,18.60654021570084,22.121013893150284,30.209636463145443,40.81787343267026,54.49231213602973,59.38649959884052,-0.9926289059345096,0.121193461470736
2022-10-09 21:00:00,-5.0,42.0,68.0,20.0,10.0,29.0,67.4435392579797,7.592927034446466,6.899004813233926,5.609718589542381,62.96343141217462,63.355728890894,65.08187943140923,70.39629925294756,77.81878624508519,82.19195702856159,81.23538267826169,80.46805899796651,79.0448110346919,69.05964779630295,49.93614720934298,34.65281871857445,23.85533907835644,18.798981256944668,15.177319291242632,16.52691479339351,18.897780938104685,22.56800465637088,26.552787777258978,30.78745327310216,33.165212683080334,-0.9903973200352558,0.1382503109109819
2022-10-10 21:00:00,1.0,46.0,33.333333333333336,25.0,7.0,27.0,45.310257474838735,8.787038918985719,5.658511589741401,6.254834826463236,49.59848624644572,50.60461211194822,55.66002720459287,62.615205891726944,70.98828520600905,80.69415389619962,93.2597176705304,99.2155936903998,98.81836994409592,87.76920481882833,58.53835812600015,43.24629865884994,35.648971933547315,37.81258242420812,39.7074320786402,40.91893396868263,41.01613501545557,40.15014970861719,39.33356134423248,37.812700745178,35.01735653822569,-0.9878726596350428,0.1552662498599956
2022-10-11 21:00:00,0.0,52.0,21.666666666666668,15.0,10.0,25.0,46.27635891221943,12.6056379565553,4.908823538495901,5.8455261322557455,50.12888224472177,51.088872605257706,56.35499154621071,62.0867555584166,61.19944113140628,51.8895190489851,45.32673672124648,43.89709821188436,44.521303613926285,44.76448033987746,44.58340892173363,45.43178708997176,46.89225081290969,49.87006068477817,52.84683419914074,56.01269257009209,59.43312916713133,63.66839185417669,68.16398722873305,72.3508653309431,68.73791743911423,-0.9850556718215012,0.172236243027682
2022-10-12 21:00:00,0.0,60.0,43.0,6.0,6.0,20.0,55.45146603161324,14.370392207895687,5.744454552832352,6.324563148771942,60.99836496802666,61.77179451291487,67.93120225530575,72.18496321386323,70.03624074981109,64.33852618249084,58.85600234053717,53.61963171571025,47.0722037180812,38.04489384124344,27.0732636616048,19.75787596398531,15.058571754037157,14.473301981186342,14.481318216253714,15.170176263030836,15.387884060963383,14.990224990663734,15.02565235672835,15.176189247026302,23.44978467346561,-0.981947190186646,0.1891552687200409
2022-10-13 21:00:00,-3.0,62.0,63.333333333333336,21.0,12.0,16.0,57.88027759399017,22.703994167416425,5.906336587072839,5.232855321756849,58.91363937888001,59.374435497125766,64.49304103132587,70.79013665938706,78.27329613916977,86.73377885537231,89.20828075019459,82.77551838055003,75.85354292748661,70.90487537276877,65.58452810464804,63.4881623129859,63.07871677614113,65.24577925033338,66.74694973866566,68.30814146501159,68.12913593042545,66.20644821788893,62.19054275391896,55.62057293935489,50.81821859147927,-0.9785481345802032,0.2060183203251708
2022-10-14 21:00:00,-1.0,62.0,94.33333333333331,24.0,16.0,14.0,75.03763863657984,32.96086625474185,5.357684050001304,5.246433505847446,86.47898518204711,87.41924104505581,92.01883831346404,95.8842265720212,98.71473874466348,98.76059101190744,99.12283419648766,99.32722115494276,98.83687486265563,98.46355899410108,99.93988992256956,99.5038125811474,97.42643091474984,93.79134723910512,91.15409088815964,87.52350933631281,85.95885183776089,84.4682494866572,82.16243991559942,78.63354947912632,71.125763094644,-0.9748595108374124,0.2228204077947995
2022-10-15 21:00:00,-2.0,60.0,84.33333333333333,9.0,6.0,19.0,77.65354848481704,22.013759918015367,5.621102696743018,5.709562173112693,82.35987445747178,82.69784425181513,86.61858506617303,93.591905751692,98.10991268725236,99.99034897872248,100.0,91.53965259257691,76.38782869020051,64.53639800575267,47.29208957723436,34.109435611153835,26.562429748931,24.982953870284344,22.904930151691,19.238566612591928,15.347966467982133,10.64133873889574,9.531570347782877,10.622743942664544,11.405639581802362,-0.9708824104813836,0.239556559120927
2022-10-16 21:00:00,4.0,55.0,5.333333333333333,10.0,4.0,28.0,52.62981304343418,12.57341468222554,5.278112665464643,5.73586270469231,65.65936907806947,66.34133317905476,66.17715560353247,73.67984498438527,72.30668904586433,47.477322739123046,38.76449293943124,49.75608598794864,57.15313702362419,53.0138662043391,43.62572773122661,35.848650190192814,30.60663237727781,29.763384028420177,28.086241126181555,24.79755773985333,23.44687073768485,24.08544119284728,28.11890339767708,35.00751608878425,38.01184007857966,-0.9666180104000972,0.2562218218071163
2022-10-17 21:00:00,5.0,56.0,29.666666666666668,10.0,5.0,10.0,57.04404158160562,15.15194386732322,6.404510436522256,6.432487370407587,61.60130251957708,65.23724362439806,60.41777182888537,62.92036644142146,69.76842692629009,77.06173660712685,82.26120898539943,78.34497541036588,66.70102279074187,59.17017204905447,59.19929830988308,58.597231046750565,53.25715361719787,42.29788258955031,31.57670980674491,28.35179091408804,30.66933883681517,41.87208699149936,54.74520666229216,70.2022001192573,68.04420222542838,-0.9620675724981452,0.2728112643340191
2022-10-18 21:00:00,0.0,60.0,92.66666666666669,19.0,15.0,14.0,83.53809250668525,32.518868773453484,5.652382759778476,5.861781930794305,90.00880399604836,89.14878835243398,93.446426900445,98.34548646533044,99.20228143550762,99.04058040448449,98.6330477598118,97.28126442895524,98.01339533716155,99.06728927187756,99.50095382970608,99.05478395225698,99.14073730748405,99.14107717355613,99.56323597170191,99.2043616523432,99.4666051943414,99.8631684267788,100.0,100.0,99.6114467748878,-0.957232443323312,0.2893199776186952
2022-10-19 21:00:00,5.0,57.0,74.33333333333333,18.0,10.0,18.0,69.17919044473983,12.744222880618356,5.244500065438318,5.90369475267125,65.79740120720288,65.98894340584836,64.25705247363955,67.69047773033408,70.64589785197283,56.62766490038496,27.69113222968426,18.058097862217416,20.547892701979467,23.278648856231086,23.43763954310633,23.44730497978584,25.03532172428913,27.579914238057924,30.847070334089583,33.93686502092615,37.34973340523638,40.43403375376995,43.93337355625495,47.17969574380509,48.28395884285035,-0.9521140536681102,0.3057430764672831
2022-10-20 21:00:00,3.1000000000000014,49.0,34.333333333333336,21.0,9.0,19.0,51.72228049821772,12.105437412727348,6.525130081028232,5.014349000239625,65.31648958842148,67.63074306690338,62.28060952894987,65.6206874635132,71.98598231134358,79.53426071899308,86.96904487721142,94.18300249517972,99.64042970294784,99.88617588726706,95.11465100454772,73.1637396732617,35.92466665744688,33.87006266621105,38.10801046923911,49.68270158010266,59.643490586709,67.21104186566447,70.81231582591262,71.47269951823228,68.62816237619464,-0.9467139181463862,0.3220757010206104
2022-10-21 21:00:00,2.1000000000000014,49.0,7.0,12.0,8.0,20.0,49.67531099139325,9.307058945426489,4.322589374777963,4.891097691657048,65.58077959487827,64.0116925484029,63.959282239697465,68.38817753566127,73.13031986993003,71.60751033329275,56.089751933776434,35.130831458744765,23.154077665187565,23.49030416366592,31.862687873015776,36.97587853932538,38.83447255561487,28.76609708217704,20.266888891638114,14.675900931828547,13.02810821234696,14.027059106823073,15.351107036269122,16.67193445337114,18.31789286246065,-0.9410336347451196,0.3383130181923076
2022-10-22 21:00:00,1.0,57.0,2.6666666666666665,7.0,9.0,19.0,50.90628243283841,16.519906961193456,4.355734479923838,6.68407327011342,70.24291474105523,67.21056749133638,64.41733572159242,60.71978637161234,50.76887860061354,46.75882867069223,43.79469630232839,40.15189376127154,37.9145321349657,37.77022813322679,38.86428284553424,40.68443298992593,43.13714232504415,45.35622397494327,48.41055376047353,51.7046106726531,56.34670943707621,62.07622876215709,65.6014091720451,68.52158028218967,61.50558064875937,-0.9350748843515574,0.3544502230989869
2022-10-23 21:00:00,0.0,61.0,52.0,4.0,5.0,17.0,55.59417457887699,13.61034478754171,4.805101457021047,6.141167902486002,71.4697783799388,66.83282256352652,48.68860627851176,33.30923033184731,28.167104705247475,27.09574409287861,27.11017817705952,25.65250618562103,23.76637877268679,22.817263139777456,23.523969847529827,26.470225150477788,29.719154443509687,32.683254971197364,33.65788206268883,32.384187911901066,30.57344307641082,27.77701792631212,24.67736710373605,20.48614997489876,15.433380263610664,-0.9288394302558068,0.3704825404820963
2022-10-24 21:00:00,-3.0,57.0,88.66666666666667,4.0,5.0,13.0,69.17919044473983,27.97200191962255,5.111249537750512,5.550326586250345,62.40678970088085,49.2576390812954,48.30425032037962,59.24240994200866,72.95714391184632,84.61056183915593,89.6459446108188,87.85790953506567,88.52041681251063,91.51434120622515,96.4036090525071,99.28964338010064,99.38063075796696,97.24306962323224,95.27108115594535,91.99926361087384,90.04131711494551,88.10894593921135,88.46813295343455,88.52808520307502,87.03054538169894,-0.9223291176290545,0.3864052261209853
2022-10-25 21:00:00,-2.0,63.0,85.0,7.0,6.0,16.0,75.13039357925139,32.34577868827844,4.164031956623805,5.425186006376548,96.5859479332668,98.6035561513266,99.53499172196544,98.61763520155334,93.61876253363324,89.99581461549133,86.42388630916835,83.21635654141066,79.23128954851846,73.79934784396282,67.99832014663374,64.47728031900783,62.909462261327576,66.42246722897285,69.34181446070689,70.96634795892052,66.93458737763852,57.54022311149957,41.37352562965239,19.87446204953712,12.4970029561201,-0.9155458729775467,0.4022135682368036
2022-10-26 21:00:00,-3.0,63.0,92.33333333333331,9.0,7.0,13.0,77.90658589720972,30.835306478206142,4.581694923787183,5.407079114586948,95.9028078026074,95.56924781974556,99.54091987622908,99.4423815729422,99.14627618408404,99.60211436108412,91.11958204623376,73.07161975393664,57.18455517356245,50.38510545849644,50.39729675516621,51.96833916407132,55.51572079895515,56.58072098722956,57.45496353224795,59.97193336798019,64.96594142628496,73.71049191905664,83.68055067950189,96.60984330506484,90.663969904779,-0.9084917035725082,0.4179028888867866
2022-10-27 21:00:00,2.0,46.0,28.0,25.0,13.0,31.0,53.39291251904156,5.463808921838136,2.913291244904173,5.530125991328678,71.28223093301564,72.93827711718018,79.32592768542011,86.4552546968546,77.72717976684466,50.46901473255596,28.94497088494975,16.118689390250477,8.798732339288746,4.913970149355897,3.6610289038054433,2.874745461585557,2.3036681652638507,1.9190269037465144,1.8647110793792483,2.304184897660145,3.386666168536879,5.112384678323693,7.128534769748494,9.88099343075139,12.193684035124218,-0.9011686968561567,0.4334685453485363
2022-10-28 21:00:00,1.0,44.0,5.0,6.0,6.0,24.0,44.98404900996678,6.7848315658767495,4.362864402339362,6.850552925852806,69.23394091767294,65.91415731549218,69.70151692234478,68.29349426624323,52.38974365165589,33.229555567599995,25.84387505973953,22.00536860184872,18.50223624388649,16.46415676666039,15.398414497951768,16.02157196881814,17.26210816501635,19.359835501294302,24.040946563856625,30.534066590303176,39.59788794497282,51.64989908170761,58.89828748500565,66.77769284854216,68.24414614761521,-0.8935790198239952,0.4489059314938798
2022-10-29 21:00:00,5.0,50.0,16.666666666666668,6.0,9.0,22.0,42.35132596651805,7.793622681957461,4.387537765822237,5.9731884181013255,62.12857607569473,54.17630638082376,43.87041626809883,31.640817668727305,24.50403231551754,23.22575445773121,24.27872442119257,25.778592582617417,27.228994850196223,28.2489243579782,29.221096663020763,28.69447364530496,27.381113645100907,24.248254046118888,20.843017740159603,17.43007202186863,16.814598005052588,17.063955479357247,20.38726899115092,25.41833741084525,31.78268974885756,-0.8857249183835637,0.4642104791518923
2022-10-30 21:00:00,1.0,53.0,7.333333333333333,5.0,7.0,20.0,52.3295909554753,12.499854760933331,5.955466894478407,4.758363840620888,60.224807004304,60.20412637476931,62.04277685979472,63.08975305041085,59.06418330038359,50.688880570721416,43.272685840743385,38.72348996893872,35.88184789752738,33.66327566068386,33.975919236832056,36.85553648381882,41.13203478498157,44.06588530359438,44.69148600221559,41.25502538661456,35.25742697417677,26.92886560292964,19.571759535772003,11.628928988184825,9.1098335643846,-0.8776087166898392,0.4793776594606945
2022-10-31 21:00:00,5.100000000000001,53.0,57.0,6.0,4.0,18.0,52.3295909554753,8.840589644362424,5.023115160185252,6.838170312594968,47.586119519149136,47.88766236899728,42.92353651979405,36.95922359011135,35.46448691092603,30.25337946476932,24.0724804265518,16.387939843795184,9.046587696915449,5.064342860552534,8.043549689425655,13.17852217014346,20.835828660341583,28.73618280374745,36.43899804433418,42.02568496651226,45.806015160987336,47.85917895764331,55.34091063076774,67.41013826551735,76.6442283144217,-0.8692328164574792,0.4944029842076181
2022-11-01 21:00:00,0.0,56.0,27.0,5.0,5.0,21.0,57.04404158160562,21.014462807126417,4.725053810685766,6.439834785035383,71.79458444380545,71.74629156305753,70.64080259687216,78.92657710356228,88.5310583671875,92.42334328700768,94.3713294320132,96.10022652042473,96.74372153487175,93.85328399069608,87.78208693418338,80.67766521748652,71.27087809401196,59.81888610752071,46.7676253513631,34.5697398465933,25.071071535793344,19.766661585458912,16.651635119291633,14.691472603964677,14.317775431645776,-0.8605996962501181,0.5092820071573356
2022-11-02 21:00:00,2.1000000000000014,43.0,2.6666666666666665,13.0,10.0,32.0,42.972537251447214,6.283230624468151,3.65693967953397,4.963350762909586,56.62580638793722,59.92831808041312,66.34163651229623,72.28587050783119,70.99323182199612,53.33865846876652,29.404067385129647,13.879257303527067,6.809341565658049,4.886821588521636,7.001380353849251,12.150095442054797,18.422661152166995,25.956610464286683,32.046701196204104,37.07681864242655,38.120355750903045,37.67846812105226,35.9251526339737,32.27731125483776,31.121175569797533,-0.8517119107469189,0.5240103253675756
2022-11-03 21:00:00,5.0,52.0,25.0,6.0,9.0,22.0,42.67804302247883,9.298905095436142,4.955578480627649,6.061092801154177,38.02736457928062,35.988984673204826,34.87974908671165,35.71997395821575,34.41641991540231,32.261502267902934,30.75100260868235,30.35301646951316,30.81333890350666,31.498044521412925,32.20326023842259,32.37795476725014,31.626709868895595,29.54019237353924,26.86205150192923,23.81323360852568,21.262176705421663,18.90457039627631,16.758974612777642,13.825744673630998,12.23680082409984,-0.8425720899866032,0.5385835804920232
2022-11-04 21:00:00,2.0,59.0,34.666666666666664,7.0,10.0,21.0,53.22345178636537,13.92031461237477,5.17107774283958,6.538753875843494,54.93242166484825,54.22172246700858,53.63062316889399,51.05326518435329,41.08259161100597,29.058919244443704,22.65654713917441,20.45904679370009,19.66689667545732,19.27440500015388,20.34358156182884,23.347446402828204,28.087806698828,34.48328057882345,43.12583368284414,54.12528993211328,65.65343951316432,78.73073763469671,82.99684141531604,83.24067204445191,74.29610336807498,-0.8331829385891785,0.5529974600700271
2022-11-05 21:00:00,-1.0,64.0,43.0,8.0,8.0,21.0,58.1544338545121,18.443185950222368,5.406849476336851,5.692885475223808,65.79843517425871,64.64540396837558,65.1871347175106,69.12892202985319,71.89771003059454,72.70747571010595,71.44520835178447,64.72570701979399,52.52688031642687,37.64721734651732,25.86621559230128,18.464298207133336,14.389962019530264,16.117499591684187,18.071395763126723,20.057598599250127,20.04822945035612,18.60356268518557,16.844095924644623,14.392976648058696,15.324750397907616,-0.8235472349556007,0.5672476988027229
2022-11-06 21:00:00,-1.0,66.0,89.66666666666667,17.0,11.0,21.0,62.89408489266924,31.197941419399285,6.595072895817012,5.624494480154527,64.93853065713104,65.01217147018666,70.03414870056578,75.79531491575555,83.02389719808514,89.68495546423235,95.7641606183423,99.2510989568998,99.6497536778946,99.31808587188976,97.42079109514307,94.90538477156802,92.08857289414712,86.47004830728913,76.11772037566979,54.82530566831073,37.27068865223984,23.8732713212394,14.983382923054636,8.138952107339732,4.798371208923504,-0.8136678304455991,0.5813300798152042
2022-11-07 21:00:00,4.0,51.0,29.0,40.0,14.0,28.0,48.016972517908656,8.587211808600756,7.9226532860934435,5.413366167371771,38.77978566588175,38.81412542460183,41.999473351984896,46.946985638809785,52.49430861995895,59.1260219038608,66.98992773658036,75.52226631722779,84.42109086608063,87.8016880712487,82.13246076849371,69.97144553312232,53.74220874220238,40.05537190388112,28.442422023985603,23.99763630304022,21.10352243940323,20.14239371691964,18.495758703082966,15.358403669336225,10.274578959958037,-0.8035476485339116,0.5952404359043674
2022-11-08 21:00:00,-2.0,38.0,48.66666666666666,33.0,17.0,31.0,40.35145059622901,4.599301321678592,5.219209039611782,4.533870703184584,49.43240799668362,52.79685595715152,58.94773181762194,66.05162611617641,73.96407269032643,83.45089141679445,86.98261729612938,76.56858313752804,57.36527466379594,40.40165037799757,28.18852282875805,23.24321841443012,18.28311778733129,12.461669834462825,7.525646947465543,3.2904656734273376,1.0681194721339786,1.006334699506411,2.3604918939152766,5.181903521544393,6.314068033847777,-0.7931896839451843,0.6089746507720486
2022-11-10 21:00:00,-3.0,47.0,76.33333333333333,12.0,8.0,26.0,62.86072531751087,26.612186771556253,2.939678674079276,5.870178557665708,80.12392972736005,79.74670403467451,80.00357745554642,84.93259003508649,94.2140818097415,98.8680678955152,99.52008024035338,100.0,100.0,99.9650481067245,99.78362621347304,98.85289219608109,96.99292866222312,95.19761506341555,93.18506683860129,89.7667566627807,85.3232623526771,80.36646459517847,78.95839457854737,78.55830478903567,77.58104191760606,-0.7717727365467837,0.6358984534680745
2022-11-11 21:00:00,-4.0,47.0,79.66666666666667,5.0,5.0,8.0,70.76320315881948,17.731638102352957,3.213692358915325,5.756524769055991,84.7806941603265,83.84020474509406,83.87080294031875,88.86201423646281,94.11656238541038,87.64655477578246,65.64486029552099,44.07511070353021,30.903393804220013,27.209461442357043,32.60892475030662,39.180897318254665,47.019402410732624,51.0257387145918,53.88537370923905,52.80903660265635,50.10690306113992,45.85080354881148,41.98036942929947,38.10349559083493,29.10104529570693,-0.7607200913564104,0.6490800741100398
2022-11-12 21:00:00,0.0,42.0,91.66666666666669,17.0,9.0,1.0,79.12143462214559,22.087061153883703,1.0123764435055185,5.806001491046433,88.82242367250136,88.53122880889282,91.8611894151432,99.32944869761204,100.0,100.0,100.0,100.0,98.53465411821684,97.1513842123736,90.32632915656322,80.32771033392807,68.09613884161939,60.03389254041211,54.03731492416736,49.202794700390896,42.57089973950986,34.152870402538575,26.14712990312713,19.867418052772337,20.87823174788541,-0.7494423368521953,0.6620696215153815
2022-11-13 21:00:00,-2.0,39.0,91.66666666666669,10.0,5.0,8.0,75.76175741417586,16.532509290921503,4.462696410957827,4.5898414019460985,94.48394054149684,94.6349685386524,99.88943104027722,99.58437881438564,99.8235504465913,100.0,99.62872376454952,98.86049796611924,99.15245708827813,99.16434307410158,99.83546451962351,98.4102989464318,94.85341842434632,91.67988001463284,87.49277333805246,85.77343078136613,86.33495249356541,88.51290007165443,91.64747978642622,92.9667297748065,88.1163233649036,-0.7379428103031386,0.6748632518680403
2022-11-14 21:00:00,-4.0,30.0,67.33333333333333,14.0,11.0,29.0,63.20153459305891,5.399019278322619,3.8272968926532975,5.40917166597981,74.10760788233313,75.03389859127779,80.25984638014269,86.241094079952,87.22326219680016,85.88324340533931,80.6904131127324,77.7395979165586,80.74334031850795,80.99219632052244,56.38268143355424,38.790851914246325,25.723434252342592,20.49081573444931,15.99829598963749,12.362548596141732,9.570972776682224,6.992235545254191,6.293111149675569,6.699530294826646,9.072096643286397,-0.7262249146041543,0.6874571793269664
2022-11-15 21:00:00,-4.0,29.0,53.333333333333336,10.0,5.0,32.0,60.406004437363706,5.182513132558169,3.5987985475337543,3.919247300265252,75.30146915860817,77.19304623236971,81.59623057942986,88.8428579057202,96.42947109152644,93.24677180657076,75.96024767952514,63.61223013230515,54.91213305753981,47.34722589058256,40.52054828496668,34.34014593077927,28.50717975326916,23.786659922695,22.23862510787172,22.098116214443724,23.060357113166724,24.13686489760336,18.76324817868268,11.90640170452918,6.594862314473149,-0.7142921172691032,0.699847677146407
2023-03-01 21:00:00,0.0,29.0,79.0,28.0,4.0,21.0,63.066295048356245,4.919224883844781,5.1624192901131485,6.589988551858801,71.5992009218854,72.83230558870859,79.67789715300069,82.24191037444758,86.16013774180863,87.88361094091248,91.45930694104392,94.53518347401432,80.13722150155984,48.41840720277617,26.46493466244312,13.06254365046455,4.569931829510435,5.302904194398664,7.612367545008568,13.284582044738432,19.25682344742588,25.49231559147824,30.380722145807383,35.16758774189584,39.74378289636677,0.8584015232918917,0.512978386299228
2023-03-02 21:00:00,1.1000000000000014,29.0,90.66666666666669,18.0,7.0,10.0,77.99609326922806,8.856670312742263,5.463189408845994,6.012042210679547,91.7220156622258,90.83817883048548,95.67906007058224,97.0539494413428,94.56719690400848,93.49248569653196,93.3850894434472,93.14893333746863,93.99229270550885,93.43829863424968,93.22678684230274,92.18149562725966,92.09975045678412,93.5092857405422,95.52792793530736,92.16860983189927,89.56789471276015,86.65039591856804,86.361312380788,89.3926805203586,78.45317527457321,0.8670985522812081,0.4981366284784055
2023-03-03 21:00:00,2.1,20.0,6.333333333333333,22.0,11.0,32.0,49.257151454343926,2.6167039623393,4.978643147577199,5.262574168379276,59.26058264523161,59.74847025386247,63.929632784567815,53.83007928322142,36.19373948511039,29.7832334840278,28.4203082228988,26.723842189755214,24.644677413927067,22.837409094816994,24.7673533165826,28.590554661146733,35.05097019454486,40.54684455837299,44.58603037122259,44.88892197419366,41.76263582146048,35.42681297735304,31.531321439572658,28.95723452049932,26.68253592960008,0.8755389928586302,0.4831474640149687
2023-03-04 21:00:00,0.0999999999999996,27.0,81.66666666666667,18.0,4.0,34.0,50.41180610445729,4.736647997701689,3.954715177952169,4.052597640435141,66.09877662096572,66.9757242269307,72.09400600218731,66.66724735840029,52.24658725316145,34.25339844721681,25.109351690780912,19.54776447946292,21.165407470389106,32.740411355443904,41.12373437971903,44.85637622949647,43.30399309290062,39.98901605346129,36.93049232838953,33.918103981965736,33.697567357622084,36.24869215673874,50.21647134054012,75.30286684861578,83.92338324843843,0.8837203473619977,0.4680153284438345
2023-03-05 21:00:00,6.1,32.0,14.333333333333334,18.0,18.0,31.0,53.484349004594215,5.436954148042489,5.945383558598153,6.029321998020973,61.77765932709177,62.83594036747219,64.69812404037003,67.82096550805076,60.492393493318254,47.19694033349021,37.61717974097448,36.34899380295656,41.97472703280905,47.14207802734656,50.08947149846834,51.135297206452336,49.719565320111215,46.99413153392823,43.912730588896615,42.54764229893488,42.82627095379966,45.14457354427266,49.762220902236216,56.441449961793154,65.26866776501224,0.8916401947968874,0.452744699607371
2023-03-06 21:00:00,-4.0,27.0,89.33333333333333,21.0,22.0,32.0,65.57270235041058,8.726943534140428,4.8426206195851575,4.589588894265388,79.45823061970401,79.42904933492218,83.40801319573362,90.99315612465188,94.56106470810802,93.24561979064993,93.5647398647404,94.22542983823526,85.32760681135213,80.80704319989057,84.40738557164399,90.97440466454847,90.16076165804394,82.75972834829479,73.16312868050056,70.04109489801742,65.41646040186613,57.28455091005641,47.449066841784834,35.666453779703254,27.725814980031515,0.8992961915530253,0.4373400963303323
2023-03-07 21:00:00,-3.0,34.0,80.66666666666667,12.0,8.0,2.0,75.27814700369807,9.760500728658013,5.503253163982186,4.864186296097816,84.06471124035477,84.38824257295758,88.67086712452155,92.23814161964388,95.22411954675933,95.9651859918227,95.20335525971704,95.78587879751062,82.16646465478176,53.09306522521137,39.94674342629471,38.62505881900643,51.85019925923749,64.45586233030784,75.48492868191903,73.18443270595434,69.74004887500426,63.35345288877456,62.52992808058774,66.59484124871403,70.23655799077633,0.9066860720977984,0.4218060770826634
2023-03-08 21:00:00,0.0,35.0,79.33333333333333,18.0,12.0,36.0,66.58800769310848,6.171310295936518,3.896248348903624,6.754184405068265,70.19001902534482,70.9324722795849,76.40791679132018,84.9069325009225,95.6029974918237,99.37898632616378,93.30699358625522,65.66921637446316,36.9593427352464,17.47838876157975,10.394810127624597,7.739547951822388,7.622718768064583,8.651717087163432,9.569072259011056,10.340305924295384,12.03503392394688,14.676210703285667,19.356928271871706,25.90534796680211,31.08469326434359,0.9138076496466616,0.4061472386305788
2023-03-09 21:00:00,-0.8999999999999986,35.0,63.333333333333336,22.0,8.0,35.0,56.29054379593052,5.636846466979598,5.273650270483988,6.415517709729595,61.96639122226044,62.94136103840632,69.50737617221476,79.16256303936058,88.46814460710662,98.24140239451906,100.0,100.0,78.9865983204601,39.15429543453842,15.86362376430188,8.614296685833645,8.461796799887896,10.381877880458656,12.372890102549064,14.13771637052028,15.377340724087343,16.053217588823053,16.569753664404654,16.468512680888615,19.725704150597107,0.9206588168102428,0.3903682146763026
2023-03-10 21:00:00,0.8999999999999986,30.0,83.66666666666667,27.0,9.0,34.0,60.54783321911871,6.017714334607752,3.3279031541717288,6.041114501639236,76.61009464258949,77.30777935564238,84.95401023635581,95.18766062641764,99.974395148253,91.80983582060682,68.4425030552971,49.65139708462026,39.30514299087495,34.08916630261499,31.400325011571773,28.933399821432182,26.779399197272514,25.06836670418695,23.54745369878896,22.65726200032924,21.49895681787052,20.255132788882293,19.50797336570326,18.810391636526848,19.273957357905225,0.9272375462179536,0.374473674486883
2023-03-11 21:00:00,7.0,34.0,48.66666666666666,21.0,7.0,1.0,53.79454366584638,5.510705727057947,5.04859712742857,5.194444955659961,62.9394374869832,63.459154552386856,69.6407727003354,77.9705454375318,86.55047227370261,95.95708724191572,94.65602383001612,75.73650549737937,52.315353640056806,37.18260184391757,26.997553181416933,19.69927690412433,14.895938023374686,14.864163775504114,15.545198931511736,17.101708238908035,17.58085625116937,16.799543792662323,15.41192120577581,13.251205291492171,13.698296352954843,0.9335418911179212,0.3584683215124808
2023-03-12 21:00:00,1.0,36.0,44.0,21.0,2.0,3.0,56.43951040406162,5.371707628634898,5.30334974766121,5.536711536159269,70.69424832312163,72.40955436959379,78.20791048487011,81.15145364120167,79.23164519186363,67.27885442154356,50.92313340884812,39.46924341421578,34.06292113140752,33.477593275352675,29.18454756029904,23.79670736348429,18.004315457921248,15.90330248586488,13.98647157427433,12.064024374357317,10.89437319553014,9.909509312266833,11.177924456696184,13.864539967886522,14.609352724364143,0.9395699859530622,0.342356891994542
2023-03-13 21:00:00,1.0,37.0,80.33333333333333,12.0,8.0,15.0,59.009292414497125,7.352026750211961,6.098962628807084,4.833674681497028,74.5840775774204,75.43880411668518,79.82372648500213,84.28329281149281,91.0054376219354,88.83555872894445,69.44410402960038,48.12923947136057,31.75504089202667,20.694379453539387,17.817486282153432,17.497464883034457,19.792970857298183,31.83772962122689,47.84540625540403,69.48036380409289,79.17459945069942,80.19752233805781,80.18258247023489,78.68194594673011,78.3432610633499,0.945320046913132,0.3261441535642696
2023-03-14 21:00:00,6.9,35.0,89.0,16.0,15.0,6.0,58.72237306522481,7.401884240880856,5.478901206656606,4.939687240457619,67.551259006068,69.24463658877727,71.33673118482876,78.01694793753599,84.94018226942991,74.66529485976685,38.944491334530994,12.239819237399049,3.952381877565453,4.269763640508457,14.013647881336144,32.96540697815609,66.24697332166024,80.5698062960162,88.59997031771834,86.44409607572369,86.59398211306106,88.63648512144745,89.49371159152086,86.83324556113266,82.97541474567922,0.9507903724625832,0.3098349038318025
2023-03-15 21:00:00,0.0,33.0,88.0,22.0,15.0,2.0,66.3380001573818,8.814403768057517,4.788956426331339,7.357071536687649,76.93590132075072,76.98290968606314,81.97396967114902,90.26584602113508,98.71073598998144,100.0,99.3987316476656,98.04899932826936,96.6279688891468,85.413101685698,74.87179159729602,65.06932384676017,57.83700262544805,57.95827799257791,60.28510482473217,65.23086457217386,69.73240493312105,72.51714387686188,74.96086989369931,77.01710669236961,74.05403231917516,0.9559793438440766,0.2934339689665273
2023-03-16 21:00:00,3.0,36.0,63.66666666666666,20.0,10.0,32.0,56.43951040406162,6.8408327746861,6.5491250254536,4.399370978762298,69.22960112738096,70.63729289487551,73.920986209067,81.94661385789786,90.86900283384512,97.65780557958696,96.13092168010104,81.47830724485718,63.98878131046624,60.22341822766648,62.0443086822764,64.22744502066992,64.71973816691052,52.10253240342675,36.46912092584783,22.77143616805183,13.363432474147237,10.49102694902298,7.590020883227498,3.591503372989506,2.179920397469599,0.9608854255574976,0.2769462022689364
2023-03-17 21:00:00,5.0,38.0,66.66666666666667,9.0,9.0,14.0,56.73554022692405,12.808015178159282,4.350047657961352,3.32661024990827,70.25090223341408,70.02317336070625,70.09273310527004,71.72334335227234,70.07324398278733,51.96544555252408,44.17437191988836,58.82687567865944,84.22405401456679,93.6170444701872,96.97511700744124,97.7065679934772,98.7841373184138,99.93892453945244,99.0361766624342,93.58913164298572,90.34379380229169,90.13339925822382,90.84465643587215,91.16591694434118,90.25112957047138,0.9655071658143364,0.2603764827344581
2023-03-18 21:00:00,-1.0,38.0,65.33333333333333,24.0,7.0,26.0,56.73554022692405,5.235909148798009,4.411600252243695,6.577910064914756,69.64132477987694,69.31482184630488,70.66788485402931,76.99126801530588,83.37684276423826,92.33367832755468,82.27042699396753,31.36651953315656,10.558593026450891,5.193306375355892,3.883533034135013,3.699129608480772,2.619955945054908,2.0521073375071137,1.5983959729828645,3.058631776072819,5.29662500648381,9.003233843756634,13.077217912968944,17.81549266484718,20.34073322227988,0.969843196967294,0.2437297136096838
2023-03-19 21:00:00,2.0,28.0,65.33333333333333,42.0,18.0,26.0,48.38042264320575,4.461206471782278,8.529284888487469,4.311013008911258,64.51798092418042,64.42153955697846,66.20104501249615,72.92259013449959,80.20076672820602,84.68063230595398,87.82330437794286,86.61296650185677,86.43906261308105,83.5792757708431,82.469647846806,81.39332706871839,76.14469789079472,71.88752448536682,68.96876460804995,62.93248462022501,56.936948450623525,50.83676980842048,42.41217109589484,30.830338212793016,19.95956202083947,0.9738922359149924,0.2270108209414184
2023-03-20 21:00:00,-2.0,32.0,60.66666666666666,32.0,13.0,27.0,51.21777261740576,6.347589004549058,7.445969593745807,4.184003016095116,76.12537792527702,76.8728802692033,82.52150102923434,90.2161591969155,96.93828739780858,99.75459380677522,99.75709086471636,99.56943933353458,99.2798340096214,99.57390299106338,99.15556655664986,94.41559918898224,84.1684982173423,67.1149995434647,46.99587164753845,27.53502263074327,14.33667291563943,6.856932501763318,3.618681158493432,9.16787367116962,11.4338217436988,0.977653084481664,0.2102247521189836
2023-03-21 21:00:00,-1.8999999999999984,31.0,66.66666666666667,24.0,9.0,32.0,58.14079858186936,5.523111506672199,7.210044878631925,5.830105372419292,73.18819409591124,75.71315474572926,83.71002183655742,89.71418445316685,92.66905180821256,93.6761135564455,92.27924255128056,89.15192231044772,85.0323042921956,78.20355831374032,67.05303231006161,62.86157439366617,61.48702789459137,57.53690098303554,48.76744720082891,33.87047132988864,23.680490112026884,14.343541305117483,12.531478486792658,10.55025099714283,6.126874465726248,0.981124629771712,0.1933764744102058
2023-03-22 21:00:00,3.0,27.0,41.66666666666666,30.0,8.0,32.0,44.07517599881153,3.610105441731289,3.4834013019771106,6.105494862670247,66.01019827611977,70.12178091611858,78.1986131469905,85.66056958986576,84.12263147585102,57.96708480559013,39.93515192007004,30.32467657186849,23.70801502407964,19.09300035192967,16.712589319705526,18.09597759922746,20.22344109581564,23.53417016606012,26.24632994465395,28.750183251178463,30.58856085298557,31.97136996807818,32.6741703794459,32.94597515197495,32.37396041261065,0.984305844499033,0.1764709734915216
2023-03-23 21:00:00,-0.1000000000000014,31.0,89.0,12.0,14.0,12.0,74.98144418959104,13.57345291856924,3.1335172129019777,6.169817783790817,95.88990450269,94.92297424743398,100.0,99.38535561270794,98.32872458192952,98.15307738177722,97.87578405292768,100.0,99.48836385699651,98.72049847775652,99.66217202359309,99.64411950849372,97.76198908557376,96.06165940053678,94.06066754308485,92.6637348342606,90.6555381270954,88.53575860913513,86.1592382412325,84.11605237519726,82.81813955675939,0.9871957872910084,0.1595132519726365
2023-03-24 21:00:00,0.1000000000000014,33.0,79.66666666666667,26.0,14.0,32.0,58.432882370298834,6.732250131110873,5.477896954717773,5.328098084451013,79.35568401225575,79.9352662518983,87.22194267166576,94.27716509443069,92.29910527570632,90.83969902991387,91.12429374097916,86.56650883697166,78.11816037489888,72.90726744083605,70.18028993557964,65.44266200599733,58.6774791105584,50.2794549880846,42.073367519444574,33.88253088616596,25.46496880337902,16.287187552928312,11.188558331585332,8.207784258021485,9.19687375907156,0.9897936029670716,0.1425083279161708
2023-03-25 21:00:00,1.0,36.0,56.0,21.0,6.0,13.0,51.85141206964299,4.671249545613928,3.2567677967876647,5.143139914869406,75.7730184905395,77.90500214205679,86.62110142309973,94.7077682082405,70.9369851752081,35.36659516333713,25.336602164276343,23.99465271462802,23.35749060248317,21.32903147203116,15.745113148827144,10.754965717655848,6.202837497343913,4.613422529063961,3.801886626140325,4.007268216202331,3.4952916392405617,1.747239700474644,7.451816077353294,15.499887074065214,28.51821836873126,0.992098522791769,0.1254612333527364
2023-03-26 21:00:00,-2.0,33.0,90.33333333333331,18.0,7.0,9.0,72.12276740852165,10.72709381694434,4.9509714839916885,5.94496023838204,93.16984192233016,93.12165805340511,96.94563155564748,99.47804095277289,99.52846949162566,96.31737595721,95.9972903245284,95.82688318559048,94.0556270690316,92.70358995457217,91.14592567606492,89.37300323875884,89.55359382823784,89.23658294945417,88.86725157105458,87.0639683275268,84.87364878519168,82.29951346348948,80.8068255103147,80.0999344053657,79.95592480206518,0.9941098647022418,0.108377012791876
2023-03-27 21:00:00,-4.0,37.0,75.33333333333333,15.0,5.0,33.0,64.13009910072918,8.74363694909282,5.913814641073998,6.078167856870474,89.54439336132914,90.49521375411086,97.44223112082383,98.1039755264246,98.19122261206095,98.71688718659124,97.4487939930018,96.52011311626995,95.60275355891004,93.3522344341485,84.7773084130502,76.5642107478052,68.5343304351569,61.57771452176628,53.222782095886544,40.86353722515808,28.489475178685243,16.137045237813822,9.596218770940157,5.362056764457696,5.041080759062139,0.9958270335100596,0.0912607217293118
2023-03-28 21:00:00,-1.1000000000000014,36.0,69.33333333333333,22.0,7.0,32.0,58.86615279798072,6.978868357515949,7.0426739414831445,5.042826312836226,76.5523339208977,77.38040796536907,84.3543477748442,87.67226273909033,80.8346426511771,79.08614270674784,83.30830375261237,87.43056039416508,90.59078206633498,92.5872193333229,93.86443712812049,88.00184950786476,77.70663490881104,64.44891547822252,48.83545036047621,30.582496882775008,17.70147560783487,9.76668361665429,8.055381886670085,9.68395783197005,14.151356001307985,0.9972495210773452,0.0741174251509443
2023-03-29 21:00:00,3.0,38.0,50.0,23.0,5.0,20.0,50.00429960169621,6.007801117934927,6.785359837103687,7.885375741242391,64.83500767894779,65.29428731565568,69.16417061136062,75.13572485649973,81.88427927592215,90.74216779804304,94.2182112920275,67.4292991844385,34.45067923979332,24.007643551119408,29.133448858910327,35.00874517330213,42.07375090098418,47.260499268494506,51.42987914582563,50.51866927130328,49.39641120949838,47.986227956980265,47.674637706930405,47.930700417239976,44.35316465276616,0.998376906467142,0.0569521960340397
2023-03-30 21:00:00,3.0,22.0,80.66666666666667,47.0,21.0,30.0,54.29510147584008,3.6151551852974304,7.370028246120511,6.454898719634403,69.09049497943384,69.43865837801685,74.75327910600762,79.9703923689894,84.25014118191915,85.69698147985177,82.92895454509882,79.77199910099169,80.41286819680863,85.08901030145691,84.46083909673841,79.21330856408397,70.74633241855483,64.77371402483269,60.84683232933556,61.68786625440168,62.11816232550375,59.93828380965183,53.53598079858,40.920663400987415,28.296742480201864,0.9992088560679752,0.0397701138460557
2023-03-31 21:00:00,7.0,35.0,43.66666666666666,24.0,6.0,20.0,47.434384948944405,7.5086915010029855,6.323415440767068,4.637409710578903,60.574420872104405,60.79319445040493,65.12441600626589,71.71201802657394,79.86586024731571,89.04377704998052,95.14135573923076,79.26911924089737,58.834112753195456,47.97110954034818,55.051726787321606,64.57052994034278,74.86523958070048,77.1663768452934,77.74738627067796,76.30721313479569,78.64739501331205,82.64753788847682,85.69197444652764,87.89689317247394,84.98805198016413,0.9997451236925734,0.0225762630415454
2023-04-01 21:00:00,0.0,35.0,90.66666666666669,11.0,12.0,14.0,81.79219737449081,13.39369096516551,2.8819900528720432,6.069075366756344,97.5384407993418,97.19280556921802,97.20104489571986,98.57069935785375,97.43183531954752,98.4765643422036,100.0,99.94883187986842,99.56473263396444,97.38037245893328,92.30001430329938,80.20357826829442,53.53974038652877,29.24084083312092,14.620546725822631,12.8351767204546,15.08691577451646,12.30993447726385,9.261733823700377,7.522161048313723,5.975959107346133,0.9999855506507186,0.0053757315575838
2023-04-02 21:00:00,6.0,24.0,14.0,36.0,24.0,30.0,41.60705250700035,2.424302990460048,3.9856487638053326,3.754063396985489,53.10597805794976,53.14677542931062,55.23884774828143,60.59092977207639,64.93768939742503,58.24910546826592,46.62635348913598,30.50246707032497,17.972171720798112,9.858266729807951,5.2844900770838255,3.2508502678304163,3.5053742746993204,6.185807984358658,9.583398992042936,14.568421739278945,19.754257822966814,25.20866022960185,28.95420000106182,30.69428698471449,28.0134397450786,0.9999300657962056,-0.0118263906918325
2023-04-03 21:00:00,-1.0,35.0,83.66666666666667,17.0,13.0,18.0,58.72237306522481,10.168050963201791,5.572393691494614,6.301628316495151,83.35556743313217,83.81304249371806,84.31600454540289,85.60556734583797,88.01419568256064,90.79019995191074,92.01419543593124,91.86594872788278,92.66509785221125,92.35086063506074,91.12183541025392,90.65311264327951,90.86685763855137,92.7320188448804,94.38768930719831,92.06033105709815,90.06892971691892,88.74473042923412,85.76888516772172,80.07525474729049,77.74023298409512,0.9995786855478958,-0.0290250133219752
2023-04-04 21:00:00,-3.899999999999999,35.0,64.0,29.0,14.0,31.0,49.52340325255909,6.670212367633815,4.615455888280517,6.308995537469782,73.64231632490169,75.28973792710613,82.86593090090209,87.24753319970928,88.87222109442418,93.03896405900454,97.68562069921268,97.7556328685513,88.9795396303918,72.58146169623902,51.762787855808526,36.997929564082966,25.692148531976088,23.07197349668813,22.272631220158846,23.74760702089108,24.48662575357334,24.94865998817681,23.981094185799083,21.718567700964904,20.18559635439415,0.9989315138848576,-0.0462150469837083
2023-04-05 21:00:00,-2.0,28.0,84.33333333333333,20.0,4.0,14.0,55.22979205469723,12.867811237996284,0.7087948382715694,5.000245143241502,69.85210692463522,75.49044787584724,84.05390193227959,90.07906908351174,61.99466857245214,33.2219776513939,33.03666466157312,56.03518982033856,79.88059702584872,92.56530185514283,96.73959183392483,97.7267538790611,98.64924031864685,97.8417076155133,97.2791832608438,96.59992241674324,96.3398153918652,95.35450750320628,94.25354926264195,92.75822320739736,91.4952440298499,0.9979887423155984,-0.0633914048695103
2023-04-06 21:00:00,0.0,43.0,90.33333333333331,9.0,13.0,22.0,70.32158817003713,7.929988609699704,4.441093081757318,5.027242438411608,83.96232198190935,83.32466441344567,71.5922445064035,69.58839323664627,66.08487220717075,53.68739947290273,33.77336492388832,16.07290977662129,6.043316158658945,3.705675914463413,4.670490940991457,5.549012184275278,6.085874521523707,5.920635562193846,5.837763674110271,6.031857349556824,7.781097656678916,11.285050289485254,17.567379220078728,26.841482833877585,31.159845827191816,0.9967506498213928,-0.0805490042187416
2023-04-07 21:00:00,1.0999999999999996,28.0,69.0,45.0,22.0,29.0,50.57424442645053,4.848643721281516,6.339441451710032,3.9998305702964414,61.19360088313258,61.91657240982914,66.94784375140242,73.8001945702787,81.25113033369233,85.36746773203646,85.4478288994643,85.04710330327005,86.92383593566213,90.2413972857748,88.5572238529199,81.94217168945835,73.5090337694666,66.09439113979624,59.58444835490588,53.998398633958914,50.14306220387967,46.63358536196096,44.71818812004064,41.78056625144442,38.732111886426175,0.9952176027737294,-0.0976827678217159
2023-04-08 21:00:00,4.0,26.0,62.0,40.0,16.0,30.0,48.04844704067246,4.538986116631491,6.025819038423057,5.637705653662668,63.079178362055565,65.83411954581423,72.74879904989166,79.5204236838817,84.98124677664963,89.10828879667488,95.11786588902906,98.38875952867237,95.437631218689,86.07262741635948,73.9402693064513,64.43247365563849,57.5905877460676,55.90555035347701,55.12236686602012,54.45653124641128,53.63885221205851,51.14549217486305,50.62098555727065,48.681266480472,46.88540954877891,0.9933900548258936,-0.114787625522127
2023-04-09 21:00:00,9.1,39.0,48.0,29.0,14.0,27.0,46.08551326593842,7.825684227019742,6.424383552880584,5.215931979005815,60.06830813526819,59.77670059830915,63.1033599520247,68.21253291286692,72.1460103516714,71.73919299960667,66.56238143898443,57.98655248452016,51.98563759097603,49.15719996800531,49.37834261526194,55.63666478825001,63.037081614538046,69.62726962569958,74.06934185455903,76.40848061922962,76.99679892027078,76.07978993394299,71.84624992382791,63.65995202419589,63.11080822123617,0.9912685467787256,-0.1318585157173911
2023-04-10 21:00:00,7.899999999999999,50.0,3.333333333333333,13.0,16.0,25.0,49.83113518218205,11.25503891227868,6.101858734321572,6.6486402093435615,61.19266318913817,60.35280229182048,60.634603258748434,56.854592612904,46.84225462186605,39.30281602073029,36.92519875900072,41.13936794444019,47.90985221548509,53.634415281649325,49.36843380235022,48.40647669046884,50.25727432471802,56.40296801693019,59.31800545174789,56.44278319625221,51.767208866365685,44.61559766017499,36.77871542207546,26.55867294202639,19.43451399085946,0.9888537064205885,-0.1488903868564548
2023-04-12 21:00:00,1.1000000000000014,43.0,69.66666666666667,19.0,16.0,31.0,59.85484007345902,11.14628651024831,5.398887355829742,5.935702096015032,77.07412737534578,76.84698271591152,80.86774898138172,86.87559128060389,88.36238259402457,91.2523121731724,93.41609370257638,88.05903406617665,75.44911754888753,63.82478138892003,55.65082342098373,48.83175562679726,43.82075487610427,37.08410683568047,28.56630063294373,20.5306922321595,14.25297948874401,14.2443656743335,14.423714049607511,15.18775832939314,13.546737913899737,0.98314697372215,-0.1828169249850199
2023-04-13 21:00:00,7.0,55.0,51.0,9.0,12.0,22.0,54.72934506863234,20.14635128175697,5.240221375935288,7.83741320354425,59.61978912351361,59.44616018456402,61.00995115673508,65.89785231971244,70.67738688754656,67.33874805702598,58.96301771599624,57.27166839892222,56.7543599462679,53.24420039223445,48.98284887330079,45.26643952285089,43.82657311900548,45.691287490058905,49.67535161377285,57.16257514813319,65.54597961331908,73.40136306101114,79.41753216534012,80.7305056190344,73.74427312091393,0.9798567700958664,-0.1997015525660636
2023-04-14 21:00:00,2.8999999999999986,46.0,36.66666666666666,24.0,10.0,33.0,47.22173369622937,11.510369152921823,3.608027786993631,4.942204809441397,63.36212690458116,64.30008875776436,71.5379124630492,79.72805929725975,86.47960181688633,78.60077695297124,51.21936487073131,25.887077357046444,11.28900513257336,5.814599773112618,9.491859244885758,19.35287901000719,34.247279085118635,54.88175972832378,70.8687719432816,77.39741814206023,77.96304103214226,73.2340570490116,66.97381023987508,57.74761878231994,50.21621838232375,0.976276611086932,-0.2165270852448143
2023-04-15 21:00:00,5.0,52.0,22.0,19.0,5.0,12.0,46.27635891221943,15.127651937367704,5.034859235421431,6.42236778409031,46.86103989347245,47.41491405492445,52.06223226328014,57.74395123778967,62.31144004223032,65.52624421991835,58.56239729186076,58.6531607766879,66.26195744854732,75.09953540036513,75.49851466011992,69.35044746516222,57.95167367640958,43.06327662386039,29.756250416366843,19.964967127108725,14.97057536371267,13.62375950954652,18.822446742193662,29.47284841183536,43.33081546007739,0.9724075561219968,-0.2332885440754551
2023-04-16 21:00:00,3.0,53.0,68.33333333333333,11.0,6.0,13.0,61.21468958728256,16.01010463097131,3.497059534453759,7.122131124772404,86.95409727972694,87.77323831184322,97.53556697050948,100.0,97.56059310686376,70.26945249314761,48.91402144378985,44.032023986107546,44.25865232177681,37.01539495887906,26.34445752391541,20.6010844868966,20.456113973331856,22.196871768315376,23.31282968544656,22.313527049675272,23.502373628666373,27.2102432496602,34.54562851704994,45.50615462296019,51.17400605042961,0.9682507501166718,-0.2499809690726521
2023-04-17 21:00:00,-4.0,52.0,89.0,10.0,13.0,11.0,68.61496211698909,25.64179297317277,4.642969130314016,5.797170900452198,84.14642359236774,84.49964654308666,90.36528469614808,99.07362287764968,99.8777877429688,98.48729700637136,98.0924877866991,99.47113578655396,99.14517575119336,98.26308076106253,93.6150206169031,87.28712035571534,79.0844764023963,70.95802087355432,63.77279667667338,62.9627735606515,61.5442872125522,58.64517917996056,51.88660106311691,39.839146116804265,35.42494074875458,0.9638074231367308,-0.2665994206792935
2023-04-18 21:00:00,-3.0,46.0,82.0,11.0,9.0,25.0,67.91912714846477,16.706277004531362,6.1129644588182375,4.66589536513326,83.71309589391872,83.46058883012424,86.88732561735306,94.89831171784492,99.43020070963728,99.32706544279424,100.0,100.0,99.94652423313111,100.0,100.0,97.23174202622124,95.36131684972877,94.84954727450324,95.52270162428952,97.20966915369225,94.41732867562192,82.72456140251741,67.96050991243514,48.45043078277047,34.05421246772437,0.9590788900341132,-0.2831389812281835
2023-04-21 21:00:00,-1.0,49.0,41.66666666666666,36.0,5.0,12.0,42.18725784240723,10.011475969072944,3.318299448870384,6.010721248424334,58.69117466528518,60.264112396873806,66.90264709764662,75.10787498957976,83.41395546647301,92.97453076160376,97.1612269017458,76.24734828703257,40.94606027353269,12.924607887405736,7.784776522584065,11.635242035895144,20.30120842781993,34.62660614878684,43.900672477412165,45.21225286459575,38.99040982038074,26.34561253519886,17.41598203196521,7.365363971676013,9.577254819483674,0.9431964659565866,-0.3322354987159043
2023-04-22 21:00:00,3.1000000000000014,53.0,48.333333333333336,25.0,12.0,14.0,44.60602665781027,16.756520764157056,4.2490827007139655,6.244610129043891,55.20710710315281,57.62365358724381,64.73454577478388,72.66603257603741,77.01766109271017,75.35231897646369,56.88872392552884,49.43847446302356,49.52827039329231,52.17711768297066,53.62542280307787,57.37009767498117,62.06907744405199,71.6949847147273,78.93916629613679,82.21396553689134,75.93908715860915,62.9375508134932,51.95748858307433,40.7335138642787,42.31700153076196,0.9373419384643772,-0.3484108069446808
2023-04-23 21:00:00,3.1000000000000014,55.0,60.333333333333336,32.0,13.0,12.0,44.92675003361713,14.735802365534765,4.857652427986291,6.109796619647399,57.76786838220765,60.41402483766048,68.03773585944161,76.41704224219261,80.26815065173733,80.1570925444138,60.21697306213953,35.24160830690544,19.860805653997097,17.37651008951276,32.48032352039662,51.3805792102592,72.54481454761915,78.88823360597755,82.48587073316513,80.43188269830945,77.72027397914816,73.40780952103012,69.65276164140217,65.07094201403717,56.480435575182895,0.9312100364121948,-0.3644830148102912
2023-04-24 21:00:00,1.0,50.0,88.66666666666667,24.0,9.0,10.0,53.99275556510238,10.659911726622884,5.138212385709353,6.09359764562552,66.70798281434723,69.0271764191938,77.20140649479951,86.583392917124,96.21515195959458,99.60344009711272,99.6207793140999,85.62165860622689,59.395577923732446,33.799497313979494,22.356495109378745,16.688614074975646,13.181168570633483,10.33264398036995,8.567956173281091,8.563494745473772,16.43681472851042,31.23388381721145,50.02909972994479,75.02248703589896,80.22991632320891,0.9248025743285088,-0.3804473662878516
2023-04-25 21:00:00,-1.0,47.0,82.0,21.0,5.0,11.0,60.406080813372064,12.773148685300164,5.396050016178952,6.002285167758262,86.43292885131876,90.81464743305771,93.0212198098737,94.4872543550632,98.7602909781486,99.86255185423,99.97091678564271,99.86021963153593,94.69445941202277,88.12145814698412,84.75278884184972,85.46269368662459,85.77109213590595,82.0136902770197,71.44933388741599,53.338060311879566,35.12924418486148,15.260869395398604,6.597383562143409,0.1146487828997928,3.545643828579754,0.9181214482844364,-0.3962991372689181
2023-04-26 21:00:00,1.0,51.0,65.33333333333333,37.0,4.0,18.0,49.98639917276065,12.361703730981768,7.29408792782779,5.838449074587774,71.49971634115566,75.38290770980336,83.24075102765866,91.7581208922245,99.34814782773648,100.0,100.0,99.44131244500784,98.36971335304015,97.9438561221686,96.45836152674136,90.18344471643704,80.49815661563886,66.46077058458486,43.39997660162002,10.954880610162396,5.521673024702927,13.665416086681796,19.256700776661177,25.56365551505064,26.765916820693832,0.9111686353326632,-0.4120336369594263
2023-04-27 21:00:00,7.0,54.0,50.66666666666666,47.0,8.0,35.0,39.65908683574918,11.403911494578074,8.318949139890252,6.345171175053996,56.223141459665584,58.79239947691261,64.0040706369254,66.88206767678696,69.44499911534322,73.71438571156347,77.86589193651773,82.91999416804505,84.77528496641801,81.87304860439035,75.27763824925565,72.4254872471516,71.89781831253255,77.67152741308368,76.45473188803933,65.33430176257576,45.87341089351254,18.44701248725396,14.36314467552387,19.666763946985487,23.06966641713716,0.9039461929224012,-0.4276462092677746
2023-04-28 21:00:00,5.0,59.0,13.333333333333334,52.0,5.0,1.0,37.3680528699157,11.71139303630627,7.256344398661987,5.683795874558565,45.7362517567234,47.82717642771507,53.59113711439368,60.277660604339815,67.91763269248237,75.93326160438616,76.11491536277654,76.18103960648493,79.24919872526482,85.17947710710007,81.81342268907324,50.59372617342589,20.34777458094683,20.14901478378765,19.47430609243068,18.33855904157243,15.24534728823745,10.309623551478154,7.23444850223051,3.996356218345325,5.341079054367034,0.8964562582905575,-0.4431322341826345
2023-04-29 21:00:00,2.0,59.0,63.0,52.0,9.0,14.0,38.89359627620948,12.505198071752124,8.849571087073567,4.407499272053416,36.63995705532616,37.874200333502,42.24001967056918,47.41708848528906,53.32528069194876,59.76486579637218,64.75497407028367,68.95738057516151,73.78365858551011,79.0588225348999,86.32555805731249,93.0354389239748,91.16482649049792,44.51479715289727,18.818392218478333,13.535524800998456,11.082124684603317,10.164912125432458,10.09309205980367,10.15133272195285,14.24646977569664,0.8887010478292915,-0.4584871291400876
2023-04-30 21:00:00,-4.0,53.0,80.66666666666667,34.0,14.0,12.0,46.435552620409545,19.44630228899446,5.162824349177584,5.830106431442242,51.20977740274096,52.155371623890765,58.17210144685333,65.15744314077139,73.49475787028635,83.62288947416432,90.23651559144092,93.02102356560628,94.43825895562048,95.50622475446406,95.31641230403112,96.12328820109444,98.44558369272038,98.86324397535302,99.1859133929892,99.1618201867877,99.32601415586792,99.50692616604437,99.689022295823,98.21092651765076,73.36824595747379,0.8806828564301475,-0.47370635037968
2023-05-01 21:00:00,-6.0,47.0,90.0,17.0,24.0,12.0,70.76320315881948,19.856172811774243,3.978628743614384,4.849790523256286,95.37409143029603,95.12075772226576,98.64376944838482,99.96095916258903,99.90067153348188,100.0,100.0,100.0,99.99685884827564,99.15555148973718,100.0,100.0,97.59632365586812,78.88329372673816,51.08670043081587,40.46020159086618,30.2797719827986,25.46191177554252,20.599298410396013,15.450775594906617,13.178714094945338,0.8724040568049612,-0.4887853942889926
2023-05-02 21:00:00,-2.0,50.0,75.66666666666667,20.0,14.0,7.0,60.81309463361997,14.252134727495957,6.147012273465576,5.719112140646021,83.54077085511923,83.12182305582824,89.77171372591174,95.302966915447,92.6888242670274,87.86533525366225,86.23698258138668,86.59230699864895,85.24934582111983,82.90707215753287,80.22059944622238,75.27527168706978,65.84704812829945,50.978317069974125,34.922863967188775,29.237351344376577,23.87106619430382,20.76054875854586,17.990504529467152,16.259738608847087,23.461992264927613,0.8638670987837349,-0.503719798736334
2023-05-03 21:00:00,-1.0,42.0,89.66666666666667,24.0,15.0,8.0,64.77438262057736,15.115917384336374,4.122221913613113,5.222312548134292,86.068013488365,86.14221802553574,94.4821069141281,99.55379284392949,100.0,99.86802712499468,99.38569472897292,98.91416747048244,99.60651452323354,100.0,100.0,100.0,100.0,99.36594154839432,98.21774827561576,93.69452041241604,81.7721767335266,61.2389174260612,43.633944612810126,27.88985416603456,20.711572291954784,0.8550745085896932,-0.518505144391157
2023-05-04 21:00:00,-3.0,47.0,88.0,28.0,15.0,4.0,60.406080813372064,14.17849683045268,6.248404038625423,6.005527110728518,80.14642777484215,82.47290720862073,91.12505675197684,98.50770857301008,99.83414755076733,98.64645329857083,94.08579894415404,90.24428437889564,87.54099160115538,85.57293956637255,85.33750090337242,85.55701178701567,85.70703682762567,84.65272634937055,82.62329520709302,80.66180291953292,76.32427113293791,70.05609400121098,55.6003579247048,35.76448681761298,26.015822334364287,0.8460288880917339,-0.533137056031809
2023-05-05 21:00:00,4.899999999999999,57.0,43.0,49.0,11.0,34.0,37.04114069129554,10.030961789504415,6.312572976396534,5.657137065652455,47.65911057254472,49.8771939407894,55.8516086946768,62.33605537091896,69.72104402615338,67.22358197107748,64.56936299686176,44.055153240778886,24.2694208209988,14.914899388844466,19.50928811302536,26.27476900457418,34.17031572277068,40.89167642873539,46.02050812263676,48.60409293816123,46.40014329572067,40.874832972804825,38.06726534612135,35.0647532111546,43.90111911287687,0.8367329140344921,-0.5476112038402312
2023-05-09 21:00:00,0.9000000000000004,51.0,30.666666666666668,77.0,14.0,32.0,24.59322380198467,6.903937418360792,8.952921643396007,4.870993214924321,34.256485619442074,34.77271638577022,39.20780190604701,44.18633798889321,50.20780104751484,56.7882072116796,62.86631223497314,68.7600643826081,74.83854220047331,80.56138461201925,86.9469931219802,92.14798405658448,92.36219534154156,59.58768481654689,35.25928205165108,23.15844273285332,18.97100465034958,21.62917657196814,22.2479447373486,21.082590202516684,19.500789747194613,0.7971015927871943,-0.6038452208771035
2023-05-10 21:00:00,0.0,60.0,44.0,65.0,12.0,30.0,28.252603715391427,12.242408800952974,7.984903393775932,5.583953757814059,34.81063321468395,34.77514652091832,38.81090082324221,43.60660099534816,48.70044660283423,53.79989764004177,59.53759685403784,65.90425923707531,73.32244015475557,81.54529099239988,85.94651457550225,85.99165876812596,80.73992093055541,73.48161010281764,65.12880061006183,56.29022622385802,49.53967480506807,45.677446652329415,43.40383845398876,41.91577593825495,38.29166746179208,0.7865965660866021,-0.6174672802835514
2023-05-11 21:00:00,0.0,68.0,10.666666666666666,66.0,9.0,33.0,28.368509491649508,16.339311460061705,8.401461159292852,6.664091225621049,35.53111931041824,35.7016458662393,39.88592105189141,44.62600755729363,50.18649135934843,56.45235280677582,63.81583358359685,68.8956822463298,72.05325292794282,78.60960005897002,83.31441431008663,78.5830735568582,64.43374695937348,55.16487747051432,47.48751014059161,46.52836343146686,46.41751544317289,47.36183194315746,48.95000170357228,50.77522753504135,50.52816644762827,0.7758587728069828,-0.6309066211876704
2023-05-12 21:00:00,-8.0,65.0,60.0,20.0,9.0,24.0,50.17200628072309,23.860771521600142,7.258013936994632,6.642540076421114,63.15084797091082,63.00872770273518,70.51757255822133,77.10850914335711,81.01990577372128,84.63208625134313,88.7654442363095,90.57250170941778,92.07903895642902,93.75431488957592,95.70806972699746,97.12542035629625,97.84490384633328,96.24487283737224,94.20535467667897,91.06249145192656,84.04729256991246,71.37050993866897,56.20285421160064,36.51316415550042,26.345381935710865,0.7648913904341226,-0.6441592666722685
2023-05-14 21:00:00,5.0,55.0,33.333333333333336,63.0,17.0,32.0,26.317169394051408,7.207454749623617,6.335733906124576,6.102006263993438,38.27274849151101,39.37085486929323,44.395491510422296,49.89382375637033,56.34651940507903,63.40624041948442,68.09122299653991,70.36495800078954,67.06917173058659,52.86161756105041,30.72845558782586,18.355441014087543,12.5303034008608,13.406732369716842,14.579737309691287,16.260590729457796,17.867416737186794,19.364711170013106,21.5348520566416,24.34799135232773,27.99887306200101,0.742280907086982,-0.6700888411055113
2023-05-17 21:00:00,1.0999999999999996,44.0,58.66666666666666,69.0,16.0,32.0,29.32118057948065,5.8676289809608,8.845801219810534,6.634282453093135,40.76766324975648,40.55469173278479,45.10035074674173,50.80092858618342,56.41261367285092,59.18910104013017,60.97663865432599,64.68541450541383,68.95656170114925,70.5079345197235,71.20507639320059,71.37226228266884,74.22553317421907,78.88794967722946,82.57841551193789,80.21218356037495,72.07209225285807,58.42766068950455,48.0217234260175,41.933507961376165,36.08675022366731,0.7067265555776158,-0.7074868024503348
2023-05-18 21:00:00,2.8999999999999986,54.0,23.33333333333333,64.0,12.0,27.0,26.158436501085585,7.018428211182791,6.351303154582793,4.660675258810269,31.32982253631272,32.7893718483217,37.06882535135383,41.74581223195909,47.414891805617,53.387128505268365,59.38173900189248,65.27273298235022,66.06581258617041,58.45209547245373,40.61629350958347,28.722531710659656,20.09418512838485,16.86890757759333,16.387191148484302,19.37696310744053,25.07276177190001,33.48947948450539,39.66701717852708,45.80286074377254,46.53277430351836,0.6944521021088763,-0.719538934232584
2023-05-19 21:00:00,3.0,68.0,45.333333333333336,58.0,18.0,20.0,30.715359778359847,12.334992792842026,6.927601300862078,6.00792102595556,30.57687745366227,31.4087394590192,35.05352825796045,39.215960507291314,43.841479341278806,49.34970865873823,54.179287265435015,59.512924826807065,63.35086168182293,62.44229129147405,44.0377317775431,27.52224302744488,13.91586581043228,10.917259819724782,9.30219351459754,9.78033013274054,11.25814030978044,13.556512125701234,15.99200921722381,18.7709160710955,19.17976756201094,0.6819721490904629,-0.7313781428679254
2023-05-20 21:00:00,-2.0,65.0,83.33333333333333,29.0,12.0,18.0,50.17200628072309,28.197904944407465,6.069993529051264,5.689028716585344,77.29995439943156,78.82670048549075,79.758521981677,78.10488024364668,79.81978530187803,84.84017933708198,90.66035770509534,95.58715196025828,98.02274802784076,97.67040856774184,92.11945464509095,86.68105568062968,80.84825720715195,80.59390892007897,81.24505568080434,85.0641927225046,85.75281536717183,82.95310260978316,79.46929271347659,75.81370781074443,68.95372144170766,0.6692903895412567,-0.7430009249440493
2023-05-21 21:00:00,-4.0,58.0,63.333333333333336,38.0,19.0,30.0,49.107602398074,16.127245136169197,6.122035337217405,4.995848271298986,75.79549978166985,76.68691193490146,81.60325509515954,90.45087534884637,94.35497066388628,91.60742604332282,91.21796163215838,89.94800901039541,89.14835863947668,89.2468713148951,78.11786161814939,60.058256517048505,35.62146387135767,18.52112286040784,4.372626322344163,2.629725213492295,3.6020512608728588,8.297585169662238,14.134468706315328,21.33607327827182,26.8317856774308,0.6564105761979381,-0.7544038410927472
2023-05-22 21:00:00,3.0,56.0,6.0,53.0,5.0,32.0,25.379360059182453,6.785796942004907,6.423128496390992,5.684771040267315,32.20384328471764,34.71531885520216,39.16110227695168,43.93358713149648,49.6449011000548,55.89407192233487,58.0139547960632,56.46623445800021,39.76686657171868,22.28460959284,16.323788537398205,16.444126938230585,17.614779035440765,18.94697106546849,20.04181149495813,21.0003413647654,22.405562440733988,24.07332636807092,24.12817396440934,23.58701106897869,20.858391324545973,0.6433365204044917,-0.765583517007675
2023-05-23 21:00:00,1.0,67.0,12.0,67.0,12.0,19.0,29.36334558866245,11.402474104731128,7.894135113113746,5.71239654088114,31.540823385955875,32.86322498174502,36.26029927846896,40.3385104580474,44.76299660263143,49.60934537699419,54.54081108780322,59.0376307746013,63.88928907596687,65.26362510533096,52.63065838849264,35.1151040897731,18.320552054691166,15.088745138434035,12.839589643112776,11.782710966441574,10.77942931627826,9.564596902494875,9.296251388866608,9.19334654377016,11.465088088804672,0.6300720909843687,-0.7765366444428655
2023-05-24 21:00:00,-6.0,48.0,90.66666666666669,21.0,11.0,34.0,68.1533852162,20.024731145604097,4.268233064487819,5.722159965157865,90.38145001998608,92.3894023705018,96.41256904362224,97.91798614432729,98.78067026973244,100.0,100.0,100.0,99.10903311994583,98.14984019805974,97.68790205511424,96.8070440356688,96.26057254422103,96.42940980055272,96.68168759457856,96.76872421770744,96.6042755968727,94.84272884065314,93.10513158549608,90.10485853036045,89.14383629922492,0.6166212130956382,-0.7872599821916922
2023-05-25 21:00:00,-2.0,42.0,91.33333333333331,17.0,15.0,35.0,70.2097508066708,14.389537545711375,5.027980885365355,6.843598131979336,84.04096061120214,87.05098962388918,95.35002416911249,99.2456580561804,99.49576521988264,99.82059805710654,100.0,99.81053975097429,99.86712414693304,99.79196755043957,100.0,98.5840639278988,95.18428734803648,89.46373020308363,85.65793364207295,84.89004127262804,84.64794405876123,83.74816352554643,82.3161272144746,79.16546713759247,82.19105935293757,0.6029878670694714,-0.7977503570459932
2023-05-27 21:00:00,5.0,71.0,17.0,42.0,10.0,28.0,35.03736155492574,21.052875609297026,6.178940037917988,5.580621760089649,38.01372917154129,39.49203293535364,43.91389536385659,49.40556635468753,55.93725845970292,63.025262192888654,70.01678315715935,75.95888627402334,80.42493638924302,83.75825269997776,78.07849769004976,67.58930788993148,55.03843240300071,46.44691963243535,41.53859793877592,41.91220185876881,42.66714631640203,43.07239411188793,44.848496136394935,47.07520598164287,48.86534011129935,0.5751899607119775,-0.8180198708443175
2023-05-28 21:00:00,2.0,70.0,19.666666666666668,65.0,20.0,33.0,28.681804060120115,11.216907958919805,7.684101458293836,4.428325561645525,32.5008269259202,32.99110177674635,36.44026283901943,40.56664121933326,45.557203727431336,51.42662604365754,56.3508339043299,59.84354222336152,60.88808045652184,59.431023906553946,43.54652934347287,27.130165266596336,12.947525728688127,7.219970620991985,3.038483800529073,1.8900085900614008,1.5739416704756863,2.0176941206533456,2.552049091529384,3.234743165746341,3.95531504303676,0.5610336262283677,-0.8277930117131022
2023-05-29 21:00:00,1.0,65.0,4.333333333333333,48.0,6.0,33.0,27.89733342212273,9.695006935889928,5.638427504601731,6.160946687583669,30.57002058309265,32.02949915200141,35.742995387647255,40.03838961961553,45.13417121018722,49.968833158203566,53.54774510579969,51.77043936730787,37.27238625041387,18.84719734981965,13.420929835114222,14.07595046605694,17.041408519895874,20.380806119647083,22.38791026371158,22.55494702673213,21.894105368926216,20.475299781090868,19.45332911694614,18.020657618283195,18.843258334407498,0.5467112728685939,-0.8373211953118121
2023-05-30 21:00:00,5.0,77.0,25.33333333333333,50.0,9.0,26.0,25.504858076082943,12.878274554199384,7.412394539417295,6.01319003758278,26.45525075596192,27.03306147271796,29.83124318346676,33.22241358109148,36.95270482107709,41.22521562540087,45.650465752884834,48.13800089458969,47.263611582338456,40.87713354435881,19.58212718025784,8.748066596482818,5.047090235445418,7.495370798610301,10.326236052091312,13.70679308324113,16.787207923273755,19.7589216326707,22.17801750541592,24.58223433763081,26.369784709075127,0.5322271388474397,-0.8466016020976267
2023-05-31 21:00:00,1.0,86.0,4.0,71.0,8.0,27.0,25.866043283845418,19.7633047854297,9.382464619333406,5.672801637454712,22.412991339111063,22.72527214155328,24.968497167940555,27.72191847652524,30.73374049236176,34.317994078249406,38.19857229886657,42.26832033923663,47.03444599754115,52.26052092701662,57.88924691130853,62.396095182409695,65.13788803143696,56.38416423964152,44.47070333499354,29.236366847802035,17.35731160192033,8.308828373469728,4.463289046434736,2.847189923847238,5.954185766515431,0.5175855102531889,-0.8556314858488706
2023-06-01 21:00:00,-1.0,86.0,15.0,61.0,8.0,31.0,30.03178687463576,30.147560810330567,8.566250862074387,6.008228573247238,32.84497519369411,33.20334136689472,35.1271805125242,36.13706713640544,40.027540758544845,44.02418722731809,48.84993473608,53.62037846555604,59.13658073091298,64.70471322258032,70.41121466437684,77.09292242791354,84.09472275177296,90.08443389538252,95.18665689147775,97.76104609565094,97.29351840861486,95.23722496925603,93.85319567521026,92.33997308253116,88.68107572463332,0.5027907197793043,-0.8644081744776648
2023-06-02 21:00:00,-3.0,61.0,79.66666666666667,29.0,12.0,6.0,55.59417457887699,22.164247350705192,5.146285954980083,7.073944481545483,78.16040774607885,81.4961468898224,90.32993315814971,94.31272340356776,94.25939522603971,98.7731882741775,99.74828243210192,94.48845022311048,80.24747855809392,66.84750921883624,70.17735669922726,82.47506180796034,95.99075745105344,91.37867969885392,80.25137883429633,59.57460333489495,41.27500995666827,19.857136477693192,10.136384327710587,3.1705664721949525,4.04341783465563,0.4878471454423119,-0.8729290708206411
2023-06-03 21:00:00,-11.0,59.0,42.333333333333336,58.0,13.0,5.0,33.10462754858699,11.032610328338055,6.140668654821464,6.3468068443315975,54.250538334589216,57.66632466312854,64.31283438876171,71.48053823093655,74.45123729281558,77.77755426307445,82.90604530199583,82.69862022478276,70.26684311490892,55.8497469093226,54.718072044672006,47.37698877217558,36.51473491376549,21.92347295374988,13.19577033127704,10.1751506989875,10.576862220378072,12.827682032389722,16.352610703193193,21.197048825611475,25.426267718609097,0.4727592092862775,-0.881191653407483
2023-06-04 21:00:00,-8.0,58.0,68.33333333333333,35.0,9.0,7.0,47.223732167466274,18.50919871766067,5.11776902958657,5.562859891394451,71.90439866082579,75.51196253204849,84.78539902322399,93.67581092217196,97.80034147187352,94.31846680362769,91.2545408934026,92.62839487858936,93.73852406049627,92.04924610912296,86.32255796450016,80.10450361327977,72.62005138564088,65.26557129917124,55.65954471182116,42.73655864878168,34.45747193552181,27.58548177245109,29.194276853182654,34.60478155046705,33.55505632699378,0.4575313760742512,-0.8891934772070711
2023-06-05 21:00:00,-6.0,55.0,90.66666666666669,21.0,10.0,5.0,63.88756454843504,21.55928079401285,5.861490917209648,5.534025128370775,70.30624606338071,70.31324491424657,78.20364257148114,80.47633517741153,80.89114145379797,81.5672331227069,80.91090417642623,80.95636849489694,85.17364472835219,93.6033853923782,89.77615723437879,82.2148356412412,71.5342309406861,68.07645148474775,68.07378976845249,81.96769511199031,91.73815834172088,95.9619920839878,93.59789692153892,85.66371882878249,85.59673651796761,0.442168151967072,-0.8969321743510065
2023-06-06 21:00:00,-4.0,51.0,94.0,21.0,21.0,36.0,73.98451234978099,24.2408834645349,5.784680771753397,5.522615774818515,81.49229618693894,80.9824006721082,84.53658417526451,92.25193605424892,97.01877486120576,95.51099079390136,93.69018116066512,98.0531135346262,99.83981831846464,99.55175370774994,99.90121947117464,99.82721960010062,99.69054408145143,99.56450054379606,99.10600444213917,99.14739169978944,99.35172995624478,96.7624856528276,94.7020273233288,91.81974327254504,90.41031414675788,0.4266740831899246,-0.9044054548343
2023-06-07 21:00:00,-3.0,50.0,93.66666666666669,14.0,12.0,4.0,76.77977271296584,22.20667507903559,5.497949881045061,6.494879591437392,91.34988980724158,91.26126410031874,95.40299598519064,99.26454332448978,99.34941383155436,99.51209400796336,100.0,99.7010136350044,99.55787109101276,99.54911683042536,99.96348784709916,100.0,99.94139068230152,99.607582011369,99.61898025751351,99.45413910292244,99.90437457229586,98.79117263879095,94.15714996156711,84.7010547591071,79.3426792317452,0.4110537546870351,-0.911611107193024
2023-06-08 21:00:00,-3.0,55.0,81.33333333333333,25.0,8.0,7.0,68.95517564961209,20.211321807054667,6.462488061730623,5.935363493096467,83.0607290763772,83.42131913919107,90.6200046258877,95.28929502571069,96.12714906884104,95.33476201278414,91.8985327873139,92.18284679368514,95.24335912741738,96.51629268616622,95.5435686918741,94.30066873971566,93.5854101474348,91.59304772695306,87.30890989742535,80.46238405940771,76.14594031684949,75.69606085651854,76.39415398101006,77.47243649297242,79.6503225920135,0.3953117887649151,-0.9185469991587164
2023-06-09 21:00:00,-2.0,55.0,83.33333333333333,20.0,4.0,6.0,68.95517564961209,19.876080346477924,6.528272935256807,6.227980721892692,75.1164465118078,75.19772801481473,81.27255139525246,81.65700524486041,86.50141066638021,91.52937474583916,96.19386366502368,98.42701845615936,97.81729006852508,94.59434661769424,88.82178710946569,87.13284196605665,89.59928199221406,93.68736126908418,94.65656775010036,88.16029231537907,82.43737874454621,78.57818650487246,76.11849359279532,73.95044743049188,68.00480781836869,0.3794528437245443,-0.925211078289358
2023-06-10 21:00:00,-6.0,61.0,64.0,32.0,5.0,32.0,57.74234446395111,20.83116610442364,7.550645225291173,6.2590207778266045,68.34575657049153,68.89182353406349,74.01093404140472,81.9669373522593,90.67559619414482,95.35053475454306,96.72632078052506,97.01713540588771,88.87228640469792,85.63038045968042,82.92032617514215,80.58624125580904,80.33573811423265,81.90849869083671,82.32199824084017,74.40260002834634,67.29247704642047,59.90765310412648,53.17291242130454,47.586695964535,41.37378088664035,0.3634816124829063,-0.9316013725767188
2023-06-11 21:00:00,3.0,72.0,35.0,51.0,7.0,32.0,42.54287617924819,21.26822179260749,8.015833202050144,5.802125990272918,52.85614991420833,53.00854569000026,57.1991608800483,63.03242272233882,69.65235557307795,68.79833966137386,64.79938943284321,68.33945684132935,70.12283913692042,68.52054852908725,67.84012231398675,67.41074061804979,67.78189719899328,62.17839869052473,54.63031925183179,46.02047155395411,42.39336323436968,44.65550728606773,50.27203272000067,59.09356393801302,61.34637545226833,0.3474028211842774,-0.9377159910299092
2023-06-12 21:00:00,1.0,78.0,32.333333333333336,58.0,3.0,26.0,37.51600687661515,18.52117356976554,8.504571500996926,5.564393607755402,32.25316938107654,32.38882301723808,35.01140747089894,38.57011055129967,42.51088251262753,45.670417171212776,48.9984389282364,53.68690694254666,58.60477534812725,63.38263553378236,64.16855970189934,60.87974965084975,53.35131890648298,45.19151525689267,35.75570742349557,26.46304736471358,19.81192585061412,16.60187973099134,13.996980511324828,11.352414591193222,9.959185522114058,0.3312212278016865,-0.9435531242349544
2023-06-13 21:00:00,2.0,75.0,57.66666666666666,46.0,9.0,16.0,49.80730647655911,33.57889910543456,8.016426268343785,4.976630632319872,55.01579495831655,55.92504912685352,59.71961653507374,66.31772664555858,73.8217032613394,80.56696935960636,82.52892333473729,81.9894371531867,83.58320667970796,80.35475296544435,77.24399413354952,76.31261670758764,79.10403661921083,87.05576528828409,93.53167940547128,86.7470171449202,82.94635008918243,83.15946678575669,85.17027592397443,87.93867262039775,91.15843620369104,0.3149416207289519,-0.9491110448902284
2023-06-14 21:00:00,-5.0,66.0,86.66666666666667,16.0,6.0,14.0,72.74144419142435,35.27332322011869,6.3643799149140685,6.348151846683259,83.41748209980491,83.1921970799005,87.60499016173956,89.27748424802225,91.22573084057272,94.93961286630166,98.06304257498849,99.2444900796281,99.14073274326216,96.97344420450766,96.75934462316783,97.7605711920866,99.27591171939292,100.0,100.0,75.05672203600243,47.256609463519645,29.64034077624152,17.427385787518773,15.166010502380312,14.493076353520054,0.2985688173637202,-0.9543881083175908
2023-06-15 21:00:00,-5.0,64.0,88.0,17.0,6.0,35.0,75.22266484350234,35.482490531365144,6.37336922662365,6.24391511909184,85.98916418835833,85.43492411002312,88.20125394984079,94.02616493980204,98.63384974909684,99.92808484872026,100.0,100.0,100.0,100.0,100.0,100.0,100.0,100.0,100.0,100.0,100.0,100.0,97.84300189984492,92.76786095312384,71.57889509801375,0.2821076626819194,-0.9593827529490744
2023-06-16 21:00:00,-1.0,66.0,75.66666666666667,32.0,4.0,1.0,58.42632469788989,26.18493249247364,5.561862828758388,6.347794713570558,70.45140819117228,70.75084839384955,76.87700572526249,85.91043455944299,94.70285761889436,98.93529786809782,92.98881737518867,76.71639436605264,66.51485562105132,66.70232320177006,71.54263938716487,76.33691831179063,78.63555764923099,79.5729889674807,80.17061233054274,80.52901974732205,81.03362214299673,83.00478191439858,84.05254860347465,82.5568251170168,78.08801023736132,0.2655630278040559,-0.9640935007889756
2023-06-17 21:00:00,0.0,57.0,92.33333333333331,20.0,13.0,6.0,71.82828985346084,26.9294712479735,4.806689522159585,5.833772266658615,76.66652702306929,77.14896814654985,84.90274399923872,92.68877527328898,94.04605623179886,94.07886617468256,97.92325673137591,100.0,96.75823028771528,89.50619244415935,85.91063576213601,86.1534871763253,90.02568602941665,90.91639460691316,90.99839931538688,88.77399802139637,87.87050359511589,88.1474606615171,88.85800528171269,89.29811212052851,88.29257177234648,0.2489398085537665,-0.9685189578512204
2023-06-18 21:00:00,-3.0,53.0,93.33333333333331,17.0,13.0,2.0,80.01061196027509,26.493150623881647,5.105336945943613,5.069570361347989,86.27932176801343,86.76617451586316,94.77134445819044,99.60590797862582,99.73389202621578,95.9405336538118,94.55813631088196,97.02054222020088,99.15375916045468,99.5674703558898,100.0,100.0,99.71683051651856,100.0,97.7422485643526,94.76998685296924,90.0078258350805,83.24815018902959,75.80271959262286,66.19979871804571,62.94215098352208,0.2322429240090701,-0.9726578145718654
2023-06-19 21:00:00,-4.0,58.0,83.66666666666667,18.0,5.0,33.0,69.29036909562232,22.969382703684985,5.440562645419043,5.212243526673683,86.65077373487897,89.23224058675359,91.79377553075176,92.37022923081986,91.17498809886642,92.4710174187998,94.13680102060428,95.91218044269884,97.66589411758804,99.56433165554148,99.4476267507338,99.7149963784086,100.0,99.7429560958932,93.22986066752271,79.6962702749501,69.30037710042997,58.18544376899868,49.57999060441207,39.411772022063616,37.20352111959316,0.2154773150467301,-0.976508846196619
2023-06-20 21:00:00,0.0,67.0,46.66666666666666,36.0,5.0,1.0,52.39539990963286,20.623673227189474,6.225144708122623,5.445845144732664,62.67020985823029,66.20436985312755,73.1782823161015,81.08267379406851,84.39181082124469,85.8600026903617,84.7904521602923,84.94477439997826,88.66441815224157,92.47634779235668,91.05622574136852,76.29474966178343,62.58672722931937,54.00402075091624,46.56189113063681,38.8992209001807,32.041012156088264,23.79336759092116,17.933705496635596,10.471242101988713,8.490877224758144,0.1986479428801711,-0.9800709131432666
2023-06-21 21:00:00,2.0,77.0,3.333333333333333,45.0,5.0,24.0,38.7768182157348,16.591977443723287,6.163163992522048,5.032355078604993,48.93719726905794,51.26504618242515,56.56438143642429,62.53914950653109,69.61777059824844,74.99061829887489,62.98338390211092,40.28407481104876,29.64384131519802,28.351842445536462,25.553389648630333,21.794834269756475,17.49008703077482,12.592689987498318,8.855360928023922,6.039619787346762,4.947365863292594,4.422048978139886,4.162321008483313,3.869789323936595,5.2977346056037655,0.1817597875913753,-0.9833429613388902
2023-06-22 21:00:00,-4.0,82.0,4.333333333333333,42.0,8.0,24.0,39.5561322850118,19.44468926167292,5.847698211035486,5.732017433744915,51.20897583337655,52.20939824776973,57.28915656836051,63.12775623560886,69.28683514402519,72.79191926371732,61.61513537910245,44.34673932739607,29.4867428439188,19.094515642394686,14.952767176583922,11.760311032884866,8.912019273489598,7.511641509092241,6.216399450400607,5.0716883129384565,4.018551380963576,2.977928601873652,2.5868172914778227,2.420119547631028,3.062019107176511,0.1648178466571979,-0.9863240225317866
2023-06-23 21:00:00,-2.0,85.0,7.333333333333333,54.0,7.0,23.0,40.01922979915721,26.21269386003604,6.938634210152693,5.497700352065242,49.37604920315293,49.54912484901761,53.90613582387464,59.83898025736684,66.17365364111308,72.14172640407523,74.13990075272736,73.25389549106639,71.47755093878175,67.6740694281285,53.87689811707487,36.67828857941974,17.031947731894146,8.065253488862647,1.7240792408394483,1.4710503835120932,1.567693639602409,2.011565368811221,2.277069044171112,2.471849224668856,2.325543323591857,0.1478271334705304,-0.9890132145779884
2023-06-24 21:00:00,-2.0,79.0,78.33333333333333,23.0,8.0,21.0,54.11135105682001,36.106430132928246,8.072228713524991,4.971112704914368,44.881495464776194,45.53253328998044,48.11227574633749,52.99734433495694,57.41014332842123,60.54297315765812,65.24998390361736,67.49070662202956,68.45373938746019,70.18142884159842,73.0290301617137,78.13215224716235,86.74399948589245,89.47398774947739,91.50421503395872,92.09648006791886,93.01621999580468,94.39183164718426,94.45352575680404,91.93541807952856,91.19571983319253,0.1307926758567592,-0.9914097417023038
2023-06-25 21:00:00,-7.0,77.0,34.666666666666664,50.0,8.0,1.0,44.93404929466704,18.245512283171827,6.10369215062136,5.754945261445153,59.589721297528,59.94096483744365,65.35419830120094,72.81981643128098,73.35754904437694,69.14925038644077,69.95276708763132,63.485360765138665,44.93072181147084,23.40312145618209,11.233911522954168,4.426258672865675,2.582172764050969,3.5683345396274007,4.46992144937526,4.317814772635564,3.860005239301708,2.9131379140720925,2.835273978822957,3.243071049202112,9.161325518233614,0.1137195145859496,-0.9935128947338008
2023-06-26 21:00:00,3.0,66.0,79.0,19.0,15.0,11.0,65.23879760028751,36.7296957206804,4.229450654281898,5.625878501077195,80.46066694191758,81.4027012795117,85.72944058622413,87.92473599733192,91.46390447820237,96.92028370309792,98.56134695037976,98.88459266346015,99.26718319873916,99.92827517466785,98.83950632220882,97.6234129507688,95.31072257918052,97.54404482738886,99.00622861378062,100.0,95.97124941660395,83.19731769051953,73.15540867782143,62.97081511450911,67.71803485722205,0.0966127018812031,-0.9953220513156602
2023-06-27 21:00:00,0.0,70.0,94.33333333333331,18.0,13.0,15.0,81.28158556761407,38.695245910321816,5.480984929444787,4.9028550156371695,92.97867135725036,92.9166512970802,98.55486098027076,99.33435133144069,99.04401966225558,90.6510880697008,73.02524217283818,66.43887601836404,71.24726669022944,75.57071885577386,77.37469473375143,80.07285467123499,84.14166393735813,90.1383370494096,93.72741728583232,88.60941524127105,82.19649361437013,72.55749634941674,61.080919885587626,47.238317323831744,32.596610027144195,0.0794772999236209,-0.9968366760893436
2023-06-28 21:00:00,1.0,73.0,80.66666666666667,26.0,14.0,17.0,76.03184026638034,41.57862248958458,6.742803378471325,5.168225395218134,74.2527484415975,74.49813642190875,81.46079176416562,88.85605178770773,92.51812872072377,92.9009748156896,92.6352799312551,92.96833188395054,92.32543340523632,88.30542833400632,90.30254022564569,92.97551283385408,96.41626116930266,91.29166167544992,83.939464439821,75.65343115664861,74.05856524481294,81.32776646306067,87.93043457672387,95.15997519776352,97.48313412749464,0.062318379354325,-0.998056320853012
2023-06-29 21:00:00,1.0,70.0,77.33333333333333,16.0,7.0,18.0,81.28158556761407,34.8656836493058,6.208233953604858,6.472024899964846,85.30518382811339,86.53957973832375,92.63512707098234,87.89167465650364,84.55406078029397,82.85336557456363,79.34470231320638,72.93090570767914,67.46230206269223,64.54833249151751,68.53214657948683,72.36354075769252,76.25218659813312,82.2081947336016,85.93966845980668,83.6719671980254,77.26747274571602,66.07920812030295,60.68244546494363,58.6526827783449,58.26281283886871,0.0451410177739719,-0.998980624694158
2023-06-30 21:00:00,-1.0,73.0,77.0,20.0,6.0,17.0,73.42344683897738,30.91444871088736,6.282068499694094,5.399555830671094,79.08535843781598,77.66159452140083,78.8389555569959,86.81615953564396,88.90058975141164,86.13858844740564,83.07190875848104,81.41826879981312,82.43441947183322,86.26721919201292,93.80274575964908,89.93135064018503,75.79498281456793,50.89750369081565,30.912177366448702,18.01877631400043,11.351296719914316,9.07509606556802,8.15191082952753,7.837169724314756,9.128336891119652,0.0279502982402103,-0.999609314096404
2023-07-01 21:00:00,-4.0,76.0,54.0,39.0,10.0,17.0,61.90298543869783,33.160371166360875,7.026778528002467,6.204740540141618,62.23267235582957,63.405753666869614,69.66910479792901,77.36922988885107,85.40857280038637,86.36711893436085,85.14102594369524,79.42915439892613,72.1041371433053,68.93119428160918,64.13541562254248,64.26855140297529,68.35690113456049,68.921738903437,66.96034302506692,60.07670967924732,53.55057432704831,46.85445592347119,43.953827858951264,42.0943403709656,42.97688711633984,0.0107513077635219,-0.9999422030204416
2023-07-02 21:00:00,-2.0,69.0,91.66666666666669,19.0,11.0,18.0,81.21007848481806,39.24857521326333,6.805400174531229,5.510856543347634,71.62045563393637,72.38926888415938,79.5788502886814,88.63116533300746,92.713285155265,93.86191102669416,92.2288796166062,87.45106039156451,83.62480407531166,81.69988821109267,84.82392488310931,89.72371697358248,95.92210188762677,96.94704471957849,97.09675833574072,95.197263421498,94.7081224555141,95.0923060632341,95.4422418991483,95.20482524814182,94.84436814225715,-0.0064508641981051,-0.9999791929590824
2023-07-03 21:00:00,0.0,77.0,79.66666666666667,37.0,5.0,1.0,64.24102387606231,36.9909848971818,6.983966889639469,5.690277709353034,66.68833294984266,66.9069411265111,72.57339729346212,79.84363413339202,87.33215992212834,91.6964186061388,94.02313992846892,93.58856457615252,88.837235584785,76.73618282532323,69.39005493475096,69.66569495290622,80.63646501882076,84.33020908514844,81.03040777644446,56.494363611221054,39.533321285439605,33.795619702242384,32.68579336591798,35.24960855927809,32.2859665530982,-0.0236511272452315,-0.9997202729664084
2023-07-04 21:00:00,1.0,77.0,57.333333333333336,30.0,4.0,1.0,64.24102387606231,33.50491285406456,7.4716110534676625,5.854874664087022,58.944059614024845,59.24322706761524,64.62282072359548,71.05462799340236,77.1681985965829,75.77483161674486,69.62449623488402,66.50180398308619,65.57256582731455,64.61317994433684,65.22951820219713,67.16332570076978,70.57512875559311,72.12045303102448,73.38640925272729,74.12513556810299,71.23664038021587,62.23692376663653,51.0877785323702,35.94520643195364,38.58404811387906,-0.0408443915432961,-0.9991655196610107
2023-07-05 21:00:00,-2.0,82.0,30.33333333333333,30.0,4.0,34.0,52.64997346684464,30.50612196507795,7.780785460970486,4.944086840760056,55.61203289061968,56.05202743300639,61.63920526186477,68.03171092359844,75.02869452305046,78.9703399436916,77.7269823926634,72.99677536390362,66.03561070441518,59.06349608625773,57.11247632395524,54.96552800897724,51.58840277782527,37.719642302515794,23.817609194527307,14.271465209836062,9.533817985436274,9.679951167658496,9.621480180648296,9.28863550456625,7.867150674911365,-0.0580255693287803,-0.9983150972033183
2023-07-06 21:00:00,-2.0,85.0,50.66666666666666,30.0,6.0,21.0,53.07184124760247,30.462391040994408,8.382264555957176,5.086175677498382,42.19638695526567,42.575789264665005,45.11482693822136,49.06142439529964,51.39180116714982,44.55099057814311,43.95143290577904,52.08663990371026,54.07534254156685,58.88550447540527,61.63873145955131,62.627604839636206,61.895033837538406,61.79099877248532,59.766884111413255,53.05179845222965,41.6008789706238,24.32195127145173,13.171511666429936,5.605626472922785,6.459391413123308,-0.0751895764147585,-0.9971692572470178
2023-07-07 21:00:00,2.0,79.0,57.333333333333336,12.0,8.0,28.0,66.7498450197337,41.75237136039015,6.318641664828679,5.609151598962823,69.54916435636427,69.44322437926155,69.10868968765809,72.21076802519957,76.65752598234428,78.10379194867583,74.49388741281004,69.77247478589148,67.83371882179246,70.00612340444339,70.24389706517175,70.4495866168607,70.33051884977591,74.87113238670904,79.29998477201232,81.81548722450322,82.76694986555113,81.8442233820688,82.42328992038662,84.38025132062482,86.83441951428044,-0.0923313336953912,-0.9957283388645872
2023-07-08 21:00:00,3.0,80.0,39.66666666666666,35.0,4.0,15.0,64.59707555210858,34.40943854066069,7.677865816650799,4.4117963715762185,63.73332471259437,64.1604354535774,69.62506035763678,69.03724200597951,71.76369623194357,72.58811807235885,70.13179318084836,64.6570336853439,62.24177362590473,70.98516881422468,77.19440436190742,82.68199045470168,87.1822255275015,92.64682075555808,88.48190855567128,59.83507077053739,34.16427754104204,9.482613785160204,0.399792593495751,2.263571909392549,7.642040212889274,-0.1094457686489155,-0.993992768446958
2023-07-09 21:00:00,-2.0,80.0,61.0,35.0,8.0,15.0,62.399389337971854,38.12763275845788,6.835499372107426,6.150211949037279,58.69949749518623,58.86635509597125,64.58136299222822,71.29854925619388,78.66604918240373,79.89649501853111,77.01278392040581,75.70100910718054,74.02640437066037,70.01042083293527,74.02836753863411,76.33748146954048,75.81446973422236,74.13244501655208,71.1452670034089,66.02452676723766,61.52611171428835,57.41789797336481,49.533908504615766,36.82358226975167,35.5764454924585,-0.1265278168386831,-0.9919630595773395
2023-07-10 21:00:00,-4.0,78.0,79.66666666666667,31.0,9.0,13.0,64.3602354171191,45.17645579297727,6.824792491893795,5.460087686547185,62.92769180568509,63.178513189050136,68.17148219946326,74.63904453396258,82.5032525277528,91.55449718374146,98.3314319243784,100.0,100.0,100.0,100.0,96.65883704699476,80.80777161995682,76.69721488542862,75.40558242875257,81.26001436114922,85.37620834010791,88.15089321847346,89.60356285292421,92.21558299373817,92.11687913163168,-0.1435724234118113,-0.9896398128792412
2023-07-11 21:00:00,-2.0,70.0,90.0,16.0,8.0,16.0,84.1691421001808,38.40298234787903,5.3254089353997545,6.328054463034152,93.91823706857086,93.2585887514064,99.26139289179213,99.53722902857366,99.33112521003716,99.07656235710994,98.06197367585963,94.67133549220644,89.38139544786978,84.03467935887853,79.50109376535586,73.04887307781917,63.07213307926506,47.16797966154792,31.476035630755568,40.09731612985145,49.231470168260806,58.70813806230192,61.68038706395649,57.39605927479955,47.34849450451249,-0.1605745445949937,-0.9870237158387384
2023-07-12 21:00:00,-3.0,78.0,51.333333333333336,34.0,8.0,27.0,55.92225541850748,24.37635376043881,7.999265576132897,5.111708243640413,49.83425096981489,50.29620061933343,53.82791281095996,59.48185864138906,65.43917358152386,67.36872170467737,66.93217273550017,69.12985183915731,70.81612283156599,65.24956803211201,57.02701065204352,49.83154293401568,45.6185381578844,34.411609406723784,21.175482508265684,9.358475464509524,2.4332843020438784,1.4513436887459448,3.4543218763625245,8.130358387636754,14.54289485658562,-0.1775291491870349,-0.984115542601034
2023-07-13 21:00:00,0.0,78.0,69.66666666666667,32.0,7.0,14.0,60.01107855818599,39.082191399626495,7.564304006472419,5.369227909457606,60.00271551072727,60.190940593079375,65.98529072094745,73.32085579925759,81.23515934382173,85.93449576894983,86.82907435571627,88.62944576609415,89.10220618453461,87.03712383984696,74.33481283332199,66.61858623930573,65.07931096378603,64.7992787236265,67.27569073864743,78.44852286004908,88.06218880997547,95.57705264466895,96.12834682592214,90.97849531413516,85.6802745536117,-0.1944312200476619,-0.9809161537413774
2023-07-15 21:00:00,0.0,74.0,77.0,22.0,8.0,16.0,81.56373805333675,37.047908372371566,7.550054371218201,5.273853563113524,68.6643865967361,69.40791944677323,76.63614965323755,83.97163884792671,86.84404554064068,86.6925800854946,82.77852825855932,79.18346306380347,78.10371028845314,73.80972209678116,70.7730668457727,73.96842459286155,83.96131330242125,81.3898947912484,70.93605742784146,48.41031661594312,37.08685111522384,33.95112812953058,35.34285348363104,39.96361929517168,38.744480846186505,-0.2280577712215198,-0.9736476020539838
2023-07-16 21:00:00,1.0,72.0,91.33333333333331,16.0,13.0,15.0,90.29357712746528,47.59359697340325,5.642500385924312,4.91733169567737,91.10353863051763,90.98173924988222,95.0005350369844,96.1532640374208,89.8680650641515,82.98409132381906,81.1227332326899,82.02527499737316,85.22007118637919,90.54176704186187,95.3921999246762,97.99259953561936,99.7362958703322,99.62379414171532,99.7188897123301,99.53981771441812,99.8526430639053,98.8450269872588,98.26450014449848,97.65121955278796,96.71363765862614,-0.2447723008972595,-0.9695805901076308
2023-07-17 21:00:00,2.0,80.0,49.66666666666666,26.0,9.0,20.0,66.86238676063813,32.744706790427564,7.094093196678957,5.2025866393605,61.19989114168104,61.45253026706876,66.84722027572538,73.75269773171671,81.0116723533605,85.9146462022918,89.20276530740455,87.05629120394659,74.49794749520093,60.52813992607198,55.450827940548045,48.9880419060389,39.64220200166045,25.272823452687387,12.944161827528289,8.641674933924282,7.216596555361764,9.789004301770412,13.868113698109449,19.647596955979928,17.435484724379684,-0.2614143985111562,-0.965226663665613
2023-07-18 21:00:00,2.0,75.0,72.0,12.0,8.0,18.0,76.20658896526173,39.86722147790435,6.461543378700132,4.932440992283443,66.52667690693724,63.17141646680435,66.33418269615439,78.56787047765283,82.28793622044454,78.57983280978664,73.31240843257034,71.3743460785413,73.61944460647604,77.5864371893735,81.92923044880445,87.63760038597678,93.26133207642243,96.06691270698714,97.49257643805709,96.71795419760647,96.51209505021367,96.86516995795245,96.96289147157358,96.71024343908734,78.97016339109553,-0.2779791393987801,-0.9605871111248128
2023-07-19 21:00:00,1.0,75.0,34.0,31.0,9.0,30.0,61.777544009622254,28.379539662765527,6.98060969751309,5.326213014516377,73.34829968218641,74.40634900702864,78.63408957288013,78.97242165479375,85.2000072099773,90.22075351026568,87.4269719776957,74.48809182340406,63.073719973756205,63.74846087625252,65.6351627346641,66.280154759238,64.28883406784894,57.9692197644988,54.05265894485839,57.48232230755086,48.2301131534393,25.46764308356842,13.317834088105164,5.781466350648474,6.046978853378201,-0.2944616217868012,-0.9556633054034704
2023-07-20 21:00:00,-2.0,75.0,13.333333333333334,44.0,5.0,27.0,48.024842970657794,22.13035746685922,7.235664298492395,5.166259895946667,51.89485580071482,52.79250701237065,58.17755735960328,64.48447486598694,68.97036702962858,71.00060235749073,71.84000573201315,70.67798691301951,69.06159281426294,69.2870571052162,67.37350212669749,61.63700855912773,53.18694465334299,40.21320325582736,27.92217327933328,17.94342492801874,12.436516642509384,10.335538160607062,11.457056886275518,14.602579624068492,16.264603440899393,-0.3108569682435036,-0.9504567035349152
2023-07-21 21:00:00,0.0,76.0,63.333333333333336,27.0,9.0,15.0,57.66778910783504,33.17838732420726,8.08598542770769,5.315441665824524,55.83118974006178,56.21870488440687,60.5331452059952,66.98556228360792,74.4092340068386,77.27124184294935,76.32103550453276,79.88147530484878,83.08736991771416,83.67443071914727,74.33470671626776,68.97010744441738,73.2227867158684,76.4146066977005,78.19761703035682,74.375287936477,71.67030194038114,69.97545033012761,68.5141211751625,66.60783336914979,62.88682738519908,-0.3271603271220951,-0.9449688462364056
2023-07-22 21:00:00,2.0,73.0,57.66666666666666,28.0,8.0,17.0,70.89397217984008,37.160433483515455,6.776483788694431,6.427612065379074,78.36228376404894,78.01320027320978,82.8453192841473,86.86158765571696,88.82335878214317,91.55359770401202,91.35525065490135,87.26633799377234,82.4962351344476,84.45410427466238,88.61047357597239,93.53102387858702,98.58948285802109,98.4181415147217,95.16828171976634,77.68817725820541,58.695647745182825,38.4863331636357,27.744225974970327,25.847956314226305,27.894119695222823,-0.343366873996388,-0.939201357453208
2023-07-23 21:00:00,-1.0,76.0,48.333333333333336,35.0,7.0,26.0,59.7524116708861,28.01586621464043,7.584790334405993,5.033978395424983,61.37973022086574,61.66347359903048,68.19705546100394,75.62372607268159,83.59869481229833,86.51436613444478,86.00215473790689,85.42846596516964,83.44732895674281,77.87747497671306,71.20144997516906,64.11368690501622,56.96804280078164,34.00289794890816,15.580967478795795,8.5346808961781,4.829380967948584,4.802786341261537,5.48881685510485,6.805642825689858,11.34280456219135,-0.3594718130884232,-0.9331559438780432
2023-07-24 21:00:00,3.0,80.0,7.666666666666667,45.0,8.0,23.0,45.3902169710704,26.50103586923049,8.236874075377688,5.491430343227098,39.71945258166863,40.24011462567951,43.90114536863722,48.671342454573015,53.98562898936311,59.68821068939712,65.9026922455649,73.03057162958709,79.64983626906405,83.21628786021132,76.31403686343673,68.13169132355077,60.467440709364936,66.97012559563706,71.4422447127395,71.78335996464877,57.104185143037554,28.75569260693884,16.96264027489694,11.639506255491323,11.287641315971584,-0.3754703786876202,-0.9268343944460494
2023-07-25 21:00:00,2.0,76.0,45.0,33.0,10.0,24.0,64.121281303613,34.2381367926414,7.616302783256937,5.478742994603511,62.80311533166662,63.54250344801776,69.11210012292317,76.50755319275135,81.91215354939938,83.79807103704348,83.02223150129285,80.12292196303889,77.2044019973858,76.89218868956613,78.29937643007912,78.51200733581167,76.43814673430988,82.34808543689488,84.98334115293945,80.02067551130445,80.12421130399304,85.70410221402908,74.18895598892728,47.84372327530806,28.78723681520736,-0.3913578365610259,-0.9202385798054076
2023-07-26 21:00:00,-2.0,78.0,30.666666666666668,35.0,10.0,24.0,48.47256086202582,27.810493734281387,7.933410618539772,5.3128541346446365,48.41298787253372,48.99260079593952,53.683577683899806,59.59351271979119,66.44727845646513,74.23078448504882,81.05144482878961,86.09537409988552,88.21014098735385,88.14926215237172,73.99412556527128,63.89589477807031,59.56319452802623,61.36947175736687,61.22204707255335,55.83597835743739,45.38595449444156,29.525186157164928,17.096469397512458,5.419675306074858,3.123446032646817,-0.4071294853542516,-0.9133704517637858
2023-07-27 21:00:00,2.0,75.0,70.33333333333333,13.0,8.0,23.0,68.65984998793179,38.31130151635568,6.523486307727283,4.695613474084789,67.22328393492444,67.21298882106326,69.85215500403825,73.48958099963187,77.34675787481936,79.82099537501033,84.16277131795144,91.20635789766315,96.77429569435732,98.55318711448672,96.51442861280609,92.59155195162104,89.04725204769505,90.05593093967043,89.97777060254309,83.74440028308395,71.57082949852098,51.476268116962856,33.867913315737326,17.438662823596836,13.551674662970273,-0.4227806579826773,-0.9062320427107696
2023-07-28 21:00:00,-2.0,77.0,48.333333333333336,15.0,14.0,23.0,62.027888304697775,37.06121657208288,5.626210436095231,5.481501247998521,79.3795289174441,79.23672440949083,74.61105217857614,63.99695472366056,65.64586473211527,72.32348365899888,77.86972566880036,76.61005305309884,72.56766969417838,70.71377074821199,67.57766413968646,65.59276874636737,66.7342735910744,73.74231704317329,81.776951275655,84.08880964701228,87.60727699944853,91.41896225027936,93.67157337569633,92.40235753382431,91.62270398051048,-0.4383067230125192,-0.898825465016444
2023-07-29 21:00:00,-1.0,68.0,55.0,49.0,9.0,31.0,52.54132558106587,20.857361694729573,5.9988654944314685,5.106615077764976,55.49913644903237,55.51944759968298,61.02887651361959,67.83403466089065,75.70141889087672,80.88564850092561,80.53701296727722,78.59266208670013,71.9220001000352,56.23935899458243,42.28109540161311,32.40538612842588,26.752860127667223,27.50343898594061,31.02607447353835,41.91416712397158,51.383598539242506,58.40747115771319,62.47459404894268,64.04974104156115,55.849187013301936,-0.4537030860313442,-0.8911529104063088
2023-07-30 21:00:00,-1.0,69.0,10.666666666666666,46.0,9.0,30.0,45.37847930932192,17.638623195918544,7.816773971278706,5.727639353523712,42.90693795823882,43.33506241032531,46.6092766458204,51.443779919870536,52.77227677479944,51.27838971003179,55.67366607765172,58.52496072206447,62.15753414644535,64.30152288737837,67.716029830714,70.75840448526188,73.61199899348738,72.51736793766858,67.68400825143142,53.9058547702636,43.812156713139125,38.8417329200625,37.87026598402896,39.38354146123544,42.62783722275308,-0.4689651910076318,-0.8832166493127127
2023-07-31 21:00:00,1.0,65.0,47.333333333333336,40.0,7.0,32.0,56.159353339441054,22.34550283701744,6.493426931214823,5.977094213906959,75.81167712681746,76.25080903077325,64.825706511145,67.89149122827301,73.21167932743265,83.29888425485437,94.81150858298044,99.83934005243906,99.13050233854015,98.76405706596763,98.0595606445965,93.45426076651638,80.5734429545083,73.24636188376331,69.39890002464021,76.5452154168127,76.60203267541442,69.33093284190964,50.955963430306525,20.96536681446208,13.510329240358123,-0.4840885216389758,-0.8750190302029955
2023-08-01 21:00:00,-1.0,64.0,39.333333333333336,45.0,9.0,30.0,50.02154195397844,17.62186801924141,7.744087897222841,6.774730144290877,62.77346301290072,64.3744935416772,70.59420753248337,67.58733875978358,61.14126269480946,63.99931711388507,68.73478356285847,73.4320541782737,78.08359867881262,83.35055163922686,91.51413808640308,95.00697061803388,94.42000044990102,96.77812988864028,94.48553766585596,84.11683227957515,65.07367548125775,35.6925369322585,24.481387261687885,20.059709854089885,18.48781806877429,-0.4990686026885319,-0.8665624788845385
2023-08-02 21:00:00,2.0,69.0,23.0,45.0,7.0,29.0,45.37847930932192,16.909783897081578,8.750627249258981,4.863604312070226,44.50436883392373,46.07959765636596,50.820521047553214,56.59757532118404,62.39175571588653,57.317606191804686,55.23606912715925,58.41384388552202,62.68478614362696,66.39169471094479,69.2280706847062,72.99687133768506,76.18255940211101,69.74064473697675,57.36318158180638,40.84686133317863,32.54368351795572,27.853042977678644,29.28722321068084,33.02098786002046,33.44068774401926,-0.5139010013093103,-0.8578494977869301
2023-08-03 21:00:00,-1.0,68.0,74.66666666666667,25.0,12.0,17.0,58.69596764953513,26.583407419879425,7.973073018524172,5.446722601971746,41.94231580806928,42.37338415772779,46.25962177105746,51.62823608010113,57.57788235330007,64.53651664693058,72.28439326956237,76.29158804050886,78.13759934520054,83.49467908824069,89.7192480628662,93.71349316131165,96.37438324412297,96.80312398526344,97.68982136703973,98.84767448180811,99.44442707914956,99.67753479632889,98.80937824950132,96.60749051596012,94.36111835405389,-0.5285813283559292,-0.8488826652214553
2023-08-04 21:00:00,1.0,63.0,90.66666666666669,16.0,15.0,17.0,86.784579864808,33.49239815551996,6.171128802780437,5.562428023635259,86.5412642056417,87.28195128161707,95.54804378541368,99.1984810616368,99.42567468678766,98.6940462240174,98.88371647973514,96.09346542984764,91.9994345703573,85.92592702663065,87.14376474577988,88.9571988740503,90.62265979220788,89.38022832685614,89.95552640536104,92.73418632319311,93.87100066814558,92.84553418606056,89.44267781821675,83.89985078863153,81.2965855336693,-0.5431052396834317,-0.8396646346181327
2023-08-05 21:00:00,1.0,67.0,62.66666666666666,18.0,7.0,29.0,70.26667474204065,24.73435817682056,6.8958465137892775,6.422249660045154,69.94304157705828,69.99691831296616,64.88063643659456,66.55579520897516,71.40559833821827,77.34456358794993,82.95385681251368,85.27988026040386,82.96271990774324,75.11380825462474,71.52409993445924,72.19217502739188,77.4368109514285,76.53586657599496,72.75376618023817,64.2307449314269,57.49917622212026,51.21856898004682,45.419326177681576,38.45077972272181,28.938780735194204,-0.5574684374327892,-0.8301981337405212
2023-08-06 21:00:00,1.0,68.0,42.0,39.0,10.0,31.0,63.14391642044514,24.49047482736165,7.557843762802836,5.859583819772572,63.04899513666958,63.60307709902459,69.89544600690162,77.69415148227063,85.34393735094532,89.80480537773107,88.89668731369733,82.63620619690737,73.55646385031332,68.77114883113485,66.75571922140503,67.08570407156665,71.2771154582323,68.01018473727294,60.78433377390679,47.50279835329732,37.77680897909788,31.30786914440253,26.785289131040795,22.916371764247263,23.768385846183023,-0.5716666713027052,-0.8204859638785327
2023-08-07 21:00:00,-3.0,69.0,69.66666666666667,28.0,5.0,9.0,63.26799955196621,25.610754908676032,5.307833609160192,5.551809401193965,77.42198093820988,79.36435106083141,87.20642989220558,91.713769608901,92.26834421163404,86.56799700621988,80.6646906490731,78.91317198958663,79.0351344446316,78.8271511870229,70.68872645549095,57.47160474188525,41.11377234837343,27.627211466683576,18.276905706907563,15.937906774527708,23.23948346678665,39.89605291851729,48.38077154510452,52.8764242954414,65.72155386685844,-0.5856957398073508,-0.8105309990194823
2023-08-08 21:00:00,0.0,60.0,92.0,15.0,18.0,12.0,89.81180460792064,40.15608964029144,3.7901212734967378,5.365406788025673,92.19410453106028,91.1932941405345,96.38837004121748,99.48758444598256,99.37556156180008,99.45616039393602,99.56958471401532,98.96031701100772,98.84276279986264,98.27187499809278,98.97522407078552,99.4830359083041,99.25814030572998,99.46387329970808,99.84648353029056,99.15965652259284,98.95945625476764,99.12818080042064,99.00373989187726,98.81018361212833,99.58004777832392,-0.5995514915196489,-0.8003361849976323
2023-08-09 21:00:00,-2.0,63.0,84.0,21.0,14.0,30.0,80.77268735476473,31.618201353734733,4.676328969492112,5.32252103036596,85.70122072878111,85.77117271902507,90.07608417791522,97.15653488801615,95.7815445124224,92.10801544774372,92.9056702054405,95.16870627798154,97.64773093717147,98.75279701096844,97.54313355541152,92.47677745949846,79.95076916421297,68.78645028084705,57.27782355069713,43.20135380455131,27.831497234821693,15.130497127696858,5.851557368278164,2.8238849261550047,3.4175671905674445,-0.6132298262997502,-0.7899045386224707
2023-08-10 21:00:00,2.0,72.0,36.333333333333336,18.0,5.0,17.0,63.63694965420793,31.58629595899856,7.263807626260095,5.78983001712841,64.64272895809677,64.45809759286001,69.5976757113687,77.12891197668142,83.91600319518625,87.47182868197545,88.85161745889107,86.58811354963692,79.2957649170468,72.42546014788279,70.33466581681988,70.77233079565798,72.33919372746949,72.72230617764208,71.84978035168803,64.78501134797344,58.07648717307367,52.14205278994067,45.689237253490425,37.18549546783929,32.92678768665687,-0.6267266965083301,-0.7792391467859886
2023-08-11 21:00:00,0.0,65.0,68.33333333333333,24.0,10.0,28.0,78.0730224173594,31.480502430684584,6.339286242206633,6.477966237993427,85.89503433559645,85.9999481701712,87.79652384260824,88.7547422978052,89.67292439237075,91.73934111536832,92.979142883956,92.40212572373478,90.87290209940332,95.11417941960644,99.31763084628356,100.0,100.0,98.59282540378128,95.02085487291848,80.16977295456684,65.06767097842389,55.66353524454266,51.40238123717072,56.83239736707642,65.56187447493166,-0.6400381082043503,-0.7683431655492202
2023-08-12 21:00:00,1.0,69.0,79.33333333333333,26.0,4.0,20.0,65.59556279510115,24.885584331995048,5.921854794261766,5.406701804140142,65.5907332368565,65.99964758998446,72.36248734262428,79.82709935794317,85.31395553109297,85.77102139165486,87.54025324156139,92.18418749382188,94.76511476725106,88.67460811670618,76.03911386138122,61.77220120521684,45.15002826975248,32.94526316193588,21.403951396066496,14.132752042517986,11.183937577918696,13.053396289503002,20.197964855115988,32.34321365362674,44.86712527403558,-0.65316012232693,-0.7572198192083127
2023-08-13 21:00:00,0.0,66.0,89.0,12.0,7.0,14.0,86.94143204085914,35.31149662133692,5.882526062600206,6.674045234045147,91.83358352548976,92.15590571433664,99.60439085139502,100.0,100.0,98.83947374982088,96.87298781285368,94.06979463692366,88.43540432514662,78.46782023190543,74.12568819968476,72.63375042741806,73.7404091042346,75.27481884632732,75.8662609350375,73.81804996821968,73.80403704126604,78.00361903426241,78.40324904997141,76.62984184362884,64.77721206767852,-0.666088855860977,-0.7458723993404063
2023-08-14 21:00:00,1.0,67.0,64.66666666666667,25.0,7.0,31.0,78.23768272867298,34.80536231496615,6.417988432766426,5.524176715812158,81.70396377154579,82.45915178979412,84.68519169310393,91.7088805650822,97.61625234141638,100.0,100.0,100.0,98.22375943914452,90.78093530251552,87.7679070360941,85.77911446762103,84.45891158416642,86.00047681464658,86.8009878154386,83.89535515498187,75.03855341154141,57.79224772698457,42.54837332230744,27.66644247131405,17.91985961659432,-0.6788204829862355,-0.734304263829602
2023-08-15 21:00:00,1.0,70.0,72.0,33.0,3.0,5.0,68.10974812297766,29.95595151750705,7.209929055405292,5.12340787935466,66.11648424746922,66.42217173865474,72.66206161388227,80.47971033690841,88.63527948924616,93.31741143168443,93.48499625483238,92.0831333654662,89.5293111461898,85.67093240572451,82.57798952175698,80.47771804571487,79.7882157741479,80.31455473811424,77.93702955361165,64.81804933956766,47.460443070445095,22.407165680795647,9.340584361385863,3.98728360052796,4.346880497773886,-0.6913512362094071,-0.722518835873311
2023-08-16 21:00:00,0.0,70.0,67.66666666666667,20.0,7.0,17.0,75.76630560203299,32.022026356874704,6.741767177553894,5.416580431707561,70.14447698562259,71.15085762065925,78.09923309974359,85.81792577739192,91.3971198184758,88.42627927539681,79.87306830725974,73.25034666141897,68.5194282000115,63.98802620321877,65.46465525165422,69.74470008942065,78.18969040131373,79.10837320924011,80.55819499833241,82.67818072766194,80.68921669961252,75.10580356012282,70.96113778173022,65.21914077838625,61.15076118264554,-0.7036774074790128,-0.7105196029692745
2023-08-17 21:00:00,1.0,71.0,60.333333333333336,22.0,11.0,16.0,70.68691673630492,33.08447177685987,4.943317034865191,5.339423877101876,80.30559677210388,81.31313853165265,84.72552169409882,90.71643792662124,96.06961350182245,95.23630727403716,97.25382786930224,99.2856551602252,97.2354565910596,85.60140894927436,70.12240083808088,61.27574642075682,56.57865170643602,55.1270411258462,50.41450120961625,39.2984444396807,30.23751929516435,22.681576714978043,21.477187851670124,23.567865242079776,26.14289166535029,-0.7157953492826642,-0.6983101158835584
2023-08-18 21:00:00,0.0,69.0,87.33333333333333,13.0,13.0,12.0,87.09558126767988,40.90584614732384,5.101874034686314,5.569074910840496,96.72394792216907,95.63385211268763,98.91719446436647,99.17465461056754,98.89315209551182,99.56933470594798,99.72248648060052,99.42936856796707,100.0,97.39326262386123,82.59319196564222,66.52841867329566,58.64789055273803,61.8108706806031,67.91595744237911,71.99657514388578,73.90109333260807,71.19759017727112,70.38101373787757,71.28476070299217,81.4304995979294,-0.7277014757264236,-0.6858939875998223
2023-08-19 21:00:00,3.0,68.0,55.333333333333336,25.0,8.0,21.0,67.88602556705558,27.36066122288156,7.367469631295976,5.210433799445991,71.30995457162867,72.7126393738491,75.14326601545531,79.2115084164908,86.70382830943443,91.53070195150204,94.87983665643571,94.86831990920844,87.19846197087837,83.05900511154883,85.83801984498926,89.88699463369342,92.11352841948911,74.80721954184159,52.25391326300011,33.673079385738774,20.82216661297672,17.511964875348713,15.546101780976915,14.524396613833648,14.838473690425594,-0.7393922635959241,-0.673274892250183
2023-08-20 21:00:00,0.0,73.0,49.0,38.0,8.0,25.0,59.36035569550202,34.72354207665781,5.857943663301177,5.882513768862642,68.0174623535344,68.44817561610125,74.42931591610169,82.59621770795518,91.76219917902851,98.70397379458532,99.6387570680522,99.16146523133295,99.17567949716482,99.67601357451848,94.11420301491916,86.56984721170174,75.40870714540034,70.67598187369539,66.27122628927387,63.231619138264406,56.74461346912547,44.68765654403274,39.50499625411892,38.5489602415721,45.67328866671709,-0.7508642533989489,-0.6604565640279754
2023-08-21 21:00:00,-2.0,66.0,39.333333333333336,38.0,12.0,33.0,50.321942209439584,13.379232372197936,4.786710827382785,7.225974452027208,60.70150004395678,61.380971430738505,66.27281264178015,72.9905026373535,80.72783479600699,79.7633058308285,63.08120814378907,43.7334965729674,28.58475324575976,17.703562269664204,12.516349253671557,9.367609407473072,7.266807977146811,6.1653020224308825,5.283035194736798,4.91419102022409,4.824793184206669,5.079915343089589,5.537177883978574,6.294198809927483,7.317605297460538,-0.7621140503891487,-0.6474427960827475
2023-08-22 21:00:00,-1.0,62.0,23.0,56.0,12.0,33.0,47.84496045571374,15.436014265532274,6.838709971405737,5.667036583219021,55.88358446894016,56.80281992091022,61.773559662232415,67.97060046338514,74.7756123461985,73.18825007006811,71.8047360868497,72.49861699038101,72.35896010731736,69.34623971182968,62.54831663743169,53.2573456881638,44.00789066608838,42.308548201551176,42.54023453461432,45.12060303815548,45.49208805838455,43.40499341084856,39.7595296188446,33.82306965279752,30.40822963162692,-0.7731383255706026,-0.6342374393978054
2023-08-23 21:00:00,3.0,69.0,19.0,45.0,12.0,29.0,48.91231522715638,20.40962110750884,8.157654869183185,5.425107031470325,55.321199273399536,55.26715443511141,59.40995654479976,65.23510575591837,71.46720392585254,76.49693505472955,78.3812706131341,78.21808919602647,76.11971873203338,70.75801502031254,65.20620001316892,60.30890368931917,54.77355679712767,48.43425600634363,41.63442123465126,36.39825319265238,32.77409235441275,30.87855873670875,31.67508966861806,34.33142780287468,38.087563632956886,-0.7839338166829201,-0.620844401650647
2023-08-24 21:00:00,-1.0,70.0,20.666666666666668,35.0,3.0,14.0,47.26884591481678,17.514787249187393,7.778057352791699,5.315557570661077,46.058225870718246,47.1022179993552,51.76521560107575,57.23453216553581,63.63943250128412,62.90094969795555,54.09123155013447,50.97307163897641,52.28838261805248,54.213865167423634,54.2648065774472,52.92597761023543,50.57672433147601,47.37799211115519,42.74261748972946,36.3984643479689,29.51726500481665,21.77000969210833,16.033949373048582,10.4421010312696,11.56494868429584,-0.7944973291665992,-0.6072676460566135
2023-08-25 21:00:00,-2.0,57.0,81.33333333333333,15.0,15.0,16.0,83.34167836864621,31.14341222057196,3.7738492004834128,5.785262456016409,91.22705033125646,92.2529985515269,98.41725486419293,99.38298287929152,99.4524284746984,98.91147651881953,98.72075150367952,99.59743584808734,100.0,100.0,99.24009247937772,99.17316882477934,98.91486598747473,96.47490529074938,93.6058392411686,90.29467937216216,87.61542883129313,84.02406763825871,74.98251865531796,60.91140339764465,50.94572956038914,-0.8048257371083452,-0.593511190196115
2023-08-26 21:00:00,-2.0,64.0,81.33333333333333,23.0,8.0,34.0,77.99002766483804,32.13624129738031,6.222842382959015,5.97347957096223,78.60122057356615,78.64077354581262,79.64338223663333,82.88034059489604,84.86521119999422,85.0523281153768,88.70947931269224,95.1618328983528,98.1225317390434,94.29125828855054,93.51021334297484,94.34770565500794,96.23254011832228,98.1495483452462,98.9638164781334,96.6673248734413,94.4228488274589,92.3757881461701,91.91225323655748,91.45673727295248,90.21205708715664,-0.8149159841660791,-0.5795791048257612
2023-08-27 21:00:00,-2.0,66.0,27.666666666666668,38.0,8.0,34.0,52.248935377409744,15.846328210895736,5.751311196173648,6.750753250400142,58.295137461727606,58.727938980042005,64.41049508075369,71.7703026640833,79.96723004627768,80.70440073462738,72.19536357106838,64.30238396089021,59.32778726379746,54.49348841023808,44.98687949916715,35.302045273880935,25.01943889374306,19.57833156501789,14.577125501000795,12.167842808937824,9.859404313039608,7.613755096063471,5.916733522584162,4.022065538151446,4.994621276804297,-0.8247650844733614,-0.5654755126737576
2023-08-28 21:00:00,2.0,72.0,3.333333333333333,42.0,8.0,21.0,45.84077627073299,14.772403456293242,6.428465830995414,6.414959937128674,49.7205255887139,50.1149886127894,54.2399567342641,60.20564336088102,66.96239441013958,72.99393848677718,74.42025110444574,55.56423935417583,30.60377682696519,15.33806585082397,11.508791010594177,9.520491921284007,8.803081768367624,8.470581610082178,8.330533662437153,8.707276196727607,9.05937764002774,9.431623359721256,9.295449263177376,8.817957120739461,9.017814417689928,-0.8343701235229537,-0.5512045872199277
2023-08-29 21:00:00,-1.0,69.0,71.66666666666667,14.0,10.0,19.0,75.67687268246146,34.830047302272654,6.510189987669912,5.386403060748314,77.42397581961372,77.89881099718444,83.62977351960147,89.85280012058024,93.56084237404612,95.48690400223634,97.40643516069191,99.43778172437165,98.92619694224184,90.48676692856654,65.38550004260135,53.1839178703747,57.338369579448624,70.14469072541979,82.82773505314663,89.52799047085479,90.67314060740118,85.67413207945354,74.91447720978734,58.49522027881324,44.67050201455016,-0.8437282590292712,-0.5367705514607103
2023-08-30 21:00:00,0.0,64.0,89.0,13.0,6.0,33.0,89.97622922345559,35.429993916284,6.346633906379941,5.443846061243754,86.31621263789516,85.85684499538802,90.15019702948648,92.0967328710016,90.6111555730488,85.01288833094381,79.64067174716693,73.07988508992128,70.86855251883368,73.68835671223553,80.44976090746488,89.64205657387548,96.310152045841,98.4626730714216,99.76964809802152,100.0,100.0,100.0,100.0,97.51281015926214,94.23928244018346,-0.8528367217694595,-0.522177676659508
2023-08-31 21:00:00,-2.0,61.0,8.0,50.0,12.0,32.0,44.124791731282656,14.070594452791395,6.0334221763552,4.938645621371099,53.478233645221984,54.141754962005294,58.09990005088251,64.39295752188121,71.33764455686968,78.70678439214413,86.86469902664231,92.72551639626356,92.17243878514417,84.33070287582633,65.57865739449417,45.359201416088,25.78254278068301,17.825088365681992,13.410524343855254,15.749776754926096,18.896052888652907,22.76626052192189,24.5976673837744,24.89307825312268,24.306697245610767,-0.8616928164028521,-0.5074302810827518
2023-09-01 21:00:00,1.0,67.0,2.6666666666666665,30.0,7.0,30.0,46.80934122332366,18.84326390677162,4.438192662648772,6.203959798560917,57.43634529123389,59.29142859954225,65.03584782808355,59.04349927551124,43.33772257718368,32.37261931579442,32.942529862162495,39.54689886944424,46.80037039775311,52.84783821654124,54.51060935591554,53.77706535614612,51.658453275076766,49.43089384277809,47.405656556555456,45.52393280683988,45.25280933267744,45.44770074091253,45.97563877776698,46.26976654673461,44.49157950257593,-0.8702939222685674,-0.4925327287220543
2023-09-02 21:00:00,0.0,73.0,43.0,27.0,13.0,21.0,53.262920322678845,22.01831162189396,5.482207018347014,7.524001564741667,60.00813942181304,60.14892028826845,63.51811918698612,67.72944173147573,69.12346438321353,65.13899039936389,50.57695464068589,33.69769274937784,22.03775544336398,15.163689677764737,13.774936392727968,14.88871252681726,18.848884699041324,27.16035735656252,37.97272394425685,52.98534981884716,67.28064668105755,80.43291851133347,86.85243426059348,88.54431712805716,72.69030744382334,-0.8786374941610001,-0.4774894280028391
2023-09-03 21:00:00,-1.0,76.0,45.333333333333336,24.0,7.0,23.0,61.90298543869783,29.380287298419987,6.536479903578094,5.09942646419497,66.57020493454763,66.5159839093181,72.42611656338077,79.4743903717656,84.66868336822134,85.00699804847949,77.09395020706489,65.58253927935,60.67533667400947,60.73106545203885,58.72523928717924,53.844780294873296,44.93836305755947,35.5755286555012,26.87374083931493,22.001149072875823,18.21993167624185,15.872014096712588,14.710145876931938,14.49735009859287,17.034010927119176,-0.886721063082993,-0.4623048304798108
2023-09-04 21:00:00,2.0,81.0,23.666666666666668,19.0,4.0,23.0,62.52216174202056,37.86729304550073,6.4542859508237695,5.645548884579756,65.71305902147503,65.6972698991514,71.92147149566107,79.51650133329761,86.41336658909947,87.62056707405932,75.84027104253272,64.8330657446355,64.96116280528517,68.31327587371925,69.14802342257249,68.50095743648193,65.87492179012075,57.3109021004568,46.525975226368274,34.71618332094584,25.388012535148967,19.775851774957857,18.09191117358977,19.71020489231796,20.462223923974395,-0.8945422369764496,-0.4469834295196741
2023-09-05 21:00:00,1.0,81.0,27.33333333333333,20.0,5.0,1.0,58.331755493830606,29.485670559687144,5.337444732876449,6.245645018235972,60.63249368801936,61.25549122446189,66.11639315707723,73.71534545425145,82.41965157317368,89.2030691853369,95.38980265467484,88.67138004230165,61.10013862644459,21.40235060048864,11.957724476672148,9.238585972381266,11.707277535617989,13.912019078842786,15.748143672152828,16.11597479673147,15.559839863396288,13.601588503515272,12.045132956070512,10.326184719871073,9.851684267812072,-0.9020987014301836,-0.4315297589714714
2023-09-06 21:00:00,1.0,80.0,6.666666666666667,29.0,3.0,7.0,54.25092267518391,32.94366932277623,5.751151350195143,6.5823888102475365,58.95955958509504,59.13360008595527,63.81867550289449,70.14859777340763,70.8162877333,61.23008731742851,43.00881478608433,27.61383677806799,23.26289525795492,30.445120071708043,42.30327376591671,54.61662856348247,65.84514639961624,66.50430528273108,64.75823609813338,59.85886957303268,58.42021876311546,62.58036028895974,67.97407018964834,74.6717584674829,72.34912464502075,-0.9093882203647924,-0.4159483918249421
2023-09-07 21:00:00,-1.0,79.0,38.333333333333336,14.0,5.0,16.0,71.50315431752851,41.66901927803863,7.295255110945017,5.558454256565028,66.02287152452375,66.35656408575763,70.9554212027433,78.41759160915191,85.7122063901309,89.53668616196677,91.67917154164608,94.17219410485365,84.57837747803124,67.66533218711109,61.48696918189241,60.20595134040773,63.28129396021951,58.49514730347981,49.660599007762926,36.98728217508511,26.68139881482819,21.75920855124471,19.909684797999944,21.01903782123498,20.536352000888343,-0.9164086366943458,-0.4002439388573056
2023-09-08 21:00:00,2.0,75.0,62.333333333333336,19.0,9.0,22.0,78.87902635768756,42.90464741283152,5.94024533343274,5.94528957879392,75.9092679627956,76.42412748222634,83.23652074225681,88.4881523387014,89.04789234643452,86.95750307070642,83.65204164298939,80.23040558221467,76.95364101769258,75.00142668796282,75.34549018186235,76.47435786009744,78.77467369642173,84.69439069649412,90.78733090290062,96.291628924295,97.25822231111776,93.54441684284758,89.17645435255069,83.95719773353953,77.48915897632392,-0.923157872964704,-0.3844210472688554
2023-09-09 21:00:00,-2.0,67.0,77.0,20.0,8.0,30.0,70.26667474204065,22.298288631139524,4.513246579790734,6.002453095533795,70.5848820037146,72.83907138891263,80.01436336150546,87.81082281059663,93.66811243102116,94.53469377127612,77.79123144973443,53.29382779810928,34.19073946688092,22.7112681936376,23.35915824538065,27.369093142177032,32.81209954293412,32.9724163544091,32.96198044717521,32.63285367885055,32.353888499602746,31.61530616094631,28.710557315606543,23.977319984409952,17.256179965639106,-0.9296339319682696,-0.3684843993077793
2023-09-10 21:00:00,-2.0,65.0,79.0,14.0,3.0,18.0,67.54642519496244,30.932769582254743,5.111098163753799,5.291119772126325,72.65362052173529,74.06952756630723,61.5397532271432,64.2575448293611,68.31369318840703,72.43201279654544,78.28193711434704,86.50581743770495,92.64198944733003,96.517333048578,97.7190617736488,99.79384918844111,99.78120838503514,99.64695409562528,100.0,99.03677342329728,99.2312298765582,98.64558039495792,99.3973762363976,98.40499221969816,94.19106987760166,-0.935834897334994,-0.3524387108846032
2023-09-11 21:00:00,-1.0,63.0,85.66666666666667,14.0,7.0,4.0,77.90658589720972,26.735921427224486,5.509611445393491,5.150383753450703,85.68367952158256,88.82890031958942,94.59831231535414,91.12633313440604,88.59858141692952,88.889861996308,92.67780835013824,96.82367482680306,97.03834988607264,90.5832674820574,74.24305282027345,68.19490314965117,65.76754082129573,59.09913190432857,49.13357101997133,35.71954129526566,26.400462252000032,18.971172690452896,16.238551290431317,14.690940595450565,13.079719450014991,-0.9417589340994617,-0.3362887301766828
2023-09-12 21:00:00,-1.0,63.0,84.0,14.0,7.0,11.0,80.77268735476473,32.92423646830344,4.841842411558289,5.434694383689608,87.4347803606167,88.82036203460744,92.97336286675862,97.17310364817936,96.0065448328795,96.88893479182369,99.07895088577308,99.24785678116125,98.4409362008068,96.2293715586408,98.57068592866044,99.4244312440591,98.75367369679844,96.84351525855604,93.45412344225764,86.50244878407582,79.60892350927678,71.39460326824842,58.128433594493856,41.343137001955874,36.139463516083005,-0.9474042892438844,-0.3200392362231385
2023-09-13 21:00:00,-2.0,65.0,89.66666666666667,11.0,9.0,14.0,93.24247832416056,35.62490841142505,5.812489872816744,5.750723969372565,92.3634599497079,92.87716968737122,97.71490149441122,98.83689205638868,98.81194656775804,97.69853299970389,95.29237921247676,90.59891156866604,85.74237975227645,84.85747088323532,81.21007227459192,76.95584628506796,72.07593600454709,83.80106423864213,92.31398399811442,85.89474727016221,68.4235552439086,37.20728223424168,29.29781643846866,37.70144935200737,49.94064340868697,-0.9527692922168512,-0.3036950375106588
2023-09-14 21:00:00,1.0,64.0,58.66666666666666,28.0,9.0,25.0,62.6420155688968,17.922320271339576,6.987529490735354,6.4522443031149646,59.66025359605781,59.987053177603286,64.01362335208657,70.61968653557817,75.9873874853388,81.24602651663068,78.84794667802943,64.29928520594893,45.96518140101123,30.219017475367217,26.444767436642746,27.86031031876895,35.25396569287708,43.559553192414455,49.61778866874192,45.27750278395482,36.154534069720704,21.03421136978349,11.421497041426369,4.319760557849152,6.534633552229637,-0.9578523554276668,-0.2872609705505963
2023-09-15 21:00:00,-2.0,64.0,65.66666666666667,19.0,7.0,34.0,56.01890312789417,15.52301754292627,5.020097446662922,6.191435199290854,61.82637908117847,63.59082770169054,69.59358393421896,75.8112286511173,82.35149627420287,85.70638542932714,74.3598605027455,52.51742081262283,36.69035912741635,28.639896363738927,22.44439614462981,18.261143104729857,14.905888900804529,12.977667267003715,11.123712383132832,9.306592393879091,9.203571783424245,10.48640588947796,12.784212772989168,16.023657677948044,15.168955502926917,-0.9626519747161488,-0.2707418984477642
2023-09-16 21:00:00,0.0,58.0,88.33333333333333,16.0,23.0,1.0,86.51698512948003,32.65846111258229,4.119321999069829,4.926799839401134,82.75722339785582,82.01690058939572,87.72340328652881,94.37835478241132,98.18711868575583,99.11182141157629,98.96312171235544,98.12164854678996,98.8663941078011,98.1414208432176,94.34566479935263,87.88520973244395,78.58076927798243,75.72097534178954,74.59804412377156,76.6035049321478,71.94409826848617,53.962021492761735,33.52861640200094,10.388708486295576,7.22286867925477,-0.9671667297977312,-0.2541427094613622
2023-09-17 21:00:00,2.0,69.0,5.0,20.0,11.0,29.0,50.76859033508071,16.369733998433023,5.663302787195606,6.187268625530467,61.49967142742119,62.27325371121722,64.64071012047391,69.07966292830872,67.31504825053584,57.886531180587866,46.26976998334259,36.10399946701998,28.546272022054666,24.12687839050932,20.012459824890644,16.60823468810492,14.08588805113054,15.509043566671629,17.65981614171867,20.24153780127072,19.605550777203323,13.782477495866951,10.560734599641416,9.307323982013113,28.10106414140054,-0.97139528468375,-0.2374683155584684
2023-09-18 21:00:00,-2.0,64.0,82.0,9.0,5.0,15.0,72.54211374670008,26.5101414611273,7.163676786434177,4.730882556107703,76.01612438486598,76.30995708630036,78.26094833196049,80.36660444343117,76.94375109562857,69.49494673722198,66.02851674656738,64.32602727104836,60.92949993215127,53.28234781558236,54.67975411655868,67.65547446568357,94.18301737301748,97.5665202984584,96.14448721385205,83.34578441306583,72.50286183730215,60.94605569829695,57.242982969611454,57.25624556411214,71.80239292394643,-0.9753363880767836,-0.2207236509605022
2023-09-19 21:00:00,0.0,56.0,92.0,12.0,15.0,1.0,92.98531969668198,31.26640219087668,4.974725309898006,5.41441237260508,95.48751764060118,95.09731367870516,98.33300580407747,99.99114124846506,99.45630658146789,99.0539132282174,98.85693201779024,100.0,94.24688921977882,97.55229011771654,98.37926504680898,98.8871276880654,100.0,99.38567907800396,98.23825259344947,98.18757653294298,97.82832222447078,97.03001154722077,96.15489888579648,95.38946454754549,94.7566382153883,-0.978988873740932,-0.2039136706831147
2023-09-20 21:00:00,-1.0,61.0,51.66666666666666,23.0,11.0,32.0,69.62062770304101,20.348803613579644,6.432704271992192,5.576718754997285,82.49686598920145,83.01566674995773,78.64968335290916,76.14445118642178,75.03634058356973,76.06262030035043,77.87713511564957,82.27550127568416,88.92599364171751,94.98065732435164,99.08747987014944,100.0,99.59797993676104,73.43807638411164,46.21316794214073,25.248808807115186,18.363780222438315,22.32397146675346,25.56850775816778,28.448555518827963,27.81057514640676,-0.9823516608469236,-0.1870433490699165
2023-09-21 21:00:00,1.0,58.0,41.0,32.0,9.0,34.0,55.16433895681845,12.646500359406748,5.630428982585742,4.803114974430554,60.60185858841947,62.60650061834132,68.65871994800598,75.96414648322454,83.7342620857427,84.89727115451093,75.2126448128701,65.98198957701213,51.88356106343679,37.0014793181958,25.7190353582898,22.92735675910706,22.02848469718585,22.74144803335556,21.801862302376936,19.25647195198592,17.621973741321742,16.360777442679307,19.165288113634745,23.38900722714067,24.05432041368649,-0.9854237542919524,-0.1701176783204905
2023-09-22 21:00:00,1.0,66.0,6.0,19.0,7.0,22.0,54.2407488671668,15.773874280388316,5.807710532488729,6.16505990795476,64.1714536383623,64.9535624067813,70.08061921940897,73.54190040012544,63.74584364007156,46.17218004276483,33.27492560186055,27.846556719536725,25.28152441760693,24.360023049288586,24.75547938033919,28.69099651953009,34.046044895477614,41.260455515072096,46.6973365421128,50.96257174808737,49.23271259625175,44.953852696353984,40.17195360590336,33.686600535232216,27.92392447308664,-0.9882042449941422,-0.15314166701312
2023-09-23 21:00:00,1.0,60.0,50.0,18.0,8.0,35.0,69.51108460852114,17.087721567411766,4.960964771116718,6.221371902915769,72.65099070369084,75.1974287629367,62.95570282649179,55.93412560762253,56.20801060718975,66.35596157844688,79.69744727350414,84.10140563911446,81.67847359681157,76.81418867421358,72.73476620829241,70.12036065558183,61.530920237238696,36.10080753328588,20.084765879390293,11.260603561259904,13.023497274921866,19.914898094735715,19.070666835535828,15.28102387213239,12.174202149563266,-0.9906923101615608,-0.136120338622667
2023-09-24 21:00:00,2.0,64.0,8.333333333333334,20.0,8.0,31.0,50.02154195397844,15.88213863419102,6.136824274328374,5.475628866341332,58.086448440471926,58.84355448889232,63.65302572069126,67.69718441162024,55.1421079468451,45.24348537441875,44.604665063049495,41.68632895476479,38.82002184711164,38.98245936076263,46.66218219298289,58.270492382152895,69.4850051923913,69.39897324846321,64.13183276282454,52.68250328065892,44.40111144196656,35.401471831533684,27.73133639140399,18.55569779561415,13.880531731269038,-0.9928872135356962,-0.1190587300340498
2023-09-25 21:00:00,-2.0,58.0,17.333333333333332,27.0,7.0,4.0,53.075888896656885,9.605075583050018,4.905146890831476,6.197910528246713,59.10719729788402,62.43679686667398,68.78322078707825,76.39814867018947,85.23200453584492,88.7511692771139,75.93545861054429,42.516700777370566,22.446368459558776,12.00658630999046,9.5520120945959,9.998020538185411,10.13692829828085,9.101554909023951,7.523619782680495,5.348297616560648,4.020148827752067,2.551156781454213,2.3723026522097075,1.3965063049548971,2.6659593822669634,-0.994788305609327,-0.1019618900517457
2023-09-26 21:00:00,0.0,61.0,2.0,15.0,8.0,33.0,49.566968220769056,14.92275398412786,4.945634361000174,6.244353914837835,60.45262332860735,62.937986458789496,66.4152696970891,61.71340489028809,48.36330886673772,39.62596753830688,38.0093772536392,42.34548753033447,48.70270449305686,54.17601065605676,58.1096538751623,57.2491088667712,54.600119627459605,48.70828122782655,41.215951048822696,31.779745525941795,24.765181292871432,16.439752297356293,13.36506080801468,9.870600146493178,11.880539396348205,-0.9963950238187232,-0.0848348779057653
2023-09-27 21:00:00,4.0,66.0,2.0,12.0,4.0,32.0,52.248935377409744,15.408105233223427,5.389777242718327,6.848490551321024,61.73408233603469,65.19569378627193,64.33986104751133,55.54536006434002,52.38332211004567,46.0188678771835,42.1317728415106,41.11243411623813,39.71813750235071,38.27548562933335,36.76885937606624,34.83436314864352,32.70450027057177,30.05517216192144,28.134172904921463,26.701119124103133,26.49252860897524,26.32680408560581,25.91873371239048,24.65841862967392,25.490469035666464,-0.9977068927101168,-0.0676827617545516
2023-09-28 21:00:00,3.0,67.0,2.333333333333333,11.0,4.0,32.0,50.47135080410152,10.86659006443959,5.458131288363,6.252316826018441,56.74678479552564,59.3934534808935,61.93197625390141,55.06982115511418,31.71435453034957,14.744210983128198,12.806805842368943,13.173484631531233,14.487385938135985,16.10158498430669,17.7143091578483,18.813229983301667,19.73182717777668,20.40334966460539,19.72435087785911,17.571397682778912,14.71065395901132,10.880855378634864,10.268204457067837,10.108500123644449,10.300285155316724,-0.9987235240803972,-0.0505106171852228
2023-09-29 21:00:00,0.0,67.0,42.66666666666666,11.0,4.0,19.0,56.43857637904146,14.88297849379007,5.922457663445224,6.333734679451962,50.379790901636056,52.13549165578648,57.985658003940586,64.45253496957368,70.32306594354583,49.271817280222535,33.03730534506504,27.664208108349296,24.081857714102554,20.70484171382525,18.550480818963567,17.69120754363988,17.7081544876328,20.095886134952973,24.416194968546467,31.16833760559149,36.019441362273014,40.46359038180022,41.607327585169465,41.65104598958753,42.59057912269015,-0.9994446170919858,-0.0333235257116313
2023-09-30 21:00:00,2.0,68.0,12.0,10.0,3.0,24.0,54.52642597791101,14.880004153607493,5.03970444525831,6.265240184845164,59.71102782778052,62.181056937951695,68.80444531156988,74.09595194850306,76.10060131919262,43.291063826791344,27.404907020005258,21.9181232739587,18.89146767158209,16.50002464450854,15.4907999383788,16.127478510335248,17.39300617509242,19.03357142892916,19.789389818394625,19.473461351875265,19.248370644896603,19.0075481386746,21.63882048106183,25.56626341312101,33.89807510237049,-0.9998699583618592,-0.0161265732706577
2023-10-01 21:00:00,6.0,65.0,10.666666666666666,16.0,9.0,34.0,56.159353339441054,14.83844528816805,4.738434251135211,5.908833000111038,64.46932055147056,66.8896762722485,73.00739049412202,79.35193882637502,74.74889546935715,55.368161529414905,40.88105962784581,30.781751645837023,23.57711654734548,18.36673772029188,14.723651233305931,13.337384659639426,13.349040917655604,17.053299001039537,21.66946998082902,27.423305782701483,31.49006746539284,34.75651043694785,33.78511479659032,30.702062830141458,27.348473866130465,-0.9999994220246924,0.0010751512827982
2023-10-02 21:00:00,1.0,66.0,15.333333333333334,7.0,6.0,22.0,52.248935377409744,19.76533352698676,5.201239447467088,5.9959430700642615,52.31730531987658,53.82644122073336,59.39838759738082,57.1697537388583,42.37685639936279,42.67735971936317,48.97522018631175,49.81417294461049,45.85604492071514,39.86613892536476,38.87155591371312,41.05636621265175,45.02812136874414,50.27342272320613,54.994488386944205,58.47788658379704,59.93062996800087,59.85180630827569,57.885710490321706,54.33036189974481,46.7657106746721,-0.999832969770105,0.0182765576816912
2023-10-03 21:00:00,-3.0,66.0,60.333333333333336,13.0,7.0,35.0,60.623940458725166,20.149231025665763,4.385968470034814,6.950464318747057,64.92731259743071,66.78794007374302,72.78401285191103,75.51818635478116,79.8733693152316,79.99555274675497,72.88329687160953,61.333802139247226,48.00708452862872,35.20836767391159,30.34089040454354,28.12346224969405,26.99578054486262,22.08905097657956,18.48769364300244,17.72551229615546,21.31054064256088,29.573244629072025,33.58663737360232,35.808653868278014,33.6165904792115,-0.9993706508539968,0.0354725557531255
2023-10-04 21:00:00,2.0,67.0,64.0,10.0,6.0,16.0,72.84035496253438,31.286408308082223,6.606990095533431,6.074567141979166,66.67001123455857,68.52398256346048,75.03076650881985,78.06591485408292,71.40663841284335,58.54183858863337,53.21552077931051,55.90443897147105,60.97360662500366,65.03741766496205,68.2885832706692,71.1232120281749,73.01200737460313,69.84415939194328,64.69907921444705,56.849466323448105,49.55477942763709,42.146544479926575,37.50442834216951,33.22368273445424,30.23407913609384,-0.9986126020839734,0.052658056924614
2023-10-05 21:00:00,-2.0,71.0,53.0,11.0,11.0,17.0,65.83068248854447,22.08967118512184,5.759911547616216,6.338342312087614,75.0257832946563,77.24013639145963,83.3033972230507,83.45632082142552,75.40463600652565,51.988572589443685,33.54090766608148,24.34847757559573,21.38878874983056,22.433229184122183,25.179229029041,27.48062732008828,29.099198674521727,28.98074453142031,27.667851979044737,24.715942302381656,21.389395775574314,17.158122931124314,13.428677213169024,9.035654063640084,6.740333073274056,-0.9975590477788612,0.0698279757298708
2023-10-06 21:00:00,-1.0,67.0,71.0,17.0,15.0,17.0,63.01927907119633,22.20031952047348,4.767356920300241,6.479983341436657,75.47204016469368,77.1567830384673,85.11256111850868,93.30607988541163,98.23739114727474,97.68203824958758,83.53637961740243,63.212228449639404,46.11655406836973,34.0085308453918,28.60060913637082,24.67223386286651,21.9381847937152,22.3267093518384,23.35283587135612,25.91357854778762,27.56282733321002,28.2306771254686,27.45311184000889,25.36286474546336,23.06334573237476,-0.9962102997023295,0.0869772313136861
2023-10-07 21:00:00,0.0,63.0,92.33333333333331,16.0,13.0,13.0,72.44168796129061,25.8447255893146,6.505484529058167,4.342345094586025,74.27701029327459,74.5904524947283,80.63131789367644,88.41213657789775,93.07735513129964,85.67949621061118,71.25819492667796,60.56909484079844,53.90619268151079,49.30619302078416,53.24036974058778,61.10886617269556,74.4963112931766,84.08368816963517,92.83143171041608,95.94092050267535,95.8120436119036,91.65254548491929,86.2409901014035,79.9785588853135,77.56608037495101,-0.9945667569706336,0.1041007489354256
2023-10-08 21:00:00,2.0,53.0,83.0,18.0,12.0,22.0,83.07448222924972,12.95362818447298,5.026773479888156,5.205929786875456,76.875977990913,76.80194027073478,78.42127687415929,84.74812521210075,87.74787493861977,79.2007798084316,71.00575976011059,63.09600379637424,52.05652779959049,39.33408762626185,25.109414851584745,10.151547583860468,4.026903745032877,1.7655187169243107,2.219170174481677,1.5554776538418396,1.39284175487209,2.351578460302868,3.837324073666932,5.759108600111014,7.128621596010095,-0.9926289059345096,0.121193461470736
2023-10-10 21:00:00,4.0,54.0,36.333333333333336,11.0,4.0,18.0,61.34736296835159,13.010481529108032,7.408271151241865,5.063066029331261,55.45006841667784,58.963637132842805,53.03020016107731,51.207489299571975,52.74855176061476,58.79137653015832,65.3018623788592,70.61411505359195,76.40133406777282,87.27968325673623,95.3643824350871,95.25799589501555,82.57034731247107,54.619515442638125,30.773865004156555,27.35052529321032,26.11772931850293,28.730032908030346,29.9596512303047,30.233301442317178,34.172724341719025,-0.9878726596350428,0.1552662498599956
2023-10-13 21:00:00,-1.0,50.0,73.66666666666667,15.0,13.0,33.0,73.88570607419034,17.233552292674204,6.72733751029852,6.74778997630544,78.052242414955,78.08590527451567,83.39801231004206,90.06199845194786,93.69857286868567,94.583510742614,91.55861107209444,87.74388661272681,88.10001084610313,91.61238190030068,93.04581008535703,93.22046342818044,90.29964634074037,89.85881530378826,88.14166752849529,84.34194285889906,77.76516295646813,65.13539077540057,54.944898120142696,44.38976426616513,45.315894111980285,-0.9785481345802032,0.2060183203251708
2023-10-14 21:00:00,0.0,48.0,84.66666666666667,20.0,17.0,32.0,73.68651352933676,17.86028463086627,5.761392474900061,6.2974537530154375,82.68849405341648,82.68685272216251,86.34589669391525,92.70971262403948,97.32557042492458,98.64966324849476,99.36130558762795,99.6946013930315,99.76607537569402,99.85607376939178,96.5935019550352,92.42502685929,88.01703890491216,88.17582712917734,89.89239671948818,86.38725000549834,82.83857568708618,78.3764242287217,75.0809796133615,74.94397088154227,73.36206277240575,-0.9748595108374124,0.2228204077947995
2023-10-15 21:00:00,-2.0,51.0,80.33333333333333,16.0,14.0,36.0,76.86930614770453,15.678255946151726,6.728797480227796,5.449464663681644,77.50025214765894,77.70766483519958,76.26274787299214,79.8383065520302,87.36761636807908,96.1998019402242,100.0,99.3299042955177,85.39520201921246,70.5234024533158,62.72275001635776,60.42291690111602,59.04858930233414,53.59336037078225,43.92855550318618,37.35955389893123,30.75514637671978,27.88365334703653,23.35765071879822,17.131240374171522,11.565836672395514,-0.9708824104813836,0.239556559120927
2023-10-16 21:00:00,-2.0,48.0,87.33333333333333,17.0,11.0,36.0,76.59922957461941,17.244110194191034,5.929190413701635,5.217034826658384,79.12086915791787,79.06031788201462,84.01151516853731,92.67223971666138,92.72270329104462,88.1693961659096,87.13189124202644,90.377554140263,93.25033583269465,93.93624761516972,92.88942630670472,91.29203789080252,88.37029348031648,82.14356773570893,73.98390540500306,68.09377925640379,61.2698147339076,53.78063564878269,46.12081810728432,38.777969195020496,35.665749553281664,-0.9666180104000972,0.2562218218071163
2023-10-17 21:00:00,-2.0,47.0,61.66666666666666,17.0,5.0,33.0,65.40331297735446,11.429278780864482,4.265114300362669,6.427492607249073,70.92044261352216,71.47468290671655,78.06002883143795,83.77217283175275,90.27804002642368,95.7900870809737,98.86416967676467,95.92697520833636,84.09057589760168,67.84149535897178,51.16499986477615,37.02321328369057,25.155388565725755,21.05597990473956,18.217532876398792,18.053534804183872,17.59091902217907,16.480863178210278,15.590667000634795,14.419900267981792,15.242481956127222,-0.9620675724981452,0.2728112643340191
2023-10-18 21:00:00,0.0,52.0,34.0,12.0,7.0,23.0,61.08142219990347,12.564799552779762,4.841426467666305,6.445659902947102,68.36138874976899,67.15207949469212,71.87372131045971,81.38279041785012,93.00678305668508,100.0,100.0,96.32226345749324,69.69518367328058,31.41308267064212,24.66543166589419,21.2564695859724,19.38705357280645,17.766858768339816,16.609875591356992,16.292449528119842,16.33722318027718,16.48811165506938,15.843656180991244,14.499362499000604,14.81197234085166,-0.957232443323312,0.2893199776186952
2023-10-19 21:00:00,2.0,53.0,51.333333333333336,12.0,10.0,22.0,63.6344133607094,15.650854281244577,5.029225461704437,5.306804832540728,69.29180639227698,69.05337793093133,70.90794950594118,76.09159504266984,83.70996015437905,92.82784839503913,98.12915742753864,86.68471112409186,66.14810688966067,47.36596832912361,33.732671970400915,24.96344938825759,20.16504135602552,29.17504684551372,39.84849844507072,54.10922066843871,64.34360339640814,71.10909124208487,71.49887469161106,68.3640223775433,60.809790313180265,-0.9521140536681102,0.3057430764672831
2023-10-20 21:00:00,0.0,56.0,89.0,12.0,12.0,17.0,69.06746034851456,20.00856487603848,5.349076851412817,6.284461425059043,81.87482945379196,81.7841676556369,85.22311056118193,88.35056197724282,92.41252926433113,96.45410601341786,94.49585300048015,83.70004683133077,68.28487264920378,55.389333153393885,44.98770659505586,38.53481765774399,36.65040043551286,41.50496648860902,48.71668701050332,58.14630341968049,67.51061307011416,77.47354693049954,83.96908250454155,88.67513650376252,89.8658817320049,-0.9467139181463862,0.3220757010206104
2023-10-21 21:00:00,0.0,55.0,88.66666666666667,13.0,11.0,5.0,86.35261964881244,24.762249820748515,5.450163380240738,5.960115980943652,86.2722298738318,86.03323863157975,86.79379252150122,93.36669661994944,97.24496280829337,97.07157625480816,89.41551206654714,78.24920706073578,69.36488641619918,65.09903997635912,62.64366480571585,60.80741692564736,75.61130405310445,89.96845956938098,99.79942200005829,95.0123385812492,84.62058199180142,64.638481054895,45.699534698860525,38.12400566984925,33.11126948571081,-0.9410336347451196,0.3383130181923076
2023-10-22 21:00:00,0.0,48.0,83.33333333333333,20.0,13.0,36.0,68.1533852162,16.592127915742697,4.851087989257917,5.842986066062033,76.38334465314131,76.12911327088315,79.44101888940217,87.95338100780835,94.89553294768486,91.7509172423131,88.77677955765422,85.55510430608531,81.446952910596,75.46095037094754,68.89418826008634,62.26896439217504,58.09912930037861,57.31060710067294,57.69146599513785,60.40798622180843,61.82967570092922,59.9204353461534,58.15641559436728,55.399766388879335,61.600114033573504,-0.9350748843515574,0.3544502230989869
2023-10-23 21:00:00,-3.0,45.0,52.66666666666666,11.0,7.0,32.0,55.45602520339432,7.376913624668727,4.5301889224357925,6.301984049700192,62.11971576006826,62.42913522865206,69.36013691233704,78.53883544073334,87.95188000137692,96.65260864383544,95.37946539198056,67.92789189809764,39.05341590870583,19.63707373266977,12.694440409611316,8.977167209362824,6.807289679857748,5.942036589665982,5.706363338133949,6.422111223316889,7.977749572854005,10.458381656949893,11.578544620916045,12.272524467824429,11.831453790785051,-0.9288394302558068,0.3704825404820963
2023-10-24 21:00:00,0.0,48.0,35.0,6.0,9.0,21.0,60.542358687731365,14.192104879215927,4.115401706411407,5.3678682554691575,68.26132294171677,65.63845193094707,65.68856201403098,59.51429944535606,45.00617233299673,35.45468486393808,29.20530584318565,28.92249258856069,36.08792602945013,49.76501800805448,70.40819380454147,84.93647235482467,95.26108314956905,93.06655188893308,86.4841836604798,75.50941482031784,64.03226819820664,50.2240386056637,43.487715768248655,36.97803284868506,41.919902153240514,-0.9223291176290545,0.3864052261209853
2023-10-25 21:00:00,1.0,54.0,86.33333333333333,7.0,11.0,20.0,83.14185862145281,29.627908379563635,5.280096897895629,5.503647278249297,83.04937914790447,82.49473948311801,84.76671045161622,90.63494046388196,96.25779976662096,98.68382240028788,97.7889120237236,95.21745594748236,92.08728808604452,90.78536000457096,91.7643109232525,93.15255077268708,94.03108781489186,93.72410189200598,93.06989009701796,91.83643844411256,91.18858782567295,90.81869548651038,91.07255028943511,91.05740971021426,89.74945345373709,-0.9155458729775467,0.4022135682368036
2023-10-28 21:00:00,2.0,48.0,71.0,22.0,19.0,32.0,76.59922957461941,11.364931104292792,2.695304885011384,5.380690657383069,73.77573668838758,74.19109286763477,77.8231281092085,77.96655357520781,73.8013696264903,83.75615322229903,93.71835179876092,93.37561954247415,74.63464430515982,35.562776711610546,18.802989623146715,11.720895964622438,12.361834889503228,14.144296366730238,15.67876322741491,15.471194461192503,14.713137568649053,13.214411496404038,12.664096631691532,12.678978190611977,15.319206811643236,-0.8935790198239952,0.4489059314938798
2023-10-29 21:00:00,-1.0,38.0,64.0,18.0,8.0,31.0,50.00429960169621,9.384898855439875,4.561231752900839,3.698863005984807,68.07514657868823,69.09733535474929,74.32780738787739,80.62189916470447,88.21283587398277,97.3867926461801,100.0,94.5361798513055,73.55579633624636,48.14116977181407,38.80085481831897,42.4268136281171,51.41900526407155,61.89482257766631,70.02719435184703,75.93218000209636,78.61206212172921,80.28940532174452,81.42476787260051,82.69189828272752,81.66501655534306,-0.8857249183835637,0.4642104791518923
2023-10-30 21:00:00,2.0,31.0,92.33333333333331,10.0,6.0,8.0,84.92600650193533,12.25786588424265,4.205867963266394,3.6831897557312594,96.98425394183153,96.16936245627257,99.43759067629398,99.29666849749772,97.6805888507456,94.54544846624752,94.40322669316018,94.4330061484454,95.28467986651351,95.80409145597166,95.19322466134152,94.302658768019,92.9315088880591,93.442415836479,93.80191927654606,94.0128102558616,93.73912553650962,91.3879168752143,89.60264768760908,88.13522560617206,88.95568602600238,-0.8776087166898392,0.4793776594606945
2023-10-31 21:00:00,-2.0,31.0,47.66666666666666,7.0,7.0,29.0,55.68827746160439,4.6591511992270425,5.55149755982884,5.482310832312345,57.479598926690855,55.83330079752204,56.30936037090066,61.67019897682879,68.71848874628637,78.1646337362634,88.41975013772954,95.86622040042964,88.82913233684589,63.086838056619655,37.89140555568751,23.00495128764568,14.938009938213922,15.257528844663367,15.936645294612592,16.77309554947764,18.62517107158126,21.70301063475052,27.40668512111368,35.87322678102166,45.29346302210831,-0.8692328164574792,0.4944029842076181
2023-11-02 21:00:00,0.0,34.0,21.666666666666668,7.0,11.0,23.0,56.14093955848753,6.058517102335461,6.0210818207703936,5.094350188404473,66.65250406427847,64.66859868364166,67.85952395506874,74.07576020559895,79.59084272191859,78.54457663615058,72.2975063643337,65.33669751490905,58.39232183853318,50.68531662933232,42.50544094742951,37.06178684934092,34.01387190609131,37.83320963918133,45.30825094508802,57.188776353398666,62.07538824850136,64.01191028423274,53.78071030478888,36.81893662421266,25.157111360952506,-0.8517119107469189,0.5240103253675756
2023-11-04 21:00:00,1.0,40.0,57.0,7.0,5.0,28.0,67.20215564728338,7.119210720333545,6.0526121885165205,4.2725571557773385,72.51369529277385,72.45812959202172,78.74551318162025,84.8574410020245,84.62958080595216,85.5735195160767,91.07429945111002,68.66133999768475,31.403139825594657,7.277078519732368,4.468553407373501,4.106998480609465,5.890134389018825,7.756310001093773,9.944421593033915,12.105553201865629,12.342009282108762,11.176262016149314,9.457985917807065,7.303709286875532,9.22918342919242,-0.8331829385891785,0.5529974600700271
2023-11-05 21:00:00,1.0,34.0,63.0,26.0,11.0,32.0,56.14093955848753,4.837718086027109,5.667322607345442,4.322608659027577,60.80432703491686,61.41105452880479,66.77965704605805,73.89405821687446,78.45693830285889,84.21290009811968,88.15616586039603,79.20803374252975,62.04858383922771,43.33304776912648,32.37466287593507,25.801973509241204,21.932853980747765,17.760529868785532,13.24836510496487,8.944761056098512,7.302433227441374,7.240303336435598,9.53684364935037,13.216530559822742,16.870809829179088,-0.8235472349556007,0.5672476988027229
2023-11-06 21:00:00,-3.0,31.0,38.66666666666666,6.0,4.0,17.0,44.75408733392624,5.724598540324508,3.5304639482742988,4.74332510602518,50.475962145169184,49.71308506273681,54.18864126604828,62.385684898496194,65.98315008817316,54.96656603709269,31.652296086523148,15.220567045516905,8.430002960074289,8.684586672683976,15.60644098979841,26.985936805344902,39.65650186684984,51.48549601064752,60.28005898884835,65.37564572741053,67.28926585358218,67.62859350106302,68.61828127549083,68.96401082661548,72.59740254683105,-0.8136678304455991,0.5813300798152042
2023-11-07 21:00:00,0.0,45.0,92.33333333333331,8.0,11.0,19.0,85.78313769615109,19.365648733525365,5.939939455678376,6.355320406789325,97.58100293983964,97.443363478547,98.50207052716948,96.95385457938922,89.06663200716658,85.72928496596033,94.13752982397575,99.93509972143517,100.0,99.6247023875086,99.38786016686328,99.11306545264662,98.19267619139072,91.76442954329032,80.00738446988909,76.5621902648781,73.57635653061973,75.80825747622272,76.77235465205663,75.677253450578,71.45785711309453,-0.8035476485339116,0.5952404359043674
2023-11-10 21:00:00,-1.0,35.0,68.66666666666667,6.0,7.0,26.0,72.33861538214826,8.761771599801282,7.134774348364363,5.192150081043122,81.79678652487343,82.5382533828605,83.36932957043288,89.59490405396271,93.76507752094736,93.93722262599152,91.66622987416524,89.43447555187531,88.10535566982028,87.469027315527,82.45321830677744,76.37650902792709,71.45771586726974,68.10079816969899,64.98849488380539,63.33668965062458,58.61329629994204,49.29909833333909,38.66600919369655,24.368788978356896,16.408735561020087,-0.7717727365467837,0.6358984534680745
2023-11-11 21:00:00,0.0,31.0,77.0,10.0,11.0,32.0,68.94044916951869,7.223570389116638,6.427242172857123,5.278518397231739,85.01718130853419,87.84964350120238,93.11019813669924,95.1024538506666,90.91247164085355,82.49873095959573,83.56697996396436,87.96895596878757,93.27676496154484,99.44532730274426,100.0,89.28334022300265,72.98160077366482,55.79164891105065,45.22113610080476,38.630910976762415,33.75239724803646,27.53601740571688,26.41640980786532,26.30593940872516,26.36210230638222,-0.7607200913564104,0.6490800741100398
2023-11-14 21:00:00,0.0,29.0,58.0,12.0,5.0,33.0,65.83037602237688,5.981186254564207,4.007098421401258,6.232863725115863,76.19212160492134,79.54846104718636,88.27158341682389,97.69751565572231,99.30651940338755,100.0,73.73219065995103,54.80302439688383,46.03675087978292,41.66033802291366,39.72794822652494,40.7859103677418,43.47418061819076,47.06352029394015,49.24702817925247,50.048649045398285,45.76071679809347,37.72056831815117,29.059821009053405,17.379824633298156,13.709040884423212,-0.7262249146041543,0.6874571793269664
2023-11-15 21:00:00,-1.0,34.0,82.33333333333333,6.0,9.0,17.0,69.29385923859161,7.1217605610669725,3.045066782842126,6.433408386611171,82.67887716077487,82.86117241748447,87.96541887566563,96.21519582587064,91.70514875127324,65.09377515558583,46.49503477054209,33.33737971647972,23.58034483664729,15.97345737343623,9.881123038163157,5.621916186245417,2.241723282374228,3.4572273014839547,9.458397396033462,23.84809017961916,41.39368282881233,64.15038723843149,71.16864245709442,72.7853525590908,70.84923418972977,-0.7142921172691032,0.699847677146407
2024-03-01 21:00:00,1.0,17.0,8.333333333333334,37.0,16.0,26.0,34.965547045698884,1.6738385899928376,4.29959987763604,4.406028506494162,37.148770244274125,39.49008050401644,44.881124231543936,50.9125059755419,53.776060022324245,50.73768313066408,42.18788203750922,30.54605306013049,19.735176762405647,12.146603445977002,9.857626889960878,10.217961047598354,11.393221499689703,12.636996244645868,13.77051011181094,14.968138280376367,16.59465335267565,18.52741242538095,19.80710501401418,20.86161144828772,21.603990223886363,0.8670985522812081,0.4981366284784055
2024-03-10 21:00:00,-2.0,34.0,90.33333333333331,15.0,21.0,11.0,75.27814700369807,14.919453033199604,3.0019067194950777,6.398869100039802,96.45343153445651,96.73744705328764,97.54335171142532,99.0995756548291,99.18602133726642,99.44657401861458,99.55663300766597,97.96358869475073,98.03472117426286,97.94141403962536,98.29624390980706,98.96049934735944,98.62441020495535,98.50101872462965,97.31833122045074,84.93560869901228,68.57550664432245,55.82030498682085,42.622373411919575,31.461682936239825,21.209248432190623,0.9335418911179212,0.3584683215124808
2024-03-15 21:00:00,3.0,40.0,64.66666666666667,23.0,8.0,33.0,54.71007994498983,7.789448550813965,6.097327761316651,5.358726711566838,66.8700413763458,68.5791226593549,72.1645497839728,80.57841736674926,90.01509390580928,98.25700298374232,94.08919811614574,77.89305731171514,63.69472848222344,60.297493207593945,59.794446690385286,59.37040949399823,57.19386097511666,52.13803820426306,45.14289018910848,35.535193784214044,25.66134269834412,15.93493086739242,11.618775738999654,11.878501908944724,14.625738718370052,0.9608854255574976,0.2769462022689364
2024-03-24 21:00:00,5.0,26.0,6.0,41.0,11.0,31.0,41.95413009421103,2.647050844674004,5.895779832903357,2.7088661052063694,53.25565612711875,54.96155775997112,60.69984257382552,67.88733603526418,76.34022728579593,75.31665344962605,63.165692356260905,51.224245020891765,36.96058957361961,23.538711688966075,15.562929087743523,10.86890868801626,7.45596774262574,6.677495223267077,6.185442580179566,5.87204728530593,5.420786088861139,4.89695504831838,4.074000717217292,3.455105528172252,3.090669668452855,0.992098522791769,0.1254612333527364
2024-03-27 21:00:00,0.0,43.0,88.66666666666667,5.0,7.0,14.0,76.13910351772776,22.085699197693955,2.370702851501624,6.01863113869084,100.0,98.40923536234108,97.40728861823844,99.50383312103156,100.0,99.67498874320378,84.73638942784082,70.8012853734555,62.57016470795336,59.58827016822303,59.189442675034186,59.83617602086133,61.03777118339274,61.06985422522544,64.95302195920735,75.32011209144306,85.5920237011809,97.17699527849676,95.49200190586976,83.99874104225155,60.38252603888608,0.9972495210773452,0.0741174251509443
2024-03-29 21:00:00,-1.0,37.0,90.0,13.0,19.0,33.0,72.55214893840109,16.91537007089376,2.9151622172172305,4.680850825992676,92.13049638707312,92.14719370701351,94.27045139364652,97.89644899887304,96.31894702819064,95.61527011335788,97.07269963301246,98.48656799707628,98.72051229292684,97.1145179625192,95.54857628331357,94.32740927494952,93.29315625042756,92.67583125661884,91.6073330693276,91.6749216977048,90.8336269759764,90.26061635398024,89.45618020465595,86.87709649449266,85.38145246351434,0.9992088560679752,0.0397701138460557
2024-04-02 21:00:00,1.0,40.0,19.33333333333333,34.0,8.0,36.0,42.472793648699096,5.909139887260148,6.3674845913683225,3.6049516452279993,62.18764625060197,63.97686153043842,70.5045553075371,78.70086893099891,83.07462307039107,85.60531824993049,90.91956969655612,73.27603060296008,45.295682137540105,25.17923946842751,22.61461329865368,24.212162719869603,27.56063774581144,26.14675881454438,25.52904275803836,26.868760618555747,25.09822462568267,21.39224774046417,14.825169182343942,6.379355404346811,6.602792369911441,0.9995786855478958,-0.0290250133219752
2024-04-04 21:00:00,-1.0,33.0,89.66666666666667,18.0,21.0,6.0,69.17666990093596,11.87090651564514,4.196253249604645,4.244998620890259,91.6300855729434,91.91900120997222,96.074882935781,97.31659079159375,95.30617785466478,93.55324559199168,93.77581149623316,92.8492014466713,90.73363275551137,90.76006250765712,91.34686861622932,92.42692054856346,94.64833810093596,94.49580263449788,93.7661159522952,91.80322525901867,91.20078886383408,91.56859175276594,91.46790846988765,91.16595083900336,83.73743935886925,0.9979887423155984,-0.0633914048695103
2024-04-05 21:00:00,-1.0,35.0,89.33333333333333,21.0,21.0,5.0,69.41043946889627,10.71171316754205,5.4733512104222335,5.930560389397941,79.47050860156021,79.41845290550427,83.34284633438551,91.1819838719278,95.61106400034647,92.53242694874588,92.6071000026452,94.72982845214749,95.47542064990942,96.02291236711946,95.99130946082772,93.71830478159517,88.90412019344683,83.3162179526854,77.55915961052312,78.20346142389927,78.5960296228283,80.05317494073847,80.21314908391024,78.57926575573082,77.93260906808784,0.9967506498213928,-0.0805490042187416
2024-04-06 21:00:00,-1.0,36.0,89.33333333333333,26.0,15.0,3.0,63.99936441271857,10.86174357728715,4.853291882941988,5.691111120500128,80.09213041663004,80.60034806371003,86.97079424590837,94.07074918728148,98.93187923313891,99.38177740452562,99.86757603808488,95.7443121173247,88.33980596983105,84.5032100482885,85.58440953320017,88.42827948002872,91.3108625913724,92.68243676452173,93.65291624891356,93.0414917045121,92.38513201408922,90.25349166940536,88.751372403387,85.0807624606618,82.8120471298829,0.9952176027737294,-0.0976827678217159
2024-04-07 21:00:00,2.0,45.0,45.66666666666666,29.0,10.0,35.0,43.30321613904916,7.965304538608139,4.512598691635504,6.457340989587652,64.2549631265463,66.46211237659108,74.30091160630059,83.29165677200527,87.8412639824582,74.67376985149838,44.89794162540845,23.45347040088905,14.264477306292704,13.258905710940027,17.57890190267694,22.9386891997738,29.27862174915751,35.15616273132848,40.25260854401266,44.131314164351885,46.55514573766686,47.43972443054012,47.15202017417129,45.50819336350656,43.23223300857902,0.9933900548258936,-0.114787625522127
2024-04-08 21:00:00,12.0,50.0,9.333333333333334,35.0,16.0,32.0,38.99949785476071,6.060074651190512,5.439603213888509,6.391404499883481,46.20112437130982,46.43219717040397,51.76437440002128,56.12803721612305,55.3851986072028,52.572562405325776,43.04877985258511,28.901774813983376,19.88107234612528,19.197749475105525,20.66146190278895,19.932236872076857,16.73724722442244,12.111054467579502,8.072915822926362,7.002229669281745,7.83570631821902,11.071198834071062,13.96688583292093,17.164415877024364,17.3128648686588,0.9912685467787256,-0.1318585157173911
2024-04-10 21:00:00,7.0,47.0,58.333333333333336,14.0,12.0,17.0,51.415168522735,15.380682752032934,4.662986255926286,6.572722911559596,62.24611223245356,64.62770711290379,73.28107396957985,81.44461940043608,81.91996357809823,78.49825298653325,82.8309242867906,91.22530494944628,96.78730811818907,97.62241134888473,97.2584199727274,98.10153433003188,99.93580106664535,100.0,99.92630615416864,97.7609243523095,82.65273662160263,56.225333106486886,37.97597153071567,17.833870546167798,37.204002544721256,0.986146248341595,-0.1658781989346314
2024-04-11 21:00:00,-1.0,44.0,88.33333333333333,17.0,16.0,15.0,65.02777464481295,15.771597260454094,4.092212801221592,4.952005958900316,68.34348293730065,70.68307860970728,77.53023784965708,83.11430610728334,82.87204149735228,95.30204016772952,99.85424640995528,99.30267930779316,99.36973913715411,98.76960832796992,98.45060752270736,91.79533612320496,77.15700029799167,46.062618314584455,22.384685223806827,7.472808181282123,5.787839172619127,12.140237968022314,28.58565609867488,53.54973479838364,66.96707729096428,0.98314697372215,-0.1828169249850199
2024-04-12 21:00:00,-5.0,54.0,88.66666666666667,15.0,23.0,14.0,77.13499337887522,31.99286457968227,4.659488637523641,5.510646920808623,93.94756948568823,93.7572448777852,97.83644628598054,99.41476859368488,99.00255451385723,99.35197617898814,99.32629079037144,99.95546711903717,99.11893594473462,94.4187724712061,94.23921478187007,96.10020494011188,99.06144655230516,99.02759625503134,99.68860864364476,99.38910198216834,99.14557730258642,98.97995666101384,98.58762863001404,95.51265399837168,94.32974974022156,0.9798567700958664,-0.1997015525660636
2024-04-13 21:00:00,-5.0,55.0,65.33333333333333,28.0,14.0,17.0,56.90263834392272,18.11113835508368,6.858457380968542,6.838005877242091,75.06589443368637,74.79627842518943,76.4700924545528,85.00257365939808,91.48216647348582,92.83414051531848,82.52546707846251,69.86589055793266,61.24295273080469,52.58761731204328,45.03484741910875,42.29625826516619,50.99945721261064,62.546542314203215,77.8770529018169,85.12497182314382,90.79155465588896,94.22290897122356,95.02514686878465,91.50754491085924,80.52672500375722,0.976276611086932,-0.2165270852448143
2024-04-15 21:00:00,0.0,50.0,61.0,48.0,8.0,29.0,45.95641016611104,11.609281508706118,8.00749846865635,7.207332097098383,61.38733926561611,62.68575329010413,66.05706984697125,72.06856763646402,75.4167247219197,78.36769528181904,82.28616953609497,87.47791710707521,91.37887963454372,97.723053857144,92.05259652339775,78.30744663123369,58.89586376836392,48.93920419586011,42.569206757151576,50.50165605927154,60.05880804862215,70.32797538319619,73.79265452502405,67.04757757114467,52.62960947655186,0.9682507501166718,-0.2499809690726521
2024-04-20 21:00:00,-3.0,50.0,74.66666666666667,69.0,13.0,25.0,32.99421643065575,7.494895059844532,9.049610260832956,4.028884853729362,31.00463699957378,31.07110938000058,34.065153977693775,38.35895117792936,43.389249355128335,49.236171295655865,54.57705432173696,59.19417931843511,66.87256509170533,73.21197764325765,78.53966985369183,84.39317252802557,93.35159857117004,90.95061968407148,77.6571453988056,47.16355446651577,23.211597052491857,10.057661807205305,6.009915079532703,11.19484984902913,16.258434711194923,0.9431964659565866,-0.3322354987159043
2024-04-21 21:00:00,-8.0,47.0,66.66666666666667,65.0,11.0,24.0,36.91330963245496,9.614813745300925,7.850663502620836,5.41558590670197,69.80229270902514,68.66679264587593,76.79893527644681,84.82406701545646,87.2901758023367,88.56609959041177,87.07595042907703,84.17996494971148,82.24423855610155,84.74126673330987,88.93927121723334,91.01880257466809,88.64743441319891,86.993356592395,82.52012870142686,72.06343586452103,60.31326206596742,45.76361145497291,31.72661837972345,15.764543144229068,8.919065135240459,0.9373419384643772,-0.3484108069446808
2024-04-22 21:00:00,-2.0,34.0,29.33333333333333,67.0,16.0,29.0,21.91068635470266,4.209334005127737,5.732647105578706,4.803102257197432,44.74446913766928,45.86036436973275,51.99642331084932,59.33757457545781,67.51278742060953,75.02994481058592,81.22769739364179,87.01724440901513,90.969683292065,86.96710721951621,60.938609690432656,45.817418532062526,38.37450318431684,37.179124573643705,35.06952401095861,29.94412564769537,24.318141807034888,17.038432731542557,15.903317115742604,17.974009796460223,27.11030985092524,0.9312100364121948,-0.3644830148102912
2024-04-23 21:00:00,2.0,57.0,32.0,58.0,19.0,19.0,26.63427482835779,10.504842162721644,7.874668085795467,5.6215733839026,34.96227096366564,35.27651114518532,39.123973102662006,43.73377622737864,49.103978520135286,54.513375713564486,58.36041015297256,63.03724758011639,68.53216476118227,73.34821751165761,73.64204416508386,67.89124566801573,56.174308834307865,40.48605044199109,28.003983996906413,23.869484433937902,26.61051703313964,37.686877366567664,46.602301434163486,54.70053024965803,59.492659192188654,0.9248025743285088,-0.3804473662878516
2024-04-25 21:00:00,0.0,38.0,42.333333333333336,56.0,16.0,31.0,29.62620707577672,4.402050534324612,6.495476230763299,4.9744914935259255,42.1230421879201,44.70875882658649,50.31531558441426,56.7845095750728,64.38289586190398,69.03444155124784,76.78670030750219,80.2971399523259,70.41433078443204,52.68595635539776,36.69114758152583,28.718889269185503,22.62322672961466,17.329269059438182,13.417457789169688,10.386908582544669,11.05685418211342,13.833959677675685,19.920574168084244,29.055848461834703,34.39333569549305,0.9111686353326632,-0.4120336369594263
2024-04-26 21:00:00,6.0,45.0,30.33333333333333,64.0,10.0,32.0,28.225592138316024,4.819643876899331,7.94477553158573,5.486080829429063,27.91871297485148,30.733532789339872,34.60843042271296,38.8885272531268,44.12680371910478,49.3977096794728,52.972510325251534,59.214154042435496,64.24886993640145,62.56927517662725,49.03070591933967,28.539507355162257,12.45177200159557,8.289039881708439,8.649739057069718,12.1657290365829,13.863035418694192,15.179150791860987,15.988847206843612,16.296241836721013,17.08930595977791,0.9039461929224012,-0.4276462092677746
2024-04-28 21:00:00,1.0,54.0,78.66666666666667,14.0,12.0,18.0,56.76064916568728,24.249596086857288,5.1279648690120405,6.183006260347025,59.96621094462278,60.067961645738144,65.51198814213517,75.73455102289431,87.44116544227629,95.7272908273119,97.88781143190218,99.2275857763265,99.96966637255797,99.1168660509552,98.46823308153276,98.88515562397076,99.72355862697732,98.55501548580168,95.12255696651005,86.01006519203797,79.96506674544713,78.11906055045229,74.85645730258422,69.0502628615889,61.33120531112986,0.8887010478292915,-0.4584871291400876
2024-04-29 21:00:00,-5.0,48.0,62.0,40.0,16.0,35.0,38.66719128534765,6.220645569207465,3.4025445921510307,5.41054014585087,62.56181234086707,65.42288153773956,74.03012198658628,82.18441376630228,87.6033540855676,86.58156268430876,67.45643661247408,41.63020495392277,20.035573624496976,5.228126242855937,1.224640752451366,0.2506624442431576,1.4158964697262393,1.6556464324090243,1.7609708932992625,1.65656300172426,1.8198233667801804,2.164991795416835,2.937226948669476,4.0974004527053856,4.5482639530027456,0.8806828564301475,-0.47370635037968
2024-04-30 21:00:00,-2.0,50.0,32.333333333333336,42.0,10.0,1.0,35.88537683865767,8.546132468480407,3.6071767002487007,5.203254225136413,52.29741725944479,53.91844910784338,61.06352653171028,68.77961681134725,75.5080241771508,81.11972045150144,74.63239332229145,58.500691375114044,44.92130535466232,37.33136356410638,30.303946867191883,22.018379162386942,12.771857798758072,6.348152065106174,1.8173174886546744,0.2089410373262616,1.7864105642629295,5.425592406360255,13.042478669155722,24.53170852159081,29.12962991313982,0.8724040568049612,-0.4887853942889926
2024-05-01 21:00:00,2.0,55.0,44.333333333333336,47.0,5.0,1.0,38.239799587293696,12.618553749598496,5.7854379543685255,5.939098735197283,49.60596941360123,50.10975397823384,56.35114488773178,63.5743657355709,71.30593814879684,78.56431519453363,84.45262182053263,91.07990796452336,92.23061254097928,71.19495557060702,43.83725340126338,32.11791792250391,31.19820226468885,24.986147107315425,18.23787547614724,11.388640315163562,11.29879788607796,19.11736834596297,28.035238607676007,39.0728747063047,42.53613741333416,0.8638670987837349,-0.503719798736334
2024-05-02 21:00:00,1.0,56.0,70.66666666666667,34.0,8.0,6.0,46.910016212323086,16.4971156859051,7.005050179850049,5.864074924337869,53.5972728026362,55.02229594442707,61.659685114767726,69.30614896968873,76.44151248099955,81.08296160514024,84.78937423296105,89.04287891499119,93.35385993672222,98.62427895670297,98.09011404974837,83.69121109724001,63.43527437599431,55.7605207521966,51.63239459739709,52.772508860902335,56.38857236083946,63.19130440838909,69.39872206013614,76.97600637364805,66.67678899644915,0.8550745085896932,-0.518505144391157
2024-05-03 21:00:00,-2.0,57.0,61.0,41.0,7.0,5.0,43.48654088234562,15.753831658212508,5.50297756760416,6.01628481091871,54.327789936538586,57.82881689042488,64.96738880281995,72.95726110276293,82.24956325049678,93.6229745773238,99.6920336115324,99.6686634894294,95.9478710454455,87.130209646501,72.39692507426423,62.207102136437655,53.6630961524389,49.91758304480938,46.613789551312806,42.81917768797239,37.99483827193462,31.50908709754615,25.691875361279347,17.63505834251769,13.474194468660256,0.8460288880917339,-0.533137056031809
2024-05-05 21:00:00,-2.0,59.0,65.66666666666667,39.0,15.0,18.0,47.379813807319,20.663369562128867,4.8727460805229645,5.292069025155782,59.95087686127485,62.741683390333705,70.13461815619245,78.55100086686264,88.07329391484446,95.09852537638884,99.09287682562886,87.37298223868464,71.98800741727737,61.268428394933295,60.76953968360412,62.175122870658114,64.06470009907096,63.6490443671487,66.3175722965207,73.85188004367564,82.11480952119922,92.50690910293834,95.24398538097748,94.00076596735433,93.15183872487974,0.8271893372462497,-0.5619233046832195
2024-05-06 21:00:00,4.0,63.0,53.66666666666666,47.0,12.0,30.0,39.540985679556286,20.102930362883644,7.277249714087403,4.987278800146678,77.49744885805943,78.4679820743331,81.40767736999463,85.31410179762518,90.79228070208434,96.5116959882898,99.10584904371706,99.94529189453544,98.83461383759288,90.80165331392216,81.7333834942206,77.41442414677887,85.89265118761848,78.85338369591169,64.2490104074581,43.43896612685214,25.89156875563196,14.225116060714354,10.528188288744031,13.564798201572623,17.868395793690887,0.8174009818249189,-0.5760691233798758
2024-05-07 21:00:00,-2.0,53.0,73.66666666666667,52.0,15.0,31.0,41.137590975447,11.945804935987342,6.577051035864913,4.715497452273457,59.070736812979206,58.83163813359708,64.82578128060172,72.75575811170289,81.96931865591426,87.70563765565394,88.49089723460453,90.29613233487656,96.13296121964538,99.27697736051326,96.4000913486277,84.68009727013518,62.65438562176413,44.68047376203626,29.54918573372643,23.046726164679008,19.04091216276881,19.86049261515726,20.93547963885628,22.52100797107429,21.81320193871803,0.8073707443023492,-0.5900444739548627
2024-05-08 21:00:00,-1.0,56.0,68.33333333333333,49.0,6.0,11.0,36.87712868300609,13.742540610186712,8.220134731973173,3.823610792375507,39.02277082374809,39.054880528929466,42.58986576772523,48.10836794748315,54.187396502996336,61.08400101319099,69.41763059375118,79.39067894856,90.56156945176956,98.25747969385716,99.88234327468034,94.37277799034123,76.62818221572539,60.67215725945477,49.08468801867986,59.026285734592776,67.22444653426844,72.01316379196008,78.61415363377102,87.42799373810864,89.06928170432376,0.7971015927871943,-0.6038452208771035
2024-05-11 21:00:00,1.0,58.0,40.0,59.0,6.0,12.0,32.941652006163416,10.969745890029309,8.759536263325886,4.268048152244599,40.56737767377852,40.78754017551242,45.66341001729274,51.21767998163619,58.12167223708046,65.44991792829124,73.05759541582991,77.19127721109601,79.89645590488125,85.63435022744834,94.7494825335641,99.6523579458074,98.75848547340745,70.95900767641301,44.26940399908933,24.670312328967487,13.542120235055052,9.38445675916075,7.550747754172366,6.979977837929045,6.816219229153648,0.7648913904341226,-0.6441592666722685
2024-05-12 21:00:00,5.0,60.0,46.0,67.0,4.0,4.0,28.252603715391427,11.09212977687027,8.935844973050946,3.0935543093439946,37.485888314454776,37.80708196042137,42.20444237765015,47.19220429055375,53.08437762475992,58.60737729391546,63.641703581916055,68.3430578262514,71.89775737884166,76.83228429828684,88.0886288789377,96.44551577776912,98.17045903583131,72.15289575438875,46.15161679687535,28.34508275877553,16.49268588764246,10.06857625226077,7.330918010461951,6.79944891491824,11.125892544993397,0.753697664392914,-0.6572212950663319
2024-05-13 21:00:00,4.0,64.0,41.333333333333336,74.0,8.0,18.0,28.88839587251297,12.914930736157928,9.22032299732306,4.210059061038089,30.403341342529664,30.730073693096067,34.058889507906464,38.33153661259057,42.95539520032467,48.34282276980627,54.49386803648378,61.46509766529128,68.9979125960196,77.47190790338226,85.73961691067498,93.71314750406336,99.42595599069476,81.63270792569914,53.98720499449102,24.084809046990888,16.41799150321305,24.61856533291571,37.39330741979072,55.19113382172706,60.20816824344147,0.742280907086982,-0.6700888411055113
2024-05-14 21:00:00,-4.0,56.0,89.0,13.0,11.0,16.0,69.06746034851456,24.56715637337036,5.582577773057638,6.250296933379637,90.3999167695592,90.87977513346492,93.65712090539894,95.14993908182204,97.9375080471086,98.95630982256851,99.36516237909592,99.99633695179752,100.0,99.3262700250426,94.38583647062976,89.08695234036452,83.08343049544136,69.9549560991855,54.08269189868973,37.525206003558274,29.83257800596576,32.14365452322005,39.118533536693874,50.155935821531415,47.83798035389879,0.7306444969184916,-0.6827580970759147
2024-05-16 21:00:00,-2.0,64.0,68.0,25.0,4.0,6.0,56.01890312789417,21.86197986910594,5.622956426851171,5.260203969625448,87.48074128987804,89.06849740760262,90.22089098658576,78.7049046986548,73.83222064144648,77.70362749590032,81.45318179931161,80.84704740029494,79.40225495198283,81.86272462585741,93.14094488475034,99.19062777339072,100.0,78.33667230828505,56.0698157443122,36.39305456390259,23.98822319824471,18.144547812685715,14.582824310422366,11.95764058185153,10.622498486950626,0.7067265555776158,-0.7074868024503348
2024-05-17 21:00:00,6.0,70.0,63.333333333333336,45.0,6.0,12.0,42.22934726093345,22.903135737266258,7.828842052431719,5.42846207732233,49.36960110572064,50.897465605500514,56.82016185607346,63.403725144092114,68.90564882910428,71.06226327998132,73.15322061774336,73.78807240248663,72.17937530476041,69.44865825570518,73.32372927391529,78.85597311772487,86.29405829470774,91.6624629427496,93.93894897432332,90.61040188371426,74.5452346248994,47.18708770961571,30.52898050250051,16.128170253378155,22.316335048982552,0.6944521021088763,-0.719538934232584
2024-05-18 21:00:00,-1.0,68.0,86.66666666666667,38.0,8.0,14.0,46.96300291239815,25.62644309988177,7.935185049759292,5.431138267139447,55.446427338205496,57.20527721197857,63.90449230982559,71.83479849239176,78.7512778910012,80.15695195128417,74.92045659013512,68.67712778019963,68.43971434869815,77.36204072029074,83.10272914204553,86.77903726772186,89.50713551800004,92.54899811894263,93.68702065547016,91.8012171081235,91.59062183261474,91.24075571659004,91.42061287814248,90.46447432605136,88.99813276101312,0.6819721490904629,-0.7313781428679254
2024-05-19 21:00:00,-3.0,68.0,52.0,37.0,7.0,16.0,46.96300291239815,23.442854280739617,4.353667686183419,5.646284543608272,87.64036614767451,89.367516162841,88.3810340130369,89.9641129514913,95.3116174346231,98.37393493538151,98.5338504192104,99.45351434116596,100.0,97.24080535700315,79.20342260992823,64.07793071697054,51.24368655168653,43.760897493731726,37.97491559765139,35.445873884913794,34.723406166469445,35.18231684740788,33.61366678707275,30.10356341738934,34.43716460814549,0.6692903895412567,-0.7430009249440493
2024-05-20 21:00:00,-1.0,78.0,43.333333333333336,41.0,9.0,22.0,41.91059707033888,31.909412239081373,8.191635604668951,5.686698844612257,53.73523617242969,54.05153285982364,59.91416846849259,66.9233636962484,73.51413697851206,79.44868704090156,84.96417369834843,89.7856358469029,92.31504996734084,93.10357269489492,93.6677930430816,91.37739107344196,84.44821792316546,77.28811226665336,70.92285653544921,73.7034260469121,72.33386323249238,66.64308209085247,60.51504924374347,52.97116174468758,42.62854289150352,0.6564105761979381,-0.7544038410927472
2024-05-21 21:00:00,2.0,78.0,62.66666666666666,42.0,8.0,27.0,34.81701151537113,23.710100264476825,8.584263974141356,5.468455960975767,32.71791543483731,32.78611840657628,36.17081205730752,40.13942081409503,45.077484457754885,50.63441283358423,56.76375896034973,63.12965087227943,68.04839611763094,73.86163023792255,77.96424301088868,81.79473898278083,86.21464277757009,86.43251368720925,82.89342602757117,70.9411322978154,56.85733317728307,38.842239071091576,26.11995904755321,15.688040358046107,15.037641828396229,0.6433365204044917,-0.765583517007675
2024-05-22 21:00:00,3.0,78.0,51.0,50.0,4.0,29.0,40.39784577067584,25.613673157728392,7.6360751098358675,6.042151450300138,36.992399120060966,37.0414034438686,40.86721549649703,45.6996880258321,51.171959584112855,57.3869240065942,64.40209492066431,72.0445451894877,80.11478447256528,86.60122922771701,85.6475532857909,77.98060993099512,61.9058344931894,50.60072937317409,41.06941666269378,39.59990155568317,40.0189275222946,43.14032024226712,49.32755032887388,59.03535741029749,64.01501310067945,0.6300720909843687,-0.7765366444428655
2024-05-23 21:00:00,-2.0,75.0,64.0,39.0,10.0,24.0,49.80730647655911,19.783684981120253,7.867571203948953,6.009595413637017,53.50886521578813,53.51923286486594,54.07587605265002,57.60888971204212,60.04980343392003,57.34867667436231,52.52699072459765,46.1588536688262,38.08857894235288,36.37778357500936,35.42321149871465,33.348709698636505,26.47363001726137,19.17310304947725,10.992528574856356,7.0011953739934585,3.795423066689988,3.083341757041869,2.626785480726281,2.627313234270953,2.987912815029572,0.6166212130956382,-0.7872599821916922
2024-05-24 21:00:00,-6.0,58.0,69.66666666666667,27.0,12.0,30.0,55.16433895681845,18.969668252415264,7.147910609672866,4.24199797334812,69.24981056230834,68.66377817926967,71.72266223118248,75.97671880802983,81.56359971054309,88.39750013246423,92.8847723407667,94.72686679153614,97.03282697350316,98.31646430331264,100.0,100.0,100.0,96.09707582086548,86.92319186773774,63.31237704366146,44.00512842130608,33.93239319753668,26.02172665690684,19.17204262391433,15.91888068085332,0.6029878670694714,-0.7977503570459932
2024-05-25 21:00:00,-3.0,63.0,29.0,58.0,9.0,31.0,38.01738831024434,11.628446226395052,5.561490853650864,6.172786512013765,47.32010338156572,47.37881257256154,52.69610005389339,59.18510867093259,66.33783678535339,70.77276460961535,74.6512763154229,81.04143869144058,81.88740791185289,66.89695325030017,30.2439712092002,8.792761514929538,1.9217851595042907,3.1556002545610333,4.874800388606743,4.948334300347292,4.912900917432436,4.765241932784965,5.09924824375113,5.88098521159411,6.116534104268781,0.5891760872322963,-0.8080046647350754
2024-05-28 21:00:00,-6.0,69.0,65.0,24.0,11.0,22.0,63.26799955196621,23.951985412252206,7.272152128058173,5.579029946471036,62.22618140564329,62.22998885002974,62.64493067266369,66.42562845947563,71.30913891973867,75.41393402178242,75.45766584285293,69.78999786951444,67.27592165482841,64.97769027341039,61.4828881634338,55.76234590485568,43.01843693773347,30.58528813724412,18.36326279066992,15.028898335211355,12.7045745955846,14.12619534901895,15.497909084244291,16.507141290106627,16.563185424709584,0.5467112728685939,-0.8373211953118121
2024-05-29 21:00:00,-4.0,60.0,59.66666666666666,51.0,12.0,31.0,40.63578428451645,10.411170572400456,4.7185949158137,6.291200552582231,58.26881091803878,58.95545828867189,64.66553679968857,72.02339734299966,79.89226416648727,87.26052999632806,91.44875035479018,83.00588652478079,57.64846794123225,25.193528228724908,11.41413898109902,4.690321720399339,3.2900276776741046,4.362253857572424,5.50359445898176,6.205668362404284,6.856347554568129,7.508266023379123,8.694580705356305,10.322399069523955,11.877281967944915,0.5322271388474397,-0.8466016020976267
2024-05-30 21:00:00,-2.0,59.0,37.0,63.0,10.0,32.0,34.47516230397882,13.883658280220388,7.427249603212083,4.619669465682352,54.74952146249981,55.9130705884337,62.42784110993872,70.05210569391693,77.13891557520628,83.91360807181542,89.79454793549587,94.8023669750822,98.03660530356696,97.87227976156964,99.73963758819046,95.38005251417776,84.31491457309356,55.37538227837735,32.125249577862576,14.58718756507476,7.358007077280644,8.815645597203995,12.968462326477171,19.854028726228066,23.54770829411665,0.5175855102531889,-0.8556314858488706
2024-06-02 21:00:00,-2.0,76.0,4.333333333333333,52.0,7.0,36.0,26.36562720419712,13.270292386059218,7.242061736684628,6.244002219176709,34.52656580156344,35.09727072084788,38.840735951724,43.152885962870194,48.44858888021419,53.54540340193458,52.581358012059965,43.11711985434405,29.573108895630888,16.994574114715192,14.467963454787416,11.813411358500144,8.846726973307925,6.498841512792694,5.334619034356228,7.572534486741117,14.705441855324509,27.67741827142914,38.05201754538987,48.298309431876696,50.839180782641726,0.4727592092862775,-0.881191653407483
2024-06-03 21:00:00,0.0,71.0,49.0,32.0,8.0,7.0,44.0094408849523,23.991916992506965,6.80205065508534,4.849533373268498,55.433052125499785,56.638134704340615,63.00696635896217,67.87325989846025,69.56666049931457,73.4635261836226,79.40080408812425,83.58280938533271,82.76587704024644,79.01562527163024,82.14035385430012,81.43127576842785,77.4953546677868,64.41129876082792,51.26985243291666,40.826576331564176,35.7408363550088,35.197377313072224,38.508175248842605,44.53530697777161,48.12932306621104,0.4575313760742512,-0.8891934772070711
2024-06-04 21:00:00,-1.0,74.0,25.33333333333333,45.0,2.0,5.0,41.28775436548421,21.326731136960337,6.9275524799048265,5.982052649504462,43.53387800850402,44.43860045600452,49.12853782062641,54.67861816409765,60.91144151071297,64.18029215173458,70.70869171416214,78.42429102381836,84.60787543620962,88.30672582200765,68.47468196602145,46.92134970139089,27.91227079281004,28.67574118167046,32.12054638653162,40.873070676925416,44.54179672606102,42.82227564642491,35.54345285169245,23.109446487610093,19.709074810770822,0.442168151967072,-0.8969321743510065
2024-06-05 21:00:00,5.0,79.0,50.66666666666666,52.0,3.0,11.0,37.6726622643542,25.398068573900712,8.387295962522582,5.856696959169602,37.07584739554076,37.122575697482965,40.73806290122143,45.24979208777561,50.58311511157096,55.803408426841,60.921661665339855,66.70111704341114,72.0529850996126,73.65217127856423,73.4352001218403,72.56622215408414,71.7677703192923,72.09348170780004,72.32309141060743,74.65157415403014,76.55878719959634,77.23379947216323,72.58413151701464,62.08599637476707,61.62275944866561,0.4266740831899246,-0.9044054548343
2024-06-06 21:00:00,0.0,77.0,31.0,41.0,10.0,14.0,43.319098678448334,25.49967545181379,8.086562300930176,5.57367398875973,48.48422295453661,48.279499682723625,51.96304663371536,57.69663031614704,64.20064460098313,67.91643007532102,65.38180381396921,71.42423642458556,73.39366237020398,74.25155256068449,72.34684630014823,68.5487664467188,64.30614872714878,56.32274903568339,44.63131457424303,25.6686108640656,12.75591798429995,11.728768088699868,12.079296320635034,14.093040838247378,15.062788256218637,0.4110537546870351,-0.911611107193024
2024-06-08 21:00:00,-1.0,62.0,83.0,17.0,6.0,14.0,75.03763863657984,27.60707187963265,6.220910877160595,6.635420585338137,88.91902238162336,88.98622918152044,94.0320275047207,97.3833863689318,94.5429233525797,94.242933604982,77.23339124895601,72.89992783359125,76.73248950895416,79.9644220014564,82.27908399716381,84.29097766913665,87.80634831055156,87.64170844442035,85.24502202652448,82.51316784505106,79.85385365812246,81.16638295105041,77.34029389359625,64.19667566728523,61.15325473220496,0.3794528437245443,-0.925211078289358
2024-06-12 21:00:00,1.0,69.0,59.333333333333336,25.0,4.0,14.0,63.26799955196621,26.41344172796683,7.168054114176344,6.14671270065556,72.15704935149296,72.98230260085215,78.16461782783121,81.53317228361301,81.89492145737418,83.63133096576061,81.57562625788727,71.89453718442597,61.31289052017902,59.87610264109387,71.03870225349104,79.01743898862846,82.81422375134323,80.83523536573654,75.12007380181848,62.04147528118672,50.31270297984142,37.34466183940162,27.868591569845847,18.512697720138004,19.218664457515526,0.3149416207289519,-0.9491110448902284
2024-06-13 21:00:00,-1.0,75.0,34.666666666666664,50.0,11.0,21.0,43.00991391902142,25.361312179968035,7.11994218076524,6.004545581223098,55.02650341367238,55.460573871216944,61.168967655124405,67.92361463010678,75.75250270378007,80.54181155421496,82.35200253374386,82.30975762961633,78.33921993842775,67.26158384323618,58.5307235237299,49.76155004852215,41.4650189952246,40.61620067148327,41.30238968563507,45.26122813406829,50.34224390254691,57.388959952925234,57.99712253210172,52.75537209412686,44.27101075531278,0.2985688173637202,-0.9543881083175908
2024-06-14 21:00:00,2.0,70.0,52.0,27.0,11.0,31.0,56.85324660594026,24.89979566096388,8.10033584015932,5.639528842974428,54.93152174493115,55.47291007960085,59.87872212006658,66.41788321279324,73.17866530259094,78.65669741907217,79.58835947778263,81.31815314095829,84.7609903688806,80.5878422942871,74.56595748199646,69.51905635678038,68.21522191848966,65.11371507217264,58.5847980457318,42.99467048856233,29.308451113923656,18.775962298989043,13.471390496113967,12.833847915020542,13.59458738207764,0.2821076626819194,-0.9593827529490744
2024-06-18 21:00:00,0.0,85.0,51.66666666666666,31.0,8.0,20.0,54.94101424923203,43.03526567639836,5.934071343347087,5.971109378205547,76.18784909275581,79.17363679380016,86.72247676934778,89.78696554089163,91.40403428588849,91.775278519969,92.30062985353096,91.87175848709812,88.59452189224706,82.12715012758976,73.1585054765782,63.09911958961604,52.28632207099334,49.74824834558088,46.54849733134965,42.90040466703366,38.90509957422943,34.688320475485845,33.32618041535526,32.66640849875952,32.952300839884785,0.2154773150467301,-0.976508846196619
2024-06-20 21:00:00,3.0,81.0,30.0,40.0,12.0,32.0,39.40101558954868,22.2353328161912,6.195194133453755,5.283381685690113,49.8536728119842,52.06835923387393,57.54370315087075,63.78877971639524,64.65209930129862,56.01562379826254,37.73307718135665,20.94519659455995,11.071807471503131,7.454455707709694,6.653479424424641,11.378756177559426,20.46488284168713,39.02245395567293,58.49085120358099,77.94094427861776,82.53353667122643,79.43640365742213,70.31473359671878,58.28187657223296,57.4324480308853,0.1817597875913753,-0.9833429613388902
2024-06-21 21:00:00,2.0,75.0,33.0,62.0,8.0,30.0,30.62125560682108,15.150711928313362,7.456943641478958,5.109653060322418,37.93676661110491,39.62618658967025,43.74512292096478,48.83716855320148,54.54353586803901,61.4276407954668,64.28758739124368,64.26063932853197,57.301705005723726,44.64049170097072,34.27860114637218,29.64180046100705,27.057567690660463,24.85992592449129,22.70810828930692,20.709891390888977,20.170346909975407,20.55165479932,18.18202382290732,14.38651739757737,13.799356243682649,0.1648178466571979,-0.9863240225317866
2024-06-22 21:00:00,3.0,78.0,56.0,39.0,6.0,25.0,37.51600687661515,21.39190776875548,8.859626286005016,4.965275647282633,37.25886324058617,37.758210726068526,41.35386889137989,45.72346127841244,50.78810213558275,55.723093592250464,56.43839752316006,56.07677229839461,57.71241048418874,61.594934225135,63.7626575938667,66.26075377140239,68.98618449240963,79.7384563027348,86.29804509357815,80.0343114756725,57.8483414807629,21.781157432906227,7.414497548195626,2.7731437572408333,11.603920387721358,0.1478271334705304,-0.9890132145779884
2024-06-23 21:00:00,-1.0,62.0,86.66666666666667,14.0,10.0,10.0,77.82269412380828,40.509519477567714,3.798823795590279,5.098380752314592,97.0355344455903,96.40153177002298,98.55438738958397,98.49661992464448,98.59201115771702,99.20864002772358,99.12934864050705,98.62916510190472,99.78038823984916,99.63523577868862,100.0,100.0,99.24378497252016,99.12769300750178,99.21763888586813,99.82292275191244,100.0,99.6604180353904,99.52463151744756,98.67129597321656,98.47772138725844,0.1307926758567592,-0.9914097417023038
2024-06-24 21:00:00,1.0,71.0,61.66666666666666,32.0,7.0,6.0,54.95084226417701,28.016399041413443,6.353239753138111,5.762789095625647,72.2928396364842,71.73935723943089,77.52676309023335,80.86961141168277,79.68295764504653,78.43187849924344,76.53534245817777,69.52067146175028,57.928647575499525,49.030656261958725,44.84591368371899,44.46400772455328,48.6254054708344,57.34961785016935,68.16329898548652,76.82978113877698,82.1409745580372,77.75762642329549,75.36964634406884,75.05840462213986,78.02174620476467,0.1137195145859496,-0.9935128947338008
2024-06-26 21:00:00,-4.0,74.0,56.0,24.0,11.0,30.0,53.405642578269166,31.56161352964754,7.633589883323588,4.763021128937329,57.91818046349088,57.57037851822939,61.24862441124193,66.69524129186999,73.02269916460575,80.31833821441785,86.86834011108549,89.66080508036181,92.8565025988992,94.20906544916346,92.64898511324137,88.838461945441,87.640460414308,83.02782490218115,75.63726893681675,59.31565704665592,42.07248776754333,23.295717749709898,10.654691022393624,5.576409908161206,6.601922474934592,0.0794772999236209,-0.9968366760893436
2024-06-28 21:00:00,-2.0,67.0,15.333333333333334,62.0,10.0,29.0,37.19057873870329,12.785286999608784,6.921463168742012,5.665963594431063,49.90911452204274,50.98425057819742,56.091766365906416,62.5694173453222,70.24948232776553,63.16823185225069,61.222591551589325,65.76678338854266,70.22116416867641,69.96971051447899,60.11692067289158,38.71532129523329,15.585263917939308,11.924022106598224,10.233226608454958,11.585137719881072,11.450175462455595,9.86467727640666,8.551492901558879,7.091697944589106,7.77513714047009,0.0451410177739719,-0.998980624694158
2024-06-30 21:00:00,0.0,71.0,45.333333333333336,32.0,12.0,31.0,65.83068248854447,31.33649301547399,6.309444002589401,5.578792945604367,70.54807625218803,70.7653763006601,75.13597478259176,72.31942035947309,79.65366380952203,89.14306865669148,93.10181131776038,92.88626561031596,92.63008815019968,96.09416566098764,99.27879500478598,98.1658517822411,87.08869119311437,80.27074238494946,72.80881178056691,60.17578522003828,48.65622083141384,38.2485333160706,28.406465040239336,17.934585784833068,11.831928002199431,0.0107513077635219,-0.9999422030204416
2024-07-01 21:00:00,-1.0,73.0,0.6666666666666666,54.0,9.0,33.0,38.1466996737977,15.841043881083849,7.550637301998551,6.067782251916688,41.71385849695505,42.432161594554806,46.388970974591,51.76579717796841,57.47376783374495,63.65693178279832,63.22222633204757,57.68498203900416,48.86417201559934,39.86135266748475,36.817641782930295,34.29965500811639,31.67877640059874,28.58059745848519,25.06550855558504,21.495234894037253,18.171527570788548,14.9718593465522,15.028231263871913,16.746203795972722,21.003141646729823,-0.0064508641981051,-0.9999791929590824
2024-07-02 21:00:00,2.0,79.0,18.0,60.0,5.0,33.0,36.30114349212663,22.425328086101263,8.508972457213996,5.391076730409423,40.20704769679509,41.79320921322549,45.93697109724304,50.7576518220919,56.49694090608307,62.850841705979775,67.43922813020909,68.56688326262153,70.01376702161411,70.9136907294727,67.64869869234057,63.30306469356684,57.48913794011033,51.91184260417499,44.2197011881664,36.05291065617608,33.382531250976434,33.2760377469203,27.73700911413949,18.69524121358537,12.588182653215938,-0.0236511272452315,-0.9997202729664084
2024-07-03 21:00:00,1.0,79.0,60.333333333333336,36.0,10.0,18.0,39.089661138968665,21.582506102472,7.87715215644492,4.200363776752826,34.81256401901114,35.06677931061043,38.188232817611166,42.23076341825722,46.72623032079121,51.89958080551359,57.87629539946118,64.56685440006473,69.13068889250032,68.82633293201951,61.18629144948895,46.50611434298396,28.689523639338567,17.748673170981238,10.812309999964445,10.272950081665185,12.28450533190158,16.466409714091377,33.03841000784137,58.389151308849286,78.69000967486349,-0.0408443915432961,-0.9991655196610107
2024-07-05 21:00:00,-1.0,73.0,47.0,34.0,3.0,29.0,61.52503590574808,37.63741131658731,6.641338210119256,5.093226034713153,70.07239958418232,70.13684717941052,73.05661952345427,76.95805848556547,80.64184749655067,84.44509627393418,88.28259177163905,90.06756083178709,88.55480053130282,85.12771175401276,85.59637596827756,86.19778039162601,85.73853632871842,91.7835196163538,97.44869072668752,98.45334504162253,99.48052406191856,99.60349516611926,95.669250903852,85.30625955997976,85.26559328031541,-0.0751895764147585,-0.9971692572470178
2024-07-09 21:00:00,-3.0,77.0,74.0,33.0,9.0,25.0,59.88201402804045,34.60400364696972,7.580353646213288,5.733576464881048,54.01540976745808,54.38011404104645,56.836762107115234,57.36936399797364,54.55749334617476,55.01149639068862,58.20421432737051,63.05724074912445,70.09438627701194,77.29691740951566,83.48076106659701,88.06317661691962,90.857350655032,88.60550931547628,86.29697357181514,88.00927169977739,89.8105425728669,92.5377564205023,92.86971396050455,89.59987163584164,83.78943553047105,-0.1435724234118113,-0.9896398128792412
2024-07-10 21:00:00,-4.0,77.0,62.0,28.0,5.0,29.0,57.80165089822067,34.49099635998185,7.541129884663254,5.430063002394359,57.85416745571512,58.40957742638629,64.3002300398285,71.27612441962181,78.85613470221723,78.64087773471827,75.73628388288898,76.44266847193,79.00086290008426,85.0864524364191,91.29008141433478,94.01769367930228,91.73237084783906,76.44903805407674,60.55736442691703,46.63070002840904,40.58634373734064,43.08664665386514,53.25352759491818,71.5279166292845,81.1164830187468,-0.1605745445949937,-0.9870237158387384
2024-07-11 21:00:00,1.0,71.0,76.33333333333333,20.0,9.0,8.0,73.23103879949284,47.12584322075784,4.454498360925985,5.167894787663847,94.95282811434792,95.1024035956062,96.8545000092434,96.74394737968596,96.90627070202471,95.53559512436117,94.75738229847114,94.60285748208666,95.35819383024868,96.53967075417675,96.9245445371541,97.30266085428596,97.30219997662267,99.39912204011004,100.0,100.0,100.0,98.53189730462344,97.56510388876517,97.53477460030474,98.5272874901278,-0.1775291491870349,-0.984115542601034
2024-07-13 21:00:00,-1.0,79.0,39.0,13.0,6.0,26.0,56.05889507838373,36.74253463055336,8.306584232387314,5.842085076049183,51.80073765549622,52.39817210722669,57.42464545298957,64.04703655593654,71.6969919089328,81.15170093641797,87.30316463564203,91.53491106811968,94.2929799900903,95.02463873251958,79.2417628281813,72.99989408939813,77.55456666738226,78.55267293103334,74.2038840459264,59.52257824776783,45.609682200111074,32.86916231579464,32.428683695410975,40.25981820514776,35.37253610908049,-0.2112757555821793,-0.9774264960104057
2024-07-14 21:00:00,0.0,83.0,10.333333333333334,48.0,8.0,26.0,50.972422488102566,37.17013138617724,7.725118513173042,5.181156723958655,56.11126788349018,56.47246970418909,61.8519429872683,68.40261293687165,74.84505335481595,77.04630113910441,77.71053005995115,80.95109955991217,83.25745213288694,79.32994457987681,73.7425147904666,71.41205753055942,73.20403180315716,72.741631506924,69.2253670722266,59.15135238767297,50.58423938863675,42.89104479866703,34.38017539804826,24.069640332187355,19.598141716223,-0.2280577712215198,-0.9736476020539838
2024-07-15 21:00:00,1.0,80.0,44.66666666666666,29.0,9.0,22.0,60.26760290646864,41.22139447584812,6.874766591413613,5.076817312073243,72.67463084233023,72.59090904881285,76.07143781308629,80.04333171585048,84.87595700177833,86.61229769949448,82.67681789316869,80.85150403643165,82.13982975459906,81.73435215737422,84.48841271122419,89.47425749674119,97.44439991516133,91.47816450529736,79.50076606774641,59.10397048223356,41.68215972468713,30.133998419607995,26.18311314396268,29.607244965702584,32.018133728167925,-0.2447723008972595,-0.9695805901076308
2024-07-16 21:00:00,0.0,78.0,68.0,23.0,6.0,21.0,68.98371246394646,41.16940655063695,5.954927058130807,5.340018719596654,80.80181723165455,80.59175340216387,87.11698965288662,87.60077316302747,87.83789162333355,89.70041921915329,89.37628639733971,83.51412603154095,76.13427434543365,73.02651614530306,72.62700537336663,73.12631566926167,73.31003026415222,70.15276805290043,65.37575386077692,60.121973635964274,56.2594752821238,54.469371724543066,51.72405442407714,47.83305440649298,48.24948622530854,-0.2614143985111562,-0.965226663665613
2024-07-17 21:00:00,-2.0,80.0,39.333333333333336,48.0,10.0,24.0,56.19500657655519,40.20077069878007,7.512795691435522,5.252453057809096,57.2769013969901,58.13580331798577,61.90313233345608,68.58964031628464,75.94292869027643,81.59326144046152,81.77589329864252,80.19887083541518,75.87576326949159,71.13164966222057,74.74881022054568,80.66120910006073,85.4387230820604,83.78373204285936,80.2270234958527,76.00854128010724,71.93604536702023,67.77132402768056,65.63009739824363,64.97348849908917,68.03399605010813,-0.2779791393987801,-0.9605871111248128
2024-07-24 21:00:00,1.0,74.0,40.66666666666666,40.0,5.0,15.0,53.405642578269166,29.78056101369309,7.900596236762665,5.035496130643795,49.836114398295074,52.21425097609901,58.020339783622376,64.46396570369922,72.16574212009198,80.26817587978935,81.67570076573062,80.92125561348206,80.62907042830236,81.30734375923582,85.70050412883677,86.83427800109585,84.56478106414094,74.48588355481897,67.49323270727875,63.56089250122088,64.85025637826234,68.22644602443498,68.49408324543808,66.39763289812754,62.63402533323858,-0.3913578365610259,-0.9202385798054076
2024-07-25 21:00:00,-1.0,69.0,82.33333333333333,25.0,9.0,19.0,78.40059031443495,38.11479928453561,6.37419907091528,5.795156600521826,87.64195803097684,88.01988680938288,95.37836234229644,96.61716973861272,95.28467684035787,96.69591587642476,97.18922786850918,96.34168921618948,95.69470215099892,96.26513211921234,96.7594890213916,97.18227441601402,98.64351478268108,96.73043023756355,91.79690749018673,82.48716629759774,79.38419171170669,84.34387717184829,87.03933178791023,88.53611017952936,88.59808818230923,-0.4071294853542516,-0.9133704517637858
2024-07-26 21:00:00,-1.0,74.0,16.333333333333332,48.0,9.0,33.0,47.87462530153812,26.29666244542484,7.147695176677099,4.256437444615466,64.10454630557435,65.03414725961211,62.38271293000734,68.05686351759907,72.20857116383236,76.0687655424401,79.95148336420674,81.8398060276109,81.28342886461807,79.22907057114371,85.55425544307006,92.5753252788981,99.9385254386651,90.56682766504184,69.99839326101545,33.590601715848564,16.057334053989386,12.10460826659287,12.36829776281397,15.430824312334652,16.984094294181336,-0.4227806579826773,-0.9062320427107696
2024-07-27 21:00:00,-1.0,79.0,12.333333333333334,52.0,7.0,25.0,40.553425717581085,22.96073106849349,6.325721453311745,6.309514736726261,44.840418898563215,45.88369112659176,50.699387075507865,56.48612717042097,63.0666185849037,69.42796914108415,67.61769688211723,59.33768643815653,44.43055055084229,24.455346443248704,15.998544065973396,14.710428083072156,18.258467429441723,26.158426986001803,34.172415382144,42.17103200762281,45.84739858210636,46.18905959746039,46.47343171401951,46.594058674533095,48.34854958585253,-0.4383067230125192,-0.898825465016444
2024-07-28 21:00:00,2.0,86.0,9.333333333333334,37.0,8.0,23.0,43.13633453971857,33.01563268073653,6.188816947172822,6.4621090473824,49.51177633924746,50.76864411953834,56.388984498292686,62.75863828012205,63.843049984082754,58.163401575255534,47.30540278783582,40.39842756367849,38.37287528763781,39.43460037488765,43.10524958798451,47.12285711706959,50.65882103758376,54.26985254497537,58.03827548296897,60.65520915735995,59.3854690387438,53.94553095583559,44.37916639296721,31.99380086098423,23.665092713484835,-0.4537030860313442,-0.8911529104063088
2024-07-29 21:00:00,-4.0,80.0,27.666666666666668,33.0,9.0,17.0,56.19500657655519,45.60392034258033,5.331072469693341,5.74820916035194,72.79880005314908,74.22851320726278,82.48913175767981,90.58551249649788,95.76338278961906,95.82803708520689,88.05921091131057,80.70372533383926,76.34265579369125,72.91249165555837,68.0278970327272,64.67052694964394,63.23784584082449,68.00768502406198,72.15625058835752,75.531849063516,77.90072675020997,80.11699141102977,78.67332345968364,73.51475865772437,57.24553310121365,-0.4689651910076318,-0.8832166493127127
2024-07-30 21:00:00,0.0,73.0,68.0,18.0,10.0,19.0,73.42344683897738,35.88467347519373,6.4733472372255605,5.967146482655016,75.95843766265983,76.53143534938218,71.61281927425091,66.21699829561963,68.05864877565955,72.8977830575375,80.05282088409328,86.94286221015838,91.03761890588464,92.14827606368672,89.73659338063206,84.59535203520218,74.92478776796526,69.27649325371961,64.93392842726804,67.36123077419683,68.55398328231233,67.07398124675069,69.05006503166136,73.8156879848844,78.81153645492653,-0.4840885216389758,-0.8750190302029955
2024-07-31 21:00:00,0.0,78.0,79.33333333333333,28.0,9.0,18.0,66.6367864988586,42.16009802338758,7.232266389442376,5.228709537616484,60.25089859745479,60.479769580583465,66.5738835371394,74.06995784694615,81.17685955699457,86.1560231071878,90.48266504603777,92.41753451141746,88.58705941981064,76.3530881147596,72.50286900125792,70.54445272477109,68.64128005858151,60.29091713756749,52.27313212560857,52.392136535600805,53.78975388273776,56.7398526656129,58.63428126761524,59.53509886652928,66.78721556103388,-0.4990686026885319,-0.8665624788845385
2024-08-01 21:00:00,2.0,79.0,66.66666666666667,37.0,6.0,33.0,64.4789184655231,35.90160049056051,6.513242568451508,5.719011260713018,62.36131204933334,62.53231687594006,69.0386166386326,76.7897433159115,83.50183370696459,86.84116356321013,87.039171947386,86.28948188223534,85.31115518595134,85.56140034824885,81.90086859981248,72.52046109604471,57.1203743776328,45.87408451689867,36.07688629022206,33.34888328401304,30.51185320979274,27.033737067746927,24.0696998932357,20.943118444588773,19.780959205588097,-0.5139010013093103,-0.8578494977869301
2024-08-03 21:00:00,0.0,80.0,67.33333333333333,20.0,6.0,21.0,64.59707555210858,43.911266932168616,8.16149409086186,5.481440765532581,53.91720439446714,53.73043424148332,58.84662172479733,65.20659538022467,72.79375083209739,80.93296451117314,87.11042987279377,90.2758229679558,91.45702422056463,90.62200053326202,85.4104172775284,79.59179695501213,76.523566754225,84.6350587121725,94.00838419917322,87.50714521634362,72.41724540294416,47.12614143081138,31.09596390829848,21.66685071171925,18.78353202397171,-0.5431052396834317,-0.8396646346181327
2024-08-04 21:00:00,-4.0,78.0,44.0,41.0,5.0,31.0,52.08036239906159,30.396079606689668,8.065455396028113,5.326381919453596,41.081723336142986,41.14357254556379,45.61014986051528,50.65342392997959,56.35888879038918,61.53612934517351,66.27324585774504,71.85549923629168,76.89692579120405,78.85822725391264,72.38482080029392,67.37664716551991,66.06694972015357,66.93402714302184,67.70474615741995,68.19677362869005,69.29172552694499,70.65250887702408,70.99766589562716,70.00724789373913,63.65862926926506,-0.5574684374327892,-0.8301981337405212
2024-08-05 21:00:00,2.0,71.0,41.333333333333336,54.0,8.0,30.0,44.0094408849523,26.133929159206232,7.258995192134176,5.496492196504324,47.00010618333885,47.27351732560198,52.71310710283029,58.65199632281551,64.74976163666037,67.50106409248068,65.10239249148555,65.97651452573164,71.65422459070956,74.84623372969574,80.52474905049233,84.8932084785761,88.90871477842065,90.9153671136296,93.22835359366076,96.64122415859644,98.88542685973452,99.1727901197425,99.2976004767268,98.85418871040444,98.39970689948036,-0.5716666713027052,-0.8204859638785327
2024-08-06 21:00:00,-1.0,68.0,31.0,56.0,9.0,29.0,41.91408531636191,19.695517500606712,8.505310002749296,4.367646545470191,47.46171990502573,47.99407319946648,53.41896144864007,58.66248215069184,65.27687902719869,72.47949293033594,77.00043651628275,80.58076723493424,84.52716244631195,86.65262306764537,84.21896667912345,83.46713773888541,85.29155460122846,84.82825938005097,72.65365490149837,41.75677267948777,25.119318877081152,17.50334583429804,15.25587470383964,15.607462611799058,12.650502303802622,-0.5856957398073508,-0.8105309990194823
2024-08-07 21:00:00,1.0,67.0,6.333333333333333,56.0,10.0,31.0,40.18190030888218,16.081949048473835,6.149953427431302,6.704736258918435,45.935839803868205,47.07325439935179,52.685110758836906,58.75354709095719,65.9532709668203,68.08221318411823,71.82528388892084,74.15832532608006,68.23275488405922,55.162055978327786,44.46898081896405,39.4920625779074,37.737518430212006,37.523001153995565,36.85182933196489,35.78118080191617,34.48027354231907,32.7625740786316,28.870645332765022,22.54532852387488,21.286732960175268,-0.5995514915196489,-0.8003361849976323
2024-08-08 21:00:00,0.0,74.0,43.66666666666666,53.0,5.0,21.0,41.28775436548421,22.717512632226853,7.876005785828252,5.404251325879903,38.44369390400903,40.04401272398074,44.730748626465136,50.0849356154289,56.30692531736571,63.35848558978178,71.71332612066476,81.50916008054561,88.88814263053024,90.24330510897872,76.19385339968599,58.97982959118856,43.7134210435757,43.752939990768574,47.03469598019044,54.13177122112391,57.845408876163226,59.580127580272645,54.816758961511205,44.81507358618156,44.93812160102272,-0.6132298262997502,-0.7899045386224707
2024-08-09 21:00:00,0.0,61.0,89.33333333333333,12.0,9.0,14.0,86.67847979175714,42.00829972572773,4.337951459225591,5.338759543125623,92.92862742016268,95.16734821707158,99.21400460892713,98.34280631414464,96.5691943287752,94.03773995269944,88.15300080058834,84.07435336919085,84.4495763384445,90.03604807371595,96.16682529784016,98.54380258300723,99.94708428560573,99.00555609394183,98.85529982852776,98.34996002765052,98.98757715320671,100.0,100.0,99.31457302788968,97.16825877576969,-0.6267266965083301,-0.7792391467859886
2024-08-10 21:00:00,0.0,77.0,39.333333333333336,41.0,11.0,25.0,55.785085837923,24.805349799309127,6.034601819396871,5.780020945377326,60.60322220425006,61.32790591633381,65.00669374163304,71.26223891798314,77.88241734518168,79.62743374134428,75.11252108737749,68.26245464104205,55.58366910801082,36.202729232564096,19.971111426856936,9.419730587526104,7.301724555193055,9.955766866047288,13.850734207941052,16.645319413999612,20.736361996219976,27.07054764454613,32.0952359119625,35.94479978936391,33.50721747106433,-0.6400381082043503,-0.7683431655492202
2024-08-11 21:00:00,-1.0,73.0,25.0,44.0,9.0,25.0,49.51100320358757,22.112770033958903,8.024602768631587,4.971456943188905,50.60621979295521,50.879503614756,55.7275554014822,61.9207867123017,68.57887603505486,70.50607493648162,68.50845968446015,69.80796044392974,72.114693972972,77.9037789188619,85.1967868660827,86.72483255386487,77.94522966404952,52.11143139583309,30.46166243021228,19.14123115164171,12.655523528243556,11.543991529974669,13.074007964541424,17.193783182965657,21.58519842986388,-0.65316012232693,-0.7572198192083127
2024-08-12 21:00:00,0.0,68.0,58.0,39.0,7.0,28.0,63.14391642044514,26.33375583945673,7.836509825435077,5.570238068109939,57.75744112459379,57.92594105239838,63.57428950864935,70.47175943884127,78.19397322261985,85.95153320013802,92.16981135126034,91.6748719994479,83.97940954463621,82.61820883329113,83.8978025098008,84.98316755000468,85.31588034969026,83.34906020178123,76.81353341744753,61.41284254230174,52.73869193800076,51.75918936694973,51.78906973261186,51.35399740952595,51.01375770594871,-0.666088855860977,-0.7458723993404063
2024-08-13 21:00:00,-1.0,76.0,20.0,51.0,10.0,33.0,48.17457101146339,25.21528803074152,8.191457933995387,5.834626679725192,51.24417693393114,51.55132312380199,56.42272507425966,62.64974733872625,69.47051341887939,71.17322773689243,68.31026420153911,67.24038107705933,66.49240018556853,62.543772990746994,59.10592922990072,59.72060435493456,67.51408494350015,69.7507379351414,65.46200236508908,49.71003307403624,39.65728539848419,35.9991353619764,33.464610011480964,31.38567873507185,26.10501652363123,-0.6788204829862355,-0.734304263829602
2024-08-14 21:00:00,1.0,73.0,54.333333333333336,32.0,2.0,5.0,57.26296650219611,29.875322873057,7.717332376505001,5.632148440099761,66.51646455105084,67.96985693975972,74.0855944692441,80.88544972303882,88.71701744110604,94.27060325541024,95.85794146710836,97.70203936024636,97.44565406086,95.90070704664303,89.21250913084208,84.54018394601931,82.13909828922645,74.21141317691917,65.62969892855412,60.72988758047965,45.92388980426068,20.20028911070781,8.914727982935986,3.3591206734124843,6.02877285970057,-0.6913512362094071,-0.722518835873311
2024-08-15 21:00:00,0.0,71.0,57.0,25.0,3.0,19.0,65.83068248854447,28.587914047012703,8.099753232575296,5.882308938541218,49.88207534482611,50.7943768972338,56.22013903491,62.810740163001945,70.3124587932715,75.76728298083164,77.12645027629263,71.77269311667821,65.05218760531652,63.96859770721147,70.14180327070808,75.60626887546259,79.49564946556347,80.10174918658845,79.40692241719817,76.53429722137513,72.0736112857979,65.27018238972474,68.19313825839238,77.92212365622542,83.51993788693193,-0.7036774074790128,-0.7105196029692745
2024-08-16 21:00:00,1.0,74.0,37.333333333333336,28.0,6.0,19.0,61.6515616294066,31.267381470067203,7.230557274325436,5.820235404998029,50.452943086742906,51.38767202885453,57.17567023444282,63.701638733557466,71.07945955251479,74.64710724771648,78.89494097385423,81.41608755495776,81.22132665373165,78.03233871284226,72.26630674412168,69.47571501131655,70.22940514257394,74.68700325010128,77.34845982855828,76.64866325524673,74.12942232116407,70.03852531650972,66.86979943256156,62.99259197430988,64.95221304614267,-0.7157953492826642,-0.6983101158835584
2024-08-17 21:00:00,-2.0,79.0,52.66666666666666,35.0,7.0,20.0,56.05889507838373,31.831819402242576,7.467883152239165,5.825052578631994,55.963107071907125,56.75201390437052,62.92262944124795,70.1993773459348,78.63212327296507,84.33202348205089,85.90050698969442,88.08095703942705,84.00639573881637,63.65592550575903,56.07144869420495,50.00135323923514,44.8404832706603,38.47912475863047,33.78147324067988,32.96792434176753,30.75044816852697,26.233667821240285,21.62272402076739,15.94137309197406,20.89197440773997,-0.7277014757264236,-0.6858939875998223
2024-08-18 21:00:00,0.0,71.0,75.66666666666667,31.0,11.0,18.0,65.83068248854447,31.6330911654525,5.645688102923531,5.724104971577456,65.89883728377343,66.54568881385161,73.37258411577642,80.66890456801485,83.14037866147886,77.34968507581107,64.97188144898055,53.6292383189919,48.04601270669822,45.11607678699998,46.4142022815582,51.7504192838221,61.14601872168192,73.86428782348091,85.22316476244572,90.18507442344072,86.26456699981807,71.56143245797017,64.39737306012424,61.04610531488773,63.27633201119616,-0.7393922635959241,-0.673274892250183
2024-08-19 21:00:00,-1.0,69.0,84.0,16.0,8.0,19.0,78.40059031443495,41.68719969036531,6.287506556542874,5.398636787275163,75.29313904377932,74.98809520953817,81.01878983639288,85.25092762488933,87.40017434968883,91.720890975136,94.35353552076931,94.5710623252921,91.83734730962628,90.19041449312944,90.43213398048078,92.55716667050102,96.99984881228366,98.69227409804506,99.7818994969035,100.0,99.84535364682634,97.08895435583858,91.62943254464513,82.94309413891514,76.6833054038836,-0.7508642533989489,-0.6604565640279754
2024-08-21 21:00:00,-3.0,58.0,85.66666666666667,16.0,8.0,5.0,80.3969531641842,27.09785521353229,4.815530929323448,5.238676343550605,89.5038316520191,91.33278198437364,97.00478294218884,99.70754349734683,100.0,100.0,99.7684556350696,99.72683254131604,99.65859384385774,100.0,99.9154655255554,99.79940657722524,100.0,94.19911214254734,71.2332018251685,26.22026140620691,9.139444228752412,13.23704943662563,18.64910761714337,25.675067261689133,27.889514993814856,-0.7731383255706026,-0.6342374393978054
2024-08-22 21:00:00,-3.0,63.0,60.0,30.0,3.0,11.0,69.83810002631913,22.842815113555258,8.075609281648257,5.652842173651531,62.827655966699616,63.59760032618493,69.36448444342045,76.84744498557588,83.60125695142418,85.33107924072414,85.50295330736702,80.66754316883612,74.88726533358677,75.042150905327,80.48501150096283,88.71880701760533,98.8156210030876,98.73715900996906,89.55105161702488,66.25155146135654,55.67787902924831,52.63490086056809,53.01781636200906,53.8300787046497,51.93921535157866,-0.7839338166829201,-0.620844401650647
2024-08-24 21:00:00,-2.0,75.0,26.0,27.0,7.0,27.0,55.50914990713619,29.26630648882769,7.680687114687436,5.193726800522746,57.54408731124555,59.144446480672016,65.44564114908734,72.90584893146065,81.46566512391527,85.23886113729553,89.74688860013107,93.34007352359426,88.27282158568102,74.11773330098825,66.60034418190406,61.49372629159664,57.22614017427104,50.40212356694978,42.49386058191844,34.093140719768115,27.245021946616603,20.977050446516827,18.020795983202305,15.806694783057193,16.860236159898676,-0.8048257371083452,-0.593511190196115
2024-08-25 21:00:00,2.0,72.0,56.0,17.0,4.0,25.0,68.33135540319206,34.71149786392487,7.414757955286072,6.2413650369478,56.32853718810491,58.69096036994672,64.94865159474853,72.33816147182695,81.23669890777408,90.53131968657148,98.14872958364548,100.0,100.0,99.87473068691656,97.01906643608402,90.40143868891444,82.44802302016332,78.44046358829019,79.24956882013552,88.20453088089477,92.22833061639452,92.85215256285008,84.73883499646992,69.85396269663147,53.22393644572303,-0.8149159841660791,-0.5795791048257612
2024-08-26 21:00:00,3.0,73.0,32.333333333333336,32.0,2.0,22.0,66.06364883160035,29.7292305086318,7.737652626422148,5.596059214465969,55.78183573215165,57.429471216427885,63.7396530453845,70.65221872537163,78.92195517234127,81.03638501134623,83.39905266552144,84.12835865982025,82.07991717298458,77.31475992162419,74.7389569241085,75.26209538256475,76.33037196466135,67.1845343274704,56.565159933842445,46.54648580555324,41.22037545259112,38.16868781908072,35.38770799993877,31.750014517496343,27.940978427499125,-0.8247650844733614,-0.5654755126737576
2024-08-27 21:00:00,-1.0,78.0,38.0,38.0,10.0,24.0,53.97125809200247,35.02875095219785,6.921747670125831,5.387144661748712,53.89483894102196,54.35538858638546,59.90212126946044,66.3199340855136,73.87100014592434,79.89629372601533,81.58140010210026,74.59068675472098,62.70275587579817,55.75456950908752,58.08350178995163,64.18996789076311,73.9869942028791,77.91424687765561,78.6424865144541,73.42923056751734,67.90472504030409,62.810202062746335,59.99388448778296,58.4936749329529,53.02289613716445,-0.8343701235229537,-0.5512045872199277
2024-08-28 21:00:00,-1.0,61.0,35.333333333333336,42.0,14.0,33.0,53.51689345100418,13.803572413383469,3.200021101842485,6.314327968639138,62.57000480585173,63.85387692949921,70.83119856378755,78.66982984605639,85.81395337816478,90.44453910575704,82.24582143942195,64.69544976154235,46.90907686333012,32.877140276639444,22.810951795696504,14.966432868595689,8.36502825110526,4.555478459673123,1.6521835456924334,0.7772977892592817,0.5569853557643698,1.4173646127869886,2.568307041468925,4.163119555896009,6.953194516052963,-0.8437282590292712,-0.5367705514607103
2024-08-29 21:00:00,0.0,66.0,2.6666666666666665,36.0,7.0,34.0,43.226431411633484,13.022175933102602,4.83259541783225,6.673305631090691,46.67816659808684,49.53272286416539,54.91642197315648,61.0797592796624,67.12124401238476,54.70021251032268,30.878378770719618,15.973202084028236,13.046290935046272,16.780822387966413,24.59412584627151,30.16952519039464,34.02385435960092,33.77137230096347,32.230633737520726,29.392760237697523,28.23895043826605,27.368139421132355,27.14064029233782,26.0709371302564,23.23004143805721,-0.8528367217694595,-0.522177676659508
2024-08-30 21:00:00,0.0,72.0,3.333333333333333,33.0,9.0,19.0,44.16467907446139,14.561810811306213,5.42260410497329,6.263362066017873,45.43140326115329,47.45552080186045,52.8838938892073,58.62249000422198,64.09493675163084,52.74267115972053,32.896410891083406,21.439199860197643,17.91550054408613,18.883050002954533,20.346040615923773,20.23842239705237,19.45011175496396,18.239925209955963,16.645488875347766,14.580118365660436,14.770363824701956,15.918735666079344,17.8139481890064,20.15885111917113,16.20518995547461,-0.8616928164028521,-0.5074302810827518
2024-09-04 21:00:00,0.0,73.0,12.0,35.0,7.0,24.0,53.262920322678845,26.47347382478861,7.398913665710991,5.572639242236673,54.1668485855184,57.72339742665591,64.21614352272942,71.60353122634923,79.87694448344669,80.04393152132239,83.01438577789202,81.22819978704034,78.15278036489028,77.01927281568301,79.65015744279032,81.07544606220513,78.99978386815552,68.63310700872374,56.76258757286057,42.942021322884166,33.13191022468331,23.456167940270443,20.716136541152768,18.97091322086468,23.012602194646743,-0.9020987014301836,-0.4315297589714714
2024-09-05 21:00:00,0.0,77.0,4.666666666666667,30.0,9.0,22.0,46.60179661221788,24.30852199415679,6.588778391154286,7.032784631254152,49.37998156108503,52.42327005520016,58.17247507183807,64.4694545803204,70.03092542859292,57.78522930681793,41.916093870064266,38.16862745424016,39.75846821482291,43.13355387352262,46.64439715256176,49.94898807971198,53.875072002472656,58.17933531254733,63.14973677000272,68.30962949382265,61.8792229500746,47.2630001094233,31.43594465459175,10.902383142909136,6.572718603811746,-0.9093882203647924,-0.4159483918249421
2024-09-06 21:00:00,1.0,71.0,8.0,36.0,11.0,17.0,49.21267513574142,17.820432121072383,6.366176583700537,5.285595343713204,50.93520912498427,53.13010504897861,59.29355374260299,66.53510533952017,74.7207337635367,83.63218792215235,83.20530686134212,65.79490769113664,44.089451150438094,27.72273733592695,24.84229522266537,24.74979096029457,24.847733615500744,21.110391563309232,16.313387519718482,10.719855263638342,6.970355252765812,3.9896168811918646,3.407507389146197,3.6798902737961567,4.268977722953227,-0.9164086366943458,-0.4002439388573056
2024-09-07 21:00:00,-2.0,62.0,85.66666666666667,20.0,10.0,7.0,77.82269412380828,33.496369977838135,4.0493552307373495,5.188520026108652,86.26845363140274,86.45256348277242,95.44292663982569,99.46099739443706,99.64531907165598,99.26371521513371,99.3180369190932,99.76252329552976,99.2894159821508,98.50289687944534,93.92605751475406,90.70666488863203,91.44605185999228,94.11287511746708,93.89801267092336,85.88664443373784,69.1475846948816,41.07813015622889,29.709837929635764,30.183635273547697,17.284237562690944,-0.923157872964704,-0.3844210472688554
2024-09-08 21:00:00,0.0,57.0,48.66666666666666,42.0,12.0,24.0,52.92776252076165,14.063810112393474,5.601225735549774,4.210478451211432,56.41720850196328,56.330215564591946,61.26932196946496,68.68011313182919,75.999158312278,80.50382286507867,85.5987282542486,92.48466010049052,99.35980351111478,99.45133872796616,88.4154675038036,65.29565147530418,32.111593164994225,19.264120162474043,11.857177010095407,14.062867285664696,17.492587298980315,22.454608670537027,24.190317619543915,22.39843440488493,18.427007315748405,-0.9296339319682696,-0.3684843993077793
2024-09-09 21:00:00,-2.0,60.0,76.33333333333333,35.0,10.0,26.0,57.60383842232024,19.389199858999664,5.959476023850093,5.189877501164956,56.69597979207873,56.85691114973298,63.22826190319649,70.83514856597468,79.77398510583494,87.4991495769879,91.73944939742849,94.06533121687916,93.15108001519634,89.68858134951067,84.27800014344491,78.20782580468045,70.41209427379856,58.49438116054744,46.848440633740985,42.90317571600948,42.86042893096253,48.49316473644868,47.85538090274052,42.126902710763545,35.020795218435225,-0.935834897334994,-0.3524387108846032
2024-09-10 21:00:00,-1.0,57.0,72.66666666666667,31.0,8.0,31.0,64.13838211334647,19.531628209309154,6.4780159371506505,5.068612521665656,71.58531879498908,73.23559313658636,81.96575081412739,91.26373387552285,95.21873414828026,95.92588036783955,95.46597809880085,95.9463431477785,97.306851771975,97.34013847076882,96.01929505536827,92.03300352222809,84.78816103539116,70.5376064383631,56.839340324300224,47.23732908146926,46.06810944940529,52.794944473988025,60.55145520659904,69.5933776875557,69.67752901032895,-0.9417589340994617,-0.3362887301766828
2024-09-11 21:00:00,1.0,65.0,10.0,35.0,5.0,30.0,50.17200628072309,17.079902424347402,6.375481221367868,4.69666821566299,50.53318440619861,52.30981900821213,58.280131891222986,64.22433451386763,68.41410780811681,74.1663218165949,79.22766057297781,83.72007194578882,86.90037628904436,87.76235666295821,76.90064126396997,57.15803280213858,33.455864280083105,19.44633219680628,10.799026864785436,10.467300679769776,12.355264115726564,15.96353836521487,19.26979295630595,22.769577856523167,24.47072600655296,-0.9474042892438844,-0.3200392362231385
2024-09-12 21:00:00,-1.0,73.0,44.333333333333336,18.0,4.0,25.0,59.36035569550202,26.917772857539248,7.252072359823728,6.186717413552629,52.369726876667166,54.83603541851679,61.06494542306944,68.21150175499292,76.28919680749505,83.48013940275962,89.88125621422738,92.63748028349484,91.45464861301473,86.73155709067308,77.11765804089153,72.4196971065983,68.96778426244387,65.41870950633768,59.59769797393698,51.18416948361715,41.979118628048944,31.111920061116766,26.483559732270084,23.46554811776906,28.08197122472924,-0.9527692922168512,-0.3036950375106588
2024-09-13 21:00:00,1.0,73.0,33.0,29.0,8.0,33.0,61.52503590574808,27.494948953178582,7.157222049850648,5.958307916385479,58.41541153435158,61.2613435707048,68.08824960381196,75.86858711931258,82.35973156687248,87.36292458176202,86.8247492997472,83.05492732881909,80.06375134425541,78.03015721690946,76.06052326838623,71.25492887456132,65.44874840617462,59.08178221429329,51.431927130038666,40.51857639419077,29.37159706277464,16.32550688635018,9.029950579291334,2.117905579402987,2.7066185471006534,-0.9578523554276668,-0.2872609705505963
2024-09-15 21:00:00,-1.0,76.0,14.666666666666666,25.0,4.0,25.0,48.17457101146339,21.36662556142096,6.779479177539781,6.011718007848223,44.332564541512376,47.05533462981696,52.31030350318476,57.92298817924859,59.44127994657792,58.6743898625932,46.95405831300006,36.9814545765508,32.53061590341364,33.15126259372579,39.40382930660186,44.67360398053397,49.202633679919565,51.11257239583675,48.51540709161803,41.24783326977598,31.75494698196607,20.44360680806662,15.010718367183069,10.364159101070294,12.035132166376869,-0.9671667297977312,-0.2541427094613622
2024-09-16 21:00:00,3.0,79.0,5.666666666666667,24.0,10.0,25.0,50.39386827036606,25.438972647710816,7.148089004819691,5.475037541771143,49.99371808473865,51.75708924996848,57.037680932246325,61.54886858672195,60.71486270409206,54.41182814465797,44.3488397505234,37.208111849621176,34.04073445193519,34.57211775132971,40.2967755563794,47.32120569607872,55.32155897668469,59.25032496394965,59.83633362762447,55.81802996846108,48.63787930115336,38.70066277153824,31.80940134462421,24.798029566149392,23.867671258748363,-0.97139528468375,-0.2374683155584684
2024-09-17 21:00:00,1.0,80.0,10.666666666666666,29.0,8.0,28.0,50.5392550224599,31.598199023544403,7.441993217416965,5.811886756075662,47.06867097534813,48.2255225888494,53.484763925865785,58.93800582255038,64.58131635677088,71.04623568943536,80.31630489051398,87.66373464592078,90.2573350895798,87.2744647336585,80.16618679510607,71.93273205520981,61.913897574185086,51.12074412832853,41.63569535927552,36.97114911862922,34.1383472709151,32.988237495117495,31.354790045755745,29.183322527145684,28.27302924131086,-0.9753363880767836,-0.2207236509605022
2024-09-18 21:00:00,0.0,79.0,20.666666666666668,25.0,6.0,26.0,52.22353196842017,25.98507769358974,7.400031957632506,5.557068379007641,46.4038268466544,47.32682454112472,52.45449630996424,58.5034879246794,65.17715285404869,73.46631535025209,81.22295265228418,81.52060334062456,76.900743843701,72.5735277610681,54.04358082222341,39.14105965132983,27.41325964334525,21.883697743564724,17.35752738048813,15.68155816248014,13.710793403156254,11.291843268067767,8.882927562054741,5.984762659502926,4.707461982937629,-0.978988873740932,-0.2039136706831147
2024-09-19 21:00:00,0.0,71.0,70.66666666666667,18.0,7.0,5.0,65.83068248854447,33.7096245192614,6.490170754135594,5.57520101475596,69.73886787579242,71.44498949923546,77.62440375095372,79.89906210181506,87.48046366683815,94.56775748004924,97.88119152258388,97.14628076285172,95.24259363927544,95.10339863975506,97.11279007242014,98.26374421045884,99.68856240772551,78.13426283598046,56.35798824658631,38.95417279373788,27.67166556361576,22.42582162073694,18.252250065400982,13.719779905847115,14.757051502486096,-0.9823516608469236,-0.1870433490699165
2024-09-20 21:00:00,2.0,66.0,8.666666666666666,38.0,7.0,9.0,48.45795100926463,12.53890346350688,5.040965850670211,6.3076849031348585,43.231717231575786,44.88555265443177,50.25968031613631,56.49032201696274,63.37451030130219,71.651593837048,74.48493223944298,55.71907051119132,33.34638140386221,18.149012828252133,12.339711946615877,8.99766104055921,6.391632582241686,4.898055122291249,4.283527656873391,4.935063135901138,6.162782659898118,8.01417255116299,8.615627998932714,8.757109681057571,8.363772882117818,-0.9854237542919524,-0.1701176783204905
2024-09-22 21:00:00,1.0,62.0,35.0,30.0,5.0,11.0,57.88027759399017,15.794506381479176,5.649251932219836,5.202664792665054,54.86192329962244,57.33250953722349,63.90461787617125,70.6718338831773,69.611407129425,71.50600829688184,74.32446965534801,79.71528269150437,86.51075644046972,87.61305065281394,66.45677097061174,42.12648745328018,23.598590291737047,18.26155712061907,15.079543912373673,14.2358210014272,13.816364707436476,13.743875703460851,16.431753738862863,20.65638352945273,19.88004583923786,-0.9906923101615608,-0.136120338622667
2024-09-23 21:00:00,2.0,61.0,69.33333333333333,30.0,3.0,15.0,55.59417457887699,14.581073139302678,5.237288046220328,5.808588699485639,49.20424852559904,51.329357056162536,57.62104080954603,64.41276900804209,72.58200301522587,81.4129735964858,84.06461939556242,69.78062359158287,49.93833024344474,34.75252999541772,33.25924254532429,30.803286822974663,27.83801680850685,24.660871481482783,21.70599028636893,18.966981053117863,16.800152840670922,14.457988642159098,16.537814183973655,20.77291907426248,31.102553567832185,-0.9928872135356962,-0.1190587300340498
2024-09-24 21:00:00,-1.0,63.0,20.33333333333333,33.0,4.0,12.0,47.99897869343753,13.373391117643548,4.984600880773907,5.921099392809212,48.63232278265679,52.10901527260464,58.26408528654442,65.51789406448691,74.02050939535879,83.2040820180763,85.76912307046973,57.45074353199171,30.5190746982576,13.498699157701028,7.156982445631156,6.139430020346602,6.476377642371577,8.30889520749283,11.42297886974759,16.036881730072896,26.87907012163337,42.95345069376094,51.72943577567395,60.43598843927855,51.92904507996025,-0.994788305609327,-0.1019618900517457
2024-09-25 21:00:00,0.0,59.0,81.33333333333333,24.0,7.0,14.0,64.3868891219303,23.505932467194064,5.13080803083772,4.847801768965431,59.62906670636849,63.22162011338882,70.49202831850441,79.41045768971992,89.31961607003839,98.5921806879476,90.38502190767277,65.92783860778161,57.4685229713587,57.0262161787523,54.16403161761656,62.50253493788256,74.42536452056348,90.0641955949562,98.2627560698486,99.76482282168152,95.94090313004456,87.78533681435202,84.45750082429683,80.28468553532005,74.88193242695985,-0.9963950238187232,-0.0848348779057653
2024-09-26 21:00:00,-1.0,54.0,91.66666666666669,12.0,11.0,15.0,89.55763571220754,29.335278965756054,4.29005509923854,5.087460493487442,96.66148357115306,98.6595377860916,99.58866417833532,100.0,100.0,100.0,99.1686335876504,96.80189644796911,97.18615293146652,99.80304021778444,99.65663502647152,99.45675891267298,99.5310857031002,99.5551015206424,99.591843117355,98.04521725278036,97.80104413716424,96.13335771553884,96.8920221183291,97.6290146691736,98.11371107024094,-0.9977068927101168,-0.0676827617545516
2024-09-27 21:00:00,-2.0,60.0,67.33333333333333,17.0,6.0,2.0,80.54849897554632,24.031111373387866,6.2370493794956525,4.38326227414467,82.6671654750831,83.65954286704265,87.44716340198897,90.42942447266806,95.07513322142744,92.09589412522386,86.23569064070968,86.76526406847319,88.9985370475847,88.142348116101,86.03647456432128,80.25749404008454,71.60625865000092,56.21746432678093,43.99383581911757,37.0074311157862,40.73155189172296,54.2209984172098,61.7858279593452,65.88873583792063,58.15477493015542,-0.9987235240803972,-0.0505106171852228
2024-09-29 21:00:00,2.0,66.0,47.0,15.0,5.0,25.0,62.89408489266924,21.92857247851657,5.653998392482729,4.903351411998407,66.52801935731006,67.49442809371787,74.47551879446733,82.91950233217048,90.78947136833494,86.9029482661565,78.99271026973439,77.99800430504605,78.71830416008062,77.84649853911581,65.18726915632969,46.83812896552343,25.4174293754713,14.777669231071249,7.394639010025028,7.427704718013365,9.227104291629198,13.131185720962254,15.451923874686296,16.902510004681115,17.349716055184096,-0.9998699583618592,-0.0161265732706577
2024-09-30 21:00:00,2.0,64.0,15.333333333333334,19.0,6.0,1.0,56.01890312789417,13.324780386706204,4.693834608508951,5.803596116094601,58.086209439049306,60.10208486702887,66.39546015970015,74.28308374675517,76.39597839728836,61.81150102728298,47.37710661217377,38.42087061962209,31.95800485810236,25.51541158002945,18.000363772866635,13.164208359963704,10.148940534545703,11.420692179679383,12.955950562126468,14.810934101529623,15.462230951444042,15.43559273995202,14.993368933421362,13.863316924543378,14.413342471464254,-0.9999994220246924,0.0010751512827982
2024-10-02 21:00:00,2.0,58.0,69.33333333333333,17.0,8.0,16.0,57.3250988860086,12.457072666777972,4.257797179154959,6.296826677769882,56.28406755438677,57.74887735623474,64.20970798566637,71.92433520172668,80.67307589692498,82.68660534513081,61.06469102171641,33.8707333716251,16.981762483135803,11.060039365364563,10.473790007969855,12.81288148679377,17.324882974515592,24.073781829871365,29.939839261885865,33.50416843885736,33.70863278756696,30.966757286698048,28.299674692128807,24.794042715979085,36.295688802259605,-0.9993706508539968,0.0354725557531255
2024-10-03 21:00:00,1.0,63.0,32.333333333333336,17.0,7.0,22.0,53.80810032343676,16.87536561341901,5.7012217364832365,5.517636547509919,49.87606334241388,50.65784660027052,55.94880026845427,62.20094700500959,68.68976402525759,68.73456341484084,52.09555034437665,34.17203695328293,25.33300887218144,25.62757813762953,35.820620309451016,45.82850500041003,56.0902844478513,59.98580301840536,62.97540984879689,63.89846844815202,63.696311762393776,61.2347240626831,48.47879456949674,29.4664428252989,16.900154333406505,-0.9986126020839734,0.052658056924614
2024-10-04 21:00:00,-5.0,63.0,32.666666666666664,12.0,3.0,3.0,53.80810032343676,22.93435785308045,6.1162693664347865,5.807133115252719,66.50418780078353,68.80915259847791,75.93458067617482,84.40535514815247,91.16734166713108,94.63278031151448,97.27207635510192,97.78369834646374,85.38030079574203,67.48922263026358,59.46718345208492,58.63178897759832,58.43661042986148,50.40340267591687,46.720140233421766,49.18745359690376,61.77975358784563,82.02166813377714,91.3268851710702,98.92266897222822,92.9576485480452,-0.9975590477788612,0.0698279757298708
2024-10-05 21:00:00,0.0,51.0,88.0,19.0,9.0,35.0,79.85302117069055,18.92428851210311,5.121355909552067,6.497476747265148,84.15296050352835,87.11383931897045,94.98950311914852,96.40490473608251,96.62467484126644,97.17318319071468,95.46814263283936,96.57291914065983,97.28978868722416,93.6053548157429,81.56889936365013,75.21364532456779,69.10582336229048,60.56697299240986,56.89414317184522,60.13961667175869,63.63932106595202,67.49025165732289,58.88727629072843,41.554646214878815,29.42938256753641,-0.9962102997023295,0.0869772313136861
2024-10-06 21:00:00,1.0,56.0,75.66666666666667,13.0,6.0,10.0,74.47077718456157,17.680484230666444,4.821434796805023,5.009167738799207,83.34606491060265,83.55957306436017,90.20014296451151,97.86420539631476,100.0,100.0,100.0,100.0,89.16438937203138,70.39218256998058,53.75651721174648,38.90549658720554,23.99525773750063,14.746021201341522,10.522107292984838,14.598050326760523,14.904896835438072,12.385212953846096,8.268003039961288,2.4353927077858573,2.6718428225994164,-0.9945667569706336,0.1041007489354256
2024-10-08 21:00:00,4.0,49.0,73.33333333333333,20.0,7.0,33.0,70.98061815130039,10.603401069107209,6.574197222471747,6.511857208432277,63.92978861704132,65.6618101801032,66.64179765438143,73.11051223850181,79.1610237464133,82.77026620258256,84.0924655091144,78.40677086332255,61.449341822052375,43.27966767181773,33.90676037203797,28.7173932095492,27.534535769829084,27.3374319354598,28.10372104626032,34.409636370419186,38.58402556537319,38.174671362381225,34.17779643792693,25.798299890090387,20.2633091737744,-0.9903973200352558,0.1382503109109819
2024-10-09 21:00:00,1.0,50.0,42.66666666666666,9.0,3.0,21.0,60.81309463361997,12.613720596717943,7.865669232763757,6.3185186258168295,59.02396773090326,60.883926331973406,62.15900803328478,68.59329316976407,76.04301189597241,81.0187078660612,82.47882682172899,82.7137665068529,82.5399778022831,82.70386027436601,86.498203450064,88.75858277398314,87.80392386365897,80.3961377785027,70.5826977978818,62.72586712721624,52.36885798099971,38.42998179256864,32.78214247247504,33.97948958873582,42.48085114291417,-0.9878726596350428,0.1552662498599956
2024-10-10 21:00:00,-1.0,46.0,72.0,21.0,11.0,30.0,70.65365266888156,13.918808084353778,6.938277260745169,6.2646145281310455,76.44114446765187,76.61764783280883,80.94931357657181,88.57985115647521,93.60280298102197,95.87934046211667,97.17243233342946,98.21125727867998,98.64739801122052,99.42887320724986,98.80133611438224,96.4670833943632,90.39081827968472,82.6261940584231,72.34971800261272,60.2257051320927,48.65048868134025,40.7488990965092,40.35848253993134,47.93061225493735,53.87405012972416,-0.9850556718215012,0.172236243027682
2024-10-11 21:00:00,-1.0,51.0,41.333333333333336,24.0,12.0,29.0,58.599120471083,17.224928090415645,5.106491544580581,5.739548767046724,72.15684276126998,72.56998197038456,75.65297202593926,82.22766983351958,89.33306768155781,95.47857064398852,98.28945549286703,98.59902170144936,98.5266031015358,90.24374709571634,76.96938058015206,64.58551244316052,58.273752143324366,60.37144081857964,65.98171368160989,71.73358944134097,74.92188475770403,70.76562973200855,63.891199752147976,52.96382553189481,54.30816354024633,-0.981947190186646,0.1891552687200409
2024-10-13 21:00:00,0.0,46.0,53.333333333333336,20.0,7.0,32.0,55.60338421794655,10.194749363483812,5.573514479936645,6.159341056891797,65.83350097486831,66.37871901318793,73.60495713752925,82.69872370708697,89.66911468784944,91.49080034835228,94.48115882705306,91.46458447279905,76.12257744336401,53.66817422779692,31.997509328106265,16.935252774631287,7.403849509651147,11.28162703612109,18.41528950032135,32.39820614801781,47.04710132543229,62.73216969080774,66.81067181764536,62.70212599384647,65.4153925064561,-0.9748595108374124,0.2228204077947995
2024-10-14 21:00:00,1.0,43.0,92.33333333333331,13.0,12.0,5.0,85.6650984514215,19.42466972923175,3.111737230128836,6.556402648964324,92.56397822241662,92.973538542294,96.504169317248,99.55665841357344,99.86679957295976,99.7281221514408,99.950055719945,99.61370461753091,99.77653429256584,98.36942045377134,97.98069980129674,99.15968439626856,100.0,100.0,97.81035249771732,90.37697218428956,78.57837930922041,58.25920108886516,36.57388530399424,14.769620169131649,6.545104899409211,-0.9708824104813836,0.239556559120927
2024-10-15 21:00:00,1.0,41.0,78.0,23.0,12.0,27.0,72.9723905164196,11.945235614714836,5.890318555496688,5.446628442832108,79.23625845698433,79.28794348881001,82.17804299202818,89.14842720912924,91.23410512826638,91.7785688802867,91.34968736946472,87.49213088269083,84.62007039798803,83.6062317261932,84.04971528800955,84.2888922026237,82.74158449835808,79.07996190453495,73.15380083131346,72.13675447742135,70.29861726860138,69.55814642188398,68.13684924663778,64.83092932538358,57.31143839217764,-0.9666180104000972,0.2562218218071163
2024-10-16 21:00:00,-1.0,40.0,78.66666666666667,28.0,12.0,31.0,61.93043340816769,8.152317971306571,4.646036778795678,5.903326000965906,73.41682735172758,74.18126240677246,78.65345491004497,85.4473000003654,93.14785838991963,98.1274899157634,99.52181509660087,87.29677560302774,60.765511759347646,38.22899836824376,27.56464490849064,20.74282489649765,16.344093106073093,15.104907805962752,15.738038536238111,21.57927341418344,29.676390445638965,41.30724038441237,49.55718945184943,56.538843787249945,56.16574729924441,-0.9620675724981452,0.2728112643340191
2024-10-18 21:00:00,3.0,51.0,3.0,5.0,3.0,24.0,58.599120471083,14.553123760897307,3.1783030121208764,5.694319594813245,66.30498856458516,70.12725879095467,75.60319483159226,64.94628390202324,53.63635675299213,46.7309617204918,44.04560338491276,43.65791658180862,44.39942907179383,45.59731719547832,47.12085754480972,48.45579453346577,50.76992594253077,54.16685110317426,55.267109034959525,54.05035054583921,46.186099252258536,34.538422527925974,23.309251772347142,9.674112169335658,5.232328963351636,-0.9521140536681102,0.3057430764672831
2024-10-19 21:00:00,3.0,58.0,7.666666666666667,7.0,8.0,25.0,47.223732167466274,8.343651782521238,3.908220556852138,7.413975545023184,52.29874197597307,51.28429661152876,40.88064350406456,29.070391307294685,21.873406226863448,16.575310505146973,13.407305497784469,11.00800955426464,9.043212543612716,7.479408844216695,6.488882420269173,6.352178645591335,6.819044815563082,8.458700092391211,11.661963835165013,16.93429777297802,23.559990726651737,32.242381309330646,37.28612133087354,41.61068356920926,39.41957930725568,-0.9467139181463862,0.3220757010206104
2024-10-20 21:00:00,3.0,59.0,55.0,12.0,9.0,24.0,55.30818812306261,20.253484991885635,5.744947900125264,5.669984750078473,50.803960692694574,51.25552477212073,54.23494779044332,48.413558110583146,39.67651584783487,39.96893038907323,50.25961303698763,62.23804772903371,71.76095468280363,79.43028394092535,84.79479527550127,87.5828798084983,87.53870016326115,85.46996327916047,81.74979177731079,76.63215354838626,68.49312538042909,57.24034711419254,44.03590615310258,27.79635603289632,26.449476607455807,-0.9410336347451196,0.3383130181923076
2024-10-21 21:00:00,0.0,60.0,50.333333333333336,15.0,10.0,30.0,59.82966211519545,17.56651248449461,6.363141954942392,5.096961068749746,65.63200179852342,66.40990576933832,71.03487844967205,75.23353276212883,79.78700756209129,83.52764436406672,88.09435777839875,92.91858803692706,93.1066564694106,83.54579664182229,60.06879279648653,39.09951700821785,20.301702317705743,13.10879584913541,9.447680673660246,12.474534091182088,17.69729308302666,25.48852167296804,34.35544155169115,45.4692788858993,50.12342393851004,-0.9350748843515574,0.3544502230989869
2024-10-22 21:00:00,-2.0,54.0,15.666666666666666,6.0,7.0,16.0,54.58319207123542,13.765142058472875,3.857293501560196,6.368097841822381,48.97032041301322,50.882356682033006,56.80164458821353,65.8403285397651,76.40757693483472,65.00496566993776,43.24872060190842,25.943542365770217,18.66376436862548,18.40603461174012,22.55758333737377,27.54999200662976,32.69516085664341,37.238065481257706,40.33234895025281,42.10354544785511,41.76710922115304,40.15326130470513,38.89693436054159,36.95333513703107,36.82154844536537,-0.9288394302558068,0.3704825404820963
2024-10-23 21:00:00,-1.0,64.0,34.333333333333336,11.0,13.0,18.0,60.361457330669865,22.387180430541708,7.133904274425227,6.025500382379601,56.05995881457759,55.754066669710376,59.05589575904685,62.92521543748756,66.52182435885456,67.90931418045459,68.28831190703293,67.14254939733112,60.53370629973244,55.14597871838493,58.0830187237261,61.28497436714933,58.7281795052044,46.75349770726709,33.09212800648192,30.5227406871764,33.46660030106933,45.75086990283512,58.3284101350564,71.62307358108558,74.78933292015675,-0.9223291176290545,0.3864052261209853
2024-10-24 21:00:00,4.0,48.0,24.0,18.0,8.0,34.0,49.51892551304142,8.529510317848176,3.657287051093165,5.336362681563051,59.51626802276753,60.99116398072572,68.32485126246915,75.77890836882297,77.39810465241959,72.50468115780566,63.768849171842255,50.63553070306392,36.71440351447494,23.886870905044365,14.341243239367174,9.34053824588778,7.198081467173391,9.006778592780382,11.352594580747736,14.362622380679726,14.62887329929373,12.542279982426974,12.177007342951317,12.43144563173306,17.639494572783843,-0.9155458729775467,0.4022135682368036
2024-10-25 21:00:00,3.0,46.0,5.666666666666667,10.0,4.0,33.0,51.26074331474755,8.771489295023427,3.792678515538274,4.626675644249131,52.566854029162805,53.30449591362708,59.63431023750741,66.06346617262136,67.70041146912476,57.75492444981995,43.89352545810248,34.01841786360094,29.534862769898123,29.88109170782179,29.742491095432023,26.72760552237848,20.84114233858623,14.56785389842705,11.378537483116975,13.887740581932292,18.78236503247243,26.317194502841275,30.358269270786742,32.509925091784126,31.97462140027876,-0.9084917035725082,0.4179028888867866
2024-10-26 21:00:00,4.0,41.0,57.333333333333336,19.0,13.0,30.0,59.57550414737721,8.196924713698062,6.749791489662967,6.369211816225145,62.01196664523465,61.92622164850054,68.25142282021193,75.79351329148501,83.84108307619175,91.49171597873782,92.92313175134484,87.25351040559435,80.72718703797615,77.32596253097793,74.428293156015,71.90699776236296,68.31694851325926,64.5080168510005,59.47627549912147,51.93182004270013,43.64814159312394,34.302735514715884,27.57843297921469,21.632338603952885,20.002479693089352,-0.9011686968561567,0.4334685453485363
2024-10-27 21:00:00,-5.0,36.0,47.66666666666666,16.0,11.0,28.0,45.59034867106938,5.280991380744055,8.672008578585322,6.316155966631843,43.81698408474969,44.76022162087814,50.10096170829876,56.42406945236908,62.1561635799109,64.13136144159893,67.93740564557514,73.74270770705579,78.15480785176233,79.40330454842227,77.08060102819665,76.71354452062378,77.26276145339548,80.21928078213627,81.97707705477903,81.14556906070091,80.1835534302927,77.87943884059227,62.6756375029885,38.30665658532103,22.228638164198745,-0.8935790198239952,0.4489059314938798
2024-10-28 21:00:00,-2.0,36.0,36.0,18.0,10.0,30.0,47.59815530637304,5.513501630034357,7.112872969234085,4.313374094956687,56.479037538888285,61.37533196602537,68.72560853169898,76.32335251903092,80.5310055398868,83.1234895836016,86.46856777902852,96.46838705563468,79.75049302290769,57.88562925118268,38.81295599498935,35.65394014561564,33.19148998210649,30.29849349579517,27.419276487705485,24.44505480091357,20.885074358367923,16.337474440171583,12.660530968641217,8.89887665360516,7.120811041062264,-0.8857249183835637,0.4642104791518923
2024-10-29 21:00:00,-1.0,38.0,14.333333333333334,6.0,6.0,14.0,45.92100706216534,5.76318724320797,3.702548230180039,5.093407197587019,40.105673759392616,42.58993065371383,47.01923868270016,48.01617998894043,39.349361224600926,20.441766219346928,3.967937434640346,2.2104573477326186,4.125140132735,11.29927393272202,24.08981049628349,39.612133360832594,52.105891664292905,58.23043936160063,55.31395629846845,47.679997398752384,42.20944321106256,35.57130250123425,37.18493576060408,40.240989214980274,50.909867811638144,-0.8776087166898392,0.4793776594606945
2024-10-30 21:00:00,0.0,48.0,90.66666666666669,9.0,12.0,18.0,85.9575608162361,24.370161549353888,2.175549518732598,6.625436441655519,93.71800035010703,94.5470273733929,96.55921468451668,97.5870447258086,98.96924145087652,96.83432250884395,88.13883338469056,77.10478632186336,66.96032857621894,58.48922341793945,50.31037030885264,44.40387010078153,40.23798253572603,43.86683024185276,48.77021850609776,54.546660098659046,56.6060413838615,55.29562366231243,54.49572434784836,53.37284591259238,57.71619383080445,-0.8692328164574792,0.4944029842076181
2024-10-31 21:00:00,2.0,55.0,85.33333333333333,7.0,6.0,35.0,83.20884823047453,23.739019276474945,3.112545129992168,5.232096108430306,94.51492087720425,94.18508628741684,95.77508388558456,99.87192733814992,100.0,99.59533442612624,99.26329010608988,92.312921775119,78.69906869220156,68.03044370096795,60.36761641133543,53.148911332075855,46.26724992735963,38.1036939923023,29.72603829308606,25.88380788915643,28.84231246135086,41.25550211375902,57.71249940458445,79.39518531453734,84.94404662243409,-0.8605996962501181,0.5092820071573356
2024-11-01 21:00:00,3.0,41.0,86.33333333333333,17.0,11.0,34.0,82.23473462204623,16.23165064054892,4.089292022851152,6.334758233996354,89.95835272941629,90.30158553881428,97.8552832290763,99.05756180719315,95.94080275014925,96.70982005828569,96.78955849174056,95.17487255453489,94.15595842057954,94.2446484274813,95.76964785400138,97.11619267132694,97.5680041556575,95.10924330728253,93.44508565567278,96.93993100460996,98.10638020553716,96.26447605775734,93.35336921342108,87.23799073157129,91.06726940518732,-0.8517119107469189,0.5240103253675756
2024-11-02 21:00:00,-1.0,36.0,44.0,12.0,8.0,31.0,54.1022197568872,8.247406925836847,3.3796149820071224,5.168528174517075,74.39424233039719,77.22286966212614,83.1923939417898,86.52956388805526,91.09148622392487,99.67053394209316,98.7527771312461,75.59903537629879,51.44700476484857,37.23720078267618,35.650812458264085,40.56909363535943,47.00035356006325,52.41655789693147,56.21129421453453,57.93916328971173,58.00935359763185,56.88587953169415,56.27234866580657,55.4710337850082,56.07431171338754,-0.8425720899866032,0.5385835804920232
2024-11-03 21:00:00,0.0,35.0,14.0,8.0,8.0,32.0,51.69392391806183,5.6431285685212975,4.792939318445255,4.199742765988432,67.6010502483417,71.58189804164302,78.61567021996906,84.00109531438493,86.32408038091872,90.2261416484657,94.41629701166111,92.74998891371229,79.33956472031409,60.77528399286245,38.81434637498355,21.43689827413042,9.017411446644212,3.037221351142714,1.5940993406329922,3.38140546367824,6.297772838690244,9.965831090697694,14.11066291509088,19.22532732504057,22.995840021088465,-0.8331829385891785,0.5529974600700271
2024-11-04 21:00:00,-2.0,37.0,78.0,7.0,5.0,16.0,59.009292414497125,12.622888375163807,3.8351187327134566,3.22201944291219,65.0713199630503,66.68501079870659,73.77465153071195,75.72598195484679,68.65196317057286,63.03489989281121,62.69927400419939,62.6200845573753,60.62146485577943,58.08500898936029,55.25472647911744,61.3882037767188,67.78732358024455,75.6184874027466,81.41728235743784,87.23460698519598,89.58794355966413,92.09152230536716,93.02898127196288,93.71296990177358,90.99245172960651,-0.8235472349556007,0.5672476988027229
2024-11-05 21:00:00,0.0,50.0,87.33333333333333,8.0,8.0,21.0,86.07211706183206,33.16045790637901,3.95286520282399,5.391568434240281,87.94000253101409,87.08171217942436,91.82834398648772,95.05398031210424,95.15537186885456,96.7467626437158,99.0240777257022,99.93315101007626,99.60483387169144,99.23010864270744,99.77243479548991,100.0,100.0,100.0,99.37677468832575,99.4085604168488,99.60463911437807,99.138533542174,99.22761904120162,97.30164797100686,92.64702415318672,-0.8136678304455991,0.5813300798152042
2024-11-06 21:00:00,1.0,49.0,83.0,18.0,11.0,33.0,79.69364788361072,19.11625441042745,3.737181748185205,4.52723866879331,87.71295183323889,87.52340524679873,94.25322861818496,93.95114812553794,91.8545162155244,92.66831057759114,95.92463953991334,98.9944684991155,99.4345010560965,94.51937129181324,92.76515958589648,89.2173128966421,78.9134141345456,55.1437555640161,31.24296365355165,22.03113004076986,14.94169424155576,11.260646300933956,7.734731956793192,4.163191375612601,3.2393678548340508,-0.8035476485339116,0.5952404359043674
2024-11-07 21:00:00,-3.0,40.0,69.0,18.0,10.0,30.0,57.02904808117887,8.347435621155482,5.892850817140085,5.632689598336655,64.03465230275557,64.29585120618844,68.36923502382935,74.85736099277167,80.5769792860297,85.91839392725119,92.85323133269956,98.85183657164868,96.49984717114158,84.57726433710214,69.0795204929382,56.6354118945909,47.41974052903901,45.22427043355835,43.707044644334935,45.48974760447131,48.527568905138175,53.598064614326944,57.88543788745133,62.10142233748874,60.27436531897951,-0.7931896839451843,0.6089746507720486
2024-11-08 21:00:00,0.0,41.0,63.66666666666666,20.0,14.0,29.0,64.64676706023835,9.035743988185285,7.464880955783592,6.290337961568724,62.20193245634875,62.30564369106952,63.20082315513369,68.39489511208221,74.52290091072497,81.53254935814041,84.79712501510255,77.21821115883114,69.50885196396199,69.97645068458067,74.28547615973942,78.67635536526852,76.82286292995798,74.20771771854149,70.74412564032923,69.8399202805287,67.20106789803066,62.88984486264796,56.89008380077093,49.49001569753542,39.69172930347764,-0.7825970017677834,0.6225286602431057
2024-11-09 21:00:00,0.0,32.0,44.0,24.0,12.0,32.0,46.93962756055895,4.874736107449883,4.129076617512096,3.766350027072756,57.88318149654656,59.705785465937,66.03712681557455,73.75967276085606,82.77642896984239,92.27913227166282,80.34941173651481,51.01023918678115,28.98486050310342,16.618545390406293,12.040487904925731,8.85502403348879,7.205866303106684,9.788929181808378,15.83524724298216,25.49788013301757,34.80910042409573,44.53789159804391,46.11332868980648,44.88233747531845,43.81200485305841,-0.7717727365467837,0.6358984534680745
2024-11-10 21:00:00,2.0,41.0,23.33333333333333,5.0,6.0,25.0,50.47986970636548,10.541115340783586,3.240640407307508,5.815728196606819,48.54261756385424,48.50030592062418,47.05354324480511,38.22143705008268,30.40871126822213,26.6049506125432,24.409581202672097,24.345062220545405,26.67572772430104,31.59631732102572,38.48608744451722,47.00262591563288,57.51198274019315,66.41867799827294,72.9040424935806,71.72248831715244,70.73088824049344,69.20514639660995,71.68624677619817,78.02924558703589,79.6097639665676,-0.7607200913564104,0.6490800741100398
2024-11-11 21:00:00,0.0,42.0,84.66666666666667,10.0,6.0,23.0,85.60554347335166,18.34711177517564,5.525036020952728,5.846491115617607,95.11151705306946,95.68596341003418,93.98749742992295,97.0771930517529,97.3114943762778,95.73368639236632,94.99059427017764,96.25159963897649,98.2643195218989,98.99310745335794,99.80035168735262,99.30536070013623,99.09447543808598,95.8401136000676,90.44739999851916,81.55830274667927,71.62082967897643,63.81336552851496,61.04216049103959,68.77215326422107,70.23197559700944,-0.7494423368521953,0.6620696215153815
2024-11-12 21:00:00,2.0,32.0,81.0,29.0,17.0,34.0,63.4700564428198,4.269646337067141,4.575825178208041,5.8630545871331545,58.981938180116856,59.44660937629512,64.38254533800651,71.66830424123566,81.28308692369384,92.05757832758036,98.88950539258016,82.40988948631136,56.63931237863584,36.60009719486352,23.08219148108732,12.306056799573708,4.210488742400063,2.4272547338022,0.7217593634617504,1.5627492655214046,2.5249118714330607,3.390299514038985,3.074664286706408,2.4146103651457995,1.6040565629946046,-0.7379428103031386,0.6748632518680403
2024-11-14 21:00:00,-1.0,33.0,2.0,5.0,8.0,35.0,51.377105748623606,4.998969664337778,1.1047472539695435,5.774198521660814,70.22874101209075,69.45657949278426,56.98830510601809,34.88140791408589,19.71789876454753,14.817209520455222,15.308175603130476,18.946537362011288,22.32901855264669,24.74766984475289,25.87060067046848,25.13764763040887,23.94727498357324,21.918087977519445,19.87030550325485,17.670478312422404,16.76189178513904,15.950189553730375,16.702564352310485,17.658243681219748,18.58493512958244,-0.7142921172691032,0.699847677146407
2024-11-15 21:00:00,-1.0,36.0,87.33333333333333,11.0,15.0,34.0,75.47320683714975,20.567469601237875,2.34629345983946,5.355319951432964,75.27554565906802,75.28471654302113,82.20250616564253,92.78559709779604,94.08958826178169,91.79543863768605,92.00024220121728,94.3665122222824,96.47377648065148,96.49874633726752,95.73881915795882,94.96691159989592,94.70389742962644,95.37711167829436,96.63333049135046,96.6728475147506,95.82719246680092,93.69011810759194,91.28493878697984,88.51495460100692,85.76042155223718,-0.7021479494046978,0.7120310787787131
2025-03-01 21:00:00,9.0,31.0,85.66666666666667,10.0,9.0,16.0,78.1747555495983,11.930109322054545,5.565245406889666,6.335716018247771,98.43773266541405,98.30043802518192,98.8475088925524,99.45021619991152,99.22208043291752,99.1390881282351,99.27964428472708,97.8612148939618,97.22791934278406,97.06928354633332,97.14367925385964,97.3346994555494,99.37523188721812,99.51721822306776,98.3662076360595,77.65119866624529,52.76661050558221,39.75990022906734,29.980322417191857,30.68502101108912,33.51983988235669,0.8584015232918917,0.512978386299228
2025-03-02 21:00:00,-4.0,8.0,53.333333333333336,26.0,16.0,30.0,54.58849080526552,2.459440553093312,3.955126461219804,5.592297965259543,67.09719580706205,67.05544619739634,72.33948198207528,80.69025955700026,85.41236536653702,71.13588411458547,56.386043058307386,49.64651041143728,47.062381101328015,45.38591764654124,45.44992832689462,47.080160070059776,50.22240092478988,55.60377079741056,61.90254739822873,68.9006452671071,73.98264087328357,75.31258919722421,71.75400518470727,63.05880135338056,44.18715726827165,0.8670985522812081,0.4981366284784055
2025-03-04 21:00:00,1.0,30.0,81.0,16.0,10.0,22.0,71.79459037683101,10.85452953703038,4.673742943393293,6.059136275368491,84.72017384579925,84.75553085374933,89.1003773513975,93.5520696166119,96.72007115732808,96.27604856071684,95.29097229970232,95.370980020839,95.09672957649632,94.89779619164004,94.39315882840444,94.00356385392556,92.5780253046851,91.66100869994476,91.14186117951569,91.47800637061935,91.24219499436774,92.26945045964366,93.67111720290886,95.63504624644362,92.7678359899532,0.8837203473619977,0.4680153284438345
2025-03-05 21:00:00,-1.0,33.0,85.0,7.0,8.0,11.0,81.64115732781437,17.38897757166712,2.370185695081088,4.959643460324549,98.76621341074724,98.26185801754826,100.0,99.39463197415913,98.00378832482936,98.38167619618204,99.14245164931738,99.18466879569304,97.74178408913818,95.66035390868794,96.81234304277667,98.02979963734931,98.57924063352912,99.47198107410438,99.5132929635664,99.55983540694048,99.23545728468837,98.04573215550626,96.97319526977348,96.24326973047684,95.51663709143516,0.8916401947968874,0.452744699607371
2025-03-07 21:00:00,-3.0,21.0,86.0,26.0,19.0,29.0,70.77737431761344,9.253760039306677,2.6504792413126315,5.645246146357796,81.74630031775327,81.71012711459089,81.41922239047955,86.04131492903105,92.80333295387332,97.38793355918035,96.21761178907164,90.51071232854676,89.57704748488705,89.83365045301304,90.5951788919538,91.2245737856944,91.28951800130346,90.38780641184836,89.08095005924768,89.20589425255139,89.25921852650703,88.43504451592163,88.36450962486795,87.5418657745163,86.70115252039867,0.9066860720977984,0.4218060770826634
2025-03-09 21:00:00,1.0,25.0,46.333333333333336,27.0,10.0,29.0,52.378610117514135,5.36716428279275,7.350318809181293,4.308959362626254,81.19476105601102,80.40082201931469,85.41534927269264,91.14912029901888,95.63772662131488,96.74512419328634,97.64915944638796,99.13944664215232,94.6106488301642,91.10466820440855,90.2798895409522,91.11782579860336,93.8759791651492,93.28648771780912,88.21419413033043,59.51608526309757,31.504064847252884,12.343773796030888,0.4390725151643977,0.3508843103060243,0.4382844515740191,0.9206588168102428,0.3903682146763026
2025-03-10 21:00:00,3.0,25.0,52.333333333333336,32.0,5.0,30.0,50.085051955026806,3.966075303387044,6.722907568235112,4.6355690024099125,59.63248910331471,61.51786421700943,64.44629342360734,71.7983864644892,79.89351687788803,84.87962878765292,82.04279636604778,73.8363610804311,68.35427465481284,66.09122001011694,70.55191261951059,75.87403640475854,80.09544827525332,64.65982070520792,45.1844528595934,23.999616739934947,9.957958678149875,2.1955174901812886,1.0255317129749293,2.8542971735715272,4.351183458281593,0.9272375462179536,0.374473674486883
2025-03-11 21:00:00,2.0,40.0,82.33333333333333,12.0,14.0,18.0,69.98433133606513,15.700381262554432,5.20776704583516,7.192857637543253,79.13604625992407,79.72755981516086,79.57270909009225,81.25936805374648,78.28424825123473,73.71775626243327,67.74886554859592,72.05332365463015,83.58585537223557,94.09563688209408,98.0106812139979,97.22672328160176,97.7475484147618,98.76185974384651,100.0,99.2513669447326,96.38509052581544,81.96010475635693,69.18916350438174,62.38972923060823,61.85204767541283,0.9335418911179212,0.3584683215124808
2025-03-12 21:00:00,1.0,16.0,23.666666666666668,27.0,9.0,32.0,46.35216312011784,2.022770365849559,3.225928740764444,5.880829519019003,64.06445527001617,65.18653650455659,71.82747245600851,80.32908310703137,78.15705031699164,54.02368202677954,32.3436153163263,22.410072694179448,18.100331900703967,15.487727477133594,12.349866747350832,9.580148342998996,7.044296590758944,6.765262678031958,7.346598388159655,9.383228130799088,11.783828054350524,14.792258419969873,18.47630553291425,22.99026841001143,27.9390868630153,0.9395699859530622,0.342356891994542
2025-03-14 21:00:00,5.0,41.0,44.333333333333336,7.0,6.0,23.0,59.57550414737721,10.407288011370872,5.985130733755119,6.124488749753867,66.79040225094242,65.11063405703497,63.93022297659162,63.18540778966295,55.58972666833908,46.10050351388169,42.58689373974161,44.76280378545239,50.61765261737511,59.45742796883322,69.39906861482342,77.58717300358249,83.88242965504652,82.77313322152834,80.09382586644165,73.41190513630458,66.8069353708691,58.45394018191343,51.76036464773895,43.939394280981325,38.92746929356027,0.9507903724625832,0.3098349038318025
2025-03-15 21:00:00,3.0,44.0,59.66666666666666,7.0,9.0,16.0,67.68252075054913,13.559887349306518,4.229667734444773,6.52046194622368,77.71867191705859,78.31317957499606,82.82350156784624,77.37093646407439,67.11378172667011,60.080983386238806,54.24010435726473,44.0820234174763,31.52360265977344,21.11024640503015,18.926757645991348,20.277496696881204,25.691254837866573,36.26708123669304,46.33371086729039,52.38058599448445,52.681569908842505,46.7659362898797,38.33480802936976,26.83935663833702,19.914332961879577,0.9559793438440766,0.2934339689665273
2025-03-16 21:00:00,0.0,50.0,73.33333333333333,8.0,11.0,17.0,76.77977271296584,22.72327194072452,5.318097961925371,6.158867050114219,77.71529704994349,77.72939242189238,80.36558153516401,82.61758930293706,84.21736622131448,86.06457421195063,83.29419173358971,74.713492225219,64.22677530651461,53.2658379753398,44.07160709198422,36.82852030681713,32.433998582448694,32.36273874634675,34.10334732583335,40.2794866419313,47.54715891654527,56.92222768122739,60.85152197352568,60.534449908832734,56.90421710175956,0.9608854255574976,0.2769462022689364
2025-03-19 21:00:00,-1.0,43.0,45.0,14.0,8.0,13.0,52.93678851797571,13.10643879120808,3.2267429631375624,6.370722202715338,75.4911499875985,77.12606195997462,84.3255070196992,83.57126977394435,59.477062035198,46.8998837492193,48.67972019230139,54.12164947203465,58.56771101397156,60.12130688185806,56.00052184844626,55.205012860661405,56.1657080065669,59.59302607334005,62.07759593089129,61.97186793527196,61.63193969577105,60.11460626680896,61.79009505484784,65.29638678925465,71.49788478904766,0.9738922359149924,0.2270108209414184
2025-03-20 21:00:00,-5.0,48.0,59.333333333333336,13.0,15.0,16.0,68.1533852162,12.122284460758154,3.573956168074348,6.622448510864175,85.46270297301525,85.29753846076862,92.89377232288918,97.06200414649616,87.31833315199555,68.87637382138752,45.58268343917722,23.89477148919559,11.908411281919076,9.28602781314438,8.948854610144103,10.055352337360514,12.531933700250846,15.170228309271566,17.93914405940506,18.004586364205625,17.673458501037427,16.66429296454935,17.723836271952255,21.12304178339392,28.18373535253479,0.977653084481664,0.2102247521189836
2025-03-21 21:00:00,-2.0,35.0,81.66666666666667,19.0,13.0,33.0,75.3759486435965,15.342578845090271,2.8150442563778344,5.976765970962837,91.38629274670168,91.44663487836657,93.44690219543998,95.4348545184976,94.45290139028084,93.7282152868693,95.73229071183616,97.4673821091598,98.8023463429629,99.0478552128358,98.26877156404429,97.37064765697768,97.5238643440542,97.80417290015232,97.363009982637,95.97729814724984,93.4480953922721,91.29030900673187,88.92478535584056,87.46407635022418,86.13946502496147,0.981124629771712,0.1933764744102058
2025-03-22 21:00:00,1.0,47.0,8.333333333333334,17.0,7.0,23.0,45.47257831386288,11.134899945431066,7.758028860350984,6.189527269472866,46.422501771133305,46.40082703059185,47.14333773697133,52.186310032446,58.971472203887565,66.45550181186536,71.09213468954037,75.41243240229758,75.12661607320956,73.26593319833954,73.93080748850393,78.44558843503334,84.46053333442003,84.90728440198092,78.26826058474407,66.90965920493431,55.98043170554335,54.80106308811597,57.43391665636578,66.0694607914954,65.18980439093663,0.984305844499033,0.1764709734915216
2025-03-23 21:00:00,2.0,23.0,56.333333333333336,38.0,16.0,31.0,43.38746012842227,2.6094148982638625,2.443120650404581,5.823968817476575,63.96014659039555,65.39738198187554,74.61296906322335,85.00330396718286,91.85169712487682,94.63556948713276,93.92767278424309,64.76965761512676,28.502936513104142,7.927128133160697,3.8645233600409736,3.198095832060728,4.86088784988863,6.8047152901468815,9.048767152658028,11.048003395677618,12.809359008614626,14.05343447726199,14.452944132647636,14.668597152073596,15.69276018434023,0.9871957872910084,0.1595132519726365
2025-03-24 21:00:00,0.0,27.0,78.0,19.0,12.0,14.0,60.12036067224953,10.506320607081577,3.1411609530615814,5.726038841783233,81.77512718093513,82.88311429813024,91.88282911259232,97.00893021021942,96.75825600549852,92.7973543653426,90.86103230914158,93.01871280340322,96.4047672251719,96.67955001869632,97.42170693433064,96.40388214206244,95.5701340784652,90.7670952454592,86.97655886058612,82.81218500641567,80.02748017797212,77.80026967998879,77.47077084587197,76.80781292615546,77.11661652393589,0.9897936029670716,0.1425083279161708
2025-03-25 21:00:00,-4.0,38.0,76.33333333333333,18.0,6.0,24.0,66.95834263745293,9.967634273639137,7.751632187819694,5.244077130961525,76.60026852710587,76.83664059300172,81.43537109052494,88.58219666716074,94.64019702740856,99.03311867550237,99.67847335412048,97.69427914145017,87.0049811920818,85.3834005793055,88.00612299911027,92.22588598966628,95.82571079480108,96.73721501259531,97.408379258891,94.47057737340585,89.83665432283271,83.84789120655127,76.91488916173164,66.92101104222313,59.22456017348045,0.992098522791769,0.1254612333527364
2025-03-27 21:00:00,-1.0,37.0,62.333333333333336,24.0,8.0,32.0,54.255118292262,6.561340548283052,7.837737575764156,7.308667336974191,55.364528510042746,55.821401294356136,61.398451611017165,67.66111206812695,72.59063360457988,76.55973312796894,80.5273773329619,84.3424906185648,84.77612293464945,79.26538710375502,70.98914672306677,57.76047654051351,41.46552498746959,45.38462785239199,50.843013729325584,54.927447776536845,58.4010898010739,60.8785244035456,62.42023408299301,63.13614982426068,63.013981970063526,0.9958270335100596,0.0912607217293118
2025-03-28 21:00:00,4.0,27.0,34.0,38.0,15.0,31.0,44.07517599881153,2.640498159579798,5.789852261352376,4.226862294542513,58.15253811179888,59.22636680748926,66.79683308146281,74.19859438853854,78.28042728303932,81.10452535422283,72.38895951989468,51.9614237319884,32.30800115855244,20.4576689494382,19.609218103658115,19.296354058293584,19.02182815414488,16.499063952842523,13.37802591076571,9.747507957618286,7.771095383047783,4.662252415335449,3.5853574604250293,3.6103185268733338,2.8928650780276075,0.9972495210773452,0.0741174251509443
2025-03-29 21:00:00,5.0,27.0,27.0,26.0,9.0,33.0,38.45945317749308,2.158569135192537,3.580096520385778,4.206454822055834,45.5232052436182,48.181429389139005,54.08160593022882,54.434871681443965,42.45741904061406,21.054774050486504,12.50507363087047,8.979376471749188,6.915800351911192,5.581128841608658,4.739260833021889,3.425682548165634,2.0029813240699994,0.8574335811530125,4.706330499920224,12.3954044879043,22.939314232577875,36.1205059172238,41.94461483424141,46.31058324189976,38.41187409144606,0.998376906467142,0.0569521960340397
2025-03-30 21:00:00,7.0,32.0,72.33333333333333,26.0,6.0,14.0,41.11836991610343,8.8950302372467,3.269543998675907,3.940132985728422,41.507848776128334,44.10259408910668,49.761763507724766,56.12452319212776,59.67529591485884,60.69428585587695,49.909680796323066,34.09493644479048,29.972711448239224,35.10358477856933,45.83817598090844,60.083087980517135,74.18587897126169,82.2698680714371,88.95462411625071,93.15915188481372,95.92438529551036,97.12780343667866,97.28619588641423,95.80867437598332,93.76091693934865,0.9992088560679752,0.0397701138460557
2025-03-31 21:00:00,5.0,43.0,81.66666666666667,8.0,10.0,17.0,82.37880629106463,23.28065752481759,2.798921302314213,5.925308842978432,98.41807686170527,98.42284721524707,97.72487886818098,99.13631429719304,99.0143005330098,95.79516395275768,92.59071057518167,92.48304028694209,95.8998229879888,98.58541497305914,99.21520506438054,95.98690379150534,83.89929981948853,78.7888264108913,77.65704849422251,85.23279920455286,89.35209839002496,78.8647333356252,63.67654410584908,43.990981388787326,31.45474080886828,0.9997451236925734,0.0225762630415454
2025-04-02 21:00:00,4.0,27.0,4.0,30.0,9.0,32.0,31.9685329569576,1.776122048039138,3.6603740671562623,4.260559344994343,28.865209551128668,31.592850427278435,35.61861336241626,37.34412938801589,36.25854702882344,30.84496166424242,20.074720736778545,16.300817589045817,13.97285029332916,12.22616796925555,10.786308691870824,10.487078171842493,10.524757458065638,11.117099038701756,11.711369862375069,12.544164242914563,12.769464302300625,12.89836479275888,12.321221378487492,11.3212162163228,9.778550142037323,0.9999300657962056,-0.0118263906918325
2025-04-03 21:00:00,-4.0,33.0,85.0,13.0,15.0,15.0,75.17979820946917,21.148377414730128,0.9633389733528684,5.484604661719199,97.75543610815134,97.25771589109704,99.50857465171018,98.13559593774758,94.58174973394912,93.78558185330904,98.85539709213936,99.30480147565684,98.97206342760008,100.0,97.05610381470674,86.6207749274231,68.40962138455936,76.37331558233905,91.60208558729734,99.31169151172436,100.0,88.48508308968593,64.62664210462212,29.275259468506466,13.912688550106386,0.9995786855478958,-0.0290250133219752
2025-04-07 21:00:00,6.0,36.0,33.333333333333336,45.0,5.0,1.0,36.63885002397421,4.955229442989689,6.452188039097918,4.246397290173315,37.947456428442976,39.99843127512218,40.79275889833478,45.259633386722086,49.33263860241281,53.62349094835192,60.77534733375297,69.9364774596841,79.48560918682664,88.0658225665317,74.38964433830665,56.8107727401588,41.00855874453197,41.140416545490126,44.186739881698685,50.81515282400137,54.486026304846526,54.07693624401392,49.17753291295997,41.26825159402382,34.346060994720965,0.9952176027737294,-0.0976827678217159
2025-04-09 21:00:00,3.0,31.0,55.66666666666666,56.0,13.0,27.0,37.43128683449012,4.099330150518091,7.727501392848455,5.838265774783285,46.63397219417069,47.58320328590584,54.02053160503749,61.37819690575596,69.82438986175032,79.97971062600193,86.94890613474735,90.7295195145366,93.24042841386633,98.45154432687046,99.17725189830222,79.56045105249329,45.64892991342349,29.14969059965173,17.935080128053183,16.493307118261136,17.52499059425885,20.9943250852763,25.32169337715079,30.98340316072512,38.36968953580954,0.9912685467787256,-0.1318585157173911
2025-04-10 21:00:00,3.0,41.0,2.333333333333333,46.0,11.0,26.0,31.48943197302264,5.116267975419071,6.154076946949336,5.550032492581776,25.573275889575942,27.23684257705539,30.679101859746577,34.78138431022273,39.59483233409312,45.072653145168445,49.29880056539872,53.93322986664997,51.972286664150616,43.36872494076,37.1374659518362,39.474922990992624,43.3135339779808,41.30393650350682,37.98499595952509,32.51395047250753,29.531370048220644,26.74429760135761,27.96660336889462,30.001363094004123,31.88353928610516,0.9888537064205885,-0.1488903868564548
2025-04-12 21:00:00,1.0,46.0,68.33333333333333,24.0,5.0,11.0,49.20446645467534,13.181809890653147,6.114547123461942,5.548640778365036,48.16052109823206,50.282405944277166,56.78649057354775,64.1697973620379,72.68855812711634,82.29413153879871,91.8777150920355,97.87808179476448,90.82041670330872,74.63499939663924,63.54159574680119,58.530511979667935,57.56170906642237,66.14707482251757,75.30585790622948,84.53629660897114,88.48766852957539,88.86662145406726,89.28087517296454,87.9179027972236,87.66045429149733,0.98314697372215,-0.1828169249850199
2025-04-13 21:00:00,-2.0,37.0,84.66666666666667,15.0,10.0,3.0,75.5699252652478,16.874138277533383,3.31189469163567,6.093374335930966,91.6386596465703,92.5470126737646,98.64348291830242,98.3199591653458,97.64669202181804,97.6925443533376,98.49208163209408,98.87091423035858,99.32364448995102,98.81768563754936,97.98182264363842,97.8671361844582,98.05649323494391,98.94319943489664,99.48884615539644,97.77067164102152,95.6206289208468,93.16637894570376,92.04581708924412,90.26259655217056,88.6177797776327,0.9798567700958664,-0.1997015525660636
2025-04-14 21:00:00,4.0,46.0,62.333333333333336,26.0,11.0,35.0,51.26074331474755,12.755165633407398,3.146663243194222,6.200288885158463,81.72693010814065,81.30196292603912,87.26841314928348,96.4318506728242,99.87675600064432,99.58046622766456,97.79270368559368,96.29703803351968,95.04736172836672,87.30522076806567,74.88733136624707,61.50251381187315,48.40105689703682,37.7390511381445,26.304679740326403,15.868330174163894,6.85541113277012,2.6953551171580403,1.3076912622955388,5.076542684827894,5.851964354696696,0.976276611086932,-0.2165270852448143
2025-04-15 21:00:00,-3.0,46.0,74.0,13.0,10.0,12.0,60.26919272727146,17.177955957296483,4.91776625566728,6.181397452998827,79.37348177448804,79.28526261143335,80.88863819616142,86.8090209885651,92.82817213183394,95.30322632056368,96.88675725603623,97.03154904642312,97.79395873608316,98.39571659410072,95.14405663275656,84.90726933666339,75.69562767358254,66.86912095056854,59.36677002067496,59.10507642470939,60.59549652673123,67.8519676067004,71.64008765394124,68.21809780766705,57.40220287392387,0.9724075561219968,-0.2332885440754551
2025-04-17 21:00:00,-2.0,39.0,52.333333333333336,44.0,16.0,30.0,46.08551326593842,7.50391480161352,5.649629658739853,5.567288337302765,65.44558510060166,66.44111000620086,71.27250300497748,79.76726212902888,86.11356373075547,90.0855752604204,94.14723474805125,90.47889552544407,76.0544872356845,65.16753594778007,59.06478785106687,56.13417661923904,56.223102721093845,59.58429423268795,63.29260860068444,64.99839615818853,65.57230860558495,64.24554054144647,62.73614314191306,60.02294888643295,54.67155204225919,0.9638074231367308,-0.2665994206792935
2025-04-18 21:00:00,12.0,51.0,44.0,20.0,7.0,21.0,29.208493829767256,9.522636627421798,6.938215723855464,4.288691902851225,18.70909815539804,18.940587553860443,20.942320972608822,23.48546311707174,26.45518318223492,28.952290598296216,31.35665878827113,29.82241642510945,27.881559998953627,30.74200253981132,50.728629309383344,68.9493773646936,84.39333240770448,87.10465145101861,88.40725238679582,87.74115747202002,87.29776636365294,86.62061569820717,86.09958018763885,84.94452838358283,84.32754596823077,0.9590788900341132,-0.2831389812281835
2025-04-21 21:00:00,3.0,49.0,22.666666666666668,35.0,6.0,34.0,34.24638252382179,8.798138511177784,4.260770522794892,4.536363478583686,43.16038282268944,45.31747368210584,51.23733200168186,58.00972891651299,62.58029931234659,63.64974251148087,57.58859401832272,36.195615143848855,25.51750372387952,27.28322907091588,35.911295346748,41.450536978541365,45.35001189151139,42.95415158824774,39.19925859579942,32.70119067829717,32.51988445868751,36.17082361383239,50.66338822672323,70.61068860645776,77.9910405049153,0.9431964659565866,-0.3322354987159043
2025-04-22 21:00:00,-5.0,41.0,84.0,16.0,11.0,15.0,72.9723905164196,15.549181559888984,4.166850011102611,5.4085908173986486,98.41384089034928,98.31525050147236,99.51760463880208,98.39362831764048,98.555073773407,100.0,100.0,100.0,98.74639216010742,94.27842941700568,93.50119175947252,88.13726818466584,78.1327028207224,64.32482325687685,52.56353694130552,45.9964835245963,42.46016889825195,42.17065483269819,43.42341132510138,45.50482132309784,48.72043202172146,0.9373419384643772,-0.3484108069446808
2025-04-23 21:00:00,0.0,45.0,75.33333333333333,30.0,10.0,30.0,60.131691718049765,13.182787743037055,5.598472168629711,5.539424355501914,74.40333311344179,76.11887591884333,84.0463941331463,93.19166100021992,99.54887040160123,99.99040400019706,99.8121322112943,99.68757019461783,98.99243751454108,97.35160152564298,95.2598764489091,88.22283239789385,79.21257493031985,70.27727245152519,64.08262761429086,60.11836652069192,56.36897269840826,51.59988826721236,46.24716023103411,38.63482608760437,31.82022532752945,0.9312100364121948,-0.3644830148102912
2025-04-24 21:00:00,-3.0,49.0,71.0,33.0,4.0,20.0,51.72228049821772,10.591501439414056,5.665210137663277,7.175922928955227,53.81782780754276,56.88330642770546,63.51207329654801,71.50843161008932,80.77320752577732,89.716730137726,97.45837617799,86.55132167230614,59.99579143556721,34.68843368455609,19.855994981257627,15.769781413457814,15.774911767728671,21.94711897968396,30.08273038016532,41.41617231445092,49.52643319241052,57.341182636159886,58.63688645817688,56.27662195466112,55.70342104783634,0.9248025743285088,-0.3804473662878516
2025-04-25 21:00:00,0.0,50.0,70.33333333333333,31.0,6.0,35.0,49.83113518218205,9.546855257996214,5.6234894938601805,5.6799121341809125,54.09812117427435,57.39540731785154,64.6353675351624,72.54374480485468,81.39898834343221,87.37492645376946,91.4246027917003,83.35171452765238,62.230425992777214,41.054632157922086,27.23687335850672,20.044122812407046,14.205360920886031,9.962665119898892,7.353725255844978,6.673926315343204,13.078431258051165,24.52658768005568,44.41142969516093,71.25729637844827,80.28737220168264,0.9181214482844364,-0.3962991372689181
2025-04-26 21:00:00,0.0,44.0,86.0,13.0,13.0,8.0,82.45021129950267,24.55256582532182,3.371787706299173,5.376701283296989,94.82567329393672,94.53165951088832,98.61599924065452,98.7133139411782,99.7637409966636,99.98675352850596,99.50916795155123,99.54112354824848,99.8170637723139,99.86523098251958,100.0,100.0,99.53174204278046,99.44657401861458,98.6611945901209,97.37524636852024,96.35371739185724,94.51255217869652,95.0216144456346,95.60017409381204,89.67745898356424,0.9111686353326632,-0.4120336369594263
2025-04-27 21:00:00,-5.0,42.0,86.0,16.0,15.0,36.0,73.07605006966709,17.99605284506758,4.898242446307037,5.010823312416716,85.39728926179764,85.85890468128946,90.64678166868094,95.53588029656612,98.2762657255098,99.65599027957369,100.0,100.0,99.616656546004,99.79727758706532,99.01903829081444,98.33758611000522,96.2922220172564,95.80066559236782,94.82188254658044,95.13464466594432,95.45505856812208,96.75076698955549,96.3088566845779,92.17582555286798,82.88507840229744,0.9039461929224012,-0.4276462092677746
2025-04-28 21:00:00,10.0,60.0,10.666666666666666,37.0,7.0,32.0,39.056047127995775,12.583418653849211,7.344191948346279,5.45873688848992,60.72424721195956,62.36760096683752,68.16162817958494,74.67408213195817,75.05697076576982,69.8201598976589,59.62666905141016,52.11537132444132,46.322008359259286,40.15990337806207,34.19530925759188,29.55441638736848,25.757817231170005,25.32502505419917,26.98744476666668,32.73876984203222,36.07272741125,37.93078617081646,36.08351569529512,32.18792163272729,38.33354117463357,0.8964562582905575,-0.4431322341826345
2025-04-29 21:00:00,9.0,68.0,52.0,23.0,15.0,19.0,37.35083468017345,24.74606810973039,6.016680627889111,6.579977304235637,45.28577187286227,45.11784319763296,47.77708489002707,49.108290527639305,46.11476379053761,43.17100759418616,40.62785414535526,42.1783750129308,51.73135836293971,71.33916426250596,86.62919928187976,97.38181625308474,99.6836060234468,100.0,100.0,92.65042888527832,80.99452196125242,66.50578778991854,57.59369483572672,55.54378917143418,55.82692857389774,0.8887010478292915,-0.4584871291400876
2025-04-30 21:00:00,-3.0,44.0,39.66666666666666,44.0,20.0,32.0,41.3598401275027,6.061516108980929,3.909561304160944,5.780921808441227,59.27947955748641,59.8078081597445,67.1475290488033,75.80169347029533,85.88969622494851,95.187851071159,97.51476002768396,70.10257050764508,30.45285019791788,6.898076015990527,3.9881662606701207,3.655906001992781,4.943316508949536,5.309011186804757,6.027825779706916,7.607288922601313,9.66638301733597,12.434381365197078,14.724436267705174,16.87238979802583,17.8300611937188,0.8806828564301475,-0.47370635037968
2025-05-01 21:00:00,4.0,54.0,16.0,38.0,5.0,32.0,25.06515148578729,7.337845050306186,5.028022982633696,5.799843900563936,28.219687582716897,29.14257920385872,32.73913366568008,37.028878114530485,40.67171890969791,40.19793558837372,27.30670807361528,13.343532920587728,7.46173380753367,9.369881293031224,14.484939257261097,20.60844374026209,27.45039677513413,34.864148665565445,42.73525476233065,50.9310155273795,56.17264946074603,59.53697144987976,57.65368401789194,52.432860307183496,44.12193513300184,0.8724040568049612,-0.4887853942889926
2025-05-02 21:00:00,-5.0,46.0,85.0,13.0,13.0,16.0,73.48519171254544,24.533395221951903,3.360614743911019,6.106894832185559,94.04036806376482,93.38739811244147,99.00174406284366,96.89276323378112,95.84776122174858,98.25877656134568,99.41449798576512,99.25804096251656,97.96297864298812,92.3116446197069,85.88441303664759,79.32807855036737,72.67217920617516,64.62052343177129,56.42338736049961,52.73904970935439,51.118840710382585,53.73421517776482,54.30740880327119,51.84828187512678,40.7102002326122,0.8638670987837349,-0.503719798736334
2025-05-03 21:00:00,-1.0,53.0,78.0,25.0,8.0,33.0,54.43645846023466,16.874954010444736,4.955343367521307,5.631201391431057,65.50365868651097,66.36087217222669,73.39823975008773,80.47506062071896,86.9499436396938,94.25014837180171,98.81462490734084,96.58389299716494,82.1562716194864,57.36403065110104,42.54296972205548,34.4618130992471,30.998333146707107,39.991615040487616,50.47191875380312,62.27821173166307,71.73185939048592,78.67754387999551,83.44008231620268,87.61211366258117,89.03660265210698,0.8550745085896932,-0.518505144391157
2025-05-04 21:00:00,3.0,58.0,41.0,50.0,13.0,32.0,35.73235998600179,10.35274079153258,7.655225001098355,4.6026229725162935,31.71624716938092,32.28746894060355,36.19556859902017,40.49175616821584,45.44191488897077,51.28892584699376,57.674489889883205,64.93208569711594,71.40463135945566,77.0443082165086,80.43794515309123,70.14990238117687,50.02817415362758,29.258126039545413,14.57448436408442,8.447966071451626,5.8439369625081925,6.269147049977058,6.856786411850635,7.5764850235242545,8.454556374020813,0.8460288880917339,-0.533137056031809
2025-05-05 21:00:00,5.0,59.0,8.333333333333334,35.0,4.0,16.0,24.789218971655195,9.425325684941289,4.739332711364721,6.629484542431807,20.7220005548734,22.582064384313405,25.13536056853272,28.22356711719416,30.900127124003298,32.39753656785386,34.57470740553179,39.73018564624876,41.65744406850354,41.55487738725843,39.411949644582855,37.25475089597307,34.98284641742213,32.31862639469206,29.77413011230803,26.63011209445652,23.76232489236009,19.74326094146628,15.801921346323528,10.254428841630856,7.516652749353087,0.8367329140344921,-0.5476112038402312
2025-05-06 21:00:00,-6.0,61.0,74.66666666666667,21.0,13.0,17.0,59.96347060974499,28.76394866488205,5.2092154393616585,5.605336126285249,78.61273517952027,82.56037906102893,92.07220836612755,96.58506944103095,95.70083567964215,96.34814205768502,93.69830778775273,88.43160522967345,85.86930567381512,86.68423406938747,88.63733301590625,93.65450811556973,98.9376873581756,94.71947040812525,89.43638544139013,80.88223770746161,79.06797646005965,80.2627178486641,85.75719284878998,93.52482043938292,89.52007011324771,0.8271893372462497,-0.5619233046832195
2025-05-07 21:00:00,-5.0,66.0,71.33333333333333,37.0,11.0,18.0,52.248935377409744,26.371330871587524,6.811853394893148,6.000256463062099,72.59778184595953,72.93087115370072,80.73682537449382,89.15041121940206,94.49999838855834,94.35886790973066,92.88876010468996,86.64634595407065,77.7507362232507,81.5124061365752,91.44564698460664,97.94390323386588,98.38693132678893,98.18337761486823,94.61567368795924,74.68121490981564,51.89633344182288,28.687332299045888,21.52828656112688,26.71276338273446,33.062404976801524,0.8174009818249189,-0.5760691233798758
2025-05-08 21:00:00,-2.0,45.0,80.66666666666667,30.0,11.0,36.0,57.75190996529316,14.470727751490966,4.196409863600485,5.741245882747754,72.38356598081937,76.09266229104082,85.60953449833494,95.37007000416652,99.01251230850872,94.42875003814568,88.2391854385571,86.25194035684838,87.38404749173469,90.47954273735486,93.21092989130844,97.30523323683506,100.0,95.03616240496385,78.1296015104738,45.83587195392255,26.582079943494914,11.976019272264264,9.665605039691576,12.085093700820131,11.499659502988012,0.8073707443023492,-0.5900444739548627
2025-05-09 21:00:00,0.0,56.0,57.333333333333336,34.0,6.0,11.0,48.79868354185697,18.460751757222088,5.979493989372775,5.579469907395657,48.67513572098498,51.001854667766366,57.40270594422697,64.69959501522655,73.00848281144748,80.54835398230149,83.02753968682372,78.49005045074945,77.42154361492969,80.22330138314278,80.72864270351174,79.76629990049156,77.49209416377447,77.05537888903058,74.8925440044993,70.77145322344433,64.15270091890903,54.73553077303063,50.77995163153729,47.56777857665408,57.73616953917484,0.7971015927871943,-0.6038452208771035
2025-05-10 21:00:00,-5.0,48.0,85.0,15.0,10.0,1.0,70.87219052088518,22.258589710513057,4.59624589565125,5.362957376719383,70.69984825724379,70.2990142835828,78.3870824844966,82.16523364781636,82.19771650228186,84.0436713906056,86.39885659538683,87.99518678633474,90.41361415228003,94.6430647249454,97.95550428350565,99.5245105294719,99.14526163578608,99.04485862397568,99.1267500082189,96.07203060157818,93.47227345210273,90.36074601607608,86.72243468071323,81.5656847945503,80.62842609408362,0.7865965660866021,-0.6174672802835514
2025-05-11 21:00:00,5.0,48.0,19.33333333333333,56.0,19.0,32.0,28.717895477109177,6.078359738432448,6.241362353213745,6.633806138315263,45.050443552120434,46.797340111521976,52.950200958806526,60.115456159929536,68.00482445909464,75.2518169381254,76.67064619647178,75.74272740512185,66.84780489971591,47.0920434970902,25.14471432364599,15.511116348367176,12.21272031952862,13.656287722552152,14.9467381367871,15.404286378491506,15.1598418525553,13.848260298522316,12.597510264871785,10.688790537789002,10.403120630544803,0.7758587728069828,-0.6309066211876704
2025-05-12 21:00:00,5.0,55.0,75.0,52.0,11.0,29.0,39.82293095757372,9.865581029293828,8.313338302331765,4.561741043552135,30.02304516810145,30.64050535431432,34.36194387707595,38.39257117181502,43.610091053994296,49.21264897065192,54.80915484919411,61.945651937620895,71.33380100253123,82.17208389871305,88.37852951639536,81.44318302073998,63.888895440187376,40.51505679841066,21.18229257809549,10.177921658700598,4.547451820336003,3.550711494575519,3.404992761366163,3.5846500726496298,4.680365433168288,0.7648913904341226,-0.6441592666722685
2025-05-13 21:00:00,6.0,62.0,45.333333333333336,38.0,4.0,23.0,24.227355622953382,9.483146496891226,7.824771352636951,4.337678238550758,15.582766696486166,16.288269331486767,18.074747247596328,20.21988756392529,22.62053706417982,23.333879282021584,23.77222164018413,18.60689052391216,11.367325821580666,5.103284994456223,3.493712781689128,20.11466467724223,48.34315693527149,81.59132886611988,97.4623337274115,97.83961201744766,96.0866891990745,91.2716663035996,89.34457050793011,86.29356431469364,87.13049956309625,0.753697664392914,-0.6572212950663319
2025-05-14 21:00:00,4.0,80.0,2.6666666666666665,48.0,11.0,25.0,32.60301661109523,21.304942717629487,8.100190944627105,6.41099931967127,33.50228294226976,34.01986165494457,37.63541679018482,41.78898223121201,46.45924828636228,51.40925167847907,53.8024527703843,55.869445041719615,57.36272376412597,53.81981851891148,44.58075262699151,38.10204175319752,35.49236773135965,37.16028413668048,38.77296393893811,40.564282228317424,40.86601138767266,39.167035332581655,35.996660829965506,30.696251011343573,20.396662103818407,0.742280907086982,-0.6700888411055113
2025-05-15 21:00:00,-1.0,76.0,38.66666666666666,36.0,7.0,25.0,43.164723830282384,31.114690848306616,8.429599836143549,5.393354747390432,41.2575663263548,41.28935809508595,45.049670556884976,50.401327546403095,56.415665605264586,63.397750501673855,70.62241307357803,76.97445942635113,84.44376557496807,88.90559053719865,89.04922424125485,90.58199576887893,96.76306582390684,99.0963391964648,99.96611987091026,99.5933362549476,97.3600088468912,90.02770181879191,81.3745278375724,69.13024108384374,60.53869879687765,0.7306444969184916,-0.6827580970759147
2025-05-16 21:00:00,-6.0,63.0,69.66666666666667,16.0,10.0,11.0,62.51513516831747,33.93272665343765,6.525365681934019,5.573138735854349,67.74480983934983,67.87668146934904,72.98914324847892,81.50530238610278,90.5291342018686,96.3727168470131,97.59005755837492,94.65686876403949,90.31606014701391,85.76154780410822,85.36358850968801,87.1044272847215,91.9968450271486,93.04309577300728,93.92452272600404,93.79656574475378,94.84376943938145,96.57586023741142,95.4616999586663,91.6099795334421,89.25999147996767,0.7187918772884232,-0.6952253139408722
2025-05-17 21:00:00,-1.0,59.0,84.0,14.0,12.0,13.0,74.75644072853896,31.444552959830908,4.5517866948616925,6.422956167646378,93.53571843064977,92.9022995544979,98.69781365451288,99.05505782739904,99.29041669432178,99.63749413995988,99.00087705597002,98.84009200898106,94.47292641741248,91.70007394104434,90.24009862695983,86.34588061959671,78.6172802047523,72.84755479362421,68.19718800360742,67.14578308546142,66.87396873497566,71.72430069949273,74.95720970692116,75.82699359643689,69.6780099439847,0.7067265555776158,-0.7074868024503348
2025-05-18 21:00:00,-3.0,57.0,82.33333333333333,12.0,7.0,6.0,77.39637891920374,27.473657691881183,4.88975553393534,6.018295999992757,95.6396701726543,95.54670586450275,97.7460056356698,98.92530192925054,99.81253711540128,100.0,99.92534103336664,98.75978126136576,98.57712642828427,93.86424948350312,89.95440319100294,88.67816041908499,83.26636530300478,78.65616062295008,74.02045043264755,57.83904602210047,38.50901634537846,24.833421975182407,13.505872453894703,9.504271560996573,7.954382261911196,0.6944521021088763,-0.719538934232584
2025-05-19 21:00:00,-2.0,48.0,82.0,11.0,12.0,35.0,73.68651352933676,24.54392817860268,3.648904404662699,5.764081485687814,95.59997001611762,94.96932633683107,98.09224436694043,98.93642307467891,98.9713106391904,99.27653086104378,100.0,100.0,100.0,99.58424507306027,100.0,100.0,99.67844072764166,99.89389290549606,99.97002354224529,99.43670189663416,99.74861142176285,98.7635314560046,82.90264604151545,47.11676948448312,28.042143109605178,0.6819721490904629,-0.7313781428679254
2025-05-20 21:00:00,-2.0,56.0,56.333333333333336,44.0,9.0,4.0,46.910016212323086,14.927713125605958,4.606819370015418,5.954494619716766,72.49730807948315,73.5653182154649,80.60313773139534,89.01816023588503,97.31178280719492,100.0,100.0,99.84400687436856,86.38283390423106,62.748280674548674,48.64645368569536,42.002631170281305,39.27995979433342,40.470408311966175,40.36987271876836,38.22507444758424,35.79217054158691,32.60586584297216,31.10511733848751,29.937487838062115,28.96688169040339,0.6692903895412567,-0.7430009249440493
2025-05-21 21:00:00,-2.0,53.0,70.33333333333333,39.0,10.0,9.0,52.3295909554753,10.978333499772653,4.601538110635697,6.212657529318315,71.28144749063424,74.39007829405443,81.28824130307221,85.41991310245271,86.52262921686598,90.15891577630136,98.45560121571847,99.63579683591294,80.35563844943752,50.74370653910324,28.97625684226528,18.361345159450945,11.647363536017007,10.735384278535404,10.330429448089689,10.523584693805214,11.976901672244717,14.300624710500554,16.67085523757678,19.22140883748501,18.29322205110881,0.6564105761979381,-0.7544038410927472
2025-05-22 21:00:00,-1.0,56.0,70.33333333333333,48.0,12.0,11.0,45.08636504061848,13.444595067967498,4.8245486159925735,5.97704562737978,76.67093389127825,79.20303088982934,86.11884237974927,94.05506911121574,99.6862693853394,100.0,100.0,100.0,100.0,98.0790669116079,77.95600384407226,41.31808536478594,8.331657118180527,10.64164868005454,11.975632510634018,11.514637104416558,11.5493638419635,11.71985096947708,11.630476425360508,11.325267216654677,13.51410562065363,0.6433365204044917,-0.765583517007675
2025-05-23 21:00:00,-1.0,42.0,84.66666666666667,18.0,14.0,6.0,76.04554787969504,18.17193400617244,3.587103892711263,6.404012059334227,88.1393503116213,88.10451854232869,95.80152909949678,99.97327785878488,99.60518344515998,99.82520386386264,99.58800672414677,100.0,100.0,100.0,99.91808426101024,99.10899213431772,98.568079449344,89.50187122197197,79.04020059160108,74.46991726424935,68.44912744230926,61.02776767853775,56.82355287011439,54.864043624944856,67.19261069649555,0.6300720909843687,-0.7765366444428655
2025-05-24 21:00:00,-5.0,44.0,84.33333333333333,18.0,8.0,2.0,76.2321444120813,17.242944549983406,4.517870985336561,6.002500100648581,87.90965028980195,88.18911032884884,95.70949408845355,99.17436171972837,99.59015938679086,100.0,100.0,99.9038171785058,99.95865643793552,100.0,100.0,100.0,100.0,99.61755493427356,98.9339487678676,92.87211527049938,88.67667809895755,84.3615207215797,81.32377459745818,76.61676995915616,73.07662429818863,0.6166212130956382,-0.7872599821916922
2025-05-25 21:00:00,-3.0,52.0,71.66666666666667,23.0,8.0,35.0,63.50695541148772,16.398396422397926,6.172469373856085,5.918323104745408,86.63098054161496,86.68936019352104,90.62472261908404,96.5543955826394,99.53740655723269,99.88059998801604,100.0,100.0,100.0,97.6331896658082,90.488644544526,82.80664092339353,75.63403603763167,67.08534195740057,55.52368436102992,40.06931982718358,26.737621770469023,14.672845809941624,12.8967513859823,17.56335157294235,26.763015632581727,0.6029878670694714,-0.7977503570459932
2025-05-26 21:00:00,10.0,68.0,15.333333333333334,69.0,8.0,33.0,31.952006047371967,13.644194824511914,8.597014561987084,5.076972623547673,43.79424157801613,44.54047941153207,47.88393244395974,52.4258611128091,57.70568214776745,62.86708013112746,66.28972429579886,62.61460349074132,58.03005310222811,57.5236841765004,54.70745028528279,52.54247952925834,50.54554728678801,45.01665939001405,38.846991297570085,32.88926751666626,27.31987502283087,21.62293940312573,21.134551069074288,22.394381735903607,29.27139408836659,0.5891760872322963,-0.8080046647350754
2025-05-27 21:00:00,5.0,73.0,16.333333333333332,78.0,7.0,31.0,26.9520366921664,12.372214541131896,9.385985115234874,5.581310472649902,22.72174729082128,23.384337911491404,25.87021886466315,28.984316849372576,32.88050203540309,37.742057011948894,43.29563653570328,49.184350695469625,55.5503338399779,61.7644513855254,64.90469716862114,61.93505899252172,55.478478343815375,48.12626336698414,41.53953689479691,37.021783147289085,31.27175971520041,24.752632373295512,20.84008293182936,16.92126794130944,16.659661212131883,0.5751899607119775,-0.8180198708443175
2025-05-28 21:00:00,5.0,76.0,0.3333333333333333,70.0,8.0,29.0,26.36562720419712,11.30171846242992,8.995662330684672,4.994348669073802,20.29897869300944,20.731994904542454,22.651900601052915,25.11335063900377,27.72536091390958,30.779245917934823,35.16720729117809,40.11514194738704,45.4392738283093,50.1717684544732,51.87867569119613,46.90445082065923,36.15265782193276,20.49671654906351,10.074813653796005,6.582114261736556,7.572535274544394,11.825804534769876,14.11250854430338,15.77847701866871,13.590741492150013,0.5610336262283677,-0.8277930117131022
2025-05-29 21:00:00,4.0,74.0,51.0,44.0,10.0,24.0,31.663474899568268,17.356085773771298,9.281797336570948,5.428600073133501,27.610615087068258,28.100591350732746,29.11251726798477,31.57876444861568,34.48039174135191,37.940418765045294,41.133070617796285,44.49474987064077,47.94759820896897,52.30714154060985,57.22287853764346,64.2209937205022,74.01619924214174,78.90484061941854,76.8477547796493,52.35957630038335,36.28022511504962,36.01601432752888,48.36726046266101,72.69313789930551,83.04757875260933,0.5467112728685939,-0.8373211953118121
2025-05-30 21:00:00,0.0,70.0,50.66666666666666,39.0,9.0,23.0,49.06274959008728,25.92944973676591,7.498878936747251,5.924596344615698,59.93211067918248,59.31888991595127,63.281553163194936,70.55347103511968,78.48123598278951,81.46471629085252,86.73573021446197,89.67992338364171,89.47118510568367,82.84398631123526,74.53364669899425,69.0676839748753,75.58675877431878,80.92633850660883,84.29634448529917,63.57327137870566,47.202820454096326,45.09499816236397,45.48338486686248,50.19231747927814,52.52835151773463,0.5322271388474397,-0.8466016020976267
2025-05-31 21:00:00,-1.0,60.0,86.0,25.0,12.0,11.0,80.54849897554632,34.61065291643557,5.555716224254134,5.472834840651197,94.04568156587048,93.96403251880572,95.14622925590866,98.79604480912204,99.63029754414852,99.32545517862296,99.03460332779272,98.97863424056624,99.63480281560432,99.276107272731,98.44657410112691,98.00633842140664,98.51361400280038,99.3248203812461,100.0,99.67110969223872,99.29919391635688,96.9176397110684,94.9270997998107,93.00688049806443,90.78309224887803,0.5175855102531889,-0.8556314858488706
2025-06-01 21:00:00,-4.0,50.0,85.66666666666667,33.0,15.0,22.0,73.88570607419034,22.78581771753032,4.525458017289648,5.879557994203183,81.67282117288589,81.67603275128339,83.77756980126526,91.9567726334637,98.96510379242636,99.15294968552568,98.40464573152332,98.84019252835296,99.22449576072782,99.40397759222896,99.14585202316184,99.1159174038674,98.68485732013532,98.81835579520798,99.00062786125297,99.24218399104542,99.34604137030064,99.3658607370773,97.96033436572004,91.16192474476446,81.30504023553937,0.5027907197793043,-0.8644081744776648
2025-06-02 21:00:00,-5.0,54.0,75.0,28.0,9.0,25.0,61.34736296835159,18.929432465425872,6.140525587658313,5.2528509955793385,78.76329638933144,79.48095914764185,84.14577972661972,91.80117248094128,96.55812620635716,95.9836726931369,95.9167698960116,96.91969763848093,98.03542901171356,98.63719022001868,99.21599010430802,99.39322695181806,99.4928934914975,98.63630911742868,94.84002411029468,85.07254319748459,71.72968226952176,54.76051597703575,36.6013858813286,15.41813642877051,19.164843327749544,0.4878471454423119,-0.8729290708206411
2025-06-03 21:00:00,9.0,72.0,10.333333333333334,54.0,8.0,24.0,31.348362211590704,18.300231166376623,6.203412411906816,5.735940219453847,38.82020956883996,38.87421021042712,41.82817209610069,45.35345311356626,49.99393626427091,54.41626059964005,56.04636854248282,55.17648955566264,48.253902161025714,34.31708454521591,33.30069719818712,36.8195926771365,43.41403262349453,49.71039246849981,55.782553529886016,60.07507317164929,62.42913474613685,63.02744921061216,62.32496942788048,59.81929740567439,62.79539589784007,0.4727592092862775,-0.881191653407483
2025-06-04 21:00:00,2.0,83.0,42.66666666666666,47.0,11.0,21.0,36.92528324514199,21.695766937281626,6.31872151961507,6.247466095415715,48.12273469949376,48.57526585967523,52.22532251098373,57.218905052038174,60.81275498476749,62.80720175091204,62.27670483991192,52.55350714087977,36.85018379397742,21.99526042491322,15.551672643507596,12.363923524908468,11.780031319641884,11.441029560813664,10.80387044281004,9.708765468504168,8.917410234626013,8.33990593755411,8.610724573628021,9.335315633457954,9.94615219593576,0.4575313760742512,-0.8891934772070711
2025-06-05 21:00:00,-3.0,72.0,53.66666666666666,19.0,9.0,32.0,63.63694965420793,38.28634630336325,5.923525346463605,5.229217805856791,76.71082119071454,78.13445955834082,86.14845248254802,85.79151061306803,85.17370032372408,88.3152687354348,92.0300695632742,95.3185849295037,97.10537760606164,96.23806171845452,85.83499728693532,79.51653947716045,77.75977272676656,87.02389060880907,94.81256717971608,98.71072230353502,98.64338806146316,93.968720872328,89.50136354141058,83.94810835013334,82.50992419345718,0.442168151967072,-0.8969321743510065
2025-06-06 21:00:00,3.0,77.0,40.333333333333336,44.0,3.0,6.0,33.37602836750108,18.44481457726912,8.42844907118346,4.790878266137213,34.176946705090685,34.54261875457965,37.45546256796949,41.49242055125728,45.76144384970948,49.69498441218995,54.6463279616889,61.5619876286315,68.76709590405879,74.39669598751344,68.6188959703196,54.77457476503056,33.429059396944325,28.681185346583216,25.80333022903288,27.491736037643594,28.45626123793865,29.245202975550804,32.59801139046804,38.01373860171013,49.29892117916906,0.4266740831899246,-0.9044054548343
2025-06-07 21:00:00,0.0,68.0,69.66666666666667,35.0,6.0,1.0,52.54132558106587,25.26674256384511,6.625800257188722,5.701449124636895,68.32215060735945,68.54969991859481,74.36660817608231,81.91906048222103,87.72011129674138,84.78414757875201,79.47834191027827,77.55996654365408,78.84780476935248,81.44039268660809,85.77077519170034,86.67757186403924,81.18343596704169,73.782896361836,68.63836776551369,74.8755433400691,82.26505997712613,92.24033480409004,85.49653685687409,61.92012403043455,43.51919848313855,0.4110537546870351,-0.911611107193024
2025-06-08 21:00:00,5.0,70.0,3.333333333333333,57.0,7.0,35.0,31.032316793653507,12.763117285552752,6.5343108038280375,6.064287710791112,35.60161355278686,35.95657871430046,39.67863960745383,44.100330338262914,49.48733518541003,56.00268308710904,62.07343477290975,65.35772561795868,59.49002497203121,40.20899047773834,22.51735099009735,16.509973708187154,20.00273448972804,24.97295347125639,28.07420742657516,25.831128200737663,21.56687863046111,14.353692444251363,10.587312715862208,8.441901325262863,10.16384234673997,0.3953117887649151,-0.9185469991587164
2025-06-10 21:00:00,-2.0,60.0,84.0,15.0,10.0,15.0,77.65354848481704,36.427225760730806,4.376088385967039,5.041387969647464,97.73989067509147,97.63489086457756,98.69014796115933,97.42940804958648,95.7955913154618,91.81352141120176,88.5509545530667,89.37199394618203,92.4759556862554,93.82204115578052,91.395889603654,91.45497739131169,97.16142813701836,98.94068239256444,99.37553583979852,97.68190814159112,96.31545464857768,96.3454398816624,95.72117083614536,94.94284145231543,93.84233043686758,0.3634816124829063,-0.9316013725767188
2025-06-11 21:00:00,-2.0,71.0,23.33333333333333,48.0,15.0,26.0,45.6871515865796,24.63058884755193,7.946945387674583,5.871458672825306,58.84258887885469,59.54965405326808,63.47777117448263,70.47423974967593,77.93078527003784,84.52374861898548,87.94672107348055,82.02544182959855,69.54519262680333,66.71477164274467,71.39462970488036,78.84431971727656,87.65499604223346,92.64600721912302,94.29491871886322,81.6405990752672,66.97235134173887,48.79185928586718,36.40439586476053,28.31087153579085,29.113458214952733,0.3474028211842774,-0.9377159910299092
2025-06-13 21:00:00,-4.0,59.0,42.333333333333336,61.0,10.0,32.0,37.3680528699157,11.4463702035743,5.953361425252351,5.956061750217211,49.66676171845047,51.602950480069154,57.49380418849272,64.28300735925514,72.17219704301581,72.58991254145678,74.3607004110507,79.04253603630413,86.59003695579321,93.12531085828874,85.77773894342081,46.90674304765002,14.573797562103492,8.502430384394627,9.848064341810735,21.280279079844416,31.14316367717724,41.55225758661823,44.888177529035126,44.949407157306645,37.52940728586268,0.3149416207289519,-0.9491110448902284
2025-06-14 21:00:00,0.0,64.0,18.666666666666668,65.0,3.0,32.0,32.59081411208216,12.090125926662427,7.992612296994452,5.260785461268877,40.75891017295432,42.69841100784362,47.04785418171596,52.208246450571615,58.09822095185769,64.20639338440331,61.63192421944842,64.89348450354716,69.0395179251807,72.48131817873443,77.54310737920446,66.48212831383694,46.94384815193537,23.749558904852886,16.572533982317093,23.84794414678932,25.296054741679143,22.99317857102324,20.15513437713736,15.786634711586345,11.676747547987684,0.2985688173637202,-0.9543881083175908
2025-06-16 21:00:00,4.0,74.0,27.666666666666668,61.0,9.0,22.0,32.90371758307909,17.009509203626273,8.543682282249721,5.417728683846606,33.55690450194383,33.91687593333307,36.97033036071354,41.159268679940176,46.13752131587566,51.67024101146448,58.61106488946225,66.79016530079338,73.77906127003429,77.63418490426366,79.036469868324,65.13802482873793,42.19088279061013,24.86455837478751,12.453131610151738,9.99925509961448,12.81860755219007,20.513712721154167,30.336535775134017,42.89358070564524,37.36562017927679,0.2655630278040559,-0.9640935007889756
2025-06-17 21:00:00,-3.0,75.0,59.333333333333336,38.0,11.0,19.0,49.80730647655911,33.72708926885747,7.64687884909774,5.3942046169153,53.63712266637803,53.74210730151109,57.73961114270829,63.98212929517898,71.09916421014556,79.12005607891095,86.4873669358082,93.03385066574388,98.07471786975944,99.01412329795262,94.66484760469778,89.62808023427988,84.23267706003715,88.72240854007053,88.91813158181299,81.08610806200961,71.43474562605118,58.814614993067984,55.15738416745469,55.95234306710477,56.52552575415231,0.2489398085537665,-0.9685189578512204
2025-06-18 21:00:00,-5.0,73.0,82.66666666666667,20.0,10.0,24.0,70.89397217984008,36.67022391270635,6.330341928214568,5.603410682551216,84.04033216414517,83.7263083370274,88.88998842937764,86.96631196572775,83.5910444101977,76.98107437194216,68.86162636276825,65.62633051630215,68.1651521131914,73.80611758678897,82.83469408244757,88.34444963097462,85.11760840629294,72.73729522747013,59.23151303203604,53.115457546895904,46.95964621266703,41.07426998978891,37.38105498344241,35.37719865423766,36.64586167524617,0.2322429240090701,-0.9726578145718654
2025-06-19 21:00:00,-3.0,70.0,90.66666666666669,8.0,7.0,10.0,81.28158556761407,46.83298955921229,5.922371432664992,4.94718123550958,88.4372220954468,88.1628412932762,93.2680644959065,98.02821317559848,96.90670491536294,94.66226679402097,93.863150604698,95.05523434070108,95.99009522925472,94.15801953967112,91.2367175080732,89.70036442222883,91.62351607901203,95.72827293124313,99.08553121224864,98.64548909394703,98.21100450334146,98.4358654763208,98.23259936209458,97.4577269408812,94.68942735023796,0.2154773150467301,-0.976508846196619
2025-06-20 21:00:00,1.0,61.0,89.33333333333333,17.0,14.0,32.0,80.62364290299612,37.962478587169066,5.014898683784184,5.673768178340051,87.21971426621673,87.42299975701802,91.49308070440088,96.82190023532824,95.46817624189605,96.80634040110712,98.659042911575,94.84300119088384,91.8821610071455,91.63114929719572,92.0454165802565,92.52149457147996,95.20000482997877,97.70171344852022,99.23046107220053,100.0,100.0,100.0,100.0,97.4957847707793,95.87501790737238,0.1986479428801711,-0.9800709131432666
2025-06-21 21:00:00,2.0,72.0,3.0,48.0,9.0,30.0,36.56881866475328,13.030881703765484,6.001767152418448,6.87153326554431,46.53133565154407,47.129733171614085,51.40818358999252,57.03177675214698,63.368231427815815,68.99722845499636,67.90009807037292,53.68986974983687,31.822736977985567,11.536741884085188,5.723108539311282,3.283700049288267,3.3336949882094657,4.263796039375361,5.078462886008957,5.292795391677943,5.831278816614402,6.692012549255702,7.383900319106196,8.02632032533052,8.44039389910582,0.1817597875913753,-0.9833429613388902
2025-06-22 21:00:00,-2.0,67.0,70.66666666666667,21.0,13.0,32.0,70.26667474204065,29.19171885117468,4.39001344010199,5.855342173480581,76.49668442289934,76.8982948586889,82.89183403119766,89.90006820396006,91.62755816419154,88.32700241129756,81.4910886047322,72.96981251230827,63.83849098977426,54.30408142402785,45.1993911289841,36.37758102029788,27.61760005741497,21.585152825796147,16.3503340871222,14.189976216637426,12.287989448313883,10.666178742826506,8.921318032998878,6.721681262194128,5.211688670895807,0.1648178466571979,-0.9863240225317866
2025-06-23 21:00:00,-2.0,79.0,50.333333333333336,28.0,8.0,19.0,58.06776774038548,42.39705794732479,6.284150040717934,5.698077752523433,62.59538981283197,63.01030760355339,69.08592222148367,75.27280057818753,81.18353476798704,85.91011557953227,81.80145630036775,73.25701635041972,69.80841664598248,73.21337988836358,76.93903732221851,78.27186088825532,76.41734466435007,76.26769801137728,76.378688476015,79.45001943307582,80.11658164555632,78.04097692513044,79.69762176255509,83.37105075751877,86.61023938486262,0.1478271334705304,-0.9890132145779884
2025-06-24 21:00:00,2.0,83.0,32.333333333333336,37.0,11.0,31.0,54.66652474733164,35.30346076420897,5.876614673817961,6.235168169502021,68.3198287641865,68.7460852352822,71.7499855575229,77.73739650382517,83.0124975253361,83.57126736259228,82.71112487209274,87.73449752767704,93.19348581983418,85.71758362752595,50.22895979708939,21.95880060214257,9.157400343013936,9.10374366302926,11.145725752574476,15.602822725916315,20.311386041473057,25.586273152307044,30.78590168629902,36.586127554267016,43.76354881514622,0.1307926758567592,-0.9914097417023038
2025-06-26 21:00:00,-2.0,65.0,55.333333333333336,59.0,9.0,31.0,35.44835505459154,12.5905739352952,7.257533076506607,5.261320850810528,43.08612819761027,44.33976781389391,48.77275956052874,54.304535513726,61.04950607822992,68.36322352063318,71.11523036947303,68.94503182505792,60.94139746236116,50.075000102176126,46.01089544754268,43.34055539694678,40.18186110177909,31.696573958400176,23.00603145481271,14.390863727426748,9.276215593189868,5.67900176584241,4.940538754607575,5.3161275533272985,6.190812414741275,0.0966127018812031,-0.9953220513156602
2025-06-27 21:00:00,-1.0,71.0,61.66666666666666,51.0,3.0,25.0,35.03736155492574,14.80900865370436,7.3264578516607,5.249034822274901,40.45925589946953,42.50114736798727,46.97767497714872,52.04748202113115,58.16137983330526,64.79528875959613,70.51048425740899,74.7307961188302,73.76201788630723,64.91758083786661,46.970051895452144,33.04772400380593,21.81116485340329,17.67517951414068,15.462901194923322,14.80773173547288,14.475885652209348,14.124083773693844,13.624797027612365,12.412913881918316,22.56475523857521,0.0794772999236209,-0.9968366760893436
2025-06-28 21:00:00,-1.0,54.0,89.33333333333333,16.0,12.0,14.0,77.13499337887522,32.4957575459608,2.640521545039712,5.734308796900847,87.93135114142518,90.72429867365284,97.51757355288316,99.87203719533308,99.25381920870213,98.65262978838416,98.71088993091988,99.71172636461333,99.83594104806274,99.55629175713632,98.61167178865104,94.98714362997688,90.13807999063282,93.9436359047604,94.939545920216,92.02496318117556,88.87099592528979,84.99403172656001,82.81791785537783,80.81522398978746,57.53438392229865,0.062318379354325,-0.998056320853012
2025-06-29 21:00:00,-2.0,63.0,86.0,12.0,3.0,34.0,80.77268735476473,31.425818012267616,3.966372999476997,5.287748126145674,92.23389646898256,92.95114280163028,98.75264664876696,99.87362824931138,100.0,99.32837392066824,97.96138918047455,96.2605310106302,93.84016812643031,90.59430848715924,87.77182935750778,83.59354749086125,77.31669482991803,69.73387134607057,59.97981448667582,46.83178411804158,34.8549133338236,23.85918896241625,18.564146442841142,16.66086441511578,17.583327932387196,0.0451410177739719,-0.998980624694158
2025-06-30 21:00:00,-2.0,81.0,45.0,42.0,7.0,24.0,50.68414229057117,37.53891307583794,7.586430327199208,5.22595849834342,55.15447131576522,55.6277081574318,60.34572361206501,66.55023843138751,73.23824287634905,77.70329504744429,76.26215350430238,72.56610915148384,71.67066263673242,71.493680077668,74.03541778326066,77.04063354148855,80.60544721106938,82.36772944788318,83.06409012232042,80.38526235500119,75.84795335683982,68.43592387522396,61.14921320041162,53.68740653217331,46.46349269781932,0.0279502982402103,-0.999609314096404
2025-07-01 21:00:00,-2.0,72.0,85.33333333333333,14.0,11.0,19.0,81.42343163922523,45.556571501402566,5.928894309699619,5.507896769174046,77.72688936996248,77.30202682383695,82.88866587802939,90.80241079787682,96.07571304399796,97.70292860788145,98.40422335410852,98.69435185739064,96.65267995161054,89.95321677857547,85.36779445079947,84.0060893125165,87.73802246002589,88.39883057784859,85.76926494120191,70.67351995412152,54.39432271494298,39.146232561736426,33.750270413175365,41.21176846595942,55.43994418439324,0.0107513077635219,-0.9999422030204416
2025-07-02 21:00:00,3.0,80.0,15.0,46.0,10.0,26.0,47.05273912757241,26.411288967986355,7.722177410276198,5.738963385646698,51.00659767567242,52.58042005214353,53.97985274356505,59.50111566145891,66.28332742983545,73.36795360482883,78.13802547277517,77.54384768944084,78.41282153613037,65.32380843973581,54.605818572858176,45.067144995786975,37.57990999119568,28.12287320805457,19.24508192100041,14.727107991572613,12.20568042158434,12.757404146614723,13.254460591621973,13.359443497438493,13.419474690305131,-0.0064508641981051,-0.9999791929590824
2025-07-03 21:00:00,-1.0,69.0,60.66666666666666,27.0,6.0,31.0,67.99815268764517,29.962234877025114,5.906582956022807,5.894935069731385,84.47075102478009,85.09507044472281,86.10836571971389,82.8557126149596,82.24182554792422,79.08402495558937,74.70247707636378,74.50036578359341,75.71132293310433,75.65226895623617,79.8772252732488,84.05742726282296,85.43226691872788,85.6500046340896,84.9277083505693,86.90525549215087,87.23739584895962,83.39125992602004,82.61795345614308,84.61842454195161,85.91966402348979,-0.0236511272452315,-0.9997202729664084
2025-07-05 21:00:00,0.0,77.0,17.0,50.0,8.0,26.0,40.24187217806167,24.736497878589635,6.8323470650420814,6.166876839547415,45.23089259381635,45.51264081409733,49.69994710848466,54.98204886751719,61.333762531414905,68.3935522080691,74.3765867945624,80.82674287233841,82.37565367170804,70.50503082544914,44.9480405461406,29.530153110363084,22.994344420326048,29.71864594928667,37.36753154544531,45.62336829740314,53.24585901653166,59.94866164949387,64.13286037259019,67.11850564091336,57.86180670972474,-0.0580255693287803,-0.9983150972033183
2025-07-06 21:00:00,-3.0,75.0,73.33333333333333,22.0,11.0,29.0,68.65984998793179,47.34776347381752,6.420968064520968,5.094787399235419,78.34777031168527,78.42151258474055,84.58596859478659,90.270152987489,96.02875071897594,98.68322525405227,100.0,100.0,100.0,100.0,100.0,95.776250553735,80.53992988389687,75.45522736251606,72.45698239189679,73.54317693924358,78.96510204767537,91.73061317567296,96.24809827312724,95.55273205923424,92.12074489208544,-0.0751895764147585,-0.9971692572470178
2025-07-07 21:00:00,0.0,59.0,87.66666666666667,14.0,6.0,6.0,86.57113244805544,41.0786448887982,3.119643608032687,4.80881997700568,93.30947926396438,94.68368147256938,98.45915653847418,95.25368842596797,95.52139037103107,97.52265590304395,98.5728843372106,95.98778492148712,90.94115537323236,87.42080916884527,89.04977979220801,91.60282636890652,95.0603423980649,97.56632912107663,99.04904087045556,97.69207354551422,95.0898788238456,90.59151044078033,88.67939710722523,87.83948660122796,85.09056052925581,-0.0923313336953912,-0.9957283388645872
2025-07-08 21:00:00,0.0,75.0,25.0,48.0,6.0,1.0,43.00991391902142,18.63594679922908,5.779638597340978,5.37344859868973,49.73827376867941,50.32859862225001,55.01053245753666,60.95966460130554,67.49636457387493,69.83426691229921,64.7105162418484,50.43935061070551,36.4765233732218,29.8025435930971,28.2960884496826,25.14535176465021,20.601091624722688,20.02123152799124,19.40064651481965,18.768280306579022,17.334336086069076,15.005309100709644,13.803871054658403,12.834004449746208,13.862812148948672,-0.1094457686489155,-0.993992768446958
2025-07-10 21:00:00,4.0,74.0,49.0,34.0,9.0,16.0,55.370380068334434,31.371302014067933,7.732902928784475,5.383439589280766,52.26223395622341,52.52616702175591,55.84035079788977,61.419203430711214,68.0442418604178,75.33773390775721,80.38244314217175,80.38928157260857,77.00432968530608,73.04564404450261,70.72889738813853,75.59686842551864,86.36801565561483,93.87459205336826,98.1005595366442,94.03759228116684,92.95125278532387,94.67006682034148,87.71849217308008,74.45647944804983,60.01857618896962,-0.1435724234118113,-0.9896398128792412
2025-07-11 21:00:00,2.0,71.0,66.66666666666667,24.0,4.0,14.0,70.68691673630492,38.81321799862874,6.459560217074983,5.692974222312327,87.11744218403977,88.05027905865694,88.47885090490396,92.66769390697225,95.79563022195644,98.05153159435976,100.0,100.0,100.0,100.0,100.0,93.83942315846797,87.8740748904473,88.00803319179018,88.35447160323858,90.475463201474,92.2266974105492,94.1155091718074,95.82304944977888,97.26707337748918,96.98198903564472,-0.1605745445949937,-0.9870237158387384
2025-07-12 21:00:00,2.0,79.0,32.666666666666664,34.0,4.0,17.0,56.05889507838373,31.58232416540003,8.218852320813752,3.839424173447803,53.46336673198755,54.78796049268747,60.31034019224414,66.70494522590212,73.70616550865039,78.70895434868484,82.67288000071272,86.12756009434611,86.71636855183425,82.97262266192459,78.47151901871999,77.04921430249343,76.02179089482462,61.1344847740352,40.04800173492742,16.877081586069075,7.698924160480801,5.924843494853432,7.412880107967452,10.8164412495778,10.888933034259956,-0.1775291491870349,-0.984115542601034
2025-07-13 21:00:00,-3.0,79.0,62.0,28.0,11.0,18.0,62.2760878775776,41.053538012518125,6.142882150393172,5.408090394308048,69.44504000065523,70.47097927994305,78.06440246463225,86.78184688797253,93.72981116308024,96.08528690401695,91.66440746817322,81.77150109780204,68.65125751308805,54.8736221815711,49.34776994839714,50.028180641277466,56.33968927398405,64.77476751518064,71.85000555696165,73.31755402171353,66.90804750395299,52.72554504567693,41.33915931249315,30.521476774459487,24.44156432565057,-0.1944312200476619,-0.9809161537413774
2025-07-14 21:00:00,-4.0,77.0,66.0,22.0,10.0,19.0,71.30206812410943,44.741004072291965,7.367988385617421,5.356443205650811,65.90654416940147,66.38215589885007,73.07050395192638,80.32883944271838,85.14097587066057,86.57329214331911,87.86353215396034,86.84678217235476,82.71217898950998,76.57664205194776,78.60028277390431,82.99159237157919,90.4072884630934,93.87397476957564,94.22453812475364,88.30870487717979,85.37730740566505,84.53331556173951,79.60722912388928,69.96048286842684,69.45446825150945,-0.2112757555821793,-0.9774264960104057
2025-07-15 21:00:00,-3.0,81.0,15.333333333333334,32.0,8.0,31.0,48.9158905388298,35.81267275789169,6.306937478904985,5.19748452910508,74.98244651646915,72.64214452043633,69.94592203211914,72.81115829550725,78.22782411685502,80.90843842451261,79.16638017553463,79.28794908182589,79.9659413822182,77.68537058367912,71.41695318390015,65.83073842862504,61.1396213367571,78.78128707037023,82.59928816859222,53.33130050145896,40.28247526690201,43.47075550375676,44.78419479399536,44.74513308761644,42.08917571014925,-0.2280577712215198,-0.9736476020539838
2025-07-16 21:00:00,-1.0,87.0,16.666666666666668,40.0,10.0,22.0,46.43872804888692,41.23940808453079,7.6825163869371424,5.907159160053964,54.90071228436679,55.35456039266966,60.34280045294849,66.75791591470272,73.9410082226062,81.66588341469314,88.30585671460615,88.07785171895267,78.11408755341638,64.43509569291824,63.35462470051706,65.29067334513886,70.5779253333145,75.92527891908894,79.68597653042409,76.21443316871172,68.1572491382555,54.18096367746884,41.47578240795127,28.3183847172423,22.827534103361348,-0.2447723008972595,-0.9695805901076308
2025-07-17 21:00:00,-1.0,77.0,59.66666666666666,14.0,11.0,18.0,76.37954483234944,47.73634073294791,6.354093840261074,4.93833892043415,66.59786266630154,66.71849897326675,67.87808165819722,71.9451495480635,74.327535524963,72.9912207877489,78.44145789319866,85.38998558453348,86.99242133001405,86.70873764915041,87.20583482292308,88.63047259843496,91.35987640508338,94.750067382181,97.88189119086168,99.6990153422958,99.85879118689392,98.39269272662584,95.57402407296227,89.17524609179294,86.49423738290494,-0.2614143985111562,-0.965226663665613
2025-07-18 21:00:00,2.0,71.0,9.666666666666666,62.0,13.0,30.0,44.0094408849523,18.0978226012602,6.8184839624704,4.935457769077186,52.47063955958603,52.74341508032804,56.78315272253691,62.66720120371855,69.69206955554864,73.25284427102336,72.1539228723332,71.26464853630078,70.45513584988251,66.35826455002713,56.5094127660846,44.62170031527198,32.04358705369652,23.68056866015925,16.650057141554765,13.03289372283568,10.925373973493985,10.208922509244452,10.172003742370263,10.564825698278431,11.429418780959336,-0.2779791393987801,-0.9605871111248128
2025-07-19 21:00:00,-3.0,73.0,36.333333333333336,30.0,10.0,25.0,47.7239173666059,29.065939296427302,7.759997299326863,5.645186958964096,61.2072407573227,61.64948288297948,65.28476078102253,69.17463956221428,74.2480918862582,79.66111332120448,82.92994175313446,84.74163230073475,86.47428638038456,85.8401065064811,76.44802717503447,75.37028468639132,84.39624538931497,89.07149780447683,92.45555030924818,92.13815537770935,90.45638644216297,86.17085512648323,79.57558630846671,70.25369198708324,55.62552607182588,-0.2944616217868012,-0.9556633054034704
2025-07-20 21:00:00,-2.0,67.0,61.333333333333336,21.0,6.0,28.0,72.84035496253438,28.72945490950422,7.525689146508157,5.572196268781822,67.01791274254708,67.69280518720126,68.35416579653345,75.60213715580878,83.31092656106797,89.85445086964913,93.16680401354672,93.1271643184588,90.31182550801724,84.23636982155443,80.8902952509194,78.37343217775465,77.74494515668636,69.15346808270438,56.56861191998219,40.52066506474959,31.24877205415421,33.89541837337814,42.41678263277387,58.418175879303504,72.4541479045714,-0.3108569682435036,-0.9504567035349152
2025-07-21 21:00:00,-4.0,61.0,39.66666666666666,54.0,15.0,33.0,49.566968220769056,15.832494731818116,7.704088552037372,5.63989049491639,57.26277186689482,57.35637287873664,62.16364075812888,69.06109211562189,76.71240412447072,81.59317203561768,81.40342712312348,79.79735546715625,79.67142678392283,83.27554433093334,86.18734252510475,85.30150114480884,78.87666097060084,61.88097596865787,47.81244728361106,40.9312086792191,37.25021058827333,37.06866139370045,36.43997531587403,34.24418985977346,30.74973961811545,-0.3271603271220951,-0.9449688462364056
2025-07-22 21:00:00,1.0,69.0,11.666666666666666,61.0,9.0,31.0,43.69760050385263,18.695236037626263,5.721581291699049,5.789406402527274,48.232373446776805,49.46014095903081,54.39513566478957,60.23907013923632,67.1159920489406,75.24634092759705,79.79335099354084,84.2020603091333,91.41559095337816,96.70216997078332,82.17569705873356,58.90967041129221,39.7663376104104,33.91945661496197,30.2965537817628,28.12728602050646,23.773899950130463,17.243920873133074,12.57461643847756,7.63840546501969,9.58845698483038,-0.343366873996388,-0.939201357453208
2025-07-23 21:00:00,0.0,74.0,38.66666666666666,44.0,8.0,23.0,44.47379125446989,24.60570194355505,6.4196544412377365,4.921330444449969,50.31072399915797,51.700649656168494,57.004926540100975,63.3577866006456,70.3635184128997,75.68923838407594,80.66301226502873,73.83716624662242,58.03493758737335,40.924576577568885,31.781475809381742,30.42438598758442,32.921721157288445,39.28509678022144,46.47793608185835,55.047739517178506,62.366414781833534,69.68485851012151,71.79209229751231,71.72738856115767,71.99003355999142,-0.3594718130884232,-0.9331559438780432
2025-07-24 21:00:00,1.0,77.0,71.33333333333333,16.0,11.0,23.0,62.027888304697775,45.37595752684249,6.979644508942832,4.7572107265168855,56.9636046877782,57.57863515679757,58.040506539507945,62.192318239147525,68.01968228268947,74.27623646156019,80.64470848426372,88.51668948794811,96.81070671153348,98.82528590479096,99.13714933356498,98.66665698965537,98.35622746642136,97.20704048541832,94.15209562163903,88.2152987936171,82.13720195322706,77.15930610857856,69.58939754497912,59.86715021872215,51.08360813093248,-0.3754703786876202,-0.9268343944460494
2025-07-25 21:00:00,-1.0,73.0,58.0,31.0,10.0,33.0,59.36035569550202,26.09928730671645,6.833363975424623,4.913382487694969,60.61485665781494,61.0251165628418,63.37223492678498,68.94493017217789,76.20230326608464,84.32549420050604,92.11322241283578,95.65305073992351,93.74228622851848,88.11847261255555,74.52088285643977,58.760802930209934,43.19502949520351,35.96548368126929,29.57075221985917,23.571425670304627,18.056228211432543,12.77885379056112,9.852512632321435,8.42273495870987,8.769318362707818,-0.3913578365610259,-0.9202385798054076
2025-07-26 21:00:00,4.0,74.0,7.333333333333333,51.0,6.0,29.0,42.85466916669138,17.582361329363707,6.759122751867941,4.708774218106742,44.04131936831153,44.82010119215821,48.65564324696653,53.23938037022747,54.70461975505616,55.54124633149622,56.54416355342477,55.90690935598626,51.79871631171614,44.50388684577254,37.93683786824128,29.869225632360592,21.416970858858107,17.143508978749583,16.250728473323512,20.54641931414756,25.18148272302232,30.415053472135085,31.738332648249568,31.324956404623983,26.93887606570548,-0.4071294853542516,-0.9133704517637858
2025-07-27 21:00:00,2.0,82.0,19.0,37.0,11.0,24.0,49.062695334425065,29.310215437438,7.669182872470816,5.544103106036826,52.80685872040191,53.57478172938017,55.95862242258879,61.18748689872078,66.47384755794809,68.34368339555982,66.1488508800856,66.40321371992349,67.67572854691338,64.43771538629781,55.20977796669132,45.60631321214062,38.19107413772094,33.763042394808245,29.62973567587672,25.774561067033293,22.93905700084649,21.920437561192745,22.683112841579312,25.29067000741857,29.888661395306528,-0.4227806579826773,-0.9062320427107696
2025-07-28 21:00:00,-1.0,76.0,27.33333333333333,39.0,6.0,31.0,44.78108457497471,16.953592370754574,5.858613455033567,5.588626045526958,41.88465357306833,42.14532289746937,46.21290634050915,51.087913367187646,56.576305087714985,55.90735504379334,48.56850107411245,37.04807840590612,24.72171832434596,15.305132463716934,12.925127595915136,12.648501732241783,14.156544695188352,15.61552134413543,16.888000885723653,17.43518463427138,21.15908519401994,28.534108966174166,39.00851768490992,53.34008040431893,55.89631328210557,-0.4383067230125192,-0.898825465016444
2025-07-29 21:00:00,2.0,72.0,48.0,36.0,10.0,32.0,61.397964442270506,26.26654922108472,4.375017957115761,6.3207851323781306,77.34770954179187,78.25962356548604,86.55319584837125,90.95820501071194,89.87726432711514,89.55900128828311,91.16114957405416,88.14750303650047,77.48160309061755,59.41327829452614,42.678878739560425,31.05555869158914,22.471881239179258,22.73912227575179,24.882678043881445,31.54967560391112,37.51059965417488,42.907296241278935,41.48860193646398,35.06444391557921,25.995452914215573,-0.4537030860313442,-0.8911529104063088
2025-07-30 21:00:00,-3.0,70.0,60.333333333333336,28.0,7.0,32.0,61.1421746910109,23.26828009755646,7.075032783634427,5.499383458490515,50.45509821970826,50.82779606614148,54.47357633651229,60.284431146068016,66.48353126596062,68.38643212045858,69.35383706622021,72.41911894471781,75.41340561847669,78.15749979884465,78.15153378755525,82.15229351320603,90.07850861488993,90.51511206239267,81.59507982862166,53.58197449852993,34.07647358599265,22.57623144676657,17.786197398389998,16.330467548398545,14.387536882497924,-0.4689651910076318,-0.8832166493127127
2025-08-01 21:00:00,1.0,68.0,11.0,55.0,5.0,33.0,38.8205293863097,14.520217243218577,8.190458367092523,4.887972987744043,42.14024525664629,44.14011969786482,48.85829283605283,54.146169136167856,60.7037004482272,67.4413900983059,72.79455232911171,75.5464829431721,79.52421636751208,83.38365698829409,86.06461213879967,75.46075964622835,56.29004654273055,29.03331851545331,13.898271648621291,7.510784083915029,6.816171264791684,8.849767217070413,9.754602004798429,10.360301231551688,10.434602892613436,-0.4990686026885319,-0.8665624788845385
2025-08-02 21:00:00,-2.0,70.0,32.666666666666664,37.0,8.0,26.0,45.53305267993813,21.96444864869442,8.47868728693376,5.67733167133279,45.00421222574245,46.03526777988255,50.71852445332012,56.269183503106326,62.53900698403662,69.86956821304034,77.5590952861177,82.26148062672713,83.54589481023092,83.67082359614051,84.05900780175817,85.99476333715049,89.44595849831941,85.68203391997956,75.69477202817838,59.130316928869306,49.32151294558341,42.31856933090533,37.704081121374,32.43913181944218,35.748933221900195,-0.5139010013093103,-0.8578494977869301
2025-08-03 21:00:00,0.0,77.0,17.0,45.0,12.0,25.0,51.93667951722938,31.65471503550324,7.42210609644622,5.86895494957025,59.26592397050084,59.653937374410006,64.38914979462831,70.7527241311402,75.54100427729257,74.78937183616513,73.82657477535943,74.83250162299977,75.32360663597332,75.06165415049907,75.07234999271256,74.44207430825077,73.25845404489412,70.98068941220839,67.42923626950922,63.09547201972645,57.940772046884746,53.12987960243737,49.82186500290368,46.99816958433578,45.405401545944365,-0.5285813283559292,-0.8488826652214553
2025-08-04 21:00:00,1.0,68.0,13.0,52.0,9.0,33.0,46.96300291239815,14.853090323810832,5.226758843120158,6.201929470951288,49.50616875692805,51.67542023286924,57.34536336274106,63.81581528527156,71.56463377136944,75.87825147347147,78.74176997127947,70.90445418524115,52.57594541337173,33.028334311753646,21.480794027844905,18.75715550410325,18.569759105896534,19.54509991174242,19.84623607025681,18.9665381797862,17.690227045204832,16.098995615984144,15.356591703578085,14.662125545290277,15.162896251135123,-0.5431052396834317,-0.8396646346181327
2025-08-05 21:00:00,3.0,71.0,15.666666666666666,59.0,2.0,36.0,42.38632854210911,17.721075260008977,6.633741463684852,6.275358342911849,44.64549962542189,47.97168230148633,53.42697283712459,59.74814609453774,66.94524321510583,75.29413049386935,84.47081134726544,92.6987756234778,98.15590490437025,88.90290961633568,60.02393869068121,37.16864565766202,21.39176197375695,16.125483817765513,13.71837737139524,13.288999160869164,13.85082882891721,14.774340530009466,16.21975620877132,17.999692306941466,18.85246338818626,-0.5574684374327892,-0.8301981337405212
2025-08-06 21:00:00,2.0,74.0,7.333333333333333,57.0,2.0,34.0,38.304780677449344,16.10377890117837,6.864030561982299,6.157669319720067,37.77941917382993,40.584361949738366,44.7862943690785,49.84897358607653,55.90799089877356,62.51549275422303,70.02382664341536,76.98510566813613,75.78367069791425,59.63705140459914,30.354097873540937,21.14688352500719,15.55059608059699,14.920973449696596,15.094234657539202,15.597638132386503,14.772440272921031,13.107170539013335,11.206282082650535,8.71270510677897,9.07692279414652,-0.5716666713027052,-0.8204859638785327
2025-08-07 21:00:00,1.0,78.0,4.0,43.0,1.0,21.0,37.51600687661515,20.04737180157733,7.18182438920901,5.682452716209838,38.91171405936442,41.06431133562432,45.34265573467099,50.33293449933104,56.35480668940186,62.950869786300615,66.07775655231599,53.32526499985843,39.29788932444242,29.91129068417401,29.84722748592295,32.779519874666846,36.96270266999358,42.08314768694537,45.07482566472056,46.41662160991702,44.17224522645968,39.990609147363024,37.09040562048629,33.509960831847394,31.403417446013183,-0.5856957398073508,-0.8105309990194823
2025-08-08 21:00:00,3.0,80.0,15.0,54.0,5.0,22.0,39.245524902731226,16.18802092177236,7.629170390240866,6.090056099047646,37.04958091362381,38.346105349799394,42.146081884716544,46.73438245348734,51.97568734620441,57.16954674766589,59.63898709648002,49.109032315617696,31.27783124008812,14.470974953943694,12.64598407326918,11.619301766845336,10.74548816290074,10.285441177575269,9.685743427880007,9.052392718501968,8.65003338166017,8.285136093659078,8.644088150792815,9.02284897988314,9.014320297802904,-0.5995514915196489,-0.8003361849976323
2025-08-09 21:00:00,1.0,81.0,16.666666666666668,36.0,8.0,22.0,48.9158905388298,30.58782710313875,7.95077964143803,5.486587670284632,45.57276940080903,46.71832062855987,51.55166009738162,57.0114534277858,63.48508959266148,70.95368048191189,76.58057337785755,77.68741292189061,75.24944507420706,69.83438125461005,62.40208432255534,58.58971939472741,56.18723667963701,51.74585639362566,48.67906135943769,47.73726012487843,46.02006155449661,43.4319617024548,38.98881541718843,32.66564959226831,27.66339797298032,-0.6132298262997502,-0.7899045386224707
2025-08-10 21:00:00,1.0,86.0,52.0,43.0,7.0,24.0,51.40112274719271,40.43841191947416,7.304797624978134,5.5304899224972495,54.97165130492571,56.47782484963617,62.21716601258852,68.93865714618232,72.29650566939823,73.19407772175255,74.45933988420744,74.5801661018195,72.85313859850687,69.97899459293359,67.21059994696087,64.98706877996425,63.19687778607472,63.22156004195102,62.17103307887375,59.10475164845159,56.34378753756376,53.17155515551728,49.45746332368411,45.06019039369034,41.04226266440596,-0.6267266965083301,-0.7792391467859886
2025-08-11 21:00:00,1.0,90.0,8.333333333333334,47.0,8.0,24.0,43.73918887128962,37.81713357548106,7.27366335968809,6.3543566526692095,48.21097915616521,49.42689923326753,54.40922705839439,60.51512442758479,67.48974239502485,62.84497768441628,61.384180932942925,61.65801726239116,60.2446650847252,55.81511046626445,47.61857651830002,43.29189691014472,41.68604253802843,48.35834414133067,54.70323420413576,58.82731816916138,60.99156918005577,61.30528601718702,59.5042213031755,56.56430164934755,48.36739236824938,-0.6400381082043503,-0.7683431655492202
2025-08-12 21:00:00,2.0,90.0,7.0,55.0,6.0,22.0,39.37258558323896,34.993239872973774,7.757925495670264,5.5787744051733545,41.113837396575335,41.50371809903284,45.399889390557625,50.18985450683351,55.80412091956266,61.08343800519336,61.686163834401576,60.25443392887113,58.65685416355052,56.56351882237587,52.928771242541394,51.45400742383971,51.6918013880074,53.40773599795554,54.18719833724119,52.46489588019448,49.16664874298058,44.76758337726249,39.48125863344734,33.01372228257219,28.65599626321783,-0.65316012232693,-0.7572198192083127
2025-08-13 21:00:00,5.0,85.0,22.33333333333333,42.0,7.0,21.0,47.79489830878926,33.09208922011494,8.486589169395485,5.777568394137013,36.5113055071509,37.079710425881785,39.39391751504889,43.29191351593074,47.92531335218193,51.1500735197484,52.72892120820192,54.975411950651534,58.208086871282624,60.48739648681772,62.43232085342161,63.25868550748495,63.08400426491083,61.89173611202608,59.37393408888138,53.30671511055034,46.27674715430333,38.88493306649121,33.921097382654494,31.36009213696128,35.951489986932735,-0.666088855860977,-0.7458723993404063
2025-08-14 21:00:00,3.0,71.0,11.0,40.0,10.0,33.0,42.38632854210911,13.815909507968248,5.657951331519856,6.005364180227688,46.53780549212726,47.52058994370509,52.61901516844784,58.396104491278656,59.63156084701673,57.22568373303207,47.63545107099017,37.14530915864108,29.00973996601353,19.614078246571204,13.144914187672876,8.941355041644664,6.347735134395932,5.077074232852839,4.577365847306964,5.774935556228872,9.444395258617336,15.809833819071493,22.700448252786465,31.269092210509847,35.65572056672025,-0.6788204829862355,-0.734304263829602
2025-08-15 21:00:00,-1.0,71.0,10.0,38.0,2.0,34.0,35.03736155492574,11.757489454988166,4.878305032012775,5.950701777618504,36.52679829685849,38.38017958635005,42.345090483572726,47.18282779843548,47.779268683571374,43.63353141440234,21.7159649183982,10.712446987531198,7.564520770646453,7.996875779549141,9.67495487540712,12.116931778634315,15.25334320737056,19.20465035445971,22.72212806349929,26.00612759935571,27.27891213323252,27.752061938530087,26.9138371707254,25.535595211001084,27.11276633701604,-0.6913512362094071,-0.722518835873311
2025-08-16 21:00:00,4.0,80.0,5.666666666666667,47.0,7.0,22.0,35.13038431917836,18.369508132362043,6.6435732872927975,6.298912770776717,35.43062075314686,36.03457434410689,39.8148652885247,44.29848265345933,49.24487696670671,49.32612957953166,49.470294558100846,45.98624255528265,37.74589755563333,28.66616987462456,22.08396975538676,18.3321790838538,16.57143611031615,17.850801581640273,19.91186255148039,23.8769690909016,28.76785573091961,34.73675497713785,39.80507151374355,44.392295898482224,41.45179326261798,-0.7036774074790128,-0.7105196029692745
2025-08-17 21:00:00,-5.0,60.0,80.66666666666667,40.0,9.0,34.0,59.82966211519545,16.05382270597734,4.520254860600439,5.218042300218185,67.48260229779966,68.00725810418396,74.41959792877094,82.96699416523677,87.35040446934373,88.39073568154241,95.07355358243292,98.04533321416568,87.14274128253854,61.23864960539285,35.2694817119976,19.70710854235617,11.601082873474908,9.884979267809706,8.274216132541728,7.358878357413684,7.025798479371925,7.431437108909368,8.481470840994257,10.070188047366978,7.155960818106635,-0.7157953492826642,-0.6983101158835584
2025-08-18 21:00:00,-2.0,61.0,7.333333333333333,56.0,10.0,34.0,39.218096354975465,10.452308964762477,4.6079050673353565,5.4756001673437575,44.52708572611399,46.87732725196538,52.11110463800181,58.25430492201367,65.31956650973623,73.82233640144689,78.09604274526762,82.79390779914995,74.3426443858707,51.13052012530147,20.08379319282505,7.752976894429836,2.48637250446315,5.065967049048779,7.197212535079318,8.993469146291272,10.021952854354508,10.701535727364474,11.118308965530444,11.203298184073452,12.1903444613122,-0.7277014757264236,-0.6858939875998223
2025-08-19 21:00:00,0.0,66.0,24.33333333333333,51.0,4.0,34.0,35.609418199129465,17.521995516644573,5.716454537751523,4.785131372259228,41.71508617167253,43.85721298910876,48.65851819786403,54.25155148956669,60.87331650920327,64.25714410563253,69.06346526834285,62.24727482627843,48.65545593708279,36.79994565575455,33.36878559927551,38.4615908275131,46.72037735264316,57.891738759153824,67.16425100538724,74.89394079362158,73.35746983128169,67.79632830439279,62.95186171122978,56.55180076574658,53.95183444489791,-0.7393922635959241,-0.673274892250183
2025-08-20 21:00:00,1.0,68.0,53.66666666666666,40.0,2.0,13.0,41.91408531636191,21.76475966864639,7.464305114840684,4.6180327285566936,44.97288674515351,46.93493648761999,52.21479197255575,58.43437854012637,65.31204088430525,73.75961314222775,82.86737804845501,87.0324151743256,87.30958919983243,82.04353483317985,61.72063620903031,48.53334396076728,40.77776144837605,50.33185479814591,63.22988400774896,80.62121220688545,86.24869839035277,85.50322446469472,74.14429629429566,55.73006811492501,43.48243543040057,-0.7508642533989489,-0.6604565640279754
2025-08-21 21:00:00,-1.0,72.0,32.333333333333336,39.0,2.0,29.0,44.16467907446139,23.7401848233226,8.237365151571058,5.397371573912065,43.96518295107494,45.15775815713238,49.95050883017724,55.81158880963624,62.45165718368656,69.9619002660792,72.8469173925131,75.62996181755899,77.47305005286866,77.59086760989604,81.40178556655272,85.21922037556674,87.88548187172978,79.96331409766206,72.87052934046098,65.68210227976216,61.47044114715739,58.82014647664803,55.3402456767308,49.40565311061068,32.15542004153136,-0.7621140503891487,-0.6474427960827475
2025-08-22 21:00:00,2.0,74.0,11.666666666666666,46.0,2.0,1.0,39.77159708844618,21.78109630774716,8.117309394234038,4.607600740912915,39.3835560467308,39.9540056957201,44.42960028726822,49.52412410535778,55.57678896473137,62.49652692986367,70.33743198778238,76.36663665140466,80.1446596424776,79.9127397146982,75.48063663195292,65.97524710951205,52.16586019495099,45.28298230822527,39.44289848256473,37.74358100403101,38.9535393278862,42.65840325441963,44.24325289174487,44.17391291083658,38.88470487369831,-0.7731383255706026,-0.6342374393978054
2025-08-23 21:00:00,-1.0,78.0,58.0,31.0,9.0,20.0,45.08655951191887,27.72733523484964,8.017615643644001,5.386114869560742,39.61105287188034,39.95747634935117,43.39588183999168,47.98338102359578,53.098597127620415,57.98059646030118,62.81545221147601,66.98427617241262,71.25077209430901,75.22190568523739,78.81126731751334,82.38988690428297,84.69884361279624,80.43882649455537,72.39352909633865,57.46712564512839,42.76461095868021,28.82655681346177,25.25464905516378,28.391304070714067,51.37390283662723,-0.7839338166829201,-0.620844401650647
2025-08-24 21:00:00,-2.0,73.0,79.0,14.0,10.0,19.0,57.26296650219611,29.757156718496155,7.572564976559106,5.774051860383721,41.20132465955041,41.26950775791211,43.415178108796304,45.594112986249705,49.34695727348921,55.19929877262823,61.73630979708714,69.66401238273725,79.58399594791467,94.72196118621476,96.57326762078957,98.01105172555972,98.67239814730806,93.70456418612626,85.54957246278309,75.38927458199075,66.5544502510009,57.98201158825784,46.77901084927763,30.47275973748881,15.868656725583548,-0.7944973291665992,-0.6072676460566135
2025-08-25 21:00:00,-3.0,68.0,84.33333333333333,21.0,10.0,19.0,78.31935415820635,34.82758676705244,6.557335481121913,5.857975174541106,73.8626267841461,73.99461529910405,79.23222556861363,84.52384083615368,89.63318867550488,95.34756980877572,97.31168807979434,96.32794129228496,95.49767374037744,94.71398059397974,82.8625740703865,71.52063654625874,75.48424126335644,71.34467688917076,65.65000972370066,73.04538899643458,72.48521140542088,55.57686164357493,36.02508074585866,12.135373330895051,2.998240763888241,-0.8048257371083452,-0.593511190196115
2025-08-26 21:00:00,-2.0,64.0,49.333333333333336,43.0,12.0,26.0,56.01890312789417,19.97164230311916,6.967703170510948,5.13800424496199,61.88603230168219,62.16103712955137,67.89408789376667,74.23611516092673,77.8371917598285,80.5282096382059,83.56565786702292,86.07938601070202,88.65170267983308,90.5711683885258,90.23748599176407,82.96689457070335,68.29807374298636,54.41638778584152,42.15742013060984,34.77391604644111,28.088138596713875,22.037885017035403,17.949546696521264,15.08205600195246,17.122320556094746,-0.8149159841660791,-0.5795791048257612
2025-08-27 21:00:00,-4.0,64.0,63.66666666666666,33.0,7.0,30.0,56.01890312789417,21.081652281275563,6.994562348275276,6.531598215893545,65.45093826111184,66.13472129337126,73.43376714083841,80.0472814716526,85.43876466416678,89.4208218087265,92.2606507759216,90.57194521782472,85.8409881837854,83.19268887938901,84.96923251351014,77.11145884252556,62.07145129255012,52.78423513065452,46.785814558069205,49.00206164649109,48.225001168552254,44.067806908783815,36.47319404000286,24.40526613769696,21.205261772087365,-0.8247650844733614,-0.5654755126737576
2025-08-28 21:00:00,-3.0,69.0,43.0,46.0,5.0,19.0,42.0719327149221,20.62971085552781,7.488183136380578,5.739751732436224,42.63291484541543,43.30729406497849,47.73104294289983,53.1766103803428,59.23996940350563,65.627215310742,66.37023753940713,57.4256221470044,48.41368133662031,46.9228727455564,61.06715216538824,79.14869072883243,98.85533075827446,97.78860890477536,95.4013638079654,89.17747596687454,84.0830517170016,78.40539771487691,77.38834178047254,77.56923412277636,79.24014581848306,-0.8343701235229537,-0.5512045872199277
2025-08-31 21:00:00,1.0,70.0,30.33333333333333,48.0,8.0,32.0,50.916423485910975,21.423443615323084,7.237940931177298,5.5527523398971175,56.83555394739758,58.4406702855503,64.09323471194533,70.96369293877311,75.87056292213494,74.2605741065032,73.01024617936469,72.25386491606638,71.29134141437872,71.03700497995108,70.39423948030917,69.70641925437666,67.37145056582231,59.83600013690504,47.52855467924715,31.126147998651746,19.871134437732948,10.784342407908056,11.61985775624384,17.087087521771938,25.68889112381577,-0.8616928164028521,-0.5074302810827518
2025-09-01 21:00:00,2.0,74.0,8.666666666666666,43.0,1.0,24.0,47.87462530153812,21.386840094811483,6.053045744221882,6.642839330832414,53.34880582490352,56.26649552523695,61.97472418714065,68.46238483454734,75.15457275515683,80.19907284534085,77.29630153664613,60.55699343595855,46.05096518847832,37.57878477496581,36.18709842752676,36.13629754303447,35.75660085873239,32.918274754770835,28.72349107117349,22.274072368761168,18.405537741184546,14.82775285991005,13.783382690977374,13.034581174723902,14.124275602279596,-0.8702939222685674,-0.4925327287220543
2025-09-02 21:00:00,1.0,75.0,52.0,44.0,4.0,18.0,48.024842970657794,20.87414426660417,6.858398264323466,6.731624873512373,52.2257382386313,53.62401010142569,58.813505750529394,65.11940749786434,69.82571183693634,72.46446071730391,73.06489690745293,66.00443167347659,51.63637862611645,35.215952430227375,30.178410992737604,28.572165602782107,29.10960973972006,29.681491617958365,29.57294176435291,28.28643419692904,26.027757818215424,22.843385719540223,21.06944213426494,19.43889807879876,21.949534073243427,-0.8786374941610001,-0.4774894280028391
2025-09-03 21:00:00,2.0,71.0,41.333333333333336,20.0,5.0,21.0,54.95084226417701,25.46550003208981,8.217307046620737,6.255078560841564,53.92894897453095,54.32041020711576,59.56776416255624,66.01013013037998,72.74809758580818,77.13809606494483,78.66516045367979,79.78763980219945,81.06471202131613,79.24800929747455,73.68244646486545,70.08439673172838,69.1820868990465,70.72153674757718,68.36416671720836,55.38566291601923,43.21438986183107,32.96680768460678,26.007389984165417,19.97515862215564,20.12387455710545,-0.886721063082993,-0.4623048304798108
2025-09-04 21:00:00,-2.0,74.0,25.666666666666668,29.0,9.0,16.0,47.87462530153812,20.69179021999436,7.297248916575897,6.002458401675296,50.9163379420926,51.11619560473294,55.88911761876597,62.1711180214779,68.81369070700629,73.28485814357921,71.68979635702945,67.23201043440348,60.99902661940584,51.40322414681259,42.95737216035021,33.9981510353454,23.854623682218005,18.011896824008538,13.093553827520036,10.262885995020255,8.386759106297944,7.896299551370427,7.982231254833796,8.648977832600753,8.490981048911923,-0.8945422369764496,-0.4469834295196741
2025-09-05 21:00:00,-3.0,67.0,82.0,18.0,10.0,17.0,72.84035496253438,28.14003169569228,6.504794596045096,4.805973486529908,71.91346336240102,72.38795485329659,77.73939090119612,85.78476648538413,91.88847185380848,94.8802673844535,97.35694127049508,97.65710208624525,95.1161110128715,86.65519591184518,70.08426398346653,53.24067733114357,39.08928886470224,24.514520112728704,12.651330653447824,9.139540640424922,10.79522003645286,18.992056389244848,23.7679986249052,26.19374948238945,23.602356306381868,-0.9020987014301836,-0.4315297589714714
2025-09-06 21:00:00,-3.0,62.0,84.0,17.0,9.0,29.0,69.72963181723787,29.039367986640706,5.002107832710032,5.585808132265443,58.92034842429569,59.30489070212561,63.56759054702302,67.98155148985037,71.09204573677106,73.35720860544586,75.79744123248334,79.89367505768553,84.05076023406207,89.05626160099499,96.11835899895593,99.16602445441956,100.0,92.10672630140658,81.8797882633861,68.42983813490152,70.7811391248272,89.17660580586536,97.70691010915615,100.0,99.6627918562416,-0.9093882203647924,-0.4159483918249421
2025-09-07 21:00:00,-3.0,61.0,88.66666666666667,20.0,7.0,18.0,64.63310849589597,18.90357206807415,7.110370533869813,3.856548397360479,60.295313594432166,61.15354944276476,66.81345318016655,72.41496620668593,75.70982051550685,78.11865265910986,80.78813787155345,84.02379768560479,86.78948849142685,88.49628889631633,90.77836742044126,83.1709544768668,68.00541612248769,42.164706402539984,21.505303398741194,9.937014775695932,3.953585218773328,2.9416214854290583,4.569243510444129,8.096756292012,11.45837437879466,-0.9164086366943458,-0.4002439388573056
2025-09-08 21:00:00,-2.0,59.0,26.33333333333333,58.0,10.0,28.0,45.56222515699537,13.662934042026777,7.3639827273641085,3.2086780538237467,51.55625254735433,53.498437397381295,59.09813367559666,65.57418512620536,73.4069247491725,81.26449658708542,87.4658978017045,90.44552653936084,93.93857814428792,96.87658018708954,94.15882736953624,69.07300123061312,39.61632809456927,18.530672699241507,7.278929044357925,3.623251228580197,5.818914887443736,11.022857364494683,15.6931654175171,21.239522913705024,20.49562378893112,-0.923157872964704,-0.3844210472688554
2025-09-09 21:00:00,-1.0,64.0,5.666666666666667,41.0,5.0,19.0,44.59848894543656,18.05690810647958,5.56261659744022,5.562989966959778,52.740513656107865,55.93418356837741,62.15015208189231,68.79748273341012,75.83284089178642,80.4266098943166,76.56477124172734,52.79691779571171,39.487224740907536,34.68331368764818,36.20732580829409,40.623257416785925,46.2093010892949,52.57223829786515,56.83996561651278,59.75138824549533,60.63482558649069,60.23447585751377,58.094929331263614,54.10406668876345,48.03466829677154,-0.9296339319682696,-0.3684843993077793
2025-09-10 21:00:00,1.0,69.0,30.666666666666668,32.0,7.0,20.0,48.91231522715638,16.71662284985845,6.208687781316039,5.770150608209527,48.707976630456,50.53207044708565,55.89318194073816,62.36679021382935,70.11529209570388,73.82004665159236,64.35074338148195,49.45911452309586,37.38279875200538,29.350883458497417,25.019835355843483,23.38048205006211,22.678818350394632,24.03297641717821,25.481640640076524,26.8748282597907,28.291058773277644,29.82030534703972,30.139244938133864,29.23137333987015,29.871534238003665,-0.935834897334994,-0.3524387108846032
2025-09-11 21:00:00,1.0,60.0,23.33333333333333,47.0,11.0,33.0,47.53537865849072,11.086220608173168,5.239276929389019,5.433482146514247,53.01062645274058,54.74278148761188,60.5358791247473,67.6075889487811,75.13008173084977,79.23977760626644,82.15637244529825,75.04053437662598,56.27739865501047,33.96038316271218,17.81857242697488,9.63606202915361,4.850297654018019,5.53536040767293,6.010289739132936,6.120367345593969,5.631859531344217,4.6349585454721645,3.839275951833962,2.765789713497324,2.7874092507432264,-0.9417589340994617,-0.3362887301766828
2025-09-12 21:00:00,0.0,61.0,9.0,33.0,5.0,32.0,45.8769799407876,11.320929012587715,4.703397338625817,6.669443939779901,48.08570991043232,50.6507524081823,56.856135403205,63.9285236763929,65.58518082210362,60.670501650340405,41.04430789058701,29.09134431539188,21.301420590690995,14.80854880969183,9.049980021332114,7.170139046980027,7.6202758449182575,13.198835217728186,20.834005961506133,31.299506170256365,38.64578569649629,44.96413186001617,44.45729706749809,40.609159390369975,36.74951047284699,-0.9474042892438844,-0.3200392362231385
2025-09-13 21:00:00,1.0,64.0,76.33333333333333,36.0,7.0,21.0,48.15248272474801,17.3257586861632,6.342916715635813,6.534126131391059,47.13019080590924,48.137581314812046,53.06909276688958,58.93305531168127,65.58322511304763,65.9357823332466,58.51000850988338,48.35194619807884,37.24580242580892,26.16430117872194,26.16792975070557,32.88012654863864,44.63089408505379,56.28159853144995,67.53324505841482,75.0273990838049,82.98216935703678,93.1189098408504,95.99203731084592,95.92622649407085,82.21495670504815,-0.9527692922168512,-0.3036950375106588
2025-09-14 21:00:00,0.0,62.0,47.66666666666666,33.0,7.0,33.0,64.75536744234604,17.973233614118303,6.155637739197894,5.756566306294771,64.01190229128096,65.4750341587691,72.9160604556898,81.71575889205519,85.76293424560252,82.19885431097474,80.41099711973109,82.99830056011285,87.03983903244861,86.2184653801108,70.8411316600731,48.77916197485902,25.90573320352308,18.356064158138683,13.272227156597449,13.537442162384808,13.331010190054956,12.861334565438495,15.950763562495302,21.338787362506466,27.04636856038936,-0.9578523554276668,-0.2872609705505963
2025-09-15 21:00:00,0.0,65.0,7.666666666666667,34.0,6.0,32.0,50.17200628072309,17.5886788580041,4.655708171721868,6.300439026860771,50.475780538184246,53.588820853562105,59.65290620812911,66.95590236689854,75.23222488036522,80.0452409622229,63.52309726575939,43.26782111263815,32.81928102387381,30.83003218741387,35.58361568901265,39.729855912344505,41.626724390329045,36.69865791970352,30.335981690696613,22.906872719340324,21.599463032315207,23.01826493176573,29.37149811290918,39.51115157217727,42.7700776983756,-0.9626519747161488,-0.2707418984477642
2025-09-16 21:00:00,4.0,70.0,11.333333333333334,29.0,1.0,23.0,50.916423485910975,23.597599484752426,4.979577783342048,6.0326974279238295,55.449688846782,58.611356499755686,65.23088522198304,72.06775115984782,67.30657236754607,56.88625120769285,54.12325435245536,49.36733265974782,43.83431179259549,39.67403611938573,39.94158900355953,44.36547536594604,49.52852737497581,52.2933074629026,52.7378559532523,50.24784453801496,47.81237455543734,44.77133499727996,43.89280613573076,43.433796240341806,45.35777184558992,-0.9671667297977312,-0.2541427094613622
2025-09-18 21:00:00,2.0,73.0,45.0,35.0,9.0,26.0,51.35679010988393,28.710876496320523,7.391753688893263,5.811750742608527,49.41282002044285,49.52753424066572,53.99258239627699,60.32717806905957,65.41786021261323,66.47857164056438,69.28658682736184,74.49482886540477,81.38710891989004,86.98684628254007,89.90259183572226,90.49565893660171,88.80552979239252,84.72625458308141,77.3056712437491,62.57609076525746,47.699067096205525,33.92596086128235,24.98994652327576,19.416274748578,19.867018418544703,-0.9753363880767836,-0.2207236509605022
2025-09-20 21:00:00,-2.0,54.0,6.666666666666667,47.0,11.0,31.0,41.30097683423119,9.78239105004532,5.426002429231714,3.925883261835675,49.95866924078777,53.374870715654566,59.96045053504571,67.56097444699249,75.96856968786226,80.35082327610267,81.72005405143238,71.35013908430065,54.47699185546161,37.971159837979165,25.646620795813828,18.304779214160163,12.499822703266377,9.596212423406367,9.195132870049148,10.842974654439242,14.33236871029891,18.934075907370783,22.52075695250696,26.43697253417064,25.99804685854335,-0.9823516608469236,-0.1870433490699165
2025-09-21 21:00:00,7.0,63.0,4.333333333333333,26.0,7.0,21.0,36.545992074848485,10.615970720140284,4.599445997309716,6.8613399718044965,36.87585764025499,38.71071820223583,42.62179994141936,47.12735466569757,51.59738325741272,52.84469277363114,39.03101810651457,20.12442259856973,10.717324330860473,9.690937633413732,14.095872672645118,17.907498245210853,21.47526285887017,23.33549281909364,24.438894016699926,24.57176237535894,24.998707772554603,25.033486294909125,24.757215987520496,23.94990923721261,22.12034854130747,-0.9854237542919524,-0.1701176783204905
2025-09-22 21:00:00,-1.0,65.0,68.66666666666667,15.0,8.0,19.0,50.17200628072309,23.63178022461264,6.264159080697416,5.5264262863561,43.16893658786838,43.49931777134281,47.042111011132576,49.8800496948574,51.327631866189904,48.27595207810161,41.86471337197074,44.15386912383993,56.75244437429989,75.8387072644081,88.17168235462253,95.13880534066202,96.76823408630246,95.66746297759023,90.7404169026138,79.55151162265712,67.36020208939983,54.32996339223568,45.37866183659246,37.77720286375597,34.594180193115406,-0.9882042449941422,-0.15314166701312
2025-09-23 21:00:00,-2.0,64.0,64.66666666666667,21.0,7.0,34.0,69.94603538909425,24.47273829206294,6.5449427838585015,5.597503368712757,70.18359536434392,71.01848520381863,78.3345621069315,84.23379628481902,85.73825854640717,85.70064264403578,86.97539779620833,90.60441250125312,94.8171261938103,97.51090911917834,96.78824596551532,87.36765038527292,71.46550253295764,52.803248466548766,35.7777755681631,23.53142489239816,14.912734256148331,9.484956567314043,6.770032823714687,5.358126609228208,7.650635545989444,-0.9906923101615608,-0.136120338622667
2025-09-24 21:00:00,1.0,63.0,20.666666666666668,34.0,2.0,18.0,53.80810032343676,12.46686881442284,4.382363864708464,6.247948825200039,52.755126444194666,55.41579349317546,61.64833105114299,68.79517966029172,77.1843287275815,85.99185855577419,78.42698318039342,45.34788699449482,22.883910967633653,12.20810205259036,8.421347674435273,5.874998157179288,3.933770350884979,3.160668030155583,3.165196699944316,4.112889502850549,5.474459258024107,7.371809327844839,8.951194593226251,10.695560855271577,9.654005033363095,-0.9928872135356962,-0.1190587300340498
2025-09-25 21:00:00,-2.0,62.0,74.33333333333333,20.0,10.0,17.0,69.72963181723787,32.98854617213917,4.28409256577161,5.2298475095663965,84.4170435050799,85.29734458092602,88.63177358470982,92.63108428685194,93.85400556033278,95.80512653137716,98.71970899483024,99.81778467612138,99.58092459079332,99.92725906805204,99.56329503620104,99.2891377074929,98.81532414701202,99.59143052810852,99.3953186695567,99.07131681314569,99.02148613907856,97.2551790397431,95.18481015830032,91.54662764553302,87.3929181995164,-0.994788305609327,-0.1019618900517457
2025-09-26 21:00:00,-3.0,61.0,50.0,21.0,11.0,31.0,67.0860046610338,20.76096513972774,5.697090238246085,4.177772741277468,69.78715287498024,69.69879791624366,72.58522903044646,74.59459885446947,63.64096031247799,62.05734958345551,77.99622029144146,89.53598963269695,93.98861530933569,96.1275244400653,96.13612677061046,91.49945229936502,80.29744672035453,56.04051850590508,30.25165558976723,15.419322653046828,6.068186606036019,6.09211107786943,8.577740174067713,14.299672170386152,21.149627306163264,-0.9963950238187232,-0.0848348779057653
2025-09-27 21:00:00,0.0,58.0,3.333333333333333,29.0,6.0,30.0,51.057657198173125,11.99411057120648,3.465326559444476,5.40504121303358,59.09900439987239,59.8554766413753,66.19388828763545,73.09184962236709,76.51940462233173,69.684018367623,57.63271335161427,45.949631379363865,35.88999302000341,26.338356103189607,16.994700847266852,10.706393804934484,6.811003546744909,7.955126032127834,9.27844388801038,10.845748391276592,11.635504422725724,11.559054470386473,11.434029316175527,11.011750258952556,10.35001227440151,-0.9977068927101168,-0.0676827617545516
2025-09-28 21:00:00,8.0,64.0,45.66666666666666,36.0,11.0,28.0,56.01890312789417,17.02237602122607,8.370957168478244,2.3104826460030106,50.81480737863351,51.02240853164278,51.90497314434951,55.767011255599485,61.063028552412405,67.29888073053542,75.45200755862696,82.5462823466277,85.36081909544386,85.07796059268338,79.61206201329183,65.84871284431473,42.8277864361918,28.67970499634311,16.5562213778707,9.13481637387087,5.712776677081309,5.746293399861222,7.258332627655655,9.863482700177132,11.984272420668027,-0.9987235240803972,-0.0505106171852228
2025-09-29 21:00:00,2.0,62.0,32.0,16.0,9.0,32.0,51.65766119629362,21.38763246925146,6.109138227341765,4.767154590841124,50.627681333935016,51.86837006495424,57.40094982238704,63.28513306357904,69.07521096117351,74.48830190409433,79.47766069408226,82.73986265066281,83.89681569380959,85.56618160223495,90.1182216966292,94.9743442732257,99.60311018851678,99.23437844149468,98.67048137190548,99.0051443880031,89.20442180546054,72.86846960758349,54.18078118244644,31.733849069007668,25.475897972827404,-0.9994446170919858,-0.0333235257116313
2025-09-30 21:00:00,0.0,52.0,59.66666666666666,43.0,11.0,33.0,52.17862386930955,11.86442742852288,6.425031616415104,4.587851657073421,55.59808011631112,58.55591221721107,65.157186129279,73.23382546808315,81.66410770751949,85.165684881305,90.93317462019436,96.63382261377193,95.07439945964352,84.27771487082781,68.08179015063135,57.425958649355735,48.30762605650799,43.18153622830806,36.59527342644209,28.16476048626954,18.32124118754951,6.654559712246972,2.849520288537217,0.2785094617804763,2.8415088057349487,-0.9998699583618592,-0.0161265732706577
2025-10-01 21:00:00,1.0,48.0,58.66666666666666,41.0,11.0,36.0,51.5690137783655,9.197934033322674,6.41114292999815,3.960436643970657,51.30169621234769,55.067038376226606,61.50256968748291,68.63231207931983,77.27077234850212,85.40361699529169,87.76355776998217,86.26588159807255,77.60597318641372,65.64504955004271,52.13166616313952,47.18368228701273,43.15321284755184,39.2436317774055,32.87940889429438,24.47082666183835,18.07574898652611,11.676580926073427,9.364529590291111,7.413035266122717,11.088070423172796,-0.9999994220246924,0.0010751512827982
2025-10-02 21:00:00,3.0,55.0,12.666666666666666,21.0,4.0,25.0,43.16456515379113,14.207411472365772,3.9036954192806537,6.2220846155298135,38.863751244558166,42.06298169063406,47.17551902518144,52.74542387898883,52.59226271203465,44.59798825306808,27.17506993984692,20.70004182364279,25.304759335424244,35.09670299832726,47.76922918711329,58.59269419839354,66.89663810378865,69.1424035729095,69.40726668802816,68.06201164646934,65.34053095431715,60.81505706770177,57.27342641412827,51.9598228937756,49.30884105930669,-0.999832969770105,0.0182765576816912
2025-10-03 21:00:00,8.0,64.0,8.0,12.0,8.0,24.0,41.2783766323218,16.967970047097005,5.918773573579252,6.587795681308331,33.180707457775526,33.47699128308003,35.48034339934285,32.826615583023,27.23822494155727,27.237938901312365,32.93381497043349,40.45770554989764,46.46751403695585,50.49862183228352,52.7633165525812,54.29293469273164,55.83447777387387,57.570580650598,59.64709214465264,62.28055264411992,65.56037371783697,69.94481025698596,71.84059416617141,72.80495383775902,65.28617824838692,-0.9993706508539968,0.0354725557531255
2025-10-04 21:00:00,-1.0,59.0,36.66666666666666,22.0,7.0,34.0,57.46475728874789,13.812086173993132,4.695065791957223,5.601826984238784,63.6287197081481,66.78992612006363,74.11676506542531,74.41376252952782,69.76753642596609,76.45769088540814,80.49887938213955,74.67925840697967,59.64552866647127,40.206856290083664,23.12962047356133,13.21851747362911,6.071228722630663,4.110068277930007,3.0219824753231066,3.260791274490339,6.425134832329878,11.821016775802336,18.467796740320427,26.620901310815228,30.21562399503096,-0.9986126020839734,0.052658056924614
2025-10-05 21:00:00,0.0,73.0,18.33333333333333,10.0,8.0,24.0,55.23107333223108,28.91825539823745,7.27786120532599,5.606308358801651,52.06138097215661,51.83716226305999,56.16284929628588,60.19520205022159,61.57486844831157,63.46521919059244,66.1201423613639,68.71914562172695,71.49034977643709,74.72336484963017,77.65826439203748,77.77156480499004,75.53555614600111,66.4812835264194,55.33565457531536,42.96398959527486,33.973136584164095,26.550256058959643,25.175580223428856,26.081858666143816,34.946383276521885,-0.9975590477788612,0.0698279757298708
2025-10-06 21:00:00,4.0,75.0,29.666666666666668,14.0,9.0,23.0,43.00991391902142,15.018227811729204,6.716571219930936,6.196987718298961,35.7400349342948,35.964033217773434,38.64415472308772,42.67088998356381,46.69751796489736,49.54579645018313,48.36941892694413,41.01981525503585,29.97004769307389,18.27046595019351,12.327012643174385,9.1430651029676,7.807565739395368,8.54366805578318,9.546839039503569,10.871810307612243,11.969373264795562,12.941528970815344,13.03777758844496,12.45329447975586,11.0701533201857,-0.9962102997023295,0.0869772313136861
2025-10-07 21:00:00,2.0,74.0,43.66666666666666,14.0,10.0,20.0,47.87462530153812,30.898503512106004,8.038509525624274,5.529712501243771,43.6984662259691,43.669466344479964,45.460888028600976,48.84173188063718,53.32606673178135,58.701426451737845,65.07411505704181,72.42529659487771,80.1774077730266,86.73455278227716,88.1305266376229,86.24095258995398,81.86832037263962,75.92181929358134,72.82894481326973,79.43091033345256,86.45205624645561,92.57664067979682,94.22125556811932,92.2754195415244,89.93895544852253,-0.9945667569706336,0.1041007489354256
2025-10-08 21:00:00,-3.0,50.0,74.66666666666667,29.0,11.0,34.0,53.99275556510238,9.820808484802336,6.45725095822662,3.77376943383901,63.97334174201117,64.8773179124841,70.04024483582026,77.88881373761748,85.9138361495699,80.34270335266396,66.39348963664705,61.07851288521531,62.34343253025726,65.68769766516762,66.08671117093537,58.48102179542226,45.050675259421936,26.50486315521251,11.910985540668666,3.750300199212391,1.1352746305062182,3.754895227547173,8.11822911910905,14.25583804170886,20.61485011534591,-0.9926289059345096,0.121193461470736
2025-10-09 21:00:00,-5.0,44.0,47.333333333333336,41.0,12.0,32.0,46.89983065801606,7.745000833103726,6.824835545287958,5.798105658017292,56.13927450912897,58.28160240708036,63.30267109582768,70.20456103348423,78.35693171380713,85.44112124028139,91.60931000037976,97.79628607986058,100.0,100.0,99.40266673658834,60.514062516591416,28.13068793260498,14.740898316056164,11.10920398660208,14.594366456571434,16.0920811957913,16.919380245420392,16.478902926745732,15.04170536514703,15.8170835804891,-0.9903973200352558,0.1382503109109819
2025-10-10 21:00:00,6.0,50.0,27.33333333333333,13.0,9.0,24.0,40.64474590564514,7.901808453439354,4.078463694840496,6.225355370148737,43.22016152721298,44.24854225527683,48.3969190944503,52.40897852001485,41.41377046076207,25.90934598954851,17.61131333876395,12.705901796985126,10.565982232007109,10.773523092600424,14.453863825685668,19.98581426409961,26.835153424064583,33.85575060744334,40.16950137157815,45.768204671477605,48.27566573017351,48.99198721234782,48.36640969299541,45.96302295539025,44.76625963682469,-0.9878726596350428,0.1552662498599956
2025-10-11 21:00:00,-1.0,56.0,22.33333333333333,20.0,7.0,32.0,50.75435564809223,12.488272454224726,4.372410582283699,6.138415848694792,61.4605994598154,64.93694419232028,72.5349342503229,80.7816491369506,87.03293979628818,90.78741205795625,95.98764234525731,94.64833936162655,72.92242577566029,42.39539110818791,16.84543781025236,7.9826004963365715,4.510924436107026,6.650790913105614,8.111869079980641,8.737836372491739,9.222828601577708,9.778951640220397,10.629274314009765,11.562672745490058,13.18180521438856,-0.9850556718215012,0.172236243027682
2025-10-12 21:00:00,-1.0,53.0,8.333333333333334,11.0,4.0,9.0,42.84069118710759,9.6564642528987,4.074811942291263,6.304208208455137,39.74627222569653,42.810553139379145,47.89231628790432,53.20995786451276,50.85329425590086,31.473230125108504,11.759399611477413,5.772422373595397,7.220030355637958,13.285922751918385,23.65590598338177,34.92235556409078,44.13662305749361,47.85655828749782,47.78283362197417,45.145588574432345,42.15794202414821,38.50430769417165,37.959546321504014,36.6988667067421,35.206090869046875,-0.981947190186646,0.1891552687200409
2025-10-13 21:00:00,5.0,54.0,6.666666666666667,4.0,1.0,12.0,39.65908683574918,7.9017746937701085,3.657021837722896,5.925248094236263,38.00528043579492,40.52801111875576,43.922395895569295,26.724632907836654,17.19194070025725,21.204739498785784,28.71053611947924,31.59681286052156,31.95981053610657,29.647588416732933,24.59706860963061,19.222033526571177,14.276127380547516,11.291574253511838,9.5563563212604,8.680148211277825,8.630775963652448,8.880384424674313,9.468156461503291,10.210159998716636,10.417224360101464,-0.9785481345802032,0.2060183203251708
2025-10-14 21:00:00,-5.0,54.0,78.33333333333333,4.0,1.0,27.0,46.59422643583257,14.067978927337167,4.568501451597286,5.4509310793894,57.23274834319268,57.912862960715486,49.40773369106336,35.978049825217674,28.40746163804332,25.810699791140536,25.18020519965389,25.54639483535456,26.60283962971524,28.556444848129026,33.53276076564262,41.95359353684095,52.93493507773539,60.417806342992186,70.83721774222789,86.15180931473397,94.70314269185346,99.41797306008492,95.47104408384548,86.6195622322616,60.59080146460724,-0.9748595108374124,0.2228204077947995
2025-10-15 21:00:00,-2.0,45.0,77.0,37.0,13.0,33.0,55.45602520339432,13.26676208380838,5.741321275377166,5.836724841987098,65.50158724335893,65.86614150328012,73.3765095272151,82.7027640762474,91.41480732309756,95.68220285108366,95.7328588643604,95.98536083228828,97.06747227278026,96.20990728059998,88.7480321600068,80.61145662174707,73.71832063700921,71.38185282746208,69.39954662677991,66.2837393145002,63.96534536524487,61.24268467640086,61.314717994733925,63.35430943064292,68.57543127788718,-0.9708824104813836,0.239556559120927
2025-10-16 21:00:00,-3.0,44.0,90.66666666666669,16.0,12.0,35.0,70.4328486206833,16.465651226770742,5.260650580745012,6.699737992973915,86.96988533653003,87.08244526040927,94.468171572279,98.3549984297412,98.59377503348855,98.612018344321,99.6286738651754,99.24446392346618,99.67434968225112,99.89530536093012,96.09771456926504,92.3453154519636,88.18219745618954,87.89065892571224,87.260574058246,84.77280295195968,81.18722103449714,76.36302833280038,71.40113968180893,66.21177624643919,65.26672924092487,-0.9666180104000972,0.2562218218071163
2025-10-17 21:00:00,0.0,49.0,56.0,21.0,9.0,35.0,60.67802905915583,14.014015158698715,5.678317241198392,5.8707926614818815,67.35807565805065,67.69443508336744,74.73244954840709,83.5290688925547,93.80508021533612,99.73739986703704,90.6199823864291,75.90117099000273,65.7880307123017,63.23156439444323,66.49704240711912,67.74223019073155,66.93120640626027,58.39438110436029,50.07321315908164,42.51076817353838,36.67582300468366,32.11074317216781,29.754444017705328,28.477321794085235,29.32876306543892,-0.9620675724981452,0.2728112643340191
2025-10-18 21:00:00,-1.0,53.0,28.666666666666668,8.0,1.0,30.0,56.61807189006417,10.774654198146264,4.083498577087447,5.322894970018277,60.786397099909415,61.9826999865346,68.90009468585731,77.96284796508594,82.56214758744416,63.62107923862319,45.43846445110046,36.3614404505125,30.45983417685717,26.01829455045486,21.98509814014505,17.949346557374056,13.795666984055888,12.47087163783057,11.929728265019344,12.956841618472206,14.375712062221949,16.173803051970342,18.282270040292588,20.65290211585012,24.61566673694221,-0.957232443323312,0.2893199776186952
2025-10-20 21:00:00,-2.0,56.0,70.33333333333333,16.0,11.0,14.0,61.61093846002645,22.693425928515385,3.7857583820848513,6.4971278595409405,69.86401510062905,70.26005033691996,76.87588308077483,81.25630278925023,68.44457360124107,48.8059426546338,45.577008400038935,54.30387323931159,65.03311256040317,71.2635945068208,70.90441253655743,69.88085463580262,68.40701309712412,71.38542739328749,75.17265657402606,80.2369282996015,82.04465474190086,80.43431615862801,73.80053645520445,62.49650259792168,54.00597502810896,-0.9467139181463862,0.3220757010206104
2025-10-21 21:00:00,-3.0,52.0,81.66666666666667,12.0,5.0,17.0,83.00671620595244,21.147782988478788,6.148483708403641,5.310327675013036,91.21181123195429,91.30696938792228,95.93563795612717,98.6890531073422,97.46501506378482,98.26029808977184,99.72249584540964,99.550306878874,99.3399125510604,99.50201099515368,100.0,99.57257721634646,97.09754072029324,87.09683933464822,77.50270241500601,69.98950359848892,64.63376366055653,60.251643889218,58.66702489788149,58.92627880412108,44.82392450173948,-0.9410336347451196,0.3383130181923076
2025-10-22 21:00:00,-1.0,53.0,94.0,15.0,13.0,13.0,83.07448222924972,25.446191966321223,5.550574724334857,6.688114689619709,97.33474541594458,97.69851911541755,99.93260341612884,100.0,100.0,100.0,100.0,100.0,100.0,100.0,100.0,99.47359131462925,99.68160097174892,99.12815480186748,98.75642478897808,98.3439119267661,97.9912753760297,97.71871755953386,95.87642007672152,91.41726818771562,86.88909483958882,-0.9350748843515574,0.3544502230989869
2025-10-23 21:00:00,-2.0,49.0,68.66666666666667,15.0,8.0,19.0,68.26964191902431,14.825640911164578,7.286153282815592,7.156631881792517,78.27226502210046,79.46552991999867,77.58606419106098,81.31431001135067,86.2567672472925,90.9021603863566,92.40251081254046,90.40981244579832,89.16214972565561,93.22815740792704,96.26983619406248,96.96752181757816,92.06744650399212,81.58081178389563,67.55115477458283,53.89233156702266,41.25010231733091,33.7850719403799,28.35698964728996,25.290309304466945,28.0467504088587,-0.9288394302558068,0.3704825404820963
2025-10-24 21:00:00,3.0,47.0,70.33333333333333,13.0,5.0,26.0,60.406080813372064,10.623854011617354,6.3590929974941925,7.264450846568033,66.37366935350867,65.62000811352576,70.52903548355816,79.29456795836818,89.33419155725221,97.6755509264072,91.84076392164118,73.34638390204844,57.20853645993637,49.63454044896376,50.81402892064256,50.194879093123376,47.892876863272896,42.90590760762574,38.22394289022999,34.60020162998352,32.09772234865455,30.068761885078544,27.23070773157024,22.164255984811703,19.85749256476756,-0.9223291176290545,0.3864052261209853
2025-10-25 21:00:00,-3.0,44.0,62.333333333333336,16.0,7.0,30.0,59.99357507201959,11.319545606149063,5.773861542171521,6.88199115593569,76.51898153463847,78.49777472761224,86.30245252864165,92.56700459391716,92.38828078001748,91.30542680637826,94.23446205616514,98.42478347425612,99.31853351032431,97.45432705921988,89.04184510798959,65.32544155933952,43.80391477781495,37.40200389416741,33.01324336945268,30.35073261009997,33.09373193569415,39.95865397205004,46.19933535056161,53.90661853455716,47.15855850334821,-0.9155458729775467,0.4022135682368036
2025-10-27 21:00:00,-1.0,44.0,80.66666666666667,14.0,8.0,1.0,67.68252075054913,12.03662420403416,6.729433340517304,6.514307973785213,67.89531874221363,70.23859975173508,77.71821051468297,84.52499966135073,90.21587793910768,93.84946401885092,94.0364188150378,95.68916522332516,95.80325408140156,95.04528809018828,91.83134157795348,88.54332250885946,83.45294080844575,75.1233327650073,69.65073827748127,64.94611381504276,68.6253200079179,75.53165238548843,78.71168277068891,79.7148540835833,74.6801820256748,-0.9011686968561567,0.4334685453485363
2025-10-29 21:00:00,-3.0,48.0,46.0,5.0,2.0,2.0,58.17824393611488,11.548176865938284,4.241610912918631,6.505635021890735,49.921660402289966,51.2593206017131,56.37681653814012,63.66194312717472,72.34854877442177,78.25686076219294,76.89457468157752,70.27891773548166,61.73834763309625,51.528483319112354,38.81083369523942,28.33681366808407,19.98737508706812,17.217267145747044,16.453016013057432,17.752569849049987,17.477242093391805,16.177245842739673,14.68030374744059,12.29113759178314,12.223720265141717,-0.8857249183835637,0.4642104791518923
2025-10-30 21:00:00,-4.0,45.0,71.66666666666667,8.0,5.0,12.0,73.3837237614641,13.940838944732292,2.9231780700444787,5.466144619127102,86.14693317272183,87.38795835707121,92.4841011661691,97.79448625767068,94.426031395601,63.73869275875671,42.39984755376626,35.764289307504264,35.588537039094945,36.19635719935038,33.974068070044154,30.51555381927692,26.46872870330427,29.28095435390432,35.4548605650047,47.31078088823404,58.90686927000661,71.25105586616255,74.37402270202567,72.80425877825726,65.05368966955155,-0.8776087166898392,0.4793776594606945
2025-10-31 21:00:00,-3.0,50.0,92.33333333333331,10.0,10.0,9.0,89.38298071665332,21.421867154171355,5.395252988148441,5.983292748900106,91.69985615932784,91.66792647476528,91.72505910456744,94.42226487417793,96.27587759291404,98.0441360019488,99.15110876803128,100.0,100.0,100.0,97.92388438664923,60.03565642116915,35.94471133824968,20.582356892295483,21.277471809274864,21.72693599376961,22.17150999100304,25.9344639027764,27.872008122628944,17.53255224204221,10.394457230246672,-0.8692328164574792,0.4944029842076181
2025-11-01 21:00:00,-2.0,40.0,86.0,21.0,17.0,29.0,72.86817422182475,13.438905928930518,5.290793658547026,6.272636807523848,83.68534664485192,83.80726505850492,86.82408227396705,94.95632485790804,98.7741260999877,99.39389946655012,99.04260874553412,98.1847511964191,93.76347035619769,89.66506026415931,86.54345181107924,83.63841743443669,80.97939617125577,78.65936187444481,76.2688761761281,75.0315813733976,73.60202108130672,73.62672381009418,72.80581226012065,71.27737868585416,70.76091289206828,-0.8605996962501181,0.5092820071573356
2025-11-02 21:00:00,2.0,39.0,77.33333333333333,18.0,7.0,29.0,59.29366218419092,8.248623388867212,3.635737938215015,6.209070965021417,78.44265475022715,80.02238774427056,87.03529109212602,92.28179425201026,95.25533282251644,99.44245545992794,100.0,87.4264922576059,60.57565598427519,33.127741865878704,19.989151963207068,12.832208714697968,8.759565467579568,10.858486050872488,15.91231043784818,25.530481281304183,35.2290222508834,46.2670185915602,53.82885774181271,60.53066143313559,61.66523555821002,-0.8517119107469189,0.5240103253675756
2025-11-03 21:00:00,3.0,45.0,62.0,10.0,11.0,17.0,65.15355752540944,14.906921898411476,5.491298597193625,6.202650471093962,77.75421196920549,77.97296146683559,78.99387271537911,79.5447101483934,76.88324916338486,76.93498446580496,79.16252303462835,84.07890389397022,89.91696589901547,93.70710976230282,92.23717968321608,87.50487259361523,77.85405649829251,74.40680329863162,72.28913509992373,73.89524794057168,73.75870245875281,70.97696425852749,63.64338265826445,50.826986409440345,37.44626117453122,-0.8425720899866032,0.5385835804920232
2025-11-04 21:00:00,0.0,40.0,71.33333333333333,18.0,17.0,30.0,64.51853417070238,10.223741059970113,7.265542319819178,6.946488284494433,73.11274361947801,73.58127882070247,75.65368066257774,82.34925881179568,88.72501237791334,90.23102451256496,88.0703563703209,82.30285157307777,78.53941567054493,83.23252438454787,87.06689573632367,90.1598310966234,88.93740161621282,83.64389654802409,75.33632722007943,70.40245426455455,65.31190582120256,63.19295308348087,60.78911823530132,58.86245308583978,59.532583238060646,-0.8331829385891785,0.5529974600700271
2025-11-05 21:00:00,2.0,41.0,61.0,10.0,7.0,22.0,59.57550414737721,10.143320372949413,7.551800868539645,4.534409817435172,59.05831881179715,59.73048606663704,58.97627637152832,65.07196190225604,72.72716846754903,81.44004720476903,89.6916313683814,91.56916148969184,77.84250359097871,63.11375545466924,53.47086429619198,47.927985760199135,48.71863906293607,59.20773284611236,73.12933576333785,78.65521111153211,83.23129178197938,84.7106832011312,85.68602501057893,85.02015336826217,83.02138548857528,-0.8235472349556007,0.5672476988027229
2025-11-06 21:00:00,-2.0,36.0,72.0,20.0,15.0,30.0,56.43951040406162,7.156157073022541,7.6586207637511325,5.547535792399343,69.61706706127798,69.78568240858682,69.9105883175927,74.46711374711721,79.76960596724409,84.07493582822411,87.34268450930567,90.5408598363426,92.02763544761682,94.798598984289,85.47892527763598,68.6564570510336,48.11411253171824,41.80525708120357,39.23460762637286,33.689010072520155,26.76272191545873,18.07818953608696,12.544823996544602,10.84260874046004,12.28984843920135,-0.8136678304455991,0.5813300798152042
2025-11-07 21:00:00,3.0,33.0,77.0,16.0,7.0,19.0,51.377105748623606,10.209947418409133,4.5502962167764585,3.9288889635158735,55.759546411466296,55.57961299034423,61.85294812798233,70.32023767818309,78.02326623613908,81.6945021657316,84.05517319326262,85.51276819122755,85.67596414330403,86.0288304264494,86.61978546302836,86.77539769085485,85.98031340823337,85.02837971198095,84.39006099540374,84.58383852798018,84.24512820312519,84.41928326585548,84.58230828650142,85.13585085817911,85.41415192944234,-0.8035476485339116,0.5952404359043674
2025-11-08 21:00:00,-1.0,39.0,66.33333333333333,16.0,11.0,29.0,67.0805545323373,6.303458354053668,3.702392121673217,6.050056046839586,64.8427437118898,65.16854010915229,67.82950324081541,74.66220479214394,83.251374939893,92.46355072455964,91.7239704374816,65.74537644905924,36.7380071004105,17.009353446656824,6.383934452064342,1.416136915792128,0.3381911006911622,0.9041891996870354,1.897758021095813,3.384165475017478,5.240182385201529,7.967710342489363,11.457795322378647,16.115068860983197,20.70491560880709,-0.7931896839451843,0.6089746507720486
2025-11-09 21:00:00,-2.0,31.0,49.333333333333336,8.0,3.0,7.0,51.057821413501614,10.185435082262506,3.459484595218154,6.307932277201281,48.10932779135572,49.86363585478506,55.32189010252673,53.23982044465623,46.12535870572846,52.43027729781768,70.94910849891538,86.25703356083136,94.07505473657076,96.88305069658354,98.0096572209011,97.97102002100824,95.65286095699976,88.57100462993698,81.54675435595479,75.60484454756316,73.20603108927087,72.77325984311358,72.89340729663432,70.87714575963116,60.97671642830363,-0.7825970017677834,0.6225286602431057
2025-11-10 21:00:00,3.0,40.0,93.33333333333331,6.0,9.0,8.0,92.49098912661424,26.03270975830125,2.38540667583288,5.7336157129274055,98.10124843417375,98.67121471221198,99.91893576530391,100.0,100.0,100.0,100.0,100.0,99.3047094193704,99.48832258301633,99.70946430046844,99.87673171610211,99.68983230484696,99.49613546487444,99.90882036331168,95.14444109441528,91.82180349399523,91.82029320769657,90.17087234590916,86.27468262231173,80.34493389645272,-0.7717727365467837,0.6358984534680745
2025-11-11 21:00:00,1.0,33.0,89.33333333333333,17.0,10.0,23.0,75.17979820946917,9.0665079711036,5.798703919977959,5.422114316852429,85.3399629903747,85.274879609719,86.64635648859797,94.51138754990072,99.43636029614468,99.11138099702312,97.8073119482128,98.63570129238772,99.30715273957384,100.0,100.0,97.43057300191649,64.69490119943542,35.49978949281156,13.314617854568016,7.519012422927494,4.754750498223625,9.675698552674126,17.492618138188824,31.090069767624552,43.80301913416332,-0.7607200913564104,0.6490800741100398
2025-11-12 21:00:00,0.0,32.0,44.0,10.0,9.0,25.0,66.21205057847725,7.505128930302226,5.989157727461656,6.163634314414348,78.31360180573252,78.55875757646682,80.37609227324386,87.4999134138488,94.3106502794931,98.67261486081556,99.5677549204073,99.7565188139082,98.5241368990537,83.35912017701847,62.87552680953634,43.51367622288292,37.16782056097421,35.800135773098155,37.52285127162551,38.12469758415625,37.264162430673046,33.409585799728234,29.98907408324361,27.12061104078781,24.66558869746268,-0.7494423368521953,0.6620696215153815
2025-11-13 21:00:00,1.0,33.0,71.66666666666667,7.0,5.0,3.0,66.3380001573818,7.774059837130918,6.735713198718116,4.1024513550754,79.84166431941107,81.16155449165471,81.32669878262313,76.42217004617751,79.18148353626756,84.21170214165198,91.68937191276692,98.12381680400422,91.90988040759731,83.99743193984393,86.09093230279144,89.26021993763355,90.17863989262452,77.95677179049034,63.02050982401396,43.34378220010117,29.01849222256149,21.62964076085188,19.944973487424694,23.747456289674943,28.872580418644585,-0.7379428103031386,0.6748632518680403
2025-11-14 21:00:00,0.0,28.0,51.0,21.0,10.0,32.0,57.69776335246639,4.599041757219868,4.694234635213724,5.98746235260178,66.23464170100577,66.64631080195223,72.98466382418218,82.27043435164789,93.29651460304066,97.175527902865,76.00353838213606,51.62759234513166,38.61030662425373,31.9361408010756,27.189775162139423,23.61352533025704,21.314072847438343,21.152843765256023,21.5854610748438,23.13181931892132,24.87168536197835,27.578379823979205,27.199295706615,24.47420160927985,25.76917573260741,-0.7262249146041543,0.6874571793269664
2025-11-15 21:00:00,1.0,28.0,11.333333333333334,9.0,9.0,28.0,57.69776335246639,6.684208092297901,3.524432696063632,5.972687116131761,71.03421576366395,71.33890507593436,71.69048806377613,74.45060022015046,70.37845077952035,64.11304435296931,61.786256022647656,61.09365691196928,60.248259238370615,58.301899725570586,56.04230652079273,52.92240212852168,47.321590850942975,40.88292816013015,32.95333057425643,26.891744469442884,21.28003504928265,19.561895104367185,18.04085023865084,17.57001964203303,16.95991322470853,-0.7142921172691032,0.699847677146407
2026-03-01 21:00:00,4.0,6.0,37.333333333333336,31.0,12.0,31.0,49.21589030758685,1.0797895006978115,3.2788836446297296,4.289603752813473,72.01084548571359,75.44215746661023,83.82993394637217,92.51333682963748,76.81979337894903,44.6313790428765,27.509813985708327,21.069568818898645,17.935018622971967,15.489835798308818,13.470539589406986,12.553097967902122,11.847453680689712,12.408964042343928,12.823744255060207,13.240817030655572,12.66277104127163,8.567183101417234,4.260978242019777,2.167767900481574,1.3894225110454623,0.8584015232918917,0.512978386299228
2026-03-02 21:00:00,4.0,10.0,35.0,38.0,11.0,26.0,47.55362294100954,1.813656041792426,6.085153555859837,5.757457745167243,57.65584168513564,61.11159063042065,68.12368241276272,77.28226037964092,87.95293554768053,98.35864990046544,94.48249263138372,78.64805590512624,58.547627231582425,43.530525378560334,35.14863672199846,32.35605872727917,30.718995377632584,30.34132333727888,29.88764138311299,30.58955833356042,32.189996378722626,32.51957258416809,31.790190140687923,31.563850237609376,21.07948440690838,0.8670985522812081,0.4981366284784055
2026-03-03 21:00:00,11.0,31.0,37.0,24.0,11.0,22.0,51.057821413501614,6.368652263134938,5.358817341119224,6.42797980053031,52.306998833909525,49.68660837161285,49.26697978825872,52.17516535181454,54.36750205853017,50.22007881677166,40.84641746378898,38.5329691816444,44.90821743568846,57.06064866261269,70.49149019751539,78.28157087721075,83.96886203819767,84.29850458591571,83.19969369561846,80.22745530598166,75.75822581208112,69.23923213486715,65.81247229517766,60.78130260086241,63.96338079106978,0.8755389928586302,0.4831474640149687
2026-03-05 21:00:00,8.0,13.0,14.0,23.0,4.0,34.0,41.6297410633818,2.655668993078795,-0.0396965680985044,6.229916746722798,68.39831492686072,75.30425464330628,84.85071228005914,88.58670646859923,56.20716814045809,24.6933731707876,8.267767041657228,3.1252463381830644,4.010390290687012,9.212957763818638,16.88035164044738,25.86804026276405,32.5691882120245,36.682834811352905,38.05924971363,37.7168018203629,35.79423429496252,31.874226287320777,28.999490408057643,24.91329591802808,22.65921177363495,0.8916401947968874,0.452744699607371
2026-03-06 21:00:00,1.0,24.0,57.0,15.0,7.0,15.0,57.097771579008494,8.941259293545489,0.4754079862862897,6.16743075635329,69.9140976924767,74.63079509993052,83.05985758494081,98.05541506580934,98.76082715823708,88.70565616356771,78.3485506021848,74.81452379825856,74.76685025495304,74.03479287224457,72.10603302742058,69.65663266093813,67.38497109209287,65.43351423279337,62.76336065116331,58.81853748659533,51.854625319961066,41.42222234492602,33.24852599533128,22.70324626742508,22.24343915682346,0.8992961915530253,0.4373400963303323
2026-03-08 21:00:00,0.0,37.0,68.66666666666667,11.0,5.0,26.0,75.5699252652478,10.751439552296688,4.641906636031672,4.970490917597485,93.46067227549696,93.42985674522517,95.91695517187604,97.50786739289916,100.0,100.0,99.97975913219788,99.60603680889382,99.26307635128182,91.2270696168362,73.75681619307477,50.84647572287968,27.60835096996752,12.405542978539232,0.6615627378706335,1.7588782023257976,2.923208992978393,5.362247054433427,8.091912232567381,11.791123766991875,18.5501420984607,0.9138076496466616,0.4061472386305788
2026-03-09 21:00:00,6.0,48.0,48.0,23.0,12.0,20.0,60.542358687731365,15.864627437815752,5.797735281145664,7.159919211351297,63.100216727823565,64.58569083247512,53.579001654659486,49.1886324068772,49.56908826183784,52.10845177163277,54.92050986289399,55.30506977135092,56.3067631466424,61.61120848334271,68.54118545760497,75.39363003328445,79.91504090185697,82.99712055116683,84.60278309309538,86.18654996007042,84.42647688446932,77.30989462458272,65.69528534274939,47.19165282584336,33.55771460415865,0.9206588168102428,0.3903682146763026
2026-03-10 21:00:00,-3.0,36.0,53.333333333333336,14.0,7.0,34.0,58.86615279798072,13.06701963564644,1.9577721116494795,5.798764610722897,82.37097288338191,83.13071396361845,77.16353236919616,59.095289504158174,55.64871642496957,49.492022517871135,45.45472488105575,54.82387486086738,75.02151380023516,98.1074066914971,100.0,100.0,100.0,98.1765546527182,95.07978922365636,90.3311207759529,83.85500318797135,75.74664973251767,66.14100955763308,53.43453315719876,44.72747111316328,0.9272375462179536,0.374473674486883
2026-03-11 21:00:00,0.0,22.0,82.0,22.0,13.0,9.0,74.06076117658414,15.555307228190353,-1.1695118135413476,5.440392732681537,90.83446159700726,92.52524863593264,94.50605270119108,94.08416862217844,93.02932276076024,91.40016791276544,92.6373894301964,95.20194542470048,96.48488961694396,97.13952348481844,99.53661322462337,100.0,100.0,99.5862641342344,98.9497834956313,99.43583921972274,99.49635602652435,98.96123587052476,99.13211565015484,97.58143460105497,96.12057169173258,0.9335418911179212,0.3584683215124808
2026-03-13 21:00:00,3.0,24.0,42.0,35.0,7.0,28.0,47.71405301685575,3.2808218536355214,5.681311096103871,4.712660271074055,62.51549765742797,62.91726358748858,69.72808177222372,78.12241970063221,84.81876576726285,90.81768354079294,86.61670501565801,68.19943206820862,50.41637027595313,39.96676109690229,35.646217052321866,31.26337136959128,26.37193205674772,21.718208859007746,16.99559987747668,13.70971950727547,10.53957977122135,8.81541693727274,4.358581925145138,2.671607713717832,4.0377175417917455,0.945320046913132,0.3261441535642696
2026-03-14 21:00:00,-3.0,27.0,81.0,26.0,10.0,2.0,71.46103591418597,7.254517567940559,6.073863664055697,7.549323375632944,80.42888873841915,79.89833981728295,85.99218196999065,92.38229792781148,92.6476489702123,91.3595003334626,91.4914958855634,93.97982088023706,97.63364873496393,96.7248015825315,93.66117116734,89.51756796093072,88.28083285572829,88.40194805207055,87.15617304107866,83.38828345971939,76.39668951241832,65.37271928446377,61.796654819429776,65.524845458998,69.52122218746423,0.9507903724625832,0.3098349038318025
2026-03-15 21:00:00,8.0,27.0,26.666666666666668,27.0,4.0,32.0,44.07517599881153,3.795886759158666,4.571484387986428,2.694542259832868,45.97124774973068,49.366626019329104,54.77768996209029,51.99635776655131,33.28541850103394,24.25891505409832,22.6910487464174,21.94529935006685,19.063493671740098,14.41947344906763,8.979271577048369,15.439308664259393,27.75345950671206,48.50462682662759,63.40944904894864,75.23077743488197,77.03375948772617,77.91692623854287,78.17488995026308,78.79049104645296,79.3368076930471,0.9559793438440766,0.2934339689665273
2026-03-16 21:00:00,-2.0,40.0,82.33333333333333,16.0,17.0,15.0,85.48534887342932,22.728143449984174,1.7724352088035094,6.572025829418188,97.25816669169323,95.23868262811972,98.68410556731368,99.06503004620356,98.91140111064048,97.87112932428673,98.1200965486153,93.70200880927096,83.61165797655002,78.0770056321285,75.74977712805018,74.14433042991232,73.14879387456122,71.14910078220937,68.15128184558398,62.73274519152153,57.01478693475883,51.543293413764815,43.962661067004575,33.95337030833255,26.989509989974803,0.9608854255574976,0.2769462022689364
2026-03-17 21:00:00,4.0,27.0,44.333333333333336,52.0,19.0,24.0,50.41180610445729,4.210525316194658,4.543847539949467,0.7191208152461988,65.47297107895716,64.94683887655003,67.64511624197354,74.58004119679748,84.10098468311578,93.73257370015354,100.0,100.0,98.8593561460769,84.45128448316281,59.436285537246455,34.83104050915075,20.82979246960713,11.408700577075516,4.069639622952012,2.33513852759836,1.410554190637363,3.8688091643313993,5.751841907024933,7.505415176171873,9.015773283013196,0.9655071658143364,0.2603764827344581
2026-03-18 21:00:00,3.0,17.0,17.0,39.0,7.0,28.0,34.965547045698884,2.112655851111168,4.242560803629676,2.9760923056840234,38.17655407625031,40.20298306747497,44.75938428238352,50.93442976496725,57.28084025149087,58.6386284278654,53.20251095843368,28.987356517609,13.334820720590589,7.707719886854438,10.658827218195478,16.895039822644723,24.1864019505066,31.05461956008815,36.71671465334155,41.30636296741439,43.65186468546016,45.43282358411796,46.55923423892527,47.59914567272016,50.26266827080723,0.969843196967294,0.2437297136096838
2026-03-19 21:00:00,2.0,29.0,75.0,40.0,12.0,16.0,48.54550582835402,6.077940269435743,6.182249454798335,4.800860069744829,67.85887422728104,67.83242068540554,72.08637558943782,80.1083276527157,88.01758006627877,92.74217480931668,93.93284555827944,92.281945153395,89.02517451581396,86.75826528081377,86.96016745013375,86.92285304730596,86.8598006320953,87.66468152644235,89.72506580185413,94.20803613026708,89.26669936202221,78.4229204234126,62.46288482001414,40.76364929514277,31.737606568688044,0.9738922359149924,0.2270108209414184
2026-03-20 21:00:00,-5.0,32.0,70.66666666666667,31.0,5.0,24.0,53.484349004594215,5.715829154132575,6.3951393173222,4.925939835211652,57.26647402285391,57.81133149779005,61.608554327593865,67.47458551926576,68.8077221750712,63.561473529822266,50.804682847023685,35.32563651745523,24.764256778146944,27.062800978876645,46.326227797101645,65.06024725020441,81.781290094974,85.19502448464416,88.37803396525791,89.1021581301321,88.50553753861222,86.49085849270179,84.1149240027076,79.60980932862066,80.31107305835108,0.977653084481664,0.2102247521189836
2026-03-22 21:00:00,0.0,27.0,76.66666666666667,31.0,4.0,10.0,46.10350650579485,6.580560511902996,6.552179886936061,4.461394710360308,74.35923334602948,75.02702712116057,83.08073385815298,91.18933362206327,95.21328464434816,95.95692108697516,94.10244585093766,89.65703242784771,86.74290442599485,89.28701593996658,88.05317917336353,86.54991027049103,84.04013360208837,82.7610307567092,81.19556634092275,81.18748421092907,81.90861322283529,84.5977155695962,87.23167055531519,87.09606740547774,67.88565469495317,0.984305844499033,0.1764709734915216
2026-03-23 21:00:00,-1.0,29.0,73.33333333333333,39.0,10.0,6.0,53.01430051000087,5.677047607090138,7.106972061348287,4.533788435875284,70.71049307344623,72.1482203472823,80.81130206477913,83.59416970766867,81.12650447871246,84.82811356947676,89.61123798422564,93.72355077762975,96.16826328784435,96.9957177088924,88.19232269990204,86.4141159638115,87.6759859547113,82.71150679545438,69.67734712574338,45.51015070064411,30.58527655578873,22.07779966618996,34.23608649946365,59.05796299752857,73.22909735126574,0.9871957872910084,0.1595132519726365
2026-03-24 21:00:00,4.0,33.0,36.0,49.0,8.0,25.0,45.09024142320008,3.636258701117763,7.128004006934125,7.489586885005671,39.41186576385496,40.04708106130138,44.15061716673586,49.22817660652082,55.47624055346654,62.550246462409866,66.41051978050292,70.54532147820677,68.56195622665489,53.90945139909504,26.597028028782184,15.580887261336787,13.691917956889936,17.060932940100333,20.27141007830821,23.4265115001332,27.568689827984432,32.79629457065279,39.56350741976098,48.17402835427331,54.10182803525218,0.9897936029670716,0.1425083279161708
2026-03-25 21:00:00,5.0,20.0,5.333333333333333,34.0,10.0,31.0,35.50060922622603,1.6564769188579638,5.067130995893501,6.091890666211079,31.563550935518155,33.3647176271277,37.78324383786806,42.09067500790137,44.134193003612495,44.44201820363974,36.73208323251566,27.514348925023523,23.53650641684585,24.1843873246412,27.174932333708963,30.007093663631533,32.465237040912214,33.05671829299905,32.29935577745393,29.97151514075136,26.08365512539727,20.195792450071,14.744501155994191,3.122532898202025,2.338577096958524,0.992098522791769,0.1254612333527364
2026-03-26 21:00:00,-5.0,35.0,74.66666666666667,16.0,7.0,30.0,75.3759486435965,10.536604749610238,5.096177670592125,7.398253964759053,90.16250251158284,89.58430505719798,94.04816279899832,92.63072121134192,90.28754719198731,92.88875007746616,94.98252206418805,98.80086510004357,100.0,99.4654670121543,97.20134140380456,89.1887308312632,74.36302600463772,69.65876445773074,68.27717234504642,73.55448055090949,77.02797793951218,76.28501223659435,76.40987418250938,79.15265179461973,83.52969626065236,0.9941098647022418,0.108377012791876
2026-03-27 21:00:00,3.0,16.0,26.666666666666668,37.0,15.0,31.0,40.198101810275645,1.873029227414524,3.3632612801125408,6.066197862834223,58.775245663468056,60.08036606889093,68.41047820565741,76.93491501534407,78.39293627966079,70.99580539896829,46.55413945422731,26.200355428276385,18.36559471974102,17.66570274210956,19.0247151790788,20.20645186085232,21.103886403717954,20.578425642029405,19.421434594022383,17.060940873392155,14.602591030349352,11.892810549157328,12.268114841402683,14.31635304307417,19.56091885343312,0.9958270335100596,0.0912607217293118
2026-03-28 21:00:00,0.0,20.0,42.333333333333336,53.0,7.0,25.0,37.2269142465944,2.273995836852144,8.962076572094356,3.9682964932357976,31.89241235170349,34.1705204820797,39.08711264253567,44.87686636743096,52.1616137605774,60.38859546823255,70.05694119923433,77.40219854335908,81.91882270560522,83.11729070049385,83.61740906884188,84.55951678651267,82.935192100842,74.63276154115374,64.17148107070709,52.1769372981778,44.0622654195904,34.959828680362115,29.109811039141587,24.19408740530215,20.62023809588764,0.9972495210773452,0.0741174251509443
2026-03-29 21:00:00,0.0,30.0,67.33333333333333,37.0,10.0,25.0,50.8972506319988,6.25325709789026,7.785029010707291,5.502496691235979,65.79840436168787,68.28819154798852,76.27769145081432,84.64103254602549,90.73760162148224,93.74205345285364,94.05338062961712,93.12902865381676,92.36295536492833,92.3831253209144,95.17035854637857,93.7426142734974,90.2049789386078,85.63888938047329,83.01135271241712,81.0680496372755,82.75467310338345,84.49992824556679,85.83283559556877,84.94561078031721,80.92139620519406,0.998376906467142,0.0569521960340397
2026-03-30 21:00:00,1.0,42.0,69.0,27.0,13.0,27.0,62.199324616273074,12.373257922329245,6.749431826600752,6.6182650485471965,71.0320724645583,71.39550461274145,76.41019476533505,84.61325900065881,92.91315439386412,95.47565006240868,93.81555952140155,93.12247400041728,94.7840148054519,94.92179127387584,94.1866196201467,93.21894166979357,93.23397611780165,91.9136668960606,86.20572373814052,72.85564453979467,58.64871998414044,47.53072457162551,42.55004452284892,43.92524405794112,50.24907492082542,0.9992088560679752,0.0397701138460557
2026-03-31 21:00:00,5.0,31.0,73.0,26.0,4.0,7.0,53.32830230837165,7.92766490339049,2.9082155807731813,5.46573165431812,47.39035435917855,48.72982910963001,54.08611416753463,60.724471847776506,61.663681165303,56.08892144938476,44.80471737954856,37.22999588524298,38.70907847062325,48.53043696155064,70.14912303968998,84.56449681850815,95.2567632530524,92.22561816608084,85.16183978708096,71.35879813723295,61.10571593269651,51.30650592081686,51.5161891608596,56.21166377544253,65.77254678861945,0.9997451236925734,0.0225762630415454
2026-04-01 21:00:00,-2.0,31.0,74.66666666666667,31.0,7.0,1.0,63.3361206106023,6.215609977822553,4.525115053569839,2.5616833469590987,78.33421212667561,81.62080676930306,89.42942565456113,95.30025788629274,99.67595930381134,99.4472096320604,100.0,96.824357749401,90.13299060565136,84.63642669918082,81.48982424335438,60.45416980310079,35.83458553857031,15.998889649715007,6.830208764699984,4.5151132692683404,6.102049595927155,9.391799860480893,11.215488020921434,12.939553647542123,13.3536480052026,0.9999855506507186,0.0053757315575838
2026-04-02 21:00:00,0.0,35.0,50.333333333333336,32.0,3.0,9.0,47.434384948944405,6.713275308335983,2.949644536567237,4.013172052747691,64.195784865685,69.32083227393663,76.44659158022318,87.23096329916942,96.5045690479207,89.39147514052124,61.05012936381794,26.934738895562177,16.013035581259892,10.470266175547,9.471849028281373,16.257172697664146,25.898339534841675,37.89734802958324,50.20250324097725,63.21729440736914,71.11977881377133,79.29876749460131,80.94202781249679,80.9151389468614,74.53909689591501,0.9999300657962056,-0.0118263906918325
2026-04-03 21:00:00,-3.0,33.0,80.0,14.0,12.0,14.0,78.35136254423699,20.422451902034915,0.2124306103340361,6.411602941241518,95.7753097416676,96.98697357633591,99.24554124489087,97.82974512481772,96.60457176313622,97.06498057280623,99.49241183579616,100.0,100.0,100.0,99.63728642741518,95.39890934139244,88.9055600246619,89.18180394476511,88.88112315856806,88.794725123556,84.40778752399981,74.74991372900905,57.344583606714416,31.75439357306904,39.87988352506442,0.9995786855478958,-0.0290250133219752
2026-04-04 21:00:00,-4.0,36.0,56.66666666666666,29.0,5.0,7.0,49.684295857041946,4.991099676392068,2.084929613806563,6.518812716672196,68.96526299388871,73.66221989612481,82.58299176670492,92.21157885551774,99.2526625219464,89.95975927340557,37.777471399970665,10.406587712012351,4.467920087346688,4.922832214438985,7.2127326374099905,9.1785379964557,10.610647327201216,11.022385781231746,10.178842867826567,8.282602537781504,6.861672195015705,5.107899386866404,12.760001931443616,25.614374468306085,49.01363205545523,0.9989315138848576,-0.0462150469837083
2026-04-05 21:00:00,-1.0,37.0,80.33333333333333,8.0,10.0,18.0,81.94145600121023,14.543709648874794,2.221691129493333,5.3668313011908415,98.12205437948116,98.527104831582,99.69027276264607,98.03107163257071,99.31229241330296,99.77252446943696,98.00643065651496,98.74424841025244,100.0,99.46570598747212,91.04986542717268,74.30802146108488,51.27233221557188,33.1043704842463,16.571938008126367,9.754155947194878,5.806020502232845,10.110159796934092,20.358170686635,40.123959174277736,62.35461576500833,0.9979887423155984,-0.0633914048695103
2026-04-06 21:00:00,2.0,29.0,75.0,39.0,14.0,30.0,53.01430051000087,5.308269141708183,5.145214296249561,5.814241117115445,69.7934953140256,69.69758843784173,75.00830831692407,83.6369682379782,92.9678261408521,99.44270042603723,99.72955748674606,99.22153660722974,97.70109959260913,87.6228375400111,73.97591435084338,63.09662238593008,56.26761859420537,54.38490642211572,53.57542569256635,53.63667618644635,52.88775903770667,50.40790396390412,47.72802806591783,43.64787664903048,41.45044523581491,0.9967506498213928,-0.0805490042187416
2026-04-07 21:00:00,6.0,24.0,40.333333333333336,39.0,6.0,31.0,43.56021420918525,3.871570824801276,5.891117459163536,6.534890532289576,68.79855654911485,71.99759286955158,79.92418569242076,84.36925825858906,87.75014132855927,94.5196826047178,98.9816462474193,99.58026313569576,86.65228925875446,65.14464363953158,47.98516919872017,49.4915275273986,55.41481362263343,56.49919361041537,53.13323313641985,44.6418087426433,37.12124443709281,27.436693109495085,21.474981468719804,16.66488192038277,19.07622070772473,0.9952176027737294,-0.0976827678217159
2026-04-08 21:00:00,8.0,34.0,20.666666666666668,39.0,11.0,25.0,41.45993528997875,4.486479942635906,5.721386337550916,5.197540627066471,62.58916297546568,60.44709794292113,65.43362056151018,71.66046019418718,73.87106775392253,74.74039593050053,79.72854119452934,77.74377350735993,63.13655568077161,44.48698242501784,25.136789268472786,15.339295906472085,8.860555559219682,7.359303804910657,9.803960043218542,14.706657882439568,23.167191806176085,33.8220013842973,42.63051654096121,52.7192498558986,56.93876026643252,0.9933900548258936,-0.114787625522127
2026-04-09 21:00:00,7.0,45.0,23.33333333333333,16.0,15.0,18.0,45.14741444059202,8.765986003058199,4.242497370962162,6.9648950792528375,62.54493849626331,57.43800187408634,52.48370260581218,47.951967300674646,39.06478582602925,30.906339531510035,22.47979179170379,21.75257174150405,24.629863550254,29.39495955723136,35.51339457683469,38.687658979082286,40.41043001377529,37.49258095709861,35.444143752747266,34.05789113302057,38.4669557063072,46.57946687256323,59.59597513749465,77.98428536128577,87.3964141580649,0.9912685467787256,-0.1318585157173911
2026-04-10 21:00:00,-4.0,43.0,77.66666666666667,7.0,4.0,28.0,73.17915644130431,17.309348653404186,4.927239712015664,5.665205360650363,75.25679404213189,75.79316998058263,81.38200362823021,91.60134066796104,97.3041240674732,97.68828916877432,98.35917180343864,99.62365894857342,100.0,99.95736507292015,99.13066481618152,98.06900562946664,96.81707803723484,96.9476577141614,96.3777544849647,96.0359142588459,94.5310129039439,92.6856134122515,90.1890138638229,86.52087128188505,83.76108827432545,0.9888537064205885,-0.1488903868564548
2026-04-11 21:00:00,-1.0,36.0,66.0,35.0,14.0,31.0,58.86615279798072,7.353845644770988,6.996634739590149,5.24558986244574,77.91220648017739,79.43166752446487,85.95698851663546,90.80097874359517,92.00912392222008,92.14876293963172,86.01301211718186,78.19530100536713,75.03464287037444,79.9715105871713,84.25683204764269,80.93691614197417,71.98635535369095,59.57429561041133,50.89026577025868,46.0986863964318,41.1456378212324,35.00806174088515,27.3401005007669,17.88771435591212,14.985122376475315,0.986146248341595,-0.1658781989346314
2026-04-12 21:00:00,10.0,44.0,4.333333333333333,36.0,4.0,29.0,36.40950317929968,6.936768260439318,5.173459967524937,6.0368950677471975,49.50446567941495,52.08346302095167,57.03693172931262,63.37446630171526,69.8762768561538,65.41169456620935,56.83798188235877,44.800807873803215,39.99910870463019,38.0649022092302,36.283083058251655,34.25553518377144,33.26193005528766,33.78537890408356,36.31058824987459,40.93292907813596,44.31508858808924,47.5708508137735,47.397417656916446,45.75118129207859,41.2696517894436,0.98314697372215,-0.1828169249850199
2026-04-13 21:00:00,-1.0,47.0,82.33333333333333,7.0,9.0,20.0,76.50821320761224,29.137108257974464,4.554033359420492,5.238476514425934,98.326631295143,99.55138316870529,98.14678379430806,99.69419191117366,100.0,99.77019672671828,99.44521879857191,99.54383416878166,99.3674219257177,99.71340110387104,99.15896915705476,98.6306108928794,98.97571965751136,98.76069337630648,99.32530432979368,99.96902502517676,99.3067643678614,96.2383940184274,92.96109098323431,89.35650984375671,88.65000642669109,0.9798567700958664,-0.1997015525660636
2026-04-14 21:00:00,-2.0,44.0,76.66666666666667,17.0,2.0,3.0,55.30805895279023,15.417251831514555,3.81986369383125,5.825026635768149,70.96523889051132,72.16803227270317,80.06964044836359,88.24752620466705,94.8431618205962,64.46604634838133,28.461666603500685,19.013616941738764,31.23736573332857,64.43950278648285,77.01205693380466,85.31354723273041,91.74376549693704,92.62991454083392,93.5208105266168,91.57126560477565,90.66851805062537,90.2948290882642,89.56608847840289,88.39049410356499,86.76728714639343,0.976276611086932,-0.2165270852448143
2026-04-16 21:00:00,-4.0,48.0,83.0,6.0,5.0,14.0,79.61328490066256,27.424501837047742,3.35109873276743,5.662101433847415,99.32643194360996,97.01129038001976,98.8266092363005,98.45693907322791,95.81262280922968,95.1546600837784,98.05680419125716,99.52072510676902,100.0,99.63995006740902,98.8142308115828,97.64506808017718,97.1706341716549,93.83521681020764,90.0685085611617,91.11252442553656,92.66084027456914,94.81004367397082,95.59887314216012,95.99081241836296,89.43419116943407,0.9682507501166718,-0.2499809690726521
2026-04-17 21:00:00,-2.0,54.0,34.666666666666664,28.0,8.0,34.0,50.4488411346474,10.851937424503507,4.039045681990258,6.739437987489869,65.60032944097722,66.41453641794457,71.97332008214975,79.87270110740153,88.42874887120034,97.41024338377932,79.89246647141671,42.60968128069174,17.6500052157453,10.651037309681625,17.489728762927363,22.93323217711184,27.328853303926792,25.668491698620848,23.072328375530937,19.53067929927698,16.723427902635365,14.0771193796373,10.530147213662747,5.132727986820097,4.870725285176746,0.9638074231367308,-0.2665994206792935
2026-04-18 21:00:00,0.0,56.0,45.66666666666666,31.0,14.0,16.0,50.75435564809223,11.13520933255322,4.77314167352609,6.439546248343657,53.404286912684206,54.203496725076974,59.83029257102799,63.95945269284962,66.67053902763178,70.55284040358491,74.31245857430446,55.25164031719707,25.991155219819834,6.180279406786983,5.546020016884605,5.674036487264872,6.311265579989768,6.310156456965106,6.361095208672439,6.52964722951311,7.3887696045614595,8.86986126736677,9.932731050644056,10.689319953177828,10.615918411367668,0.9590788900341132,-0.2831389812281835
2026-04-20 21:00:00,-2.0,31.0,49.66666666666666,49.0,10.0,30.0,39.1538669327315,4.552228433104284,6.583055644647772,4.8235725247001096,70.67095713032056,72.39342235341788,79.51094849499914,81.5207975434323,81.52043340433927,81.61360752337869,81.06780368576439,82.90207518953288,87.7776859475892,96.29710889201472,99.52414418544372,69.12732938420756,36.11471116689288,27.142569027529174,24.0815791448183,29.28485948111634,35.00220764003662,42.07299278066389,44.29683176184992,45.02046070755931,43.27728389085193,0.9487718864399473,-0.3159618766579029
2026-04-21 21:00:00,-1.0,37.0,31.666666666666668,57.0,3.0,20.0,32.224568304605434,3.3910135895828946,6.499599661042635,5.02881917247031,41.213431945340666,42.72792774799843,46.7500539884733,52.15003760925844,57.914668955513584,54.20790810355084,58.31137794478571,52.87030883979951,38.28724253395293,22.225836646041845,14.662152244760383,12.347949164268286,11.198195383518575,9.78539523860168,8.448987715178033,7.785782520709912,10.856981425837755,16.707877858263558,27.878273039142965,43.54484743170998,57.48370918520367,0.9431964659565866,-0.3322354987159043
2026-04-22 21:00:00,2.0,43.0,64.66666666666667,28.0,6.0,17.0,50.79397408554044,11.769182331446768,6.5632871457743045,6.748523909038305,73.51156671088836,74.56457165830464,83.52008708591491,91.11321702995065,93.75555176302284,94.08846092240356,93.95692570159744,94.61092416465355,94.63559806129192,93.594590593915,93.41189412827072,94.110347601867,95.06791261487672,96.00196370495226,96.72322124610736,96.65435805955816,88.16778183389543,71.56442326307177,69.85071725205687,76.05787612435492,80.8753888301936,0.9373419384643772,-0.3484108069446808
2026-04-23 21:00:00,-6.0,39.0,72.66666666666667,31.0,10.0,35.0,61.79504777899112,10.690925230141383,6.868890158218817,7.364265785476603,77.7346896016122,78.11629496257314,84.96757389532752,91.66853741192271,93.63437664145869,92.51286576501236,93.960847059034,92.36768030451502,88.9738363084045,87.64041271790461,87.58628080853768,88.97346798377555,91.2576746846738,89.28435087776805,86.57662024214639,86.39465929562247,86.73935938033587,87.12911405248146,77.69370173932461,57.074455441346174,50.746165540941554,0.9312100364121948,-0.3644830148102912
2026-04-26 21:00:00,3.0,55.0,9.666666666666666,32.0,6.0,34.0,48.643418906488094,14.284642330980567,7.2916431302014,6.104539069414917,52.30933943521574,54.78025222125633,61.49000766700426,68.9534728979692,75.46340222255446,77.81210959821068,81.85018119390645,84.41491444828358,84.8580208798468,80.76710937845012,67.84569440825672,63.37567778024601,61.18486683025699,52.92025166518625,43.76078216251759,33.15372076754733,26.38429984608093,20.862158541574047,19.28273662963954,19.10347858285832,21.92238092139404,0.9111686353326632,-0.4120336369594263
2026-04-27 21:00:00,8.0,59.0,64.0,41.0,1.0,8.0,42.111158608798256,13.901347115639629,8.754445171416862,6.1253030622981655,35.515397473507775,37.84986131365816,42.32073458910718,47.35920582134492,52.75940535808292,58.15758946606378,63.815018716136784,69.8392820648517,76.144354240798,81.29237818256401,84.36975757766369,79.42862802326749,68.15404861810453,46.07912219537765,32.18839868558121,25.37616527048914,22.10225761109052,20.095316979137944,18.687433484184982,16.822656613965105,16.221459083863238,0.9039461929224012,-0.4276462092677746
2026-04-29 21:00:00,-4.0,52.0,60.333333333333336,21.0,12.0,15.0,58.73821122428286,18.002839815359792,4.2517455876076005,6.602391958650374,86.10202062630779,87.62595313237162,97.2416913274254,98.45758640780566,98.78102007562286,98.76803209961284,96.99481302499233,97.55586692394786,98.14322570506224,94.22787339520484,79.13057621547219,58.850045485530586,35.646471805468465,30.793128836222,29.59543615180801,37.88913440147627,40.2702883593071,35.51894273567823,25.52906312843198,9.016934413260572,8.149622276578636,0.8887010478292915,-0.4584871291400876
2026-04-30 21:00:00,-7.0,50.0,77.66666666666667,17.0,11.0,13.0,63.25026023393383,21.86875623635465,4.932108488638479,6.576510168094488,84.00839779490418,84.30002857884362,86.54029452913015,88.12169210724736,90.17264337841073,94.99582994934796,98.3776745425851,99.30944075444197,99.3219093623365,99.18772726081416,99.26565879120852,99.84102123916456,99.70241437500032,99.98302855449482,99.7908524253828,98.92466136954312,96.88352165123702,94.13877610718008,91.41152061097748,86.37710276307206,84.48304628867385,0.8806828564301475,-0.47370635037968
2026-05-01 21:00:00,-1.0,44.0,77.0,22.0,9.0,29.0,73.28171316760088,12.942961525853104,5.188738280510564,5.776258089012056,83.02384812070515,83.43215816487104,89.59122964545413,98.57439643993256,98.7592242473097,99.24313645969173,99.85203782611504,99.81626488307492,98.47516934757158,94.31509759385555,83.25856337014214,68.2206710494147,48.918699314647455,31.42277426046276,14.855500419238233,8.931182737419057,5.165795105578179,5.476250302452224,5.971537899042051,6.305388967673907,6.893243236803702,0.8724040568049612,-0.4887853942889926
2026-05-02 21:00:00,1.0,47.0,51.0,32.0,7.0,17.0,51.415168522735,12.149442894924997,6.49673522751341,5.921494541412801,73.3611521487507,74.00090377193165,81.76760578620987,90.63517462113823,90.55510770179232,89.7211721204731,92.29193894590998,94.48621513717936,96.37418707598816,97.16854312369767,98.0329936258124,96.99965997415096,94.7601797318338,98.2095108639892,98.09992283429484,88.10999238729633,69.79164939940623,45.41229692260981,33.90275809283096,29.78419565830665,27.798575931548168,0.8638670987837349,-0.503719798736334
2026-05-03 21:00:00,-3.0,43.0,79.66666666666667,20.0,7.0,35.0,73.17915644130431,14.418819379437664,6.142094593791,5.58022695445356,85.68606931185411,85.26753304888375,91.85030086073928,100.0,100.0,98.48669864638536,96.87708516908684,97.04441445010126,96.01016713615653,95.69783746178274,95.9950733431952,96.73498975577274,95.12193526102124,92.37569684931918,88.03653216977085,87.07493306317416,86.66718971899802,86.5578500010011,85.98948353152439,85.16811091284195,83.28444845112162,0.8550745085896932,-0.518505144391157
2026-05-04 21:00:00,3.0,51.0,24.0,44.0,11.0,26.0,46.11664489106369,9.4077468412392,8.94182723353168,6.72488190706621,28.73553406755879,28.499485881097574,31.03128557039857,34.75342538324861,39.31267270345022,44.59899465151803,50.639916607334456,57.50351648793889,64.13809788513251,71.94603848924157,78.80398002125642,83.28727849779095,82.81100220556587,75.71981123266089,65.7131925955595,64.2766192729053,62.52430770691311,61.71770579004956,60.85187629579543,60.017288434238914,59.03283061689084,0.8460288880917339,-0.533137056031809
2026-05-05 21:00:00,-5.0,65.0,55.0,22.0,14.0,20.0,54.09708539709628,24.891290166394807,8.47152939655337,6.347572555916232,43.47654521167366,43.32351723719951,45.27043539536846,49.047486485819626,53.48937948591901,59.01972202114937,66.01767861182218,73.87129470390764,81.1078505583141,84.71035551692312,88.29750923989974,91.82038877890288,94.48113345289698,95.97684069120903,95.8823495650382,86.87310131115868,75.68392922113055,63.68621541899958,59.28586173239893,65.29058187536224,73.22238906215365,0.8367329140344921,-0.5476112038402312
2026-05-06 21:00:00,-3.0,46.0,79.33333333333333,13.0,4.0,4.0,82.59177519161884,23.31904768887913,3.5890263303979384,5.950054544235007,94.30794385025834,94.4887871957421,96.76139921672996,93.8027350072556,94.32488269023229,97.6705927621142,99.7601303658408,98.26635219754635,95.15645558087346,98.92860372144342,99.6366586012161,100.0,100.0,99.6915247171526,99.57795442709828,99.42997980062292,98.20299885581608,96.49740672797608,95.0705896083988,92.53606792847567,90.95785983071312,0.8271893372462497,-0.5619233046832195
2026-05-07 21:00:00,3.0,52.0,63.0,19.0,9.0,28.0,58.73821122428286,14.613976332216245,6.53813618879811,6.30537866573774,84.526991406534,83.67894417450677,88.6965259650438,94.50762409041462,93.94834873659266,91.5549967262306,88.70767325347434,87.26439827647692,87.0502406799168,88.79926986090439,91.50785175776032,94.7263514298822,94.51396615915512,93.86444520436972,93.05039777347,92.5658962437708,91.85015812691272,91.56958946148636,71.14426585161708,25.5036259655202,11.326683413285371,0.8174009818249189,-0.5760691233798758
2026-05-08 21:00:00,6.0,52.0,41.0,63.0,9.0,31.0,37.74529403251764,8.707161813434249,8.71182297087815,5.87969391255447,39.18171807933609,39.07707654026813,41.0122817316237,44.87360787576093,49.28834202441899,54.70223250104098,61.10212629040932,67.987328876078,73.35061018089212,74.25907745753979,78.26694533648866,83.7706705460835,89.16581196958869,91.84451302607498,90.75222946658585,83.38348831098227,73.52515101045319,60.478316293861056,48.06861298593147,36.08561416155456,31.302618834797467,0.8073707443023492,-0.5900444739548627
2026-05-09 21:00:00,6.0,57.0,50.0,67.0,10.0,19.0,34.14821654774582,10.080895652912725,9.105339990708629,5.397114744084604,29.701660375033786,30.05444391888769,33.27742093959711,37.487577169595205,42.417781578147306,47.95616558239921,54.79394241366282,62.577159991755,71.11389492781093,80.4371656593792,87.09825049678638,91.5559715926869,93.97523810158728,94.30388404945762,93.67560364321582,93.37183989623271,78.94104679517716,54.35968601465863,41.59719972607065,33.84511241330771,27.797373349285497,0.7971015927871943,-0.6038452208771035
2026-05-10 21:00:00,-1.0,54.0,74.0,21.0,9.0,20.0,80.08874672634904,19.93925213783113,5.731864234596984,6.57669623354002,92.13295138982411,92.44300088537824,89.61374771464186,83.92957313726117,81.99818843139354,86.08417850052845,92.4560365295693,96.39591852448564,96.67413591589025,97.02811294053411,99.17489052711711,100.0,99.8412654721787,98.62050701763476,96.34284854710856,95.00506821117312,93.35416223833587,91.40326666378417,90.23732245102885,87.18792129679052,85.92999295462225,0.7865965660866021,-0.6174672802835514
2026-05-11 21:00:00,6.0,53.0,39.333333333333336,62.0,10.0,30.0,33.490605611279655,7.469846008864398,9.233080263801003,4.55491983275672,28.893134834790697,29.36815318736532,32.86465631469797,36.69213727443424,41.27908981161138,46.64577126596976,52.735969148591664,60.05765157761519,68.71912600962547,79.00993823868328,85.34619483834707,88.51168590046335,88.81790486262972,92.69306824354844,88.83271357932378,73.61535079385908,52.230442934392,29.06470794581944,18.75352297164269,12.738102923328409,19.35639916081404,0.7758587728069828,-0.6309066211876704
2026-05-12 21:00:00,0.0,48.0,51.66666666666666,57.0,12.0,32.0,37.080480243501846,8.598570966037853,6.53848949235307,5.244402134305983,60.834044668168985,62.57482472047957,70.53006172402746,79.45434792572843,87.66472919030299,90.37538139952572,90.19677839555116,93.4957676324298,97.82974484609012,99.75490472684766,93.20482734149084,74.94508570504921,53.33846721494575,45.292446027990096,37.59470579193096,30.71096947760379,24.19627159186549,17.880572264181396,16.798422142383366,18.541366954466376,24.211706739298663,0.7648913904341226,-0.6441592666722685
2026-05-13 21:00:00,5.0,58.0,39.0,49.0,6.0,18.0,29.11769587266964,7.45934695819785,6.7154005378452,5.8012838891896585,30.017985225980343,30.42048402853328,34.19582139310624,38.32906851486561,43.12404253443983,47.62497264168691,52.05406857741009,57.26767260179493,60.36618932322371,57.02112175862255,36.74805480090536,22.95963494292646,14.36794860457939,13.370727294885365,12.071066335497257,9.986083960919832,8.553494224448787,7.503697326021269,13.61960696307454,25.614350229734107,37.88083626800656,0.753697664392914,-0.6572212950663319
2026-05-14 21:00:00,2.0,61.0,64.66666666666667,40.0,9.0,16.0,57.74234446395111,20.30476435496168,8.221004335654804,5.084646638428528,52.77870527257701,53.24024148759603,59.05915072352824,65.90944068432873,73.80742838494557,81.51476485973235,84.55872985683297,85.93892094334947,86.24736724815195,83.10532699103842,84.93125436423169,87.64636107285736,91.01744107539623,96.17976165447315,94.85150310448198,80.94171021578158,74.30465236529177,73.80599014334854,78.2338459052197,85.85775163899217,75.01390310993742,0.742280907086982,-0.6700888411055113
2026-05-16 21:00:00,5.0,71.0,26.0,50.0,13.0,24.0,35.03736155492574,15.239147760354752,8.056302688247975,6.426475418134167,27.620826799713218,27.62254653823661,29.985958465547768,33.35829833427925,37.3920609981893,40.615698382080666,42.71538916274941,46.53830067424302,48.53447573926284,50.16116902630478,52.235306011423255,53.76686322607368,51.94864229145458,48.65137073096734,44.86035033933106,44.20164862970182,45.64935592242256,50.34692690456368,56.60490845774243,64.17245207130011,70.50027231201139,0.7187918772884232,-0.6952253139408722
2026-05-17 21:00:00,2.0,59.0,21.33333333333333,47.0,16.0,31.0,33.10462754858699,8.659596961977119,5.194377189948873,6.122804207977692,47.19290987706706,48.18648128858863,54.25670260770406,61.21111090822448,69.4497628593662,74.53668090023967,79.61959391656548,76.59683912695586,60.44949856352351,35.68056911457308,21.5255956490637,11.950635331051258,5.382678644049861,3.362504165348027,2.009511364457108,2.486818110174665,3.368739284657627,4.715865385092991,6.364656600808952,8.453189258559888,12.004099250972068,0.7067265555776158,-0.7074868024503348
2026-05-18 21:00:00,8.0,63.0,49.0,29.0,8.0,20.0,27.582432189338764,18.185635601304217,5.55565908326485,5.23576057807664,19.229191424786773,19.8060361312585,22.04298664735085,24.58526021654457,27.09859502851354,29.3557867207016,31.79965945116032,41.17422978248248,57.85521174466168,77.17639928922142,83.69858713827165,86.74174399388278,87.57257718311496,86.8857327575139,85.37557365869252,83.65686666634909,81.62263630810727,78.02331789406466,71.58202090330077,61.165707576814256,48.00478249717087,0.6944521021088763,-0.719538934232584
2026-05-19 21:00:00,3.0,67.0,80.0,14.0,3.0,34.0,70.26667474204065,31.653626092924647,3.347447514504495,5.138636766962094,98.89008370699874,99.28820922981043,100.0,99.38324389228036,98.87613181712108,98.78052319183593,96.9362572339562,89.56979103149442,83.78098521833883,85.85419894618956,89.0569377081573,89.12181181366746,84.15304339305351,79.01998341986157,72.82142058562494,66.17110502049907,57.525163470047936,46.63305813057256,34.73328994931301,20.41354488995964,12.8191708087016,0.6819721490904629,-0.7313781428679254
2026-05-20 21:00:00,3.0,67.0,43.0,39.0,17.0,30.0,45.06790834439233,13.771151661060353,4.77600239652797,3.824001528242616,62.58740330517586,62.177377500197714,70.20729989798643,78.18333152599293,83.10198860493804,84.67242905597449,82.89935191785352,76.60788501826417,61.74467594908464,38.45411710975397,20.79513245937879,9.128328437082663,5.271624087326736,4.190475271512768,3.8029091592802535,4.027126067650662,4.198592960401545,4.234220691159808,4.393886829817068,4.751275143452039,5.191331437835449,0.6692903895412567,-0.7430009249440493
2026-05-21 21:00:00,-5.0,51.0,27.666666666666668,61.0,15.0,31.0,27.98773246575409,6.87017601405289,5.998850107223301,3.9388712048257206,43.978898872856895,47.55902462700007,53.759646964540295,60.81935721049467,68.89878702662023,74.66110574571357,81.41068629951417,88.30323126749755,80.84337509184411,61.07860539513095,38.39283457778826,31.196743618622463,28.45546356537986,28.35337035786033,26.263499048583995,21.801564413082232,16.345971171774472,9.658659661891251,6.222989031772166,3.089279795342704,2.927161463623474,0.6564105761979381,-0.7544038410927472
2026-05-22 21:00:00,7.0,57.0,10.0,69.0,15.0,31.0,26.63427482835779,6.4026618498362,7.042314105670036,6.164552360048775,31.453349062918534,34.02039917117762,38.19693930149142,43.21901401546905,48.63455182675165,54.82111118049554,59.62059333651192,65.05373413964807,65.02983205935531,55.89493449597771,36.69165766114156,23.380396007348224,13.348693111080228,9.301543559775208,7.15437489178591,6.73143282521943,8.535446693135176,11.479740550061171,15.924999381014004,21.58382799288898,24.476852404598965,0.6433365204044917,-0.765583517007675
2026-05-23 21:00:00,4.0,63.0,1.3333333333333333,47.0,5.0,33.0,24.38058879886873,5.541148977204419,6.879805774283415,6.770766384051252,19.279206256178945,20.55999873893973,22.86704175463156,25.569474902429985,28.06238654055561,29.320261913381213,29.96276865542866,29.220510638752263,22.370985732105574,18.80207020362374,19.807091111157423,19.86922853168069,18.99320739582352,16.257383576930348,14.635646538233916,13.19385408976544,15.02942539049124,18.014610571364944,19.791655162177392,20.940000362488927,13.100751170659766,0.6300720909843687,-0.7765366444428655
2026-05-24 21:00:00,8.0,68.0,38.0,51.0,12.0,18.0,26.18193897681133,7.211383114646949,7.495155278967776,5.093058067386459,21.401066542602194,23.04260022134434,25.549133815891565,28.50481326236432,32.02271589070148,35.20826636129025,34.764385090685565,37.89119775910781,34.10263888592097,24.557834679073817,11.290321268803872,9.25889327656641,8.324169184103605,8.416712528341577,9.002908052069317,10.125455119852854,9.414720416544958,8.025457163569373,5.75421082751674,3.147872223179381,17.09384572350736,0.6166212130956382,-0.7872599821916922
2026-05-25 21:00:00,-1.0,54.0,84.33333333333333,14.0,4.0,16.0,83.14185862145281,28.2660080445038,4.596921122986501,6.021826682891527,95.80625669353564,96.73690594734256,99.60515898753331,99.34855960108754,98.57827590319113,98.15647174036624,99.06727484009224,99.87864305298324,99.38505090945918,99.37148809560888,99.85632754888076,99.53372637784533,100.0,99.58337718926724,99.2344205268882,98.40976036279464,98.92906593919632,99.27555646688594,100.0,100.0,88.05703011043883,0.6029878670694714,-0.7977503570459932
2026-05-26 21:00:00,3.0,70.0,46.0,26.0,7.0,18.0,54.8099144985178,32.2595579740138,6.648150235179868,5.884291440346349,73.38870718349,73.95081954515794,75.73837181224789,82.26797921990288,87.99805674341059,93.38708085738062,95.7690368342014,98.2606527483586,100.0,100.0,99.36067889927322,97.97750374919278,96.940295754963,96.25757968219934,94.8957197948092,94.61631479615316,93.18505796137528,91.3267284423342,89.29052525582183,86.69166807264588,87.92928344694793,0.5891760872322963,-0.8080046647350754
2026-05-27 21:00:00,-5.0,59.0,63.333333333333336,22.0,10.0,35.0,64.3868891219303,21.2003798918396,5.884236154380206,5.508007151735203,83.56584433146111,83.53203817257956,91.6814807126162,97.33136395960553,97.6375969497381,95.68248126904209,92.28870029441674,90.95239113990588,93.84967377978998,98.81966465939098,94.69323786686503,84.4309817734859,69.09172651584817,57.428618144431695,47.61944114695225,42.78564483575556,37.22254901300843,30.30865512074061,22.570280524836623,12.792415186959502,7.27711410230015,0.5751899607119775,-0.8180198708443175
2026-05-28 21:00:00,-1.0,49.0,84.0,21.0,10.0,0.0,65.65067581632282,17.51474753490863,5.240682465682576,5.419735522027523,93.31538666907235,93.43231449601478,100.0,100.0,100.0,100.0,99.57369617063011,98.53197940859862,98.85387200707896,98.25253055533244,97.79457241213947,97.40853493264896,97.41634251218588,95.54921832960306,89.58891136529485,77.00314510605622,67.29656374131768,59.04756546196918,57.051914966454746,58.71023740957412,59.56816301065678,0.5610336262283677,-0.8277930117131022
2026-05-29 21:00:00,-2.0,55.0,57.333333333333336,47.0,10.0,7.0,46.75238080743856,15.570447991190944,7.2120814492768766,5.478614169034342,72.44669288297659,73.08941411124671,78.35387395263584,84.11457664960201,89.88511855159733,93.3432969315813,95.065087401871,91.64387774949596,80.85758444633211,76.74416483970255,83.33118070888183,91.64159776497664,98.43505672588007,90.4608758441117,81.81003194260408,78.17056829969648,71.47886606948164,58.27188898339136,44.58906293252964,29.554531751279228,37.79988455800291,0.5467112728685939,-0.8373211953118121
2026-05-30 21:00:00,-2.0,58.0,56.66666666666666,58.0,8.0,1.0,34.31184626017269,11.52631430489628,6.920136206608725,5.987246306739152,47.49261592955259,48.64964450344426,54.43246704494628,60.93757651543258,68.29651939988646,75.28818204844224,74.94197213575069,75.35490806272468,79.3738651920974,80.92333858930272,62.691125384882,40.96791076370312,21.08541081520197,19.060025905048665,17.79893920362865,17.821528171264795,18.96408267339785,21.12458587626677,27.91867945515221,38.644314277764856,53.31199350073555,0.5322271388474397,-0.8466016020976267
2026-05-31 21:00:00,2.0,60.0,43.333333333333336,71.0,10.0,10.0,30.669129522951096,11.062355390628566,9.037687996577754,6.294173475234048,30.23807146276281,30.385103179864608,33.80060548985583,37.86294221853168,42.597685323584535,48.08002953535247,54.650355129624,61.994621257086,69.11617103256697,73.91074057001869,78.82598968807592,80.64349167034698,76.9778856383837,59.84975394078605,47.5499539294534,54.14688762491051,59.804325821779344,64.98948334690967,66.92899105384892,64.37154615242953,65.76397263998037,0.5175855102531889,-0.8556314858488706
2026-06-02 21:00:00,4.0,65.0,63.333333333333336,62.0,11.0,35.0,29.046898260210902,18.24148538697856,7.334088432241484,3.663419748705288,40.09913664075079,41.33603520182596,46.04549143610923,51.69726951099386,58.2089894513814,65.84295995800603,74.56612960227208,83.864671060416,93.29979515657584,98.75216422063836,89.10563664975103,78.8951726083978,69.82221177183209,69.11646182137153,72.02672129166943,81.07903889663291,87.46375135304935,92.68558796199828,90.27221851825476,84.68772772746478,79.46664190914503,0.4878471454423119,-0.8729290708206411
2026-06-03 21:00:00,3.0,77.0,14.666666666666666,53.0,7.0,28.0,37.35900373746598,23.51834061392085,7.830742594008262,5.37473749768001,36.14291405323623,36.80806616526703,40.98690489423584,45.58267246016764,50.95220687740528,55.87669178262128,62.3514180820621,69.499616883159,74.45869117536373,76.78260089253264,77.79998436342953,78.82104209914374,78.69165013091812,71.87831698586882,62.55337714441058,50.05056828809796,39.94174254808832,31.20442986216061,28.1923448098468,27.46982852178975,29.85843935133602,0.4727592092862775,-0.881191653407483
2026-06-04 21:00:00,10.0,81.0,31.33333333333333,50.0,13.0,25.0,32.758736676879145,20.752294725288177,8.561020522932829,6.358871283440398,31.24645150069536,31.473581991098165,33.439554406482394,36.86960238781522,40.66578421062708,43.58253679594751,46.64239720227352,50.791293103295146,54.90732141962671,56.9504072370514,55.28974198626545,51.159043746068974,44.40585774578569,38.31646679244325,32.03485698689172,28.76368965366513,26.895455326985,26.989688628113168,28.79552809189196,32.2160878517746,39.116892776582176,0.4575313760742512,-0.8891934772070711
2026-06-13 21:00:00,-1.0,76.0,41.66666666666666,23.0,5.0,24.0,55.64738458327223,31.313395238295985,8.102423008027175,4.917465837352382,66.46920915411147,67.26274851839182,70.08554943869808,72.92159070617538,74.80356993774093,77.68868384879501,82.50916566629152,89.4750320220491,92.6383837282878,96.50081150452132,97.17289501324764,96.31473654607616,92.80459475821267,73.4775712640967,46.09403626249573,23.231193001971683,8.509565818716935,5.933406984872066,7.658462517805198,14.320319618074889,25.45423439627592,0.3149416207289519,-0.9491110448902284
2026-06-14 21:00:00,0.0,72.0,70.66666666666667,21.0,10.0,20.0,63.63694965420793,29.598852347799404,6.924260491961833,5.792025676227379,67.26042356581672,67.07684202279971,68.23950014857209,60.29022337081903,53.56067960562616,55.405165832617406,63.54071204733828,73.45818714696787,80.45364630259184,85.53241193408714,88.64259162535217,89.90261757198184,87.77444828931864,81.7212273837523,73.63787807838943,66.28731667182483,61.19819229710111,60.76721389581191,59.95381036670633,59.34365385585691,49.15992179621023,0.2985688173637202,-0.9543881083175908
2026-06-15 21:00:00,-4.0,70.0,67.0,25.0,6.0,24.0,63.3915310706012,28.26757165551977,6.106151025776874,4.997819793270803,85.48484435674607,85.2304121571439,90.6894364718067,94.38686857037956,88.28712909054508,74.7834382383684,64.00724438505715,60.64473671259484,72.65721290945429,87.04352255348809,96.38845537018574,98.30966897673363,91.7707749078116,74.75257398436477,50.98945979229892,29.162595871418624,11.37598075868602,7.6231320745825215,5.7998694467203125,7.029911676202971,7.063303130174788,0.2821076626819194,-0.9593827529490744
2026-06-16 21:00:00,-1.0,70.0,9.0,56.0,9.0,30.0,39.13910144884664,19.79385676237037,7.979477809292589,6.151565914476673,51.7239612582252,51.620588631878526,55.29366223022221,61.15678298143521,68.37239069361935,75.59068358654412,81.42049517504779,85.42568838502575,88.52689121239908,86.68407065630437,82.53410153555198,76.26381686037946,69.21647769887291,58.5161828668493,44.99705641170349,31.9805564742622,23.27306256546162,23.581866331830643,25.42964640884463,28.94160962161519,30.36261260199832,0.2655630278040559,-0.9640935007889756
2026-06-17 21:00:00,-2.0,73.0,28.33333333333333,23.0,6.0,20.0,45.99392700009288,21.96880061037692,8.689839583805174,6.5471557002680445,42.48302971663964,42.91115728762554,45.711569811671176,50.24043265433452,56.03347543372451,62.4390714075119,68.93018407573659,74.80815806874097,79.5114100070428,83.46583611457761,82.71156901497955,78.06303096594029,67.85862127369357,71.58942661966915,74.68791437880442,65.89431989084343,52.13868090294908,33.76896758486151,26.29393280373022,27.69195553726467,28.38608418741923,0.2489398085537665,-0.9685189578512204
2026-06-18 21:00:00,-3.0,57.0,86.0,19.0,17.0,13.0,77.39637891920374,31.58778691569972,4.743292953409696,4.828147386688655,92.47901567670851,92.22848258212905,95.6034086439372,94.11763945725544,90.21269132589364,89.18388107490375,92.42438612421036,97.58356976537549,100.0,99.26305663527025,98.05931185687967,98.0802456155239,98.765166341308,99.73849268658488,99.5469416992411,97.59170181308792,97.43964340737752,98.95779997517045,99.68596256816232,100.0,99.8186944211139,0.2322429240090701,-0.9726578145718654
2026-06-19 21:00:00,3.0,62.0,79.0,18.0,10.0,28.0,69.72963181723787,28.17760243472524,5.5987669171073495,5.524195920438131,83.89355125243169,83.64330751266897,85.7719045712802,90.9180160380893,94.20957411635035,97.39643283540843,96.61470135016792,97.10536506972448,98.83394838291372,98.03001226951218,96.537904714458,93.9691216717434,91.22534896112688,86.14150854999653,77.71859364153643,69.35477200913664,61.6095740647087,58.50247423712036,56.3052178645289,56.30256471994584,56.37238566080727,0.2154773150467301,-0.976508846196619
2026-06-21 21:00:00,-3.0,68.0,61.333333333333336,38.0,3.0,1.0,54.52642597791101,25.28452528615888,7.129820443920333,6.0415009892368445,69.88690387356796,69.69445801045718,76.73099987426397,84.7653575316953,92.26457721988346,97.47021219289806,98.00029056844971,96.14868666590552,93.20334410659092,88.62704363980598,88.51670702606653,89.57045916859447,90.87713897848838,82.88101669228845,70.32269931565025,51.791501737800246,35.457588273910844,22.84994569121126,16.728495362086043,15.767261458918124,24.456622163586005,0.1817597875913753,-0.9833429613388902
2026-06-22 21:00:00,0.0,69.0,61.66666666666666,25.0,8.0,17.0,63.26799955196621,28.985480321840853,6.337609820887864,5.856892243224019,90.8252121126219,92.53347301738263,93.13668215493122,88.72013431007362,79.99284444531553,72.78979218867748,73.08567299039335,77.35616406050926,82.67917976148745,87.2835575469012,90.9603285989173,92.39403607531472,92.7092137226924,93.91624442068914,95.50261089765507,98.8735650593823,99.6240636076146,99.6046191017586,96.7716942768865,92.67271623173278,80.89235647019245,0.1648178466571979,-0.9863240225317866
2026-06-23 21:00:00,-2.0,66.0,77.0,21.0,1.0,13.0,67.66016472401645,26.3070930027964,6.236014566814328,3.899015014257397,81.06895465334003,81.10487704377188,89.98882798988336,97.95905283809527,99.73811498050182,100.0,97.85491429884785,88.89181269117309,79.54404909914929,81.45262864845452,88.93077327672903,91.40369939836344,86.34393621029817,74.64614258344601,58.67202486139215,32.74230374472043,14.593925367415292,6.885149228070311,3.1577772360831835,1.9981114091088,2.376787720432699,0.1478271334705304,-0.9890132145779884
2026-06-24 21:00:00,0.0,66.0,67.66666666666667,23.0,10.0,32.0,67.66016472401645,25.225585170793668,6.754348116775483,6.629162833117432,73.23524783516511,74.71395242997868,77.08166183777878,80.78154437247687,71.73114386922896,65.70791581079975,69.54428041367899,75.85375315926477,78.36181601061921,83.25047081994374,90.1469285617972,96.5043199078051,99.26456365072993,98.851690618596,96.14805208292732,87.47204674525365,77.58048480192808,65.29916662776813,52.67912787668717,38.10820832929192,33.18859182985897,0.1307926758567592,-0.9914097417023038
2026-06-25 21:00:00,0.0,70.0,73.0,33.0,0.0,12.0,54.8099144985178,26.267449906773827,7.072300116053576,6.224068391943658,67.0783526789865,69.22344486396432,76.68899077199619,82.71392956030354,84.52834861473696,83.22879106388004,81.97356839558292,82.89293886651785,85.22729037111532,87.24078715766474,88.80916577199316,88.3419159481108,86.45749205386309,87.09275414091078,85.3361163627681,79.3314929535742,72.6137621109852,63.43701504210196,55.958533034416135,46.23173661643678,41.42384507118011,0.1137195145859496,-0.9935128947338008
2026-06-26 21:00:00,-2.0,63.0,88.0,16.0,7.0,12.0,77.90658589720972,30.155174556367854,6.303136109800147,5.975490072636539,79.69071354372676,79.6843141328734,85.85112089574952,92.15609518883495,90.74932078971904,89.1178182260607,89.89116042778652,91.15564414276216,92.35248197156471,94.30816282849564,97.6400431686163,98.88988737634232,99.66389689353926,99.6177051516582,99.73731265908512,96.50271232163924,91.40917040199412,83.31853569128026,80.1732170512347,77.28125044050384,77.73962406183404,0.0966127018812031,-0.9953220513156602
2026-06-27 21:00:00,3.0,70.0,58.66666666666666,33.0,0.0,1.0,63.3915310706012,26.94452603844624,7.478955924934054,5.942367668060239,63.4899464857805,65.0985975349863,71.63086282881461,78.99805962294535,80.26434784079495,80.12159820277128,79.55436039860164,80.18985764822628,80.61292169976039,80.68740735630244,81.87653406261994,83.8495384184712,85.60872509715875,79.89374907490777,75.03149946928545,72.07755342907815,69.18582558970078,64.09010294177924,59.732823643378765,53.5800986878185,50.8947492256121,0.0794772999236209,-0.9968366760893436
2026-06-29 21:00:00,5.0,80.0,14.0,55.0,7.0,31.0,39.245524902731226,22.384318536107777,8.361860073107339,6.381585167104568,49.20119532354654,49.92645016677936,54.058655220186445,59.44504269940211,55.59078035451592,49.58038377765829,50.94828814479683,53.768075410679074,54.68655423208134,53.63642033181426,54.97336837883463,58.660785198139145,63.14233155470668,64.5777745199722,61.60108996894368,50.317225567644655,40.279095797491394,29.95806675101923,20.873051643093856,10.703594736065648,11.629494657794089,0.0451410177739719,-0.998980624694158
2026-06-30 21:00:00,3.0,75.0,74.0,15.0,4.0,13.0,61.777544009622254,34.84977791167052,7.085647868088987,5.571580092868655,58.14591660886863,56.33447946630824,53.33578405550679,67.90111814297485,76.8144054639683,80.28389355933663,81.86057988943287,83.21712411307989,85.84706770588528,91.69769663764096,92.01530486494552,92.6492641950146,94.2845728186573,95.37366455883432,97.39378031954344,99.39111583688,99.9206253440482,100.0,95.28443201269748,83.97001668578137,73.61739865178626,0.0279502982402103,-0.999609314096404
2026-07-01 21:00:00,3.0,87.0,56.333333333333336,35.0,10.0,24.0,59.11110333698204,41.10389622775921,6.689860954409169,6.501403649963261,63.29063842427587,63.59841746805044,67.86456089150057,74.8791116575711,80.88217102010871,82.51127611707554,81.34983712062834,77.03433709895458,69.75542790943872,63.70463517247519,59.49550826835984,56.86533112693791,54.49993209496954,53.98648148884448,53.50195789050396,51.65331552192852,46.07014521486354,34.23383115859959,23.111817967880825,12.114286752715886,6.913640224987594,0.0107513077635219,-0.9999422030204416
2026-07-02 21:00:00,1.0,86.0,37.0,33.0,7.0,27.0,51.40112274719271,35.198442948585964,7.800372667852267,5.422546921867382,55.03199984689696,55.66356770074806,57.45267849744506,59.69853442537071,60.055877259355725,60.52976937663527,62.13501718606729,64.17645899272856,64.66046949197624,62.41802541008204,57.46241662190518,54.20943212905753,56.13011329893246,59.88850352383726,62.85207839596056,61.24346670772383,53.454631163339904,36.70082268023269,27.726122945040395,24.41120779133954,36.008568116779024,-0.0064508641981051,-0.9999791929590824
2026-07-03 21:00:00,-1.0,84.0,49.333333333333336,30.0,11.0,30.0,49.35485189812157,31.94688558813678,8.110219779845048,4.840513416769456,50.42762167262042,50.36116868665212,52.77241154920572,57.24236797154446,62.92906613353468,69.43909224836861,75.15776423341329,77.19738825220112,75.3804394897673,72.7302217717505,68.61871633988142,64.00475251019908,59.88965375538909,53.27118715668207,44.01570034330557,29.45792624664236,17.353870988385324,9.353391541203091,4.849552628664475,3.856208605939234,10.607261960215457,-0.0236511272452315,-0.9997202729664084
2026-07-05 21:00:00,1.0,72.0,17.0,48.0,8.0,35.0,40.97385221443346,22.085893126260032,6.889294470754594,5.571305050863825,56.95916725788736,58.41060516849853,64.79448645727565,72.26881157295277,80.35637457337036,82.58679014564171,83.19343272807541,83.04758298974681,84.28577214288238,84.44129728037497,77.57088739164698,68.65518112790198,60.25069152341708,55.31791662883978,50.932807741143925,46.8673170676217,42.95774219914328,38.480665804132855,37.03466627392576,36.30094260091277,38.87774473930352,-0.0580255693287803,-0.9983150972033183
2026-07-06 21:00:00,1.0,79.0,2.333333333333333,53.0,2.0,29.0,34.973848237149625,17.65607893062504,7.02429727595969,5.758480927064025,40.6093948959119,42.1530047140251,46.25800388478344,50.92268803463026,55.46007656379398,57.39153206052996,61.974574102825954,61.158152457128125,53.67238370364665,44.12395126021039,39.99541467138075,34.09301820837788,26.8078895482848,17.865623854305685,11.795988056226644,9.539161584056815,9.282752005043063,10.22677885775188,10.095079041740084,9.186175943575948,8.570690569584166,-0.0751895764147585,-0.9971692572470178
2026-07-07 21:00:00,3.0,83.0,8.333333333333334,55.0,5.0,20.0,35.59817140307906,19.44819523110816,7.62005997311589,5.8521295129598485,35.446459430594146,35.94924722613247,39.39669438618934,43.76174789052333,48.71663313738844,54.61493470268779,61.64620531709105,65.4488031953817,65.3812250383459,61.86350121630204,45.9784829709127,28.60509415999404,12.26598301971874,8.621660593526489,6.328820958807775,6.532192275917449,6.611771908392597,6.450035132534508,6.212538616773299,5.754268087312893,5.8124530327090325,-0.0923313336953912,-0.9957283388645872
2026-07-08 21:00:00,2.0,84.0,32.333333333333336,52.0,6.0,22.0,39.865240218076906,26.525040568783403,8.263489195721604,5.265730346546281,40.274656489159774,40.54907408599693,43.82644547228743,48.47593339385761,53.96484573721989,59.959751053583446,65.76465037276427,69.39345634570655,69.25759031480881,72.77171978313307,71.68439425910591,63.54538043649555,45.76215883387477,28.9546534386538,14.261713498240123,7.83565715765433,8.682371833737127,19.37536098832384,30.07731024309403,41.71485843795157,38.39922881717542,-0.1094457686489155,-0.993992768446958
2026-07-09 21:00:00,0.0,79.0,59.66666666666666,53.0,6.0,30.0,42.06527111257702,26.09743054466984,7.493578942881166,4.888124485781313,49.74232963401066,50.31470726814982,53.92529979986915,59.56442933420754,66.3411135935314,69.23244371143868,66.81193263530696,66.00523900412057,69.48052119732964,72.47637490922823,71.69056018185015,67.28129510404447,60.005408758488485,53.270343476473855,46.44929941813782,40.36200169602104,33.54750243193615,25.52472129643994,17.327624785148018,7.927105569194475,4.077241266676217,-0.1265278168386831,-0.9919630595773395
2026-07-10 21:00:00,1.0,75.0,13.666666666666666,55.0,12.0,32.0,35.67180226340508,17.64559344838492,7.782428633522541,4.46905690376736,43.699137127611806,44.029291003051725,46.8088623326186,51.689484375925645,57.797266184136696,64.33627842152148,67.8608952274102,67.42308951487037,69.8831411987937,74.0946733422575,71.05179121530786,57.513202648275374,33.41595794926632,17.540375457948088,6.310932246537671,6.634999149641074,8.173595087760008,11.478354838067204,12.713791252504928,12.208357530514192,10.36153520709151,-0.1435724234118113,-0.9896398128792412
2026-07-11 21:00:00,-3.0,72.0,22.33333333333333,43.0,11.0,34.0,39.45612661379784,20.97495372756796,7.298609305892531,6.1908986809863205,54.00312596814373,55.12605447775032,61.24963179232991,68.33452122207821,72.40827378553884,72.67784129958503,72.26533829447268,73.23098284691683,77.62721147581777,85.63849888344916,89.22851214629193,81.9181284344951,69.03384155925984,57.22671244555839,49.20476556731491,45.5385965736637,43.26538354434194,41.86566906948425,39.82379713056817,36.01498879893886,34.74033583214114,-0.1605745445949937,-0.9870237158387384
2026-07-12 21:00:00,1.0,79.0,14.0,67.0,3.0,27.0,32.4470440874922,21.16902761131288,8.967451767928482,5.1650871393567055,33.91035617335383,34.98159202189492,38.485486223310026,42.84749663462423,47.62409590920783,53.48782310639763,60.31861491710991,68.11833052550222,77.50064784072136,87.34944591388599,92.73247542725078,89.03052249291596,77.64173831255938,57.43094693934447,39.3390703011738,26.01989768965488,18.961442074244875,15.519176244609008,22.8889461844844,36.4071065067706,47.46457583746231,-0.1775291491870349,-0.984115542601034
2026-07-13 21:00:00,-1.0,72.0,81.66666666666667,21.0,11.0,24.0,59.22858008458958,37.305132841758045,7.574358227581684,5.787051320149269,53.317392074051895,53.77044723225622,58.9922449684001,65.66328855462466,73.50202090580046,80.8922822546425,86.14110604090477,89.23702723114685,91.36472093427813,93.74923891493236,95.40036015091825,96.56293750044578,96.59251975254172,96.27977447271806,94.53336739822944,90.75820390270944,87.06980343199959,82.45039294680303,78.9855027373358,75.30170451559461,71.47509821037153,-0.1944312200476619,-0.9809161537413774
2026-07-14 21:00:00,3.0,82.0,65.33333333333333,24.0,13.0,25.0,58.4629559303616,33.039125885637574,5.995234796086866,6.4632358183752405,75.1343475514022,74.76780986589847,78.4765928032044,78.46964195144753,59.59090562575386,46.77847398826958,48.12748632834909,50.2200990345976,51.02098127870855,52.74597030895036,53.08303253313572,52.62529458157067,52.74677482371338,55.55127901679967,58.713877308691856,44.59394550850052,29.296414858549795,17.961378940841342,11.741220876105338,12.94144308629617,16.20701365963576,-0.2112757555821793,-0.9774264960104057
2026-07-15 21:00:00,0.0,73.0,25.0,44.0,16.0,30.0,39.61405665086182,26.044605391149776,8.373424098793125,5.804555967180644,44.103356733782086,43.872512452859006,45.64620032980953,49.43891447746039,54.12714490143075,59.65505785552438,66.31816789826303,73.94558897823657,82.61203715604853,89.2780110827877,89.91711525694576,84.70174481623431,83.02263209944944,86.84925261410487,95.07347594506128,98.31621918154268,99.22274010735856,98.57733115110096,95.17123928764308,85.51466894831624,74.8978330168608,-0.2280577712215198,-0.9736476020539838
2026-07-16 21:00:00,0.0,63.0,39.333333333333336,54.0,16.0,30.0,38.01738831024434,14.727728897101326,8.05284840436295,5.021725224353279,43.48075183550958,42.99233576697898,46.37417363862149,52.10652342893357,58.20695265049567,65.14183936532324,70.46476181722174,68.48259578189496,70.17402736909384,73.81955113295034,73.20265819197381,64.56299673579282,44.38131388809114,27.2720067631028,15.119758238569531,27.596462719273944,40.308495495275096,50.04375265837497,54.834185013160855,52.480940149022295,45.42394010183183,-0.2447723008972595,-0.9695805901076308
2026-07-17 21:00:00,-6.0,71.0,21.33333333333333,66.0,15.0,30.0,33.71089265797102,16.280804773976232,8.207630489676344,4.881343659309256,41.6596368726951,41.93281346678187,45.59745115700128,50.54311099882219,56.27088345862855,62.069976381147896,65.21369617867727,66.8457893877601,69.82693752533027,69.62131406764398,65.37379099077384,56.05858695249272,41.85710799513672,28.98867707460538,18.28432012433182,15.753859825091029,14.263409686577116,13.8510459697598,14.209499969743703,14.955025773929728,18.78647173300425,-0.2614143985111562,-0.965226663665613
2026-07-18 21:00:00,4.0,61.0,82.0,14.0,10.0,14.0,72.23929984287824,33.64123541216495,5.498282623788946,4.92695422626631,79.18663235110543,79.7321605671168,84.52943644405137,88.70992614615011,89.91515529503484,90.4416322471144,90.00964396216187,92.7072569502132,97.90930860217964,97.28755665215368,98.21449660543932,99.30557189398245,100.0,100.0,99.64967355147436,98.6361792283606,98.10763226562692,98.30683133108174,98.26524054485938,98.58733125756989,98.55939151070665,-0.2779791393987801,-0.9605871111248128
2026-07-19 21:00:00,-3.0,64.0,72.33333333333333,40.0,17.0,30.0,56.01890312789417,23.565867511186227,6.816744190395933,5.387487444152332,69.23207850487807,69.41499255810298,72.39507928754387,76.90135609248082,81.18768850152637,85.07196742197962,89.38835129862102,91.2329862932011,96.74231344299596,99.48357163010884,99.70508340401958,98.89110848220828,99.87141526127304,98.79343760037683,94.27382351116547,69.45075924654986,45.51363625261554,29.05427023836929,18.66491976504788,16.244838805697416,16.632106238253645,-0.2944616217868012,-0.9556633054034704
2026-07-20 21:00:00,-2.0,70.0,26.0,58.0,9.0,29.0,40.65830242556295,17.640017252418787,6.959658972849795,5.264237909047681,47.5962141906185,47.83923838189447,52.360632199701485,58.43952913923226,64.89504141853314,70.68358282074342,74.7084814526324,77.84861663649095,80.52910022127128,80.93208773673496,68.55060975281391,51.933576392406245,34.62530543290934,25.02838525670135,17.741485515289728,14.9710955267947,13.260490011804166,12.88008915858093,13.593813706685664,15.412108571471228,18.43744209917628,-0.3108569682435036,-0.9504567035349152
2026-07-21 21:00:00,1.0,75.0,64.66666666666667,47.0,17.0,17.0,41.444086053767386,20.08284994848605,6.517521579389096,6.1521979309347055,40.92688164814776,41.215735741202,44.61437759820564,49.740288746249945,55.56478594899876,61.94893265822709,68.59873787652019,68.97538699740167,60.03302884333071,45.407658769839145,37.8456966256656,31.67186898458194,25.61363298970136,21.73486019503121,17.9767734426084,14.708205399115592,13.029399073909506,13.351043442598344,18.202316870918,27.54808553666188,43.42277237878576,-0.3271603271220951,-0.9449688462364056
2026-07-22 21:00:00,-4.0,73.0,70.66666666666667,24.0,11.0,20.0,70.89397217984008,42.94904190425871,6.6283144052974095,6.147085158558531,77.09181655548176,76.89564317880584,79.9396032591569,85.23960106721817,91.27870521138811,97.04322938376332,98.7246018069158,99.03156505968406,98.28894716056062,98.77795692274812,99.14304396079734,99.1117933092308,91.24697935283886,75.52066449636051,56.14565054012878,55.86576509900924,58.34264351859836,68.0652243937387,76.52214008067152,81.51379078362284,82.74757302264787,-0.343366873996388,-0.939201357453208
2026-07-23 21:00:00,-4.0,66.0,47.0,46.0,13.0,26.0,43.226431411633484,20.975930663341742,7.24493077771482,4.335851085353742,49.48561684439836,50.0442105474011,54.86279921869636,60.81354191389313,63.869494802100434,63.577702495010215,65.26382425247613,71.66651983620642,81.20341029268556,91.9336260726752,96.48408426307029,94.28898934805449,86.15143412468657,78.8884708823875,71.96548187968251,67.37730918866205,62.59488979771901,57.186610485707554,54.72374728445312,52.80784555494342,53.72287353367461,-0.3594718130884232,-0.9331559438780432
2026-07-24 21:00:00,2.0,78.0,32.0,52.0,10.0,24.0,41.91059707033888,26.70388195195357,8.14010402227007,5.654070494363617,40.45062003354617,41.54217035846168,45.542630343247446,50.55706851433919,56.35499950047218,63.217986379568025,67.17777178618411,70.0320892294646,76.37773771229364,87.90031681050809,93.21641939643096,92.59196937163074,88.42009317712348,82.76471322419125,76.52488853202212,68.15786044240481,59.79750042423868,49.92842029494834,50.00795894389114,54.51635588404473,54.049679280708816,-0.3754703786876202,-0.9268343944460494
2026-07-25 21:00:00,0.0,81.0,20.0,42.0,7.0,18.0,47.20211083448106,27.896460604042662,8.341274531775072,4.933288635892338,45.02380362246734,46.26379886821979,51.07377565459648,56.83423049984145,63.31734799056811,70.85978367636646,73.77439413645706,75.0684988468732,77.4988008253996,81.23335641466046,78.4725746691571,76.16622413078947,73.25478192756887,65.79591997879324,50.897526817873725,27.591084155550043,16.25335082237483,11.968495847505691,10.85875187875623,11.071483068607082,11.292047267028918,-0.3913578365610259,-0.9202385798054076
2026-07-26 21:00:00,8.0,79.0,44.333333333333336,45.0,7.0,16.0,40.553425717581085,19.51910290732664,7.961566292344985,5.478090767335834,35.80004316954241,35.980308088369114,39.26849484090472,43.73531059373432,48.88869375713874,55.0596269198678,60.04864161798461,61.13587342509066,56.98840555347201,45.496430748936135,33.12899249795818,29.869645888490577,38.0148782070998,32.43647576289111,25.80596430797292,19.227237834777096,15.057685142236684,13.429537094369111,12.334416927572194,11.30224462237379,11.22267746618003,-0.4071294853542516,-0.9133704517637858
2026-07-27 21:00:00,1.0,80.0,16.666666666666668,44.0,7.0,15.0,35.13038431917836,22.574912223100128,8.170919300251656,5.506216611700906,32.59064995353494,32.91887704744483,35.33350488709944,39.09486919920313,43.50371770646937,48.04472317051142,51.787448113155975,57.77864242043893,67.40040838910394,74.24338954314803,74.4587359451763,72.9785526209612,72.7422226550313,64.12519726271306,51.18901633163906,30.62810666851612,15.671748452123031,9.19502221855674,9.082592543765426,14.528909661924146,23.414492549534103,-0.4227806579826773,-0.9062320427107696
2026-07-28 21:00:00,-1.0,81.0,36.66666666666666,42.0,8.0,15.0,42.37337218183984,34.16210131113157,8.406414664161694,5.362341305645391,42.10074797279544,42.71376110752718,45.84319233613526,50.95009247446687,56.882432076511535,64.13614625261124,71.99532570201374,79.88263061648998,85.00038303437046,89.67671135999228,91.6473693978487,91.67221785626148,86.97318025053546,89.01923490535111,88.38362911877127,72.48349295329544,63.2907824936389,63.34392873633683,65.51573178323139,68.7039817635074,61.33344405963336,-0.4383067230125192,-0.898825465016444
2026-07-29 21:00:00,-4.0,77.0,70.33333333333333,36.0,8.0,15.0,51.93667951722938,35.964211888956456,6.415200614810787,5.026878885422007,73.86919991513409,74.12641254113265,77.46077735455356,78.10174195187959,80.96639159053395,83.74496368273947,85.69810493525713,87.82070139679307,90.75744893493558,94.93964444941608,95.30653054192592,96.2106663879833,99.5123878566608,95.47148400208624,83.87205874110586,55.56197230193784,35.88178463063404,27.02729540690311,21.32564327833257,17.479004944844604,16.476216256926868,-0.4537030860313442,-0.8911529104063088
2026-07-30 21:00:00,-5.0,70.0,86.0,16.0,6.0,5.0,65.71339318037325,38.76095111298669,6.296236778922191,5.513953891939367,77.10202632513572,77.23082827985908,77.12512151951701,82.20463350274295,87.46443440236582,91.31942125431044,91.64031081573192,90.25828634603786,89.04865677992105,91.83270886031455,96.18686891425703,99.12891652113414,100.0,100.0,100.0,99.60261178505306,99.54872650017322,99.33912488822013,99.40221611490946,99.36523794189056,98.76720095941349,-0.4689651910076318,-0.8832166493127127
2026-07-31 21:00:00,-5.0,69.0,69.33333333333333,22.0,6.0,1.0,61.01345159166276,34.878824339026586,5.081827632656797,5.114847466737941,86.71234045176188,87.52649747132446,93.87597224721584,94.0309503816924,95.569531655335,98.06123658144436,99.98144686038528,99.98869711590012,99.27354638459052,99.59387419454713,99.413154389774,99.13324583013014,98.25510883305174,93.5955563417513,89.12725072347423,84.23570860376492,73.60933838095382,56.43252182187689,50.10631885987373,49.357654535416,54.70305421602605,-0.4840885216389758,-0.8750190302029955
2026-08-01 21:00:00,-1.0,78.0,36.66666666666666,37.0,3.0,18.0,48.47256086202582,29.74486089780013,6.629450077881411,5.348141819902561,56.88487885129905,57.548607571149205,63.83832118901428,71.10508650924372,79.13125532085228,84.33938553510887,85.33421174438634,83.30628234242523,77.589893960473,70.73396706725413,62.26626880735719,53.88601193249645,45.13662686112382,40.47633553053302,36.13699967458239,33.67925205914118,33.90787618806069,37.01872958413475,42.76864532814396,50.94169824493473,49.94101133245626,-0.4990686026885319,-0.8665624788845385
2026-08-02 21:00:00,0.0,79.0,62.66666666666666,21.0,8.0,18.0,62.2760878775776,38.384856036828296,8.113693022347197,4.751929770123196,50.42071428307694,50.82376957683583,55.75050594226195,62.11722835893836,68.94119340970626,74.73362552344757,76.84724753279653,77.986117029965,81.11186057278246,84.02292069423544,86.70919287660229,85.86769052956,79.45757791878103,81.88757715380332,83.53466982301043,82.94923095576159,79.14948325734262,72.83813994255604,71.9874345367918,74.06438940411097,69.80647374641563,-0.5139010013093103,-0.8578494977869301
2026-08-03 21:00:00,-2.0,70.0,87.0,14.0,11.0,15.0,90.21564106074594,49.64450005648616,4.582705036066118,5.860600443914835,91.6143694790704,91.6113351837989,96.54088946190458,99.16395441970296,99.27242537391108,99.26460782306414,99.24494298583878,99.01540515981176,98.4363389306836,90.9843551423411,83.50072577004445,77.28134005393231,75.57341768089059,76.25788627689525,78.01657315557374,82.47754403695978,85.58845940190162,85.50088076503218,85.8278924235713,87.88475962394294,88.99182188792707,-0.5285813283559292,-0.8488826652214553
2026-08-04 21:00:00,2.0,76.0,5.666666666666667,44.0,14.0,29.0,40.08550567861075,17.72159550562893,5.616374036590909,5.937875091237313,40.97206331182911,41.143777737199486,43.6477133969686,47.8041805371568,52.504594470803255,56.33957545405063,55.82801469898092,47.21088797907343,34.01576244736612,22.403387813672737,19.42030140476134,19.028133570623403,20.480711985275526,21.042733370541374,21.633314462736926,22.128521043319783,23.29152281559832,25.25850723364673,26.77236798297871,27.741336763597584,25.95698675510568,-0.5431052396834317,-0.8396646346181327
2026-08-05 21:00:00,0.0,87.0,3.0,38.0,8.0,26.0,43.28767501951364,28.802245612236465,6.393931126251057,6.609756790881296,48.449094338613335,49.20426155458255,54.06393565135846,59.49589921373742,56.83427588407475,48.41764670891134,41.114102031259655,37.46871187526652,37.79502279616791,40.23537103005346,40.23418214405019,39.21187284258527,37.30229786710804,38.210028250834746,39.16213778018271,39.81424359949956,37.59660151263998,32.7623218042392,26.338986787492104,17.546417900375257,15.072100350032963,-0.5574684374327892,-0.8301981337405212
2026-08-06 21:00:00,2.0,85.0,22.666666666666668,40.0,5.0,26.0,44.53841815781052,26.41161469088875,6.843545949538375,5.876320646496379,40.27513199749514,40.8667899689751,44.91660462585141,49.61916588679761,55.26635988072697,61.47371114689943,67.1516119467495,61.99228083949392,47.57383315612544,29.889025727966345,19.55762562854941,12.693819122204244,8.853395142288512,16.36783200414001,25.971746061017942,38.52651658630237,47.77204915288169,55.50267922995244,62.93586753178647,71.03993883018984,81.7511946396685,-0.5716666713027052,-0.8204859638785327
2026-08-07 21:00:00,-2.0,83.0,48.66666666666666,37.0,6.0,31.0,50.972422488102566,30.293770218105347,8.101275829752584,5.301319052466361,46.4797084972634,47.44852659431565,52.42060376784674,58.02816205465646,64.25766706565797,66.97097522436586,68.52743074921428,71.30760783854701,75.06294048992066,77.01336011966752,74.93185694373277,71.26036355198538,64.58753696423314,47.07159868264839,29.17456397699553,13.69531027098365,6.604498892283872,5.950573218591946,6.93662662433685,9.038418164402708,10.314682715889363,-0.5856957398073508,-0.8105309990194823
2026-08-08 21:00:00,-2.0,80.0,51.66666666666666,24.0,6.0,18.0,58.20002676000418,39.12353818385871,7.082237554959192,4.990933633452588,65.11539768596867,65.72698888857394,70.59474640728294,73.69035293827663,78.60001083969094,81.25512449086966,83.46148357701678,86.54850085925733,87.71854594389367,83.66230511508117,76.0531188081114,70.4497738233865,67.9898234648167,72.28385756869974,77.506949917376,80.99438412266873,80.66929336237442,74.90719550728096,62.477349127389424,43.99219012024819,28.4673050758098,-0.5995514915196489,-0.8003361849976323
2026-08-09 21:00:00,1.0,75.0,47.0,22.0,7.0,27.0,71.09901498420001,35.92125061181687,6.2178552459182805,6.31888394735305,74.89564548635158,75.15217243971726,68.87767543066366,68.95567906216357,72.32255472624982,74.96575181094653,75.24575775138987,74.98676817332876,76.24030530869558,81.09287324254211,87.01008543886596,88.12588446157659,79.2441233264696,63.716406553300665,49.442611293216906,52.8931931170422,56.16522962105371,59.94731013912611,52.793996410306185,33.566888262905536,28.7985438976331,-0.6132298262997502,-0.7899045386224707
2026-08-10 21:00:00,2.0,74.0,55.66666666666666,26.0,6.0,27.0,59.49158469966002,32.92403476111576,7.985890999003604,5.526183205791615,55.20587546393468,55.65229448812536,60.96477137025914,67.27180455564145,74.28454578365019,81.36586851940206,88.7575461092867,93.2764786029403,92.37523412433254,86.99908687297551,84.62716168882307,84.69155931453226,89.77420028247602,95.34395704595111,98.73331069702236,91.73674062822636,79.10177450723374,59.79595899651707,42.88255340385045,25.568790587174096,23.505645229830947,-0.6267266965083301,-0.7792391467859886
2026-08-11 21:00:00,-1.0,71.0,48.0,34.0,11.0,32.0,61.27034483869424,28.35120390653133,6.5369244324083375,5.665160631974174,70.79982615516745,70.87706454370266,76.52975390973029,83.94361593609632,84.66305521701362,80.04845749479814,80.2643535501748,83.03033980242189,86.81662457880674,87.0379351037955,87.7531979363486,88.28390046365324,88.46013131258519,88.38445681934007,86.34071639982372,74.03423824057249,56.405644059658,30.606438620966607,14.247143639534857,6.806872176669396,6.43655310293692,-0.6400381082043503,-0.7683431655492202
2026-08-12 21:00:00,-4.0,71.0,51.66666666666666,36.0,9.0,29.0,51.06373373082498,22.468067512268824,8.043754359679857,5.508560547937455,53.33926893984419,54.135869824555904,57.91549331338197,64.437853592118,70.7824293920249,71.3187217165325,68.39115753530527,70.31922628916084,70.95844367334948,72.59246227006776,73.67311537540499,75.73899477542601,78.69475453467993,77.16823807434601,69.86354626008114,47.62290450182195,31.81306942817897,25.17675603171707,21.636952715135862,21.13221910847628,27.019355398945805,-0.65316012232693,-0.7572198192083127
2026-08-13 21:00:00,-2.0,66.0,71.33333333333333,16.0,5.0,30.0,70.16031972906734,31.675562181385978,6.638622142341052,6.354474026021583,79.4915821219382,80.05592120666074,85.27128045465206,89.56627597359405,94.74927013467534,98.0364276013482,100.0,100.0,100.0,100.0,100.0,100.0,100.0,100.0,98.87600476305116,93.19276870309938,90.66816658821182,88.12106962726875,80.31154716446946,64.92532106822073,56.30041566269642,-0.666088855860977,-0.7458723993404063
2026-08-14 21:00:00,-1.0,69.0,26.0,40.0,13.0,32.0,48.91231522715638,21.60187802480071,7.756099046859744,5.70582643885592,59.46475972455123,60.22027920015051,66.0083138799055,73.25587322769452,79.80910172204317,84.09256108326005,85.41434850505003,82.05446004994434,77.58940312416527,77.2430129258185,76.9854000793424,76.75197959371128,74.9280605045688,67.27728418400491,54.782006164483256,36.15605189997592,24.99136826167169,19.579671760670823,19.80815428413841,24.21881044575581,30.31180159606596,-0.6788204829862355,-0.734304263829602
2026-08-15 21:00:00,-3.0,70.0,28.666666666666668,50.0,10.0,32.0,40.65830242556295,17.899157008968636,5.746763500002371,5.612361866863996,54.86838824463236,56.91875072912693,63.38422708308043,70.74261858188686,78.80082325146351,87.53044096645802,88.57678681098002,93.76469480619431,93.43713906766014,80.67034886925506,53.08280609458356,38.20140661370735,27.71285048401363,23.23522072514616,19.589608685486184,17.197874352761687,16.00295049597277,15.067327621411176,14.338857831047012,13.350900374338067,12.79261899765248,-0.6913512362094071,-0.722518835873311
2026-08-16 21:00:00,0.0,71.0,59.0,37.0,5.0,19.0,49.21267513574142,21.249659533179354,6.712117910224277,4.823776686227168,45.87575224805859,46.98509811166227,51.943779240391706,57.80597738255978,64.77112644954373,72.4650601219927,80.88072801151266,84.54184294429027,77.50350902528325,60.48239523553182,44.290429391213074,31.36215932956718,20.40366723664447,16.802339069631614,17.500114635399086,27.17627869829696,45.68950658218798,74.03279634903825,88.50019723928546,98.64318934737568,97.61452966594678,-0.7036774074790128,-0.7105196029692745
2026-08-17 21:00:00,2.0,70.0,84.66666666666667,11.0,6.0,20.0,78.481394078393,30.43666808106184,5.219606137197217,5.75177174107585,91.65823372385836,91.40151751747068,97.12689707769084,98.03827385759288,99.21148729987776,100.0,99.46967192237808,99.23955926606553,99.1756981030388,97.93305092906252,84.87958789549921,63.744911968123866,37.193591871482006,19.90903855488956,5.697840307268209,2.294276902611613,0.1905835415008105,1.4551178635792477,2.8307719202594046,4.663224312234815,8.391681047579388,-0.7157953492826642,-0.6983101158835584
2026-08-18 21:00:00,5.0,73.0,46.66666666666666,34.0,0.0,16.0,61.52503590574808,24.593575192544563,6.370305375185485,5.89308958702124,58.69331993209914,59.11222124043989,65.63043493789253,73.18653493361933,81.52918675445953,82.95657240621712,81.74741265487788,81.42431211118829,79.17065800529015,79.10287677473212,74.68035096540775,51.9480609967661,18.880993098314363,7.53842441416706,0.9386961085668512,3.62439280571552,7.885485290336038,14.469343701883217,19.33189619865461,22.95819824499655,21.246911212434703,-0.7277014757264236,-0.6858939875998223
2026-08-19 21:00:00,0.0,73.0,79.0,27.0,6.0,22.0,57.26296650219611,30.863450936148286,7.616153799059471,5.251209510812289,52.48651985474047,52.70827341713018,56.95913401306789,62.82298151211416,69.65023720867313,76.43961403110441,82.00068889483948,85.71513612331994,87.49786284720892,75.2245397230796,66.47971727398317,62.83863131409228,64.59439329083885,69.93795359961321,76.75180606869137,86.02545716311631,92.14960795503325,93.3009325494122,83.9474897895417,64.96533990360678,58.39418815149244,-0.7393922635959241,-0.673274892250183
2026-08-20 21:00:00,-3.0,70.0,57.333333333333336,31.0,7.0,31.0,52.83156593782089,22.237373669474,8.403165216224734,4.307167408018346,52.767864831925806,53.64876309858961,58.93902311418405,65.33253448603521,72.30160429532616,77.97744973948899,80.69314159871541,80.56014626388418,79.30869835500334,77.31602518637128,69.09505944148442,64.93122119492766,64.63000935865841,59.29238785783125,48.822104528684896,30.84216111898651,19.033796585194988,12.57201627648211,12.272415882161066,15.392330702171678,20.51059367262252,-0.7508642533989489,-0.6604565640279754
2026-08-21 21:00:00,3.0,70.0,8.0,51.0,5.0,32.0,40.65830242556295,14.631038416996736,7.498487676093844,4.170430976474982,40.04592393028829,41.42794410199451,45.6776513906111,50.53625948897131,56.395301514262464,61.66704235392545,59.63188113281856,63.69014784559397,69.28500684864125,71.93712063858963,66.93106307365385,50.14314460405661,30.713430688533823,16.539847727690045,7.4227018192504355,3.71154003422655,3.766713555849403,6.080301548366317,8.780619697387294,12.167026006092776,14.547164720589754,-0.7621140503891487,-0.6474427960827475
2026-08-22 21:00:00,6.0,73.0,21.666666666666668,44.0,6.0,14.0,44.31946253441641,17.401536307035308,6.763848025695982,5.472494284831188,40.64943710392557,41.83909285874066,46.409827868959816,51.87316492432107,58.1074715159635,65.28797080607845,66.55413031698536,69.57214965104825,64.91402805027995,47.75482968809989,29.70333944653496,18.78487846263081,12.444208960999855,14.847678396567035,18.473045123783173,24.157292678896376,28.270342090222755,31.38760266874503,27.817646073745824,20.33280599836075,14.641905661544522,-0.7731383255706026,-0.6342374393978054
2026-08-23 21:00:00,-2.0,66.0,85.66666666666667,15.0,9.0,10.0,86.94143204085914,42.809386851390194,5.44695664512209,5.8591586499509445,80.37664299468065,80.94774039878006,89.11899774765789,96.99336666591708,99.12526813217434,99.57955267791534,99.31992896383824,93.41190648124284,85.5721663383657,92.42649687341653,96.94713057839672,96.92674249633232,92.71088653822244,90.80189579520798,89.76302429000005,91.70534229357322,91.86631649306004,90.329395644526,85.79477827883237,79.32758367676759,70.98799264636325,-0.7839338166829201,-0.620844401650647
2026-08-24 21:00:00,2.0,72.0,50.66666666666666,21.0,7.0,18.0,65.9474334617324,31.79227874167121,6.774586326578385,5.704212236777698,71.27705950908987,71.18374527064579,60.77473279396784,58.24562916583591,58.54774892191881,60.66381790972372,62.87929282780149,65.690583160414,68.929100407978,74.00075362898161,83.77409243861635,94.16261542052882,100.0,100.0,100.0,100.0,100.0,94.08612910198812,80.68098276722073,60.773925909786186,38.30533739203023,-0.7944973291665992,-0.6072676460566135
2026-08-25 21:00:00,2.0,70.0,46.0,28.0,4.0,30.0,58.96338025757996,24.138521039776005,8.20153412452494,5.902584207736926,51.41037764347404,51.824480001786654,56.94282449570149,63.19112665225279,70.59091129050167,71.217334723432,68.84312349622512,68.80907614888054,67.84500277247926,67.22381512913488,69.50860921888061,74.33567779682055,83.32168883945687,87.18190323357422,81.42911785830451,56.104524447437264,41.27664153289511,36.467394156343424,45.50080079282329,67.55723000932858,69.83972466479445,-0.8048257371083452,-0.593511190196115
2026-08-26 21:00:00,-1.0,75.0,26.0,41.0,4.0,30.0,46.298807793176586,22.48855088218139,6.710271808612593,5.835150964603626,51.314194910681664,52.52379171731671,58.04679013356002,64.45462074855902,71.93137142051629,72.7867806717985,74.06033827029536,77.3583091273653,77.6920126895613,70.79719409752772,49.69689730663776,37.514410042644016,31.12353679622803,29.51063126282273,28.45631744831839,28.396573345994057,27.791713450880025,26.181734244696127,24.19011081964847,21.43769436625927,20.26271594964856,-0.8149159841660791,-0.5795791048257612
2026-08-27 21:00:00,3.0,77.0,57.66666666666666,35.0,11.0,17.0,48.32381008232468,27.66731451809128,8.009666936266363,5.51243727863621,48.56685918062554,49.02930284387491,53.628352790098965,59.52531012247198,66.49637765765414,74.34811529723278,79.344267587975,81.0161952517695,81.66523211515604,84.38906889307195,80.55246676170779,69.75736237057454,51.255613160436944,33.322652686106686,20.83682208792816,19.981792525742865,23.40289339606389,31.78593477045207,40.80837855786012,52.05620374451074,56.58447791406012,-0.8247650844733614,-0.5654755126737576
2026-08-28 21:00:00,0.0,69.0,52.66666666666666,17.0,7.0,28.0,75.67687268246146,30.08224342451183,6.7572630773911335,5.759292946611431,67.68311042608957,68.45429085582056,75.29008800175131,82.27601018753666,86.06235801242427,88.26433867241671,90.658141274212,91.9018369672898,93.76162147840158,97.91289659946769,93.94366316534276,88.91575070070468,84.20146415640062,66.6217105069094,46.57818883921089,25.510215613998326,12.411483784615072,7.115839962784013,6.205489464171966,8.446310935447872,12.83443434329808,-0.8343701235229537,-0.5512045872199277
2026-08-29 21:00:00,0.0,68.0,15.0,56.0,10.0,26.0,40.34111036152176,17.504887038833083,7.383648539856881,5.224114359329686,46.329727925008925,47.30248558326481,52.364177135386726,58.46678910329744,65.51782302026527,73.33763663006611,78.63917821150051,80.25444920271208,81.32096772428424,82.33406670327749,73.90676146724526,58.284605308188034,39.98544990124692,28.74290929978384,21.338751544938496,19.75475934154996,20.65065019707417,23.53780055054384,27.102690974852795,31.62120178933976,35.30619414185146,-0.8437282590292712,-0.5367705514607103
2026-08-30 21:00:00,-7.0,64.0,50.0,30.0,10.0,33.0,58.1544338545121,22.99419704267596,7.1095768930101,6.1710445618363945,76.7549654802375,77.61792050890067,77.76368402758881,72.02347027039663,74.2418046331464,82.22061019524372,88.21369766834263,87.33325774607935,81.08694603256296,73.70112145925198,82.00186659612807,87.24259284381002,89.43231219060516,83.07120909886699,76.14593959643214,69.42592771442239,64.94052838612446,61.21423700130671,61.08914970620096,62.42337954072789,66.93952401405421,-0.8528367217694595,-0.522177676659508
2026-08-31 21:00:00,0.0,68.0,37.333333333333336,42.0,9.0,33.0,45.22343125997333,19.787934836406816,5.5989541923597175,6.275597349153401,60.19500474731088,61.77208767190838,68.63650514460028,76.60932786481803,84.86624946782071,89.33796897358569,92.5126226734191,83.78967676409592,72.47762494700872,64.12173464732456,58.69269951240369,53.72657928245586,48.88194377055425,45.27141321356595,42.48186161576567,41.00455714230456,38.52100914578672,34.25266042783072,30.13482632596393,24.534299421804548,22.483211902075144,-0.8616928164028521,-0.5074302810827518
2026-09-01 21:00:00,-2.0,71.0,6.333333333333333,50.0,3.0,8.0,35.037361554925745,13.5901233262766,6.725689376514105,6.05053577888083,37.628066630973045,38.99415573837278,43.07285558492755,47.90940781726392,53.57761347550911,59.55083458452037,64.16741685066299,65.67188652930498,58.085019421827575,40.82547447561304,22.64765822529345,17.964201939005363,18.53777507946517,17.06648071402927,16.3668622486507,17.034297753865566,17.070455589709194,16.542471211881374,14.633410367175989,11.292513192411135,11.564140932048954,-0.8702939222685674,-0.4925327287220543
2026-09-02 21:00:00,0.0,69.0,35.333333333333336,44.0,9.0,15.0,47.116170975474176,18.68309258797241,6.3377417517296175,5.872626457403818,46.27711846090877,48.24259450874809,53.78062931002794,60.014842970336765,66.65634020280734,71.22956381295273,77.55366020483415,83.22856696619007,78.54732347959241,60.12070047787469,27.133703431512124,15.774696766499286,14.44301119049156,31.13754652247692,46.39079579330564,58.81942666566644,54.731940842580194,38.24947640718659,28.28004556195801,18.351306264250443,20.917063506336337,-0.8786374941610001,-0.4774894280028391
2026-09-03 21:00:00,-4.0,60.0,85.66666666666667,14.0,11.0,14.0,83.53809250668525,31.089214997876663,4.656584136195146,5.245111221843763,98.04160130731964,98.63417049066024,99.01946474734386,99.04926263056105,98.84874486872503,98.5287706926954,98.72719251649406,99.0687903893498,99.32481190004184,98.4668147473111,94.7490794019062,94.91498187415186,97.90252716231866,86.02511710905729,70.12911004631268,51.782417665651,38.92549527697452,31.7991140021419,27.65396303877921,24.83519039053019,21.48512458089781,-0.886721063082993,-0.4623048304798108
2026-09-04 21:00:00,-3.0,64.0,80.0,12.0,7.0,2.0,77.99002766483804,33.38055209201708,6.01043554204299,6.135286799011667,87.27221440474702,87.69369998097567,94.07669926644157,96.983149863701,96.07426270849592,95.65361993988844,95.60985250573812,94.90334622665624,94.48436293325692,93.2030390567115,94.28856310596314,95.56970016787754,96.16098599013284,95.6321957051251,94.8105222725578,95.70326091465948,94.34133707670914,89.02284941880684,83.61580434651556,75.89528484776918,69.02333860058599,-0.8945422369764496,-0.4469834295196741
2026-09-05 21:00:00,-1.0,64.0,54.66666666666666,33.0,10.0,4.0,58.1544338545121,21.9894014239348,7.268751772378721,5.036511781587123,67.50893799304627,68.46062050097099,75.54877215556802,84.23486037032676,90.83138730303126,92.2267851323293,89.76698426822584,84.83232825761341,79.9066091313958,78.42972343855725,85.4403428346727,87.26410253476216,84.19818316710779,69.16811309905614,57.20677052540609,54.01053139919087,52.52106751970669,52.41470223350549,48.66649945385089,42.41667236865487,42.62455614788163,-0.9020987014301836,-0.4315297589714714
2026-09-06 21:00:00,1.0,61.0,61.0,45.0,12.0,36.0,45.8769799407876,16.374462158356284,7.220395515017985,4.40449376410268,51.524551044237285,51.98924482628018,56.46610126438525,62.75126910258185,69.57720607876824,76.10565333157211,76.5656428237375,67.44164048300377,51.60432600028276,33.65861098827077,25.75323140767202,25.31922935565467,31.72353662849256,48.62486213875816,68.22460410659377,87.07648095878534,96.53434145767156,98.81097044372576,94.97560831644562,88.04697177322933,78.53964785013136,-0.9093882203647924,-0.4159483918249421
2026-09-07 21:00:00,2.0,72.0,15.666666666666666,41.0,10.0,33.0,40.97385221443346,21.12872163953505,7.809789576637038,5.3347864423895786,46.60124618687221,47.35456758905293,52.21208044718689,57.96822557138188,64.43172429876182,68.43965193757533,71.47156939146764,74.18256759746423,75.20795045166699,73.93145434664127,74.52884006016431,72.7480941411181,68.70805280117554,58.56913760850737,46.90113623694592,33.78200729374488,25.599262131457834,21.50047237780359,22.54263368488188,27.697732763727707,28.84605808896552,-0.9164086366943458,-0.4002439388573056
2026-09-08 21:00:00,0.0,60.0,2.0,43.0,11.0,35.0,39.056047127995775,9.019944381618586,4.661007219123774,6.778362536234278,44.557899719579886,47.626898699837234,53.1894966286389,59.7390821288011,67.35888891317848,70.65788683484419,70.70261043098016,51.08282972199186,31.36940624979241,17.77334592145663,12.39109941619558,10.28673353803941,9.217453647588322,9.159512487690453,9.376752174198156,9.739440537559132,9.629439914334752,9.029000794754223,8.409152998095566,7.317411566859658,7.687530051365039,-0.923157872964704,-0.3844210472688554
2026-09-09 21:00:00,-2.0,62.0,66.33333333333333,21.0,12.0,17.0,46.03361253726266,23.08421375873192,5.308746129840848,4.600030057378764,45.037805459819374,45.76539185635078,50.31798304950137,49.76429977138384,42.57628090065027,34.44599128472455,37.873840201870046,51.5139871670833,63.74165291759376,67.21133176759028,65.02134006877641,72.67771408109094,87.78281122724603,93.3888683823896,97.51640268944728,98.69655764836364,98.394238700816,97.59594608391784,95.10654573053174,89.86951474049522,78.32588309761132,-0.9296339319682696,-0.3684843993077793
2026-09-10 21:00:00,1.0,63.0,59.0,35.0,15.0,29.0,55.877891212486965,18.66959614607933,6.735893276834986,3.2513896656317725,62.5931686992648,62.45856358667729,65.26071111643593,70.8204443947324,77.7602991992746,85.13687065021398,90.04068770091078,86.51201155896682,84.26002997791284,88.63185399543887,90.399021250103,86.43605226152474,73.22403203703182,57.34172124288882,41.41228602825577,30.02670673622361,20.191361519917105,14.10506340507728,9.126936370059218,5.350377343543217,3.6389983768332494,-0.935834897334994,-0.3524387108846032
2026-09-11 21:00:00,-5.0,57.0,35.666666666666664,46.0,14.0,31.0,41.788437686086105,15.816328803512189,4.935014920959374,5.390149667419464,55.72572442673906,55.69215267589157,62.168154167794455,69.41680150496953,77.84789547290988,84.82952655591978,86.89901054819941,85.52951659662385,84.01243215012111,84.44586369294446,80.1607665462203,73.46383734813722,64.5987867291802,53.601263439506674,42.5586659241823,31.99911198198098,23.26057517124727,16.14830790582165,11.950929042458226,9.483814507108232,9.84512526346454,-0.9417589340994617,-0.3362887301766828
2026-09-12 21:00:00,6.0,70.0,17.0,29.0,10.0,19.0,45.53305267993813,19.753068491549858,5.431312824891351,6.041664759697723,38.72837544830844,39.45156990732816,42.80877542118785,47.20315384009066,51.73590317604303,48.3162728828889,42.27618704593934,44.61619553467801,50.18671201894532,52.7867372818526,51.45308016733101,49.882998514927,48.132615998309305,46.41075205629983,43.60486710938396,39.752759339339065,36.36932149570175,33.109175760243346,31.590373949364665,30.79409779379877,30.19950727785486,-0.9474042892438844,-0.3200392362231385
2026-09-13 21:00:00,1.0,66.0,81.66666666666667,14.0,12.0,18.0,72.74144419142435,34.11234768177776,4.68457810022192,5.794120280545207,88.93696880792696,88.59354202443797,96.20347244067244,97.96868389325594,98.44374999328454,98.74728576617557,99.69687398156276,99.09307543679486,97.06882494517316,83.75410853714592,72.61252980932927,64.79832475113611,61.40323059627898,59.34907998241018,57.32180091304024,56.429233932542175,55.30937135473407,54.38958815210072,52.42990475224196,48.65211689530244,41.31080801466768,-0.9527692922168512,-0.3036950375106588
2026-09-14 21:00:00,-4.0,55.0,64.0,36.0,15.0,31.0,54.72934506863234,13.030456813825335,5.492637905747873,6.790931441813582,65.57890740315064,66.43175234100659,73.10340366175228,80.71072869307103,88.40367826855835,93.86121224978004,95.04839634818929,87.6990140238657,70.38096954654684,47.92681606601774,35.338243074722335,28.49134240135271,25.289722175747137,22.955157562546912,19.899670862261047,16.88111231501957,15.711670972417856,16.7130417301933,18.47571143548592,20.985787924184805,24.828622746251,-0.9578523554276668,-0.2872609705505963
2026-09-15 21:00:00,-2.0,63.0,35.333333333333336,26.0,8.0,18.0,44.44106525401361,11.699015056388433,3.7887178045599375,5.5057617078956325,46.06662243193325,48.721049183753664,54.080292335616,59.23871064255164,63.682737880683284,61.85106814077368,36.65895403662329,17.360985446835482,13.729572190034652,16.128542690076987,19.53621046248573,20.09129264825305,19.735440154899923,17.845408081568753,15.626556583720314,12.933110341357082,11.074719349205022,9.143420102536757,9.20522159865033,9.667573669971874,16.15594440332272,-0.9626519747161487,-0.2707418984477642
