valid_time,Target Error (F),NBM Temperature (F),NBM Cloud Cover (%),NBM Mixing Height (100s ft AGL),NBM Wind Speed (kts),NBM Wind Direction (deg),NBM RH (%),hrrr_lpw (mm),1000mb-700mb Lapse Rate (C/km),700mb-500mb Lapse Rate (C/km),rh_1000,rh_975,rh_950,rh_925,rh_900,rh_875,rh_850,rh_825,rh_800,rh_775,rh_750,rh_725,rh_700,rh_675,rh_650,rh_625,rh_600,rh_575,rh_550,rh_525,rh_500,sin_season,cos_season
2021-03-01 21:00:00,-1.0,34.0,92.0,10.0,8.0,18.0,81.71690170440571,12.443921536557944,5.734930191056752,4.237536076202749,99.01083800957764,98.74021516075548,98.76818506798128,98.59551876304856,98.14819884065273,99.9295099756233,99.7898344200024,99.42283148121676,99.31212054858057,99.79913593802743,99.33411133005546,97.30337603896773,77.83148250531337,57.93925468099586,45.55516688620098,52.58193392638311,63.08026566776231,61.49360782705679,64.72112236798337,77.15206436101843,82.33955806325226,0.8584015232918917,0.512978386299228
2021-03-02 21:00:00,-5.0,5.0,68.0,27.0,22.0,30.0,54.09795696813022,3.128478746229762,2.161909529733165,6.072770907992231,64.99683924826994,64.73997304761782,67.6417563907479,75.2710642395161,84.45399247960856,89.50062811076762,82.30369861321624,79.36525973308265,79.81756064601163,75.51508771647634,70.5993131688009,64.94396916266722,61.78616776846313,60.48407843434725,59.34292686679024,56.988640062179726,53.76218264177681,49.57730073020453,45.60449608063322,42.38940799966595,42.29817628863592,0.8670985522812081,0.4981366284784055
2021-03-03 21:00:00,-3.0,20.0,5.5,22.0,15.0,30.0,47.03798268931637,4.015150135640157,4.35987846282766,6.479727934454409,56.57209343226808,56.36342566308572,57.83379434488977,62.87593974506785,64.25175943484821,64.680906623776,70.22844032429056,69.1018569026488,65.48857752630735,62.258332770747145,57.782181236668826,50.71872627691304,41.41445842068546,33.34296793850595,25.615625942948625,24.683193705816524,24.80607757319934,28.602597579936266,31.524727217856647,32.24196036795039,28.3898263031154,0.8755389928586302,0.4831474640149687
2021-03-04 21:00:00,-5.0,13.0,84.5,26.0,17.0,30.0,60.81082175893098,6.714610259458388,1.7291916054907674,6.443589951380014,77.35048272795491,77.07861020989098,78.87647084022062,86.39406570291676,92.9477640377755,90.54915290393538,88.34167867898505,90.36836539049868,90.45379883321483,87.40315407664909,84.32669607772362,81.38983502250461,80.50437904123199,79.89874442250854,78.68318084419303,78.33808289667363,76.64075192222087,77.91332801459454,78.38904622529229,80.59842100425396,81.67849596417953,0.8837203473619977,0.4680153284438345
2021-03-05 21:00:00,1.9,14.0,64.0,26.0,13.0,29.0,55.55033720509647,3.4119155567466706,5.635722010959164,5.4154094650513205,71.67621670072442,71.60961108732754,75.40533334926342,84.1379102263475,95.57402478305715,99.92319967500916,98.0249457398008,85.90635296251867,66.69552602714325,56.88715011631446,51.346232320904,48.346806771262514,48.564492580345735,48.89660449206293,50.21278294437052,50.18976933487729,49.33057147873161,47.232943103746784,44.46218994169608,42.211083350229245,40.78893056680776,0.8916401947968874,0.452744699607371
2021-03-06 21:00:00,-0.0999999999999996,20.0,79.0,31.0,13.0,27.0,59.09943089918934,4.59731082875376,6.326100700861216,6.643664236077406,69.67295699534873,70.53726055073119,74.17649395183285,82.13679062757994,89.01885853772819,95.62497494054756,99.50639080013522,99.15703727596694,97.52942393542804,87.30074439270963,76.10030639340829,68.60146025156644,65.08970733407644,65.93979501813072,66.59803135201456,65.0120388542391,61.61467066669098,56.38935080381551,52.30338794860372,49.73572963470463,48.81938880695272,0.8992961915530253,0.4373400963303323
2021-03-07 21:00:00,1.0,20.0,59.5,25.0,10.0,31.0,56.48701828990244,4.446246239255426,4.429875313993759,5.797957620959076,75.52968404642944,78.6913347102606,87.89112620880402,98.32393552028287,100.0,97.70591629276196,82.21697695733346,68.42332329438577,61.55339906684001,58.35344762330137,56.80944413779096,56.483776840955,56.72078249242228,56.68640923999023,55.746897126483766,54.29662978317553,52.85381211953464,50.74475038501982,49.71343819496831,47.36728019708552,46.71675348473799,0.9066860720977984,0.4218060770826634
2021-03-08 21:00:00,4.0,26.0,39.5,22.0,6.0,28.0,57.39910191134741,4.529118720780023,4.557592750611804,4.638049971942383,73.05360840858948,76.99901193466214,86.17308795687948,95.63044465922312,99.6127922355196,99.01280903536416,74.63075857851506,56.94271145837322,49.639306438772266,46.85395192082768,44.11093641614368,36.47478399094018,28.067298014489207,22.37239179944906,18.50942527423802,16.408306157579606,14.407689829383374,11.76641296146749,10.043558635208278,7.565017041164839,9.06511030796257,0.9138076496466616,0.4061472386305788
2021-03-09 21:00:00,0.0,28.0,87.0,25.0,10.0,32.0,68.58145714687922,8.221012051689742,4.476388930747574,6.500863115665643,78.67715067659898,81.41056498315734,88.92079754424105,91.06649009617529,87.01498219171616,87.79605039015631,90.53129060812104,92.16412552636866,93.70074447791664,94.7074470433882,94.24647778461237,92.41845583330614,89.7033188235836,84.83131346586067,80.30959578595595,76.55846886205404,76.65142463913826,77.74259038079452,77.69854397786787,75.17326290889822,69.7173409590152,0.9206588168102428,0.3903682146763026
2021-03-10 21:00:00,3.0,38.0,43.5,11.0,10.0,17.0,61.65903145776694,7.641363756065226,2.878331648431815,6.386454049176494,73.15752328705177,73.40993685741549,66.10228007716597,43.65486293592314,24.18526185219908,16.391125583201294,14.80154817824928,15.798764928614949,19.250834944537868,24.03439499814258,29.19387659353433,33.43045541139252,38.11447159249898,43.72435082674186,49.39005783073031,56.2124961898381,61.36422224521668,66.47354640498837,67.11418330402326,65.48052593456518,58.727677334201104,0.9272375462179536,0.374473674486883
2021-03-12 21:00:00,5.0,37.0,33.5,31.0,16.0,26.0,52.00828837403648,6.356054115460418,8.03109495036874,4.606655519054042,56.15371613419738,56.28265889974317,56.52347254219512,60.47953480303667,65.79777295220691,72.93453711731146,79.91902795795735,84.00735564760497,77.43315718878256,69.34836180447658,64.69596919902916,62.41894028427552,62.21013035158667,59.39786452573057,54.59379769547482,43.75708288366334,31.51624624226693,19.22579222101442,11.071012087040756,8.230993756006836,10.010464207496332,0.9395699859530622,0.342356891994542
2021-03-13 21:00:00,3.0,22.0,41.5,34.0,14.0,30.0,49.59020651532461,3.631365695084,4.948873979695384,5.0240081558101455,65.13767028204926,65.91828096907568,71.68490779084155,80.36861560777093,85.09816919555257,84.60627398904221,84.23957854376357,74.58659642718246,57.5590015891221,44.91796103685554,35.84156561114384,31.28565758780159,31.75217389530881,42.44460520265411,53.88762980347224,63.91039562290472,70.12477749930083,70.85008239164723,70.46019935468945,67.79387604912947,67.37218289518361,0.945320046913132,0.3261441535642696
2021-03-14 21:00:00,1.0,17.0,83.0,45.0,15.0,33.0,51.07607193285726,2.713291001173076,7.107519710120143,5.188134892957958,60.91629037164169,63.397819530890345,64.23984132451491,69.50442282050648,71.73415099778259,64.94912290493197,61.61809795573389,65.98575068650163,69.33498539141239,74.08730075489215,76.32140627076818,75.28000840013988,71.82466194338697,70.2929846249839,70.32853282779561,74.62590769043594,79.34863401757455,83.0737246898969,83.49873586627699,81.11195066258149,70.49199190865365,0.9507903724625832,0.3098349038318025
2021-03-15 21:00:00,0.9000000000000004,7.0,71.0,37.0,16.0,32.0,47.03003063415498,2.0009265884399308,4.111730118557806,4.386854917159987,66.69635786693196,67.81309444249162,74.8283470158897,82.67574735215757,89.17523222134497,86.55296307820225,90.14542640570856,89.93591837279202,76.05107785555415,58.42775152051388,49.21674802552734,46.0203008844432,45.38850581335535,42.81385687708486,39.44317348049785,35.2868310471018,31.890880344888046,27.885145762734247,24.2894840050877,19.08561767615765,11.33093725556074,0.9559793438440766,0.2934339689665273
2021-03-16 21:00:00,3.0,21.0,41.5,25.0,6.0,26.0,47.20791252027826,6.234381336180476,2.632803119394861,4.316806231478543,72.74261875124708,74.3680300752543,83.04248805727701,89.1875146340951,89.9541993939282,87.69760243008939,82.97391512596188,77.6494162197595,72.88591110251419,69.93405832257864,76.8729634525616,85.06074699872917,91.74839735680747,85.61882920543486,79.06026475723081,69.41847814444586,61.519950831111146,52.948398551616094,45.78472058368318,37.3911919390556,34.83053658258818,0.9608854255574976,0.2769462022689364
2021-03-17 21:00:00,6.899999999999999,39.0,43.0,16.0,7.0,23.0,54.55904636382432,7.490405731018147,4.984884739931085,6.455526655692099,60.85415025263007,60.86454853861253,62.424200705098606,64.58144484485221,62.50803648050937,58.93469025460889,53.67631145145697,44.21081170679919,32.59035841513792,21.97865595363843,23.043832460461843,29.613377628718712,40.886502692368325,49.42060931010267,55.70694051228068,55.63830470720663,54.41897918484667,51.25610452660483,50.55105159428257,51.3234753952034,57.256737774347854,0.9655071658143364,0.2603764827344581
2021-03-18 21:00:00,-1.0,31.0,68.0,27.0,16.0,31.0,55.68827746160439,4.932871809177983,4.9480833662933605,3.5807799850840887,67.563335333064,68.15202037380149,73.29450087918764,80.57793201675348,82.75200581194402,78.73025927966285,82.09157054796592,89.77861085030803,91.02175219594632,77.59491211629646,48.50528540352098,24.61934852403814,8.110261787755585,6.14705481133756,5.156537431595923,5.653261611933852,5.194464094874158,4.174527956810105,1.6818816391595948,0.6969226732829937,0.5930536382813676,0.969843196967294,0.2437297136096838
2021-03-19 21:00:00,2.9,21.0,20.5,27.0,13.0,32.0,43.0403029419353,2.7930239363846963,4.1298748072729845,6.959969913652856,42.34948749964452,43.78587923362488,49.14933873137367,55.60873204152512,58.9964385649668,57.79256465677539,44.81553811196991,30.38833223144329,22.94196093148729,22.42226780105914,27.36448691036201,33.39997321318052,39.6455279551917,43.73644820904912,46.789516594010365,47.13057596481541,46.1792673786925,42.95173562547205,39.08138072336595,32.46081554705625,28.71879040973798,0.9738922359149924,0.2270108209414184
2021-03-20 21:00:00,5.100000000000001,41.0,18.0,19.0,11.0,29.0,52.62970748459541,7.444707631572005,6.099799617435018,6.686281959711012,51.593068848808144,52.89715716765794,58.13429156056418,62.99592733022501,61.3682830036887,54.28710824427039,37.84024503281499,27.069446021886584,25.90765391713457,32.03098052625374,43.506790761948494,53.00445051835009,61.36095647615834,64.51353302394398,66.23308504854266,65.78148005153243,65.64861961260738,64.42568924540875,63.321843849822365,61.441980444655584,58.93345899692345,0.977653084481664,0.2102247521189836
2021-03-21 21:00:00,14.0,49.0,5.0,14.0,12.0,25.0,40.47957085382307,3.084576065586164,7.105421282049883,6.630702676365144,20.802405451902285,19.333355106263845,20.84795959502913,21.654360040552064,17.625657485364364,12.873886010274072,9.52557056990337,6.768659140308316,5.027697588973649,4.340885849981009,5.059768479604966,6.833161744850449,9.355737398575904,13.088365951455687,15.44703614179919,16.34403263398463,15.125857112916194,12.554140151030191,10.429816365663932,7.613667550003907,6.59623123685099,0.981124629771712,0.1933764744102058
2021-03-22 21:00:00,21.9,53.0,13.0,13.0,10.0,20.0,41.137590975447,6.732344852298737,7.116497203687491,6.89331272000025,40.66316514693531,42.11321677739505,43.75676449065951,40.62113367845063,37.28953730344786,34.9694864135883,35.97084420068337,34.15257311595223,24.50409096677412,10.958492283238549,3.484295340827506,2.273862803268539,3.245358574585878,4.407742960427866,5.241517771976312,5.663416276109672,5.739491446626705,5.699550358542405,5.605125670205529,5.338114266616814,5.63494029265947,0.984305844499033,0.1764709734915216
2021-03-23 21:00:00,7.899999999999999,55.0,21.5,19.0,7.0,25.0,44.92675003361713,12.37938267300024,8.395744649124177,5.4030185278221925,28.712840807512908,29.843250096941336,33.40322273575664,37.45347472159072,42.02367403084809,47.18939996899149,53.65425861623351,58.5407628672154,63.54797003527827,67.59375606879587,63.99600878319879,54.43232965225011,42.928771202011134,39.29644241307656,41.37530832690612,51.27247878860845,58.48130263447189,64.21768058314086,60.68662829344871,51.41926379154072,43.354381927979205,0.9871957872910084,0.1595132519726365
2021-03-24 21:00:00,4.0,52.0,85.5,13.0,8.0,15.0,50.14110407189405,10.722940265082816,6.763170847757063,5.614812868783115,39.060579009103726,40.47188957826462,44.72759202470794,48.44864752017368,50.89001857729163,46.90509213161253,41.749547582782256,35.461414523774415,27.255894779262658,17.68131173606141,9.558564633210908,7.300930649791185,10.28723384186216,30.32069594678288,53.13194438457577,76.828996504493,86.71134761095269,87.85254261924905,88.60022499762137,89.06445160673378,86.18979861070235,0.9897936029670716,0.1425083279161708
2021-03-25 21:00:00,-3.0,52.0,83.5,10.0,12.0,20.0,71.3025763164694,20.62900699600389,6.111968770763776,7.045698540176678,84.09705194421969,83.94374520096576,89.68563409794811,94.20520289524018,96.77453676496994,97.47395832078338,98.31871922401866,98.98273713501322,98.9427377358954,97.90648445095904,90.0968644631682,73.58632168975902,47.1033065796798,31.741430212656496,18.58990578384673,11.413907207510704,6.262186907700771,4.147056388415215,4.714884278208861,8.314283999050815,10.633729997704329,0.992098522791769,0.1254612333527364
2021-03-27 21:00:00,-6.0,34.0,74.5,32.0,6.0,8.0,53.79454366584638,5.691818542691203,3.788778523870696,5.617777474885609,68.34551589840412,70.93159450529406,78.83961682146888,87.67941988488761,94.77573146493886,98.80785173349147,98.72952024993576,72.4021564247445,39.63394159349733,16.964030166001077,8.507737092530649,8.074580611525157,11.189572237814014,17.487571500686865,20.780362632324408,19.91053937037172,21.72169740205797,25.30888623520709,29.707071674614262,35.06516990564714,35.426620945896154,0.9958270335100596,0.0912607217293118
2021-03-28 21:00:00,-2.0,33.0,91.0,21.0,17.0,14.0,72.12276740852165,15.03935705347705,2.1256797396260434,4.71212575314468,95.85043708603024,95.59507015717097,99.4898159393018,99.8290799903636,99.57530144985702,99.5813853937626,98.87638856214272,98.1869533099809,99.09922202717124,97.02056257606344,93.10298135233496,87.65202232854357,80.00438753362381,80.62573139942162,82.23246162553293,85.9590425637099,88.64731160881195,88.99922425883382,90.04315285791458,90.8143709732892,90.7157074031166,0.9972495210773452,0.0741174251509443
2021-03-29 21:00:00,-0.0999999999999996,30.0,65.0,33.0,22.0,30.0,53.17162011669168,3.9388032654207854,4.310533809173517,5.733919980975228,68.02402746082078,67.72763072620643,71.39385772554225,78.5365804236418,86.95687902772498,91.83563713407038,86.63631959492837,71.15587026315366,49.24804004650248,32.14258908773841,20.41844495412799,12.029676540701487,6.634057409525175,3.7188089413255856,1.3035404287339003,1.8335983757052945,3.605495903568936,5.408849451992527,7.86352165139962,10.939962492362424,13.147614097474044,0.998376906467142,0.0569521960340397
2021-03-30 21:00:00,3.1000000000000014,42.0,47.0,18.0,11.0,17.0,46.57574460062664,11.093670604290589,2.7684132845478326,6.213170533147366,77.81320142444633,78.50690575974127,81.69686881101714,76.8099448548621,58.87506077682559,35.063171389618795,27.35735421397081,29.944989000063387,36.1170195755325,42.9717313460917,48.62098742394235,53.07939381425564,56.3472284006284,58.006955773413296,59.01300648392601,59.200112619559874,59.88194617545635,60.090117434986965,58.60601560688667,54.55267333888194,48.168235546771,0.9992088560679752,0.0397701138460557
2021-03-31 21:00:00,3.0,52.0,84.5,15.0,12.0,17.0,63.50695541148772,15.695182526873287,4.694028952413308,6.302927130605004,81.79294623828739,81.8476806573617,87.09882466684311,94.02681177396973,91.54689989920055,74.94799358408257,55.32799372914803,41.46496516696567,34.426614902791705,28.001755865682,22.764123824285523,20.173399117161924,20.88637875113708,23.084953932831976,26.60631871813864,32.22580100108994,42.18815701217429,57.51747356337788,70.51572574898532,83.48739200643465,85.91827247294448,0.9997451236925734,0.0225762630415454
2021-04-01 21:00:00,-3.1000000000000014,28.0,91.5,17.0,17.0,34.0,74.67971522599554,16.516579829932137,0.6568658242602596,5.526847971049654,86.85813697049052,86.50141419328835,91.75494465618736,95.71987122825465,96.90697208600368,100.0,100.0,100.0,100.0,100.0,99.71522234797808,100.0,98.7808565427962,91.92274763570975,83.28303620130383,74.44654707759669,69.18345459360897,72.4116276781281,70.14774125548769,61.338829854857,42.7562113276088,0.9999855506507186,0.0053757315575838
2021-04-02 21:00:00,-0.9000000000000004,28.0,76.5,31.0,9.0,31.0,50.57424442645053,4.332897087515366,2.5820323375497742,4.185466554609713,74.68175064745564,75.77241956186788,82.84321109158991,93.13916992373196,98.8620372503141,99.1725706808174,94.60018006563712,76.77788637858747,59.21541694318715,43.91754456426225,27.66647852009792,16.580090732537368,8.587215288555381,6.527390963608408,4.886623059699182,4.289731106365205,3.521110422277983,1.027000840489279,0.542101156320176,0.4510243003641638,0.3841519243452882,0.9999300657962056,-0.0118263906918325
2021-04-03 21:00:00,-5.100000000000001,33.0,47.0,38.0,8.0,30.0,41.28939845955186,5.000477215810595,3.649711615594473,5.188948803176264,58.92026510987708,60.52852802703433,66.96395225037304,75.31690171337628,81.67987556429291,79.97902222999139,69.29667810575387,57.34971122795076,49.38448311342373,44.88337573245588,43.23083859001945,39.6835019911614,35.56838803600929,30.467313360202752,25.75194219518721,21.22993003054181,16.897352049136565,11.995831413813088,8.16684629491876,2.1423814444949065,0.9394629379839676,0.9995786855478958,-0.0290250133219752
2021-04-04 21:00:00,-0.1000000000000014,35.0,85.0,23.0,14.0,35.0,47.434384948944405,9.575274980351557,2.876126737322708,5.590916675005013,64.48735998502248,64.88072563447732,69.39458558880037,69.2652245929648,56.0739212910828,46.262232318341454,43.22551269466417,42.680297562712205,41.741028031539024,37.84524402194319,36.62714367317147,47.125366872978255,67.41652361689833,83.05569172999735,95.20184270122786,97.50783637193,97.55862798338548,93.4581026150671,90.06358392404637,84.17910043339157,83.73383878371796,0.9989315138848576,-0.0462150469837083
2021-04-05 21:00:00,-3.0,39.0,88.5,13.0,12.0,35.0,75.76175741417586,11.955369899568431,4.934553575775567,6.024005112198169,92.70160885346569,92.45817076027896,97.3665652696645,98.65245306169874,99.95296403515584,99.87944373885789,94.41027842757563,78.83195343500505,63.157163289669306,56.17617332196827,54.9516208343808,53.20861489162213,48.87204330867127,40.62369818905613,31.1689575320073,23.06043072892049,15.940429261182162,10.622923674035263,8.382672877759742,9.06601331304003,15.34043165070216,0.9979887423155984,-0.0633914048695103
2021-04-06 21:00:00,-4.0,45.0,86.5,12.0,8.0,1.0,73.3837237614641,19.347798174553898,5.097290669345697,6.269128108583793,91.5092219844414,91.70612540157812,97.36352187742644,99.87453007577116,99.72270335523343,99.97098091000122,98.97669267743883,98.99915888485388,98.5882707363012,96.40883463347016,94.31054943217916,92.9749848063522,93.16196900187651,94.4929486993276,93.07358889294322,88.52691576195848,80.06523903417367,69.70348539665133,65.03152000573851,62.022110431659605,63.824593206662094,0.9967506498213928,-0.0805490042187416
2021-04-07 21:00:00,2.0,52.0,69.0,22.0,10.0,2.0,63.50695541148772,15.918500029559054,6.2382265632935,6.717827190014836,75.237179832522,74.92197816738397,78.99460265458575,82.94048176395363,86.22840904910944,90.60405911305236,96.02055199597376,96.80673290602871,91.71073880002186,83.18673788433898,72.85687049604037,60.72879985408453,46.411378614386855,37.314784528580944,29.90023403830985,27.38841950595967,26.067508139548902,25.31329159813321,32.25519090066358,44.87647240258769,51.42219691201248,0.9952176027737294,-0.0976827678217159
2021-04-08 21:00:00,4.0,56.0,57.0,29.0,5.0,4.0,57.04404158160562,15.077216883674362,6.123978584846228,6.070429339292988,68.60853957637295,71.17914479212489,78.80530475065206,88.34810204961018,90.84595891525892,89.27017498581262,91.65711926714856,84.41618130026836,71.99447421852584,60.33247271033101,54.22394197373284,46.27096123238871,36.98689199532923,29.26990255818084,21.489619916555284,13.675281384207771,10.013261726621115,8.718164774833587,18.52394296710732,36.08761558013881,56.252760849636864,0.9933900548258936,-0.114787625522127
2021-04-09 21:00:00,4.0,59.0,58.5,22.0,6.0,35.0,51.20848118783703,21.3541857715558,5.660516966921698,5.310014868598242,82.36740944339374,85.00003398265682,85.65165818330355,83.69810114652822,83.36177432147628,85.87913780779041,89.72568919001527,93.62122472577794,97.36870888916668,99.39003738179515,99.80663334682173,100.0,99.64948311173836,99.31752753325952,96.3535992401529,86.7172697630142,75.52785680050847,62.30159518253714,51.90672149772939,41.48740230373343,38.98970711591472,0.9912685467787256,-0.1318585157173911
2021-04-10 21:00:00,9.0,51.0,67.0,36.0,9.0,36.0,36.05157441126535,14.600693511397742,5.685854759761703,5.444879837148556,34.294685704404785,34.40349285774831,38.26921634781607,42.48696580642273,46.778592608046665,52.291248429290114,59.39121424601559,61.08429379294318,59.41461905179286,67.9658464288517,85.29423548013166,96.98498937431992,100.0,100.0,100.0,99.43787259407266,97.01631216915769,91.58647588549135,81.46988448142662,68.83895546633721,63.81348192476559,0.9888537064205885,-0.1488903868564548
2021-04-11 21:00:00,-1.0,51.0,51.0,27.0,10.0,4.0,48.016972517908656,15.312955723436568,4.427339124440262,6.416737674682835,58.08708435713468,57.88906968737941,65.14108987811477,73.59472242636477,83.91976595488786,95.3466853011856,99.7279326593101,100.0,99.71290551002744,96.47966127347728,84.62486955489243,71.55288667680189,57.78943910883092,45.20330888525914,33.991533241212274,28.342598740582364,24.678933495101784,23.746045405414847,22.50728461981278,20.41218659927278,19.644014779755583,0.986146248341595,-0.1658781989346314
2021-04-12 21:00:00,-2.0,48.0,90.5,27.0,10.0,5.0,58.17824393611488,17.085707303051617,4.320697892320266,6.627267743869244,74.29632957180321,76.50848496918,85.74301932546564,96.54631328253626,99.94467943760746,99.9332478213788,100.0,100.0,97.60686895700005,91.11936818284578,84.58065125159037,78.94077237855879,73.30511892453411,68.959599227727,65.23919261495777,63.96681532441912,64.63725795789983,66.4601787408959,65.99445541588742,62.82214951417049,53.83337980434892,0.98314697372215,-0.1828169249850199
2021-04-13 21:00:00,1.0,55.0,8.0,50.0,10.0,4.0,35.24005054707355,8.518848640466082,6.239004607876901,6.978321898040593,39.478471530720974,40.374867540287305,45.559240918559794,51.28150338085321,57.48294759625705,64.95351109478655,68.62701969841933,70.54438235693951,59.14788753681559,32.175525019100334,15.480301946919653,8.857095761685114,8.137413168774572,9.982107760152662,11.508266940705694,12.19120813581386,12.676663229553304,13.063478796965905,14.507025066377688,16.746821307446343,22.46376897023452,0.9798567700958664,-0.1997015525660636
2021-04-14 21:00:00,5.0,56.0,5.0,44.0,6.0,6.0,28.79575786563946,7.33882538774612,6.078947179137977,6.749214289736919,29.53697058496531,30.16550689935857,33.86675295181663,38.06559465777247,42.97255014620632,48.40218736185908,51.31039860262234,45.68641435464654,29.00235638830741,7.494179824695854,8.058852660649954,11.077427328646344,16.508775382999826,24.33386562794971,32.708530178975,40.00069823395072,44.692325599305306,46.66854724748749,44.69400084126645,38.74306820965406,32.66254756379444,0.976276611086932,-0.2165270852448143
2021-04-15 21:00:00,4.0,58.0,11.5,50.0,10.0,12.0,24.634049473219,6.776117435192943,6.854297348426171,6.787339292096219,23.91263904377544,24.05895082644972,26.77663910757364,30.25745998316044,33.95766456123772,38.35293269148737,42.8115824409816,46.72517331097668,46.37343260195053,33.22392448156192,24.64121625197089,20.45182108962446,20.9974605642814,21.461628421091227,21.97459151528125,23.68035600342556,26.47685996511209,30.674288950651206,34.41658533026894,38.35342173983973,37.59669248837493,0.9724075561219968,-0.2332885440754551
2021-04-16 21:00:00,-2.0,46.0,69.5,34.0,14.0,7.0,43.467809689683634,7.817176193219248,4.375937823163697,5.971754281583551,60.74158869848068,61.0017145361948,68.86752867710193,76.90385273776116,84.79234482659061,94.32092704752964,99.33252182821256,93.59894567288217,67.56696338900592,24.288491680825093,8.018653074590688,2.066070153048924,4.365488485211624,9.753701042217097,14.929443137346976,17.358660462775156,18.36858506194509,17.38782131862478,16.445431394947814,14.924425859674248,14.65227383806827,0.9682507501166718,-0.2499809690726521
2021-04-17 21:00:00,-1.8999999999999984,43.0,83.0,32.0,13.0,6.0,52.93678851797571,13.108025505479691,4.603756654359113,6.213976187072325,78.28441969913888,78.79371543795341,85.69456259774907,94.58779025121363,99.50883602619244,98.1930455124504,94.19217317953328,92.59697060921074,92.28727308294098,92.51512461533238,92.4578380632553,92.24799203986636,91.9071228281202,90.96644515084036,90.10350971514546,88.61321277062623,86.47627549524158,84.87551052469232,83.69183206280528,82.2138794569767,79.90957534786644,0.9638074231367308,-0.2665994206792935
2021-04-18 21:00:00,-0.8999999999999986,48.0,69.5,37.0,9.0,34.0,45.634377192086376,11.65582838862203,6.758084867245659,6.197025737323568,59.120704770683005,59.00917387566052,64.13279588632233,72.06073799777585,79.85518894020238,82.31086869594321,83.89524839389362,91.2494768084805,95.74018628136108,99.01496155708784,96.42401996138317,88.8319880183708,77.8552324153238,69.80109386859795,60.69109441139238,49.54434485265955,40.4675428986255,35.79879164607338,33.52622763702035,33.78490579352366,33.380832908206024,0.9590788900341132,-0.2831389812281835
2021-04-19 21:00:00,2.8999999999999986,57.0,31.5,60.0,8.0,32.0,34.14821654774582,11.053406234270392,8.704238511366711,6.219380632561409,40.30054782537692,40.105036170850966,44.31031461791168,49.48307284279353,54.43375138647685,57.08764742497281,58.33547109753475,60.45514969311851,62.83520803594347,65.52552574595501,71.21777763926056,77.79733640720656,82.8446668515025,80.81767985953638,76.49837491227458,70.33013365149154,65.57294140725544,62.83168759350964,58.81010944083948,52.77619945412775,46.552543119641584,0.9540665500578388,-0.2995947563972602
2021-04-20 21:00:00,-3.0,50.0,89.0,27.0,12.0,25.0,56.18678998889916,15.719322715757958,6.524174071633055,7.060068174105042,76.85075942394897,76.81592997130917,82.81975855757825,87.6536334920031,85.84154292970533,87.40284197496997,89.50206344042174,90.9083320854224,96.0026598967596,98.87794173387366,98.92403814369672,97.529080839664,93.77964507659118,93.35199361380934,95.08657542983607,98.03450262154446,99.26482770868272,99.18970267140368,98.66932954119702,93.1477121678233,84.76292477960273,0.9487718864399473,-0.3159618766579029
2021-04-21 21:00:00,-0.8999999999999986,38.0,91.0,12.0,5.0,6.0,72.65805705168526,15.904582067090924,3.8649632326976806,6.830533037535711,95.7432945311772,95.23186553044556,99.99057797516404,99.76368091103012,97.77917753782926,97.4227993915643,98.46141745044122,99.77773273924792,100.0,99.42155086697694,99.20108528162145,98.77622400079136,99.71453307347424,99.49836171824816,100.0,95.92638377158806,91.6602220507039,89.1498911470133,86.10596218230846,82.91405946639074,81.46127242787469,0.9431964659565866,-0.3322354987159043
2021-04-22 21:00:00,-3.0,31.0,90.0,25.0,18.0,29.0,68.94044916951869,9.234438929485965,5.2579513714102415,6.020158956276057,84.90191833545184,85.07658014712425,85.68628890373726,91.5308154420049,94.74422221526024,96.31929462643342,95.42827013768,93.06206362914897,90.91835100460312,89.22829224310945,89.18430956942825,91.77610500279782,93.01512385717956,94.0087843429978,91.99583649095938,91.88375755277212,91.23186639891148,89.63634003199337,86.03280052819233,77.8508542065258,77.66066892570758,0.9373419384643772,-0.3484108069446808
2021-04-23 21:00:00,-3.1000000000000014,42.0,77.5,35.0,15.0,29.0,46.57574460062664,10.271577041945044,5.985501913038863,5.048305600860991,65.76657262895444,65.88635927318765,66.99037838819689,70.6001479653599,74.73710834065102,77.40417565423527,78.30149578963498,78.07067896042409,78.9526088505052,79.86063120455641,80.5849076999503,81.63830302442217,83.45273765864262,85.61976957094252,88.52880683025992,87.34253702296368,84.84421422178569,78.85713227353102,72.70540582245214,65.40204775144903,58.89404682021401,0.9312100364121948,-0.3644830148102912
2021-04-24 21:00:00,6.0,51.0,4.0,37.0,11.0,30.0,39.16502483865918,10.39986542234254,6.29230606122624,6.788982839115501,58.237523032514616,60.95789788957401,61.439768896944,66.946911632575,67.79149768730572,64.78555738140197,65.30518647822348,65.86259310035389,66.02285177251001,64.89230706371147,61.34102568992408,57.67629504977656,53.91143120796207,52.76835842828592,51.91363832006984,52.96157540957316,53.77654872711815,53.79100954130126,53.89785001903788,52.42932962899671,50.25191536728211,0.9248025743285088,-0.3804473662878516
2021-04-25 21:00:00,-6.0,55.0,86.0,23.0,8.0,14.0,52.62981304343418,15.690018640898147,8.579751461421095,6.23997451009768,49.33605491646145,49.24992857767661,51.06837942929741,55.68617046878568,59.716523922826525,64.57434216258676,70.51368080642698,76.86315053219782,80.17526111152293,79.99521928266167,80.84171066621848,81.00502499538077,78.99173511754367,79.64093064807662,80.35494594412529,80.96286894437378,82.12499796702983,83.71723351746255,86.27978466709271,90.20015021574824,89.73585192422217,0.9181214482844364,-0.3962991372689181
2021-04-26 21:00:00,-1.0,39.0,91.5,19.0,17.0,32.0,72.76339760257407,13.61865938825628,4.822906005287838,6.578314019020441,88.26172449368322,88.22972240868782,94.45916715583384,99.3748293892708,99.73997164874258,99.73204398103952,99.23501055859576,99.6659039777996,96.91978078324766,89.18645328567484,82.84309300510886,78.84991632613185,78.78903586842381,80.71700601857785,83.71164076587803,86.33061370583395,88.14190936398387,88.51159064866886,88.4192364585444,86.14623412192198,83.85862478904869,0.9111686353326632,-0.4120336369594263
2021-04-27 21:00:00,0.0,48.0,78.5,34.0,13.0,32.0,55.896288937760055,14.881263047949195,4.7603524259734336,7.116807462274704,79.56589418234434,79.87407974921665,86.37840216289533,91.1857701700642,94.61108669812268,98.31224113510105,99.87329998938893,100.0,96.63498257757271,88.39898280859452,80.2333511736897,75.0399138307196,71.70207417154091,72.5264760245722,73.7547759547451,74.95661412354171,75.452770200959,75.5148420939241,74.15710794836767,71.14720120550571,63.58795712954544,0.9039461929224012,-0.4276462092677746
2021-04-28 21:00:00,3.899999999999999,57.0,12.5,40.0,9.0,33.0,35.56859734982677,9.314527918512605,5.946104173548881,5.960720647137809,54.061460642658986,54.0515083604624,60.72459430469338,68.30092593234986,75.60875492915848,78.28506979929159,74.08313146042656,56.96660951541495,31.43868028495324,15.719177746586496,11.662482041877304,11.647208647427956,15.540893590501234,17.706307007234063,18.828038781259966,15.768964655165435,12.107003827878216,7.577581775639016,4.744880252462025,3.1842779999933417,4.090177483143045,0.8964562582905575,-0.4431322341826345
2021-04-29 21:00:00,3.0,60.0,10.5,40.0,6.0,34.0,31.944799153604453,8.925841911134851,6.453146004947536,6.081474213422834,43.51724385292708,43.52954437847447,47.93073764333283,53.409836971078285,58.17947486640628,58.98076279664637,61.63432666280452,56.52935762349214,38.87829772722658,22.76018037427649,14.828662224576888,10.571936848025343,8.334654163682204,6.85890060556609,5.497940346614909,4.918423556538276,5.341474301215452,7.765532791561423,11.389422248055489,16.57562602621719,19.556103962533005,0.8887010478292915,-0.4584871291400876
2021-04-30 21:00:00,-2.0,46.0,91.5,26.0,11.0,4.0,65.27873590995324,15.588982182882214,7.299040420483567,4.968693025589317,60.80330919777932,60.64939017610684,62.09066396685897,69.3630880354131,78.21205486131171,83.21780199533693,86.88955887511378,87.76939199391032,88.12772051682354,89.30515743821994,88.74511489655109,83.31916555468652,71.40749406113137,65.9815898565266,70.17449539423045,79.16022119087289,88.98113541644766,89.8938574266384,91.14600290276414,89.47373788002795,87.30549370338252,0.8806828564301475,-0.47370635037968
2021-05-01 21:00:00,1.0,47.0,6.0,62.0,17.0,31.0,22.92354801028205,6.437243167023765,7.31852543758791,4.728363794729405,32.35005172163964,31.96245622206626,35.08967927843422,39.75706605522626,44.84403439217847,51.23862604488071,57.79365837121831,62.38274800585544,61.2678133931747,56.71782647581002,44.074578049686025,31.5156239813004,31.105114016706555,33.20035282705495,36.86283404909695,42.935547050446125,48.10579700701304,50.85221152245087,51.539071765196056,48.94566540184259,43.84242482105719,0.8724040568049612,-0.4887853942889926
2021-05-02 21:00:00,6.0,49.0,47.5,50.0,16.0,30.0,31.46241488320061,7.742808324348748,6.4023243817983335,6.115863405760324,40.95054847820506,40.46293825932338,43.88660639274845,49.94691849005907,56.38439522920534,64.23558918223058,72.96940182761593,78.06976344366512,78.82425074321783,69.95645351136797,55.47700668932324,40.20120232334727,33.514295121187125,32.57756556880666,35.23082199703188,37.96248309893879,39.656811037356185,38.10758772703155,35.31502716185591,31.078837878091147,29.82972754058606,0.8638670987837349,-0.503719798736334
2021-05-03 21:00:00,6.0,54.0,20.0,48.0,12.0,30.0,22.02510978246935,5.698087348686759,6.232465052421573,4.875706794959386,31.46605034612549,31.515590109208404,35.18203904125004,39.49714857260563,43.42442478267503,44.63135493517464,43.986947573223055,38.21263698887718,25.032664447566617,17.762501358242638,17.662920924050773,17.83844754996772,17.304088766415116,14.066061499350136,11.155452812161416,9.994675307478108,10.361043218543886,12.632658209238324,16.025307932332883,20.94955329197248,27.44361285074934,0.8550745085896932,-0.518505144391157
2021-05-04 21:00:00,3.1000000000000014,59.0,71.0,41.0,4.0,2.0,26.950873856462703,11.34014154294758,6.149159013619808,5.315005378237103,30.01698655238676,30.06224838845209,33.501283092672324,37.27906589836296,41.889747035621824,47.15010822156348,49.51168907700856,38.63265132007413,16.70606067945656,8.939224665843595,8.663036830429107,14.656347071410122,28.07570137160572,47.86654910709879,67.20427489500146,78.13653246812864,83.98001840531724,82.68521675080419,81.93556804725256,80.41197916080299,80.77811748797494,0.8460288880917339,-0.533137056031809
2021-05-05 21:00:00,-4.0,44.0,93.5,18.0,10.0,13.0,73.28171316760088,23.09304814053564,2.8910923636073624,5.401545251823976,86.37868667097378,86.40194225131306,92.5227334843454,96.3351754554838,96.75910214302222,97.82423291391348,99.39267879606744,99.2437228957813,100.0,100.0,99.71213197618884,99.1977308415776,99.0441302790135,99.244648116676,99.63739192619504,100.0,100.0,99.32664159093726,97.5261614215906,92.57888845311358,89.05983226922388,0.8367329140344921,-0.5476112038402312
2021-05-06 21:00:00,-3.0,43.0,87.0,26.0,11.0,32.0,67.5633285740088,12.350166429856438,5.546740450509658,4.71651049590444,79.22356160889582,80.30284010953285,86.02471874015819,94.55103592893887,97.54193040655032,92.87459312568971,91.36199453513754,93.70166053551124,95.46658116957111,94.8711287016774,92.58649672957638,92.03353806767367,91.79030021862847,80.91770897895266,63.99708537422908,32.011250558603614,11.10479653417781,3.396316247400624,0.6905053232578537,5.211700029959439,5.792533379739946,0.8271893372462497,-0.5619233046832195
2021-05-07 21:00:00,0.0,52.0,18.0,64.0,7.0,32.0,31.95792951342556,7.013830221967326,7.6851105300947795,5.655698568193952,43.48244545353806,43.78218926651126,48.25242590327939,53.46454781342997,58.75666791427627,54.48092475579548,54.49373561591797,59.442183865551065,62.81445094477181,63.78151932929038,62.23674481206347,50.66482172693707,33.27844410829181,22.95783254474589,15.274869244800396,12.501447401185084,11.53425872211137,11.922168722008514,13.028755132560068,14.15385798616406,16.701718481464344,0.8174009818249189,-0.5760691233798758
2021-05-08 21:00:00,4.0,49.0,84.0,38.0,11.0,2.0,49.67531099139325,11.055322699360437,5.484506111874507,7.278966377224149,72.4204072797001,72.5381620693179,79.70710328813276,85.93202133655748,89.23935267726446,89.94012132109272,91.32043725572277,95.37530661681213,99.33336103936033,99.45795713048626,87.21982865528838,56.2707413919899,16.563369090695897,11.757563207985273,11.20275283805469,16.68875571077021,21.64572792354864,25.47099455080301,32.47270811375918,43.34431415824306,59.58100360825124,0.8073707443023492,-0.5900444739548627
2021-05-09 21:00:00,0.0,53.0,53.0,53.0,11.0,33.0,41.137590975447,12.247787839554348,7.634734037633994,5.9270998373077886,58.43831791513598,58.18875847422373,65.18492425044596,72.95290929967946,81.37651293278408,84.6282589911411,85.42787660258603,87.12654985075426,87.15390100143313,90.436101388099,93.1016229267484,93.90952961742126,89.46659760091259,73.05797872855108,58.1226999283486,53.06225755835,48.05207657211105,43.68940856294478,45.21886305519757,52.63888129530684,54.28840657579392,0.7971015927871943,-0.6038452208771035
2021-05-10 21:00:00,1.0,57.0,54.5,44.0,7.0,34.0,37.04114069129554,11.88639288608709,8.471603259890436,5.368330661048822,38.77458839487738,38.85199782773965,43.02625995901096,48.55361831332045,54.99294552136621,62.11464689189216,68.79872171366488,75.82336260292372,85.18865842923586,91.3415630652982,93.30303332873471,89.99638374712865,81.04566135864339,80.87311397069301,79.9214565321683,77.12910256870684,66.35019282370472,48.66280031357461,34.593178805824344,21.443507430937235,12.049577018705042,0.7865965660866021,-0.6174672802835514
2021-05-11 21:00:00,-5.0,52.0,86.0,19.0,7.0,5.0,54.28914239240348,14.128926302121888,8.192932257181953,7.035349985574992,47.86118523954244,47.78843906912223,52.40299900029152,58.84717333366747,66.66458815883645,75.536339113559,86.23059632555047,94.90736021860396,98.86749971711532,98.9322440832448,97.80476943189768,95.66339033835784,93.33402309036497,90.1507794450427,85.83677990443125,84.29967071709318,82.07236559982013,81.20011031862985,80.24010987737552,78.99445356700112,77.55070773992834,0.7758587728069828,-0.6309066211876704
2021-05-12 21:00:00,-2.0,51.0,77.0,54.0,11.0,34.0,40.80947479114282,11.42766237920328,8.309208477262528,4.96131850916327,57.96801066461135,59.20144820907582,66.78468576646682,75.07660357056295,82.66546248306736,85.82869208559775,85.3189132377263,84.3738617186699,84.5566499893942,87.02629797002943,91.67356496213296,96.0134947726836,98.79007114035277,84.4261490505015,74.42519212261638,72.56825658363536,72.85663430124961,74.51394876896312,74.89941997140222,73.87703217576951,71.76081115702398,0.7648913904341226,-0.6441592666722685
2021-05-13 21:00:00,7.899999999999999,57.0,55.0,41.0,11.0,31.0,41.788437686086105,12.6714515760504,8.089400453484533,6.865401125561024,56.91349017589833,57.915113932618524,64.35193521691457,71.9352849117352,77.80578550123356,82.66413600176975,87.09349013818837,88.00616336230925,84.7247778220418,75.16302173610043,64.44429771068437,58.16770913236384,56.6864436686728,57.2884553747537,50.07933080817358,27.43299524600297,13.57987085659413,7.351900430518215,6.72624577726116,10.733851273618326,17.051852231776667,0.753697664392914,-0.6572212950663319
2021-05-14 21:00:00,4.899999999999999,58.0,4.5,57.0,10.0,34.0,24.634049473219,7.958196056453263,7.818520370716719,7.1120319929802776,29.38316876311772,30.441397705424222,33.912109343558704,38.17235512365555,42.58744963890484,44.876234372302136,48.59876876488498,51.18445120940567,48.98675801558046,42.084869510258095,36.685008672884265,32.774281827403904,29.88006747537665,30.40177149483685,33.92564186485379,42.18764405669469,49.44353380072004,56.089548837094405,59.48420616872728,60.77739114569328,58.95278865781146,0.742280907086982,-0.6700888411055113
2021-05-15 21:00:00,5.100000000000001,62.0,59.5,38.0,7.0,24.0,37.85561910695896,13.47756157985999,9.30271641619814,7.207003502330984,25.92039567707618,26.580964401158536,29.6993555914808,33.362342496311975,37.38843506198428,42.44100516461779,48.37836976174109,55.20517532733541,63.23972892964112,72.24086830339745,80.11924897111716,87.17409777374982,92.08846863757168,90.24054832577228,90.69035937855,96.57176235967673,93.54800414123554,81.76469732983244,62.19890750555579,36.11446741517215,27.54018994979561,0.7306444969184916,-0.6827580970759147
2021-05-16 21:00:00,-2.0,64.0,56.0,45.0,6.0,13.0,39.70182375251126,17.58650334837361,8.355408917759208,7.084472651285191,43.68325150164473,45.263694843971386,49.87063275470589,55.32697436141333,61.68691133315335,69.20462418958785,77.26108239416799,86.63610549572995,93.86309756062684,97.89869569736229,97.39538966065052,95.69948209682632,94.0474739301948,95.25847723243818,94.8804839604636,94.09370967814972,90.34498663445191,83.49622949668925,76.10298477139867,62.3228281453946,56.38122015076038,0.7187918772884232,-0.6952253139408722
2021-05-17 21:00:00,-1.0,66.0,50.0,43.0,6.0,18.0,40.02228196003663,18.87506786320572,8.330089581785591,6.918922539829563,51.08264205968786,52.30821322663752,57.89700604623263,63.78482090845973,69.281100756934,74.46689099158009,78.1836043761781,79.9446888308757,81.35599363451152,82.60077513262904,80.29028172022834,76.20197204383501,72.69404365240266,79.55981170995723,85.2426744756693,88.45383322616162,76.9659061713425,57.12811272774563,46.54697989330413,36.10331518768618,37.165247738466505,0.7067265555776158,-0.7074868024503348
2021-05-18 21:00:00,-2.0,62.0,24.5,56.0,13.0,33.0,33.5918275095068,11.593045467254422,7.356040916123581,6.466995101379188,46.30366536391794,48.258399564667535,53.851534687354906,60.39234660573213,67.72205087467088,69.90931441585003,73.11524569202446,75.64979678536461,71.9041040227825,58.07832560897065,31.181783577177,14.190478219387265,3.544089042157061,8.353928079547948,16.131115305523988,28.304495723387475,37.28196209687603,44.55168567271385,47.8967561996987,49.35468020029219,50.29946600396842,0.6944521021088763,-0.719538934232584
2021-05-19 21:00:00,4.0,67.0,29.5,45.0,6.0,36.0,26.027577850294303,14.136709373513863,6.38582018240959,6.4540214363189845,25.43668404595246,27.128124709212543,30.366265141844988,34.264637031295095,38.52350327083733,43.47768021744376,47.84136701505205,49.553876487793374,49.5346941802035,50.97290804743179,54.53880777333215,56.63817028180556,58.87572323801395,59.46501441333627,59.39424143768882,58.547468432145344,58.18997770223328,57.21744817222118,56.30583262007208,54.72137568208738,50.97760542601897,0.6819721490904629,-0.7313781428679254
2021-05-20 21:00:00,2.0,77.0,59.0,30.0,10.0,19.0,35.98711693349871,25.251285393042256,7.960755880681578,6.601659264719431,39.52927535468278,42.5941398009509,47.131939686132135,52.17382616285112,56.85324589684853,60.47427930637304,63.11903557906701,67.25039449398882,70.81125136629805,72.77829135314454,72.3857370267348,70.55576984887118,68.09539690212812,67.33914387682263,66.57897256499345,66.7596480471438,70.21767947067265,75.57635595155497,82.56352665339962,92.08544483081562,88.00500661155556,0.6692903895412567,-0.7430009249440493
2021-05-21 21:00:00,0.0,76.0,84.0,16.0,9.0,28.0,51.79248207523655,36.512014472321255,8.081622551939637,5.147185478616614,50.97533304448262,52.585485207339474,57.68411344698007,64.05731526718593,71.43779031992045,78.52410241833985,82.17850574233499,84.72235870463261,87.94784022250643,91.254551094171,93.77094833602683,96.94415323635796,99.2908853789522,99.50664587681716,99.878124676316,99.35857966259576,99.7391335768556,98.2600618252809,96.71260492045649,95.30496669502506,95.0693260637466,0.6564105761979381,-0.7544038410927472
2021-05-22 21:00:00,-5.0,76.0,47.0,44.0,12.0,30.0,49.95470109719074,33.59239055999045,6.849541854289151,5.167432020114367,67.78544972623187,68.10379596908027,74.00487045820057,75.12209029833866,74.24725294678602,78.09564691765353,81.91912794191374,83.00179292762428,83.61769972566421,85.78588747529231,89.70586920251162,92.21130879658264,93.15414830780762,87.11752593969513,78.31840016443225,68.11533251612956,57.79527911377362,48.08863310193598,38.03330472470665,26.75829036346683,17.95249613793755,0.6433365204044917,-0.765583517007675
2021-05-23 21:00:00,-3.0,56.0,43.5,65.0,17.0,35.0,35.40449356326709,8.508826290382848,6.425203146704077,4.311345823698281,47.72675187297533,48.306809891303246,53.22960216920575,59.33982022508145,66.52515541452163,73.39291408956635,77.5311069151759,79.3135519304851,81.47187265066688,84.55435165903826,69.61877466926171,40.448630801312206,10.256329043743587,3.95374801408255,0.0479145234937488,0.2307361374182728,0.8293189743307576,2.373136579644921,1.9453037123288368,0.8803150588795057,1.5595145735121128,0.6300720909843687,-0.7765366444428655
2021-05-24 21:00:00,-0.1000000000000014,61.0,26.5,60.0,8.0,26.0,24.074065578611425,7.961929308696636,7.3279706533028195,4.315301051469998,29.232805187129635,30.485410310374768,34.02580373459483,37.84863667486484,42.27988519251388,46.37512546274383,50.50501306797537,51.640587423889336,46.69950349071583,34.720847370655925,17.466187119267197,10.668745426798909,9.1016099190367,14.780123170536395,22.436951512910213,32.84957862261667,39.43188810245806,44.42712233622976,50.807305414874726,58.28148014754972,67.27649765524049,0.6166212130956382,-0.7872599821916922
2021-05-25 21:00:00,-5.0,70.0,77.5,26.0,15.0,24.0,49.06274959008728,34.78395653103631,7.0173661718531335,5.316152875553266,51.63914697420323,51.65430835976444,56.73079979356389,63.4640771626532,71.41617854254244,80.28663648511566,86.55521725084247,89.14117032056113,89.55405198439168,89.12811253589473,88.6326428957558,88.91419483018917,90.58617597395012,93.07784854145451,93.97962923499014,93.16230676547195,91.67681524257311,91.31131135599,91.94946274624614,93.024240713399,94.27945279344914,0.6029878670694714,-0.7977503570459932
2021-05-26 21:00:00,1.0,79.0,50.5,50.0,15.0,23.0,48.6208240493156,36.72111689689074,8.276071929137686,5.7792961895382735,42.8963350896829,42.7722159780924,45.214712645007324,49.781579938966885,55.11833218543385,60.76472558545666,66.79585763152495,73.07383138590676,78.818556335871,79.3595162002113,76.9631693095856,75.02698242822602,77.36143821615887,80.98129138460747,85.24850777093118,89.01388826459309,91.81649985963448,92.91318910727873,91.87645290825292,88.97471909926179,85.61614329339787,0.5891760872322963,-0.8080046647350754
2021-05-27 21:00:00,-2.8999999999999986,51.0,17.0,62.0,16.0,31.0,27.98773246575409,6.18163488930522,5.931108244387257,3.848997915364489,38.90662507314527,39.75911938197857,44.98096745258049,51.09944592383464,57.86710527460328,65.87228093526197,71.53731993175528,77.81953130727037,82.51032499330336,77.66517199239217,55.33498664026932,34.0211761358249,14.379557669137984,6.465910204648238,1.2556781984663137,2.1770852881523046,3.208023862883024,4.965113506216678,6.271082186624534,7.632183745538932,12.281851458254144,0.5751899607119775,-0.8180198708443175
2021-05-28 21:00:00,-4.0,50.0,37.5,66.0,14.0,31.0,26.65185825378937,7.227236248770534,6.831822570158362,4.189379000847635,43.25334561060076,45.30217129594462,51.303404211685255,58.09816793805685,65.45592901425624,71.99616641070304,76.0327839797944,80.95359952436536,88.19788181406628,94.02901723930913,82.09970725763617,58.45331338884922,36.24427075160147,29.025585789524843,23.28176891159189,19.430806516459032,16.024293086243322,12.742824643765918,10.777821051080728,9.03770626053834,7.472007871666299,0.5610336262283677,-0.8277930117131022
2021-05-29 21:00:00,-2.1000000000000014,57.0,17.5,65.0,6.0,36.0,27.773982234631667,7.764149053101249,6.461584981802555,5.186890523342961,31.920723721524208,34.04133302962867,38.226934873870846,43.0697262361616,48.8443885354645,55.17740340427613,62.83195001185074,71.12169202912845,77.50941121526267,72.67570238298204,43.70190418352153,30.52910388372737,23.335033139476018,18.93012550960075,14.689224588627864,10.200167092403849,7.474312454960871,4.953247471027432,4.347649630637894,4.298836875368981,3.975393017540772,0.5467112728685939,-0.8373211953118121
2021-05-30 21:00:00,5.899999999999999,62.0,70.0,48.0,10.0,12.0,29.75924226637688,12.939630594544145,5.03435210901624,5.774550979340964,29.91261266273138,32.06453880217139,35.893993132788296,40.153629963556,45.255292659424256,50.964081886450174,53.5856474684294,56.13327325832203,34.28098592776688,16.57255391805612,15.576777252876315,30.81091203796189,44.322801285134254,51.078345518118894,55.332958256796616,57.40634660479651,64.43534940202582,74.8591785269535,72.93714895178357,67.16057790649663,50.98042340814768,0.5322271388474397,-0.8466016020976267
2021-05-31 21:00:00,-1.0,52.0,94.0,12.0,6.0,36.0,76.95835189404563,28.31108126861127,3.187339600726105,5.965428319172589,93.8563675416669,96.97503622007471,99.84652616586636,99.9101329709981,99.51608240198378,99.16904449674416,99.92400356103424,100.0,99.59883157334392,99.15385275171684,97.12848151430936,92.17868295542884,86.1346288917912,80.52692756634825,78.66247277087515,82.77227370355644,80.52234934062987,74.0584403643336,81.42701461401197,96.34380851072132,90.43387455866872,0.5175855102531889,-0.8556314858488706
2021-06-01 21:00:00,-4.0,67.0,73.5,53.0,11.0,29.0,45.06790834439233,19.05807565410761,7.844919873323181,6.347362089055564,56.95020456899249,57.13165679378495,52.61986802012994,55.09369232536766,60.86263002400685,64.72517083886589,66.20962006372262,68.50978487135679,72.74609306794602,77.66705584643346,82.77689773516813,86.39625722972526,88.86017595286427,86.4564657146031,81.77338812343766,73.35057814540129,63.10246069090126,51.20191629378383,46.15398142159986,43.39851160937391,52.93716642921064,0.5027907197793043,-0.8644081744776648
2021-06-02 21:00:00,1.0,73.0,37.0,60.0,9.0,29.0,36.72754026461613,20.767194711282908,8.465761545192958,6.100496786666116,43.88795521545419,45.06992220882717,50.14886556690455,55.65586989327615,62.193625227335644,68.58810980952134,71.67244711904364,73.91401373331867,75.20401932048601,75.09289090076196,74.25193500663077,74.86920266809898,75.00771783307724,71.46209631759841,65.42175963536175,55.77751152359377,49.597388875325365,44.36374709176681,43.07585352530749,42.73147974777275,45.279623135307226,0.4878471454423119,-0.8729290708206411
2021-06-03 21:00:00,-3.0,65.0,88.5,18.0,9.0,19.0,67.54642519496244,33.61247212435221,6.436091131285665,5.619667386547548,88.3935066448178,88.35059505723322,90.84163091035478,94.39145037615909,96.245940642991,97.00282251934564,95.78503940324354,91.51724188938933,86.83025413629909,85.62845010755102,89.01457969633975,93.10018806069957,97.4092135901487,98.58585483282188,99.01739521390162,99.3301137338214,98.83681675881397,98.7377297058378,99.19871989719208,98.95124099346828,98.42465341228946,0.4727592092862775,-0.881191653407483
2021-06-04 21:00:00,-2.0,73.0,48.5,37.0,10.0,28.0,51.35679010988393,23.85703756506629,7.818673186423024,5.386983302753884,58.13725234005099,58.27263029773631,63.19368829241549,69.93106336961202,74.23842664679977,75.16906716896197,74.60650048585184,72.50741558001187,67.70528413851156,65.44646281042594,64.13143448395004,63.16616931471505,63.43473936552928,60.04998142056856,52.48540072936283,37.602509038466096,23.91441649871286,13.22565647888371,8.536916653211778,9.76505458053598,17.69650355931259,0.4575313760742512,-0.8891934772070711
2021-06-05 21:00:00,-1.0,74.0,61.5,36.0,12.0,25.0,57.39844888625206,33.2359253429948,8.031222550714714,5.622534288595777,52.79807015409023,52.69084966032446,55.76381906023457,61.85874219361097,68.68174510183623,76.3245235616733,81.13269060260792,85.45393021221628,91.13896900687774,96.53737223834035,98.96736092920872,99.41891250324836,98.04980025987098,90.94163666785376,80.38350017429026,64.44008727387917,48.11333247925751,34.71453521448389,23.63835037126008,15.476948791225064,10.58043900969862,0.442168151967072,-0.8969321743510065
2021-06-06 21:00:00,-3.0,75.0,29.0,42.0,6.0,26.0,44.62766525267708,21.1917051000386,6.180723684643545,5.389337392101752,52.02655735203033,52.606133705483394,58.22121342288978,65.10651722478195,72.20118638728651,76.19991290628742,77.28413265722392,74.15283292302462,64.12083042685484,48.3822505649716,35.45974706656424,24.03111597860376,14.608812857403564,11.742082233160202,10.267977271368638,12.21263197580994,15.111073929396312,19.23250428865876,23.147489021002983,27.502602098992213,30.49773518338781,0.4266740831899246,-0.9044054548343
2021-06-07 21:00:00,3.0,88.0,10.5,54.0,15.0,24.0,39.06671605152567,29.52605888406329,7.333723113870904,6.500280147736622,41.66287492509243,42.11293224288894,44.70923541208652,49.332909998564,54.563693045470096,59.75027716228251,63.06891838669616,63.402712013191184,61.757336598529086,52.18353539072508,35.76475098311531,22.60404507169058,17.176483870518243,20.093745308844777,25.24605215395764,32.14270808496611,37.79542115674304,40.59403864512503,38.74344706940885,31.75255133507274,24.383145265286245,0.4110537546870351,-0.911611107193024
2021-06-08 21:00:00,0.0,83.0,7.5,47.0,12.0,31.0,31.86547881700317,27.49810511994541,7.732977375705311,5.61621716302431,37.853310693970045,38.1355630886944,41.18040370469991,45.2216936489898,47.87236469481817,48.720593868442094,53.49659356538054,59.80155195147857,63.34248955796824,63.84452780203198,60.65016976277605,57.43521143965067,53.890330948032826,54.96645518836587,57.54443639411597,62.76308916477659,65.37761754148804,64.33101330863421,57.856565551438365,45.95901755951831,35.19847801786587,0.3953117887649151,-0.9185469991587164
2021-06-09 21:00:00,-1.0,70.0,11.0,64.0,13.0,32.0,29.836576338075773,14.664547291559751,7.438966584991513,4.573067654432172,42.385549374336655,42.9407028534593,47.40486507204592,52.837842126526056,59.56494684660479,67.03283535124301,73.08696583753141,76.33954716068621,77.37349285174743,77.95200596165935,59.751922604014936,40.64009424450775,23.841680946612264,19.977416890584884,16.41463912661546,13.717637757243589,10.551565710682826,6.87508669861255,4.537954735591758,2.8754566432954114,4.198257858179055,0.3794528437245443,-0.925211078289358
2021-06-10 21:00:00,-4.0,59.0,26.5,55.0,9.0,33.0,24.789218971655195,6.551935488632022,6.94966503561653,3.491271890370633,28.51631909426277,29.609985413804058,32.97925609415932,36.6986071255384,41.292311344572425,45.79415262967396,47.53457971528142,50.483187467341104,46.08283845414135,30.76220683659341,12.247465421731349,7.73394119447582,10.015156248245692,16.56383819691099,21.7209927474412,25.105838073114374,24.06810745063985,20.2105299508813,13.75958624378991,5.491139087211643,3.6143585552775104,0.3634816124829063,-0.9316013725767188
2021-06-11 21:00:00,2.0,66.0,33.5,51.0,8.0,32.0,31.63273786671237,12.80420818601545,8.96073065522643,5.164766353968025,36.004331241235974,36.374341907813786,39.88755510192259,43.90756442480774,48.38051922964618,48.0702948641156,49.699302354204384,54.566054381133846,58.50667561494573,63.90833755480754,72.11032573416131,80.62220518118419,89.30467266842118,89.77472205877267,82.41102661934083,62.589545586281446,41.825740535081046,21.40680384669545,11.17327443083771,5.16315716929491,8.483819350745774,0.3474028211842774,-0.9377159910299092
2021-06-12 21:00:00,3.1000000000000014,70.0,4.5,72.0,11.0,31.0,26.4903304596941,11.790959185318174,7.935228317907029,5.633810260464597,36.45253292783327,37.2819828859276,39.57202453544264,44.19347539356824,49.17470196912578,53.78528297495143,54.19618729874042,52.92443785821277,53.381026484284654,47.30156680018951,40.88977995803853,33.06274851931502,23.71238106438951,16.74264151394338,11.21250298792867,10.860876467719518,11.702197565038066,14.476096970948651,17.08563569888364,19.71469400696112,21.123081568583974,0.3312212278016865,-0.9435531242349544
2021-06-13 21:00:00,1.0,68.0,5.0,53.0,6.0,34.0,28.368509491649508,8.877005137682781,7.130167695244031,5.822894402423197,32.178113874277045,32.485008721892484,35.6562573385136,39.63607417617144,41.44626094842193,41.74301418959145,42.14353762129595,38.58067264223367,32.126676849039605,26.95348228025697,22.068124299526108,17.358218630490953,12.7198255503069,10.531334136025428,9.042006114796823,9.480152513248258,10.0152652719838,10.6651259526742,10.74440634694792,10.33210554612196,9.7395780264535,0.3149416207289519,-0.9491110448902284
2021-06-14 21:00:00,4.0,68.0,85.0,40.0,10.0,18.0,52.54132558106587,27.242140182946923,7.961152978332274,5.434007417857536,51.30966024399433,51.50585184657833,54.15599067945214,58.85153081462165,64.44403535972614,70.24761407851452,76.81662191648168,82.66792273934897,87.0052072480839,88.25134671546715,84.51451033686793,85.09297264397966,93.23401749773022,97.40584450568312,98.70578047677536,91.2800848652396,86.49573397122813,86.68194325877013,87.94121642813319,90.28324432524862,91.20248381921736,0.2985688173637202,-0.9543881083175908
2021-06-15 21:00:00,-2.0,66.0,79.5,22.0,7.0,18.0,72.74144419142435,31.326161323589453,6.874452459145861,5.920545642279178,78.41010593048438,78.53672515409372,85.33374676805734,89.44218532537825,93.08723499423918,90.81314373538588,86.20493740661847,82.96532363898395,84.1299093135158,84.80699058729375,87.35115272348595,91.12767444549036,99.88875158555489,95.60696538021236,85.64895880760152,73.09184532575664,65.78018188718171,70.45330609885553,69.9706933951838,61.20130895657117,48.263832848201176,0.2821076626819194,-0.9593827529490744
2021-06-16 21:00:00,0.0,61.0,47.0,36.0,12.0,28.0,49.566968220769056,18.276429796266783,7.867266113776438,6.257273445031656,59.15544880430663,58.930804251090976,63.98590179213917,71.77408641398195,80.19843876002636,87.61862775447348,95.21143557336734,98.93653154030136,97.23555855335636,94.125282706043,88.6773758555203,83.39493951792895,82.7915280593726,85.41135048819632,85.90198930722494,71.42976858063068,61.17002595215853,58.04992448689398,55.24693537852306,52.42978209490621,53.16349055861976,0.2655630278040559,-0.9640935007889756
2021-06-17 21:00:00,-2.0,64.0,56.0,50.0,11.0,28.0,48.15248272474801,19.253159245311643,5.521031366061648,5.934643534878773,61.81618356913008,61.90462502052591,67.98784464510018,75.7522246510261,82.95264813779393,87.40381944219443,90.50303617317202,92.9486092022468,93.28441542337556,85.81520044010024,71.91406962757861,59.37302954529306,49.3337657964692,44.75379842205571,41.26543405175407,41.58488000211594,41.713338901065775,41.61156260278469,38.741491383860726,31.655484492944225,24.041806386691235,0.2489398085537665,-0.9685189578512204
2021-06-18 21:00:00,0.0,78.0,48.5,48.0,11.0,22.0,33.532925192183264,26.9105016447756,7.239968353852115,6.3184129846715935,36.26074866965764,36.85026371008535,39.07686331526711,43.26558872771374,48.38963003113081,52.56569066085903,54.54144430605812,57.43037958940877,60.86056559899611,60.6889975842473,63.60468607951903,69.06696369753556,77.35125214957885,84.3279314575165,90.94296320945185,94.50933796045034,95.38815281206315,91.80711314037002,87.55309628726684,81.77740632944946,75.7213494350149,0.2322429240090701,-0.9726578145718654
2021-06-19 21:00:00,-6.0,70.0,47.5,44.0,10.0,23.0,58.96338025757996,25.57357898702589,8.76191097547741,5.9174417446127965,44.95281037835487,44.83559065305659,46.43386670803856,51.03034907562882,56.47948109875238,62.49845221367827,69.39584040172323,77.03911809045053,80.70092028814496,81.88828235249099,84.13075570429208,85.06763269879154,75.41915951992605,69.78391469433103,65.18098827904812,56.11989875038555,45.49809710714769,34.538556456801864,27.79058165237936,26.80294255276145,27.24700484454269,0.2154773150467301,-0.976508846196619
2021-06-20 21:00:00,0.0,75.0,30.5,43.0,8.0,30.0,48.024842970657794,26.997682540149192,7.874701286859352,5.419128295768916,56.19795044361344,56.808314802507965,61.06411000472636,67.78131893777855,75.13474745125524,79.73271528962646,76.68633979526314,71.81932564287669,68.16817220794572,67.50070055549463,68.89918428712816,71.11875982759496,75.19054739343176,70.96153809984833,63.40468276293858,51.5414869786093,40.87450938131236,31.980360927669043,24.20345216630664,16.997298354936667,14.559872146288589,0.1986479428801711,-0.9800709131432666
2021-06-22 21:00:00,-1.0,62.0,77.0,22.0,9.0,33.0,62.387687428101856,30.77587548181403,3.779198750200943,4.98482803147944,70.53015803285435,71.07082472649893,76.01962522897496,78.03694159390537,84.3499979434197,88.61636323280719,85.62775601780702,78.77103663474637,75.69142610024143,83.66748645296289,90.8483648525155,91.7202228736776,84.20483980164187,84.16915779218806,86.55463232404588,91.5020833141328,95.95576888742788,96.26220427878346,96.98250146683992,97.44439471776568,98.36414297924335,0.1648178466571979,-0.9863240225317866
2021-06-23 21:00:00,-2.0,63.0,23.0,69.0,10.0,29.0,36.545992074848485,13.475270302753612,8.714256566729697,5.424985556182165,44.79202134386302,46.07328316149955,50.58440410454569,56.37448976404572,62.81114043761501,69.29756456972665,68.78245413844814,71.03992577966682,73.51144837751797,72.80781597887737,73.72035980418977,77.48357187365214,81.60793970572438,77.89328891065941,61.89219889785349,34.61937221053225,21.39073209157305,14.750730248705803,11.567621046527892,8.803098972308728,7.84295470431163,0.1478271334705304,-0.9890132145779884
2021-06-24 21:00:00,1.0,74.0,15.5,52.0,13.0,20.0,34.18669475488951,14.895886057876652,6.300023806507374,5.73067816729683,38.91863603578595,40.54327895290214,44.6088015443931,49.60495727242777,55.209005957713856,61.001423383341965,61.64339542889527,55.65227096678383,45.41463591934533,34.604340849120135,26.049779707512688,20.194049613466085,15.613743349308038,14.143651098795733,13.033757707978308,12.51351457967454,11.76647413930294,10.746811412685071,9.465436285485318,7.714584623524916,7.370677804567406,0.1307926758567592,-0.9914097417023038
2021-06-25 21:00:00,3.0,74.0,75.5,25.0,10.0,19.0,42.85466916669138,25.91521516750401,6.302967602950124,5.501890219989392,41.11683088505114,42.43446481291244,46.66838965189734,51.69331901836984,54.6172787364187,45.61115771133724,27.685869400198825,27.92999982019596,39.78887571090349,55.82100137778223,68.55512626913891,77.20735814943187,84.85966554633356,90.00648597155399,93.27358122805168,95.39876280032648,96.03858526207564,95.89734819050588,93.77576675519438,90.11697730521443,89.43290747695151,0.1137195145859496,-0.9935128947338008
2021-06-26 21:00:00,-2.0,69.0,97.5,15.0,9.0,20.0,70.47782542093019,38.88262535491816,4.85613315295912,4.781619716316358,75.53280689921304,76.54558408749995,87.27207100393122,89.38680291889955,85.75888565359523,86.16698688245725,89.23168725233116,94.20006623431335,98.21018308275929,99.67543446358256,99.69204099917786,97.649466356308,95.1399453265046,97.5414639259173,99.11166231474952,100.0,99.76935355157644,98.73366900596916,97.56391433831196,95.49318778470422,93.70160256153794,0.0966127018812031,-0.9953220513156602
2021-06-27 21:00:00,-1.0,79.0,81.5,41.0,12.0,23.0,66.7498450197337,49.104096746393154,7.443550954361499,5.085694169576727,56.28294186119278,56.63080879514486,58.68107778134009,63.13016589063947,69.07277375803505,75.85874870534778,82.4230226946741,89.20307412560172,94.88927058741758,99.2693481329965,98.81819181722548,95.11476359615018,86.77886745939564,82.88271653686533,80.01437537449034,80.84030713322275,82.09317557611897,83.39541936352813,80.1689139481194,71.57266164813352,68.43045137533005,0.0794772999236209,-0.9968366760893436
2021-06-28 21:00:00,1.0,78.0,50.5,41.0,4.0,33.0,53.97125809200247,34.75602787931097,6.496374635586142,4.9536742769183215,60.320994880262525,61.87296512083515,68.40736282783476,76.32312955234836,77.73369293981973,78.5979975170423,82.4180010750512,86.9242161282112,90.4803074213525,91.3787592659739,90.83535502137956,84.21715803111796,73.60484118930654,60.6964965316213,47.995340733250494,36.52960724556253,29.935131265189003,26.58485483374736,30.703519594430368,39.35392596538341,50.323647336161805,0.062318379354325,-0.998056320853012
2021-06-29 21:00:00,-1.0,80.0,70.5,46.0,8.0,30.0,50.5392550224599,33.67128969217371,7.758003593219334,4.59252972502449,56.21937782015206,57.40725849778197,63.08422963621118,69.75473031374011,76.1465187564466,78.11883097314913,79.47805906713825,78.44250103683984,73.75573756665075,67.00389114615352,66.81757152924503,66.00786650243327,64.99319919840704,60.397874920837744,55.58442892569979,52.29716145313618,51.08165595471076,51.81577168256122,54.7029841324328,58.97263933316444,59.5323856199615,0.0451410177739719,-0.998980624694158
2021-06-30 21:00:00,-2.0,70.0,94.0,22.0,5.0,4.0,78.481394078393,39.44928457486534,5.974793462235309,5.413081419539457,78.65543860155204,78.24106007924486,87.11748366459202,94.96152358482048,94.6271174333538,91.1618420658557,88.8022811515909,89.14435908608115,90.96463382579168,93.3773358825765,93.43201175054844,91.12611815788016,85.88158785618725,85.38863936400737,84.93886231553846,83.69743798223767,79.0759132643832,70.67195708620415,60.5048864782156,47.87744430391649,36.31019482634301,0.0279502982402103,-0.999609314096404
2021-07-01 21:00:00,-3.0,59.0,94.0,20.0,9.0,5.0,74.75644072853896,26.231604210699,4.522987823778512,6.0002359378830175,83.27328365761745,84.3466866832413,93.3462589750313,99.6703825972768,99.94971297009724,99.68596719762002,99.8523638941862,100.0,99.80643441270762,98.87801450058168,87.09558431661755,77.50029632637424,68.83432053427431,69.50669105039745,66.80288551100388,56.74873909604467,50.47266933543399,47.691066383672585,50.843210134117925,58.02242416903008,56.19573165559275,0.0107513077635219,-0.9999422030204416
2021-07-02 21:00:00,1.0,60.0,91.5,35.0,9.0,7.0,57.60383842232024,20.617601387003223,4.637957856835295,5.522084109840279,73.4843497704563,75.58858669302657,83.83131400233572,92.21964958074206,94.93704316412064,98.43539374216958,100.0,96.42542269581712,85.80340569826505,72.19848441292653,67.6348269594558,65.39236071228878,64.19373247416618,59.399939173110326,53.717705238582525,47.067328185416336,41.17656755156528,34.83381660244454,33.846398979614364,35.43916755272845,34.25258068852369,-0.0064508641981051,-0.9999791929590824
2021-07-03 21:00:00,-3.0,64.0,64.5,39.0,8.0,8.0,51.95438421388198,18.39405582727117,5.475441156689391,6.177776669542698,54.583390713523016,55.16463843547336,61.08178223421902,68.13292230686078,75.88225513729766,83.5663847286534,88.41440324416614,83.96518036769771,64.11301946475498,36.051448269122375,27.731547505774728,24.196632014905024,23.85191232625714,29.82625633966381,35.97940655468425,41.23973853158841,49.46978595681698,61.09678396083569,66.32585572819141,68.17045434702398,66.19978194332339,-0.0236511272452315,-0.9997202729664084
2021-07-04 21:00:00,1.0,68.0,59.5,56.0,7.0,6.0,45.22343125997333,19.1085093199986,7.668744385830974,4.623709263118539,47.88906010496674,48.56859035003984,53.528889064092176,59.5282175188126,65.96813719543462,70.90542634998417,73.44056379442488,76.4528151268965,79.37450261301481,81.48374938836764,79.38857551250523,69.34161236989215,53.172314497166816,40.024025539327816,30.229410645116587,27.826707902158294,29.866250217139463,36.40452835079666,45.39545959932671,57.08639838639717,60.33082829466376,-0.0408443915432961,-0.9991655196610107
2021-07-06 21:00:00,1.0,78.0,54.5,38.0,9.0,25.0,62.15225499128753,42.47405573188712,6.760009612073467,5.613703495459992,62.030272863517645,61.72540897454789,66.8382498827297,74.1659086015813,82.57341908714776,88.92980987800198,88.5533487297791,89.17117512997199,90.54511410902468,93.20284465564929,92.41390263774964,89.77453038595712,84.86473842308216,79.73362669924701,74.16834917920157,68.8039445393973,63.75112578685632,58.64386029167389,54.17687202485833,49.937773563089536,43.20477471266696,-0.0751895764147585,-0.9971692572470178
2021-07-07 21:00:00,-1.0,64.0,44.5,44.0,11.0,31.0,44.59848894543656,13.270663499885902,4.248517511157912,4.446123500194657,58.94191888268732,60.04771623376357,67.19794682224594,75.00624511397483,80.33179729841467,82.72969005423742,77.97408260546148,57.73739885790575,34.325570324483394,17.087522024612333,10.201074109241562,10.19049535162393,15.743022470992422,23.23311937030501,28.249865808451744,27.23401396914421,23.53087764566808,17.497683796858848,13.01121567011946,8.92164220458404,9.318475781528845,-0.0923313336953912,-0.9957283388645872
2021-07-08 21:00:00,3.0,65.0,80.0,37.0,6.0,15.0,48.30547325428378,22.24362959355095,6.298717647684054,4.850990215028228,41.936991424010685,43.658229164174,48.26432083187144,53.94695890365641,60.52316994082992,68.29894561703091,72.52663077663553,64.0147033427846,44.27097746892871,27.25353550094598,38.49865922155702,58.59043937116368,80.64219412369089,89.32343387332516,91.09340827580635,85.13530946745955,80.4109862198792,74.97371475363175,74.7936191286164,75.92634389499426,83.70266104750499,-0.1094457686489155,-0.993992768446958
2021-07-09 21:00:00,1.0,67.0,95.0,14.0,6.0,32.0,75.49660715387097,33.79429101318745,5.708153998616922,5.607467629244702,74.92732528044964,75.37884289570168,83.3263587918467,89.85281784025238,92.8421588718154,93.64806227417908,95.5126644783274,97.93832663396918,97.582123054011,93.11435395811333,86.69246561320546,79.91675272091283,72.63159922707504,65.34436198577778,57.48637701315032,49.5286090378218,41.20321524423058,32.10353162794873,31.374909724259737,36.8635279003077,39.6923917334092,-0.1265278168386831,-0.9919630595773395
2021-07-10 21:00:00,2.0,75.0,15.0,64.0,5.0,30.0,41.444086053767386,18.51985188722607,7.423777234104797,5.262516523404662,48.95587484018535,49.84466589851438,54.90627763342227,60.466322218818256,67.23149770546875,59.4622697978096,56.143030678560415,57.72392868582688,56.86474059287221,52.563197094699845,49.03698087679808,43.77325313183543,37.270678285432886,31.70128659040696,26.165313996747987,21.2851678650718,17.12529432831254,13.04733862928934,10.523973819488695,8.223787847375293,7.933212534210678,-0.1435724234118113,-0.9896398128792412
2021-07-11 21:00:00,2.0,76.0,29.5,48.0,8.0,28.0,44.78108457497471,24.601746284476768,8.551521048865864,6.14572501106794,40.06328065830012,40.79764859844234,44.77608069828637,49.881944576462026,55.56287153493046,62.00230161037729,62.36907424972128,61.77843588386139,63.94663139207443,67.47699446576709,68.72141631140998,68.49903654865925,66.51542058661558,64.46198423639188,61.96263171248756,59.424420153039925,58.00790820011199,56.59025052440999,54.9786190504941,52.49250295593648,49.484700578655286,-0.1605745445949937,-0.9870237158387384
2021-07-12 21:00:00,-2.0,75.0,6.5,49.0,6.0,34.0,39.92874704583903,16.11949161776615,6.194801878160983,5.865861285065737,46.3174132379726,48.96757662976553,54.11514472599599,60.124746759486726,66.31461207226043,65.4068267377053,69.55771937443632,64.8270850685909,50.05588552533998,31.631534895530617,17.85175300644033,11.796388055827592,8.341284739711858,7.505752506824663,7.314049074916522,7.807320684248722,8.38427753434652,8.954382565573273,9.912081044924,11.159423455648255,13.039789912990427,-0.1775291491870349,-0.984115542601034
2021-07-13 21:00:00,4.0,77.0,62.5,49.0,8.0,18.0,41.75550790649935,17.87942355469898,6.579850541980945,5.789749106164997,37.75617331559127,39.67912013479823,43.96148275222605,48.71402037261887,54.42910041819509,60.29265024145708,62.79770774531183,66.18967816928844,57.33232661319722,39.7295422677356,23.31479534248373,16.89085265670813,13.958205271151996,14.993050218946657,14.537639192893332,12.610727934359756,10.587505570583748,8.24087042813733,8.134404549383738,8.607431506079058,10.82216177170528,-0.1944312200476619,-0.9809161537413774
2021-07-14 21:00:00,-1.0,71.0,88.5,22.0,12.0,17.0,73.23103879949284,39.830212729394646,5.408587596787744,5.505496387469316,80.91765755513045,83.50720695204078,92.81395742511216,98.82046240231476,97.87103527779192,97.96099250833208,89.60452252422046,82.09123216743761,78.78127928887619,79.1933765765167,79.82003742994128,81.95305975871563,83.74263332954044,81.45109050063485,77.25031017793133,70.0639199453535,65.4257785957228,61.79096601524492,62.08176649992404,64.59222042765754,67.95122316676894,-0.2112757555821793,-0.9774264960104057
2021-07-15 21:00:00,-3.0,80.0,42.0,39.0,7.0,19.0,54.25092267518391,32.96199014304023,7.877725205429572,4.817472107245831,58.65616577162847,59.5741093407776,65.70448651510894,72.87529968163231,78.1715741631136,79.6456264431931,81.38105047850426,84.04746398783763,82.64802369345445,72.54588249155717,66.53729760590929,64.80682207012909,65.81444957919014,58.5648883675476,45.18176827111689,24.473936261230666,13.470258327375456,9.45583100516817,7.530776523623291,6.560897363992314,7.665305435309396,-0.2280577712215198,-0.9736476020539838
2021-07-16 21:00:00,2.0,73.0,42.0,42.0,11.0,32.0,55.23107333223108,20.480585726598967,5.219131643150865,6.186600027279499,58.41710031527337,58.897691245547946,65.33939453748168,73.03266863791812,77.0473492601877,75.39706038719554,69.93437078630787,60.82054092614345,51.9629280743864,43.0295375084912,31.368324051149187,22.95219578840464,17.593371469570958,16.61745190089696,15.970734901524247,15.999612376868818,15.677924956719716,14.799142397793608,13.071765826887754,10.240950448128205,8.99677645585779,-0.2447723008972595,-0.9695805901076308
2021-07-17 21:00:00,-1.0,78.0,64.0,48.0,8.0,30.0,41.91059707033888,24.62391318402515,7.698395789483962,4.802437738466694,50.29516153775319,51.40935912281612,56.803994257696566,62.87153227338111,69.60917713821894,75.60673426630498,78.46981853026817,79.9373332645257,78.38993659646648,72.84114249178859,62.452050921546046,52.94261819557564,43.036744880726125,32.35742092205164,24.11530309503941,19.745898495845022,17.074699548809306,15.116361736119115,13.079325513903694,10.484989293080009,9.002788388084294,-0.2614143985111562,-0.965226663665613
2021-07-18 21:00:00,4.0,77.0,86.0,33.0,4.0,16.0,48.32381008232468,25.67638114485121,7.352188329798898,5.415578011348047,43.86855253126786,44.894406858302325,49.69243783022134,55.34613348584752,61.77309757113712,69.50865410693147,78.80354199930156,86.00527436240112,90.98438206307397,90.49609467249104,56.80582659654447,38.1285913189724,29.04453261365042,28.40476749038947,26.642388391727444,22.598707199516927,18.37644348747773,13.895876570445251,11.17553768534862,8.824686032578574,21.058767000051805,-0.2779791393987801,-0.9605871111248128
2021-07-19 21:00:00,4.0,79.0,64.5,36.0,5.0,26.0,48.6208240493156,33.80680688595402,7.430951851660756,5.688465343659215,53.3157085481121,53.43015214637076,58.6932020038809,64.33994817885538,69.66009492263602,76.00012665786339,82.58171908845061,87.24407205574472,89.64225845615917,87.68299768227885,65.27521869053788,45.44579824025304,33.05032425884024,40.43102076061651,52.33553006292334,70.93447918982977,84.89134215080227,93.26587465514072,91.8228698494996,83.75394018009797,69.04630711948249,-0.2944616217868012,-0.9556633054034704
2021-07-20 21:00:00,-3.0,73.0,59.5,37.0,8.0,34.0,49.51100320358757,28.51787914553584,6.301136164514224,5.775370008222967,61.16009567992533,61.56827596890939,68.48874502509716,76.73997943555317,83.61381161539857,86.37141543939838,86.14891277055386,84.34530220789429,81.71892457695621,78.7175311628768,78.19040775327235,76.56465920067328,71.79303442222908,66.045255372846,59.81225394477581,54.40039684644727,49.73454518989713,45.70497987667032,42.74371671228566,40.19112719030223,40.07196447542092,-0.3108569682435036,-0.9504567035349152
2021-07-21 21:00:00,-1.0,58.0,93.0,16.0,8.0,4.0,83.40752447232931,31.36371806620324,4.723075205783641,5.849351446343812,92.60072360236674,93.60040698415348,98.68886302102804,99.59807668828805,99.76136469737573,99.99192475296444,100.0,99.53801568130324,97.4197804394678,96.41863305880165,96.09241757085124,96.66402153395084,97.65483918113767,98.58015920240604,100.0,100.0,100.0,100.0,100.0,100.0,100.0,-0.3271603271220951,-0.9449688462364056
2021-07-22 21:00:00,-1.0,67.0,60.0,31.0,7.0,33.0,56.43857637904146,23.55738861861897,7.432372692981694,6.065161230342791,69.17726387570625,70.48096122640345,72.42269352780782,73.76592386519927,78.27581656208864,81.80786003116064,81.26213905619666,80.50083267032618,81.40052090004868,83.92128229126826,85.80287409001366,90.86415413511789,99.26851570023396,100.0,99.75959896995867,97.10100973103395,81.61189661727882,55.56930942181991,45.02499216977118,40.84218294094716,41.9920652000309,-0.343366873996388,-0.939201357453208
2021-07-23 21:00:00,-3.0,70.0,53.0,42.0,6.0,35.0,50.916423485910975,23.11344479590635,8.198394224350814,6.1295393901906845,50.54799034301668,51.59242424338962,57.56428122227164,64.10413749098132,71.5171475684145,78.50757363012869,81.7052730805148,83.82085340870826,82.85207256583996,79.35875635018864,78.44381006304988,78.07609359882075,79.22601795921213,83.32696698784167,85.27578178849176,84.09927473397799,73.05089787970878,54.68013895694806,45.83810119693233,38.24179926867422,34.22391798463148,-0.3594718130884232,-0.9331559438780432
2021-07-24 21:00:00,-1.0,77.0,21.0,49.0,4.0,21.0,40.24187217806167,23.05749016093038,8.112554607568203,5.233862201810264,41.071987451003984,41.95904478128421,46.415237372930704,51.71753814360537,57.73712647418869,64.49517656939133,72.55735756462673,81.86825593057978,89.45346579652367,90.77992355300012,95.26696841890929,79.7111791150659,47.62598539571961,30.54617058483104,19.79098260852317,19.51881712835285,19.285096528177824,18.886922330124285,18.312960516104447,17.527747947764475,18.929700428724587,-0.3754703786876202,-0.9268343944460494
2021-07-25 21:00:00,-2.0,63.0,94.0,17.0,11.0,17.0,83.7311746969401,35.43530483874238,5.181929726842039,5.748141149625059,92.96121352676928,92.66527184544056,97.54298048326083,99.06995257610312,99.63519914321505,100.0,99.24027517523402,98.52588139197202,100.0,100.0,99.78030201534814,98.7664053261656,97.79032814270984,95.4251752054545,87.80845345457952,64.77666547050126,44.718636587469724,30.683291737476,21.72882514325784,15.810416572675935,13.478084848575095,-0.3913578365610259,-0.9202385798054076
2021-07-26 21:00:00,2.0,74.0,39.5,36.0,6.0,24.0,59.49158469966002,29.494494455205984,7.8875134631416755,5.54649101823377,53.77118803054556,53.84335239796852,58.61925369999131,65.11622832741591,72.38538908012852,77.97102889929167,80.07956947229118,81.96455896226361,83.15355730281199,77.76124850275862,74.10995428531784,72.5373902433463,73.1271522628912,73.94995812282131,72.85824185752013,64.89664799092391,56.51837145727184,47.11038905282872,39.45806666055825,31.981983893134743,25.552963395160067,-0.4071294853542516,-0.9133704517637858
2021-07-27 21:00:00,-1.0,65.0,41.0,49.0,11.0,31.0,48.30547325428378,18.021352708939173,6.147196639943373,6.479319741156117,52.4180721762957,53.03070407039656,58.80867861350253,65.89981251733896,72.69244817022195,77.24402118396677,81.13749261105407,81.98918066775484,73.55066273565983,56.41739711808281,46.32440413733668,44.085660948603376,48.40775668699772,53.08292805518953,55.270634322194375,49.49925981325147,39.545322919982524,24.66994832099459,14.672604496218447,6.506466828674967,9.483953992928168,-0.4227806579826773,-0.9062320427107696
2021-07-28 21:00:00,-1.0,64.0,15.5,60.0,9.0,32.0,41.2783766323218,15.56530812238748,8.532433624715528,4.409836572685528,44.90813858676904,45.68843274011712,50.780615379494265,56.79556407292725,63.97092824665408,68.91158817683745,69.24115727950479,70.32618835164021,73.28510737962996,75.5001448905372,80.03517088630501,82.01638475953342,79.47256919620375,57.25537430093178,39.50138434842168,30.17816302714742,28.914286599322647,34.1854494099683,38.54294936892851,42.71343784384828,41.35017541177094,-0.4383067230125192,-0.898825465016444
2021-07-29 21:00:00,0.0,70.0,69.0,43.0,9.0,21.0,43.85374800516762,23.573073918147173,8.43037885073034,5.368950762251783,40.65532316352362,40.60691643249374,44.70307017118348,49.66844071268996,55.42906297004213,62.24696656391963,67.86058985604308,71.72809707490077,77.41360441692183,82.11810405706808,85.43171232966125,86.57619877032991,86.3777155960491,82.23009795931901,77.43353051083896,72.72046202129367,70.18452309432057,70.48696179255889,72.58044975546503,75.39938166197604,74.4750171092973,-0.4537030860313442,-0.8911529104063088
2021-07-30 21:00:00,2.0,61.0,78.0,33.0,10.0,32.0,69.62062770304101,21.35598326667677,6.619907319003847,6.246529549665258,65.05873601952095,64.15125949001037,69.80338479737598,77.88120184070634,74.50663106086466,79.44481827630982,83.42421042060379,86.41913856228805,87.08292263737371,80.48284137147665,72.76921455969739,66.473072917807,63.34779468133608,59.73704125516159,55.04471821764746,48.01494908300624,40.27692891213731,33.15364417609647,28.952686503171005,28.13544540102089,28.68293120626925,-0.4689651910076318,-0.8832166493127127
2021-07-31 21:00:00,-1.0,64.0,39.5,44.0,11.0,29.0,53.95286976616358,20.92202280896899,7.180114671413389,6.428608644719431,61.58482412161906,61.46761701796268,68.5245356599449,76.1353379797885,80.52872332246251,81.85429526903893,84.62699070065945,87.31051017633291,91.01722471867886,95.577434885323,95.08692508295977,88.2492154242548,76.04302023844146,66.85574163324696,57.867885621948304,52.50764825312508,49.27655493885528,48.346867989975465,48.40210677968847,48.53162008045591,48.380916012292246,-0.4840885216389758,-0.8750190302029955
2021-08-01 21:00:00,0.0,70.0,41.0,52.0,8.0,26.0,42.22934726093345,18.92847381382236,8.905383092350174,4.952614867097891,36.35390109497491,36.60931497633857,40.34527834468399,44.867116019207664,50.57001261247741,56.74332761698289,63.64021409084959,68.9243316029945,71.31865972339565,75.25914240263913,78.11057626722572,81.40642561180937,84.21809559432728,75.06532210556834,63.35435814618311,51.06546713423693,41.68456844835074,35.12954114944043,31.53879312736767,28.79029274248653,30.99372894244972,-0.4990686026885319,-0.8665624788845385
2021-08-02 21:00:00,-3.0,62.0,71.0,28.0,6.0,31.0,69.72963181723787,22.60344805373448,7.319778934280837,5.455240740045612,63.9972230395362,64.48488838567587,69.81765600910241,77.04965476163153,83.7406799540532,87.37252391777048,90.75353328340654,95.36183455837109,94.69955488618632,79.12908868482887,78.03148493021341,74.12464513916285,64.01512319831886,60.78275575923211,56.40754442239048,46.64628040749601,39.416725102629385,36.18032764372968,37.02558594907382,41.1912610574179,42.35347158554062,-0.5139010013093103,-0.8578494977869301
2021-08-03 21:00:00,-1.0,73.0,43.5,44.0,12.0,25.0,49.51100320358757,28.28531528762602,8.090815026436095,5.362484918842323,45.00891587910559,45.39591505048558,49.80597174887248,55.607328700973966,62.210608465038376,69.52893290162439,77.53137786739211,84.39910820728913,88.41649172269406,90.50424697298196,93.04418609560628,94.53599889228548,94.17640559282908,88.19032721800654,80.9022348283384,72.33237818774056,64.81709156185967,58.09221085333988,52.80636714663615,47.51989208727827,42.42326588473446,-0.5285813283559292,-0.8488826652214553
2021-08-04 21:00:00,-1.0,73.0,54.0,37.0,5.0,25.0,55.23107333223108,28.558724862104366,7.193510786928406,4.856238242571151,57.76159923585493,60.43136624810481,67.28353447782555,75.22954373950589,83.7870426919962,89.03459361394304,93.41785189705377,94.56438992166018,93.53418247513324,90.93046772364964,86.18916421395613,80.19086204073564,71.84592097556094,60.62916844310852,49.93229931192397,39.45872320911246,31.4499965174731,23.836991667459007,18.4876937686737,12.82579745286205,10.17236862256281,-0.5431052396834317,-0.8396646346181327
2021-08-05 21:00:00,2.0,72.0,85.0,24.0,7.0,16.0,59.22858008458958,29.169251854569247,6.709122767932018,5.379356531253456,54.337583973836935,56.200014786460585,62.20957893135986,68.74539478485524,75.01506067801158,78.63119626771994,76.06689032357608,64.70607893693852,52.45412638567014,45.06502209654767,48.72073923512293,56.735152587571456,67.8201300893794,74.9136811682926,77.33333883807049,71.58392670754343,64.64891337890796,54.75857422755661,46.05067397871806,35.10714207753634,29.097093327940865,-0.5574684374327892,-0.8301981337405212
2021-08-06 21:00:00,-3.0,81.0,17.5,53.0,9.0,25.0,45.54136454313763,28.461034698481807,7.895160989259202,5.30807923586434,43.75845534625837,44.46457901331132,49.32518742997588,54.83381835549309,60.8619257731673,68.18250944940561,67.07195845426482,67.7086947136471,73.47000475870473,78.12419348402024,73.78775592126243,64.57716271509388,51.69215872182675,42.626019026277326,35.00608155801029,32.19962232122299,29.12637097515866,25.740435540244626,23.380409624555,21.02154974575065,24.82453489274329,-0.5716666713027052,-0.8204859638785327
2021-08-07 21:00:00,0.0,74.0,70.5,23.0,7.0,27.0,66.17933131928622,34.53415962060746,7.695482319270705,5.37615754855064,51.839868394388574,52.20429302750935,56.5613821977454,61.50890869333452,64.85375643116961,66.11962002400263,68.34676750249554,70.18246184438534,71.60782433240578,72.79377878777974,79.45312570076564,86.42009423628821,94.79472652278707,97.1312092586831,98.4970371097004,98.85367869146646,99.38809434994208,97.7281841210316,90.2958673256965,79.31110544325041,72.42155383413748,-0.5856957398073508,-0.8105309990194823
2021-08-08 21:00:00,5.0,73.0,14.5,50.0,5.0,6.0,41.131009557887616,14.37020582122836,5.892808932373396,6.225116647521022,36.74473854886558,38.58540320790534,42.76465462060277,47.55171134720444,52.57989108183008,57.76174571289752,62.58572522056739,60.08476123242951,44.02384525344415,22.696726782524635,12.97523088742981,9.294266593991113,7.925848967095946,8.337184095880033,9.22632196847992,10.615866843522545,12.489076091973551,15.093946329268515,17.42243620722811,19.794408499793768,18.858496249399344,-0.5995514915196489,-0.8003361849976323
2021-08-09 21:00:00,1.0,72.0,79.5,21.0,8.0,16.0,57.126939972459,36.88147771985991,5.915317758575657,5.438864989496524,54.66087480061835,56.804777307457066,62.88837303342601,70.32970640510901,81.51834770701291,86.85159154008188,86.23149860710365,85.8253566885199,85.47762053156168,84.16337550439779,83.89016102085866,84.13439518606131,84.05045636399294,85.10046142239888,85.76439656187144,84.66954975403316,87.46992386903251,92.91643303119746,94.86391933691628,94.9865096690558,96.94460575273798,-0.6132298262997502,-0.7899045386224707
2021-08-10 21:00:00,1.0,82.0,32.0,38.0,7.0,19.0,54.5285079824562,43.03102171343421,7.022426795421097,5.711945240461835,56.78693464287464,58.48082075660434,64.98028913678054,72.23289269788964,80.79620545991375,85.34356607229424,90.21863704855504,92.53831646424374,90.47691179446626,84.83260456528386,80.3303039056172,77.96280818413,76.12469672647522,76.18447507336865,75.58485526487301,74.70102105488984,72.80035116459148,69.44107179280931,64.48123823235392,57.25708071279001,49.63829844449357,-0.6267266965083301,-0.7792391467859886
2021-08-11 21:00:00,-1.0,77.0,82.5,26.0,9.0,16.0,66.5232085413429,40.31336031064918,6.08950354643257,5.778398994559115,60.67981934129018,61.57322220528913,68.3842829122822,76.28700194991401,82.18709040141626,85.96575451779118,82.8369648419902,74.08452954263429,68.00106166733903,68.15002619442114,67.1853191463541,64.94850211325205,62.10587837074736,62.00326748431741,61.97000465320155,62.28662175916351,62.9516532718612,64.17137570676178,67.9277644370691,73.60058131523634,72.884498198537,-0.6400381082043503,-0.7683431655492202
2021-08-12 21:00:00,0.0,85.0,32.5,32.0,8.0,20.0,56.86770356640353,42.38525890003542,7.372829827616209,5.691285412366099,50.15628091518235,49.97022403950613,55.26505843524675,61.506350822809175,68.73481635195105,75.32638653726235,79.97449510499108,80.96196012226326,76.05968012187397,64.27231327019209,57.95436981144248,54.82117350417071,55.58451850322815,58.10454431457791,59.74515073177987,58.84310798475215,56.14497786700268,52.536524618836935,54.557570310383966,61.86847188546227,63.22046700863942,-0.65316012232693,-0.7572198192083127
2021-08-13 21:00:00,3.0,87.0,17.0,52.0,7.0,24.0,40.32607629992073,34.487241278501415,7.9388084785638,5.899014321655256,37.53066455274412,38.00061502198947,41.92204757723498,46.67344873423715,51.84223498060807,58.01243113945239,63.07742795507616,65.05094159694379,62.21722639358445,52.149778141211456,50.28310006441856,52.73362347347117,59.18538538745203,65.69048079060732,70.72474609843306,70.84961403875162,68.22839311981744,62.43783217447384,54.38226578042921,43.69274325755279,32.15815390299408,-0.666088855860977,-0.7458723993404063
2021-08-14 21:00:00,-2.0,73.0,86.0,16.0,7.0,26.0,70.89397217984008,40.60650105302221,5.79988963408933,4.990220637439835,73.97431829341288,74.90046856648439,69.54896258583955,70.93358655018139,71.52016461386839,72.59782419521872,76.88834767381125,86.01718268260599,96.73670510563043,100.0,97.35646018570412,97.05088505238804,99.46239812715572,98.44839891084392,97.5577830802957,97.8575870423348,97.60609144319436,98.00704998697326,87.22275386111733,68.57547125918065,68.03738181429966,-0.6788204829862355,-0.734304263829602
2021-08-15 21:00:00,0.0,68.0,11.0,48.0,10.0,32.0,41.91408531636191,14.869591798506864,5.613818625844553,5.81932655758104,49.774742588031295,51.93891673932001,57.771551718782696,64.92024445797061,72.89523437559299,78.93307515308894,79.4527922874385,69.99678993752916,52.20210565226006,33.98822070325137,23.41797526505172,18.202079446746,15.087345482916032,14.434400780968982,14.695073952921616,15.948139475150786,15.891115554909424,14.7066061846253,11.311986410253228,6.255731767408106,5.153170489296484,-0.6913512362094071,-0.722518835873311
2021-08-16 21:00:00,1.0,77.0,8.0,45.0,8.0,25.0,37.35900373746598,21.08351905873773,6.3473495553420936,6.000657360639956,38.13952604368386,39.585396834139736,44.15677404388082,49.240465187307706,54.97983787429035,57.65083116831895,58.22733817321858,46.08409553988191,38.40294018814222,39.34037210957333,43.10347141464883,45.3293064836477,46.77122550681093,46.154906374092285,44.93955642015628,42.4211543958992,40.17709005444431,37.6198520059093,34.59341992599561,30.385447492515027,25.40311541805042,-0.7036774074790128,-0.7105196029692745
2021-08-17 21:00:00,-2.0,84.0,12.5,44.0,7.0,23.0,39.865240218076906,27.52778705208339,7.263674180957294,5.480432376119312,39.867339240932566,41.205976166451904,45.67240136691357,50.88174716830688,56.06765649771843,61.61578094386064,64.40990267496434,56.885276934822606,49.9894811900693,50.29229931124769,52.00861713442567,52.20087744657236,51.13164229049802,47.792527691998885,43.70193225777809,38.2261220357497,31.67562151389512,23.77547347595568,16.816291055390135,9.567428566190598,7.14890684469328,-0.7157953492826642,-0.6983101158835584
2021-08-18 21:00:00,0.0,78.0,62.0,28.0,7.0,24.0,62.15225499128753,41.587713724048506,7.123095246333619,6.0072201938468295,56.00208294215644,57.77145524504873,64.27272532386817,71.5830893096554,79.84703741665133,88.32086581579108,93.81038771211698,95.01277248576484,93.95409017747008,93.1837081258769,93.15741010100092,89.24538970885261,82.73825706315651,74.64295183218803,68.18051161733197,63.4243014262049,61.11802672946048,60.17333676492523,57.20231965509313,52.08178478433724,42.84888785702226,-0.7277014757264236,-0.6858939875998223
2021-08-19 21:00:00,1.0,85.0,59.5,44.0,5.0,29.0,44.53841815781052,29.816069799672448,6.72579515413398,6.053471508557311,46.3275407803791,46.89267113768997,52.05293066015055,58.04813317967299,64.0570923625251,68.41667654508848,70.99333619843698,70.62055853661658,64.27099441101646,48.94569245439451,37.961304177863546,31.00489764002466,27.99673806295418,30.053561726805896,31.61302101595648,31.454474555898592,29.95275415804059,27.05149869708118,24.053177645072743,20.33768737272772,18.44127632606131,-0.7393922635959241,-0.673274892250183
2021-08-20 21:00:00,4.0,83.0,20.5,34.0,8.0,35.0,50.972422488102566,38.92722155725133,6.845897830384706,4.746051922642463,59.486923878080376,60.03025988726871,66.62261424399057,74.00392498145793,77.53600755853557,78.6347945273798,78.46848353244697,77.21863664703994,78.47316075537702,77.35945477980633,75.39602318368745,73.72407683991686,71.39638935495405,68.74941891655276,65.92031753759919,64.22352155272543,62.64511281503054,61.11858932084328,54.2098387754355,43.204639161550986,32.08760603430621,-0.7508642533989489,-0.6604565640279754
2021-08-21 21:00:00,4.0,80.0,47.0,36.0,5.0,16.0,48.768600362464646,33.2246205251716,6.382325651441138,5.492244569752064,44.311357151536754,45.33767380255779,50.52824407341235,56.26539949366802,62.897374552785166,70.72380585528006,77.55322248156669,84.71662784059075,82.63488529299426,67.90100765029067,57.92426192831541,54.37770827005153,55.04607254226647,60.27684048242229,61.967420059305454,56.34633143641265,49.17221002317563,40.36668003628216,35.85653443035398,32.76418209192356,29.81114485209526,-0.7621140503891487,-0.6474427960827475
2021-08-22 21:00:00,1.0,80.0,55.0,37.0,8.0,17.0,52.36618948569386,39.06028061279567,5.92485615815557,5.441838871544801,62.95559504953149,64.4292839644913,72.01761347530218,79.85076166548056,88.15384398500788,89.14675682494537,85.8331213780793,85.81325545754164,86.24546254568739,80.53997144886716,62.54360970581272,55.34007383130785,54.07268968914347,55.217449105119954,56.145199513673774,56.0212091430213,55.09878926885047,53.06289694187116,53.114790241784895,53.6993729590917,49.43062557813616,-0.7731383255706026,-0.6342374393978054
2021-08-23 21:00:00,-1.0,75.0,87.0,21.0,7.0,16.0,68.65984998793179,39.427652032430366,4.857409897437475,5.669423004523531,81.99473298340698,83.69141531239329,93.09995438316956,98.58705939862276,98.49019324332974,99.25554764875564,98.9618247052984,93.69017077450114,86.73026864458116,78.07004834191645,67.29758758377051,56.70504216896345,45.37069630680665,41.62255226864254,39.477835901883616,42.18714049471868,44.79300639288466,46.33317425024413,48.6658203398278,51.19239222449284,58.51256026411736,-0.7839338166829201,-0.620844401650647
2021-08-24 21:00:00,-1.0,81.0,41.5,27.0,8.0,30.0,54.38997447243735,35.53751493917148,6.437253182580309,5.787864660657952,65.50926712380279,65.52198827618105,71.8514086030751,77.41098467427145,78.04327892445576,80.1487303198646,84.42862660449828,89.01939908896637,91.9956681378882,89.3716354863714,81.35438500359271,70.38391784005967,57.42051045356772,40.58275631824287,23.76930292377801,14.38387087720874,7.155158186126289,3.401621772090631,3.883622746246739,8.983181421462428,10.883619034477976,-0.7944973291665992,-0.6072676460566135
2021-08-25 21:00:00,3.0,83.0,50.5,42.0,4.0,30.0,42.67980812077554,34.55884475710832,8.101373988994798,4.557332348574654,46.49779138573032,47.59099511269141,53.03471206878279,58.93981834617726,64.95435081937886,69.65559066095337,71.89000113872676,73.12905118771751,74.6388538575878,76.2118621328665,78.78378649214054,81.1753980959363,83.34509527410175,80.83327733483752,76.52801425091252,68.23136373950454,61.24047202315832,53.74487575077194,48.17408159184278,42.7185177785204,34.94209986857752,-0.8048257371083452,-0.593511190196115
2021-08-26 21:00:00,2.0,83.0,39.0,34.0,10.0,26.0,54.66652474733164,39.60135580716277,7.874611631122285,5.892039723900574,59.20070999441926,59.73960536408802,64.12287723842658,69.08083951248936,75.44745782464798,81.95490704587293,85.67381931413881,87.56515471252159,88.71189913437246,87.53384058856926,82.85405215635959,75.04858381296359,61.90584514111429,53.37740863157497,43.30138161116998,31.719371214161807,24.93355970371074,23.440060626104835,26.197955333706567,32.421898145263995,34.45472204462975,-0.8149159841660791,-0.5795791048257612
2021-08-27 21:00:00,0.0,66.0,27.5,49.0,12.0,34.0,40.02228196003663,12.76349800237076,5.4178953878885725,5.978081307902382,48.53175877462376,51.37477755372935,57.2880355250656,64.33179761550866,72.04220700901803,72.57805129829521,79.31633396432346,80.19773592071958,67.83781445834578,48.71134002613216,29.68310757766128,18.859673415923744,11.106763005392487,8.571137041913587,6.660959544200061,5.529603614779477,5.179431877449801,5.104416658330672,5.415140170479081,5.883278561445405,6.706217492630244,-0.8247650844733614,-0.5654755126737576
2021-08-28 21:00:00,-1.0,69.0,82.5,33.0,4.0,32.0,36.09062397227366,12.1482333949782,5.963273017727297,6.290674509729839,35.47509695096097,38.1375838075234,42.43226838529471,47.21249395697853,52.664816121047245,57.14690628409521,59.660092023932265,46.39083743185928,29.849641771689218,18.68954589792665,17.103501156658822,16.641697455160255,16.54773520690195,16.576920067947047,16.19469196573983,15.143304547608269,13.637530179923155,11.645573597031724,10.331780138533444,8.636327797018073,7.344642264730799,-0.8343701235229537,-0.5512045872199277
2021-08-29 21:00:00,-2.0,69.0,58.0,28.0,8.0,18.0,50.76859033508071,31.442607231399624,5.375275918634579,5.030690881697478,66.49800327363126,68.84976600324622,76.88629225372648,84.67740202639546,89.7061991949955,94.4838940216575,98.63144471502656,99.8017336338878,99.53306384134932,96.83831595567696,93.49816435468212,92.58405786426704,89.76591474153179,67.19825550248977,47.81784006597204,36.117355680718624,29.8924909578204,27.460435836724034,28.802967749962693,31.72827715637147,34.338242631173124,-0.8437282590292712,-0.5367705514607103
2021-08-30 21:00:00,-1.0,73.0,75.0,13.0,9.0,21.0,73.42344683897738,29.183200823671115,5.72395535146622,5.697615483565683,87.58163282254175,87.41959283587875,87.97658988936871,85.61906442986484,85.28030849709833,87.43754899375115,87.53292933909368,82.81209077739999,67.5725772512287,50.01459068280485,34.80386802294934,22.281598204207377,15.347051259207904,11.149391427070302,7.926393875099364,6.586583137920829,5.547729977873196,5.675279622335648,6.0288930665071065,6.6184062945950295,6.944899103234846,-0.8528367217694595,-0.522177676659508
2021-08-31 21:00:00,2.0,74.0,21.0,51.0,11.0,27.0,41.28775436548421,22.573093851224225,7.832060879995879,5.157379045506605,47.40287643688069,47.26333870724281,49.66038562692186,54.59734928170777,60.48395383583266,66.9333285783406,71.53550532132735,71.17104671886231,72.00379840991604,72.73245091133558,71.91269950841874,67.65228381876946,59.620349396963945,50.010493739483664,40.07851565742092,34.10595890278659,28.549177644739167,24.47543614034868,20.345793806634283,15.970795205651338,12.172348946299191,-0.8616928164028521,-0.5074302810827518
2021-09-01 21:00:00,-2.0,64.0,85.0,31.0,7.0,31.0,51.95438421388198,16.25679347411099,5.281584568327784,5.51462488822453,59.76416320359122,59.80575073091549,65.95401757678468,73.27992244154893,81.5201635520188,88.68075912777253,94.92946317641278,99.60137717316462,94.64923787188344,66.53101228379197,35.29640842485786,15.77860210912304,8.168406709536889,6.811017609300992,6.347393618739865,6.7584427274966,7.372187570445162,8.356308011094846,9.19038827252878,9.93399520800271,9.310493704201296,-0.8702939222685674,-0.4925327287220543
2021-09-02 21:00:00,1.0,60.0,78.0,18.0,9.0,4.0,64.51028333640114,25.99420855302329,5.78919770733527,4.55347546861341,85.632783122638,85.66973613868664,87.55332180835515,87.29585154932938,87.67468697612134,88.48491541540632,90.52119609422276,91.09603734502544,92.5872001558095,98.5486462594379,100.0,94.6318719323715,79.50514980073329,66.4327578421695,57.60494143241398,66.48060563770356,75.69228123112771,85.7439535027812,90.8718348796744,93.94062533755134,94.30088867045347,-0.8786374941610001,-0.4774894280028391
2021-09-03 21:00:00,-2.0,53.0,90.5,30.0,11.0,34.0,66.13832421692287,21.345525791426127,5.694679734289339,4.381229443470327,78.95911446846917,79.47684355594761,86.97166327798307,91.43477840819617,92.46590414774508,93.73634338809494,95.88858816978274,97.17367165318662,97.32138516743676,98.04709401124867,98.30721265147623,98.9262033946051,99.07469679522312,98.9431325833002,98.29497573217829,97.15243907820324,95.56848606923089,94.15388861999288,92.91680333563488,90.41293631940344,89.81431506544187,-0.886721063082993,-0.4623048304798108
2021-09-04 21:00:00,0.0,60.0,29.5,38.0,9.0,35.0,51.35875566283369,18.33144744344433,5.615084189950225,4.948461681684603,58.626294199686846,59.06255064094517,65.63720459017476,73.48774757077436,82.05127778281951,89.10712356066313,88.46198420741612,81.55419070979248,75.06580953036969,73.22684942131787,72.02327542310528,67.64445125842025,60.823438096146376,51.71465295903134,42.617118621098136,33.99116530194563,26.948692794010825,20.79125455398893,16.166020255462175,12.081246911958573,9.728974107668302,-0.8945422369764496,-0.4469834295196741
2021-09-05 21:00:00,-1.0,63.0,79.5,21.0,10.0,15.0,55.877891212486965,21.463633831925044,6.457890158338207,4.304720488693789,62.06288354559308,62.558891665548366,67.76476511893635,70.76042352698497,61.3677289750607,51.20978931258215,46.41076493248749,40.62903129298896,34.92179838043039,36.8601009831042,50.70775792939859,66.87938507371666,83.91956851509246,92.78845893827798,98.68064261585822,98.1218185654535,97.47177033887372,92.53226088090892,85.313743412453,72.16506659305146,62.19619657866494,-0.9020987014301836,-0.4315297589714714
2021-09-06 21:00:00,1.0,67.0,54.0,22.0,5.0,15.0,67.77336387804566,28.026926278423293,7.968923049480425,5.350944869934401,62.4338575646155,62.31685814248542,66.8985810328045,73.73326251405678,81.6715848801918,88.54939768954333,94.75939413211285,99.420127155992,100.0,99.24546794235042,93.13571477387949,85.29289232039889,84.64965065551868,77.41407161330821,65.7198665521027,52.43144188796097,41.975140695913936,39.0158791559828,33.29639851029771,22.391991016145926,24.500691767311302,-0.9093882203647924,-0.4159483918249421
2021-09-07 21:00:00,-3.0,66.0,50.5,37.0,9.0,28.0,56.29924377769591,21.47025322823435,6.493826896335207,5.653066999589276,62.6220923018168,62.71965430825126,67.9767332338274,75.34910608283741,83.26860758898161,89.6603490275756,94.03797980794012,93.69936032202524,86.36575531987654,82.57904614908175,73.84389841965455,62.53359936076005,49.64012184991982,41.37711082781057,33.526198285944645,28.91361580181464,24.33132377057097,20.396210260423384,16.877548888221664,13.273900667031327,11.735187318051292,-0.9164086366943458,-0.4002439388573056
2021-09-08 21:00:00,-2.0,73.0,47.0,32.0,13.0,17.0,55.23107333223108,32.45290115436111,6.0738394100816,5.943427423810641,66.54818279979952,66.9049349056169,69.28956301137136,75.82970288127635,82.16712553815532,84.5795051374703,80.03407385911102,75.9515219062871,76.00238585558029,77.70889867561094,73.40677681190316,65.61936679955238,55.14109080851711,51.50694985656003,51.25786641068929,59.62264474811272,68.41069307626768,75.89760535029552,81.82543521742814,86.79780043630623,92.27104544239562,-0.923157872964704,-0.3844210472688554
2021-09-09 21:00:00,-1.0,67.0,94.5,11.0,5.0,17.0,72.84035496253438,34.50420246243063,6.03076018556365,5.736163203107073,87.32310125612061,87.53946683193242,83.86012283693034,79.85044607267443,83.8037380533483,85.43391418398546,86.55849073682269,83.44352191327022,79.20850718384129,82.17757778253332,83.15297338437634,85.34660842599993,90.70008053560645,84.16457644532163,74.34925091358296,70.67063496809129,67.19974545700646,63.66914576541796,63.02728129972943,64.66845491233066,73.2899575462201,-0.9296339319682696,-0.3684843993077793
2021-09-10 21:00:00,-2.0,61.0,69.0,26.0,11.0,31.0,67.0860046610338,22.215505623396496,6.416908189539491,5.984185838611395,75.18905769690554,76.80941331298777,79.37564123597902,86.3593304091983,91.5066791260748,93.17203113912409,85.54736420896288,84.74729162541699,91.6960081702344,90.9119553197993,84.83865604106387,76.97496923045703,67.5005331729961,61.62471061605204,56.064433716046615,50.11677575818686,43.21142342752104,35.03070261115259,30.39959407238782,28.748064910834152,27.26388605635124,-0.935834897334994,-0.3524387108846032
2021-09-11 21:00:00,3.0,66.0,13.5,40.0,9.0,24.0,46.655185430262414,18.094600877493825,6.021153928251829,6.298525938395655,55.587774272043134,55.77544494565664,60.16374699462988,66.61183770900666,74.04084628429206,81.66928018998497,86.7229902713567,84.1802465450308,73.2175491137299,53.13883000836006,37.26926753025711,27.70655148692119,22.73660051110033,25.586734152416675,29.27038961368485,34.89359817100287,41.47718463083769,48.805988074415055,54.99473576077365,60.98235520004036,59.21684430604565,-0.9417589340994617,-0.3362887301766828
2021-09-12 21:00:00,-4.0,65.0,52.0,37.0,13.0,29.0,56.159353339441054,18.83998059972232,7.003105346729301,4.6699589897453135,59.82785126815676,60.54841970905201,62.80010656690333,68.49721222214869,74.41760649667381,76.06724435213097,76.67479850198393,79.61788181982244,83.41413306844933,83.0430291230984,71.23961959934392,55.62496657088577,39.24859745458514,34.09385889784933,30.973423614408382,30.502230968385835,27.366331653664624,20.319209441502124,14.344610200841142,8.73051489715859,8.077792677425531,-0.9474042892438844,-0.3200392362231385
2021-09-13 21:00:00,0.0,61.0,51.0,39.0,12.0,31.0,55.59417457887699,18.2813969184184,5.587943591446647,4.541267930278898,72.54044079688904,73.1702322107801,79.37015431000015,83.63503095938043,84.91884582432903,86.73555358755344,90.65754324746024,95.83575337605606,98.75336785537338,97.2038864951988,78.90136940951098,59.7964435427336,42.51623296918285,28.602212798615007,17.837773226037918,12.715285897392755,11.089613755870715,12.776189111353869,14.620794458730163,16.759332732437926,15.20820075790816,-0.9527692922168512,-0.3036950375106588
2021-09-14 21:00:00,2.0,58.0,39.5,33.0,4.0,1.0,43.64681638245789,9.00861194367066,3.9563437337349496,5.589231991182328,48.39935591885695,49.785238990499245,55.43935836699555,61.80315779426094,66.00780714655106,63.102963468850746,48.47921646557202,30.136397394849983,17.646144092488715,11.258349195251435,8.356572843014442,7.287682315217708,7.117846409096765,8.422833512170884,10.220062274617105,12.688071208763365,15.398447645126812,18.500145312974507,20.39515899526295,21.82050775499072,18.45252752387174,-0.9578523554276668,-0.2872609705505963
2021-09-15 21:00:00,-1.0,63.0,94.5,10.0,9.0,20.0,83.7311746969401,35.44624273089505,5.368237667552652,5.255040837937918,92.16460832992344,91.56307707181053,94.2558253216631,97.1354578110053,100.0,100.0,100.0,100.0,95.96979848482596,74.63667554339996,62.38380107464465,55.48768911869604,53.17663130449312,57.93347298160708,65.91305537421445,80.53684348555305,91.26590360077276,94.60215824720083,94.33482382621732,89.70099999170453,86.52737344313564,-0.9626519747161488,-0.2707418984477642
2021-09-16 21:00:00,3.0,67.0,16.0,33.0,4.0,25.0,48.60991673898219,14.185868691935346,5.166919438382903,6.811986585958028,60.84599041348265,62.4158172140931,67.09437488222444,72.80609150074451,79.04161279198544,85.92310484530195,94.5697432235582,70.87663649935834,37.32938132203987,11.8810283970738,3.455242548964532,1.7211056157293585,1.3312769838439733,1.2577947033894177,1.3418896071661277,1.5728693875636528,2.123303312290182,2.8468859316487567,3.97843322476602,5.660328461882666,7.883158423217925,-0.9671667297977312,-0.2541427094613622
2021-09-17 21:00:00,-2.0,70.0,6.0,23.0,9.0,18.0,50.916423485910975,16.589050340832706,4.102999794208387,6.619672525344889,62.3565474806547,62.39818384745613,65.39666297825465,69.84346063963704,73.18714989093851,71.51092351849859,61.54833162129199,41.80462992130835,21.92640900022319,7.031294139615019,2.170428153202278,0.8810873098657024,1.2636681364484297,4.139144511989437,9.179755513216598,17.417884788600347,23.67495377308281,29.39624573488402,29.95594689575857,28.164531696735768,25.804567046947867,-0.97139528468375,-0.2374683155584684
2021-09-18 21:00:00,0.0,66.0,50.5,23.0,9.0,33.0,50.321942209439584,10.391216990110598,4.875863113374733,6.767201004733117,64.48229699676564,65.23771015558555,71.03004744570143,78.6923087162737,74.49900931198795,44.17074566499761,19.52040464376604,8.90657155020186,4.98143512881882,3.148146419121165,2.753006596347839,2.6484945552051324,2.701564214749786,2.436953917422336,2.1372498851988446,1.7953933465592469,1.9947755651055907,2.806986478302289,4.681563164717697,7.616600214455777,10.80771946577346,-0.9753363880767836,-0.2207236509605022
2021-09-19 21:00:00,-1.0,60.0,9.0,32.0,8.0,34.0,43.96594190631954,12.017753209880944,4.339919619721557,4.658607453493416,55.25746085853429,56.5093963471722,61.337608658209376,68.19317557149303,66.35963992834216,47.345515249213776,30.63282369204549,21.195947504019795,16.310407915075352,14.64783444340108,17.746302945169802,23.508776003017097,29.84425020076139,33.26758279802362,35.25771129876291,35.49486796696626,34.954374069761066,33.82327081095763,32.94000315849067,31.636160012467773,30.85775054547027,-0.978988873740932,-0.2039136706831147
2021-09-20 21:00:00,-1.0,68.0,12.5,19.0,7.0,18.0,41.91408531636191,19.72801342185092,4.161680764938692,6.298147288886311,52.4283473885814,51.77988679242904,55.4639456399286,57.77804257174193,43.36431992676614,20.70168940208577,13.685863853977768,17.071851165178945,26.01192925237648,38.9433660571317,55.651441769841306,63.05343179033407,66.745963834646,62.43232699266967,58.51704413908456,53.84499115788672,54.43113717809439,56.44519669710856,62.61944349705871,69.93833425243925,61.98629397611688,-0.9823516608469236,-0.1870433490699165
2021-09-21 21:00:00,1.0,68.0,31.5,19.0,11.0,18.0,48.76137121429922,15.635740630180065,3.816335148227578,6.518330062687155,57.33400771498373,58.09833447563864,63.39180611843685,67.44364478374537,58.71116239774853,34.63963046838099,19.68095686041779,15.753094172795384,15.498779546402734,16.53267528228353,18.2821005153247,19.7344059744294,21.009966277998608,21.873300805978307,22.23159253509231,22.12043398098497,21.616013490518533,20.349384041388507,19.02020945952277,16.91238192476794,14.481842512300611,-0.9854237542919524,-0.1701176783204905
2021-09-22 21:00:00,-4.0,71.0,61.0,25.0,10.0,19.0,61.27034483869424,26.613810880653844,5.837037943467523,5.31208810655463,58.76842971135762,59.43145610304643,65.06571003606513,72.00650464924246,79.05916249299102,84.50946071322704,88.82734770206396,90.9025510092586,82.88002676573632,65.37305821057214,46.2269935743248,30.931257588176152,17.87154326255687,14.405243942266448,15.112397130098692,23.08756795255612,30.2639458268944,37.02503912405052,37.32884871945383,33.68155256872117,30.95923801621962,-0.9882042449941422,-0.15314166701312
2021-09-23 21:00:00,-1.0,73.0,50.5,26.0,7.0,17.0,59.36035569550202,24.56203185774644,5.732028171723226,5.464454694514213,65.24608274420078,66.20561760311806,72.02040082325662,78.153989457699,82.11594181210933,85.92665892087159,88.94889105771502,87.00887486539787,74.54615913519163,54.32498132674189,27.77713306974068,14.334284982138977,7.324633958198598,7.357541881399134,6.574847362089416,4.462931146945114,3.392785679194977,2.9822693381501284,4.5488947969664695,7.407610842448442,7.467068210184484,-0.9906923101615608,-0.136120338622667
2021-09-24 21:00:00,-2.0,69.0,78.0,27.0,14.0,15.0,70.47782542093019,29.093199920836955,5.675856692527297,6.351452461422452,70.09710031782208,71.37160316129867,78.16799506384623,86.22267765115382,92.8706715311939,98.4834282726195,99.6788932399534,96.7342181363059,88.81086273453924,77.2960711423935,67.96281988757866,54.61403719787315,38.48690987781658,29.20305713696748,22.61476589934322,21.48315915422092,20.64704557650586,19.60582745540679,17.76088960361168,14.743499090368022,19.99992676437776,-0.9928872135356962,-0.1190587300340498
2021-09-25 21:00:00,1.0,65.0,46.5,17.0,5.0,15.0,65.11877527904618,20.08313190379464,4.854665671607985,6.284059853675125,72.13194072405571,73.32702077681994,78.8690347061091,83.69304019148308,86.34179246471459,83.16074059691276,73.56221235598798,58.37166250128667,42.31336179542636,28.45706332067041,24.76824373945741,23.82891781253889,25.14833583110485,24.79503431557664,23.693642267731125,20.90647450144957,18.90858283557883,17.329114516003045,16.581218568288865,16.012457972479307,15.682427665791842,-0.994788305609327,-0.1019618900517457
2021-09-26 21:00:00,-1.0,60.0,91.5,16.0,8.0,29.0,83.53809250668525,29.162518967745225,5.856941120972215,4.593837387156662,91.89925001118932,91.73288924382612,89.46166319927126,84.48233302165212,83.31742048432662,79.62343596664233,79.23216562515417,86.17757084981832,92.8248957092664,94.50894126732676,94.37838208946437,94.00418803650378,93.9007964718027,95.61804061700596,98.27671620125729,98.15871021192775,98.8775889446772,98.65092711724758,99.0326213846038,97.94712019952094,91.42254413935756,-0.9963950238187232,-0.0848348779057653
2021-09-27 21:00:00,1.0,59.0,56.0,14.0,8.0,21.0,64.3868891219303,20.141187297536973,8.078351254353839,5.01193607077993,64.81470681980352,64.6771469763659,60.24436963018406,62.83551402811482,68.68985231293637,76.30777780573578,84.20878422897383,90.88401279370456,95.313015217096,98.15848083412082,99.83866175680896,100.0,98.77403862979487,86.93509700573277,68.70040248491954,50.975279358220696,35.49354770025601,25.03447953194383,17.754981079014083,13.679385127980522,12.9002641904846,-0.9977068927101168,-0.0676827617545516
2021-09-28 21:00:00,-2.0,54.0,72.0,30.0,6.0,32.0,52.47998684205015,12.670139457593312,5.997600598250176,4.709403670977713,61.597622958535695,62.00256496329138,66.27374493584324,72.86946240959557,76.16711049382417,77.95676221421795,80.32619440233644,84.02353038148932,88.19836002764455,90.52540948414386,71.99455948012516,51.86045511567736,33.23481028140521,25.001061168792194,18.658059992688163,16.05417922942057,14.514418848209196,14.04242267650302,17.043353151950132,23.14034567798851,37.6049724801292,-0.9987235240803972,-0.0505106171852228
2021-09-29 21:00:00,0.0,53.0,77.0,21.0,6.0,1.0,63.6344133607094,15.584290064251432,7.177903979044462,5.935365886975799,63.53995672004938,63.50941170752671,67.6848356742186,74.60710057692074,82.43014019917521,87.26921054875632,87.3680875341039,84.26502041196086,81.48664049083757,85.90806178271293,84.23501408937342,80.85068235059602,75.88513414598208,72.00228270806811,68.41373655087773,66.94200280296333,68.86670544114392,74.09991572336943,75.70741579530088,74.1860973142274,77.24883418831716,-0.9994446170919858,-0.0333235257116313
2021-09-30 21:00:00,-1.0,48.0,92.5,17.0,10.0,35.0,79.61328490066256,17.730792818238946,5.557354156873783,5.8998326864596295,82.99368746266548,84.22922271113923,92.3263229448274,97.56172600773148,99.54997205844816,99.03296603846933,99.78866756233656,99.19098940673037,97.18852551465368,95.51796175232867,95.54464199687312,96.28507004592552,97.0628610406322,97.7132082589389,97.96736602287656,97.48394007385096,87.70463106541155,69.07016970153303,52.561846284445146,34.41157124132055,29.27025577566541,-0.9998699583618592,-0.0161265732706577
2021-10-01 21:00:00,-2.0,45.0,91.5,18.0,6.0,31.0,73.3837237614641,16.31145716250676,4.609179397228004,6.439099845568918,85.9074305863657,87.91753091576831,94.4516143933224,98.06269958766136,99.14701708997036,99.53180903843509,99.84791533258456,100.0,100.0,99.89345603479468,99.22276431315969,97.24453246042106,95.07143903385258,97.58976009166815,97.97372810885416,95.31628246261543,87.14766154017359,73.53783245526266,60.66369788584289,43.6054735935929,41.58320625335498,-0.9999994220246924,0.0010751512827982
2021-10-02 21:00:00,-2.0,51.0,72.5,16.0,5.0,33.0,65.89567123190949,13.45504684851688,5.0812246986574445,6.183200835298923,80.16069018742452,81.58001706756792,87.11835198087734,87.77431848232273,90.08956019388542,92.82176553115332,92.30749572010308,83.4818984192181,72.56286841586143,61.38263821106222,51.992950254694826,43.48989166145955,35.43255188576229,30.68507598641684,26.71487965245242,25.5123938788144,26.74574886250621,30.60452660392377,33.75802213447697,36.651236017427806,35.15877655502062,-0.999832969770105,0.0182765576816912
2021-10-03 21:00:00,-1.0,50.0,65.0,30.0,6.0,36.0,60.81309463361997,13.383719650973545,4.895033987781175,6.310424694356303,73.10492634944256,74.5787764098698,81.80340199507438,87.14056223150483,92.10630284578092,98.50018753933183,99.75391428194202,90.20473007315178,79.2430345488582,73.45187862821452,69.55639744126391,63.155862214989696,55.704948675504085,47.31149537785734,39.46991498136283,32.79140643921302,27.843841230088,23.24698049725111,20.169235946891973,16.707084283115325,14.924468093250796,-0.9993706508539968,0.0354725557531255
2021-10-04 21:00:00,1.0,56.0,4.5,13.0,5.0,33.0,50.75435564809223,10.107541344959651,3.7030041636861455,6.200817100627798,64.18390621839788,65.6661746865994,71.51464643405389,72.86931673423959,63.05586285411747,40.67978618400373,22.732043915773072,17.543019415448306,18.321546781487744,21.19044528251759,23.899201007752307,25.605692725067453,26.88016909948083,26.43964010211224,24.398096203015125,20.39739636352141,16.35117624783246,11.338547683525585,9.669515029521392,8.805965070657653,8.044867558937744,-0.9986126020839734,0.052658056924614
2021-10-05 21:00:00,9.1,61.0,4.0,7.0,4.0,32.0,45.8769799407876,10.326494976503527,4.053646632532884,6.31698318169759,67.84313205620252,69.76300199470441,76.73164429384312,74.89041069762065,46.738829287355976,22.151853435844764,12.950593491501344,12.578506883024788,14.75236138325191,17.297222547019643,19.03238644030098,19.173971689369893,18.46767534778719,16.706234193579885,14.914977794292357,12.94606699598401,11.820621338216398,10.75914912442285,11.228197514592388,11.986214283983673,18.62655405760319,-0.9975590477788612,0.0698279757298708
2021-10-06 21:00:00,3.0,62.0,29.5,9.0,6.0,31.0,51.65766119629362,13.296120647455668,4.130092149636553,6.662389524594939,70.30171124402679,70.8250276401596,66.87413791875419,50.96304798306054,40.29894352016417,31.34603318985888,25.23695081784121,22.32521061731248,21.24017531819794,21.10897902902329,21.251986825234724,21.343280638180243,21.89523615776117,23.467660228247272,26.34351128204168,30.539794315559355,34.0874596765847,38.09363685665323,39.60948652808145,40.49251506255677,40.48965987142109,-0.9962102997023295,0.0869772313136861
2021-10-07 21:00:00,2.0,65.0,3.5,12.0,7.0,28.0,52.10193060180119,13.95317804417146,4.568503163191789,6.801596511882828,67.96244824695387,68.409870394376,71.82905177717062,65.03614803667497,53.65393191510088,44.65941453473004,36.53906296627056,28.269849666979724,20.56475688393409,14.611273274722516,12.864126469610865,15.388279320026,20.553802583505085,28.33374067580284,34.72936281020662,39.1843260813151,38.680013061037336,33.92545745682096,29.027400620902903,22.497993449199107,21.447801758209227,-0.9945667569706336,0.1041007489354256
2021-10-08 21:00:00,7.0,55.0,3.5,17.0,6.0,8.0,44.92675003361713,7.793339494918978,3.399272919337592,5.398753070905426,56.06709383179143,58.35284422084322,64.57675749643572,65.0321144881354,45.205424688695125,17.812634982308246,13.91601783419368,9.225008597230854,5.968900278751414,3.7986382969292034,2.480203600356333,5.116427868272854,9.733671400262482,18.031255222515025,25.94944584261182,33.94077166628175,36.19215949848128,36.50368010164279,31.15724310166425,23.083295492644133,17.094547487317556,-0.9926289059345096,0.121193461470736
2021-10-09 21:00:00,-4.0,55.0,35.5,9.0,6.0,15.0,46.75238080743856,12.141948917345225,3.4430801227547363,5.842395402029921,44.94075238674692,43.06210730108442,47.03331676850812,47.254478075371566,48.9764753105832,64.67997574676444,60.21410812334658,38.63482828718416,27.88733757854142,25.183061299279064,29.25637922888031,33.26837665002736,36.46211051417448,35.96586658380566,33.79996688976588,29.854843101340933,27.60027824323829,25.173684220493648,25.23021014536464,25.63210824643339,26.024732418395995,-0.9903973200352558,0.1382503109109819
2021-10-10 21:00:00,-2.0,56.0,83.0,11.0,6.0,17.0,61.61093846002645,16.502058410416556,3.29430323223866,7.753468717546766,84.65032154816764,87.0622631867553,91.96126480659696,93.5833406031883,84.8001160872228,66.03480088314654,52.916140921170026,43.8229499288704,34.90425012644654,26.42267891489064,20.928845737188663,18.559862644779223,17.33090407074136,17.38391712993755,18.40403293030691,20.793396233215464,24.361929151324745,29.40954371029516,39.32723339776093,54.05034486724109,65.71692798531792,-0.9878726596350428,0.1552662498599956
2021-10-11 21:00:00,0.0,66.0,43.5,12.0,3.0,23.0,60.623940458725166,27.69569958178744,5.52000277972332,5.178652913596962,81.87879302936753,83.18794747567297,88.11707829263587,92.8530470241831,98.21840341606568,98.76032108581104,97.69179708288895,94.62069230622828,89.83244526520976,84.65789945501572,79.84327271314426,74.31654050055079,68.36662218994832,61.06942065784372,53.7874198266241,46.54831653528094,39.28315895761359,31.18530079092984,23.222466759460268,14.1123123701344,9.753665862501553,-0.9850556718215012,0.172236243027682
2021-10-12 21:00:00,-1.0,66.0,85.0,6.0,4.0,24.0,67.66016472401645,34.70845521110649,5.603591214241079,6.192983169544564,78.623202631691,78.96832002825597,81.61180925895113,82.61233555101184,90.18675757820544,95.85109308630338,94.120872280148,88.20625433489744,82.55341135130165,77.85598125278858,76.06866081682738,76.72049800036052,79.3191889013242,80.39089041791765,80.50047975423206,78.9355838110721,79.5427777425405,82.4217109666448,86.02988972876004,90.29289473391418,90.30400033542088,-0.981947190186646,0.1891552687200409
2021-10-13 21:00:00,-5.0,69.0,61.0,11.0,3.0,12.0,65.59556279510115,29.86977474927276,6.334407371289966,6.8088578448318255,78.19963549358081,78.71459354743818,84.3614812874354,89.50711639072638,91.2754366545504,76.69238216396394,56.94768704407663,48.80954586432733,49.801525946538,53.95221320534468,58.68082726821159,64.07935671300035,70.56353622827515,76.57134814895875,81.81203255899696,85.27855208169547,85.63969903728037,82.91988082531545,78.57675076551388,72.28922513770257,69.54861171924264,-0.9785481345802032,0.2060183203251708
2021-10-14 21:00:00,-1.0,62.0,75.0,17.0,5.0,2.0,64.75536744234604,19.4307895156459,4.238733219832429,5.942281855343799,80.37327794595889,81.24691465485144,88.91449089008265,95.7432178532773,99.00248641720913,97.54255483754773,82.7494334119621,69.6778459850721,64.29846137241691,59.78813641860044,50.56289246787674,40.191572164345416,29.149929675372004,19.969462704308143,12.41980855914447,8.507368108459238,6.080028255286247,5.087708540911596,5.955699277349483,8.360717313868827,10.757990628517671,-0.9748595108374124,0.2228204077947995
2021-10-15 21:00:00,1.0,59.0,86.0,13.0,6.0,16.0,72.03484221010554,28.50307239252677,4.998981573702404,5.214478239338656,80.13637781888303,80.24194446452212,85.84833952385027,92.65685569676748,97.35573500158844,99.23188472080204,99.43962808957806,97.84393722751273,98.01366697428767,98.34436567787074,99.14305625129788,99.15036719180615,97.74885375462928,94.06657140429851,88.20745151489004,76.84299532941748,63.424759349316965,46.81145570793336,32.57472507247076,17.725261092249127,15.126303121522929,-0.9708824104813836,0.239556559120927
2021-10-16 21:00:00,-1.0,56.0,92.0,13.0,12.0,13.0,86.40773116888852,35.35820010000325,3.693997746666645,5.662337411510747,98.6977336265695,98.47044853736708,99.86229967141932,99.4880280361488,98.37039592007312,98.13896672896554,99.24674455831492,99.2075304268385,99.85320021770144,98.42585010134113,97.438557477006,95.5417350781262,94.62452137059442,94.45373661631136,94.440875801753,94.68509933027605,92.5560725905816,87.21706463173412,85.34693152733432,87.53937730086041,88.657360454376,-0.9666180104000972,0.2562218218071163
2021-10-17 21:00:00,-1.0,53.0,76.5,15.0,7.0,32.0,74.18056166948126,17.905813707526164,6.262437984651118,4.8239938364755055,81.74733062599067,81.9852860567612,83.48146904321936,89.36220831588982,92.53925129506388,86.88745599327599,79.32325627337038,78.1423841390276,83.87461110623707,91.3784442189882,96.85982284861952,99.3364464400251,97.18856039926725,86.44047679995053,67.95833342109894,45.38414297488122,24.88495424846228,12.91775438763077,6.0463332267679935,6.31875007669036,6.622975579836507,-0.9620675724981452,0.2728112643340191
2021-10-18 21:00:00,1.0,47.0,86.5,21.0,10.0,29.0,70.76320315881948,15.319715524233228,6.016128579882723,6.756860459330699,82.79909642387382,82.65625252126993,85.99643171822325,92.726445928753,97.67667621371,99.5276788726787,99.931432033392,99.63523260354482,99.53729762497063,99.81178621707755,93.86046345637722,84.24503286211838,78.65999262156417,78.6054667813458,79.96396071530629,77.30240267896579,72.96015922738344,66.93165618398858,62.28154327092892,60.27564710201264,60.464390972230575,-0.957232443323312,0.2893199776186952
2021-10-19 21:00:00,0.0,43.0,90.0,20.0,10.0,29.0,76.13910351772776,14.983189549050635,5.877704315510177,7.245694735511433,84.93727541225303,84.56702178152466,89.32141104596259,97.97657278925566,99.60508061592512,99.26241538974888,99.46127357680376,99.2946637516461,99.52738835892188,98.95959938132924,96.49197865821772,93.93932349768492,94.91529931173982,96.713040007056,97.58708327564972,96.578316220179,92.20943681382803,80.52189106946301,69.6584378239828,59.52843638544657,53.42055138914789,-0.9521140536681102,0.3057430764672831
2021-10-20 21:00:00,-1.0,48.0,57.0,16.0,6.0,30.0,68.1533852162,14.369302429976214,4.8325120820742535,5.288487430046223,81.69293520362808,81.76285141528753,83.73148155719757,82.69883959669791,85.66152540184602,90.7056518842598,92.39097510285283,89.21942413405947,81.32805683111371,71.74039864589285,60.62242094709445,53.557287992380594,50.3002462373225,54.96696342464804,60.00980093250436,64.33662599106384,66.06575531307344,64.46953110259477,58.99401533394594,48.73116631688653,45.40294827759668,-0.9467139181463862,0.3220757010206104
2021-10-21 21:00:00,-1.0,52.0,85.0,11.0,5.0,10.0,68.61496211698909,21.26492382071922,5.552281687066015,5.2357039394597695,81.20536843744146,81.46629892891417,85.59976857869263,91.59012247536302,97.53790122584118,100.0,99.99086009431647,99.5872793490097,99.3940597626666,99.81067103020558,98.15956099312947,84.93127284282906,57.5505380865832,43.77864210838922,39.53966946169359,66.7533065206452,85.14439262990675,93.54597233298362,96.200961676108,94.10706714300994,92.9094882791466,-0.9410336347451196,0.3383130181923076
2021-10-22 21:00:00,-2.0,56.0,79.5,15.0,7.0,27.0,77.30972304092126,22.50864539300278,6.0897027188104165,5.917548688192776,84.42838051059024,86.43098771306728,86.71919247019811,93.43157099763104,97.68373658231232,95.14025402374676,90.7081193555921,89.19486755094627,90.26340575578958,91.02007487740184,88.83030099985822,83.27098791767393,73.04173205697052,64.76076308589614,53.81929314028814,33.46924249385044,17.28321210036609,9.968341022422951,9.754781045548228,17.506535971611275,21.1914395180603,-0.9350748843515574,0.3544502230989869
2021-10-23 21:00:00,2.1000000000000014,46.0,88.5,17.0,6.0,33.0,60.26919272727146,10.694393574275948,4.249145889252891,6.129623123246333,76.20506955697265,76.93758466449165,83.37720959319292,89.27291795546316,90.25113021062847,86.82770795645808,74.76552265932365,53.94719060310995,31.253099658318707,18.64416921659465,15.142873431766574,14.103678213065802,15.361478767306217,22.731382040011177,31.18159865824549,39.52017903684546,52.73758389860834,71.79228557839085,83.36496398977388,89.09319741978433,82.11487330868893,-0.9288394302558068,0.3704825404820963
2021-10-24 21:00:00,1.8999999999999984,44.0,74.0,24.0,12.0,30.0,53.08942780454832,11.837447942355553,4.897886003962144,6.885324162828845,68.88936353065432,68.93251496766835,71.88360233330675,76.2240878513424,81.88577615836336,89.12083231887821,93.57985809658383,90.2623681267588,80.46376662814583,67.29346075468554,59.87753538348356,56.08254744729501,56.45011893220207,63.975503720127534,71.48952642036325,77.04203883566811,78.57877798358567,76.14425057086038,72.70592945821885,66.99973651287256,69.50802938885249,-0.9223291176290545,0.3864052261209853
2021-10-25 21:00:00,-3.0,46.0,72.0,13.0,4.0,33.0,60.26919272727146,11.857966752024094,5.230549974864008,3.122721865686163,77.72846234383431,79.80813786434226,88.6725185688655,96.01516767445185,96.82777473698562,83.91665249010329,79.10286604551516,74.74063200049375,70.34960924627349,65.81219608852932,61.89961728833223,51.197367265649305,36.60844895088015,25.742767435225822,16.379833376387072,9.35704780052083,10.136168166174311,14.748293702745274,35.843673317621004,66.21715750870472,80.48963653532023,-0.9155458729775467,0.4022135682368036
2021-10-26 21:00:00,3.0,49.0,41.0,12.0,9.0,5.0,58.319139258529695,15.65047835096991,3.25216910946756,5.867620367142207,75.90479435342449,76.18606677926549,82.0412705662254,75.96499966501922,55.33479322534356,41.21522519013238,37.10009960545713,40.52955961708152,48.71202972615493,59.744365012820886,70.85329456226832,72.63275650127936,68.28585284931262,61.39632845449879,56.0330880470718,54.5611873575816,54.393786470910335,54.80327797971382,56.27069575182572,57.6797025114513,57.920149463300966,-0.9084917035725082,0.4179028888867866
2021-10-27 21:00:00,-1.0,46.0,33.5,18.0,11.0,4.0,57.89463171491949,8.709111671288028,2.3672435021366445,6.281040258704566,79.52490195013277,81.34361046018718,90.2924589739232,98.67282058713126,99.79311847382202,92.07951817859131,68.257563920209,46.69730664958252,31.035452555800426,19.665227743789146,13.10529570152994,9.340452588835864,7.047521723133535,6.784238548332039,6.708333218735592,6.956240353109101,6.796194739722434,6.339142230023566,5.708548609447919,4.868492617710726,3.9113021567099295,-0.9011686968561567,0.4334685453485363
2021-10-28 21:00:00,-1.0,47.0,27.5,7.0,7.0,2.0,55.75013809412802,8.932475006468234,3.731302931789327,6.063309040276026,62.17759551230236,62.34686474721993,66.82499958906838,73.72893049385945,69.6123908490663,46.73821658736293,23.65129516994023,12.449898991054564,9.70272826795999,11.780443495518144,16.27092639675588,21.320480460694416,27.059700994202668,31.207514472950542,34.24765881138539,34.87128325320978,33.311873374503584,29.64633737717406,26.16204744277673,21.289126355524104,19.437726692993994,-0.8935790198239952,0.4489059314938798
2021-10-29 21:00:00,3.899999999999999,48.0,3.5,6.0,5.0,6.0,45.634377192086376,7.842755704093799,3.270889387881456,5.903385794091744,50.51987267712455,50.996285829821545,53.41462035481733,50.32373614760218,39.44099202607688,26.04901081212736,19.621758083105465,18.998236494903168,20.76475654894792,23.08425150068484,23.94286518220075,24.38101594028322,24.492729373832105,23.94470563104364,23.18402432834274,22.039763468465264,20.18409631437975,17.762107042330857,14.769905078327806,10.78985943819891,8.781374557567736,-0.8857249183835637,0.4642104791518923
2021-10-30 21:00:00,1.0,46.0,63.0,6.0,5.0,13.0,65.27873590995324,14.958817642357577,2.6549649965379327,5.082758386943284,76.95199240587081,77.22835193156821,82.52136153885459,72.76893140892746,52.85406194305804,39.697638976163205,35.0690875653957,38.17805446794775,44.926491417015946,51.4130233046106,52.86255893135788,60.08447913629836,72.47982568541936,82.98967116108828,81.91591029043232,58.13549548833215,38.00626975319682,19.424503918598194,14.433300681366005,15.903206367951167,26.311631421719955,-0.8776087166898392,0.4793776594606945
2021-10-31 21:00:00,-1.0,55.0,91.0,15.0,12.0,14.0,80.16644518737577,22.453102367174,4.860447426122492,6.679558086938309,90.85485267612488,91.05572915510218,91.69523628788345,95.0284290535045,98.48231497912695,99.63332988095485,99.39574109722469,96.63898337220856,77.8162508046469,68.74121985050665,62.24208935658346,54.363070669554425,41.10273583690801,28.835909402829767,16.524611723506474,17.93632716434962,20.85590010212511,28.2080030395378,38.80049700078937,54.35422536829462,67.12636447633045,-0.8692328164574792,0.4944029842076181
2021-11-01 21:00:00,4.0,43.0,63.5,34.0,14.0,26.0,57.464623081886245,7.074675356624584,6.5239260183838885,5.634047724907013,66.34069817333067,67.85565992517668,68.13216001106466,72.83202339496296,77.41444323510724,81.46739344076867,85.21695062235958,85.96194087969727,74.37458490072716,53.33162760808518,35.408426347563335,21.38461989982071,12.011404036852392,8.907029918307693,7.31766141608436,8.796676471631118,9.829311824273452,9.925036449319826,8.382709881768449,6.7216659955937175,2.402763894422562,-0.8605996962501181,0.5092820071573356
2021-11-02 21:00:00,1.0,43.0,31.0,16.0,7.0,23.0,55.15948337701468,8.380816615781589,8.171175963469151,3.806176183364105,61.63117254112381,60.25469012643623,61.81616504763157,67.91940751621006,74.96506646980961,81.03974042804224,83.76058966042932,85.65075403273326,88.17454334806283,91.41282050936934,81.82296499942659,71.07791147777989,58.56089737600541,48.17347582066379,38.65736842877277,33.16805032728993,28.99410856426326,26.27026327415817,17.713998242101265,6.655005149093694,5.570890948155614,-0.8517119107469189,0.5240103253675756
2021-11-03 21:00:00,-9.0,39.0,26.5,11.0,6.0,29.0,48.08603019284964,5.558017239964254,6.96471687196113,7.396904928668015,58.721133168365306,57.64842870518044,60.81586749859551,67.21138033136945,73.70946618181563,77.73282631874594,74.42881969205187,60.75997857399757,45.53828119932104,35.179731005912494,34.28345716784184,35.55580823829667,38.00003141976562,39.37830590295645,39.99060627401391,39.03332064841767,38.913794900685865,38.80544712220661,39.75548716169188,40.86040466758778,45.1277239677572,-0.8425720899866032,0.5385835804920232
2021-11-04 21:00:00,3.0,37.0,68.5,13.0,4.0,28.0,54.255118292262,6.794643937537222,6.601134398476393,4.840767032703109,69.14622919006364,71.32174925221206,74.69561278201667,77.13794840340351,81.33210443160931,88.30501412827203,94.29689310668996,98.28792426725651,94.64214342871344,84.59878077671706,66.16066688208828,57.45269831079917,51.31872649699108,48.29844862555872,46.528092032617465,45.83430380343484,46.49262478270859,47.859824992373525,50.98539526638158,55.075607538582574,54.15261673934072,-0.8331829385891785,0.5529974600700271
2021-11-05 21:00:00,0.8999999999999986,35.0,12.5,9.0,5.0,27.0,49.52340325255909,6.13775883625807,5.784268506284031,4.272669729970011,63.17178812433757,64.17393720563246,68.6573134461445,74.90733716656459,81.80573196955807,83.27696407911557,76.00439938361791,67.36415335590229,56.831478365020914,47.89665253124149,43.97731959010402,44.75069922597795,45.74912456649079,44.48178871673055,39.705163010111896,31.20879693515129,22.523881240100827,13.056083773340475,9.382053995796106,6.180697682668219,7.082788487868402,-0.8235472349556007,0.5672476988027229
2021-11-06 21:00:00,1.0,43.0,4.0,12.0,9.0,24.0,55.15948337701468,8.87186880157599,4.606308308174414,6.487316527750748,59.22643748536195,60.07255697444646,66.06287313998075,71.75293434185265,68.96730885196408,58.15732889274542,44.93111941722099,34.39713210554574,27.72926005024097,24.69642308324932,24.02985214900672,25.041964922967303,27.045302968050457,30.42102847383416,35.11507272864614,40.67539160059024,45.40162110444134,49.512588244113545,48.64985264411923,44.85903130040709,39.463493643635694,-0.8136678304455991,0.5813300798152042
2021-11-07 21:00:00,2.0,44.0,18.0,8.0,5.0,23.0,55.30805895279023,7.753249749290338,5.068054818449115,6.674123296454712,44.98190308353757,45.37070434243176,50.04766562186694,55.70689960874971,56.01728814020215,47.52621986261334,39.80637913120757,33.51305921552812,27.78071564956613,22.92386535268877,21.117926280994045,20.95872122158777,22.015884802607868,25.20756320465997,29.05942877799441,34.0167068196531,37.79827683394761,41.69692675986536,38.75726400131944,30.763764391170056,25.246043495281427,-0.8035476485339116,0.5952404359043674
2021-11-08 21:00:00,-1.0,48.0,30.0,6.0,3.0,30.0,62.99117316322023,12.11283841221764,4.665537590248961,6.779941228350033,75.12972619859818,76.26340207756476,81.53246023672219,86.85381756780288,87.91643570944348,74.7127075981759,52.64867070939264,33.62866966780529,21.21315793647981,15.505325272393785,17.830956538027355,22.68706340401976,29.224536474661,35.22025706448502,41.83638849913546,48.86007652784003,52.9863247154376,54.56878142427545,52.20029091061801,46.33115038365792,43.28816560678023,-0.7931896839451843,0.6089746507720486
2021-11-09 21:00:00,3.1000000000000014,46.0,24.0,11.0,8.0,31.0,57.89463171491949,5.205873127626405,4.715116789269479,6.184080939867915,64.96692904215395,65.37607274171035,69.98118216878144,65.44798408114634,51.12216879631704,34.35775329348,20.097596927742657,11.276567139504726,6.240140451469948,3.519510402076316,2.665271977214565,2.417482366983788,2.627961335075422,3.3036239827875886,4.120028064059453,5.119960605799935,6.4064271579919705,8.051697662449305,10.08809173098335,12.589533260308658,15.763927741736556,-0.7825970017677834,0.6225286602431057
2021-11-10 21:00:00,2.8999999999999986,42.0,43.0,10.0,5.0,32.0,55.01029639594,6.67589240308078,7.570164894725659,7.344651594436716,57.21385317149916,57.46033503203868,62.44149159789914,62.42783112108804,60.0700684801994,62.84879955890745,66.60178447069087,67.34008922892627,63.33726431229799,53.34707532064847,43.82257660138941,35.90648381601821,29.81901119280431,27.390341018500948,24.27888002174459,19.96914150242201,15.940555401792231,11.516878058446324,9.626336801609432,7.859939462006853,10.069121071200271,-0.7717727365467837,0.6358984534680745
2021-11-11 21:00:00,-0.1000000000000014,38.0,49.5,11.0,5.0,33.0,56.73554022692405,5.173866038545751,6.030256632520008,2.685708981029177,62.28032565102237,64.61794654733384,70.84766649662336,76.4947442483662,75.18319450577516,62.74510464366616,45.17706705320856,33.975655248767104,28.053196881292653,24.22578565036268,21.076235915249374,17.554364742909957,12.981975026705795,7.544139988711235,4.337524601189714,2.913969814447188,6.800028878302056,12.203852777302137,21.03159486089251,31.64533630750072,34.3833897469421,-0.7607200913564104,0.6490800741100398
2021-11-12 21:00:00,0.1000000000000014,38.0,88.5,18.0,14.0,13.0,69.75656199587253,19.135456030508205,2.4260495360133016,5.405518247979125,82.51720054488553,84.3056276130728,91.05155383576152,95.76134302670695,95.76325224840608,91.89675832877572,93.912316391705,96.2556712480541,97.82445992757395,99.5277298324092,99.43310951457389,99.5232012763528,98.49923928690184,96.62465889380192,95.89971602963917,96.15962476832352,95.33625875115854,94.15890536690266,94.16478711564444,93.25370511234232,92.2996026645004,-0.7494423368521953,0.6620696215153815
2021-11-13 21:00:00,-4.0,42.0,44.5,6.0,5.0,9.0,70.2097508066708,10.993934410914804,6.091863506269859,6.715209198262093,78.50070287711065,78.89917214359937,79.00775925443817,58.61897608680336,36.34512500867758,33.69928823383266,36.88897533374057,41.30523798577255,45.86470258814714,47.10668883369537,50.49874504867652,56.54811550387859,68.75151799637648,77.823917320541,84.84531815192075,80.9437306382862,76.99481354520886,73.01408253942986,71.25155923651764,71.53554288430726,70.51724745043764,-0.7379428103031386,0.6748632518680403
2021-11-14 21:00:00,-2.0,39.0,71.5,17.0,6.0,25.0,64.38968071494627,8.101442991933482,6.079737514892326,4.192242173926029,68.05627354326988,72.72453492508969,67.62672632529105,72.85048020040227,81.0348966388103,90.47563262466052,95.7135436012084,85.77493126378376,62.20519287629415,46.67357151686127,41.29915687020117,37.55289554548493,31.72978312720849,22.15001734042167,14.406862464648349,16.194917814268976,21.01982320680994,31.07143286273688,36.926972613664255,38.59723124422318,31.40536878781095,-0.7262249146041543,0.6874571793269664
2021-11-15 21:00:00,0.0,35.0,93.5,11.0,9.0,34.0,81.79219737449081,11.979208539456767,5.237312723625586,7.375049950480109,96.9128787663844,96.91656243460884,97.2698461797112,96.877864927453,96.65428378605236,96.83457479053396,97.73998463016424,99.40161575219044,99.7618965948074,99.66549624577354,98.81355456420862,97.78534762692888,94.90933833060797,95.88795095102874,98.851204709863,96.6757463414184,91.66821666814408,84.64639199368739,69.78169568590485,42.25548407601829,25.85900011841345,-0.7142921172691032,0.699847677146407
2022-03-01 21:00:00,8.0,17.0,72.5,22.0,9.0,15.0,56.02178820485194,4.478965293580323,4.612638117177808,5.3336829425569405,67.07343291180837,68.25922243925241,75.7712580362414,84.80768871915967,91.4841580926866,64.22904429812759,43.68473831455373,51.10916479742653,68.89816746884419,82.68939540535595,84.84620763836263,85.8108712857787,84.84093947056806,83.8013479303033,82.54169212506697,81.87720024961772,81.6303205942842,80.23597940678538,79.8661156155337,78.15632259353582,77.13282438595444,0.8584015232918917,0.512978386299228
2022-03-02 21:00:00,2.0,21.0,74.0,29.0,9.0,29.0,56.640724879780215,3.557294196980872,5.805775392548741,5.3722562025610205,64.40602854943258,65.93481315963957,68.7492790011418,73.54138648466545,77.35277933162129,86.04631052018277,93.67166831416158,89.82063897285461,67.60408352053484,39.28994418423068,24.14579326940189,16.656345996680898,17.263644642082976,25.185093353991373,35.28184062910727,47.04953646281107,57.730959077268885,66.43267679707482,71.7380478474696,73.63739529541056,71.04607240679402,0.8670985522812081,0.4981366284784055
2022-03-03 21:00:00,3.0,6.0,65.0,28.0,15.0,32.0,51.68382487651807,1.7788257274135604,6.28340483606388,4.564282183903383,68.236559629272,69.21941150698532,75.97007056354657,84.84578148918376,88.51257220074821,88.95814907496128,87.27556107769165,81.8111814791542,76.87284892503435,73.20418468444963,63.9819508074175,49.496701807863445,31.842953045430487,25.98658919562662,21.830389801000788,19.974995081805368,18.891998315990367,18.480079498655428,15.103327762548949,11.045827832810666,8.199984203195172,0.8755389928586302,0.4831474640149687
2022-03-04 21:00:00,0.9,15.0,72.5,33.0,12.0,26.0,50.7438645813015,2.99313312587173,5.112557775373958,5.387463233365912,67.83711544767615,70.10889993741272,77.06358058561884,85.05396648857506,92.67721611618953,98.9033853134597,99.42654657502196,92.76361475098854,75.68585474828465,55.76292657009176,43.59617812084701,38.68163597534368,37.18007450579154,40.13375381427946,43.53405405242356,47.933491863553776,49.1968778849799,47.91688376922393,46.03896623616704,42.54368961494184,46.44489336360779,0.8837203473619977,0.4680153284438345
2022-03-05 21:00:00,6.0,23.0,21.0,21.0,10.0,28.0,47.54594692414206,2.4906755142616057,3.076862141783268,6.684188705392813,59.93760158438967,61.643722354474704,67.8694415330245,72.75746670676989,59.85293726416965,37.68148069529636,22.77320638190156,16.34058880972331,14.120574339709384,13.598906485580626,13.249512798339616,13.124331065943572,12.996655578709984,12.66657294985196,11.99649911409359,10.920649779427546,10.162696926214371,9.45718978517451,8.993683639788571,9.042529730021515,10.290712388272604,0.8916401947968874,0.452744699607371
2022-03-06 21:00:00,2.8999999999999986,31.0,90.5,10.0,9.0,13.0,84.92600650193533,15.25647118047724,2.064409488891251,7.260988200997311,98.06010005177411,97.81752910211316,99.3954096895388,98.39662002053332,97.16282950594513,98.05285777328352,100.0,98.66731663517892,99.56905615210852,99.27070185911562,93.769661431754,80.91697182974512,62.780550010397086,52.54303894060244,45.120793073459176,43.33663327295999,41.245679809277846,39.42315547439359,37.37010348128337,35.034545481345,32.584068980998445,0.8992961915530253,0.4373400963303323
2022-03-07 21:00:00,0.8999999999999986,33.0,89.5,11.0,6.0,16.0,72.12276740852165,13.726598991183128,3.329589993942408,4.207315406552465,89.04364723060179,88.96417878894412,91.12073138839008,94.35989001906044,95.64668810186932,95.42384339681558,94.5658776470544,93.98006250329686,94.8491403023288,93.77153625458612,93.14293826007652,93.43136987185106,93.69346592958118,95.25211030192412,97.28924203005856,96.28762250113988,94.74834774850694,92.24694801548624,89.85808536343679,85.68417944703182,83.53753951019027,0.9066860720977984,0.4218060770826634
2022-03-09 21:00:00,3.1,29.0,69.5,25.0,9.0,19.0,57.84609998213012,5.163394607106792,4.931416714246335,4.956958193089573,71.50493642196444,72.1841535943365,76.94639427311363,82.61143148511945,88.55441782413929,95.15170960495134,99.082358666255,99.9874847472734,87.3394884583113,53.06807625714974,28.067205710919573,16.475222178176004,13.490714847506702,10.894576470143235,8.313184151878184,6.669169258016614,7.968372691618207,12.454577246043524,20.338349495038425,32.36664296204149,47.12532276478919,0.9206588168102428,0.3903682146763026
2022-03-10 21:00:00,1.9000000000000004,32.0,41.5,35.0,12.0,26.0,53.484349004594215,5.197193075432607,7.124306490526518,4.384733638432911,53.82522930471707,54.00411890580303,56.128359731176026,61.68233453959897,68.67669108860713,75.40888087512134,78.11301751177525,78.89486178055017,76.59179009366467,68.60868206939674,53.96929024231096,39.49945905249106,26.10027480647833,26.357124654195268,29.33348190674548,38.22613909318153,45.188742982171725,50.63373229607995,51.785498279218224,48.88193544373291,41.95769379357323,0.9272375462179536,0.374473674486883
2022-03-11 21:00:00,0.0,30.0,89.0,14.0,6.0,14.0,68.82141035800842,8.11519080215617,6.4780139824868765,5.008746483159115,89.24061490818025,90.87953190913407,93.45352296717311,94.14826006235631,94.90378881904064,94.77956117317822,95.033429205229,94.73165857342684,93.15163157079904,89.31288489805308,88.87209471834923,88.44430678749255,86.49916325389569,85.38209918807652,84.13103521342153,82.3291984468707,80.67324922563648,77.11258908992349,73.31353587029308,67.85681643643578,68.5363529323075,0.9335418911179212,0.3584683215124808
2022-03-12 21:00:00,-0.8999999999999986,33.0,90.0,10.0,10.0,33.0,81.64115732781437,15.261706474252763,4.394797594333362,2.798465081265121,99.52105596519267,99.51598240166888,98.96619827018704,99.31149496722638,99.64088470693396,98.98227308821237,98.11744383276626,95.54445022506876,93.00112201699608,91.9169840549298,92.72862639446456,93.67700829893676,94.42060431665826,96.12069928306404,96.52938819047846,96.31775721615315,95.41964084451696,94.64939871914385,93.88609644841794,94.15946589480514,93.51002315451876,0.9395699859530622,0.342356891994542
2022-03-13 21:00:00,-3.0,16.0,79.5,41.0,15.0,28.0,50.91029941400763,3.026118179202945,6.115956304556324,5.5247315952210405,62.03387333291125,63.85696712777852,66.0956574323705,72.7764698959643,81.39981440444329,92.03863278617952,99.64273322628064,99.58839929686609,98.31701967494024,91.61236905873136,63.99921063395737,44.11061088707781,38.790919827268375,42.82745278539312,48.98614716252326,54.5041324647716,58.4039371907505,58.42011054863181,55.482935630962245,48.10727120702919,39.8849985336119,0.945320046913132,0.3261441535642696
2022-03-14 21:00:00,-3.0,29.0,76.5,32.0,12.0,24.0,57.84609998213012,5.434420990040683,5.501775329164004,5.828351786333113,73.6055545844311,74.28364166280583,77.97120931944977,81.36095713723404,85.17913108406178,89.8572684204658,96.2731836170376,98.5649805097542,92.33899139799064,77.93757641414646,54.08889231792106,35.46575132459351,19.904601578249373,16.30467628901699,15.708079458342098,20.505387363897054,25.902992495668546,32.53269090732551,38.53005002274718,45.11690065421365,49.25375505268397,0.9507903724625832,0.3098349038318025
2022-03-15 21:00:00,6.1,25.0,30.0,29.0,8.0,32.0,47.88155277408151,3.6443524411098753,4.45250255963936,5.7729235986558765,64.31899459430261,66.89780355500254,74.64048541664597,82.04807860771459,88.20398837419351,86.13180092863614,72.58424065280784,49.03213500015704,28.09092764065946,14.041526779694738,13.12483604488327,18.26366888092908,25.393599002710392,32.8077916881598,38.30805909960616,40.96435150679322,42.20249187901805,42.498979336585,44.7016021360231,47.61665187515519,51.84681435008841,0.9559793438440766,0.2934339689665273
2022-03-16 21:00:00,0.8999999999999986,36.0,74.0,21.0,11.0,26.0,63.99936441271857,7.716625764545743,5.779538763748888,6.346343917124326,75.15380260137646,76.35574473900465,82.04375360743153,88.4001596310086,92.91603704074124,94.13749152609232,94.0967195320492,91.82001286825556,85.64154749684833,73.6735285957265,57.203238721432,41.37955433780347,26.270253841321985,19.93017306681827,15.075768002667395,14.033924782355443,13.324649825680742,12.701388057341251,12.25782842707237,11.194214849591544,11.674251412314195,0.9608854255574976,0.2769462022689364
2022-03-17 21:00:00,1.0,42.0,89.5,7.0,9.0,19.0,76.04554787969504,18.912807364066342,5.829786955129419,5.884568794859447,82.82374761979544,81.72004616076154,81.38790959364593,76.97500010713178,74.7875671442536,73.08979627256895,73.53489338380707,77.28646849396283,84.319689695563,90.73140232164336,95.37898119978556,98.10468935908794,100.0,99.30553764137458,96.58709938641786,92.67767032707508,89.69245353182572,88.66618983289138,87.63989613172419,84.82445336193793,83.61034443887294,0.9655071658143364,0.2603764827344581
2022-03-18 21:00:00,1.8999999999999984,39.0,68.5,18.0,10.0,33.0,64.38968071494627,7.188300284022102,5.453716666733662,5.729020131461302,79.233137164387,80.0131660943999,85.18122745659831,92.35084163797588,93.1131637664916,72.81283824780634,51.03492298372485,39.540506531573655,35.04579475322124,32.669798357096326,28.38199789921821,24.047203771023582,19.464556536088235,17.164100478435625,15.33561461389442,15.467916728558762,14.743456205732295,13.283023189460131,12.086117581038934,11.549753205592978,15.864231297256442,0.969843196967294,0.2437297136096838
2022-03-20 21:00:00,-1.0,35.0,87.0,7.0,5.0,27.0,78.52594355604192,15.75937349166408,3.0351073438723586,5.929033762844105,98.7132918197938,98.49192545940436,97.84279369322142,98.47885034067652,98.67385528985868,98.7455442390677,99.4230412710457,100.0,100.0,99.65969505239131,99.30036242768934,100.0,99.50132021349889,99.28675654551732,94.85937955716528,84.47187625709894,75.4039844882606,70.29484141590284,64.34450378276668,58.02147003132104,54.03144383044186,0.977653084481664,0.2102247521189836
2022-03-21 21:00:00,-1.0,31.0,84.0,33.0,16.0,30.0,58.14079858186936,6.3164277029314455,6.907019856865189,7.256709372343433,69.78020881530728,69.65663223975214,74.16324977600024,82.28625294502066,90.60173075698256,95.8121010240335,97.71948068141415,98.81028932455057,99.3690335509801,98.94633575855984,88.61373738433848,77.33685631355328,68.69724115448936,63.28969992786172,56.53621334946182,49.70107795214169,42.33581572100052,35.887215833177535,30.71069447300348,26.243255685202964,23.833735751120777,0.981124629771712,0.1933764744102058
2022-03-22 21:00:00,2.0,28.0,72.5,21.0,16.0,31.0,60.2635146074517,7.512441511076291,5.160118092765445,4.451549786819795,77.42538713785714,77.1043811907729,82.91110700784515,88.28258322381029,94.4534458454872,99.1008221700857,99.48334542355651,99.71869232355262,99.2206773813702,99.23966414211657,95.92479397791683,83.47994924696746,67.50772581756944,60.23519519579813,55.242454175468445,54.00395596554248,54.08780638230386,55.43655478719038,57.51444798991973,60.22370818688286,61.90451913265902,0.984305844499033,0.1764709734915216
2022-03-23 21:00:00,0.8999999999999986,34.0,29.0,25.0,10.0,35.0,51.53582233327576,4.229383318293512,5.305150713935813,3.8240601542053225,60.30879247182362,61.78778879425816,68.01369191515823,76.06802253562996,77.28770783383492,54.31475600906549,33.30667075956369,23.127307842975465,21.100159267540214,23.27113950024193,26.95490829245096,26.514887428228505,24.31390563601424,19.23201231944729,14.345485941995836,9.652763093968698,6.529517041276104,3.659876199333364,1.199404665107624,0.4529864198001898,0.3378423898301403,0.9871957872910084,0.1595132519726365
2022-03-24 21:00:00,-3.0,32.0,89.5,18.0,12.0,14.0,72.01396618291184,14.780289533832866,2.2383502487790143,6.41314355680514,92.13093356329742,94.20180617824887,98.2551761276471,99.077781661703,96.89328424210396,94.29033855060206,92.437190345725,93.6096228572974,97.72219827639206,100.0,100.0,98.94996827754412,96.90819451746118,95.1932930132202,95.20479346493876,96.40932317125262,97.68674246514104,97.80944179733848,96.65486587624078,92.84482028986724,81.50672423008984,0.9897936029670716,0.1425083279161708
2022-03-25 21:00:00,-0.8999999999999986,33.0,89.5,11.0,8.0,6.0,81.64115732781437,12.547856909953936,3.912028656476157,4.805436611901716,94.58318485793596,94.8984243087805,97.30361934937494,99.38947654303594,99.85368242343924,99.54976278144764,99.43779419114529,99.59502880963774,99.8355374598074,97.9552525889631,95.69358067616746,95.20350873138224,95.94787051275723,97.29914531110715,96.69586807932062,96.61696158395596,92.9467905964298,79.48321576918215,61.4459554931146,41.639041353401154,20.819342656687045,0.992098522791769,0.1254612333527364
2022-03-26 21:00:00,-3.0,36.0,84.0,12.0,5.0,19.0,69.52641425000522,11.522642317269156,5.553028691914288,4.333779163197437,95.7131103087304,95.20395595370064,96.10132948969516,97.77159910503742,98.26965164650905,97.6373857676908,98.76993169726914,99.84102117135352,99.85885729200336,99.3875589300406,99.79832337417164,98.81475257764949,89.7642454491351,82.94057196307428,77.01027583505844,73.39232718478108,67.82285636832636,53.66929464427259,43.613752502004346,40.33785715482667,42.361086265316814,0.9941098647022418,0.108377012791876
2022-03-27 21:00:00,-2.8999999999999986,36.0,82.5,17.0,8.0,30.0,72.44566960809,9.891951165555168,6.559234105045549,6.693805138505973,82.67629751090593,82.54192918111342,84.83996847014039,93.9338634356231,90.93244313068092,87.61476252571586,88.36363236413996,87.43042408071364,86.83354361721071,84.8363194512989,82.14589704163214,82.11802136249725,84.67048384349863,86.40278367848644,86.69930905253888,84.6260515030088,80.39759481329538,79.31597146829468,78.2331396864784,79.84831384848711,78.11881153231714,0.9958270335100596,0.0912607217293118
2022-03-28 21:00:00,2.1,24.0,87.5,23.0,12.0,32.0,62.38017680353053,6.103962346799312,4.775376306514119,6.425864140106389,78.19564978400484,77.8430974580432,83.32671144372097,93.64131679935534,92.92100263109596,87.07027417753963,81.63188715902756,80.4682395190127,82.52118536814635,84.04669620120615,85.2863945666819,85.18600392439136,86.0856361559504,87.31050493634109,89.32144455139043,87.57080369305072,85.72021325069159,83.95733072448603,83.89777752976237,87.73734934391766,77.41805137458397,0.9972495210773452,0.0741174251509443
2022-03-29 21:00:00,-0.0999999999999996,21.0,77.5,28.0,16.0,31.0,56.640724879780215,5.027621274686422,4.263872697636994,6.0282801123777965,75.87281805559802,76.75250057995075,82.40625365658605,91.88066920092535,98.88673719995889,100.0,98.54796266076752,87.4410481530721,74.70291605773771,70.49402186224872,70.30985232269376,67.98019482150978,62.48730495017371,57.44409848992797,52.2754980127789,50.008740151703314,49.06739073445989,51.14948754520666,56.64166285331456,65.45204429110547,68.88470198772814,0.998376906467142,0.0569521960340397
2022-03-30 21:00:00,0.9000000000000004,31.0,15.0,23.0,12.0,31.0,53.32830230837165,5.18351283538184,4.636481814033588,3.9905058602893546,70.38370867098335,71.34855901562534,77.43165122153454,82.61152138343535,73.94374756276476,62.12424259390627,53.81958781419347,46.74291795341284,39.62763951765591,34.1961291785573,30.371402516792813,26.854115447012965,22.8510162941366,19.97095148872589,16.825172877628034,14.968809196592488,12.95391007997662,11.031305338077194,10.37158232310045,10.50971295779727,15.329670219370348,0.9992088560679752,0.0397701138460557
2022-03-31 21:00:00,1.1000000000000014,37.0,88.0,12.0,11.0,14.0,75.5699252652478,20.84040038535603,2.163613920511803,4.544456783583935,92.80487892668094,92.89088861872092,98.55440099104835,99.64043492383624,97.48135219032488,89.1474218890548,76.2981551140438,73.65226595979108,74.67531112759075,74.78294334375241,76.98533189315785,82.32675609077069,93.05020640074916,97.75697895480612,99.93890232864676,99.8999533529635,98.7778368651822,95.62680778856844,87.41734509403072,74.05623058221892,74.73999730245811,0.9997451236925734,0.0225762630415454
2022-04-01 21:00:00,-4.0,40.0,86.5,12.0,8.0,31.0,75.85687836283107,18.156868286021624,4.505436102388014,6.2847358432171045,91.071147207526,91.31398377625683,91.42045771171058,95.42944880779967,99.60812069111071,99.95584752703988,99.4283120530214,99.9334836829475,99.3632890172649,99.48927405084171,99.31608903853083,97.6598107988364,94.23784078619754,91.05763215891226,86.22928436659166,87.34642292801217,88.99168521627736,89.95070515873425,91.502371161175,93.4243866362096,94.15873660833608,0.9999855506507186,0.0053757315575838
2022-04-02 21:00:00,0.8999999999999986,33.0,39.0,27.0,17.0,31.0,53.63976214041921,5.201769034067965,2.458241229932783,6.32908491807884,71.4264841039982,72.91199420074533,75.68425727285515,83.31709238425367,91.4303038946344,88.84084794242283,64.43241473642655,37.07182566578489,19.41438663192598,11.117252020956004,7.6193808618697,6.810642850561463,8.683322914457701,12.385108271417009,16.479957766895126,19.46282877140333,21.4505884561504,21.070087072581824,19.667490794862942,16.74524677765227,14.312175243547117,0.9999300657962056,-0.0118263906918325
2022-04-03 21:00:00,8.1,37.0,73.0,21.0,9.0,33.0,47.76135245846435,7.500191075385786,4.912948027943466,6.10151199691851,64.43568406150273,65.41395530400138,68.66377840532463,70.83222448625747,49.764514679412045,30.39941222437839,24.52659964409243,25.143577716476024,29.41591739692775,35.753572174156,48.047400781863246,61.87895792470569,77.31373970391294,83.88861379196351,88.24605032808445,89.03732894027796,88.95969364137592,86.87547014221137,84.38226384395998,80.33525691277063,78.62832437931996,0.9995786855478958,-0.0290250133219752
2022-04-04 21:00:00,4.0,35.0,14.0,24.0,14.0,33.0,49.52340325255909,5.578596648029254,5.2964710198693945,6.030855463713785,64.53010663425609,65.47970817530599,68.03880032668394,72.78869765553401,65.13467927918529,51.50416681143979,43.26881822105259,38.52068601094112,35.781775948146176,34.53534341768763,33.829277037109776,33.0445562015985,31.96458336431583,32.295166364386176,33.66784346749978,38.69433060407295,43.818706793072685,49.11657449161332,51.82042129761454,51.94344758387375,49.176428752743945,0.9989315138848576,-0.0462150469837083
2022-04-05 21:00:00,12.1,37.0,2.5,24.0,10.0,32.0,38.46301426466736,4.112103030309517,5.153714920898644,6.039433085096938,57.02850286875277,57.42829779446809,61.11340902600407,63.47767249377547,47.18908014052958,26.276299700012224,16.176569597461665,14.56615317259712,17.07258142374781,21.019394245306565,22.6494978313656,22.97814729348616,22.409451727343104,22.31745384588081,23.023182839593176,25.01055439658903,27.9317022576658,31.82284414862059,34.88606587695526,37.7081613901134,36.37397265586935,0.9979887423155984,-0.0633914048695103
2022-04-06 21:00:00,12.0,40.0,2.5,20.0,9.0,34.0,42.472793648699096,4.504035346910679,4.851887600608733,5.418450079033034,63.42575274518999,63.76809068467081,69.82914991645772,68.13789155169817,39.63624623075969,22.351206859433287,17.842237596582844,16.38694537376454,16.146820680017704,16.507394135755124,17.469328096507045,17.92763370589417,18.176383983703666,17.343585149580605,15.964163111811944,13.92441963812086,12.280853871848947,10.984882764738318,13.38407499579711,18.0571509887682,23.578353768524728,0.9967506498213928,-0.0805490042187416
2022-04-07 21:00:00,8.0,44.0,50.0,22.0,10.0,11.0,50.95014746640681,10.991544825640052,3.955452595192374,4.46781693013981,72.80066697781015,72.93434181115946,78.13894984451196,84.72409435589722,92.01275605883392,84.20651333884283,62.02404609130567,42.3202833353243,27.4477435505648,15.999256985679924,8.850637748267138,7.426134760338424,12.850499328644982,48.00362455466696,69.7238044651257,73.78473944097892,71.57367197693179,64.23841516093525,73.2028548500716,90.35581177789662,86.76000783041363,0.9952176027737294,-0.0976827678217159
2022-04-08 21:00:00,-3.0,38.0,89.0,14.0,13.0,12.0,78.78407930319881,17.804739089159106,2.497421266571072,4.767112833965506,97.69073916011514,97.72072486371596,99.26685591853416,99.78170496898936,99.21841167241278,99.79386074176313,99.12261639622436,98.27712789203665,100.0,99.10644664026172,98.96747655689734,96.44746060465866,87.19110568196476,81.06984313593784,73.74671196969565,63.0318099795072,45.75815700527176,19.14645602201244,4.490114902249429,3.8588964988424777,5.721720788386572,0.9933900548258936,-0.114787625522127
2022-04-09 21:00:00,2.1000000000000014,45.0,71.0,12.0,8.0,12.0,62.59800623687333,11.450686764948896,6.774831888559179,6.559583927014482,85.90477876638451,85.50554333779206,90.72975854569027,93.27369091069988,67.61540014110166,41.80361762874828,45.18716605105672,49.44695386158843,55.00815521948324,60.009914238128005,64.58983927678214,68.38805100480198,76.38785005540235,81.27578686230682,85.15711385767536,84.91119812572616,84.15832185889577,83.2578224775385,81.86769796172406,80.28771380165209,79.91080195253507,0.9912685467787256,-0.1318585157173911
2022-04-10 21:00:00,-3.0,37.0,89.5,10.0,10.0,34.0,75.5699252652478,12.998020865035834,5.802832730583156,6.969018771478897,95.03101047282942,94.58580084639014,98.77354685697112,99.92837841108512,99.02993934645566,99.69132484648142,100.0,100.0,100.0,99.61521719491375,99.9147345079361,99.92764509910246,94.6866147659383,89.93671756671714,85.40849004269718,85.71641121572223,85.23965322555974,84.68564624110712,71.69242084267289,43.22918233279559,29.88437822827057,0.9888537064205885,-0.1488903868564548
2022-04-11 21:00:00,1.8999999999999984,42.0,29.0,27.0,10.0,31.0,52.78354897982624,8.927100227189252,3.797531606285079,5.567189409991131,75.13957163696509,75.39887239815509,80.29152420185251,86.11898156011799,91.03644950442202,97.26300692786708,90.91506684704432,63.82526221320847,35.35346625977978,21.22734371196601,22.952581110350152,26.403255976567912,30.856776625935307,31.706503664538392,32.388907620187894,31.959684890038336,31.153450998472564,30.35214864187565,29.38323293773335,28.27244720424662,27.837321524344,0.986146248341595,-0.1658781989346314
2022-04-12 21:00:00,-3.0,45.0,69.5,23.0,10.0,30.0,65.15355752540944,9.581247698253666,6.97448846976374,7.210549591955874,79.29412321325458,79.66387891238803,81.58756974158277,84.28184168694554,86.39457950164045,89.93738672889882,84.59014850109597,66.96171763509312,45.18684454253294,29.730650248410928,22.1489606355264,17.79622558607957,16.479854868475226,17.604370068057378,19.56382721883017,22.289992447842348,24.375136798472766,25.657798548848376,25.297551398422176,22.987413823579395,17.593399455467456,0.98314697372215,-0.1828169249850199
2022-04-13 21:00:00,10.9,47.0,76.0,20.0,6.0,35.0,43.63190569622002,9.788163228101617,7.297126278088587,3.0727452212393453,62.26142944557229,62.7826192586723,67.40825383461895,67.84349542114778,68.81710751118091,68.47997366704607,67.96303040756376,68.81037597633745,69.17980871700426,67.01143759482984,59.1848774825089,47.5889445618717,32.34609598059888,19.3900896798047,9.438495153891234,7.864622912699574,18.339681385809865,39.77566872623159,62.825548361099024,86.43509920349818,93.71534649359454,0.9798567700958664,-0.1997015525660636
2022-04-14 21:00:00,1.0,42.0,89.5,12.0,10.0,13.0,70.2097508066708,21.65465932613101,2.86097863537414,5.116862056386566,84.70029356695223,85.57065464287736,91.13593348229368,98.04165810104388,96.7178677019683,95.3621682044023,96.70666298990804,97.05844357465864,96.85090700580902,97.97767650075978,98.3042112193045,98.27646740712672,97.92410730096093,99.12598618504576,99.86960822346826,99.34257361949108,99.64423353166347,98.2868035284585,96.51586214007548,94.9448378730132,94.73746122781516,0.976276611086932,-0.2165270852448143
2022-04-15 21:00:00,0.0,49.0,34.0,27.0,8.0,24.0,47.700505489440765,10.414295087307336,7.400266158566025,5.715174402932622,71.53657326368541,71.5594452471588,69.5268057486345,68.48265446288568,66.89691236590821,69.34629531391687,77.785222967366,86.630535708404,87.55395976145397,69.7799876704078,62.19478015271631,58.2300093665715,58.58659725756711,67.8409337545523,72.22242386092567,52.67607140658816,33.72150861871246,17.775451440694674,8.806549181505199,1.6643693057815687,4.21554676125415,0.9724075561219968,-0.2332885440754551
2022-04-16 21:00:00,1.0,43.0,71.5,36.0,10.0,26.0,46.73806078172681,8.274009754911804,5.912444239706466,6.287478645138608,61.71905562837237,62.27065027869729,64.62897003697526,70.61794390746077,76.11207720683699,78.64239548231191,81.4450282429191,85.6425733520333,91.73373899399029,94.68898945905534,77.27268013454113,55.72555927486032,33.66354362764097,27.07373641960225,25.06226306926549,32.83020889193775,42.894278469192194,56.27347609674421,61.61663033090241,60.40027481348277,46.440443108308585,0.9682507501166718,-0.2499809690726521
2022-04-17 21:00:00,-2.1000000000000014,40.0,62.0,40.0,12.0,30.0,48.24751237136752,8.713839654179951,7.99233971941178,6.316045675334032,71.5231426470191,73.68797642186398,76.75706962118787,84.04642713389565,91.2296940921203,95.6123522295037,93.7761160479237,91.93754349239988,92.61056228187924,93.16471498526931,89.59216682964457,85.43986256920981,81.23442187174493,80.69680848792436,78.35929660754395,72.31945760166639,65.0239085476307,56.445325417227565,48.38198345670511,39.75345087519336,37.276570186034974,0.9638074231367308,-0.2665994206792935
2022-04-18 21:00:00,5.9,45.0,3.5,31.0,6.0,4.0,38.16561867346858,5.002674932728808,5.33039478420372,5.129618622638046,52.17640811983303,55.29505700462957,60.97056852049351,68.1918709533027,64.17857249793818,50.8898592284301,29.12522053528579,17.096272961302194,12.665928105893496,11.690135646386215,11.992659762984434,11.231710895330046,10.234598479742642,9.445426722395926,9.735565481782832,10.806781301060663,12.996264763107272,15.89644082237189,15.916347359777324,14.819999923587254,11.017836992770947,0.9590788900341132,-0.2831389812281835
2022-04-19 21:00:00,-1.0,38.0,90.0,19.0,18.0,11.0,75.66610758185435,20.9390241750679,1.940402140565476,5.671083061563654,87.9563633022593,88.01439979050534,92.87158517666494,98.66581680637992,99.13110365228911,99.92766154439931,97.90596555645922,97.02249013105168,97.252907629599,96.2423332419522,95.58885683693708,91.3993871720119,79.82906749767062,74.29222886806461,71.64590441314566,78.0429779106058,84.51309575190257,90.36021910892454,94.92866616254382,95.75188239755806,93.5367679426016,0.9540665500578388,-0.2995947563972602
2022-04-20 21:00:00,0.1000000000000014,41.0,84.5,45.0,17.0,28.0,46.412881602762255,7.212110473231104,7.061453617011599,5.273533925893605,64.91439969256254,65.67217280915615,70.45909433664785,77.79241480195851,85.32717027238708,89.69068779316989,90.53411737032144,90.60318091270511,91.74819546420842,93.7067385816994,89.00107202957244,78.34401142438172,64.6529020385185,53.65126231835311,44.42142204280671,37.70837199911962,33.294716088901374,29.53206383817268,26.808723086729604,23.68664610103793,20.25047478708576,0.9487718864399473,-0.3159618766579029
2022-04-21 21:00:00,4.0,47.0,90.0,27.0,14.0,17.0,41.85770461036793,12.750667915002191,4.436844205407363,5.19032775373464,62.6468342005973,64.5412021311611,70.15489358737095,77.58657080266454,85.96221483316926,78.51449117507032,57.49833376809388,38.069271297862805,29.605489748370207,28.963842267714828,34.84238674294047,46.53974888311025,60.8704998847228,75.61995345148542,86.68666968889902,93.3599973961822,94.26420814318534,93.30057684707457,91.93506299651196,89.21674565281612,88.28286164708673,0.9431964659565866,-0.3322354987159043
2022-04-22 21:00:00,1.0,43.0,66.0,37.0,16.0,31.0,46.73806078172681,8.332983712296787,7.4177286385090575,5.273931369150332,65.11656279612924,67.18547184172031,73.4555120764078,81.32636985083556,88.54956941469734,91.93783999675534,89.68000928169444,91.485240280089,95.19611604911408,96.5324755252052,93.18351496281105,82.469070027775,69.08407011191035,59.401679219227766,51.12874332364908,44.000024108803146,37.55118049434271,29.617573062079376,24.382381564843143,18.37529516922852,17.2023515324257,0.9373419384643772,-0.3484108069446808
2022-04-23 21:00:00,1.0999999999999996,37.0,28.0,42.0,15.0,33.0,35.220807691487586,4.802925620040866,4.441252684252274,5.459969295304297,61.75469057462762,65.36903141135991,72.88064358997384,80.76131839821304,88.27103638554281,96.99360874019236,98.85056876550472,95.74517807369324,63.999011387585966,31.3966563911214,15.415640472484402,10.533426539646518,7.945526903946405,6.390376033667714,5.637923018732285,5.574701406900099,6.079562506841111,6.803277850559204,6.951396739005687,7.092666577103661,7.424359832182087,0.9312100364121948,-0.3644830148102912
2022-04-24 21:00:00,3.0,47.0,20.5,34.0,11.0,1.0,35.384644115293035,5.458580529618382,5.302309824543986,3.7248213410639552,38.51118438237586,41.25286503811176,46.17333086531717,51.98495626484056,58.93757440045776,60.31758460823162,59.01616759525695,41.73031654112799,24.944914492784847,12.973795538629208,7.025395187150785,4.307613785846814,2.8435268943542424,3.2119397248859003,4.387879712533373,6.190080546027069,8.862628787064942,12.273846321373007,17.795526381735822,24.7279424117355,30.132947648044027,0.9248025743285088,-0.3804473662878516
2022-04-25 21:00:00,-1.0,54.0,76.0,19.0,10.0,15.0,46.59422643583257,13.96164641012606,3.6799732201297792,6.329250338197793,60.02155815700259,63.37159064061518,71.03050062113276,78.97991948057059,75.57840937476982,47.46976066553474,28.46859380527164,22.01710892248959,18.15330262705969,16.329800686766056,23.65521373915163,37.38705865230245,51.218015803559744,47.47151774837063,44.80669967998893,43.8321352348109,47.446653820644194,54.26461517511173,62.683133094865305,72.43727229316616,76.07400891302524,0.9181214482844364,-0.3962991372689181
2022-04-26 21:00:00,-3.0,54.0,83.5,19.0,9.0,24.0,61.34736296835159,13.092825589563429,4.66449514251906,5.765411672052826,68.48853697407826,68.86511761984652,73.45370982117147,79.75902023844984,83.9394516617551,85.40879660072173,85.68507192935535,78.98978947473786,61.19644729391695,33.34659760046525,14.257207637208143,4.323023315431613,1.7393068804423453,3.433768137454708,5.473302455354912,7.470465402940868,10.572601459122454,14.853762403404854,19.21394549406974,23.93340973239164,33.6618967406686,0.9111686353326632,-0.4120336369594263
2022-04-27 21:00:00,-6.0,41.0,90.5,14.0,10.0,35.0,79.03781672993696,16.391279871420245,5.33294048485322,5.69558014225144,86.56141839409597,86.34082412921103,92.667818010014,99.01373717899108,99.52348534230644,98.84591194913426,98.99607019591993,99.6030953822174,99.97784388587334,99.1890701938016,99.01176486391404,99.33477301568522,99.2528255153366,99.44299369306135,100.0,99.01922381283308,94.24933058823537,83.60350730479479,74.34705321186563,66.65497843713572,45.12002593695309,0.9039461929224012,-0.4276462092677746
2022-04-28 21:00:00,-1.1000000000000014,36.0,90.5,26.0,17.0,34.0,63.99936441271857,11.687461861066874,4.90057354493261,6.230376708055257,83.01127053183387,83.6581061582599,88.0046976725432,94.65836475376848,98.47877612366489,97.32073357634134,92.88405020711087,90.36088862593569,91.93789500098244,95.09655515275308,96.88813245921703,97.65542091151517,96.1280559153758,95.90351913208018,95.16294665397528,94.14825197963138,92.56223837715038,88.76033289731903,76.76193681625575,54.90704203025841,52.01050338606119,0.8964562582905575,-0.4431322341826345
2022-04-29 21:00:00,-3.899999999999999,37.0,90.5,24.0,15.0,36.0,66.83551651254903,12.326053432974266,5.243617107102052,6.458041075406315,84.04194109981655,84.86767530009546,91.50299999730748,97.37919274664824,99.6395703855656,99.29999998872208,98.39279206214708,99.25091413402689,99.40831598201494,98.9207405853335,98.17256478265884,96.95386423986363,95.11866932748693,93.18175893476143,91.267912212311,89.89584100412917,88.27444502083634,86.00240096894875,85.4684293005805,82.94657311564721,81.4481979905489,0.8887010478292915,-0.4584871291400876
2022-04-30 21:00:00,-2.0,42.0,81.5,25.0,14.0,35.0,57.32005311554053,12.54086593464349,5.008409011941249,6.207432628974235,77.7098678692507,79.58449705948482,87.65186596950387,96.24472747962832,99.0510375325168,97.2213402532727,93.79801434947215,89.49612681536298,83.50729652471138,77.2047142230233,72.07108807860301,71.17083875054733,72.71440096672565,78.09737930550652,82.03685512524561,82.51738385909574,80.40708798524923,76.0840745339009,72.8135114547233,68.69342391790107,66.68840510587466,0.8806828564301475,-0.47370635037968
2022-05-01 21:00:00,0.1000000000000014,47.0,57.0,27.0,10.0,36.0,53.5437614305185,14.22317964084289,4.4547394045817645,6.786454566042209,69.3088919599565,71.05960419530561,78.28757761460938,87.27230595464279,96.40562451049014,99.65095901372524,95.87402814450073,88.41252620756947,82.08124377439803,78.24855064772197,73.46283224108485,67.4737010654675,61.27229276995772,56.3962076744771,51.91340169594986,48.730006236769846,46.98844643167195,45.504346183150034,48.30702168637317,52.99805832856103,54.94532073188786,0.8724040568049612,-0.4887853942889926
2022-05-02 21:00:00,5.0,58.0,11.0,40.0,6.0,13.0,38.730744915729446,12.114771780793896,5.894379522268761,5.3917687384816055,51.99385236649954,53.92267987800263,59.83940345760854,67.15837236428445,75.62610105223422,84.46099078615869,90.77312470848914,85.09819139161394,59.98611845970099,33.554182663266154,34.844976839081895,37.44613492972611,40.02587715327368,37.67451900922988,33.084767486580176,25.82842673341637,19.21069006305961,12.428882288598873,12.28321706055526,14.66984205713545,19.01685534476596,0.8638670987837349,-0.503719798736334
2022-05-03 21:00:00,2.0,62.0,14.5,44.0,8.0,17.0,39.37974288306224,16.270224819332,6.5424074900096585,5.166982864773216,47.5278779344396,49.30274939452088,55.012986453553495,61.26829780103338,67.69242020299242,68.07742404185285,72.16661470946231,74.16642759383947,72.79005239347342,70.60750724756718,70.71312769163445,70.20976449035604,69.18663143952885,64.09198734453336,58.44563639642739,50.8740287212275,43.841757921453656,36.02756957939166,28.149799730032093,18.426890330164348,14.345855613648098,0.8550745085896932,-0.518505144391157
2022-05-04 21:00:00,-4.0,51.0,91.0,10.0,7.0,22.0,71.19580770255536,18.136320165559887,4.914554377258211,4.574690276802877,94.35871611926224,94.75008154592012,98.23899891687788,99.05530100334693,99.55465157952356,99.67167948658536,100.0,99.61335749066632,99.68010694054692,99.98161968554886,97.8044861349058,88.07634956004021,70.15013366154677,45.85058736515597,23.68698315295596,11.68846417068452,5.027023602128451,4.307310146345595,5.297825663026499,7.535948834676241,8.819348913633625,0.8460288880917339,-0.533137056031809
2022-05-05 21:00:00,-2.1000000000000014,47.0,27.5,50.0,14.0,31.0,36.91330963245496,7.801273964296423,5.121706393301444,5.61367123652895,56.2603694889974,57.62719223200147,64.52337592661553,72.34052015212795,78.45241110053371,83.574195852939,90.54534786866324,93.53404745532642,78.749773361995,48.61363761967099,30.567067205451963,21.22307804280656,17.139692556309623,22.356981002482403,28.17329250607671,34.839767629327206,38.3695904018853,38.64378172896237,36.52774786503815,32.031167631073906,29.060479345517127,0.8367329140344921,-0.5476112038402312
2022-05-06 21:00:00,-0.1000000000000014,44.0,50.5,56.0,11.0,33.0,33.409388545242194,5.589678367759749,6.93511620647989,4.999193957210871,40.288390076262246,41.465768030551,46.81589291517594,52.668474896735695,59.89869691156344,65.52888975469607,71.03520719757712,77.72383911347384,85.06685262261549,86.10539913541399,56.26530864654479,38.7727207567413,30.9415973322544,31.94375598961181,31.491997864507425,27.58118211115704,22.75341903632133,17.06966849045518,15.000134136195022,14.488872041760905,17.197804563125075,0.8271893372462497,-0.5619233046832195
2022-05-07 21:00:00,4.1,48.0,4.0,47.0,9.0,35.0,26.33001495966189,4.2717757508706,6.121081462523486,5.442755418971713,22.3169284488794,23.266280569757527,26.062632767426937,29.25068780578052,33.14416025431143,37.59040581974868,42.79824402271681,48.61696386249138,51.46167263870668,45.4553059496282,21.86062215212732,12.753089975850232,8.850717841040236,7.040573867084323,6.149683109741424,6.362370230410407,7.78118271822879,10.28956476650716,14.531370795695183,20.816705762894173,23.560999481690786,0.8174009818249189,-0.5760691233798758
2022-05-08 21:00:00,10.0,59.0,2.5,44.0,6.0,2.0,23.767331744283585,5.552174041061411,6.01631287526765,5.656980130113629,24.31046188714405,25.974136963263028,28.8341711366386,32.075368761189125,35.65322980539038,38.21938921320992,39.76580699907686,21.08047078776279,10.26902603707352,7.558909610800677,9.370552080133802,12.592990791425873,16.30894538203344,19.818596380307508,21.37565454246067,21.04288937440573,19.180098495235463,16.076917951453996,14.114262403248365,11.969188839516743,12.93053729321239,0.8073707443023492,-0.5900444739548627
2022-05-09 21:00:00,14.0,66.0,3.0,50.0,6.0,8.0,21.95642236932902,8.608960867333659,7.270525944523297,6.526129611323237,21.27074921176292,22.987026977048416,25.50336118755889,28.487354266440352,32.02899921354701,36.10779198088956,41.1973362815928,42.755241215828185,26.39208395319093,14.492229305937563,16.684695476294227,24.050780534164904,31.63222159521747,37.44616686680442,41.78487100462455,45.051087372451285,47.064028079927816,48.40143238518076,44.146668268871785,36.939466111268615,30.03768366914348,0.7971015927871943,-0.6038452208771035
2022-05-10 21:00:00,2.8999999999999986,69.0,3.0,40.0,7.0,14.0,22.39971482898373,8.060563374298152,5.662348751031814,5.802319096811842,22.72011693973262,24.72159703749132,27.598156847348164,30.844941494479954,34.78094508822564,38.62489863496924,40.893560051379566,31.471498527713543,25.82550078965449,21.992241344618886,18.794912706528272,16.35516856054102,13.648328018259528,10.806538955904124,8.28878220348616,5.649866532912719,4.658135349994609,3.856478131188248,4.544309142683945,5.538827047449659,6.843387151522795,0.7865965660866021,-0.6174672802835514
2022-05-11 21:00:00,4.100000000000001,75.0,10.0,41.0,8.0,21.0,21.49910725542279,10.64580693495485,6.101512408086801,6.291421199244212,25.639043931693,27.167618452951952,30.112278889499606,32.66948902752782,35.06145115913736,37.09045703146622,38.1700679371276,37.65927459462576,26.6671171558338,13.720223824301373,7.671060061076976,7.117949019661404,7.989255655498526,9.496808902639412,12.348102277241937,16.798198402153393,20.08293203814876,23.490154401835813,18.975601888926423,10.93710393013422,8.010367198538809,0.7758587728069828,-0.6309066211876704
2022-05-12 21:00:00,6.899999999999999,77.0,10.5,58.0,5.0,29.0,18.558201289872457,14.746261873168915,7.796499248639196,5.094891971980975,19.263657138965,20.44065626519704,22.595765689277435,25.19533634523053,28.07914022259157,31.567483617520903,34.07639806591574,35.62288615586959,35.79160449164352,35.46202647199986,35.89964319471146,43.556875125692365,52.11100234703858,57.91799430532488,60.93157730943616,61.366791124712485,60.50737306958867,59.17398104101337,55.50282908435623,50.287050611294845,44.92331887421771,0.7648913904341226,-0.6441592666722685
2022-05-13 21:00:00,2.0,84.0,16.5,49.0,12.0,26.0,24.61353519668436,23.87626432112734,7.664043542672825,6.494090405956558,31.93153542941303,32.36499356662566,35.36565191576962,39.2771818389851,43.42819864092135,41.84879553475367,37.88729883465252,32.06667195811029,26.127708001677195,25.323665995107536,35.182375361379734,45.8516283646996,57.465580033386445,64.25720265571337,71.55100007803597,77.39756920046487,83.80156449278851,91.17074010904136,94.30507154843856,95.36801186873546,81.39711062140861,0.753697664392914,-0.6572212950663319
2022-05-14 21:00:00,1.0,75.0,43.0,48.0,7.0,36.0,31.82067507504857,26.98637267003524,7.292889360410911,6.253308268830014,34.57770248018878,35.26277539717964,39.29897232775082,44.0545324839415,49.28971360611855,54.976701463424185,61.80269158126311,69.86207156067744,77.00901761606886,82.80751026179206,84.85526912308231,86.19530068821133,87.25946648563031,86.0384229262669,85.4091889812529,83.25041614635799,81.12720730230465,78.44938310994579,71.94131372718493,61.182204324684186,51.62252545088708,0.742280907086982,-0.6700888411055113
2022-05-15 21:00:00,-3.0,59.0,91.5,17.0,11.0,13.0,64.3868891219303,30.431759399484925,5.103548744836013,5.9017489309139854,71.62350518963412,72.30132612996195,78.49010805216969,88.10372807196484,96.86256928940077,98.42444633965704,97.6810523234641,90.57600444641554,82.50260148040127,82.66950769019913,86.8664939223974,91.67907514938445,97.89515869885874,94.59417484916024,89.6051903251982,81.25000413451146,77.91108420414905,80.628112131299,83.37135242400143,86.06060869180571,87.07139556778246,0.7306444969184916,-0.6827580970759147
2022-05-16 21:00:00,-3.0,67.0,55.5,27.0,8.0,13.0,60.7543368911074,25.875803320086607,5.173397081947308,6.075607725723457,87.02814163292437,86.77439469590522,93.51441629627344,95.89900435699316,95.16616188422311,94.30548946745677,83.91893321408213,65.50247458467807,55.48459275386547,53.12587363201231,53.44356031903352,54.60576634256672,54.94061582577776,54.09155832337681,51.8431707498181,47.10601389580605,41.70107899570977,36.5757494993035,28.75950807522437,18.349906844257585,16.03670189216727,0.7187918772884232,-0.6952253139408722
2022-05-18 21:00:00,-1.0,54.0,5.5,51.0,16.0,31.0,30.96806889471499,8.08369941491693,5.732833019167979,5.317413421307276,48.16379789848765,47.98766376722982,53.99136901100784,60.667004686631074,68.58563758732602,74.90753383529776,78.96022399647342,82.75652716694488,74.40511309289063,38.62258792388821,16.217032153939098,4.306278072653118,2.063137847108372,4.590578662266027,8.051694904404956,11.150110765272064,14.196612127063789,17.173459307833248,20.53589528298824,24.4839933825419,27.463987053168744,0.6944521021088763,-0.719538934232584
2022-05-19 21:00:00,1.0,63.0,76.5,60.0,10.0,18.0,27.582432189338764,11.552991791900476,8.217226212939655,5.633457810720205,29.064739562470205,29.485694198957,31.68338664325644,35.370474517151145,39.83847244343997,44.81935639123624,50.122000756922425,54.81887027239587,56.44713946564309,60.922411512852015,57.57577193369823,48.23818427955728,34.463878579330824,36.95996748237021,44.06526110459285,55.192542925099545,64.80482525436587,71.06122923543086,76.19705253229799,80.40552827954954,83.97968400377245,0.6819721490904629,-0.7313781428679254
2022-05-20 21:00:00,-1.0,64.0,46.5,39.0,11.0,17.0,41.2783766323218,18.907292273286565,4.853269799316855,5.311892448796907,58.33411771889993,59.48065124977262,66.71438459826012,74.96698924243412,80.81417921200784,84.47110183550184,73.28070029251414,54.165818889202086,38.20920655616267,27.50122761531872,31.522870561907496,38.72921531490353,49.2080493294625,56.83262017233671,62.65714120756938,64.81780404895878,65.73584792593917,65.29026552971816,64.14227132543914,61.28228056494736,52.872666090279566,0.6692903895412567,-0.7430009249440493
2022-05-21 21:00:00,0.0,72.0,55.0,21.0,11.0,18.0,59.22858008458958,39.84866551212452,5.584848561365597,5.86046654366732,70.70962458490946,71.1043268740612,78.202196863898,83.36365434323201,85.49186301944354,86.30301392125071,87.0684012668512,88.08073822416821,89.15446872446105,90.62513843592204,89.67628184069248,86.89517370994575,79.90113285279102,73.73364469223499,67.69222308825226,68.13331428758457,68.70530145397859,69.95995107073858,69.49359383628835,67.55862230939834,63.15236384781873,0.6564105761979381,-0.7544038410927472
2022-05-22 21:00:00,-5.0,71.0,70.5,19.0,8.0,17.0,68.22081474275457,38.7423012668109,6.137885411155295,5.989207539924234,79.49263615187833,79.56333091705918,86.54673458346636,90.74709899723749,91.23898407068604,91.89915282598204,93.5855592810539,92.70415322409946,86.31158537691455,77.08720013994908,68.9989998711498,64.91822219944382,66.33210999171473,69.8706609307875,73.70882654524092,78.31258470347787,78.62637776934416,73.6566534148023,64.00837232087736,50.75972972186869,47.686561869216014,0.6433365204044917,-0.765583517007675
2022-05-23 21:00:00,0.1000000000000014,55.0,27.0,49.0,11.0,33.0,36.71274816395497,8.89603677633707,4.496013161049017,3.735853962067888,55.76163682853353,58.31891350149117,64.60754246067299,72.29582285831712,80.85520370618862,84.56713123931948,88.07889200585926,94.43761967966574,81.81584443059212,59.50639611392884,34.965059531667904,24.40999022011285,16.976645755865242,12.647636376940136,9.185370204658168,6.086490232261694,4.242051918410337,2.6606947043501665,4.101472492412774,6.107448588453606,9.792889315925809,0.6300720909843687,-0.7765366444428655
2022-05-24 21:00:00,1.0,62.0,69.5,57.0,5.0,10.0,28.570849708078715,8.007181242764604,7.696405597739709,5.00642031145186,34.556440980506125,36.48107901909414,40.00620863017833,43.27363425259644,45.82615071889665,52.19042822382119,58.13558226892325,61.43872123881843,57.00554988619694,42.74037695876127,18.985998805326023,14.076629136368386,12.114392165531545,10.600577532027042,9.077450692913134,7.545560753224638,6.859209736903403,6.345387778495246,10.010463137399416,15.36631876656451,30.63312039152371,0.6166212130956382,-0.7872599821916922
2022-05-25 21:00:00,4.0,69.0,40.0,63.0,8.0,28.0,27.411360883468323,12.28157807113676,8.60512362348889,5.325247112105721,29.661596684230773,31.2344726208027,34.418941283844774,38.16729472826823,42.514845824290894,45.130629124440986,50.34848302036671,56.57437063210345,63.659662182584086,70.38314905515993,72.31865784325574,65.57935726068297,55.38085264227518,43.56148027715421,34.20942938469781,27.23634244490959,23.95456142827193,21.601809032377545,19.17577429325513,15.989578237506343,13.40806658651318,0.6029878670694714,-0.7977503570459932
2022-05-26 21:00:00,-7.0,59.0,91.5,17.0,11.0,17.0,64.3868891219303,27.20402432388317,4.91439273212743,4.645641455150731,74.83579720756501,73.99209198072889,68.15942364354306,72.60266561758735,80.4332914940483,86.03352229895482,86.74906473623452,88.59367291332413,92.46612307084452,98.83471717479252,100.0,99.45198659662788,99.53106481350817,99.25927647487951,99.52059876772724,99.21110103834128,99.20944140262044,99.62084492464771,99.76483278338648,99.70832886381706,98.87830479453037,0.5891760872322963,-0.8080046647350754
2022-05-27 21:00:00,-4.0,62.0,91.0,8.0,6.0,16.0,80.69837140029473,38.92671584252972,4.9712795226362445,4.841784633683609,97.92848327967522,97.45287208602234,98.922506822956,99.63846338525256,97.95804275446552,96.52340550212448,96.60468001888992,98.11916939768848,99.14235861814008,94.68416681640652,95.49197581932246,97.532286963531,99.92071792493486,99.61945605648316,99.77561728175704,99.6010462267778,99.70481667531882,99.61249318687156,98.59469064509234,95.0918708007898,95.05848727290928,0.5751899607119775,-0.8180198708443175
2022-05-28 21:00:00,0.0,59.0,82.5,23.0,10.0,32.0,66.8524755042766,21.97841657387155,4.449793525493883,6.336932081287661,83.48041227339039,83.29061512904418,88.30047259396918,92.5886542984034,87.90184836438617,85.294422159065,88.53308815406264,91.30542561243723,84.91618514840793,62.68008125918614,42.95330274616502,29.257897295258,26.556305310865763,31.31314479506953,40.13148022561504,51.14143345372034,65.3918350618186,82.50608226939381,93.49862454987344,98.1280848653402,99.30639520008847,0.5610336262283677,-0.8277930117131022
2022-05-29 21:00:00,1.0,70.0,18.0,48.0,11.0,29.0,36.25035895404791,21.384013508277764,7.6341210954229615,5.748850449567662,59.779377938018094,59.8006425799141,62.69380814371152,68.28598620450448,74.04967880866185,79.67768795844988,84.3967240386575,89.1743420859335,93.28995116404695,92.93064547036784,81.84340924849532,69.73513744470094,56.66070522036208,48.90495321282909,40.99845591510485,35.63448581789363,32.5011339246792,32.054584263426214,35.35383160437473,41.43977827972206,46.30328536666027,0.5467112728685939,-0.8373211953118121
2022-05-30 21:00:00,0.0,63.0,63.5,40.0,12.0,34.0,36.545992074848485,20.49511614754942,4.85866496762267,4.485245860192466,61.23684019200783,61.50157424000183,66.08943534041988,71.9131461637691,74.79637505143648,74.55287001166123,70.84301883150513,63.54019056585816,53.364457326668415,44.45305059271325,50.55346005107116,63.48770466046001,82.33976323560161,93.10314398988568,99.54938305655344,99.41817450811428,99.55972843872637,99.80315881625609,99.14323061261616,96.79885774722942,94.63059685968844,0.5322271388474397,-0.8466016020976267
2022-05-31 21:00:00,-1.8999999999999984,58.0,12.5,56.0,13.0,36.0,32.941652006163416,10.011118295198978,5.584896014422469,5.1615454302094905,48.84573591053339,49.60789707680292,54.90807883263796,61.19211065124567,69.015086828794,75.63864451273511,82.66406310411293,90.17033820532028,88.63684286590504,71.65748081228413,46.21352233148765,31.14022967296607,20.961372422443542,15.8252257994248,11.936299821088568,10.205538560998283,9.014856641664732,8.039855542879735,6.841717484100195,5.255403763387858,3.8968230895917366,0.5175855102531889,-0.8556314858488706
2022-06-01 21:00:00,0.0,62.0,27.0,39.0,9.0,35.0,33.5918275095068,9.34786482412763,5.40753213746839,6.2372796688466,39.50799878983226,39.90694364565695,43.01114593481979,47.622355007927496,52.523791422716094,53.58897307179892,47.416985158995054,34.605571475632175,22.65621936849269,19.37698586054672,19.53461660629869,20.15831210085814,21.01092306451708,20.11605138983727,19.080710974585035,17.752335036831777,15.700763267815493,12.884259038201073,9.915362055050922,6.425700822691965,5.858602960462618,0.5027907197793043,-0.8644081744776648
2022-06-02 21:00:00,2.0,67.0,4.5,53.0,7.0,1.0,33.0725093645187,15.806845267452454,6.02995232042186,5.861923792527119,46.26382960444928,46.95882824139522,50.47128575963493,56.355727351997785,62.885026859008086,70.9521836702868,80.37113858379527,87.8997124155929,84.58722378000893,60.37839920274346,47.092170918420926,38.6657206327049,33.44357817361664,28.02223003078635,22.48935427537397,17.518414565039187,13.932823636896927,12.57206896898468,12.163961937083831,12.71227681355326,15.494551103436708,0.4878471454423119,-0.8729290708206411
2022-06-03 21:00:00,-1.0,61.0,83.0,23.0,8.0,16.0,57.74234446395111,22.52570744890656,7.618862102320346,5.025519838832867,63.36949142231316,63.51448830280064,67.99057364535689,73.0626127841615,72.72081985314654,74.70016123139301,77.24352703152897,77.88616455501801,77.80891377495568,78.77444650823394,81.19529397896063,84.98457210714882,92.0146645605461,96.76787433861968,99.93594679923665,97.7706236998106,95.11953270310504,91.35557447666322,89.00585062128495,86.21248008101283,87.86406296162876,0.4727592092862775,-0.881191653407483
2022-06-04 21:00:00,-2.0,60.0,73.5,20.0,7.0,14.0,66.96951913995109,23.81360684045663,7.300558020677956,6.314179029782418,74.03527703258547,74.30325481960332,81.19186306791313,89.45373614070402,93.34534677040568,95.96284411564709,98.12827148900074,96.86354277299183,94.28093506683533,88.4600987890414,85.84786833554638,86.8756898792509,90.9974226351176,96.37853572138782,98.38695784849288,87.56490627940656,75.99663716758913,63.83236590491536,50.06009090476413,32.2789675183509,38.49918447234389,0.4575313760742512,-0.8891934772070711
2022-06-05 21:00:00,-5.0,58.0,61.0,24.0,7.0,30.0,59.56031115516402,16.897044144296363,6.723031158271283,6.60186857559116,70.72008583859473,71.56157395127582,68.11983740620151,67.17267611262989,70.13278544669637,74.76525596415026,80.39492356995302,86.38453265560237,91.95052299842892,97.59446024178185,98.17410222645624,97.8103738379303,95.0619102093986,90.50496494171648,83.56932778795752,77.35962241487778,73.24474767003679,70.43133145618312,69.13583318740002,66.58569022424714,58.03127886803479,0.442168151967072,-0.8969321743510065
2022-06-06 21:00:00,-1.0,65.0,26.0,46.0,6.0,31.0,44.755437304046936,16.236957065177613,6.839190278172194,5.760774063984232,56.14380776313447,57.3456108787623,63.14293608195092,69.90904999967992,77.96782264301187,76.34537917486807,76.16603492830055,77.50859417927393,78.5785100872614,79.33247430000593,72.36254435407933,54.422253340147606,34.05394469901367,27.138836114489205,21.97306831106885,19.81670845423969,19.27660387358974,19.986559088143608,21.211909264419905,22.56456354424533,24.062689966469687,0.4266740831899246,-0.9044054548343
2022-06-07 21:00:00,0.0,72.0,56.0,36.0,9.0,16.0,39.45612661379784,25.35404006354072,7.280001725505086,5.008368178540497,49.48679370727953,49.87718917195426,54.2286819608328,60.38969485164376,67.35977593569001,70.48165807499058,65.30176327604686,55.89248472105923,54.233626137173765,67.74079146944662,73.32701029336882,76.2183092392024,77.44178775761087,79.43475126568008,81.86199062006924,86.25626058190046,87.89493115136541,88.30443921433124,88.54063196064487,88.46396175883302,90.14345509207408,0.4110537546870351,-0.911611107193024
2022-06-08 21:00:00,-1.0,62.0,90.5,15.0,9.0,17.0,75.03763863657984,29.348488347342784,5.742317342340882,5.689100880669718,92.01766064041506,91.83505964307702,99.3636905993916,99.2935317022258,99.56314266285214,96.14670785092272,91.6285433914832,87.44544527534492,82.71765274939327,89.59994796054525,89.95278557423042,91.46661747299312,97.18687145108076,88.28085587332598,75.84028372313661,64.12894708745027,53.277000224957845,44.92634929882111,38.62755353487267,33.82662390369639,34.672131626432424,0.3953117887649151,-0.9185469991587164
2022-06-09 21:00:00,-3.0,60.0,93.0,14.0,7.0,11.0,80.54849897554632,31.096484963951937,5.597806220752488,5.121274943925463,91.24577550865811,90.74913524114584,95.30893176057008,98.76176248572612,97.7758285570282,93.3325899330004,80.96740216160153,75.46376888255287,86.59949696040464,92.72976209677364,96.79292906180277,99.54864966599916,99.88567741934791,100.0,100.0,100.0,99.4055221016858,99.1691586844719,97.58106023683946,94.44379765766546,93.15530102552746,0.3794528437245443,-0.925211078289358
2022-06-10 21:00:00,-1.0,62.0,64.5,34.0,14.0,26.0,62.387687428101856,25.325428871671203,6.986143252808174,6.210028262908476,72.26100846042685,72.05849230935519,73.07709622147705,77.33450444027079,83.22766501287536,88.79224863544394,93.02237199611338,94.8781874788986,93.8695017890862,93.07291702091406,91.86256276716824,90.24479397489402,88.44293511089774,85.0161475098971,79.94493202416078,75.68846486725957,72.28514404251524,72.03299602632916,70.6363585203667,66.11831222236293,60.73552770191157,0.3634816124829063,-0.9316013725767188
2022-06-11 21:00:00,2.0,71.0,36.0,44.0,8.0,28.0,42.38632854210911,21.81719624204956,8.339254848259298,5.225186727418977,52.080779312611504,52.63925012560387,55.2388355472899,60.681992695989976,66.89620851988639,74.26672177981149,81.42790889310622,84.78831547918318,82.41419274579633,74.10131265211439,69.4178556468728,68.13224914972983,71.2029511367086,70.68202076645117,66.69305191752187,56.24526012296728,45.05632811213157,34.35915511374159,28.305784701044463,25.290203082737445,27.733225156046792,0.3474028211842774,-0.9377159910299092
2022-06-12 21:00:00,2.0,74.0,48.5,39.0,7.0,16.0,41.28775436548421,21.74116592199389,8.492824694136747,5.656174255579455,46.58923520427885,47.03431021203996,51.13641133333889,56.56326590444587,62.863275667101504,69.83102918644214,73.31241243980968,73.87496201310888,72.92663460330115,68.56448771238513,61.14384162784082,58.99247399554368,63.418058077713255,64.08817384086075,59.58841207388985,46.751341560013145,35.57071998715095,26.073637437576146,21.612760523654188,19.12232026218643,18.581598740155293,0.3312212278016865,-0.9435531242349544
2022-06-13 21:00:00,-2.0,63.0,87.5,18.0,6.0,16.0,77.90658589720972,27.64545562923684,6.685211592500402,6.710188663021525,79.9980285455211,80.35054815389479,88.35090879682326,94.22488349790164,94.70273965609634,93.65305134921311,92.19636265747972,87.17875117894636,79.87726077628268,78.56839921265598,72.58188521289374,68.34099583003645,66.8708659310999,65.03316573037252,62.73675644918588,61.96525197629473,60.01605248610983,55.47761778433758,49.50286759816894,40.69009799712702,34.90520339830193,0.3149416207289519,-0.9491110448902284
2022-06-14 21:00:00,-3.0,61.0,85.5,22.0,8.0,36.0,74.94439692514361,28.129699125099894,6.337147838772619,5.888275234465701,83.87695446979215,84.82749656737836,90.39700774592964,91.66056452930928,92.42324002273573,91.51455992514002,90.86932591223122,91.16075771203444,93.2281722087446,94.76350974147763,95.5978524169527,95.85890777034056,95.33735318480778,96.13768922852992,96.98914448815994,94.37810565926765,88.36328295907744,76.79295034237603,70.57952363699293,66.68082095353856,62.49464779350399,0.2985688173637202,-0.9543881083175908
2022-06-15 21:00:00,7.0,75.0,12.0,49.0,4.0,26.0,39.92874704583903,20.863251713106283,7.789784872448425,6.281384469458285,50.81845876865694,52.16830333514003,56.97508645568512,62.750308407978,68.02304189753914,62.90323849158097,62.787321482327286,63.3069272562678,60.92434994802751,56.50239840667768,54.23166814691297,51.52184027332424,47.96531162518208,42.96285588206625,38.134467444928994,33.676222954178506,34.3443314657555,38.57069819537834,37.11059090825714,31.41199438694859,22.438393086972138,0.2821076626819194,-0.9593827529490744
2022-06-16 21:00:00,2.0,72.0,67.5,22.0,14.0,18.0,44.16467907446139,33.65235367721456,5.570154975748959,5.320725465714954,52.24257836665175,52.38074608381288,53.19982495359517,54.06536602678553,55.43580799719611,57.63486986968218,61.34787118719812,71.24105507186981,84.71475763534671,91.01987276021843,89.72120276103223,86.34054505102215,81.80901561855703,89.66164565861325,96.97658180788498,99.30386332789408,100.0,99.66942700465,97.79595629099884,92.69098835241203,94.14950046296676,0.2655630278040559,-0.9640935007889756
2022-06-17 21:00:00,-2.0,69.0,64.5,17.0,9.0,21.0,65.59556279510115,28.913291982125457,7.4290403444054975,5.743470595317901,67.9286322882604,67.8979766356429,68.88484346697837,69.04969897815056,72.06238169071317,80.00137345486968,87.59042237050438,90.50489889538032,90.9247047276546,88.65647687381316,84.83442351067595,79.32465685171242,74.89179096715867,69.61831720331135,63.61879482816101,51.12687289353639,38.708634517979306,31.61744487952084,25.87941504622312,23.352017411149777,22.87000831932938,0.2489398085537665,-0.9685189578512204
2022-06-18 21:00:00,1.0,52.0,94.5,17.0,13.0,34.0,76.95835189404563,26.542285148548977,4.744076814696245,5.851446753879078,85.65576855498281,85.34590052003507,90.08218815744712,96.666303394724,97.3090803128544,98.82203486142384,99.3426533898153,96.57950715648164,97.01889502060368,98.94119459490028,99.29603266326431,99.03164802292896,99.70214068479513,99.8170976869118,99.80764809736831,95.56371997349063,92.28092846264283,92.18505460773792,92.40592754715064,91.63782728343106,91.0926750138374,0.2322429240090701,-0.9726578145718654
2022-06-19 21:00:00,-3.0,45.0,94.5,18.0,13.0,35.0,79.3694520433583,21.96784530352626,3.51199398936214,6.126442678178691,89.39857236588146,89.6938127451179,95.4145056243718,98.88751561494531,99.5540380374753,98.1894109969403,100.0,100.0,100.0,100.0,100.0,100.0,99.79702104174936,99.54473994797468,98.66948459123236,97.5076588363763,94.70324284203927,87.36944524894072,84.23462638943424,82.89771968145378,79.59555369573046,0.2154773150467301,-0.976508846196619
2022-06-20 21:00:00,-2.0,58.0,46.0,49.0,10.0,1.0,47.223732167466274,12.809316581284165,5.421632726152277,5.459488802686986,67.68965692730477,69.1458182850346,75.87246081888354,82.89064312496147,85.55826749390948,85.61566694344077,89.49047437937203,95.88107860505748,95.25174001595953,81.96180019815158,48.26032282771528,26.19030919343214,9.54150049219106,7.2117099072130735,5.892384950232463,6.637597535233569,7.31418941697677,7.944908305482428,7.255950214370133,5.731398350203572,5.066462889755751,0.1986479428801711,-0.9800709131432666
2022-06-21 21:00:00,1.0,67.0,4.0,41.0,6.0,15.0,38.66066587184525,15.377086733225555,4.808144092224452,5.240217592585745,51.8389062379037,53.44760030219289,58.84348288804887,65.45358264207327,73.51445021567203,71.0419607727515,51.826690542829446,29.3225410027809,15.230600187193144,9.133036511488111,6.965718195767763,8.940790374869714,13.539575018931668,23.17518312667323,34.13500017147753,46.89903529610844,54.78240496119928,59.71848379849758,62.49137568650736,64.43455382113193,63.04817859080069,0.1817597875913753,-0.9833429613388902
2022-06-22 21:00:00,1.0,70.0,37.0,38.0,12.0,18.0,43.85374800516762,24.857200042713668,3.890892053177847,5.822383165550571,57.31419381553321,58.1906795721228,63.70750549613996,70.6199650287119,78.58434324409083,73.89955169613579,49.85420323511371,27.186002529864503,17.57119108761951,20.05811117258089,31.030525704695687,44.42587490297148,58.80839279825992,62.50384495751409,65.1443955656107,66.393397576404,67.9782876665732,68.96282497227179,70.68810801562687,71.60390910030826,68.41267164489851,0.1648178466571979,-0.9863240225317866
2022-06-23 21:00:00,-1.0,70.0,38.0,43.0,11.0,19.0,50.916423485910975,21.010381220338537,6.090565755305994,5.474205233893936,59.23672488715388,60.26636466824844,65.65155221603244,72.40445239025092,77.74739191028966,79.99106710163588,84.39701430023163,87.2828105366861,77.27934537170978,50.85796388743062,34.566224801195155,24.28839541497584,17.724944101900814,17.832272363528464,18.12039114924433,18.26909815900227,19.71397318290889,22.31192286601952,26.05832613736004,30.739276822699253,38.039547062894464,0.1478271334705304,-0.9890132145779884
2022-06-24 21:00:00,0.0,73.0,39.5,40.0,6.0,23.0,53.262920322678845,26.299149373317057,6.589698858422443,5.675272684517477,60.586321235980456,61.26533256695582,67.26224316753056,74.52728283154357,82.63415210652833,89.42587052569387,91.3441223308088,88.84707004604556,84.7759613063689,80.94775819196128,65.63385731052739,48.01025852275907,30.12369957316736,23.231894576671497,18.927066904710635,21.81897740848923,23.12407735475242,22.868676148208607,21.88156850801134,19.921275620928963,19.34714120787507,0.1307926758567592,-0.9914097417023038
2022-06-25 21:00:00,1.0,75.0,5.0,35.0,8.0,34.0,37.04395944563211,13.856953736158454,5.702810687983431,5.3561353773774245,47.99490185922839,48.71777639381109,53.06531531773424,58.72673805423452,53.1680441895731,37.129659038589416,26.145395439951457,19.904653656488044,15.677788524318697,12.254669488196482,9.6991094769563,9.026565571644625,9.66392908644907,13.178744362082645,16.901936584492,20.967635039298,22.519032490030234,22.288118657792648,18.92801476995449,13.422676994548038,11.614834376840586,0.1137195145859496,-0.9935128947338008
2022-06-26 21:00:00,-2.0,83.0,24.5,38.0,9.0,17.0,39.71087410958227,26.49183248911744,7.021290650282638,5.737604005753585,48.3947563106974,48.65697376586569,53.17011387181631,58.82524306188359,65.515751139903,64.55346643158647,63.891584550797134,54.90230169137551,44.959489428055846,49.04232669024882,51.8503218421497,50.67248073386585,45.58227600117685,39.74631463409821,34.34294512161647,30.150559703453165,26.032426136650777,21.31640400903749,16.982364007250307,11.826356134932816,10.48483493846772,0.0966127018812031,-0.9953220513156602
2022-06-27 21:00:00,-5.0,71.0,81.0,26.0,10.0,23.0,70.68691673630492,32.661540763858326,6.292470117487296,4.940580887687257,76.48632063247474,76.61873325907642,78.67503082459282,79.44661038631847,77.0980591556162,69.7218374382213,59.08869786587056,50.35441532499723,51.21111890730117,69.14238297543275,86.5414806956784,99.18334720824576,100.0,91.2823995764888,72.94535475548564,50.628430169670494,30.54200715583028,15.935089673305304,8.6279860370211,8.986448334118004,9.60780342911602,0.0794772999236209,-0.9968366760893436
2022-06-28 21:00:00,3.0,70.0,4.5,57.0,9.0,29.0,33.55171902332265,14.43009564007417,6.942796865675745,6.33911235756959,47.16000132278823,47.81324617280711,52.00021081890355,57.28796292221805,63.45059597440177,68.45698272102908,65.36387274646721,58.14061781267781,47.24901385883096,33.548330992666045,27.9047138373836,26.43298349946581,27.468769978198488,28.57227582735129,29.39974952691187,29.30134038536924,27.77004599512944,24.72497110726355,21.04833297991701,15.938982932580991,14.409664127290304,0.062318379354325,-0.998056320853012
2022-06-29 21:00:00,1.0,75.0,44.0,42.0,8.0,21.0,41.444086053767386,16.130248430893168,7.401804815585451,6.488444860341484,44.324888834938925,44.81085790775975,48.566020844295146,53.53845863521991,59.21149839151594,60.26278484357238,55.20788149174468,52.68095251011184,46.58656174702972,33.587470235555855,25.589368839422576,20.446311957461017,16.65782308340599,15.775196440156034,15.369247694479888,15.705200374143512,16.35986076546696,17.381412685587595,19.83423527157582,23.32337676500157,26.46948576946767,0.0451410177739719,-0.998980624694158
2022-06-30 21:00:00,1.0,69.0,31.5,50.0,7.0,33.0,40.499911320524994,13.851962069644513,6.07616302592073,5.002010979425775,51.06993711018176,52.27317697277738,57.489036241564,63.85160779810533,71.0665508263648,70.74104948457335,69.57186513279625,62.45184935077015,49.454428006044125,34.58801190729767,22.77665499545975,14.651582859085256,8.59102089401805,6.713930763870993,5.318453587454868,4.729093063103628,5.439137227888415,7.149629170604023,12.352931071132216,20.056853583914968,25.55213252713103,0.0279502982402103,-0.999609314096404
2022-07-01 21:00:00,-2.0,75.0,69.0,24.0,9.0,21.0,59.62226929298537,36.05541639562408,8.008801712137801,4.816440931008904,60.57776591828866,61.7224960200092,61.14528660804629,63.70052672304247,67.5200608501834,72.23992913200351,77.23578685193729,81.53181143437006,84.82879786844369,86.6993606840515,88.07185002100304,87.36811214895735,83.87345065467711,89.42997890624117,95.05535634221498,98.48491203686656,98.99814283577945,96.56931810562888,83.68826047569615,62.96361682374541,59.02053435714345,0.0107513077635219,-0.9999422030204416
2022-07-02 21:00:00,4.0,76.0,16.0,56.0,11.0,27.0,41.600004072976034,18.96087086390449,7.967724492893413,5.791861149169689,44.732160727277154,47.07893582944224,46.22929919222923,50.31571400703484,55.74406827129038,61.6391371634729,63.68094088023503,58.78601006779527,52.42467350424938,50.43848404502642,46.14317546109363,40.44808870458617,33.87415702955643,25.5209943865771,17.2351739042403,15.03526740839652,14.191385946371648,15.714201273132602,17.35809031406014,19.276716183595628,19.99494626368396,-0.0064508641981051,-0.9999791929590824
2022-07-03 21:00:00,0.0,69.0,27.5,56.0,10.0,27.0,38.98000826885171,17.660440370194973,8.617768046810324,5.482433746054111,45.07226900126998,45.38319884535302,49.07616367981733,54.50761000224156,60.86539235564546,67.64171707508613,70.4906345603073,68.03973281068055,64.36579492872085,63.24463348523731,64.7411320403981,69.10297149653903,76.06925626651591,80.19383162535672,78.49920805899129,64.01495203947432,49.101608315597325,33.9159881516043,26.866056141666323,23.70715074590949,25.602101872382672,-0.0236511272452315,-0.9997202729664084
2022-07-04 21:00:00,-1.0,68.0,10.0,62.0,12.0,29.0,35.93055439691473,20.203398187009405,8.099223217558825,6.555574915117796,52.10247611016685,52.74892178944556,57.47920215061592,63.70069811191276,71.19210483584362,78.79413331063239,85.07647646303387,90.20069976837767,93.8950607894835,95.684698752766,89.91845800443036,84.7761422151493,79.78276699253949,75.62642511749256,70.56059440927899,64.64028483646173,59.42169907250005,55.15125662619064,52.68412325193796,50.73319401518547,52.61323372664021,-0.0408443915432961,-0.9991655196610107
2022-07-05 21:00:00,-2.0,70.0,78.5,36.0,8.0,26.0,49.06274959008728,25.22002920625681,8.341834261109467,4.709047833946768,50.146764593554096,50.62858672025728,54.9506795361565,60.866870080493385,67.8063171840841,74.82979419927325,76.71492966714911,76.66992930572466,77.57367855576682,76.51935577346823,77.27714972489373,79.45261907685773,83.05131716276188,85.48881905542423,83.82794497912074,74.2925122469448,65.37069980926174,56.89915186466074,60.75470314734931,71.82338967309069,79.51930254094228,-0.0580255693287803,-0.9983150972033183
2022-07-06 21:00:00,3.0,66.0,25.0,48.0,11.0,35.0,46.655185430262414,16.276642128452128,7.772755536078014,5.285439269795988,47.237296054485135,47.65815910181635,49.22352473087536,54.04303502561098,59.73088033924323,66.4877288562021,71.46374383400872,74.11346552420225,75.44936312383476,74.61325145791643,69.63864738843444,62.51176998400984,53.06829986123809,36.06429980805373,20.71404915925628,11.99477232242741,8.466666272115823,10.805952153850267,14.510174383539615,19.43410561152181,21.978433192322846,-0.0751895764147585,-0.9971692572470178
2022-07-07 21:00:00,1.0,69.0,56.5,60.0,6.0,26.0,38.98000826885171,17.59402745391495,7.738573617964561,4.518198196343551,49.312437957661245,49.7399386680566,54.178671686302,60.05422388542363,66.46613903521096,73.48610260174664,81.17271498429207,85.85149112572569,87.35619968411964,85.82290854652965,82.31087575839436,63.255133966594336,34.758288257053884,19.970333785065574,9.9452778995862,8.516987445520357,10.988080298301528,16.974129454324434,23.49084445528676,31.527295484414783,35.659979050916704,-0.0923313336953912,-0.9957283388645872
2022-07-08 21:00:00,0.0,68.0,67.5,35.0,9.0,30.0,56.5773530853524,22.8430684875282,7.492942596553354,5.824564115961656,69.60721825797917,70.23667650895052,75.8706135958824,76.24702800300302,73.0313102306308,74.02989596180583,80.34175073453666,87.60634695697601,89.47887778733113,78.23652844575429,67.64128136114394,66.475978040417,78.02168354477038,77.17197590628311,70.11558342201654,49.94888189392957,31.635309796398424,14.389569891324438,5.178897706176628,0.2069228901070622,6.4532843488027165,-0.1094457686489155,-0.993992768446958
2022-07-09 21:00:00,1.0,65.0,21.0,48.0,11.0,31.0,39.862256150108216,16.760152751284224,8.308527478887283,4.4480525656582,54.99130214314016,55.82178625031512,61.12192875087095,67.64737602933806,74.82451234923391,82.08633611297356,86.3601907093663,85.8885711717305,81.89821219170199,78.69560090374566,84.1208576021478,87.11751864045169,85.70464281861008,65.39574751781247,45.31807534255515,28.07983422216539,21.41788233680332,21.57504867725089,26.13492798406625,33.83478116810785,37.64049762032885,-0.1265278168386831,-0.9919630595773395
2022-07-10 21:00:00,1.0,74.0,5.0,54.0,8.0,26.0,35.513665945840565,19.459784001302506,6.916256263632969,6.970081087393671,46.913395764602775,47.24699619055844,51.02561681997062,56.92152969353831,63.34476761351413,70.14153872386098,71.48452899667026,64.62029859046264,54.68343960182238,46.49442346199786,45.45286263164081,44.55656429914793,43.67168153631531,44.86352449235194,46.480855353931936,50.00962327621213,52.31921712819684,53.63533472464679,51.75768064004382,47.13297000720226,40.31488154746879,-0.1435724234118113,-0.9896398128792412
2022-07-11 21:00:00,4.0,76.0,79.0,35.0,9.0,24.0,46.45053851874472,34.430873612742424,7.798226164711979,5.162959968471357,54.06048251499264,58.0251278511421,54.55339843716548,57.78088226601044,62.28520764559137,68.53997530629356,76.33816784591228,83.45214937696011,86.66454242318157,86.7602956925552,89.22034569528721,93.42034749326572,98.85167817851512,99.1697292878563,99.03512971342263,99.6877852856286,99.1597869042672,96.58550365825693,91.46347025281878,85.16175881256575,81.56883267985458,-0.1605745445949937,-0.9870237158387384
2022-07-12 21:00:00,0.0,72.0,80.5,17.0,12.0,22.0,73.32748485196429,43.882172088245184,5.833787713917106,5.759789014419735,85.32626295845034,85.28659589484566,77.20230243676916,68.914707744768,71.36473607724263,79.24160431561236,86.7688324781656,93.44832081653092,96.3357562064915,97.96055558183504,98.7189261013234,99.21644973890128,99.309618189072,99.64935636197264,99.7909552144296,99.46364981363573,99.44693415292484,100.0,100.0,100.0,100.0,-0.1775291491870349,-0.984115542601034
2022-07-13 21:00:00,-1.0,73.0,25.5,50.0,9.0,32.0,42.69898982567596,20.67113125420456,7.610699031344036,4.932315458689731,47.84780566163991,48.20702799929808,51.25661962540688,56.536946353436,62.41202312768138,66.01595943290644,65.60941284644166,67.27850842610249,74.4057358212072,81.07758535483082,82.2658303324205,76.18875029456899,63.04940275440622,47.64030218020216,33.34117378285498,24.419478086656785,19.67706400176408,19.10134741252442,20.388143423092853,23.12451689400843,24.983804497409125,-0.1944312200476619,-0.9809161537413774
2022-07-14 21:00:00,-5.0,67.0,74.5,17.0,4.0,34.0,60.7543368911074,29.47757285033416,6.431099844359382,5.649899354067757,81.37387561479065,83.0910729997654,81.52582705295582,86.28509390175859,85.21530874857258,84.44661101680155,85.67141006038777,89.08518757639071,92.03392289661602,92.8016483762803,97.79264413984026,99.05216033407986,99.50141064900444,98.97739822426006,98.50924521513244,96.67907486329396,95.21385902459473,92.74114927676072,92.26716732473976,91.45138331837772,91.47241061401226,-0.2112757555821793,-0.9774264960104057
2022-07-15 21:00:00,-1.0,75.0,8.5,61.0,9.0,29.0,38.46249485249697,20.808576084409363,8.485221916103294,5.411580945184274,49.69579976638996,50.358177090713966,54.69788578923481,60.200825593010045,65.63730324412404,57.69152692581162,57.64076016745021,63.04794963087336,66.83196366585766,67.9171194905234,67.29757635123137,69.6881094856463,74.17768221700945,74.42717884670813,67.19820199914356,49.74566164942094,36.28610070860416,24.90827006369904,19.740081901221465,16.452844580672235,17.1885857907452,-0.2280577712215198,-0.9736476020539838
2022-07-16 21:00:00,-1.0,78.0,24.5,59.0,9.0,25.0,37.51600687661515,24.36515776336684,8.72017239214489,5.037756745378432,41.82801274986151,41.98401245381567,45.177826522756085,50.09049886385553,55.60978603832145,61.753583168203264,68.85829907854966,71.76253057078266,69.91610535113699,67.02693481826199,69.43658859691459,73.04354933963172,78.01550922211446,80.23790625669311,78.67465543323894,71.11746244572433,62.045522278845645,51.920707487238616,43.88372150091499,35.2200855097679,30.93404628694914,-0.2447723008972595,-0.9695805901076308
2022-07-17 21:00:00,0.0,80.0,15.5,57.0,8.0,28.0,37.82896863886016,25.27050430609169,8.56985823592015,5.425815181701709,43.09675696748354,43.32016076497312,46.92206761559275,51.50488299264551,56.613119416916845,62.1602963103976,66.29841697901419,66.75281964504505,64.7578721114143,68.66703474549966,74.5598224130134,78.43375640154395,80.26620252949232,75.9906577954503,69.60393272779591,60.719505510553184,49.64576454337308,36.28687279366339,24.8699250403534,12.360630138689832,11.175628376485408,-0.2614143985111562,-0.965226663665613
2022-07-18 21:00:00,3.0,84.0,45.0,53.0,8.0,23.0,39.865240218076906,28.191158018392088,8.30888048000402,5.144641097810154,43.17041232590427,44.041600519285154,46.1887647078974,50.8693733076036,56.15221638515412,61.88322381228235,67.17766239513794,68.6093027289565,62.917678269052416,61.89076091670539,60.567238368075984,55.81098096804039,45.799296956328206,37.20739766055312,29.23973305249237,25.697830356429968,22.376849296342247,19.541707287604265,17.8631003350848,16.85147016204161,15.972968507843548,-0.2779791393987801,-0.9605871111248128
2022-07-19 21:00:00,1.0,72.0,57.0,20.0,11.0,29.0,68.33135540319206,33.65038387495718,6.7369223261704025,6.415884869344818,68.34007665804751,68.34260384024977,70.70935844073219,76.6791029650631,79.7619781903024,78.96013573707667,78.15416532532366,76.67506458961083,75.54324004682698,72.94073174656056,72.55933240556665,73.75503065461903,80.28600977057205,81.23752564059174,77.93686000584765,65.55796082810787,53.35376430488509,47.29371178056974,45.13573464737708,49.76195251522557,58.35864067509768,-0.2944616217868012,-0.9556633054034704
2022-07-20 21:00:00,3.0,77.0,6.0,39.0,9.0,30.0,40.24187217806167,19.848821929753527,5.4783528157948185,5.673168218261458,52.95308948226963,53.02575197672129,56.34384757207233,62.08825340980536,66.45085912426964,59.037639812904416,48.2683440512477,40.16524847976273,34.38082029424706,32.06341712996308,31.232220474673888,29.85378228689836,26.99123850680081,22.86230539844643,18.008490881221114,14.772828567385243,12.139934719787664,10.798207572150536,10.042658503683487,9.983532302104797,11.216998446897858,-0.3108569682435036,-0.9504567035349152
2022-07-21 21:00:00,-1.0,82.0,72.0,26.0,11.0,16.0,56.46565215030564,48.348698407986056,7.444654716198537,6.401496388255035,63.85313056439834,63.770313876582186,66.3666546001459,72.71332719264578,79.4329654443314,83.9713663887948,85.0208304505664,85.16369733751151,85.99569513635326,85.1588374987068,82.63298821026349,78.3821107408017,72.28111755943296,66.42622284593263,60.14658555985457,59.775093170025286,60.11816391919992,63.58255923519414,67.47608173664091,72.94766269886588,74.96276823671295,-0.3271603271220951,-0.9449688462364056
2022-07-22 21:00:00,-3.0,81.0,9.0,45.0,9.0,27.0,43.93224403295816,27.58281081692972,7.621692317600368,5.46282731895091,52.96108500278607,53.84428183930399,56.69348027025407,62.60796106521938,68.98768561770216,75.51152553463761,78.56526446754319,75.63164348873568,68.46929244371749,62.03124774632055,57.08721076652357,52.79685754061874,48.61113801896087,36.82059660430683,23.85843288290328,13.84058630223178,7.63426073565463,7.503134269275742,8.374083242022238,10.221652075456516,10.4376727306743,-0.343366873996388,-0.939201357453208
2022-07-23 21:00:00,0.0,82.0,15.0,52.0,11.0,24.0,42.526798460741,30.52528310198832,8.577164302838026,5.263683249274218,46.266057665128784,46.71211331637763,48.68370721571185,53.11595809761693,57.82810804407711,62.38875687543274,66.14202800340944,69.87091559003319,73.23595165126719,75.80226555316287,74.80923299537523,73.00106735023034,70.00409253885984,67.77317290034337,63.699367268542375,57.30838290247758,49.14076980238403,39.92146145039418,30.49525959261899,19.88760833887149,14.529230131685658,-0.3594718130884232,-0.9331559438780432
2022-07-24 21:00:00,-2.0,80.0,75.0,11.0,8.0,20.0,56.19500657655519,42.94995877257937,6.920756021552339,5.516669687900509,66.35084222001933,67.91089508431045,66.06081975149338,69.18118500903302,72.0164427493911,75.97558966145422,81.49380566010409,86.04264331384037,88.4707302140725,85.53087849439589,82.14648358140431,80.18801294680513,80.42132730235676,79.83450212627275,79.23684370041,82.015994679741,82.80577600763392,81.36564521772533,83.99295367947079,90.81768752348952,92.38775476007211,-0.3754703786876202,-0.9268343944460494
2022-07-25 21:00:00,-4.0,76.0,59.5,47.0,12.0,24.0,59.7524116708861,33.99184226526751,7.355353836490225,6.208951005859189,60.07323936525955,59.78679411824053,63.34714104267027,69.90538992719199,76.63787826007108,82.42635957015074,85.13884903230854,86.71989464147282,88.51424584054598,83.02190195813743,72.04182398403118,61.285966031730965,60.01296748494236,60.1411844558094,59.782715444744014,52.3748456779353,43.20183120148444,29.671406516978976,19.468435122271543,13.581967035086356,15.038744665901744,-0.3913578365610259,-0.9202385798054076
2022-07-26 21:00:00,0.0,73.0,32.0,48.0,10.0,25.0,45.99392700009288,25.32544111586101,8.10333678850384,4.0694992428199575,53.768794470492345,54.02381895642573,58.548354583162286,64.99891987787623,72.01126161386166,78.11130439489847,80.5365688456607,79.88503709711155,79.5594231988488,80.01617152026557,82.28674132239392,82.53157135560775,80.00210369243115,66.43286720300432,51.92648251940663,36.83703378616711,28.485903509735643,26.15973135264519,28.126406562712464,33.54386292622299,38.36823412491952,-0.4071294853542516,-0.9133704517637858
2022-07-27 21:00:00,0.0,76.0,23.5,48.0,7.0,30.0,44.78108457497471,26.127656850079383,6.685102780547067,5.487464966388327,55.69568180086998,55.85499213917734,61.10559239483961,67.42936553427087,73.5810760166199,78.31878356873581,80.73088799016539,80.06016374420282,76.13512678288153,68.36344457833746,61.15767391313815,54.12342306836355,46.24715451850581,39.6656116847492,33.1469617580838,29.5293278170028,28.452346633281145,30.326974356076047,34.0975091727196,39.93610540549822,41.183018973034095,-0.4227806579826773,-0.9062320427107696
2022-07-28 21:00:00,-1.0,79.0,38.0,42.0,7.0,18.0,45.23861535325565,29.63652957408499,7.516701054109428,5.1548444476482285,44.29425615028678,44.667524793119455,47.947352446761954,53.16672495709317,59.010487113660616,64.11804105119418,68.25220250106966,73.47124660658645,77.98172587434223,78.66915972361431,73.75459973577091,68.79330725074378,66.68125288430973,71.75503355379406,76.39088821637066,74.15033746496378,66.86287959661486,51.68870934125527,36.58795606878067,20.719799629309712,12.448910078813654,-0.4383067230125192,-0.898825465016444
2022-07-29 21:00:00,1.0,76.0,21.0,54.0,13.0,25.0,44.78108457497471,22.10738412818916,7.988073990671632,5.778603728951217,46.84960419071083,48.423051863856045,49.548371456882265,54.41649746997634,59.942056403800215,66.11026055999547,71.31605928535944,69.53348818366172,53.43328236802908,51.03784203184064,51.27163884444179,51.223139147414784,48.66870504263533,44.0232535716076,38.21616012082816,32.82815620885947,27.57360860106479,22.95389557642224,19.59552687977855,16.925845986065088,16.52118684084419,-0.4537030860313442,-0.8911529104063088
2022-07-30 21:00:00,-3.0,72.0,37.0,40.0,11.0,30.0,53.11966776632261,26.505149533915866,6.629606006558416,4.7659081274425255,75.06138304698877,75.32925091636588,74.77237947204023,72.7088840959309,75.90798382947412,77.96780793970808,78.45506923603105,78.32540390450784,79.9071334127751,84.71856903437359,92.07367483074262,94.10916653158608,88.8962230270862,67.93201643521147,48.56928026775101,39.17012962241717,32.0177897174826,27.18418865987874,23.5663542820435,20.08980500617126,20.730089489911244,-0.4689651910076318,-0.8832166493127127
2022-07-31 21:00:00,0.0,80.0,15.5,44.0,10.0,25.0,45.3902169710704,32.057719843668856,6.758364531038408,5.700331866913405,57.23424873278156,57.95485345468319,64.21136098461766,71.25399142595371,74.74041058815666,76.72199246902551,77.15893716996038,74.55667277801,71.92077542425702,69.85864974883694,69.2352189433035,67.82924492893268,65.69377043780547,62.98591914034745,58.67184932171072,51.759708574096805,43.51523213198986,33.73735497276392,25.68639249748712,17.394054770359993,13.227319146683133,-0.4840885216389758,-0.8750190302029955
2022-08-01 21:00:00,0.0,80.0,28.0,39.0,9.0,22.0,47.05273912757241,30.057230777135047,8.300161385506563,4.833086387745372,49.27904844392674,49.490617474722896,53.787217732758464,59.91569751015018,66.56077165232345,74.50980927689699,79.12916678516737,79.10829976217858,77.82907612149555,74.85532978911772,73.0767375759457,72.10974083831448,71.59658843909597,59.740405636424086,44.235350004892176,27.40599283962388,19.891502209888444,21.96111224464021,27.41320657023269,36.5911171484437,41.451512936549385,-0.4990686026885319,-0.8665624788845385
2022-08-02 21:00:00,-2.0,72.0,82.0,15.0,8.0,29.0,73.32748485196429,41.063611361501856,5.93992467629796,5.636199234476158,82.44203493088787,82.88193351180612,81.19853669781159,77.70927178634827,76.28632608552739,78.11353435834941,81.1187162021009,84.86365471201715,87.83570296108067,90.18506964676504,90.1526432608551,90.7416092643651,93.7086470253192,96.40037040003764,97.62676401507764,91.550075962053,86.27418244807427,83.18919774957122,81.44816269672124,82.42378200082433,76.50343031451499,-0.5139010013093103,-0.8578494977869301
2022-08-03 21:00:00,2.0,75.0,15.0,37.0,7.0,21.0,39.92874704583903,15.257686347803547,5.483448785220464,5.267751630436261,42.89287093869232,43.62178189473115,47.96957165701257,52.99765172673333,59.101785242719714,61.28235884114012,60.66613172013992,43.58480613207259,19.807187130156795,7.595441086193428,7.513446309192997,8.05265851151025,9.239737690260007,10.969230039708515,12.546655135161677,13.43644530971105,13.512543254662038,12.948098560729711,13.31653991958206,14.26459376519139,15.687225887134062,-0.5285813283559292,-0.8488826652214553
2022-08-04 21:00:00,-1.0,79.0,78.0,19.0,9.0,24.0,60.13960745391395,40.78861122969692,6.4037520239477175,4.991409824305482,62.94623510396289,63.29063025737352,68.98214211272729,74.09759911400857,82.47177866646554,86.96713301293045,84.38019129203313,79.59922048829193,76.62427905147537,77.84107487358297,81.13490399500263,83.43439416107172,84.57612573441372,81.20239880196081,76.59594584130461,70.24948490987751,61.97175025975954,51.264057844772736,37.285566880091295,19.64193457890876,9.326923896462052,-0.5431052396834317,-0.8396646346181327
2022-08-05 21:00:00,-1.0,75.0,25.5,35.0,8.0,33.0,41.444086053767386,22.40890991805761,5.253571722277124,5.6707976687264745,49.88786122796859,51.92869502041743,57.40018478517784,63.955725182428495,65.52794934003558,71.66514014821603,76.24878994783161,67.25815724168496,51.46582298801102,35.625135284700534,27.28851284446857,24.976034282295743,25.594619028889703,28.6296366650703,31.03676644546111,32.1480522948293,32.75129848778743,33.13372037743003,33.01878284090678,32.60611493451595,29.735191808604394,-0.5574684374327892,-0.8301981337405212
2022-08-06 21:00:00,-1.0,82.0,16.5,40.0,10.0,21.0,45.692058272134005,22.315515805038324,5.647490344987992,5.805592632602772,50.776241121688685,52.195656258766,57.28282184556538,63.17426100188618,66.05050581350808,65.30464630368712,54.49815301380694,35.806507035085694,20.842724952708235,13.513716248656005,15.039670507773351,17.78146851144336,21.25729510418453,21.43411741014254,20.93891503885537,19.21199661998051,17.032578692037216,14.276498901628305,11.699272591216385,8.659286831280486,6.538606101227475,-0.5716666713027052,-0.8204859638785327
2022-08-07 21:00:00,-6.0,75.0,73.5,16.0,11.0,32.0,59.62226929298537,42.43799825280361,4.919629873577432,5.200341039780395,71.3294344265473,71.81687871492439,74.83815623702925,75.24867581990203,84.43706859837341,92.58807231996738,92.98919727209989,87.89572796125167,83.2186788699258,83.1356409373037,85.43465000733313,86.44729775883535,86.52979691406378,85.79425801938181,85.85106730276468,89.43463916311607,94.0369354886534,98.71934498384178,99.18296308981446,98.94955316204998,92.04924706787727,-0.5856957398073508,-0.8105309990194823
2022-08-08 21:00:00,0.0,63.0,91.5,21.0,6.0,11.0,58.017639995610125,24.894960174669272,4.872925373450657,5.224209592966632,48.995837461228696,49.82862186156376,55.06441192008937,61.018586775168224,66.9057478340059,64.2033988586519,51.682448299922754,38.26432259919984,36.46917184235519,47.18794694528253,45.45427272619893,43.60135170669264,41.65837172160504,51.08263324186248,63.00868871175479,79.42374482793811,86.78417075719555,87.02738310779353,85.38109421649868,81.8092784320559,83.88201566752298,-0.5995514915196489,-0.8003361849976323
2022-08-09 21:00:00,-1.0,62.0,83.0,25.0,8.0,5.0,69.72963181723787,27.191644598448207,4.215656891260714,4.306753064563245,77.13143320723864,78.58595840309016,87.24513322712038,95.83290857602908,98.71305000777436,98.18981061451537,97.84295273012371,97.74816691116838,95.85220763245135,93.03675187136092,91.55992317882944,85.48457382443995,76.41566226115822,63.97761453251691,51.58343614800802,38.671943053860005,26.78006797804022,15.482417004031651,9.621828234029351,5.313670759005533,6.1443309298265385,-0.6132298262997502,-0.7899045386224707
2022-08-10 21:00:00,-2.0,70.0,42.5,35.0,7.0,20.0,56.85324660594026,22.66973363157331,4.638459518269601,5.603254113378812,63.54758906810144,64.52123543761742,71.48736106965056,79.8117924881745,88.13277866083331,91.41460672940856,94.32178662231271,97.9378754464408,90.34723847971928,69.13646009840606,41.41265113785892,24.24848897524992,12.73536571668081,10.07587761782803,8.040042212662316,7.59812919209447,6.843545817465767,5.6104097183356325,4.624129288547,3.5545027208145905,3.537148479824757,-0.6267266965083301,-0.7792391467859886
2022-08-11 21:00:00,-1.0,70.0,78.0,11.0,7.0,27.0,70.58262702474482,31.14292670667685,6.393513357423004,5.843983578220071,68.02447273726764,68.96194852690175,61.656327865429375,68.60999573996416,77.54894286471131,84.27491030879727,88.05630811757763,88.49930489635368,88.14260629112705,89.0616116024292,87.92015731413368,84.07148841653151,77.40262816453871,76.35964309097474,73.60580435741664,66.94889474204064,58.91434739303255,49.29100312816112,45.647616302491336,47.26796461392813,40.02227121778909,-0.6400381082043503,-0.7683431655492202
2022-08-12 21:00:00,-1.0,68.0,43.5,38.0,8.0,31.0,52.54132558106587,21.28848101414761,5.663149274185948,5.969912294162183,64.4007138060971,65.21642683936034,71.79621428129373,78.94013518866659,82.95510845557953,78.9643116904508,81.56309774960468,91.17967069750792,99.42690217512488,100.0,85.23724166958633,61.05666531693284,36.16050419132928,29.402020211637662,24.75351929820933,23.37613890661884,21.564905458794108,18.676001804738046,16.256364426175708,13.148022840913075,11.554278911944186,-0.65316012232693,-0.7572198192083127
2022-08-13 21:00:00,-2.0,70.0,71.0,32.0,5.0,35.0,52.83156593782089,23.44603166278965,7.743511376524655,4.531940529288623,56.247753761822,57.74959938343167,63.893454371388735,70.92490424411753,79.0885823921769,88.45065453421071,91.55929535699696,93.02895656728045,90.54937608416547,82.53076469777301,90.56522102507311,86.94272302514561,72.14534495087473,42.33301272249881,23.577742286479044,16.388818853316955,12.891479866248096,11.659791563979963,8.663432789045416,4.018821365737465,9.110072669838807,-0.666088855860977,-0.7458723993404063
2022-08-14 21:00:00,-5.0,69.0,58.5,31.0,5.0,32.0,58.82995164909111,27.9337485998591,7.247208947886232,5.328930693185239,70.02237329834308,68.20634479988077,66.89154204254869,72.28907211546795,78.50239643319094,82.04493179776861,82.16302479609793,80.97364299129049,79.17098020966763,76.6926154465243,74.8271994772437,75.08692744061275,78.20673881357423,86.45831795376017,90.09024217264368,82.85027381133774,78.99364468943298,77.8392906502715,76.1552204891888,74.26990988119768,73.41417925911942,-0.6788204829862355,-0.734304263829602
2022-08-15 21:00:00,-1.0,75.0,24.0,41.0,5.0,30.0,46.298807793176586,23.590714408663548,8.247912830544097,5.57782362680298,46.15733386139223,47.01151326769972,51.88972171842242,57.5370511759793,64.03171460776909,69.55896289907892,70.22196426844134,70.56110699112278,71.29364065811167,71.2303021889094,74.6913715844068,76.24951762473988,76.58624229678954,66.21268096476535,53.3265178741718,38.50726631031203,29.64990392055619,24.70400065880505,27.203156894803023,34.50911938627021,42.14528425320047,-0.6913512362094071,-0.722518835873311
2022-08-16 21:00:00,-1.0,76.0,21.5,46.0,7.0,5.0,46.45053851874472,23.248340528342183,8.108415055511859,5.473269530725465,48.746849862047135,50.25893995374607,55.28258625881851,60.982196201599535,66.92944931951052,63.55545294816294,64.73180296218104,66.27360127514225,65.23770469514962,62.3583821188165,61.40575726747088,61.12589448655513,60.23056445608213,53.80983905705104,44.9179693582936,34.20167382794997,29.830126276736884,28.69700756023084,33.160083348080434,40.67451651917834,41.68462277089276,-0.7036774074790128,-0.7105196029692745
2022-08-17 21:00:00,-2.0,67.0,96.0,30.0,12.0,5.0,63.01927907119633,29.18673372980365,7.21589919955667,4.083711474704948,58.43375596734228,59.67955519570262,64.77054122664595,70.95476448976838,75.18970156658145,76.9362578066654,79.38591691443698,79.43576258359975,77.44334913472669,74.012126976385,72.38794290444429,74.22353846937646,77.15647059214953,81.57686075707227,87.51077661321796,94.1994215670093,97.4392988637129,98.1184975203916,98.8931880198009,97.9400115317169,95.62920188141705,-0.7157953492826642,-0.6983101158835584
2022-08-18 21:00:00,0.0,66.0,78.5,19.0,6.0,14.0,78.15557312319325,30.213295371109552,5.304055927663336,6.36043942383845,80.60031952883303,80.53139646517691,87.23455971099516,89.50959185059413,89.2173567154994,91.35499749445478,91.84986960789992,92.76107182681947,96.46489553563062,98.49034649703108,90.68960452525316,80.11555750645685,68.17262090120401,64.28551029179532,61.43949226473201,61.32090767854926,59.25915216475332,52.33765550571502,44.04621433642559,32.20892056867001,24.78106098572781,-0.7277014757264236,-0.6858939875998223
2022-08-19 21:00:00,0.0,73.0,39.0,36.0,9.0,29.0,57.26296650219611,28.14093830387695,7.610042950231207,4.942282506043255,59.12498603588159,59.728957870200674,65.33504782684118,72.21537419333286,77.81630804089133,78.24105705045135,77.79639955946695,79.46117141664028,80.5189566888739,78.82042133483898,71.62318429497569,64.77040524619433,58.28056770475399,54.293517718446736,49.200914611591536,44.258844461190655,43.57660419329152,47.22607363729932,51.75413020953393,56.97142787680395,56.65852018596426,-0.7393922635959241,-0.673274892250183
2022-08-20 21:00:00,2.0,81.0,13.5,38.0,5.0,26.0,43.93224403295816,27.871875995138865,7.875978490059652,5.568980057512916,48.32067666309733,49.92040998767752,55.07851864320067,61.20461265017284,68.36396844418825,62.32050691627477,58.89253653999806,55.436775817518594,52.25753421553275,50.88242643098919,52.96406349391331,57.128538071591805,62.90050172994508,67.43787562934533,70.56542285919754,70.21554153328438,66.8533742720762,60.38088651302815,52.51310043740267,42.63516792276136,35.80068502710756,-0.7508642533989489,-0.6604565640279754
2022-08-21 21:00:00,-1.0,81.0,42.5,38.0,9.0,18.0,48.9158905388298,28.603804347605777,8.141846224321398,5.64118927038684,46.32818549323778,47.22406127522946,51.74614051535601,57.44715174495559,63.4378828863618,56.8158975915518,50.12647996601678,47.248169415835136,48.44711005597443,54.27055421730385,60.0667514965304,63.96219311190677,66.44790322125779,65.92931471610729,64.67292553098545,62.3105516804828,57.69081321430466,51.00601934209609,45.43205327934261,39.33282333859414,35.47698818394645,-0.7621140503891487,-0.6474427960827475
2022-08-22 21:00:00,-1.0,77.0,63.0,32.0,8.0,20.0,53.83064226424435,36.82853251254129,7.355413651940318,5.658775238848596,54.34020480621642,54.9872359832096,60.49419045814647,67.36811537864239,75.23350797622412,81.56031227564809,83.00992803507602,82.86209442721533,81.29975329376157,76.33959658873212,82.16489006309865,85.16854037738055,84.51942856160512,83.43222519263864,83.33167941988245,86.62499820434412,88.49463791638283,88.55749216772476,85.72116113220328,79.3501200166846,75.58883852967423,-0.7731383255706026,-0.6342374393978054
2022-08-23 21:00:00,2.0,69.0,85.5,24.0,7.0,11.0,65.59556279510115,35.318082132286605,5.2298245829465575,5.253238908134308,74.47574554573309,75.24554616051138,81.7513254333273,81.95859829152958,84.04100945780212,86.23737407607273,89.61842408976814,91.68583833208716,91.02415718509904,87.72837598191438,88.4100090977349,90.99579574179658,96.18396926296428,97.49856295001388,97.47104923095722,97.36603191615104,96.1231723064367,92.12224693913798,88.10384551366727,83.08300212165142,82.85803610423076,-0.7839338166829201,-0.620844401650647
2022-08-24 21:00:00,2.0,70.0,67.5,19.0,5.0,19.0,68.10974812297766,35.317207392750625,5.572794155095286,5.427719555587648,82.72181730142374,82.74508364218585,72.87234586231737,79.20665946897567,90.53438180716078,97.36750048354106,98.58472129878476,96.30989709816691,94.19312320723736,92.4653373043164,95.80146463103668,98.44716608427936,99.58050797881646,96.67592500914304,87.95159060303794,71.42801321559291,58.22123774740096,48.48284145639517,40.6039492073166,33.65465051181763,30.187814920205764,-0.7944973291665992,-0.6072676460566135
2022-08-25 21:00:00,-1.0,69.0,20.0,42.0,8.0,32.0,42.0719327149221,12.673167841204046,5.204366593975274,5.82390076372528,46.49630689739319,47.64919913336729,52.56485605717566,57.84132746973312,51.39474865420654,46.96066941157649,42.03898954844557,34.30075483210439,24.242867507660605,13.185935995134017,8.640923960887193,7.650664883697419,8.805495215585438,11.989660568520751,16.45325787162736,23.05246870244344,30.680611083919228,39.69895351663757,43.66205817918413,45.48019522315053,41.58808648445938,-0.8048257371083452,-0.593511190196115
2022-08-26 21:00:00,-2.0,58.0,95.0,11.0,5.0,6.0,80.3969531641842,32.20947242575745,4.781990164650609,5.383933151597604,88.91229223478666,89.99255357518858,96.68161663417514,95.24875316060223,97.3623678076116,98.42809183221092,98.28505073840972,99.00623989235686,99.7453543405114,99.42203567763086,99.65397290789672,99.70095217908816,99.85013895101017,99.21693051803932,99.3267635513727,99.60043832058396,97.7442156977002,94.39586981697455,94.5917993918065,94.70935525848364,93.26974389596884,-0.8149159841660791,-0.5795791048257612
2022-08-27 21:00:00,-2.0,66.0,25.5,43.0,7.0,31.0,48.45795100926463,16.76417568840076,5.217161989913604,5.699939946445946,61.276660640754,62.94664333842393,69.85795483340767,77.7319351280061,73.38652005441627,73.33698634842804,74.9294072786041,73.24284372381676,64.73285205273574,48.96360611479314,22.6618630689802,12.653465998867988,10.244256318994587,15.95577261453219,21.540270907026184,26.76196845531112,30.34732875253364,32.669204985618485,31.06843036832541,26.485853354627352,22.5035512963736,-0.8247650844733614,-0.5654755126737576
2022-08-28 21:00:00,0.0,73.0,38.0,35.0,8.0,23.0,45.99392700009288,17.355902150362173,5.237075570316335,6.018907415197403,51.28846894323974,52.74573741852517,58.11706784240366,64.47243951287064,62.82917849053149,44.14376787796967,32.26707948929263,26.755805084392648,24.343164591037542,24.16005229994294,26.010209996366,28.419138259785043,30.86237068139343,31.00405521523485,30.036523131101102,26.906657200155195,24.53357840424927,21.82212106287222,18.73565506059532,14.741280561347136,12.825398525864223,-0.8343701235229537,-0.5512045872199277
2022-08-29 21:00:00,0.0,79.0,66.5,30.0,9.0,23.0,58.06776774038548,31.145050237014576,6.6652020849989295,5.153532281081509,61.57103838745967,62.18821271913298,68.38152192872529,75.85451724873357,82.71309275390017,85.14260434923145,84.9775455565123,84.55744246091169,77.49650174086949,57.83192273640567,41.835573427885855,29.945887257480315,22.42767014366374,20.55022160933252,19.59530622858796,20.965940460172416,21.392498876355024,20.81726413239141,19.478718373585075,17.32201264852368,15.944043743361805,-0.8437282590292712,-0.5367705514607103
2022-08-30 21:00:00,1.0,81.0,30.5,27.0,9.0,20.0,64.7147091997061,45.55456852270888,7.457797246438074,5.285245106506869,60.03748949653199,60.64769411395597,64.50942026495015,71.38709791967092,79.11533399236089,85.1744666238663,87.16854773543787,88.42759865976187,87.05459863508278,78.31270121303488,73.21479402732032,72.11726958055793,77.6906451146749,82.27970059909211,84.13984319629768,72.44969634430913,63.78693169655217,60.16779514883027,57.83116119872188,56.258422490902205,48.66009690261475,-0.8528367217694595,-0.522177676659508
2022-08-31 21:00:00,0.0,68.0,84.0,18.0,7.0,21.0,78.31935415820635,37.27422051557233,5.942918398162691,5.63553122920707,88.24858181446103,88.28818388175723,92.2355866254079,93.62592632071528,93.22731026325008,89.29392143568927,90.02776308203647,95.5744875771807,94.99852925868451,95.5617452195848,93.2882913710126,90.730247771299,93.70035795914583,98.33170093723244,100.0,98.90779251484535,95.06147666000872,89.43223146417147,87.92530037270994,92.27480242375718,91.57604750782347,-0.8616928164028521,-0.5074302810827518
2022-09-01 21:00:00,-3.0,62.0,57.5,31.0,10.0,30.0,57.88027759399017,21.27203078327548,5.39972737671446,4.715796111771388,70.38822433585362,70.27016266202591,76.97482436432648,81.993406790999,86.25736265553772,91.52179918578254,92.53395308171038,89.35750494764446,88.30419172990626,96.46214213666109,89.01343025766005,73.08615906111235,54.78733515141635,47.8967594069225,44.519147869260976,46.69593235714266,46.92835321383632,44.68606860758524,39.7409518738302,31.42219787117036,22.48625921382624,-0.8702939222685674,-0.4925327287220543
2022-09-02 21:00:00,1.0,67.0,5.5,39.0,7.0,24.0,46.80934122332366,20.254886850250674,4.425088085309143,5.56323968710548,55.522967631893664,58.43005011143582,65.15892824963106,72.81903332517801,73.30109575739155,74.62561475161962,64.39287960312203,51.15691692532776,41.428442410502086,36.2035784363396,36.962276298308254,42.61760001600322,49.34883591613144,53.93661739972314,54.4581575132412,49.83159704328822,43.867452364131246,36.08925617855967,30.30479404340053,23.37574708254787,19.29155296174989,-0.8786374941610001,-0.4774894280028391
2022-09-03 21:00:00,-2.0,76.0,32.0,27.0,9.0,19.0,51.79248207523655,25.1297115088116,6.428236265909574,5.841352783259542,56.7415418157382,58.750000284905,64.92497391117126,71.28033666099859,73.08091366533378,62.59632119138905,59.047475583141065,59.7337762600802,61.47844975651226,61.76514644525257,52.24134950660319,43.06961654970412,34.14851908374477,31.1960380073868,28.17247663027283,25.053044500025344,22.98751017311093,21.333686672702,25.04730372149678,31.718582220230413,41.27870736948736,-0.886721063082993,-0.4623048304798108
2022-09-04 21:00:00,-2.0,62.0,51.0,35.0,9.0,34.0,53.66277542833233,14.54689552466463,4.177181215441705,5.590936113742778,58.678506298177005,61.39654054150745,68.44031346321854,76.74877818501372,86.47655933415338,94.13921811741244,89.11582921845009,68.22844840662349,44.3472682733458,24.416144937263294,11.06752995068642,5.829135428757287,3.7531436925976576,5.68875007582691,9.357823700670906,15.233133549563838,20.397974809283976,25.869756038758524,26.69273994195351,25.79672333427352,22.524170506366342,-0.8945422369764496,-0.4469834295196741
2022-09-05 21:00:00,-3.0,64.0,50.0,30.0,4.0,7.0,48.15248272474801,10.944313991808096,5.641099692437372,5.703046516042115,46.38431680360245,49.09398618597453,54.4751085012836,60.92195812112603,53.56927146075802,39.241520898040825,28.33597920946079,20.052390809431323,14.113196687854543,9.835732296274877,7.018405871530206,7.50219145985955,9.505040563868846,13.701887522030992,18.97337634797876,25.66631692893254,31.13009032067481,36.84946335013422,39.19168524639844,40.64304418411808,38.26076563023158,-0.9020987014301836,-0.4315297589714714
2022-09-06 21:00:00,-3.0,69.0,5.0,29.0,3.0,32.0,45.37847930932192,17.368920812812476,5.869393882462356,5.594291067056877,43.35574765368984,45.02289676485785,50.0229635318769,55.531721783432864,54.459003996648256,43.79877961826615,32.778604106568885,32.389827356080254,37.66021041599971,45.393127916503154,54.08092321823214,59.51979564026794,63.00710843341307,60.66327530151414,56.69607650749716,50.637878256690186,43.74998349192737,35.211875912946375,27.597711012183822,18.702524311236573,17.17282644552924,-0.9093882203647924,-0.4159483918249421
2022-09-07 21:00:00,3.0,73.0,5.0,38.0,4.0,29.0,44.31946253441641,20.932058064384687,6.089291781900577,5.7772021921648085,50.09215619388465,51.08740334570994,56.68102739159514,63.24863633330363,69.76779742137529,72.15871718628351,68.96133424152168,60.54376020774775,55.186834538794905,56.780524948830525,47.62472214947363,36.33884246458655,24.15289410828275,24.705314082747105,27.181528504529552,33.16164781763537,37.10721760362138,38.81426951146043,40.65065344202865,42.09620674801222,42.74553529349625,-0.9164086366943458,-0.4002439388573056
2022-09-08 21:00:00,-3.0,68.0,80.0,20.0,3.0,23.0,60.884173129727394,31.68122314045714,6.626162154481491,6.255164489411379,72.20568103220938,72.12788236733248,74.93846443051349,78.89322767079604,87.86550791077035,96.2980701186345,99.82073626257824,100.0,100.0,99.06028142106662,95.76480281258586,93.81299914569068,95.7124730952056,97.2014812791767,97.2281317737278,96.95755213872246,94.32760462832854,88.11809145904957,80.63873731817186,69.2728347251337,51.009155124243286,-0.923157872964704,-0.3844210472688554
2022-09-09 21:00:00,-1.0,72.0,33.5,26.0,3.0,2.0,57.126939972459,28.009006461192712,5.781566134478872,5.987715537992398,61.52940644168154,63.39740080750641,70.33564294711178,78.31919929368843,83.85706058888096,85.12778896860421,83.89739957589015,79.02639184254727,65.30729528949072,43.60641592538013,27.35128003958535,24.38952286654292,29.928953161329915,43.51040669991364,58.10002493556466,72.24697686384096,81.62068323862648,87.55714713974585,87.71299943318337,85.19662544833187,78.06325369228792,-0.9296339319682696,-0.3684843993077793
2022-09-10 21:00:00,1.0,78.0,7.0,31.0,4.0,27.0,53.97125809200247,27.90324508627936,5.16715470623094,7.048955563072872,59.25898188954136,61.494200967848855,68.4320916746757,75.65845401994902,81.47295083919187,80.81726270310196,61.943821521687326,44.85307634914292,33.58225908316841,26.23037849385956,25.459403759462862,26.43439060337192,28.389476078697523,31.92703943262784,36.9982081934568,44.15738691841385,50.39418728219106,56.078609245888345,59.288170320328526,60.39260488107844,55.9521239540383,-0.935834897334994,-0.3524387108846032
2022-09-11 21:00:00,1.0,79.0,14.5,37.0,5.0,31.0,50.39386827036606,25.00116061726182,5.852053781558669,6.759555829191102,56.67849123767981,58.027299602337365,64.38610373227243,71.7305929084155,80.11751161442496,87.09502419506336,89.10279015739309,77.37272698314452,49.64457744220559,17.129748114466924,13.998534469781376,13.624490536004362,15.419343492825984,18.154017427074542,21.62320290379884,26.302285910643423,30.302231415921604,33.52034718095317,32.396817228188226,27.74565734138159,19.78587648135527,-0.9417589340994617,-0.3362887301766828
2022-09-12 21:00:00,-1.0,78.0,21.5,32.0,4.0,31.0,50.24798102507268,29.5687499493096,7.420002588131297,5.358963351991872,46.997116712335405,46.910039891109854,51.989406975578426,57.776605611532304,64.67627403757109,71.31574635415524,75.99492593299598,77.22629221174414,74.51667040603301,69.45170495903123,64.30456241696423,59.28843300007654,54.57580594004139,54.07131223202876,53.89371173739757,53.151708643813656,55.54110678419149,62.72506932224064,62.45744364959448,55.480739165791626,41.98312142703111,-0.9474042892438844,-0.3200392362231385
2022-09-13 21:00:00,-1.0,74.0,80.0,21.0,6.0,16.0,61.6515616294066,33.75438447739022,7.581511090883788,5.053718418021641,57.79928451839894,57.64080661749217,63.460957413671,70.65385056582788,79.07553252701334,87.17558678426704,91.2491425907846,88.20846004235933,74.15732806110108,70.78448023037318,75.09344073933849,80.30767912688908,83.85854385534599,76.54625862017402,66.89624085603768,58.93715262852026,57.10212862773157,63.21626610146064,69.28568596671226,75.96793017620439,81.31949208858241,-0.9527692922168512,-0.3036950375106588
2022-09-14 21:00:00,1.0,63.0,75.5,28.0,15.0,29.0,72.44168796129061,23.776724503541743,5.637945693809967,6.203520272476891,71.97760924870728,71.88668603920111,76.545220066928,84.40125400254178,91.77262827102238,97.10180497942156,98.46883233795737,94.27969958419484,88.48827338653706,77.57722792563088,63.66726346048065,49.785268681468345,40.074994035769954,34.282233610146726,29.41751334827799,26.20519604337688,23.127855844033967,21.223185610513458,20.60946212225918,21.23803912207476,22.099242469278018,-0.9578523554276668,-0.2872609705505963
2022-09-15 21:00:00,0.0,54.0,58.0,44.0,18.0,30.0,48.48761631157495,13.103880406333074,5.559999783187556,4.461119661404691,50.10422549139074,50.37739235508749,55.99076094745137,62.96417308268434,70.75032852069903,79.49857189764256,83.74844623704291,83.20775198114997,83.29545381150818,88.5705635772533,85.40465221440839,75.3794042849871,59.96198132194791,44.15450231577967,30.39173018803733,22.293910728831005,17.956587957096765,18.01777134211217,21.167823317595445,26.75302512673785,32.17998774010522,-0.9626519747161488,-0.2707418984477642
2022-09-16 21:00:00,-1.0,54.0,32.5,51.0,14.0,32.0,43.002865327619446,8.446290448809808,5.875753795681042,5.753131333030919,49.60278326594188,51.20540619397973,57.31299397927992,64.41799992865387,72.2609509423933,75.58990595555382,77.17634387488575,69.7859074469887,52.872253910328105,33.407091893931465,21.67136371550944,15.214933788720083,11.556265592852675,9.268026337740812,7.315774030698252,6.040793795361832,5.692681146134286,5.929243759455868,6.880240555910716,8.354898264225689,11.505548460292196,-0.9671667297977312,-0.2541427094613622
2022-09-17 21:00:00,1.0,61.0,41.5,38.0,9.0,29.0,42.43207252865285,12.629884231503343,5.534433882683431,5.551816162428241,49.95962888653431,51.52844663852917,57.62519437204072,64.37733949042266,71.32879050383033,74.43146895566223,74.2692188274457,66.91737807092173,55.109955544618806,42.293464716488366,36.86597063041187,33.81600978219183,31.5451893911376,27.218258371254283,22.325307609062456,16.091988007143968,11.725899722176834,8.08325150545481,7.269186822176681,7.41879334865428,9.044556893912905,-0.97139528468375,-0.2374683155584684
2022-09-18 21:00:00,0.1000000000000014,57.0,57.5,27.0,7.0,35.0,37.04114069129554,5.800759249845917,5.542982084869318,5.015878936591385,27.80724350936436,28.211272727928264,31.404837567314807,35.16956803775365,39.40052402875582,40.21623385815318,34.7466183317606,27.61606414573517,21.612537963597937,16.52545329222864,12.734165811406292,9.202568263481512,5.988511367215751,4.523379640467353,3.498570899012442,3.2881390592269013,3.4764567255261616,4.092222269107273,4.727759316328123,5.454716476941036,5.38100765448499,-0.9753363880767836,-0.2207236509605022
2022-09-19 21:00:00,3.0,60.0,28.0,32.0,5.0,9.0,42.27184166383561,9.489512035433489,5.43853802355916,4.976184247977502,44.92909629025231,45.59171890604489,50.97909532788347,57.200948875098746,64.06817710034747,69.83700568402836,68.04419050880163,50.44763516111559,28.2131994527666,13.097470869493812,11.008974807950374,10.126496129674347,10.139742808623446,8.700454405813025,7.046114627260868,5.318059800210428,4.176618039407985,3.448197977424259,3.762402741840505,4.688512212876753,6.90153530890461,-0.978988873740932,-0.2039136706831147
2022-09-20 21:00:00,3.0,51.0,93.5,16.0,8.0,6.0,73.98451234978099,25.424806291119392,4.107834741882058,4.804188635778134,86.2549471875104,87.40461043877227,91.98223983320015,95.99014662059886,95.57335212713387,96.17059828999685,98.97841748999792,99.56880307737208,99.74254302690392,99.32658392591512,99.08131628699525,99.31117164121838,99.35903192531424,95.6663447302721,93.88313675812746,94.31858145082684,95.571260705837,96.79173768249451,96.24853910562642,94.64783566740824,91.566854499087,-0.9823516608469236,-0.1870433490699165
2022-09-21 21:00:00,0.0,58.0,72.5,16.0,4.0,16.0,74.66171995626145,20.46113240365804,3.296225662996124,6.439609042402455,85.1943270695534,84.85592935316437,93.48064055520356,94.025468910031,96.31942699652276,97.60761848299364,87.71982296263194,73.9954568076747,61.972922023062495,47.66815852637806,33.27103141676211,22.720052605403243,18.31340826972697,20.862007800140443,24.99799209725536,30.974671372881545,35.99936779786001,39.18446402964651,40.24582833438077,39.09136491574469,39.93459892081305,-0.9854237542919524,-0.1701176783204905
2022-09-22 21:00:00,-1.0,56.0,94.5,16.0,9.0,32.0,83.27545387978601,27.214093406570964,5.469219507632284,4.344712761250798,88.00659330606432,87.80531813121615,91.17233520791646,91.0013707462973,88.68154844247314,88.22081664392792,89.3465849334265,89.41072456598549,86.52705058390991,93.49208621984752,99.05478395225698,100.0,96.57725241952272,94.14724799301044,89.23590494791188,92.9253260189603,96.38299631452196,96.5708732850606,95.74053970323246,92.63613708996648,89.86796238832986,-0.9882042449941422,-0.15314166701312
2022-09-23 21:00:00,-2.0,50.0,80.5,33.0,14.0,33.0,60.81309463361997,12.180669416428426,4.581908674253901,6.281981752777779,66.8937140963938,67.4050140215283,72.31221279606807,80.28300918004575,89.1407974157431,96.26421189328272,99.7805688783418,96.622665306315,82.89070629570818,58.5315118429519,43.4129931171744,32.7593958958247,25.51263008411772,21.403210750275125,17.898232869587037,16.299210704220364,15.333268505323735,15.547453961094366,16.10600028744055,17.0942004882884,15.52838795896928,-0.9906923101615608,-0.136120338622667
2022-09-24 21:00:00,-1.0,58.0,30.5,39.0,16.0,32.0,47.223732167466274,11.71097815519728,4.984705316459018,5.46722533706348,58.36006679113564,58.20744076779143,61.11306763041028,66.78703206786423,74.14667558563876,82.05578229456924,89.25028243429782,89.13337022282856,67.6248778823465,43.48068916850124,23.693696684806486,9.46885475786824,3.5554414710376285,2.3535026572323607,3.16191776898001,4.706708781500163,6.060224228293125,6.672109684710467,6.808717188780237,6.085463369011846,5.239057306410493,-0.9928872135356962,-0.1190587300340498
2022-09-25 21:00:00,0.0,62.0,64.5,15.0,7.0,23.0,49.71902394167917,17.703637603242367,6.733746667471567,5.8324258885007305,51.53960638269768,51.34836081639331,55.2106758366964,61.4668362074118,68.88938754039118,72.33255442542747,63.05192004128535,49.55572608981774,39.1905806365293,36.32938623854523,39.33147134599251,46.54051214297021,59.310528241580265,71.0744494616891,83.21318704226702,87.22211067150407,91.98486503050336,96.06202479886528,93.27736576725252,83.03144870018697,67.07707665907003,-0.994788305609327,-0.1019618900517457
2022-09-26 21:00:00,-1.0,59.0,64.5,18.0,5.0,23.0,80.4729367073184,25.36359239281808,6.439969516148581,6.583820059568974,82.25407483571297,81.96085479751014,83.3284977321425,84.64747445048376,85.04473477694148,89.3723101852345,91.86692326237336,90.42777760615452,84.79007627295896,83.67043884097673,84.39750165925585,83.912764129499,79.38234518713814,76.74852996818345,74.41252976204632,73.75301877403272,71.85488939096857,68.74904426801885,64.93946528500841,61.42274415651706,60.18194807604596,-0.9963950238187232,-0.0848348779057653
2022-09-27 21:00:00,2.0,62.0,64.0,21.0,8.0,16.0,64.75536744234604,20.238760793543555,8.182101006288228,6.158055357993035,62.52261931070796,64.51545197501282,63.69388241810408,67.91983145807605,73.79163751990396,79.8757971495694,86.99971035038321,93.2648118508492,96.3410258772932,99.19458583610329,99.866235157696,94.5361307947819,74.75943212004007,56.63678419010865,39.88865251476709,31.30726891849874,23.52910604720104,17.74736993361182,15.440902534055992,16.598918040665044,24.13552739461456,-0.9977068927101168,-0.0676827617545516
2022-09-28 21:00:00,0.0,58.0,57.5,26.0,9.0,31.0,66.73487075122688,21.138849524190054,6.669261520921697,6.469241862340566,83.8696052422527,84.86442261930242,90.02497241101655,95.1534478076343,94.75440447970948,89.13886592323692,86.57715202357097,87.59489876213013,89.14389064144872,89.61505351121419,90.85938224775413,89.77922557539758,87.22206973514098,90.77009076745286,93.03036291641116,93.91129847580088,84.75952355595354,63.19687418482762,47.99290138522568,34.17488735347941,29.63013934660561,-0.9987235240803972,-0.0505106171852228
2022-09-29 21:00:00,-2.0,51.0,19.5,34.0,8.0,31.0,48.016972517908656,10.381740867018571,4.335538985618375,5.872181175214059,59.095750872095465,62.14866820470467,68.99775339197846,77.2155188909163,85.72115599652965,76.24633770546507,55.98671587811739,32.640487035617646,17.152993731733257,10.344433860522386,12.641126420020338,20.0559404680899,28.32055543271409,35.80327086660725,40.53603363702554,42.35645915873468,43.03477971969457,42.48324762166117,43.49411277958671,43.66582610107347,43.25807268162581,-0.9994446170919858,-0.0333235257116313
2022-09-30 21:00:00,6.0,61.0,4.0,13.0,7.0,23.0,45.8769799407876,16.90979874737222,5.192780726521782,6.681608085361519,57.48648144273226,58.33035091608358,63.02609500971175,56.466303123802966,45.13168529565015,36.52044984838659,34.42362585774887,36.45485401426616,40.60105722266293,46.17124545345792,53.205999008309504,60.01955753162641,66.26622093832158,69.30983377775574,70.82124149943554,70.04578130355826,67.74694086874516,64.4848367660716,61.61745783671875,57.88712794524821,57.22814327616845,-0.9998699583618592,-0.0161265732706577
2022-10-01 21:00:00,-3.0,52.0,81.5,25.0,8.0,35.0,56.47490436530192,13.08708941271083,4.39136013598576,4.964109603577307,63.74118814283497,66.482198249417,73.55898436341853,79.07343570267615,86.04869146485366,92.51167933970832,93.41516044927704,86.90619124508963,69.56978455813706,48.21658486617725,34.82597105338732,30.70821726939522,30.89934957485545,36.72895766643508,41.788544834792326,45.77671052720152,46.09299152877255,44.41208517647661,42.62166060601839,40.639857132195736,41.98232212226276,-0.9999994220246924,0.0010751512827982
2022-10-02 21:00:00,2.0,47.0,4.5,31.0,8.0,35.0,41.85770461036793,5.42873556385109,3.8325154828410506,6.910172318237713,43.332486513934185,46.4437004400653,51.86555514425692,58.2043521201974,65.04228947542511,55.67959042233574,30.53268664984182,12.909597588320906,6.198758878344509,4.7001128474706135,5.703519079842475,7.134613677805603,8.544722715668934,9.54968368842055,11.494128875670851,14.476225801124338,20.589515397748816,29.45805132029476,34.636439149627904,39.72496955902219,29.21279844457232,-0.999832969770105,0.0182765576816912
2022-10-03 21:00:00,4.899999999999999,54.0,3.5,16.0,5.0,25.0,41.30097683423119,7.78581500027905,3.908771842006176,4.947290678147989,37.32435331209358,39.42992708359736,44.09209066537771,47.59734045757834,35.06714884706387,19.45923011631414,7.336892766564872,6.049677583928577,7.285192821253869,9.805160502841746,13.670622738156808,18.611572971095665,24.271661085687416,30.16286381732437,36.40336193585214,43.20135284335375,47.98577389020868,52.46166368676255,49.335936593396895,44.57101645825055,39.20009444599203,-0.9993706508539968,0.0354725557531255
2022-10-04 21:00:00,6.100000000000001,59.0,11.0,8.0,5.0,20.0,43.80661676241031,13.157383972736524,4.886010107150142,5.685720911009165,45.74826878847973,47.18695000206515,51.97496041408879,52.850740712898514,34.47627520199398,24.633145130772828,29.99187065274418,40.24062588540174,48.05190515676835,50.88342941369549,48.91539093016645,44.541680065197966,38.40279962796288,32.574756566915994,27.871931967210912,24.77839842873382,24.9061592520572,26.91467045365135,29.51115044501367,32.50830758963985,32.664369813663264,-0.9986126020839734,0.052658056924614
2022-10-05 21:00:00,5.0,62.0,3.0,9.0,5.0,18.0,44.28316618676782,12.468094927129632,5.499240135428405,5.840390368223943,36.181233139771535,36.571856445669205,40.33104371098693,35.296247258794914,25.614135141543816,22.28467295581792,19.860135495980057,18.71449264944397,19.57273469830247,23.611822973526216,31.86743363458717,41.20620347991317,51.47354289228059,56.01159185237402,58.581613245669885,57.101955576376405,52.54007474002693,45.22567439075449,40.72504719468093,36.315711460756376,37.836395990510674,-0.9975590477788612,0.0698279757298708
2022-10-06 21:00:00,2.0,68.0,23.5,10.0,4.0,21.0,52.54132558106587,24.012592131924062,6.729696944076243,6.735680337423306,59.6670275548704,59.632653638410495,66.23408952193068,73.3548810006487,77.94681464092682,74.25220555648954,63.204441674504544,54.16437268967714,49.76960016603009,51.99056370688404,56.7415474906635,59.93830025334549,60.66956058372358,59.70753602407579,59.31818014272552,62.23382637903193,65.85281553326136,70.5976552953016,71.1973428500209,68.5485393105669,64.34682220558548,-0.9962102997023295,0.0869772313136861
2022-10-07 21:00:00,-4.0,60.0,84.5,13.0,7.0,15.0,69.51108460852114,24.50196269845552,7.12684008297401,6.519470441604519,63.02566212991154,63.138066128211726,65.69110677901992,65.72420646645647,67.16157342205078,70.73594975287075,73.74247308291014,75.50445917069909,76.07143773335928,76.67902916764758,82.8805548692822,90.06527517906964,95.93284222539287,95.60015360088865,94.4475139979922,94.67480419805348,94.83270256677864,94.48575348862263,92.32155241830588,88.29552078385152,83.13046043672195,-0.9945667569706336,0.1041007489354256
2022-10-08 21:00:00,1.0,47.0,12.5,29.0,10.0,25.0,43.63190569622002,7.683780664860439,5.11346910087421,5.730832823064597,57.9217848473571,58.71963695418177,64.15516916494775,71.83087568449753,80.75317795648856,80.76267349343314,67.1439783875763,47.853438661585095,30.22004344067339,19.91374768327145,18.047031351516672,17.804779256820083,18.772295595108627,18.84334537961245,19.03298327868881,19.743544170761776,23.074692529870187,29.256729717472464,38.187525716794326,50.30045344639057,58.7970087891925,-0.9926289059345096,0.121193461470736
2022-10-09 21:00:00,-5.0,43.0,58.0,20.0,10.0,30.0,64.9013840773809,8.828366512570623,7.420326462861706,5.6238581653071416,64.39350963109062,64.80659474027081,67.34310000914473,72.20571417492367,75.45071192722645,75.33393883877775,77.09987587411182,83.57217458737767,90.2455173918606,92.96443551863062,92.51504524486674,84.21374673139093,66.6682356743353,44.96094164819734,26.33808019745089,19.7830609131995,17.022034848221608,19.800305687657584,23.106528881300523,27.110168926756508,30.383569581332324,-0.9903973200352558,0.1382503109109819
2022-10-10 21:00:00,1.0,46.0,50.5,25.0,7.0,26.0,45.310257474838735,8.741755172408482,5.892293911860907,5.922162266633336,55.68368834497892,56.11330278832048,60.455933756500656,67.13862792311804,75.25277905667639,85.48675472314167,96.79283745490812,100.0,97.18429319655874,84.29144494172898,60.56731302649562,47.2916044691702,39.71875217106511,38.65164715413067,38.09105694474783,38.1342135558361,38.03721554933549,36.9256553209182,35.75387001741093,33.794352332125904,33.72074087843574,-0.9878726596350428,0.1552662498599956
2022-10-11 21:00:00,0.0,52.0,28.0,17.0,10.0,24.0,46.27635891221943,12.04197837907134,4.779762430987047,5.997462142129576,51.24184366799452,52.41184676931244,57.23667732158558,60.3026685296249,53.87031901372347,44.81756570240247,41.42078223242896,41.69367336061312,41.59352222920512,41.00490574860118,40.1047812011241,40.54979237873985,41.97438202534328,45.6157806021899,49.80190643100645,55.191705040038286,60.862919691489616,65.98293310115184,69.05126019448358,70.43183665504019,67.63381753487526,-0.9850556718215012,0.172236243027682
2022-10-12 21:00:00,0.0,61.0,38.0,8.0,6.0,20.0,53.51689345100418,14.385876191045792,5.730710059424223,6.363091999166207,58.964951140548,59.90654520368485,64.62794091777559,67.8693401961576,67.11646381022061,65.51392816782192,65.81279842206787,65.01107997100245,58.50801523827223,45.76806514998593,29.978993924193624,18.69098924422147,10.890466405030308,9.17071194932043,8.371608940512743,9.174818899973497,10.688445899581218,12.970947547159351,15.588831244986482,18.79249228484162,30.36186349416084,-0.981947190186646,0.1891552687200409
2022-10-13 21:00:00,-3.0,62.0,61.0,23.0,12.0,16.0,57.88027759399017,24.355680209411528,5.819782750811514,4.855933902578219,64.92569148276912,66.33951611975888,72.27010140119178,78.22161904243565,82.59347421937304,81.18245758153462,83.03409633434042,90.9797244589231,97.74762353621922,98.81771874032668,94.3957172264924,85.88650302348078,76.14103941643073,69.59133551181358,65.28255198848709,64.90068160392264,65.15877463877602,65.47954060804345,60.48785900825994,52.6793145830162,46.28321485063513,-0.9785481345802032,0.2060183203251708
2022-10-14 21:00:00,0.0,61.0,93.5,23.0,17.0,14.0,80.62364290299612,32.89239055401994,5.342337933701065,5.752181168482285,74.78241117245913,75.87149341881349,82.0520465913234,89.39728953150708,95.85557427010382,97.75649431137194,94.60415254123576,89.78969047683863,86.98043025207978,87.81402424987331,91.95464583048218,95.36311213181006,97.4891298600889,97.30919249666876,95.0012347642907,85.38079120975212,80.515441927019,78.24914870434823,76.496299802898,73.83650986949124,71.91570137148624,-0.9748595108374124,0.2228204077947995
2022-10-15 21:00:00,-1.0,60.0,83.5,14.0,6.0,19.0,80.54849897554632,23.856030388923884,5.651424308096457,5.632753017370069,85.62422885376438,86.05454715123517,89.05934807193319,92.97527966855122,93.90209337484134,93.97099759089409,81.02887299024266,59.368850056178935,43.155507189620025,36.12564541897664,44.59987115249972,58.60026124922547,79.27134210491461,89.91466276985345,92.34048839914838,71.28957157256089,47.42402198584957,21.08709264775925,8.967848338916138,5.092196401918525,7.590292679936238,-0.9708824104813836,0.239556559120927
2022-10-16 21:00:00,5.0,56.0,9.0,12.0,5.0,30.0,52.77907108862637,13.848449076736705,5.528827072434364,5.8411354207669,70.28222061137332,71.08893835432855,70.46683257019711,77.65633602723008,76.57941377369876,63.75146712383697,62.33558392767663,66.47233409304704,65.34787660305132,56.35756618770692,43.94851734282364,33.65614560345395,26.86618850355124,24.86856353032569,22.918206928649496,20.880603352713177,19.42800371100797,18.631795330592062,18.775254262054737,19.28250362867214,22.07945338033509,-0.9666180104000972,0.2562218218071163
2022-10-17 21:00:00,4.0,56.0,30.0,11.0,5.0,9.0,54.87491930550421,14.746717910834128,6.339976589780114,6.26184406296872,64.7888865577536,68.01688114256443,64.74610642867441,67.64557305009849,73.2895595775727,76.0924975926285,77.18241358962105,72.40237978417504,61.470616851652814,52.21277624112787,48.74678117005404,46.68943034684904,45.5001489291344,43.25630905466542,40.07251728040684,35.73497478659204,35.628693753383885,41.73492618177935,53.4705214643128,72.1127601089951,82.07349206746689,-0.9620675724981452,0.2728112643340191
2022-10-18 21:00:00,0.0,60.0,92.5,18.0,15.0,13.0,83.53809250668525,31.846804778364326,5.483859258600226,6.310708692667104,92.16471747389286,92.62029676983356,96.99238846504296,99.33334189134244,99.1622914793656,99.54942891173802,99.39172415863584,100.0,100.0,99.4645236592622,93.98068555603112,88.08775566813401,84.16438934782298,84.3955155022348,84.1236976978542,81.27011461766479,77.43478039947391,72.44557145226457,73.15138628583298,81.90378277490787,75.36465853674548,-0.957232443323312,0.2893199776186952
2022-10-19 21:00:00,6.0,58.0,63.5,22.0,10.0,17.0,69.29036909562232,14.96879637867738,5.620493970109869,5.741227014378289,67.98425609940246,68.23915850077114,64.74970378197142,67.0852935132616,71.95530279407858,73.13385576965382,61.0488559810884,35.09980975441769,18.56621533412276,17.427922332578763,20.975713643882536,26.732630293998465,32.839179687153255,35.74719712645221,37.95967365131362,39.93630332239927,44.07262259359872,51.84603185660284,58.10878215191657,61.71220309966811,58.04742155582099,-0.9521140536681102,0.3057430764672831
2022-10-20 21:00:00,3.1000000000000014,49.0,53.0,25.0,9.0,20.0,51.72228049821772,12.146892214122795,6.625178875094665,4.931306006567889,66.42513455584407,68.08655315101751,63.00849068560016,66.68489343915645,71.9300671653813,77.89736263953087,83.41215281543312,88.97911688041029,94.38743097933566,93.1956819938526,83.16840853559358,70.85043252255703,56.95142572874556,53.51045260135094,52.9356806796544,56.49298987982253,57.305847481787495,54.5266569842762,50.71486317416706,44.70316616454808,39.636967371823175,-0.9467139181463862,0.3220757010206104
2022-10-21 21:00:00,2.1000000000000014,49.0,4.0,12.0,8.0,20.0,49.67531099139325,10.535038016804748,4.090002022983947,5.4437257610544805,66.45409654035743,65.12526392478956,65.79015465952435,71.05704324075276,78.28445275175888,79.83507535861256,62.56576936144848,45.9914822630863,38.27622301298913,36.4513620405202,36.728627608180574,35.433275569412494,33.13633320988845,28.9360718401164,24.68233546295687,20.98426739592997,18.435736349550528,16.389270293349973,15.87031662639623,16.04422652081265,17.578640341214907,-0.9410336347451196,0.3383130181923076
2022-10-22 21:00:00,2.0,57.0,4.5,8.0,9.0,18.0,52.92776252076165,16.80693057778303,4.452859063346882,6.365024366873276,68.48367619225992,66.45154335384431,64.10763626246543,53.48412607846428,40.13749656470839,40.92217012936855,40.53736266354723,38.373300417180445,38.10233047928327,40.348652018963925,44.12272025621329,47.69879737652193,50.91823530344971,53.495739699857495,56.46282342637237,59.43227178557967,61.484969497170894,63.150258354667,60.9158243687531,55.98155919939819,48.971056071080895,-0.9350748843515574,0.3544502230989869
2022-10-23 21:00:00,0.0,62.0,50.0,4.0,5.0,18.0,53.66277542833233,12.858362363912548,4.771029147353274,6.118806684434276,69.46101043901824,66.7186323755677,44.11842928632244,26.86004641294944,18.932370696180417,17.713985760133514,20.38185727958258,22.65772496989861,23.67001831336521,24.75827906446769,27.22761360759964,31.39284753379697,35.5466744954016,38.23982233480701,37.984423428757744,34.915154201949164,31.47691315195725,26.970707987337143,25.44675055799588,23.978416123199462,19.98551774911296,-0.9288394302558068,0.3704825404820963
2022-10-24 21:00:00,-3.0,59.0,87.0,4.0,5.0,15.0,64.3868891219303,26.603635956418103,4.881716723957177,5.665334426205673,76.01162037846385,74.78526939369345,59.81473335124791,51.95000535943428,53.83871919303584,59.16722361048233,64.00958778750748,67.24528664727791,70.8658987518536,75.6760015596056,84.58387558252427,92.3531072773314,99.1178632861447,100.0,98.9873213489866,94.91002741520876,91.5519397048694,87.59908547232602,89.84977756437463,93.83411131808272,95.5586046461243,-0.9223291176290545,0.3864052261209853
2022-10-25 21:00:00,-1.0,62.0,84.0,8.0,5.0,16.0,80.69837140029473,30.8385349347307,4.317212644925203,5.225933597423994,95.78108421454256,98.63374712382668,99.24940558075816,95.82456259756516,86.70340061461476,78.98869940685475,71.43196694566852,66.71440512404826,65.3084414175061,66.58459634813717,69.33136321549111,71.91749272121987,74.77935674034748,75.28964013731347,72.61065032088315,64.92618364524073,54.16988041223752,40.52777690972926,26.993761103895896,10.88845509806597,8.275357003937177,-0.9155458729775467,0.4022135682368036
2022-10-26 21:00:00,-2.0,63.0,92.5,8.0,7.0,13.0,80.77268735476473,37.8787678925427,5.169670326975744,5.339507690265123,88.93252618582544,89.0444647922061,94.68979141205416,98.2029040284026,98.85278457398738,99.7717659093001,99.3257833532406,93.28048202582512,80.753326838736,75.59173414381945,78.70449272301543,84.11810565667322,92.10118259082589,96.996031291744,99.24404739265977,99.37064889339862,99.85519305565715,99.79972374317384,99.94114698758156,99.52252377739508,97.04275211801637,-0.9084917035725082,0.4179028888867866
2022-10-27 21:00:00,2.0,45.0,7.0,26.0,14.0,31.0,55.45602520339432,4.908716386153952,2.6852210983328346,5.593687959058157,68.12060644539228,69.47735883416213,74.4540366382119,77.24247877401055,60.24357664642142,37.62823913511589,22.16688784401746,12.356828099410867,6.659224847024571,3.684303143045067,2.9457739754017656,2.73014516820765,2.7486915325833725,3.0944972060737177,3.518625319308808,4.002818436975521,4.43572321982301,4.9201334346219365,6.823804137951949,9.95718260947268,13.305186143463803,-0.9011686968561567,0.4334685453485363
2022-10-28 21:00:00,2.0,43.0,4.5,7.0,5.0,24.0,48.72854232088761,6.239470910491979,4.033071444237407,6.925794564415358,71.29434637434275,68.18626788014437,72.91305487165386,69.16978479175255,46.74339359725344,27.77071178053263,23.029992507381365,19.41390639063639,16.48479046625242,14.88348307419376,14.432996288360703,15.487430290759136,16.900584819650035,18.430460205004174,20.66397255825686,23.72939267764265,28.2334154521403,34.01186959521971,38.18382550959208,42.30781989199267,42.667837936756,-0.8935790198239952,0.4489059314938798
2022-10-29 21:00:00,6.0,50.0,16.0,6.0,9.0,22.0,44.12120699263476,7.382073749070511,3.986663419800877,6.582786037207475,57.47402078945171,50.46683024015508,40.84086884542631,28.19209436572556,18.85732495948774,18.65293882953353,21.405987414074666,24.810658459215283,27.67546260036038,29.51393356157488,29.43742202992811,27.4117724118713,24.166769872954763,19.86804526815811,17.22153925090402,15.659231607009486,16.763900971584604,19.0921722955792,22.903249486394223,27.91530244698511,30.10366115979572,-0.8857249183835637,0.4642104791518923
2022-10-30 21:00:00,1.0,54.0,3.5,6.0,6.0,20.0,50.4488411346474,11.823678135623554,5.430596898930203,5.074389977336531,57.52962767435099,57.49758704384178,57.459771665543656,53.866370645516696,42.25001004787894,35.202121373460024,36.46526937597328,37.50672825861169,37.2066969751229,36.747309172863815,39.8650454180352,43.76838628627078,48.30315037560848,49.71339932194559,48.27750046325024,43.04381133915636,35.36802520993867,26.25949927973648,19.386014517853344,12.484893594999273,11.174026931075842,-0.8776087166898392,0.4793776594606945
2022-10-31 21:00:00,4.100000000000001,55.0,38.5,6.0,4.0,18.0,46.75238080743856,10.04118085089223,4.901100799873667,7.110091352347106,51.54955979385494,51.85278072199513,55.36624582286406,53.95552754539776,44.69903855488601,35.12150096339832,25.99974211090878,17.571202747485483,10.80477640598851,6.452752198807348,7.530216553221204,11.34815787032124,18.24947974223005,24.87924997237805,32.66093630666633,40.65389627594553,48.95703033084253,57.29580562411151,62.15384006262566,65.08864961575841,70.22354580846482,-0.8692328164574792,0.4944029842076181
2022-11-01 21:00:00,1.0,57.0,27.5,8.0,5.0,23.0,57.184861040309485,19.19570291036576,5.690885221118506,6.431312581712922,67.91549326465183,68.0300639773665,72.71261526407274,80.90038050078256,87.08925875063355,82.68899508073642,74.41745025357463,69.73141229566161,68.48304424370724,68.0515251880698,66.49050877332677,63.93675855584301,60.45754778718663,54.599597557047794,46.65055562236732,36.78017565661277,29.3985122188665,25.015016341573848,22.427127904335272,20.689663206509216,21.94553213028559,-0.8605996962501181,0.5092820071573356
2022-11-02 21:00:00,2.1000000000000014,43.0,3.5,14.0,10.0,32.0,42.972537251447214,6.440925963129108,3.98641536028072,4.9330214158613,49.68728781232459,52.3077347064991,57.45971369125148,59.99582968906997,52.86976049728545,36.45286528990822,20.53479307037399,11.535432111771884,8.565094147212585,9.877407601013951,15.12853074291879,23.10523441792438,32.34399736800819,41.01139270505702,46.875659026651306,49.8395624328588,47.45641569492412,42.89989536625891,36.94960329260408,28.846959251462945,26.708125134320245,-0.8517119107469189,0.5240103253675756
2022-11-03 21:00:00,4.0,52.0,18.0,7.0,9.0,22.0,40.97375672793343,9.1410631336274,4.880170045662769,5.876694680158932,43.14409410375087,41.57701075519517,37.82160469089605,32.92261604381094,27.994917435028388,27.828806965103297,29.26511703621546,30.265806020323755,31.12038898478462,31.86459841519713,32.91078554089523,33.092554411791994,32.96900128690044,30.951642300013223,27.53441973138149,22.951407342001644,19.33335584980983,15.918799008105792,13.762310301456864,11.322267581386756,10.330598437899814,-0.8425720899866032,0.5385835804920232
2022-11-04 21:00:00,1.0,60.0,39.0,10.0,9.0,21.0,49.414380032087365,14.20841360285327,5.043511125980034,6.606541863394703,50.719972890204325,50.01800118109182,50.12003562692078,51.060191391002704,47.50287755967189,37.48860864330006,27.006320630864845,21.2854547760107,19.23555990570008,19.1979645907716,20.1479920359678,22.523511775288625,26.247788060512097,33.75333554618089,42.90734342162892,54.11602732085654,64.38772453057969,75.22296162284506,79.42346941101349,82.05716079952866,80.4236873972584,-0.8331829385891785,0.5529974600700271
2022-11-05 21:00:00,-2.0,64.0,37.0,8.0,8.0,20.0,56.01890312789417,17.88222555688497,5.511620884005613,5.190514709702761,59.72956143737926,58.83641219948035,59.14289192051832,62.90031898178693,65.69092958835718,66.30077859135999,66.29198273691695,61.75285021385838,53.29219393392784,41.941331412555016,32.408038768016944,24.612837351683247,18.334455051232045,16.05692480004553,14.423612942604535,13.70601540282931,12.928010129150689,11.930372353288242,11.924847972193136,12.326158841307986,15.248424604790891,-0.8235472349556007,0.5672476988027229
2022-11-06 21:00:00,0.0,66.0,91.5,16.0,10.0,21.0,65.23879760028751,31.579064729596883,5.679871853204854,5.974902144518598,86.74271434136165,86.66870891598082,77.96862270307192,75.30555505795816,73.61710174393,71.2432092393571,77.66795916869867,86.7977962948038,93.2220701305996,95.078947855973,96.73198035098868,97.4266137840466,97.76784815880744,97.49761320468944,94.50283477785575,84.79699134501719,69.04083595063163,47.11564754791544,32.19534979003958,20.05614519650172,14.464716115416948,-0.8136678304455991,0.5813300798152042
2022-11-07 21:00:00,3.0,52.0,34.0,42.0,14.0,28.0,44.44491809662272,10.030319073926512,8.136766718058901,5.072022031710488,46.93355428909579,46.87626521017637,51.36649489652365,56.80741566518008,62.63149236582708,69.99138023908822,76.98184722721442,82.80230988812252,86.6082640644428,89.61725604213989,93.148844638354,88.32982522460355,74.69621384309971,53.78761052815165,34.254274749831545,22.85505387107749,16.654190133185132,16.55255936529928,16.431722990033606,16.08594075293666,11.178530047835714,-0.8035476485339116,0.5952404359043674
2022-11-08 21:00:00,-2.0,38.0,47.0,37.0,17.0,31.0,40.35145059622901,4.571688728172286,5.555850591538213,4.708803508908591,46.78017602455527,49.795190595757255,55.40361874573144,61.73215732376792,68.84757093439858,77.17240981454044,85.5602695446512,83.33574034931391,68.6307172548261,51.12015163422482,34.8204104433446,25.821163226973766,18.06623221277921,12.500205411839564,7.88388046278777,4.0968410704287175,2.0513968583340283,1.1654825594784934,2.3653358488532232,5.283366557958648,5.662674840335461,-0.7931896839451843,0.6089746507720486
2022-11-09 21:00:00,-1.0,39.0,72.0,8.0,5.0,19.0,40.520682747411854,7.316810830607052,3.679213591759398,3.88945661325718,46.04751072004052,49.855682196549935,52.73493009968799,43.63186446658816,23.61059062986271,11.506953208685964,7.1497834591655165,10.277352126425605,19.53650414391956,30.63692103184417,42.64629675137163,36.71919383755295,31.460695272303784,29.651627128787457,43.89741468209854,67.23180990917169,80.42412893909064,92.58974192529458,93.98202166821665,94.18974976621573,94.58513604394902,-0.7825970017677834,0.6225286602431057
2022-11-10 21:00:00,-2.0,48.0,77.0,15.0,8.0,26.0,62.99117316322023,26.227705337703444,3.337072789100021,5.809546117621233,87.14382913689374,87.41585124972339,92.6690237902457,94.8565510877506,96.6666889453799,97.43384728568915,98.60788766953304,99.75390099046516,99.96752143857395,100.0,99.73378967249836,99.84138061859824,100.0,99.03612304526035,96.40133536485314,88.61178093189992,82.11316277168068,75.74292253746545,69.40138094817317,61.83347398578199,53.04675573093337,-0.7717727365467837,0.6358984534680745
2022-11-11 21:00:00,-3.0,48.0,86.5,4.0,5.0,8.0,70.87219052088518,16.863878609712373,3.833894481167285,5.604951427888009,78.46658943044122,77.85627350469804,76.45485371075792,73.4204885349883,70.31471916822446,63.56527892660308,55.83350497640173,46.97254637758396,38.63050905163601,31.97870271025603,32.554608613242486,36.93345623550323,45.71698260657154,51.23248985579841,54.97391622405361,52.47358807159721,48.3356563218296,42.27078181457763,37.62405040427457,33.084160878121544,25.34808024214802,-0.7607200913564104,0.6490800741100398
2022-11-12 21:00:00,-1.0,42.0,90.0,17.0,9.0,1.0,76.04554787969504,21.425231101034893,0.8799574745697499,5.60572890554464,84.68876800705122,85.08934785335458,88.6254041473249,96.68979623117126,99.6194719173411,100.0,100.0,100.0,100.0,88.82568380714305,80.65199399169971,73.90859226163322,70.63022806036454,68.30025830148799,66.22725665814119,65.94598330054808,61.23119317246021,47.05209066087132,32.10092694782512,16.73095853292826,13.75678790936304,-0.7494423368521953,0.6620696215153815
2022-11-13 21:00:00,-1.0,39.0,93.5,10.0,6.0,8.0,78.86914250419294,16.08763037990819,3.699319827131585,5.128775445089,98.30893270114976,97.61802325640224,99.94752240883015,99.42279344774114,99.85244573815211,100.0,99.05543146443122,98.81453905941808,97.5621709803588,99.23101356019536,99.29473302581222,99.8553885833445,99.3212268396993,99.1638293340007,98.02211400715534,95.68352214622853,93.20753383257193,91.97606160606556,91.1382217757951,87.10692697427,58.17090012228656,-0.7379428103031386,0.6748632518680403
2022-11-14 21:00:00,-5.0,29.0,55.5,14.0,10.0,30.0,63.066295048356245,5.459800307748556,4.279825964592891,4.896423681280326,70.55524432399626,71.13685265658107,76.648505398618,83.19346242098482,90.40045738557886,94.44469658736162,91.71887818716397,79.76358102418278,66.90532030684716,55.5861988605614,47.83695120052704,40.02767198081412,31.928598013455066,25.03722460045107,18.77757606775533,13.392738113151726,9.621153723581587,6.453885153431928,6.16755114437583,7.414649083876372,11.390790194319926,-0.7262249146041543,0.6874571793269664
2022-11-15 21:00:00,-4.0,29.0,77.0,16.0,5.0,32.0,60.406004437363706,5.025597392695943,3.907244761776647,3.552908596540311,69.93866592227043,72.49605261893115,80.54062987034071,90.38591189170256,94.65078688906668,77.94383524752668,62.67323231208815,54.12407270581091,48.60802307528669,44.43873998350442,40.29696864414355,34.73951201743387,29.45146688947833,24.778537865122168,22.58036949046604,21.2728198809182,21.25677491194869,21.48729592157907,18.20174092477372,14.207553844308466,9.22897268477839,-0.7142921172691032,0.699847677146407
2023-03-01 21:00:00,-1.0,29.0,77.5,22.0,4.0,30.0,60.406004437363706,5.228896678087619,5.143684136404341,6.698283008313861,70.92772487519656,71.84866932624276,76.56730691327608,79.48409684563707,82.82066523125225,87.52984589970471,93.86571309194312,98.5389098488687,100.0,93.70953802716924,47.79704116608696,21.72681616759403,7.955482310202308,4.330670578124028,3.404549986080132,7.395571340352237,11.745096887108474,17.474449121710517,22.376306875356526,27.909789432377703,33.69410951353008,0.8584015232918917,0.512978386299228
2023-03-02 21:00:00,0.1000000000000014,29.0,91.0,19.0,8.0,10.0,74.780856371775,9.136285849987388,5.406051474630189,6.2866587033222405,92.23931345360396,92.06629310460715,96.63297219193588,97.038442313904,96.67795079875847,95.71872868992824,94.27683784347316,94.26484770155116,92.85734609145057,91.631943217093,90.79635550037104,89.82154989674392,89.4336205213407,88.77994235236628,87.34346030413542,87.4904485985345,87.95007545272865,89.92929270113098,88.6360310580229,81.09394521681007,68.74738943896016,0.8670985522812081,0.4981366284784055
2023-03-03 21:00:00,2.1,20.0,4.5,20.0,11.0,32.0,49.257151454343926,2.515597792237769,4.9892301673272845,5.018774280426156,56.28159789911666,56.76074124142622,60.174453032176025,50.39039599321223,36.68249894240873,30.08051621919964,27.47537174830285,25.79666054851752,23.76161850248159,21.303942615791485,21.52573057527983,24.08961590433217,29.14897847201576,35.16511799713942,41.63160911996842,47.03408814904408,49.837012341406265,50.52771933588147,44.867251101363664,36.90567699036672,25.1098375953896,0.8755389928586302,0.4831474640149687
2023-03-04 21:00:00,1.0999999999999996,28.0,77.0,21.0,5.0,34.0,50.57424442645053,5.923459075355548,4.246342519600132,4.033471852424357,74.1318926657082,74.57786606681516,82.10573285651289,90.36016804092546,88.67051090038024,67.00702962943261,37.97467852339977,19.99427046244053,18.587392610767274,28.981181905329034,39.67077198648509,46.54040644355909,47.49677168115426,44.12309557635478,41.864645266685386,45.84771652677622,50.956031515415845,57.44629779725269,66.10833510402165,76.81771942436627,79.35372168145885,0.8837203473619977,0.4680153284438345
2023-03-05 21:00:00,5.1,32.0,30.0,16.0,19.0,31.0,51.21777261740576,5.951762053072753,5.61839771521504,6.090981883281708,64.36144580235079,65.86759297711113,67.79327465392083,73.49565477005903,72.97085499785099,64.49950803087434,53.80487622953076,47.50944138080561,48.50992341641595,53.865067719033256,56.52775391796233,58.201021625138935,58.56581209438093,58.73212557021695,58.72250407285126,57.601492170964505,56.09585818046462,53.955469746692906,51.734878054196656,49.2497406865846,44.74070229745726,0.8916401947968874,0.452744699607371
2023-03-06 21:00:00,-3.0,28.0,89.0,20.0,22.0,32.0,65.70186398147084,8.435685274222402,4.744550662159658,5.241573019951038,82.0459143615257,81.66892041649112,85.99325668059443,94.30564963188864,97.23009450349171,98.3804593741466,100.0,100.0,100.0,100.0,87.6249223684707,66.59938549035056,50.59314049080318,43.07555084476353,39.35820365924837,37.50065890517735,35.3148468991789,33.86898079455417,32.71011272037569,31.71817074196312,31.798594537697845,0.8992961915530253,0.4373400963303323
2023-03-07 21:00:00,-3.0,34.0,84.0,9.0,8.0,2.0,75.27814700369807,8.706674375583978,5.461815135619464,5.1766298077265605,83.29217699500751,83.33031219384506,86.02104263470179,93.4871528250961,96.25474874685374,97.5400205874681,98.66606474242111,98.55466776700914,94.1213551635379,61.59990190526711,45.95574224273828,42.01358544060533,50.24199277791335,50.11874959560389,46.2343112759503,35.752469751035775,27.252657878288964,21.13909003945768,19.27449742468867,22.18595431131828,29.34180872791185,0.9066860720977984,0.4218060770826634
2023-03-08 21:00:00,0.0,36.0,80.5,18.0,12.0,36.0,63.99936441271857,6.4788575451861785,4.120038639057354,6.648408744690193,70.42631217866513,70.99877635528868,76.81233826978439,86.7029871054729,97.12642755754156,99.91277310258546,93.09511224857194,66.59966189736157,38.27013940203212,18.7624294970948,10.940055175312285,8.20898249125698,8.23407624837046,10.25178022965831,11.981724904931044,13.045217041577589,13.99325023003527,14.820218460730084,17.661115294212237,22.15253435663384,27.894238420113528,0.9138076496466616,0.4061472386305788
2023-03-09 21:00:00,0.1000000000000014,35.0,64.5,18.0,7.0,34.0,58.72237306522481,5.144726030917549,5.788697077676412,6.031165638880044,52.50129711867617,50.5328249623005,52.21679250344443,58.91687894896817,67.3373563967873,76.91307173341137,86.47148875983157,87.07160240363086,69.79388572463657,39.62354168258408,20.758889116255528,14.186918020763684,13.34503450777866,14.48067443771855,15.302986178930333,15.46887647437242,15.344370470356765,14.821197771481748,14.790293572281165,14.366843480736833,16.52586050831071,0.9206588168102428,0.3903682146763026
2023-03-10 21:00:00,1.8999999999999984,31.0,83.5,25.0,9.0,34.0,60.68900400683192,6.220591792400629,3.7258403556552935,6.327120717630232,71.96232658185797,72.63215904112116,78.81090655667167,88.37724255834351,96.50163599808717,85.05155318575117,62.97420676208946,48.00058048311182,38.71738387831584,31.574404034471087,27.476843948038063,25.18319924519952,24.687631928875323,24.65239272615915,24.535501045624105,23.91171590959846,23.701400241809605,23.5829209476167,24.12320448879875,25.044750000213984,27.91278611355202,0.9272375462179536,0.374473674486883
2023-03-11 21:00:00,7.0,34.0,55.0,18.0,6.0,2.0,53.79454366584638,5.249416535830692,5.086656290993494,5.320655508634837,63.32145466892951,63.96219856131869,70.43035270418197,78.17021693929512,86.89971100723936,96.14468512148264,83.91688015517418,54.66453190846059,32.500936475549416,25.154236024955928,20.90127874125428,17.18145210028557,13.757917554617876,13.081003274714064,13.191488822278917,14.913799405871051,16.580457916083255,18.37925219524027,18.7044956030822,17.850022238202673,17.51880991567329,0.9335418911179212,0.3584683215124808
2023-03-12 21:00:00,1.0,37.0,18.5,21.0,2.0,18.0,54.255118292262,5.179480388041099,5.120601644379462,5.692140654732393,72.71275139529006,74.4231704092181,79.76770837513065,82.73359727185019,73.91219789016358,53.52667525301421,36.72710809448834,29.40271688217821,29.73258304451437,34.368516947391484,33.129448609729934,27.766303833228,20.269548984368697,16.382923961162057,13.937327646917277,14.457040260775306,14.579598557049708,14.313215331698665,13.192276467626035,11.17834846045881,11.219804219947992,0.9395699859530622,0.342356891994542
2023-03-13 21:00:00,2.0,38.0,82.0,10.0,8.0,15.0,59.1517946360107,7.350144949525517,6.2405020564327165,5.196078507459851,80.68404383523735,81.66183933148284,84.38112447621396,83.74538219039084,82.17932743495415,63.58684789922424,43.92908445949001,35.53458994049745,33.07269867536206,29.265208195403822,26.66338435118712,24.297748612009084,22.200195423889834,28.56813877863708,39.836896125320216,60.58586240346639,73.8864010869675,80.59163629893852,82.82338164084607,81.9745250456362,81.01447585590718,0.945320046913132,0.3261441535642696
2023-03-14 21:00:00,6.9,36.0,89.0,15.0,15.0,6.0,56.43951040406162,6.355538737989889,5.705459036008826,4.781529240989031,71.65795291648364,72.47972829501681,75.71586339278407,83.35687384102751,86.99477198249998,73.58313009080989,47.15009677772356,24.01223155129749,12.240721409669067,10.494797018172228,11.230412906923943,12.466409961182835,13.122070342629302,13.69942370606702,17.81482104633764,38.27616736134925,58.24327083261444,74.45081043831996,82.43417602349612,83.09554080145601,82.7658475865121,0.9507903724625832,0.3098349038318025
2023-03-15 21:00:00,0.0,33.0,86.5,18.0,15.0,1.0,66.3380001573818,9.578581582342183,4.8662932440681805,6.816633357055742,80.91073641670769,80.48911981804675,84.72083808104011,90.29752530428252,93.6952216845464,96.58790926603862,98.67956415034944,98.54279724497502,93.39220585991448,91.7427129333714,92.7264238070214,95.91458780263294,98.51650048538356,98.44982077181268,96.78857952179996,91.52095100426168,87.42581626701302,86.67667636612191,86.43643195115328,88.00920045555756,80.60303749453594,0.9559793438440766,0.2934339689665273
2023-03-16 21:00:00,3.0,36.0,56.0,17.0,11.0,32.0,56.43951040406162,6.869112924865014,6.8679991595587735,4.852174833319861,67.17649332133495,69.27764664134801,69.89204380853809,75.07091548405616,79.57036330318309,85.74616171459984,92.16752364793211,88.06175171980895,72.35042383459856,65.87434998716485,63.110082872355854,61.75236244308478,62.37898164726596,54.69107453994566,43.16115322684245,26.656851507998297,13.894844620247024,7.365973025732502,4.17928621655112,5.51759936298954,1.8858596998681745,0.9608854255574976,0.2769462022689364
2023-03-17 21:00:00,5.0,38.0,67.5,7.0,9.0,14.0,56.73554022692405,13.188819563140102,4.0842122764239095,3.955189055131005,72.29092174694836,72.03583049884912,73.07152503925029,67.22982690575564,57.71819841525229,49.20560924500691,51.72510987534875,67.60046022850305,86.97334256235457,94.23361782347244,96.4234015968288,96.52875509785406,96.8944255706009,96.12242417824469,94.436812326588,93.07391616297564,92.57117501933703,93.83122648630452,92.94445417540253,88.87327398978272,86.43091555837039,0.9655071658143364,0.2603764827344581
2023-03-18 21:00:00,0.0,39.0,63.0,14.0,7.0,26.0,56.88260820539456,7.018654266062329,5.206537232287054,6.370898564833488,73.01588414346324,73.08697089882081,72.00229393224284,76.88984121883577,83.45499936256233,90.73724309569238,94.21185215968868,96.75600206553116,72.19126849950945,27.87630991080195,6.1861644402954274,0.1609787397778562,2.028534384410011,2.4620180126429347,2.4189078022908967,2.6630358101585925,3.316164808791925,5.331766614114448,9.129790543888976,16.001184871650015,24.49996276748109,0.969843196967294,0.2437297136096838
2023-03-19 21:00:00,1.0,27.0,62.0,40.0,18.0,26.0,48.21473669400753,5.032738039693664,8.326870776011706,4.818583274909344,74.68010252319732,74.48632273622309,77.72781881268183,85.33123300718253,89.75534111836025,90.710077795519,89.54133420924045,88.2306842245618,87.1915372798413,85.77226274155709,83.9577759619406,80.36453447729974,77.50258730493512,76.60149882473725,74.84377976757084,65.83261683617361,55.82139997601624,46.39286497545064,37.23079831564926,26.105604569747896,18.758686729790348,0.9738922359149924,0.2270108209414184
2023-03-20 21:00:00,-2.0,32.0,77.5,28.0,13.0,27.0,51.21777261740576,5.757913489860369,8.161849543596336,3.5880186807672825,68.36947718789341,69.06910097887035,74.32556496733392,81.90364060232449,88.66773786930955,92.60292436091652,93.67646888311523,93.48489299253812,95.06055141071622,98.27677579924946,98.64449446531616,96.52570959524856,87.55758321463654,58.20087895696798,32.05483056171742,14.8937106337306,6.658601094772995,3.478289310186379,7.020412736763043,11.335080321745156,13.209779884364012,0.977653084481664,0.2102247521189836
2023-03-21 21:00:00,0.1000000000000014,32.0,82.0,24.0,9.0,33.0,60.8295198512849,5.846412263009258,7.135182429919466,5.263627913685708,80.13845051887239,83.04995211753821,88.82890319873114,85.7505082136327,85.83008181041896,86.62467264734931,85.97750189039594,83.89439291179683,82.85033185539628,82.45640222229389,84.98324635639538,85.39118185082717,81.34565669954831,66.10904929558656,47.164769245626886,26.03027865883585,15.66878062755328,10.300733962156864,11.019488996088931,13.617496143608546,13.160012342389487,0.981124629771712,0.1933764744102058
2023-03-22 21:00:00,3.0,26.0,38.0,26.0,7.0,32.0,45.93454859059429,3.461263025073202,3.53507727311055,5.7831216223985615,64.97539517092522,68.93261586519394,76.52043199036541,75.98109781506578,53.86279345460192,37.96157937663401,32.60318396315268,27.74993325840491,23.132077387385163,19.66224250855697,18.14124816022345,20.41951759684802,23.867546235094288,29.02458805780397,32.85545961737211,35.75611561082998,36.082862907808206,34.77407484587226,31.43074494684213,26.53346122613845,23.366259228985573,0.984305844499033,0.1764709734915216
2023-03-23 21:00:00,0.8999999999999986,32.0,89.5,10.0,14.0,13.0,75.08089852566063,14.323477953063914,3.875309811645568,6.1161299263579325,97.34155222522224,97.24702876328156,100.0,99.19119211536008,98.6410120246984,98.20571601712336,98.84920526961488,100.0,100.0,99.82625701599576,99.60476469396426,99.8290599360831,99.93517097480166,99.51966312423,98.96866750486603,95.50891961166305,93.08990637532428,91.44785027876144,90.98466300206624,90.23613537587008,85.11671452225451,0.9871957872910084,0.1595132519726365
2023-03-24 21:00:00,-0.8999999999999986,32.0,75.5,27.0,13.0,31.0,58.2871659709817,6.460125756155013,5.154335525573198,5.561611726892599,73.06039062713793,73.46633802569588,79.77623615575418,86.67524331513437,88.93497043543852,93.34348286593332,98.51768224769248,99.89605200234246,96.25453758741877,85.17873263856394,73.78972899708137,63.03986051284265,52.9019593969067,42.842343233719625,32.36629845408478,23.17983272377626,15.517750156229676,10.04133198806119,7.046888865215914,5.903891655616995,6.296220720625639,0.9897936029670716,0.1425083279161708
2023-03-25 21:00:00,1.0,35.0,71.5,23.0,6.0,12.0,53.94869554526039,4.220276009797644,3.093952381236511,6.1152440862034885,73.54234175934859,75.19148990691083,82.83192675351528,80.32377342872404,55.40939387302537,32.61992803447208,22.78794142266185,20.08354441818712,19.472329574431672,18.30836148961218,14.657693021684876,10.40284509006292,5.935608699822853,4.3747769191880845,3.342017312876984,3.166795310563322,3.3148869355655823,3.665274324132808,4.295758449089218,5.121319022560931,20.80046663694456,0.992098522791769,0.1254612333527364
2023-03-26 21:00:00,-2.0,33.0,89.5,16.0,6.0,9.0,72.12276740852165,10.640213132394768,5.14886577562604,6.0371737616476775,96.7418351242546,96.36695555596356,100.0,100.0,100.0,99.84965660576124,97.09711625160942,96.13228282104004,95.01146575194755,92.74243328438754,91.3299736077668,90.05276804847746,89.09359383055367,87.81090986873997,85.98201515761576,85.80832269073045,85.59720894653455,85.60051677382762,84.36530095061453,81.0878748099132,77.96332973707493,0.9941098647022418,0.108377012791876
2023-03-27 21:00:00,-5.0,36.0,75.0,16.0,6.0,33.0,63.99936441271857,7.546675756934561,6.386336227452201,5.755065428823431,77.43937740162282,78.19426822043386,85.84863186987016,91.64366063091278,90.0418073701553,89.10846115911808,93.71646309326628,94.3600875209462,86.20925421709755,74.94785577343947,72.11605868536107,68.7295763016015,64.59495959518514,54.42035048530081,42.83054837785771,28.91519995239414,17.92327300026292,8.476517458969557,5.335561361445871,4.606743965484122,6.122580355773152,0.9958270335100596,0.0912607217293118
2023-03-28 21:00:00,-1.1000000000000014,35.0,71.0,24.0,7.0,32.0,61.24716817651182,6.809597975955821,7.418060006675594,4.917957444453604,71.56055407640875,72.07538378379034,77.87488560603063,84.22377676427854,88.17580145800666,87.19318928246743,86.03713335952095,86.46783291774153,86.45363925215798,83.20959257655528,76.72527267848798,70.89190554914315,64.45384734428606,51.07668663548501,35.922857342303374,21.065505854345364,12.083566051418398,7.877539302278133,7.655389477608507,9.41088064437672,12.298535515498916,0.9972495210773452,0.0741174251509443
2023-03-29 21:00:00,3.0,38.0,49.0,19.0,5.0,18.0,50.00429960169621,6.57844480797005,7.133455326224454,7.839812665446479,65.93758662421372,66.13176095610359,70.03469175372034,74.30701714774023,78.55056493272176,83.34689929170385,88.97461111591215,87.8834165045559,70.55337608021335,35.93500500812322,29.853995299949982,30.634096175610622,38.45998744891614,44.03588148708605,49.3679477274235,51.51438681733879,51.3418055028319,46.89489388534723,43.20528538628368,38.69616076619319,33.52857401379496,0.998376906467142,0.0569521960340397
2023-03-30 21:00:00,3.0,22.0,81.5,45.0,20.0,30.0,54.29510147584008,3.505244791945431,6.946650894034195,6.370739176440885,65.11538723493854,66.01293577111224,71.01925082127684,78.25610119461456,84.79795590384624,88.27340021593747,93.81207140345896,96.06071032343768,94.25112025107612,94.85520935763932,80.70431984313097,65.88779725484673,50.4217836485232,46.98530422759101,42.033289140354505,35.343445990952524,28.79845890729033,22.65539452437456,19.05689023620049,7.701721699458037,4.245805249666177,0.9992088560679752,0.0397701138460557
2023-03-31 21:00:00,7.0,35.0,59.0,31.0,7.0,20.0,47.434384948944405,6.898961882040161,5.9212585554048935,4.622165980895487,61.64852353469254,62.348772754462665,68.17200941560957,75.19916335817386,82.60550393644523,90.81694858166756,73.23666210756528,54.68220513758383,46.818875232015465,48.39402469384254,53.67013092703738,59.47346519847018,65.63687304053121,71.41873318532151,76.00569299817668,79.12257707641032,79.5120416653062,77.67950171720973,72.80582878106827,65.0256703182476,57.44815033169455,0.9997451236925734,0.0225762630415454
2023-04-01 21:00:00,-2.0,34.0,89.0,9.0,12.0,14.0,78.43890448497753,11.924952242843066,2.318810896950269,6.471468867257147,97.43175197036342,97.3380984772132,98.41289912221866,99.44507078521131,98.61681037614946,96.2345711581902,95.53892984936334,97.72829404174578,98.94431797090768,97.59312930964622,83.29924977473901,41.61665369370638,25.125927917329548,17.095729407650843,20.07879372533323,15.592923181223254,8.652240826507027,4.143826169114555,0.1951328458286267,1.1227158022740318,2.390278817394936,0.9999855506507186,0.0053757315575838
2023-04-02 21:00:00,5.0,23.0,14.0,36.0,23.0,30.0,41.43273693660071,2.7340274060286776,4.259540354580151,3.376122732001199,53.765094074535305,56.30066073042017,56.52147014035548,62.87374382945293,66.81544107493713,62.28639289343235,51.941915060420165,37.05479369846347,23.023029484068445,12.792584688535058,7.5786803829114975,4.934042425629495,4.726763854462355,8.038425861057659,12.352641504652691,18.710644103353022,24.503327851554616,30.067426633596494,32.411585845902266,31.930525071884947,26.30168614366629,0.9999300657962056,-0.0118263906918325
2023-04-03 21:00:00,-1.0,35.0,86.0,21.0,14.0,18.0,58.72237306522481,9.74250177792703,5.996445289727571,6.133273295450546,65.84204915723653,66.58018418360997,69.36741267223607,75.03466584199336,82.02884894991503,88.75260783104457,91.95225328721617,90.4507963922932,89.30695976510793,91.53370637378109,91.7486503427698,90.9314813680061,88.57708005721821,86.90713911641934,86.09871286419707,86.83319198780629,84.50707882426002,77.22205035288596,68.83309833935604,56.92824219806306,67.37554266232418,0.9995786855478958,-0.0290250133219752
2023-04-04 21:00:00,-1.8999999999999984,35.0,70.5,23.0,14.0,32.0,53.94869554526039,7.884124378506704,5.278734570277959,5.761785434349562,74.27130361123618,76.35910132736538,83.78456736642701,86.37333072522107,89.27949081595989,93.9350530776106,98.37289794602874,97.61213313491884,87.74437149893024,73.7190183539222,62.114428466868745,55.65550053693491,51.64169919376871,50.19004365633988,48.10835870892864,44.1413327319587,39.60461095939868,33.84975379665388,29.549073627481643,24.60564609247928,22.234971403480213,0.9989315138848576,-0.0462150469837083
2023-04-05 21:00:00,-1.0,29.0,87.5,17.0,4.0,15.0,55.38327144330468,13.606487981326284,1.1107572049952668,4.366571099128521,66.82102185024138,71.82023036968054,79.44317506212086,83.35970762753287,59.795494817590686,52.31118723917633,63.43732592213309,79.9115677321218,93.02827251554086,97.86442189914256,100.0,100.0,99.60572770129744,99.79826219798132,99.78025892504913,99.70359250157496,99.6458217480088,98.92952624360292,98.06026855517106,95.62764171447904,91.57111087101764,0.9979887423155984,-0.0633914048695103
2023-04-06 21:00:00,0.0,44.0,84.5,8.0,13.0,22.0,67.68252075054913,10.033628299696227,2.9050190343255933,5.469836631303031,94.39572763519595,93.95277170065826,98.66118855378474,98.50695135644264,93.2068265815998,74.3402499128519,43.62722890084015,18.50187809185921,5.457050350853114,3.35510415883912,4.084880944311926,3.940004379619445,2.890377701870877,2.859098933398443,4.691975492846802,10.87927521351464,20.391221518323984,34.10916397790606,47.234832017654114,61.36840466940679,63.50887844715759,0.9967506498213928,-0.0805490042187416
2023-04-07 21:00:00,0.0999999999999996,27.0,70.5,44.0,22.0,30.0,50.41180610445729,4.632346875478435,5.955058333943999,3.769396371369767,65.69768952193888,66.63446565063299,71.5338299730859,78.64074216771701,84.14898883375925,82.1546135488338,79.59724031832647,81.95979958518154,86.7081561079962,90.41557700186075,85.80808142642029,76.01465413029554,64.81687336056925,56.308227394359854,50.0180727938661,45.03557229398149,40.53013000137128,35.38474871567343,31.29921642220884,25.679696351848435,22.91357616640452,0.9952176027737294,-0.0976827678217159
2023-04-08 21:00:00,3.0,26.0,69.0,42.0,15.0,30.0,45.93454859059429,4.185631389992161,6.0861868941345065,5.533865429520998,56.73338771156965,59.28080696505225,65.72213950531078,73.4385662656769,80.74731379231038,86.61710732627215,90.06520606848092,94.37238957273368,94.98373494385272,87.3250145635194,70.23567560429366,55.78290275189557,46.31186100488223,44.58862235439614,45.07253501692952,47.76277164694092,49.62651990561683,50.74304728475869,50.55204596911324,49.12752241265152,47.10969166998467,0.9933900548258936,-0.114787625522127
2023-04-09 21:00:00,9.1,39.0,46.0,21.0,14.0,27.0,46.08551326593842,7.528215690796299,6.538052556754107,5.220543385030683,62.06821052301179,63.0799194644868,67.0120466174223,72.6205125649142,77.09369634606618,76.5146384985971,68.07680402783447,54.65142410678085,44.47829823516528,39.44995692292577,39.78114002991004,48.98324140508408,60.12549252739735,71.70399321017018,78.5417789409669,82.34043487522145,82.9922896705259,82.23771645286342,80.46073373424738,75.54349126437421,71.07506767346334,0.9912685467787256,-0.1318585157173911
2023-04-10 21:00:00,7.899999999999999,50.0,3.5,11.0,16.0,24.0,49.83113518218205,12.746584380041028,6.323466021408772,6.511028468618523,61.751951865833874,61.030976204512925,60.97045652577611,55.41772764624876,46.77762729186598,45.14808640302025,49.32594973457314,54.74306986611421,60.11367248628584,64.51238441653709,66.99410435663835,66.7349399331887,64.01607675633561,60.539417968184864,57.65827894214718,55.66452637896882,53.407399139382726,49.65519208650831,43.88109208867832,34.752770374237855,25.9846151955537,0.9888537064205885,-0.1488903868564548
2023-04-11 21:00:00,-2.0,49.0,82.5,12.0,17.0,21.0,60.67802905915583,17.65386592337831,7.327860122338506,6.076690548303558,50.2817057281738,50.66009363262128,49.55360942010509,53.06888972443492,58.65924657947477,65.80400919618383,74.64955838232432,84.27554622733963,90.5099507424982,92.17916293393904,93.94677638415256,96.2316329298198,96.46556919617424,95.29684024203736,92.22948339731468,93.10487532084557,93.63700477958214,93.4024203847219,92.7638235772734,90.59325916987817,88.06389221501772,0.986146248341595,-0.1658781989346314
2023-04-12 21:00:00,1.1000000000000014,43.0,63.0,16.0,16.0,31.0,59.85484007345902,10.85524718172822,5.268799889456385,5.775886896643194,76.05714487138391,75.49980405467709,80.43196300678359,87.8675080357638,91.91970440936277,89.46878381096252,81.86003680040714,71.08396399482922,61.05897283598032,53.449808386619424,48.46845402687819,44.26538265989768,41.56833263707561,38.894536169418586,35.51590595050732,33.11358058053274,29.64829227717422,25.53470322345064,20.24166012359874,13.986915107268716,11.902166598788275,0.98314697372215,-0.1828169249850199
2023-04-13 21:00:00,7.0,55.0,57.0,9.0,12.0,23.0,54.72934506863234,21.44971083988009,5.298634450405989,7.81870217802058,60.84521370223348,60.50816148646405,63.412459618999605,70.13840102962521,74.72596914589829,72.34236558796465,68.68315375241171,62.54785795475034,52.78954823075463,47.16721513425606,46.15647518646136,48.86513981256,54.59248129849114,60.97833215905212,68.10953748084746,73.19027715613672,76.62432269695579,75.79288165702623,72.5158961499643,65.08299743771104,55.689527041110765,0.9798567700958664,-0.1997015525660636
2023-04-15 21:00:00,8.0,54.0,9.0,17.0,6.0,12.0,48.48761631157495,16.155266193687634,4.99574326039288,6.481807396378141,46.57923147766384,46.69633675602305,51.0690119738573,56.96013283304831,60.25114512995125,60.60295993234999,70.52733843485787,82.9449406692329,89.34029854610525,86.24457202491138,73.8501152392696,59.51356540576847,43.75685742271104,31.80962222733877,21.100443585248044,15.156371714728966,14.05905400854715,17.370786756851427,25.121144051260373,37.29684414721323,46.659456614498446,0.9724075561219968,-0.2332885440754551
2023-04-16 21:00:00,3.0,51.0,78.0,9.0,6.0,14.0,65.89567123190949,16.662957102011326,2.912389723247806,7.505334335923133,88.30696251531755,88.90835837543999,97.20761429340484,99.1146401701846,98.65377240049146,90.50297509236049,68.40220967687735,58.15323749769079,51.49258081267515,32.15839210169669,20.32399852325192,15.552218265577231,18.13997307016625,20.22734949624381,22.56508253034745,24.44803502689939,28.24251881116918,34.214464966909944,40.21058823048195,46.68650930520981,47.18951690888143,0.9682507501166718,-0.2499809690726521
2023-04-17 21:00:00,-3.0,52.0,87.5,10.0,12.0,11.0,71.3025763164694,22.03389078177688,4.250526592324355,6.013395410022247,89.43878792929681,89.18867758523238,95.92059616893796,99.1948965250581,99.34760615527956,99.43710296698146,96.4975087490258,88.34099419449353,80.70217332799423,72.69775350640671,62.69841713945673,52.557288865699135,45.17424322531448,42.11951459464642,41.16799064017332,48.147620494368965,54.40846512313704,59.01732087542915,59.00052254377529,53.673598215462825,64.65423642616645,0.9638074231367308,-0.2665994206792935
2023-04-18 21:00:00,-4.0,46.0,83.0,19.0,8.0,26.0,65.27873590995324,15.698138323063448,6.102132931321803,4.723786421876695,82.38847266160569,82.12487582662781,86.76190418579111,95.67892281481896,98.22342869854494,93.64058127287412,96.9188847579332,93.50088793093448,82.59512829380594,82.87903773006732,89.91805171014781,97.62180660028542,94.25774457079618,96.14436103193658,99.89181143955076,99.62160830905172,94.86807010976554,78.61615617386605,58.81834731658297,35.270321199067304,25.1327310784568,0.9590788900341132,-0.2831389812281835
2023-04-19 21:00:00,1.0,44.0,85.0,33.0,8.0,27.0,53.08942780454832,11.36135797882969,7.514246585756592,6.5508669779710536,76.55395094656576,77.07589259896565,82.46095602727567,86.32688663268853,91.95585623510982,95.06130201050829,97.50722809444012,99.33655631053884,98.97785391595647,90.61386420376614,82.35692676983923,76.85946604349047,76.73130800331097,76.17541198327534,76.85408174739227,79.823079613777,82.52948161405162,83.52160798028778,81.37435473262265,75.67178300070545,71.73556583167347,0.9540665500578388,-0.2995947563972602
2023-04-20 21:00:00,1.0,39.0,57.0,41.0,13.0,31.0,46.08551326593842,8.489900487437277,4.572242282690313,4.082226036409828,64.96897866276929,66.32579673411611,72.69762863403427,80.88563198153359,87.314019149588,94.33787165767208,96.66623445901156,96.37694317397752,88.91741136541795,78.04137165882369,70.146853602777,67.27678401171683,66.74953848113424,65.58362632966366,60.82261490607878,49.44181092391926,38.7841413033464,27.212313478867973,18.37464246046077,9.765661530402634,7.553048526027646,0.9487718864399473,-0.3159618766579029
2023-04-21 21:00:00,0.0,49.0,49.5,24.0,6.0,12.0,43.95860445689687,12.47629823135104,3.957084552656313,6.130767003814223,51.493291371301886,53.37783319801722,59.93083384699154,67.39569439073165,76.27483692157686,86.4982962344809,94.12178825395748,91.20178656244204,56.4150169244442,19.9871399312233,23.125662350153885,33.32562455626824,45.99121618177267,49.636550137812094,50.58871952167442,47.60161473721823,46.25998321863816,44.9286799814738,49.41984062078046,56.944369901526336,67.81412531654661,0.9431964659565866,-0.3322354987159043
2023-04-22 21:00:00,3.1000000000000014,53.0,57.5,20.0,12.0,14.0,44.60602665781027,17.199088243997256,4.5766691256132,6.4417845634454896,54.82329218686491,57.8359119448047,64.86901283887592,73.07659858955745,74.92293288871053,65.98528165601837,62.386762712450704,62.43503937690906,62.06606576854742,59.89418390149655,57.64704922383632,58.25453112592485,59.01175967832475,61.74354525273048,61.850566526057015,59.534802873420645,59.70234185814983,61.57003692244092,61.02013796856005,58.678970680463415,54.374923048919634,0.9373419384643772,-0.3484108069446808
2023-04-23 21:00:00,3.1000000000000014,56.0,40.0,32.0,13.0,12.0,43.32579041155482,13.318527557914331,5.172112583037167,6.102602501295949,52.51892729875796,54.6760518606389,61.51307069855927,68.76140301484617,70.77653704883194,71.24246148413884,48.74511503279415,26.598915686685253,17.29950795025788,20.081638021539856,33.510371060006314,50.91879546522699,69.42783373556718,72.96510440505703,73.8318863378819,69.90347444766367,63.81306798309896,55.75302150617115,42.9685039397672,24.480173102892767,14.582334556615525,0.9312100364121948,-0.3644830148102912
2023-04-24 21:00:00,0.0,50.0,83.0,28.0,8.0,10.0,51.874970116438256,9.582385179156208,5.143254327698431,6.376103334923468,64.60353032413582,66.5594258294573,74.16034137157914,83.43754222016543,92.56644862142883,98.98014091108934,99.16373717861411,79.72913618069671,52.01536173187107,28.42072147805148,18.291527176385905,12.47382608259801,8.45541256917583,5.8099895051070485,4.19568620426456,4.193369278731717,5.574978144940176,8.181246122848497,10.062576831792155,11.948914150388386,11.861428085247724,0.9248025743285088,-0.3804473662878516
2023-04-25 21:00:00,-2.0,47.0,82.5,21.0,5.0,11.0,58.03674223047387,12.381849174157155,6.092372021826986,5.723555735128392,71.1173028566724,74.8066900589517,83.81562238798318,93.12355782769498,99.04011152174628,100.0,99.64304451398378,99.23718238613974,89.56435531898762,79.02870007655929,77.03575738131119,80.83726376220783,86.19875474192729,85.87645349681664,72.71734340680428,44.63340504555747,26.749781784642742,12.895309019342305,8.997391361923373,7.795598518255982,9.57136387640195,0.9181214482844364,-0.3962991372689181
2023-04-26 21:00:00,0.0,51.0,46.5,43.0,3.0,22.0,48.016972517908656,10.351368661246015,8.464039423661633,5.543001954038151,50.14817184899236,52.75138643066272,58.928291935479,66.41963516973036,74.42167378157151,84.18312556334423,87.5929251298815,87.74891436877779,84.61562984509644,80.03711026442973,79.39904404219705,81.91039041497817,78.19975297117661,45.18124902956126,23.90639830581059,12.9063648024824,11.408103091362287,15.698228390530092,19.685632963084466,24.269898763128875,26.3208271645188,0.9111686353326632,-0.4120336369594263
2023-04-27 21:00:00,6.0,55.0,35.0,54.0,8.0,35.0,36.71274816395497,9.758484031911312,8.831267740957774,6.272679449102693,41.0825907326612,42.82018220497334,47.88995188455221,53.37691906343447,59.41853777181125,64.76585758270348,64.12292535407373,67.47650215284527,71.096996127082,69.8088358244116,65.9291569826193,66.37445109041698,69.33739022426127,74.72361038929088,65.40870472733842,37.44610984933517,28.23225753172792,29.744157486657546,30.589320986291053,30.51588274042949,25.325227755992163,0.9039461929224012,-0.4276462092677746
2023-04-28 21:00:00,3.0,59.0,11.0,52.0,5.0,36.0,34.47516230397882,10.980134634782718,7.169179820835221,5.727958141944773,39.62451915249804,41.59598020209746,46.63675103457756,52.35009107734049,58.74305003334518,66.07549741083517,73.9766587873529,78.40527398321025,81.58995296274009,84.04826293159991,72.13627932238896,47.22432877395957,25.143356415081136,22.03046233159544,19.943463028915247,18.54137282715736,16.589548704709834,13.735145226376954,11.619912291216917,8.992799020560591,8.499990549781145,0.8964562582905575,-0.4431322341826345
2023-04-29 21:00:00,1.0,60.0,61.0,45.0,9.0,16.0,36.05885436828245,12.43421557379694,8.37541756965653,4.793899907637298,35.580192445462686,36.754352625651,41.14862484969594,46.11558695262916,51.94640509373569,58.896540233543945,67.24514345572226,76.62504733831028,86.29524483190328,94.64636971483552,98.26607045632814,86.59168177433743,62.74482614065653,32.760850706083,15.253177063802164,12.15705468734024,10.241106234526256,8.784316592504414,11.013211550254248,15.78954298419912,30.73440031881013,0.8887010478292915,-0.4584871291400876
2023-04-30 21:00:00,-3.0,51.0,91.0,21.0,15.0,12.0,52.02708408422325,20.60530962543324,4.5981186176590665,5.861507965286247,61.64685859096855,62.37685285193758,68.18995782708271,72.0413281749567,76.39849368716173,84.45807241847363,89.61806806029024,93.17649177464182,95.89037163140569,97.9394299186606,98.98542360390334,100.0,100.0,100.0,100.0,99.8971955285636,100.0,100.0,98.83868750516628,95.36493848736616,75.87188233198047,0.8806828564301475,-0.47370635037968
2023-05-01 21:00:00,-5.0,47.0,91.0,15.0,25.0,12.0,73.58612048734834,18.777284020658747,4.258708085341663,4.331275858437488,94.8068504491198,94.6694672483778,97.5733133212086,99.66128184648612,99.3831367828846,99.48842950588754,99.93446925376004,99.83250214507254,92.3041120790345,68.82491551182724,59.22335812683029,64.76760834472904,77.89036260337707,78.93783527006553,70.57336552042575,49.0770477461817,28.739407270156047,16.08546348985585,8.248661298367663,7.511459966596648,8.360714702551507,0.8724040568049612,-0.4887853942889926
2023-05-02 21:00:00,-2.0,49.0,74.5,21.0,14.0,7.0,63.121017153336666,15.48034017154396,6.223350819179786,6.280025673565481,78.42538448222255,78.09911806793242,83.52886114311578,92.82260799883316,97.4587982525293,100.0,99.92348866189432,97.06490658770896,85.70161930425063,82.18990092179209,82.58182026772974,82.43552417145284,81.37239503762169,72.11976760592948,58.25358455383927,47.325484433302194,37.432547927199245,32.79055695026832,29.681084361666294,28.836619149012087,34.31236095412522,0.8638670987837349,-0.503719798736334
2023-05-03 21:00:00,-1.0,41.0,90.5,22.0,14.0,7.0,67.32314941644336,15.23795020756131,4.554830602675685,5.380749909369481,79.3493714025402,79.36286900349509,87.03810339942044,93.1756073463568,92.87223388263035,89.90597687355675,87.2840115452993,86.636729783124,90.37714125452224,97.80042350138618,99.79333075967354,100.0,99.54824293843716,99.4835918376519,99.43505414122524,99.31405942673736,99.05091887601031,98.84927100720864,93.45171756498674,81.8566592361588,65.53737204865394,0.8550745085896932,-0.518505144391157
2023-05-04 21:00:00,-3.0,47.0,90.0,25.0,15.0,4.0,60.406080813372064,14.068315485888029,6.149832253773195,5.283850515118137,83.913595619322,85.81734443658696,93.7716553158356,99.30947924889593,99.6607701666322,99.08674143616877,97.29011127559583,93.9359647005174,88.2326357219085,81.55246107205305,80.38719356134163,82.20579564489074,86.26197523419513,89.2843118305264,88.47388332719865,83.28263153958318,74.05669136830873,60.28547629926694,44.024722381418016,24.418905497423623,17.513688288645536,0.8460288880917339,-0.533137056031809
2023-05-05 21:00:00,5.899999999999999,58.0,35.5,50.0,11.0,34.0,37.20478260074684,11.962156241489955,6.430555038880224,5.754171993110472,48.92620698577449,51.32721435453677,57.3932989699764,64.33562128680175,72.46339036103727,70.13824194981268,71.65152037249753,65.08194649791955,49.53721795753571,32.79336134240493,30.62958540669844,37.015405561697406,47.56876138794857,55.87519832468816,59.910663251109554,57.46867480927276,52.279439422165694,44.04347537189729,41.56472993268464,40.31751807132009,43.44086208665739,0.8367329140344921,-0.5476112038402312
2023-05-06 21:00:00,6.0,64.0,6.5,62.0,13.0,34.0,31.312487952131622,13.422370594995355,7.712180248659809,5.677688437193764,39.86666323032304,40.6538846690999,45.39265813556088,51.03505024197516,57.123990817653294,64.26975730118632,67.80399832092121,71.37627657156158,75.83296589884732,77.54136873494377,67.51386019374107,53.6808642862017,38.38910806961795,33.06515774858724,28.682430426291884,26.9462192446436,25.41226995282628,24.162211750219,24.526219459365,25.65958844311144,27.42856422016292,0.8271893372462497,-0.5619233046832195
2023-05-07 21:00:00,2.0,62.0,39.0,63.0,14.0,30.0,28.570849708078715,13.104795396501691,8.459928344731603,5.470272694474506,31.860845069923226,31.71502875795596,34.77906853067482,39.06316215442992,44.04020192443679,49.6412105233912,54.73544391761914,59.25068473414904,65.70250658194878,73.45981654621097,76.59247611262091,78.05134622795043,80.11121701817005,80.44157893171247,79.87713855406851,74.03346118400947,66.52512745091495,56.6575798522622,48.85313765262409,41.79064847683814,40.79191686136375,0.8174009818249189,-0.5760691233798758
2023-05-08 21:00:00,6.0,47.0,54.0,61.0,16.0,33.0,33.91254131908635,9.519569192039912,7.542876293698999,6.921872431913255,83.99926984918542,84.9259018982236,88.91901836168104,88.2218108572991,85.94478358073857,84.61415447546555,81.71297083443436,78.88085254562961,75.94021951553317,75.39059764293079,78.07838104660597,80.49236445929841,82.16362047207978,83.05769542329233,82.96381445273003,84.22461717212448,84.63526304512664,81.8749566605304,70.02327461878767,49.799487646445925,28.27235825913792,0.8073707443023492,-0.5900444739548627
2023-05-09 21:00:00,-1.0999999999999996,50.0,33.0,78.0,14.0,32.0,23.39054926371491,6.54134864156611,9.03415419567361,5.1096886888743525,30.88759756978395,31.42715696977917,35.53465411656453,40.045769276941705,45.38282767573399,51.63725975541959,58.15940495376676,64.279206051159,70.11215065515108,77.76812918929423,85.4602531988411,89.23847982809308,85.62393683947165,52.611853765421934,28.427071881126466,17.950190034758037,13.993472916169726,16.138917282383392,17.887067362306603,18.869258090487182,21.06534232446069,0.7971015927871943,-0.6038452208771035
2023-05-10 21:00:00,-1.0,60.0,35.0,61.0,13.0,30.0,27.108973950721104,11.419324413080798,8.615344309365025,5.228498043945729,30.2216196166918,30.2768820142482,33.82172158335833,37.90224374930759,42.71204521469556,48.33104417487899,54.76200170481519,61.79381713488024,69.55384809949923,78.5729199527728,83.65959631768128,84.67752750989396,80.69048407577758,73.60037501459527,64.13271592497861,55.63501878057142,49.23784748886602,45.95230077594783,45.05000380790436,45.74156755406296,43.59464193833671,0.7865965660866021,-0.6174672802835514
2023-05-11 21:00:00,-1.0,68.0,8.5,60.0,8.0,32.0,27.25579694395845,13.648641180158634,7.055737655419936,7.08103292056675,37.27651040345575,37.63167900027968,42.0085140357582,47.24808965564824,53.07213802904731,58.60768809893522,63.21044390452272,66.9647425037925,65.83545516432913,53.55998317164266,43.27076388259133,38.52385204363767,39.37024112439622,44.56651122793706,48.57797522825095,48.74810334972208,48.10486299998249,45.52328370525554,44.45329388233077,43.74944807164447,41.5909428161541,0.7758587728069828,-0.6309066211876704
2023-05-12 21:00:00,-8.0,65.0,75.0,30.0,8.0,25.0,50.17200628072309,21.5803534330301,8.165312158929009,6.193110582386283,50.70823382085414,50.980485347851726,56.19773360816976,60.17053507331042,63.90337643877151,67.41627705187776,71.6245191096201,77.12174401331946,84.11841814167347,92.52715050083675,98.4502981167062,100.0,100.0,99.09865277290686,98.3509690363602,99.19726104277844,86.01197994495378,54.20517024795948,35.61971727859378,24.797572022878807,22.926957470911653,0.7648913904341226,-0.6441592666722685
2023-05-13 21:00:00,1.0,46.0,86.0,34.0,17.0,31.0,49.20446645467534,10.781898703579577,7.052658731450388,6.694217144787224,86.4447732845943,87.44060332822731,90.2590343895301,83.64758215921188,81.52800545483099,85.18448780365695,90.20087757957862,90.16874911911954,87.05279264035455,84.29322020230427,84.4903780901518,84.80614513135028,86.23559538097794,83.87493173817312,82.55429282836026,82.68946595952487,84.10034886779151,84.77715014028561,82.40024448351258,75.01397818646525,61.967983456231714,0.753697664392914,-0.6572212950663319
2023-05-14 21:00:00,3.0,55.0,14.5,65.0,17.0,33.0,24.168140164479823,5.828933258889273,6.769411638148553,6.442482115030892,30.565640249014013,31.538918700489788,35.528157058802414,39.87019786574946,44.95650625433733,49.95912799005722,51.50845871879318,52.76439579163528,48.97320704524259,35.43638968947126,19.80663231891033,13.542476457418354,13.175153554038358,14.803600626483082,15.657443348132988,15.14305726387919,14.825204790047913,14.432923009184323,15.442902995828362,16.716351179227388,19.25609646476058,0.742280907086982,-0.6700888411055113
2023-05-17 21:00:00,-0.9000000000000004,42.0,66.0,77.0,17.0,32.0,28.98918376802473,5.495629776535208,9.136920546679193,6.704400619252173,32.69174933738135,32.15649682050253,36.54944939566728,41.30492607918598,46.859777121107335,53.462170944077535,61.05437844348553,68.66639350634573,72.22620559501006,70.35059558543233,70.24623539809659,70.77382341099528,73.84644099707492,75.3769544609076,76.07366292228774,78.72658061823708,75.03180627651858,63.39853606313128,53.76827092528447,47.26774254944704,40.546441346131566,0.7067265555776158,-0.7074868024503348
2023-05-18 21:00:00,0.8999999999999986,53.0,8.0,60.0,12.0,28.0,24.90791997417688,6.966458525472914,6.534009721297406,4.769754930908602,29.91797836387064,31.432319723364603,35.52821961204457,40.04595814077294,45.3445184798973,50.78704690947106,56.07454035858067,60.47427626237813,56.7727739805284,44.762379985348254,32.73417036836976,26.368081726511512,22.826239979393257,22.752857343969133,24.338524191365952,28.68330826178393,33.61342004865007,39.30912865055136,44.4185910601225,49.5351387693429,51.79382667839626,0.6944521021088763,-0.719538934232584
2023-05-19 21:00:00,2.0,69.0,33.5,57.0,17.0,20.0,28.525241231896352,12.9696951230183,6.645391875442601,6.149448687271295,29.53098745177077,30.29854440100145,33.73991736119266,37.76317756843371,42.5092522408393,48.77876794998159,55.95094527683953,63.5158869390692,68.61292260763257,66.49579284201842,43.04740067181501,25.971888920146075,14.33567982422817,14.881196982091812,15.9556899244059,17.85465799937629,19.449692231822656,20.76526637711367,21.467010405953328,21.65292026988163,22.227818432059426,0.6819721490904629,-0.7313781428679254
2023-05-20 21:00:00,-2.0,66.0,83.0,39.0,12.0,18.0,48.45795100926463,25.97814959339089,6.9581208960777685,5.6684128140955,48.72051576003298,49.77669800378875,55.423548715101575,61.93877192861738,69.04674708285211,75.12798560359552,82.31829014866553,87.3395361001967,90.32033135103713,91.66380118384636,91.49613943334512,92.68371895547828,95.78654142342302,97.02962967474993,93.44490144824954,83.25918071358892,73.78757410340965,64.04903869273843,59.48587828376644,57.11154620457752,60.208811800691,0.6692903895412567,-0.7430009249440493
2023-05-21 21:00:00,-3.0,59.0,53.0,39.0,19.0,30.0,49.26125840715532,14.88382458123175,5.9809261009165935,5.943333402091679,72.55076387257772,73.3652457619045,78.53198119394841,83.67362381446539,79.44121754725806,79.52566914271529,80.37224490898053,79.74422156032877,77.46222666992037,70.96105499363719,56.65774646585897,39.63961919204631,20.50405324964631,10.504063472280842,2.8173501451574268,3.2332892832156825,5.92966779813713,12.310063809122,18.91450977125237,26.244504641542537,27.74833837177531,0.6564105761979381,-0.7544038410927472
2023-05-22 21:00:00,3.0,55.0,4.5,51.0,5.0,33.0,26.317169394051408,6.224287531235641,6.382754677359538,5.954476251739499,29.748582028174216,31.927405165478767,35.81834216953585,39.96789624024897,45.04160641885262,49.11844691863622,50.63340518772122,45.582718245915125,30.728054754739293,17.67152431150121,15.292142843837029,16.434907799815328,18.5132533896974,20.94440270044152,24.076539164121723,27.89824528158698,30.008306585431715,31.34883912988252,28.61342660936946,23.496986548830044,20.4283982226774,0.6433365204044917,-0.765583517007675
2023-05-23 21:00:00,0.0,68.0,5.0,65.0,12.0,20.0,27.25579694395845,9.739545777121355,7.438169741812349,6.063190273770992,28.702941581625254,30.0121038164327,33.2725765497965,37.24174833401023,41.8666322016135,46.46031208004962,47.92857643320437,51.019560727898586,51.57473793416628,45.058623240702765,27.79457822816591,19.102925621580024,14.554853103897884,14.928951737480272,14.8650878646582,14.12084696476276,13.254307550231236,11.988265487319898,11.816554759113467,11.81744477569863,14.808242179233078,0.6300720909843687,-0.7765366444428655
2023-05-24 21:00:00,-6.0,48.0,92.5,22.0,10.0,34.0,68.1533852162,17.88468747650524,5.178192771036813,5.128414699179006,76.97247744017706,78.17028675222298,86.04932678216598,92.44756281192127,89.19837304124559,91.32971872966402,98.17882231989051,99.84339888081507,98.2215007230306,94.11539128019348,88.14648101017909,85.71238144912773,85.67907339942501,87.86015545032487,90.14856715379791,93.20132687311455,93.669382351487,93.46078892218618,92.8079030516967,90.7855429228514,89.02536296526837,0.6166212130956382,-0.7872599821916922
2023-05-25 21:00:00,-2.0,42.0,92.5,24.0,16.0,36.0,70.2097508066708,14.025920126715338,5.4788461922507725,6.4869941526796495,81.1996641868932,84.0927966217644,92.67502637354735,98.31075211242064,98.12005573767368,97.34519283084516,98.57699048380547,99.24060721271096,98.29308793343468,95.92634140709018,92.64486554352516,91.57413509306582,91.16594388669866,91.325396221201,89.849918810142,86.09824833902833,83.46929675320459,80.36069806510696,77.91255805100629,74.52337324336979,75.21895671235742,0.6029878670694714,-0.7977503570459932
2023-05-26 21:00:00,-2.0,60.0,39.5,59.0,12.0,33.0,36.05885436828245,11.725966098774952,7.02322534823838,4.682804739570639,45.13621507378532,46.18247012723378,50.684171205054575,56.375044053129166,62.42649680444011,69.71561526844498,73.34429383002704,72.9230954197872,66.36149324693386,51.70931094631919,26.40634186366645,16.225002530224927,14.180342170170798,21.864936110763114,29.926805621604867,38.03797787510828,44.69950225500271,50.965804955574725,52.51100471134031,51.53095672988018,43.798746976406825,0.5891760872322963,-0.8080046647350754
2023-05-27 21:00:00,4.0,72.0,19.5,43.0,9.0,28.0,32.58751539218839,23.33682977777022,7.333675358969611,5.217851943719044,38.11928739447592,39.45937787335293,44.04331615110513,49.15599094434031,55.22323128958661,61.40649006241535,69.02011075633149,77.61059351658888,85.13659518490049,91.4946953297445,95.132427870104,94.51814534151104,88.78081835910888,72.94175589524741,59.672789154220936,50.3571416706743,48.5494017688572,51.36857269784978,53.22461036104213,54.00719221863173,46.7688286430497,0.5751899607119775,-0.8180198708443175
2023-05-28 21:00:00,2.0,71.0,20.0,62.0,20.0,33.0,27.72206311600534,13.212494334982203,7.085125436881436,4.77978807128935,39.6547009408253,39.90270602683988,44.2995784338247,49.92372797986177,55.54931967517379,61.6341909167633,66.6828618241396,68.82737172265453,63.36194196503552,50.56980644234205,34.46467857376655,20.755396064961413,10.413360937989385,6.09111552382444,2.565153623028506,1.1650034551139703,0.2014283723495102,0.503186353907658,1.6524563100554237,2.639086905103544,3.5073004285211864,0.5610336262283677,-0.8277930117131022
2023-05-29 21:00:00,0.0,65.0,8.5,50.0,6.0,34.0,26.788295422514512,8.949994851847963,5.6815977139082126,6.565945087115437,28.286918549393235,29.52970054101979,33.061039239325765,36.8627733916565,41.684086069026826,46.87983912856415,50.11500402024392,50.45583653925815,37.1102911225332,18.009465354289553,12.06800214439381,12.080088056870384,14.21286261174771,15.677993626652684,16.715074734215747,16.98822855993241,17.00943520733382,16.771620374683426,16.48545813775858,15.816963761952511,16.678142782244763,0.5467112728685939,-0.8373211953118121
2023-05-30 21:00:00,4.0,77.0,30.0,52.0,8.0,26.0,24.52643843189172,13.015488077277938,6.739601385369253,6.375458491391824,23.468003974534184,24.103369765938567,26.555759386062512,29.36459315657592,32.779469394279936,35.84885826334302,36.88888110530091,26.54063045616645,13.306024637368116,6.680986683356184,12.578340423865178,21.612656708483687,33.03756414926611,41.6616454555152,49.00009575523078,52.84780253310659,52.54446214611903,48.70134674737387,43.81937111939791,36.59269229271717,31.99005407779609,0.5322271388474397,-0.8466016020976267
2023-05-31 21:00:00,-1.0,87.0,5.0,73.0,7.0,27.0,23.22936783386792,17.51340876819724,8.831577459110536,5.785206629085206,23.36568799345937,23.66163787925015,26.059347767697,28.8561797257428,31.916432436895555,35.3707469515757,37.854679341765056,40.31638927583065,43.253783441165154,45.48560181670016,45.4915122854801,44.66801500901048,42.61951155706321,35.90165635981673,27.560252864351447,19.042980019882098,12.821434548161813,8.425685137064207,6.428938620496409,5.395879812023598,6.269465898593536,0.5175855102531889,-0.8556314858488706
2023-06-01 21:00:00,-2.0,87.0,15.0,62.0,8.0,32.0,28.03109301613469,27.6519962793498,9.125132512517096,6.343208012633125,27.39273286909328,27.625937367320336,30.40643450373733,33.90982901174513,37.72769581111155,42.35106067188274,47.67521141559316,53.4741543208394,58.83038266226889,61.73730652573924,67.50821758186865,71.95727078442034,76.33501765661975,79.23877747060732,80.65410763668746,80.56865965461388,78.43386083288146,73.86774687705613,70.01392818038504,64.88272078109334,61.13414480592475,0.5027907197793043,-0.8644081744776648
2023-06-02 21:00:00,-3.0,57.0,88.5,21.0,13.0,6.0,64.13838211334647,25.739198405286054,4.187000465515591,6.200398470630542,83.92556038766676,86.80341908568266,95.3689495622144,98.60064439561316,98.65813569188178,100.0,100.0,99.61493605958178,98.45624263777124,99.12102369869405,99.65666439100973,99.48986251367522,99.24836958802553,96.16479068207876,90.52007245347616,82.36182856384342,78.64261807636262,77.52567652973299,57.89883898723473,24.50975242571524,12.904335985524714,0.4878471454423119,-0.8729290708206411
2023-06-03 21:00:00,-9.0,56.0,57.0,43.0,12.0,6.0,39.98635180362054,12.487632309456044,5.283161518992198,6.787191728447375,63.86315090942188,67.80635228864455,75.5695655629378,84.31771112204885,90.93075585173511,95.77634105633604,98.86998252717588,99.51407074995858,92.3623497506341,80.55793935310693,67.3275510322436,50.11474782355925,33.189420564741226,20.777594720836948,13.44856926989168,10.69853219526964,11.339980266100657,13.856169772155116,16.80523713967506,20.436183808547764,25.33100544309549,0.4727592092862775,-0.881191653407483
2023-06-04 21:00:00,-5.0,57.0,62.5,33.0,8.0,6.0,55.01991664437554,18.731338519308224,5.151160150684358,5.963105881238328,68.804329775953,71.86055906594662,79.97794783093156,87.6896201722955,90.0310054799024,84.9613899533786,81.98305869655029,86.63044453842406,91.70632974001724,94.0643301727458,87.14804823446886,79.21829041787134,70.61901788270941,60.80359573294194,51.089077777726224,41.70822613117825,40.70455121931379,45.09585002344155,51.7057528928168,59.97265270861707,65.07170678841993,0.4575313760742512,-0.8891934772070711
2023-06-06 21:00:00,-3.0,50.0,94.5,16.0,21.0,36.0,79.77355891353135,24.392837058669784,5.630847751315099,5.749449212685049,83.40389654143122,83.5147516948031,86.81035542962286,94.00578228622052,98.64133488641764,99.86062463240054,99.72847525681458,99.5809906852584,99.33204219098393,98.9880552786386,98.49199949270972,98.84469807081685,99.02325488546543,99.57651544422636,99.05528323318944,99.39573769040597,99.42368357805664,99.6999300490705,99.29493395256594,99.8964259029766,97.38358751417168,0.4266740831899246,-0.9044054548343
2023-06-07 21:00:00,-2.0,50.0,94.5,16.0,11.0,4.0,79.77355891353135,19.90643668818745,5.4159587617788265,5.943830797054871,93.93969219425084,93.59189968544656,97.73568613401936,99.59435230873405,99.47119639030844,99.48572608022693,99.406763690569,98.82313054370744,99.4024317559684,99.94826116183708,99.99353777255672,100.0,99.93124621350644,99.12104500302138,97.9851373276398,96.12312843871148,88.6053430822617,72.47699355518185,61.44233302992165,55.59307707389388,51.16120821319954,0.4110537546870351,-0.911611107193024
2023-06-08 21:00:00,-2.0,54.0,87.0,21.0,8.0,7.0,74.27781135109556,19.70348826334661,6.139582784597828,6.071344991119813,85.89226861157624,86.09483508767084,93.76225484960528,99.53203345262878,96.12391800849038,94.56488658315236,97.19959660732988,99.27930640975924,99.96657184135596,96.200813921289,89.82077753699852,85.80569192575912,87.89300215221033,88.76418211677685,89.4428265349825,88.8331947908676,85.45639577805356,79.49397371825502,72.70592724565863,65.04632668948884,61.52382852726216,0.3953117887649151,-0.9185469991587164
2023-06-09 21:00:00,-2.0,56.0,79.0,18.0,4.0,13.0,66.49796581661417,21.180089920148752,7.270520324388793,5.995703956453841,73.78818837069194,74.31846104724484,80.14975170719934,87.2172987010865,93.52887019740234,99.03193804644646,100.0,100.0,100.0,100.0,98.74487275353611,97.27273817422304,95.3957165063313,88.36567849441039,81.95056915972498,82.50006594590491,83.29092515615453,83.50767645689416,81.78334096271355,76.18215236613406,71.1473673126521,0.3794528437245443,-0.925211078289358
2023-06-10 21:00:00,-5.0,61.0,52.5,29.0,6.0,34.0,59.96347060974499,20.21006309588711,6.980424312408287,6.401108091175177,78.25820702416995,78.75869687894314,82.75398324444569,81.92259562910064,73.41112416868935,67.14119959073838,70.68895495043952,75.40986200200098,80.56261698700696,84.23532128011956,86.29696911496069,87.57263778397633,88.52712132622933,88.70639130662751,89.23934434999957,91.07652940837085,89.06607884729834,77.32147891713912,63.14273482377018,43.60507805466048,35.810975719895524,0.3634816124829063,-0.9316013725767188
2023-06-11 21:00:00,3.0,72.0,41.5,51.0,7.0,31.0,42.54287617924819,20.63649293173876,7.656266723841688,5.830300930833878,54.79317129039987,55.13264368254257,59.579199207969744,65.81254780468284,67.60296445835236,65.93650366619951,70.31487967631861,71.99890168229656,69.91913039972653,68.5256846162621,67.52340571209476,63.70733483592965,57.82243843641383,52.14486324186846,46.32830436224561,43.23756195337741,42.034090918264646,43.57691512478235,44.93818030978986,46.34394138557739,48.27333294555637,0.3474028211842774,-0.9377159910299092
2023-06-12 21:00:00,1.0,79.0,16.5,63.0,3.0,25.0,36.30114349212663,22.595341607984448,8.368781845569732,5.651221768163718,39.39760006982906,39.518051385566565,43.437181392310606,48.252683209981605,53.738955502657824,60.71368093517028,68.47640679004786,77.67892084515675,86.38468866662996,86.59114058470611,75.44758157267908,59.56595407598554,40.33437352277272,34.07292664525957,28.956037845118605,23.129623007228936,18.81233370747736,16.186221758877146,14.643093030639834,13.562702385427238,13.238367367366193,0.3312212278016865,-0.9435531242349544
2023-06-13 21:00:00,1.0,76.0,76.0,43.0,8.0,17.0,46.45053851874472,26.298011640156968,8.096382544952943,5.064931841698091,44.61515644484526,45.91388871860057,48.00791607627017,53.29862903505273,59.224358485026464,62.37217326041377,60.937811759403615,62.48668374635289,56.95594047467305,53.44018008257464,54.12569975000381,55.7611019512881,56.42103073193094,56.077052475307696,56.00001251435256,61.1536548974713,66.96762065285618,73.9283195536107,78.67018221087766,81.5603723346918,83.81652755554319,0.3149416207289519,-0.9491110448902284
2023-06-14 21:00:00,-4.0,68.0,79.0,22.0,7.0,14.0,70.37250898029912,30.18611987596505,6.398906491829927,6.756746069577711,74.83130294295303,74.24267702578896,80.46347255741289,89.51163443263815,90.134967964239,91.1399642073228,88.27824867066813,86.34027577398851,87.06241214859244,87.18128067762741,87.87580559399485,84.65632671439225,74.35110899807262,57.97170884770125,37.51709512551141,25.36619746348463,15.937929141276472,17.840200548003885,21.91121325244851,29.85146850700952,28.264969575588143,0.2985688173637202,-0.9543881083175908
2023-06-15 21:00:00,-5.0,65.0,77.5,20.0,5.0,2.0,72.64203146829931,30.73006151557608,6.425896526360885,5.972753411879829,85.46285185061838,84.94771799331627,90.33928690028058,94.36258705330552,92.57844582139786,91.29015424107156,89.1424510042596,87.08408587776145,86.25737357022618,91.0438635566665,92.8917085842424,91.25362147156342,88.87594288613495,86.07582603396247,82.06226735853711,80.97137798820492,79.53908759740894,76.13535372891197,67.06135095123759,48.71682881866575,44.45471238826383,0.2821076626819194,-0.9593827529490744
2023-06-16 21:00:00,-2.0,64.0,76.5,30.0,4.0,36.0,60.361457330669865,24.5890547828339,5.730446571241893,6.264330358138561,68.99776367123457,69.10116939767337,75.23641981809254,83.32239991737899,90.45791883747202,93.30846737762506,93.62357934927124,81.409479616493,67.02210118764438,66.2458479988291,70.61208573484761,74.51588317802023,77.2314990668552,78.07990863467906,78.06892180392919,75.81201857953045,72.16119666247796,66.07474725256458,62.29102783704607,60.33786060431176,61.31847512806844,0.2655630278040559,-0.9640935007889756
2023-06-17 21:00:00,0.0,56.0,94.0,20.0,13.0,6.0,74.47077718456157,27.566418191658336,4.976953594285913,5.76175779617728,78.01964152030469,78.25461484617618,86.54611269726632,95.2654275903734,98.49142928771936,97.96912611051933,98.3863336925035,98.85342674924362,97.77302082093829,94.73619879528808,93.64941713961367,94.14672171805302,96.28828768257696,96.10213455421528,95.71218660422409,92.83308197218446,89.82863667009889,84.62589131589957,85.83433919363458,90.73372034123514,91.32535435551272,0.2489398085537665,-0.9685189578512204
2023-06-18 21:00:00,-2.0,53.0,94.5,15.0,13.0,2.0,83.07448222924972,26.52346882154614,4.881731392218746,5.226692989849412,90.37536125534548,90.80163293172562,96.42266303225053,99.30850893780546,99.31464423576465,99.94084101554716,100.0,99.9051649571683,100.0,100.0,100.0,100.0,99.667257844535,97.88143265557169,95.81514934809968,93.01346321362652,91.76038504985,90.3865355856706,81.55225378736851,65.7383965082298,56.75714311784855,0.2322429240090701,-0.9726578145718654
2023-06-19 21:00:00,-4.0,58.0,85.5,19.0,4.0,34.0,69.29036909562232,21.20133585061104,5.757660213064875,5.126606739204309,78.98250429553502,81.25875028667207,84.7382087314571,91.20011244113816,93.6250650730418,93.71130253705924,93.8686514563653,95.70661587403627,97.73070991151506,98.21151399665168,95.6682042368275,86.66966811175021,75.92338294329973,66.49116448895813,58.50871741809572,51.5223999239796,45.95552589945511,40.2599600512705,35.53589338634433,29.855509517077785,28.53344643313151,0.2154773150467301,-0.976508846196619
2023-06-20 21:00:00,0.0,67.0,53.5,41.0,4.0,1.0,52.39539990963286,20.22489097876666,6.281664761826807,5.551033715009665,60.91598915298185,64.33182067693656,71.05978474858763,78.78325937626742,77.5127679581945,77.61951146503675,78.02317890371008,81.21912001517386,86.43855873813571,88.82053727885982,82.3042775074485,67.97685188479736,55.53993307576801,49.7453084494297,44.55820378780193,39.04168175815542,32.99255629478765,25.088058566696336,19.484299214435985,12.808543704191964,10.94589364426291,0.1986479428801711,-0.9800709131432666
2023-06-21 21:00:00,2.0,76.0,4.0,42.0,5.0,25.0,40.08550567861075,14.716258223962088,5.9424249942697065,5.375536784281056,50.147770179079465,52.48541692616986,57.2252087225078,63.05918645115408,59.08406313163652,51.24018784348243,33.05062533773746,28.677530639212428,27.039498753904056,25.423459452074383,22.340882950610656,17.69317406256595,12.855561511466664,9.715093978985587,7.712026940758244,6.744170844306978,6.074517554891484,5.315568455818871,4.917255679812419,4.501391401316444,5.1024587600360505,0.1817597875913753,-0.9833429613388902
2023-06-22 21:00:00,-4.0,82.0,23.5,43.0,8.0,24.0,39.5561322850118,17.00434881173666,5.522053832216573,5.789772406047694,49.71429500415333,50.511096506027656,55.42957520573518,61.29822559139051,64.51850301146786,51.88455902022447,31.60582268653024,19.43317909394676,14.69274317847274,14.300787160603075,14.491603415015163,14.125921253316031,13.447479998094432,12.695491990742752,11.851353390151369,10.920114303042125,10.287362216863098,9.826239026540874,10.375774918773033,11.478536771538588,11.04041076711101,0.1648178466571979,-0.9863240225317866
2023-06-23 21:00:00,-3.0,85.0,11.0,50.0,6.0,24.0,38.60522378248608,17.062519283691792,6.220229971533144,5.909270874260716,44.50417208033276,44.86311382088562,48.52347601007937,53.390135164372765,58.85680896177268,54.81891801811239,41.99710398895832,29.933797206456088,20.59988223724814,16.15052435187009,13.58184447628222,10.5586903529944,6.770031357021416,4.467686968552688,2.573902313175312,2.129134378640896,1.9690845460830289,2.109722525676414,2.30070730576673,2.5459315702963967,2.886491388475991,0.1478271334705304,-0.9890132145779884
2023-06-24 21:00:00,-2.0,80.0,86.5,34.0,8.0,22.0,52.36618948569386,35.938196171496806,7.809236664153963,5.359938662152246,49.84693406384121,50.53956885112976,53.34904988689878,58.71842866109376,61.236150420088045,57.18294163300667,55.39817897268837,57.705775909689706,60.69617570597092,60.62800675901786,63.76880261025245,68.26579070379056,74.9358728908334,83.3253948402168,90.5747335269115,94.15636817521722,96.3188819404585,96.53729447730473,96.7494638741582,96.39254938202248,97.43890176032208,0.1307926758567592,-0.9914097417023038
2023-06-25 21:00:00,-3.0,77.0,62.0,40.0,7.0,36.0,51.93667951722938,25.19753871100692,6.6388738253710375,5.348275159281941,63.83562795850468,64.24327901850566,69.13828082581303,71.35587442254129,74.88893318072994,75.50295168578594,71.93487494446207,66.96203998075812,63.69194881380679,61.66196568748092,49.106799133667245,41.071638810677534,39.67041939126733,33.802735297199874,26.381720905065137,18.8461480600958,12.74990141991959,8.62427374663217,7.776187280794694,9.082309917310182,14.079850457533666,0.1137195145859496,-0.9935128947338008
2023-06-26 21:00:00,2.0,66.0,78.0,25.0,15.0,11.0,62.89408489266924,34.75522733363244,4.496656167325133,5.481321813327814,72.23657053957704,73.04556400631479,78.10821764392401,80.58435915568913,79.07146172171669,88.8638929001815,96.88384074596075,99.0082351896454,99.62549745431204,98.75276112966225,97.26089673142472,97.04314971956356,97.26438437413832,92.87062729069206,87.9015810014797,83.19867981027589,80.0560123633696,77.99597557351346,75.3628293211916,72.68072770123716,67.98072937594988,0.0966127018812031,-0.9953220513156602
2023-06-27 21:00:00,0.0,70.0,92.0,17.0,13.0,14.0,81.28158556761407,38.17973441900797,5.099490593050639,5.278583592848281,90.3930024622975,90.47098898936682,98.79814346034544,99.23839327828271,99.10788516182647,97.93930933201553,92.20546231867124,87.41642475105942,86.03808347814459,84.94097004678302,84.09837580400004,81.34283418169728,75.34618494209951,64.25118279667565,53.91258225624782,54.951935824010434,55.87363087702685,56.645892138610456,50.52695908633555,38.67494860228807,45.11088771268963,0.0794772999236209,-0.9968366760893436
2023-06-28 21:00:00,1.0,72.0,89.5,23.0,14.0,16.0,78.64171584654673,42.737621576600965,6.50215235988484,5.040058146688599,84.89668676224797,84.7780758823373,92.03521931599316,96.222070791473,95.523879553826,87.37891510539365,80.02395253484555,79.85479928952573,82.84909857458487,83.95218768445912,87.73480978642105,93.02679162847768,97.9077929325649,99.078576653822,99.19526479490428,100.0,99.60938717132387,98.73494677835352,97.87644784455416,97.3972254733726,97.62259635232292,0.062318379354325,-0.998056320853012
2023-06-29 21:00:00,1.0,70.0,76.5,19.0,7.0,17.0,81.28158556761407,37.203332980540296,6.9088754656609135,5.947473647367135,76.90684469734346,78.18025023501,86.43218436053854,92.49312199823798,96.4650805607633,99.1843298999094,98.42908139983967,95.01791547757507,92.29851731112758,92.8898762939712,90.6988298177095,89.09135967144016,86.71868802289512,82.14716310240021,76.9053351808156,72.16025270652855,63.229617626424606,49.045879361541566,35.139423252896755,19.07907169285617,18.36304824331115,0.0451410177739719,-0.998980624694158
2023-06-30 21:00:00,-1.0,73.0,66.5,27.0,7.0,17.0,73.42344683897738,36.32095716214418,6.6049266822497,5.206353778360203,78.82582680223364,80.46520031489845,84.6776263329526,89.99194058014382,93.7714179644259,97.00723067118868,98.4971350019952,96.87063322463008,93.01242098783833,88.75155413395606,86.75186282350727,87.04108086481602,89.47647975530937,89.79660540380448,85.59355854433633,72.34122332961618,51.30816883130392,21.718987465532507,9.092940037761933,2.9767988332942403,2.5126029002183388,0.0279502982402103,-0.999609314096404
2023-07-01 21:00:00,-3.0,77.0,58.5,38.0,10.0,17.0,62.027888304697775,32.82682288266796,6.910383199054735,6.145480113137226,62.71315117072699,63.72201820018556,69.89455056985014,77.54449850348782,85.70874347759325,87.6000440246318,83.1640102025084,75.96306086343617,69.1446518745349,66.71799120370318,68.09877883966948,69.42866720245017,69.95636676470106,65.73363901159524,60.7026993033544,54.16250037381658,47.6966924540973,40.675202165566695,37.91565129649299,36.78617451123699,42.55839971540863,0.0107513077635219,-0.9999422030204416
2023-07-02 21:00:00,-2.0,70.0,90.5,16.0,11.0,17.0,78.481394078393,36.33284973708804,6.400644086531738,5.462343976182899,72.55672477158102,72.9822365174356,79.59060570646062,85.12872344860963,87.69014894748307,88.6147589125913,86.4515906280986,81.91969717408402,77.77452148836052,77.74576441683988,81.2266837446871,88.1777377773369,98.739850805429,98.91539285958048,97.16971217812888,91.99499933434352,80.63112364544408,62.77046457765214,45.171810287195605,24.56555888446091,18.333437657723863,-0.0064508641981051,-0.9999791929590824
2023-07-03 21:00:00,0.0,77.0,70.5,38.0,5.0,36.0,64.24102387606231,33.20217309488051,6.556361233901093,6.004745064110399,62.7133838742956,62.84965645283896,68.65591475847982,75.3004431378762,83.28836688840448,87.93995728735534,85.59362283704363,81.35841931865254,77.44756213204082,74.49957986550781,67.4439961991882,60.11671251392079,53.53085908960456,51.71063650854313,49.93818033851695,46.49781166271125,42.47139892407711,36.75350537277146,30.82886179017113,23.51417743770615,22.841136432752663,-0.0236511272452315,-0.9997202729664084
2023-07-04 21:00:00,0.0,78.0,29.0,36.0,4.0,34.0,60.01107855818599,31.65760859275268,7.370626952991943,5.795160719686254,58.34572934767878,58.61058430193209,64.06300678078671,70.68249884659825,76.05656112907985,74.41783297112966,67.89945570390131,63.54521778694162,62.31140457344936,63.51992336195899,65.13270364700634,66.21945404880061,67.64970116128457,65.65720497049855,62.41685214994115,56.23082194478262,49.293418876556,40.944317122854734,34.85101575592681,29.77092873478499,29.15999350264052,-0.0408443915432961,-0.9991655196610107
2023-07-05 21:00:00,-2.0,83.0,17.0,46.0,4.0,34.0,50.972422488102566,29.34504484114023,7.866501891406389,5.167240510578193,55.08969740625218,55.625858027567546,60.82915590560128,67.10885006835706,73.91038465941006,73.27887609215861,67.11444021434593,63.22481968766535,60.18640828479739,55.51625057806688,55.6595477167009,55.25900136991466,52.89855013686526,42.834561914341634,30.86183859224749,17.35030960314008,9.818310307814787,7.9884303858651,8.113366045775258,9.741203238421356,9.794369758533032,-0.0580255693287803,-0.9983150972033183
2023-07-06 21:00:00,-2.0,85.0,62.0,31.0,5.0,22.0,53.07184124760247,38.03447282765359,7.961525814666764,5.028768989715563,57.688506958718186,57.79289017919358,54.277019253903234,56.23661455271078,56.7007322963723,55.54265467848085,56.947190079424736,60.52843728335313,63.77284911508032,68.21110045081406,73.76211698401319,77.1961347354298,76.95037320448735,75.09258569543923,70.87403600913238,62.85179643638652,63.6577544988307,75.73119012235361,71.5100309606731,55.16561074172004,59.91327643755739,-0.0751895764147585,-0.9971692572470178
2023-07-07 21:00:00,3.0,80.0,76.5,17.0,7.0,28.0,66.86238676063813,40.36306404845931,5.918954291601127,5.004438436056841,76.57963828937558,76.8257228323227,65.92681072862914,55.116954304582286,53.76540895682972,56.16780833511756,59.59069313427685,63.27767083053689,67.4516104040432,71.63610385866015,75.98594013252874,80.8549546773067,85.62164273027662,91.61435586836468,96.0928939257762,97.94841850269574,99.21511168048308,98.32183487640422,97.72608428419916,95.73131053777152,93.98350311488088,-0.0923313336953912,-0.9957283388645872
2023-07-08 21:00:00,2.0,81.0,32.5,40.0,4.0,17.0,60.39506710555167,35.367472617810975,7.662694318120742,4.8413205880081165,59.20011126660529,59.55240495180686,65.29207894537608,71.94715267473782,79.33947821760911,80.12487773910772,77.48934101547201,77.57043953097258,73.89816540357491,66.24298487692448,68.38186249104272,75.00045902713067,85.80869847455656,86.55583877373992,79.25942112849155,54.26456877645629,33.077875562294665,15.772185633279143,7.024377315697521,3.777070692489884,4.439390901160023,-0.1094457686489155,-0.993992768446958
2023-07-09 21:00:00,-2.0,80.0,62.0,34.0,8.0,16.0,62.399389337971854,37.39601642767445,7.381183366512508,5.653684945777905,57.80644566089419,58.27937018484673,63.718283439266,70.62546819243961,75.67256087436728,79.1744449128436,80.34259104778904,75.68002905654429,71.32500985092615,74.50255321278549,75.17463920890857,76.53743223764613,79.67299864301232,76.94915342315097,71.26091944492163,60.91779058419588,50.32942997587998,39.14357856603522,36.79334230340245,41.41087663333295,46.452040801679054,-0.1265278168386831,-0.9919630595773395
2023-07-10 21:00:00,-4.0,77.0,75.0,24.0,9.0,14.0,66.5232085413429,41.011920584743045,6.562290080583227,5.690799363784835,60.21322016006795,60.65718761262047,64.70544302074457,71.8304635814792,80.29320483844803,84.47197720051153,86.56974238344068,87.26394394812999,84.36244916753645,76.8386069284553,75.14875853053053,73.1062000740792,67.99358715088425,68.72319921426174,71.55997274611066,80.74869842719775,89.42132977860969,97.28845060694788,99.59803196592468,100.0,97.23328219325047,-0.1435724234118113,-0.9896398128792412
2023-07-11 21:00:00,-1.0,70.0,87.0,15.0,8.0,16.0,87.14637408597748,36.39759898068706,5.102240628543786,6.188685110098566,92.49293509878464,92.25098426279372,98.95143392470112,96.964511322022,98.84759004808367,97.97804804392474,98.17021170226349,99.45801672603682,98.1134104481811,83.21773691880124,71.7351173947618,64.27607381588092,64.05892581745131,58.20720081858752,50.43380019912331,45.8140376364027,43.93955816993325,48.74560688356336,46.10713298530691,37.27264047915313,32.18191898347478,-0.1605745445949937,-0.9870237158387384
2023-07-12 21:00:00,-3.0,78.0,32.0,46.0,8.0,25.0,55.92225541850748,25.14947390185128,8.103539646063373,4.976877811442607,48.25198939120239,48.573906710735336,52.1251606274616,57.3906042855229,63.589431319742765,62.51490547428896,53.96138373492454,51.36621016037817,57.1440025138512,65.10312473221057,67.54194787954162,72.05748765289812,79.52896676337254,76.67210023454774,67.08612135030538,44.82887989495964,26.020341094844724,9.818420933508294,4.171061713889223,5.149274736460938,11.2509687325678,-0.1775291491870349,-0.984115542601034
2023-07-13 21:00:00,0.0,77.0,86.0,22.0,7.0,14.0,62.027888304697775,32.83388071400823,7.002150936681431,5.571787193853271,53.63111547435891,53.85282657861155,58.40990238932798,65.14806151809834,72.22910716716731,76.92782098363445,77.08865448684436,71.48134483711506,61.334199715112014,48.31846508862272,40.84321957385572,36.46710797644601,35.11218096970811,44.56790386202056,56.30109330941604,70.28178094561464,83.55909584067099,95.50798887736184,99.96357912616511,100.0,98.84282349409035,-0.1944312200476619,-0.9809161537413774
2023-07-14 21:00:00,4.0,77.0,53.5,37.0,8.0,22.0,64.24102387606231,33.17371424108885,7.626258999402981,5.155925890706683,59.83152486914073,60.12800581467344,65.78283383721657,72.85097171978451,79.47006976913217,82.74936674075055,84.02451905882417,84.44912721083811,84.90459537682713,83.60381501570528,83.9433723945022,81.89202601902662,75.86001441943169,63.37444634945783,48.18634971292126,33.42616034250556,23.03180426566793,16.698703976043248,13.849029791932123,12.632680307203392,12.8152271606725,-0.2112757555821793,-0.9774264960104057
2023-07-15 21:00:00,0.0,74.0,72.0,20.0,7.0,17.0,81.56373805333675,43.107825774198936,6.823414485763402,5.460946025050408,78.92909838525016,79.82371056847539,85.1571013778344,92.35440047801184,96.93295745051633,97.66345669238748,97.42211675918703,95.07124485214882,91.06975409934056,84.24329261841473,85.79942040734309,87.54951359122101,88.59183786029303,86.34893023783347,82.58146583052817,77.94164148994999,77.47857971720576,80.9227879114702,89.18744811683872,100.0,92.18818653540166,-0.2280577712215198,-0.9736476020539838
2023-07-16 21:00:00,0.0,71.0,93.5,16.0,15.0,17.0,90.25472374748674,48.5729684084577,5.736063493257739,5.019884345459988,88.18448598045838,88.41386396509631,93.95780909058276,93.49825146624936,93.01178767869278,93.56537127336716,90.24411296928972,86.3672418135423,86.68392606296256,92.97749443042582,96.06262840220758,97.08101348229276,96.33842640779122,97.74212673475374,98.59730061834578,99.64450512535588,99.48470430400768,100.0,99.74548183896232,99.503432081043,93.46800697168511,-0.2447723008972595,-0.9695805901076308
2023-07-17 21:00:00,1.0,81.0,46.0,28.0,9.0,22.0,62.52216174202056,33.03870685760966,7.082093018179592,4.922385037143461,63.3590654789675,63.54921039833833,67.93012974210535,68.59134439741727,70.04566392751602,74.47104348232013,76.7011472933402,73.94977626005416,65.2653729863989,54.67801666073817,56.27652675473232,57.84014753784569,57.27902148756552,49.58792062547393,40.382072503160735,30.04871392576809,21.150311681309983,13.832048345425653,12.67647695954076,16.593986150945202,15.481580112906334,-0.2614143985111562,-0.965226663665613
2023-07-18 21:00:00,1.0,75.0,76.5,15.0,9.0,19.0,73.61393026416867,47.89121369599924,6.755504237477727,5.221610413261332,72.52534341371425,72.83232033517585,75.34565610925169,78.96826789432437,84.48862786669687,90.84238127776828,95.9927772893153,99.55039778865324,100.0,100.0,100.0,100.0,100.0,100.0,100.0,100.0,100.0,100.0,100.0,100.0,98.7794301471799,-0.2779791393987801,-0.9605871111248128
2023-07-19 21:00:00,0.0,76.0,30.0,29.0,9.0,28.0,57.66778910783504,27.834193997308468,8.26931056209446,5.251581227224844,55.95409999379112,56.399297258278025,61.23792544528263,67.81431968484188,75.23787967437536,82.99545637006703,84.11737909933522,83.17290761086109,81.08751204692211,65.7527044495487,63.58716238840574,65.83127533249198,71.8999953562373,59.51990814181569,43.15222876676557,23.898192263491246,12.896669956342471,9.23323245007478,8.166891509567463,8.829279309593234,7.995080566891629,-0.2944616217868012,-0.9556633054034704
2023-07-20 21:00:00,-2.0,74.0,10.5,43.0,5.0,28.0,49.659407487470894,22.09418555906064,6.836124230435257,5.367467222521351,53.96554108194415,55.04997766118446,60.4159214015462,66.72857906434233,74.2699371388849,76.97356437060088,77.78020870428317,73.71217967933951,62.44814834368271,48.66931856217128,46.52891127601894,46.24928196536243,46.70665145849718,40.90030170038987,34.62108831237654,28.846511840425546,24.99157067382625,22.658783051912824,20.64495855503036,18.121978158523227,16.734198020642978,-0.3108569682435036,-0.9504567035349152
2023-07-21 21:00:00,0.0,76.0,80.0,25.0,9.0,15.0,57.66778910783504,31.84635530334052,7.629479862233465,5.805947729550344,56.527482381773765,56.84885137098146,61.461540511878354,68.53106521316356,76.81773574412941,78.14046241801238,73.13036373780719,74.24834492378324,73.5680550865673,67.63209691836244,61.926269020816505,59.20028086408144,62.72051068372443,66.47441358863857,70.59709473627156,73.06643899865819,74.45069654399494,74.27777155066616,76.41354478915066,80.82447884790164,77.7744950684985,-0.3271603271220951,-0.9449688462364056
2023-07-22 21:00:00,2.0,72.0,59.5,28.0,7.0,18.0,73.32748485196429,33.4323688306453,7.604860645834665,5.945520047903629,62.2957320633603,62.81326222598616,67.82091376699955,75.61082859351319,83.25256251406408,88.71518523660069,89.07377642143892,84.81687495677043,80.14854145636893,81.04192685389123,83.92801281045217,86.5533596320437,87.20786347881031,88.11288424846528,82.95563883202692,58.333771138751175,39.34143358717703,26.98864926480337,19.459535604885307,16.04094339740693,14.95815185009986,-0.343366873996388,-0.939201357453208
2023-07-23 21:00:00,0.0,75.0,45.0,32.0,6.0,27.0,64.00100515322764,32.64877706241999,7.271614469596781,5.166220949013685,64.51629152413587,65.03394692965423,71.15542408019361,78.47415663131856,82.3457109864401,81.30815044255083,83.15049491655377,86.40981144941566,88.93829619117886,86.75376819711708,80.07206757936048,81.66823752598273,92.82533365193514,92.37510312918008,85.57914964368942,67.70392284344798,45.65387712676664,15.48450235032744,3.378101453619649,3.62071902680657,10.117910460651764,-0.3594718130884232,-0.9331559438780432
2023-07-24 21:00:00,3.0,80.0,9.5,38.0,8.0,24.0,45.3902169710704,24.431320287098814,7.777397492664857,5.682984474568958,47.59325389910642,48.61297626455225,53.5892853727171,59.376341183998846,66.0595052413864,73.59302879245612,78.74374930125092,79.80095531378673,75.60734316232394,64.74373905467336,51.34303170321015,41.35595293605412,33.71506581833606,27.441163536875745,21.592348887818314,17.842164391368357,15.637225372478431,14.4960740941835,13.581568872126155,12.272931409077431,12.57423873319126,-0.3754703786876202,-0.9268343944460494
2023-07-25 21:00:00,1.0,77.0,63.5,35.0,9.0,24.0,59.88201402804045,29.512967778242764,8.012981024454543,5.297992270632666,56.91790248550962,57.72958167948594,63.18601426592272,69.96446826415094,77.44777189000615,79.72831668802999,78.44545144581376,75.82950186117881,71.7401802539229,67.20340888762276,67.34750754638753,71.345231489442,78.918963790079,72.56952645914515,59.434091379140455,36.20807011924694,21.93120491878225,13.8965160225148,10.964261924693837,10.88540159849707,11.146935481009423,-0.3913578365610259,-0.9202385798054076
2023-07-26 21:00:00,-2.0,78.0,30.5,32.0,10.0,24.0,48.47256086202582,29.863558093557018,8.203350589257573,5.113270771767383,51.87599660474513,52.60511268808396,57.663929716027816,64.14114675551058,71.35078813071262,78.47267796342312,81.65732853279549,82.2241255707812,81.51825492931113,79.48613138873675,76.53488413383815,75.04456059541987,75.8788237552878,70.35713264852524,61.62724751501168,48.62700649255965,39.13084165311153,32.86787556861344,26.437664751686903,18.16552925097876,12.53482872281758,-0.4071294853542516,-0.9133704517637858
2023-07-27 21:00:00,2.0,74.0,67.0,16.0,9.0,23.0,70.99674371996446,35.35761622972464,6.829427160813795,4.309562149989083,63.59586261422998,63.63232571787702,68.72317020075735,74.48890396809506,76.89879746410926,84.23547781011894,90.37761614726531,90.56081180425215,88.74148683698266,87.25476866197216,85.01759331079134,82.80230797020633,79.6410969386321,76.67135177652679,70.91139755548981,57.54663904175741,42.8262638753945,27.143346864884005,17.82929468897073,12.845441124024983,12.674761809228276,-0.4227806579826773,-0.9062320427107696
2023-07-28 21:00:00,-1.0,76.0,55.5,17.0,14.0,26.0,66.40910847963103,40.42658301039411,8.074157845020718,5.2394995255737005,62.07494427632746,62.37297219659136,66.72568526053497,73.27986327700357,79.29353173298004,80.06029499952517,75.69962233302078,75.71264887847605,78.99670708006127,80.42425832137849,79.70552161088892,79.71528665987775,84.38804654875642,90.5940465574157,95.56567126798645,94.37927104956178,93.43673916926686,93.20844073996464,93.910092487349,94.22912371485364,93.45956996617096,-0.4383067230125192,-0.898825465016444
2023-07-29 21:00:00,-2.0,67.0,75.0,41.0,8.0,32.0,52.39539990963286,21.240195486494628,5.734820775444927,5.579797428265755,55.776400868739614,56.02199417186466,61.27903633745386,68.58527544538711,76.82974658991454,83.3691276039338,87.01929691562091,89.72895869767132,81.71492324465682,58.59428241603214,39.62873682656177,28.69611542624149,25.486129569318493,25.80243530245357,27.781624374776364,34.12255593413862,43.1376616369482,55.905325029077616,66.78191118313217,76.69457308508392,78.98480640375676,-0.4537030860313442,-0.8911529104063088
2023-07-30 21:00:00,-1.0,69.0,3.5,52.0,9.0,30.0,45.37847930932192,19.33897898060178,7.961058995678562,5.374199967019153,47.81775444477399,48.10281717096802,52.20077331133871,58.044816432577726,64.53155482212236,66.6135759906382,63.4858998354442,62.71384173414717,63.18966882640781,67.22357649364668,71.98235739949122,75.94974952827613,76.24134889347172,71.34884096808456,64.28517596007757,53.755502917162346,44.82128898516431,38.003147624016144,35.942757249135305,37.75912240983018,40.67213495550802,-0.4689651910076318,-0.8832166493127127
2023-07-31 21:00:00,2.0,63.0,64.0,28.0,6.0,29.0,62.51513516831747,20.878451045743912,6.150342123671241,6.363369553863104,83.39860649334078,84.13938433458924,64.83114722960302,58.53517103241879,59.74822628697643,64.9679727716039,72.71113131870486,82.28766602221611,90.37521143578672,95.8593737850718,99.32557825063958,100.0,99.94037599218352,100.0,100.0,97.84216798790314,85.57575541980937,59.922620098629466,40.535629128773856,23.008516286842884,20.096231523051376,-0.4840885216389758,-0.8750190302029955
2023-08-01 21:00:00,-1.0,64.0,37.0,39.0,10.0,30.0,50.02154195397844,16.98325575092711,8.459446850049297,6.522301290218188,51.52685866757607,52.70854423994131,58.18442198762875,64.77068987514761,72.26639399082764,74.92546994892366,73.18872850994515,68.4440385604398,65.22664876732136,66.27725853931004,71.3384319921437,78.57334316900352,87.53750572483956,94.94450965353924,95.31648872986295,84.05420054760393,61.281051233462335,27.70240053311322,18.49316281187996,18.67277102092584,23.39316525516299,-0.4990686026885319,-0.8665624788845385
2023-08-02 21:00:00,1.0,68.0,23.5,45.0,7.0,28.0,45.22343125997333,17.99757420973564,8.600780543000266,4.935614468330245,49.39836703550915,51.11514105036179,56.85689141334812,63.581847118051805,71.17913788381124,67.7918964318378,67.90082692039809,68.01650522718441,67.96155803999588,67.57093816275844,63.767759642498135,67.87171898591204,75.60390976007093,76.95979274236085,65.57614596927033,41.33396668560822,31.23855071912812,27.01126764126772,27.07439050835241,28.53971182768553,25.839965431349825,-0.5139010013093103,-0.8578494977869301
2023-08-03 21:00:00,-1.0,67.0,89.5,14.0,12.0,17.0,60.7543368911074,27.765954524786284,7.170202513793035,5.6441416404002895,51.2499868686617,51.253564082799215,55.844586983245215,62.03377678231987,68.70117723778199,74.07406020996568,76.51805811443032,79.56241034386481,84.68049977856474,91.97273153535876,97.872643821757,99.29889229031414,99.73649016349223,99.00226607217306,96.7123649863527,89.4858323333854,83.15682848583988,77.65438789232338,78.17126112433691,82.76076086383569,84.69100778579912,-0.5285813283559292,-0.8488826652214553
2023-08-04 21:00:00,1.0,62.0,93.5,15.0,14.0,16.0,89.89450862330301,33.043931030214175,5.555807736063482,5.727398705147807,92.56691188474473,92.70325468666896,99.23957955069132,99.3817286493043,99.16070866854795,98.7058374663534,95.07276246393998,91.17696031525642,88.93933132060828,90.51700583428952,93.51494111147292,95.72471477941656,96.206667155873,94.04059139436598,91.57823557040344,89.94395764749913,86.63134225332207,80.81764375350919,77.05962058291924,72.42966881771456,70.87530409879312,-0.5431052396834317,-0.8396646346181327
2023-08-05 21:00:00,1.0,67.0,49.0,24.0,8.0,29.0,70.26667474204065,25.510876361857022,7.4594165166338176,5.846081626904893,67.33586265693714,67.20462439752679,70.3813390565007,73.21058199943512,75.61592190938701,78.65634409390135,81.95952513812776,85.09335883752483,85.34940906775383,81.0419191336752,77.15344341945888,75.43637640669901,76.60479136201083,73.36714120579283,71.07088265810681,76.1382475220367,68.34939217250856,42.39591051135482,26.774117599259668,16.19834087398167,12.93255840316824,-0.5574684374327892,-0.8301981337405212
2023-08-06 21:00:00,1.0,69.0,39.0,44.0,11.0,31.0,61.01345159166276,24.909154300822944,7.47473566749395,5.661814646084322,60.60674804566008,60.83226319421187,67.03013834716502,74.56691135773617,82.3112418225336,88.08986226931891,92.66211175712355,89.95330366416054,79.71283461933527,74.56370437664428,76.0706433974679,75.89704605050169,73.25660449212805,62.48826551582363,52.46170104875765,47.210422242568825,44.29129182930016,44.38723593425868,42.11223976996708,37.18049394812399,32.99223494289766,-0.5716666713027052,-0.8204859638785327
2023-08-07 21:00:00,-2.0,68.0,79.0,26.0,6.0,10.0,67.88602556705558,26.31075010743108,6.29863315195743,5.468871049043064,62.31472960677685,63.71658709182528,70.68244778984864,78.94965796999675,84.97599030330105,88.5893703031016,88.11695358484066,85.62771421871288,86.13004643666173,90.38236200575096,82.88015888587003,67.12753685423903,48.0789205370891,33.28717128324552,21.90373160310303,16.566832776792527,16.889165169149585,22.66260982015022,32.05686730766655,45.917087269046334,63.08991550924797,-0.5856957398073508,-0.8105309990194823
2023-08-08 21:00:00,0.0,59.0,92.5,12.0,18.0,12.0,93.07262589804716,39.5451507407632,3.576862971721955,5.455674730862796,93.5882052290233,92.5565458015179,98.47653834866895,99.5123026913689,99.23576533409602,99.35676314682328,98.97188273803184,99.1371229480316,99.08126712747254,99.33733605048324,99.41113407746516,99.67613101547576,99.96296606277164,100.0,99.84941393603629,99.3777101455675,96.7309908204922,88.12458417090035,83.50310032708542,81.69735531145488,84.09649124292538,-0.5995514915196489,-0.8003361849976323
2023-08-09 21:00:00,-1.0,62.0,87.0,15.0,13.0,31.0,86.7316845637647,33.80806731518299,4.632372221790479,5.0665890818748425,90.29855241207144,90.24456880569916,94.58287690909368,98.8863641540726,98.37293156394516,98.63698451107756,98.52992900395516,98.58128521615497,99.33393840670048,100.0,99.72520963377669,99.20257683606172,98.24279961646586,90.20996984764776,77.47368329041662,62.84608485690764,46.0458249806194,26.075272475316552,10.645252679167283,4.15041599001343,2.297746379515873,-0.6132298262997502,-0.7899045386224707
2023-08-10 21:00:00,1.0,71.0,50.0,28.0,4.0,11.0,63.51451357434428,28.34540872922304,6.62948369227328,5.77826541566572,64.77664945835022,64.72304218852702,69.56406508742653,77.46006602202155,81.78856521310547,80.09972031670509,74.20087759564211,68.6362804026428,66.35972209323364,68.02651517378226,69.82990068873077,70.52371799453418,68.67950751946798,64.62848189366456,59.19410034430037,54.66424859315434,50.78056709865331,48.14175760081429,45.648186632737605,41.9763960887997,38.38372504836856,-0.6267266965083301,-0.7792391467859886
2023-08-11 21:00:00,0.0,64.0,70.0,19.0,8.0,32.0,80.84659363061954,27.558452849066573,6.049016836573509,6.982980244613095,85.31417790606174,84.81896543178507,89.77840752194089,91.87178258214075,84.32540839544028,80.44071235868303,78.17712112519915,76.46160743004782,74.3613052980705,71.35699464077938,68.97164982469015,67.49978011330057,67.28210965057436,64.33697905293923,58.51989745147166,61.46280574707511,66.77070042962885,77.07103693200347,81.92798152462173,76.4947966046744,56.69972963865823,-0.6400381082043503,-0.7683431655492202
2023-08-12 21:00:00,0.0,69.0,80.5,37.0,5.0,24.0,63.26799955196621,24.742244547695734,6.083077885297293,5.3480184188428215,62.98082806926142,63.27481419341455,69.17829052592157,76.60210218100698,84.33021590735802,90.486313798059,88.58650356536702,83.92978880141769,79.06521961167688,68.27421539951118,60.07217125903408,53.47051991451545,48.35996855038906,38.56626304608294,27.92647518453592,18.889915178018185,14.694809002389592,16.114340214879654,25.266026922763547,41.785002495312746,55.23653127655697,-0.65316012232693,-0.7572198192083127
2023-08-13 21:00:00,0.0,66.0,87.0,14.0,6.0,14.0,86.94143204085914,34.10770963006473,5.802234088558208,6.539888681388655,91.6169634373386,91.99937430700524,99.28453111367948,100.0,98.2274865624366,96.14008025061818,94.83765092479976,92.92262413690716,85.32253464957664,75.01641253197772,72.61641642999321,72.77341212764689,75.33248271600392,74.80623409037031,73.24390057153192,71.57460417936477,67.6676907606049,60.308901730207296,61.03078195138704,68.55630677523061,76.717928771255,-0.666088855860977,-0.7458723993404063
2023-08-14 21:00:00,1.0,68.0,57.0,31.0,7.0,31.0,75.58697418832247,29.64254929690691,6.587579879323526,5.693339316477912,70.03379807660468,70.52623358755669,76.58736379638094,84.36268068571135,92.18254191527714,93.99698672336804,85.9689784992675,79.58614139817321,78.76627416139799,77.09988924728556,74.50620490407813,71.73720796298527,69.34479692419659,68.65798417450084,66.48183437252082,60.37820977760898,52.97693707541228,43.61039936623289,36.84426657792093,30.63030609640635,25.28313076405368,-0.6788204829862355,-0.734304263829602
2023-08-15 21:00:00,1.0,70.0,56.5,34.0,0.0,0.0,68.10974812297766,26.56751663231204,6.500118822643507,5.07802677708321,71.86628214348009,72.08482758673968,79.59614860456657,88.2988768856739,94.34629734729393,94.6501991600405,92.70719677740712,90.07960042583076,85.96899110096118,81.69534436596823,74.90672459092231,64.2555252775566,51.07118216967537,40.31519496636299,29.648642005406632,21.273574968701737,14.21741556285158,8.680589248680104,6.001040033465856,5.197209404694264,6.407630188653145,-0.6913512362094071,-0.722518835873311
2023-08-16 21:00:00,-1.0,71.0,52.5,29.0,7.0,17.0,70.68691673630492,30.506413478896736,7.139064064873376,5.005127891460903,70.87664710504752,71.81868334229138,78.94744140877907,87.13109916849163,89.84165834628534,87.1440862389039,87.7922013045995,87.26212596887012,82.83536225075476,75.29485333427655,73.26969437133228,72.13012658941497,71.54926028916609,62.86400264343723,52.13762236621166,40.509810538655024,36.25662650201387,37.903477605098125,41.39680727887553,46.36445744877113,48.755787711255024,-0.7036774074790128,-0.7105196029692745
2023-08-17 21:00:00,1.0,72.0,57.0,24.0,11.0,16.0,68.33135540319206,30.91356348542244,5.534231073551004,5.195101820368197,71.54570280719828,72.175992743405,78.04076332191843,83.2813717304342,85.10561806560371,84.82688702341764,85.59106770399016,89.2861087879081,91.47871797434183,88.39457205091183,72.74130531824791,60.66576753798649,50.95512389036488,42.95320403641729,34.99154257369814,27.46193428370346,23.34428257994057,21.58160590829859,21.852426500827743,23.234059898218423,25.51263644392345,-0.7157953492826642,-0.6983101158835584
2023-08-18 21:00:00,0.0,68.0,89.0,15.0,10.0,12.0,90.13678067195195,43.29066219658089,5.319280675754083,4.937767803326186,92.32509443018624,91.97336363193548,98.45879283498788,99.52291701524553,99.59744139772216,99.0286274834102,100.0,100.0,99.45593914653536,99.03334860073213,89.1906187767228,76.54479611599811,67.429984527761,81.86606945795972,100.0,94.85828048308682,90.43375376801411,89.12352296552938,91.73394523646516,98.4607724646006,97.95363955930992,-0.7277014757264236,-0.6858939875998223
2023-08-19 21:00:00,2.0,68.0,33.0,31.0,7.0,20.0,65.47718858023127,26.81917201221316,7.69524592333468,5.184049848493074,61.86323951717089,63.26899874673022,66.21230439033127,72.92085726889323,80.2482293801543,85.8095856637418,89.15341349585559,86.43377916655719,72.40513508087272,70.44909797156711,73.38346972690273,74.6418203760203,71.89584339525432,60.87181563931278,50.55769310273045,49.70741817482332,52.1300557586135,59.6020526915239,62.21774810726076,59.99405761683276,60.05689694244705,-0.7393922635959241,-0.673274892250183
2023-08-20 21:00:00,0.0,72.0,30.0,34.0,8.0,24.0,61.397964442270506,29.636588927056025,5.554651692327023,5.800677136469547,66.17989983311496,66.8049918105216,72.74507759458554,80.44088260560594,85.32509875239657,86.08125692613552,79.83135432226398,72.59641186555714,70.40213298116956,73.82375286946666,74.7350254047589,74.18564021420521,72.45218727125241,68.1235110261845,61.669400615329,51.84886633165426,43.228126315214304,35.806805049528606,31.9954535690249,30.138077223697174,29.11797832597773,-0.7508642533989489,-0.6604565640279754
2023-08-21 21:00:00,-2.0,65.0,33.5,38.0,12.0,32.0,52.10193060180119,14.054141092962755,4.820247509540114,7.213443752291423,59.669774372596684,60.49544780770903,65.77719501116647,72.64007353138128,81.11548680817559,89.68510331626878,80.55664140192856,56.72638480633502,34.5310582557998,19.38562195018053,14.831300916180847,12.999263787071182,12.562422032494885,11.597373304893717,10.34089267774084,8.589138698147387,7.458969976594992,6.617553245528393,6.628333309164673,7.020558155259186,7.814974778746317,-0.7621140503891487,-0.6474427960827475
2023-08-22 21:00:00,-2.0,62.0,23.0,55.0,13.0,33.0,46.03361253726266,15.238669825550213,6.565139425795927,6.101511322039544,54.873353785590695,55.54527986922288,60.22146877699248,66.89151091196393,74.15152417076297,81.46801791822284,86.44850706012063,89.22987904624394,88.14659632211907,81.3499554308876,69.27938960529168,53.07632830510379,37.29072134914509,34.71506689355921,34.501068558478,37.15694786272454,38.59319765429313,38.50975899088539,36.78338991207308,32.587391312123835,29.399408265162048,-0.7731383255706026,-0.6342374393978054
2023-08-23 21:00:00,3.0,69.0,16.5,51.0,12.0,30.0,48.91231522715638,20.85403895777807,7.855744681893659,5.723852913348803,55.6780239642116,56.26744468930999,60.519960876601,66.41793365947241,73.28429247707393,78.76078203402238,82.66306728768974,85.24155731531951,84.92456177819734,80.87127820359086,76.96266562047384,72.27521411860104,66.68377952569314,59.91935891952976,52.35544516982687,45.97027431962858,40.60312518650248,37.08615813385313,36.59945993643519,37.71985921744771,40.71498864234937,-0.7839338166829201,-0.620844401650647
2023-08-24 21:00:00,0.0,71.0,10.5,38.0,3.0,14.0,47.42102825645858,19.55504318938569,7.595663061050283,5.375313039005259,55.370227040699326,56.805271976129546,62.65571672966128,69.32030913028997,75.37425770803546,74.0713995134012,61.46155140490198,53.41282678752943,51.71488260864461,53.01723549812382,54.72885501424236,55.82066117612185,55.69604242593517,52.57626860593159,46.82876465915467,38.58950256590891,29.605449978925463,19.479024714277777,13.37571765543898,7.842314580655328,10.09854901233906,-0.7944973291665992,-0.6072676460566135
2023-08-25 21:00:00,-2.0,56.0,95.0,15.0,15.0,15.0,86.40773116888852,31.64118697290042,3.692631281407695,5.818706084628106,92.2635063099314,93.45103662802012,98.91560142524342,99.60122336156552,99.3530057788301,99.0191478025441,99.29845925473464,100.0,100.0,99.92000328972578,99.01385964318813,98.73775704353362,99.6643329474064,99.38769349194288,99.27679057046404,99.7936867344519,99.94276268112034,100.0,93.97784553883824,79.26304661742523,60.71847092728712,-0.8048257371083452,-0.593511190196115
2023-08-26 21:00:00,-3.0,65.0,77.0,24.0,8.0,34.0,72.64203146829931,30.76181505545283,6.198003412777387,6.1081354712734015,79.83766808756873,79.77472345253068,81.50089614770258,86.49382821009584,90.12807668996136,86.49911427595569,82.68355686330547,83.20556287114127,84.14245558894767,83.47935062953415,85.0308858675351,87.38097081292945,89.99876970689506,89.90936441694774,88.98152939770613,88.12156788828327,87.34527123042284,87.28281383196833,86.2815740931128,85.02061643390388,82.86859517237609,-0.8149159841660791,-0.5795791048257612
2023-08-27 21:00:00,-3.0,65.0,34.0,40.0,8.0,33.0,52.10193060180119,14.35174295584833,5.954969346304903,7.162641245639939,55.97236107174995,56.43991632346792,61.739848995478575,68.32088748957142,73.83463341986489,73.88784076382802,62.44384508298461,49.07742610427936,39.64971647079887,32.52942476597014,25.70316136885944,20.91682759745206,17.757840621911676,19.306343340754943,20.84368036616161,22.28155655956517,22.862539104867004,22.543261035339047,22.15000719808205,21.047565465453303,20.75873051005037,-0.8247650844733614,-0.5654755126737576
2023-08-28 21:00:00,2.0,71.0,5.5,42.0,7.0,22.0,47.42102825645858,14.641287068448696,6.4051983756271085,6.42381905401913,52.8896438475113,53.49615534862101,57.90356073869625,64.02910521869781,70.4494688733035,76.30559621282231,69.19913594245008,41.69921770379608,16.08264643409989,7.62459123434215,10.576419359537669,12.460469598644073,13.316681923785143,11.891271746392656,10.415321088745566,8.938731886624785,8.001124666173494,7.583257566412654,7.452370444353449,7.327000580122778,8.520544434645203,-0.8343701235229537,-0.5512045872199277
2023-08-29 21:00:00,-1.0,70.0,67.5,19.0,9.0,18.0,73.13410574677563,31.107505162303823,6.9790923295905465,4.982178380956093,72.60545870263022,73.38370447285784,80.07216984785957,86.19687838315745,88.1370413348714,91.02876866347654,95.43535078522272,99.06405624431346,100.0,99.19496198777196,79.89177248052751,57.82647181644849,36.17978056930423,30.22303228532641,28.0961073808844,35.406837737771056,41.54449389129096,46.571596436643375,38.633768325825166,20.39012194578549,14.955833468806524,-0.8437282590292712,-0.5367705514607103
2023-08-30 21:00:00,0.0,64.0,94.5,12.0,6.0,36.0,89.97622922345559,41.3185617058845,5.955282712210427,5.506993783123915,98.00145234957334,97.67315865479227,98.83061158735072,99.29484823593366,100.0,100.0,100.0,100.0,100.0,100.0,100.0,100.0,100.0,100.0,100.0,100.0,100.0,100.0,100.0,98.88191647340544,97.88432010973928,-0.8528367217694595,-0.522177676659508
2023-08-31 21:00:00,-1.0,61.0,14.0,48.0,12.0,32.0,45.8769799407876,13.619194108999638,6.34455298397887,4.958050533410112,50.83050989017297,51.19747402081182,54.72558819318568,60.14487053568902,66.77266324015908,73.71266963783908,79.02267902401047,79.81329756542439,76.9945297185793,71.57951415740041,59.47160844992517,44.39962618710325,28.514553981395952,20.90274609459134,15.971570761004248,17.221039341738457,18.91109667093908,20.91816622083976,20.46468087326456,18.188421541897423,16.194610011764773,-0.8616928164028521,-0.5074302810827518
2023-09-01 21:00:00,1.0,67.0,2.0,29.0,7.0,29.0,46.80934122332366,18.952145945845743,4.719690208038283,6.191860123832733,55.91867392465052,57.48245233135594,62.61188959036035,59.061911307050565,42.47863288555367,29.357424823142285,28.24413402865599,34.71840223861328,43.11816870919311,50.94012818439464,55.3881472597619,56.89371556901729,57.30592663376387,56.16387345354495,55.71254952289638,55.03615652479177,54.695108382492776,53.61360421199852,50.39898423561616,45.0802944472465,38.570188729771,-0.8702939222685674,-0.4925327287220543
2023-09-02 21:00:00,-1.0,73.0,48.0,25.0,13.0,21.0,51.35679010988393,22.179499786749123,5.439033975009855,7.320005650000916,58.52914584047525,58.81346596947833,61.90668883737537,66.52527223331116,65.75489514759204,53.885184553333744,37.75786014044756,25.400258941519464,17.81589726970395,14.015068277066732,15.199237347811067,19.50041569684325,27.384511237762204,40.3388178316223,55.98509524398657,72.8405691265092,84.29651933163797,89.59076028705337,83.35741318120357,65.57533800895658,50.375895661803725,-0.8786374941610001,-0.4774894280028391
2023-09-03 21:00:00,-1.0,76.0,35.5,31.0,7.0,24.0,61.90298543869783,31.66794431347033,6.676769383442925,5.131480228921041,65.79243248263654,66.01803784231716,70.89268159405604,78.39223404646839,85.29660996424079,89.84813393264886,85.96389990121342,76.51791209889447,71.104915231218,69.45438056242259,70.58747110411586,71.27729716349506,71.40362588311521,50.54699144105259,30.077013180129665,23.751538941767844,19.38052475962996,18.039148668601367,18.10801417199009,19.444928969165773,23.36546343280984,-0.886721063082993,-0.4623048304798108
2023-09-04 21:00:00,1.0,81.0,16.5,25.0,3.0,27.0,60.39506710555167,33.94475610183152,5.951363432142726,6.007717618408607,60.75713566934512,60.97246135092556,66.18088310005086,73.40042984839016,77.85856702086618,75.12064074396615,70.44213864571844,66.19834554755025,61.251979300610216,58.75577254245119,56.726771869877865,53.450995969740745,47.87951921272035,41.56043553915605,34.7519414713808,29.10320154633763,24.729827395635176,22.00564260903148,21.02392042340168,21.2205041806538,21.373941731597352,-0.8945422369764496,-0.4469834295196741
2023-09-05 21:00:00,0.0,81.0,17.5,25.0,5.0,36.0,56.33059167738325,20.67283702568868,4.870243676073333,6.274388927701716,57.45327731415798,57.84608048083226,62.46436044777273,64.06794576360878,53.460175757718375,41.3811459593452,33.26051272688264,27.276469906678148,22.349319360644504,17.634952322905647,14.42532092803083,12.59494787882003,12.25780206624805,13.389977355826218,14.58640084345858,15.289082777872876,15.237465436102834,14.30042722544234,13.01101958678118,11.159352587084085,9.970432216517656,-0.9020987014301836,-0.4315297589714714
2023-09-06 21:00:00,1.0,80.0,3.5,28.0,3.0,8.0,54.25092267518391,31.189126264577137,5.539339836876593,6.716366371235488,57.6882215690607,57.9845146408228,62.9047222998304,69.13123776174179,68.53607962321146,56.39178019630384,38.38554035251002,26.16093238214756,27.535244658397524,32.77924667209158,38.59688274778237,44.10501119572433,48.07884869510284,50.2039572514895,51.922218551744194,55.3239599112777,59.48544887330465,65.43201779556459,68.72234707829662,69.28024630632225,61.70523012229361,-0.9093882203647924,-0.4159483918249421
2023-09-07 21:00:00,-1.0,79.0,40.5,15.0,6.0,18.0,71.50315431752851,44.94402504410434,6.554331891046759,5.727929398308809,79.90658328739838,79.81953489666623,82.7476291143642,87.31069816877502,87.8942157117257,85.13563594382859,80.16633545531192,73.810633657674,67.7904397659024,64.29322070986345,63.2047619913719,63.45125343126661,64.89092239651433,67.54334573183388,70.1648690429313,73.3375774611307,79.54173321752863,89.60453888558577,91.0012737633919,83.58775910441408,65.22187315162388,-0.9164086366943458,-0.4002439388573056
2023-09-08 21:00:00,1.0,75.0,63.0,18.0,9.0,21.0,76.20658896526173,45.05973715645458,6.2878255282804,5.876186381347285,76.19922720440002,76.66875799869615,83.06876874238252,87.78431403605099,91.35470042047272,94.45321795563304,97.76288330599404,98.63011719663066,95.93724045695237,84.7800188523192,82.07707267016384,82.26060605922892,83.34779717512887,85.48289140212503,87.08432248423208,88.090097237025,87.33541242942331,86.23276943115931,82.88730312036321,76.72476537180067,68.96539147345993,-0.923157872964704,-0.3844210472688554
2023-09-09 21:00:00,-1.0,67.0,81.5,28.0,9.0,31.0,72.84035496253438,28.417401308254004,4.326301004290115,6.246784038082178,81.3895542028312,83.04458512484567,82.87672629545611,86.29163481178803,92.98948529249556,99.24489244682724,100.0,100.0,99.77793292645674,94.36123558564834,62.93117817816943,46.684994427031775,37.07032926123137,33.62116595076642,28.85392537931597,22.039185059980767,17.463148871264714,14.33565467235544,13.816623634727796,14.486938315210296,13.671230489037978,-0.9296339319682696,-0.3684843993077793
2023-09-10 21:00:00,-2.0,62.0,94.0,9.0,3.0,36.0,75.03763863657984,31.20089505037958,4.580512439301577,5.444683892270497,82.32118400619458,77.2405778913434,74.29640608663833,73.17663080816962,69.89395619748561,66.81783648980121,72.92519070691806,84.8708539879986,94.50358714206472,99.19050265427636,99.39781556039092,99.658846682472,99.53982625370138,99.22046019172744,99.25486809634717,99.16577360647652,98.00039452929776,96.20736647833634,94.4841111324998,92.57640431063692,89.09360445806715,-0.935834897334994,-0.3524387108846032
2023-09-11 21:00:00,-1.0,66.0,70.0,17.0,6.0,4.0,70.16031972906734,24.58621421410247,5.681706372432081,5.193040429685954,78.44932685926152,79.76394411009404,78.83741565737668,82.11149388388175,86.91715906889824,92.58624781239988,95.69578786850973,92.56927882188366,77.77311630559011,57.41107803339906,56.715640936729805,59.82879302413204,63.1042293248582,52.94981617314522,41.29064329443492,27.6881546205731,20.32607756555535,16.66234315724175,15.936801566118358,16.046193900835352,14.567421808178912,-0.9417589340994617,-0.3362887301766828
2023-09-12 21:00:00,-1.0,63.0,89.0,13.0,8.0,11.0,80.77268735476473,32.83900805644616,5.636187134143729,5.194571576536112,77.50637804175517,78.67088686332876,85.7957398434803,93.05067444245894,97.71281572883868,98.8942257644896,99.11749457619892,98.75763271520762,98.51872571616995,95.64571797291217,93.043843554557,93.45409932751268,95.11318815752789,96.81534207529292,96.51808997312742,94.97875013275304,79.50803280772898,49.25431800989598,29.697531936510664,13.975798442843288,26.04736290611139,-0.9474042892438844,-0.3200392362231385
2023-09-13 21:00:00,-2.0,65.0,93.5,13.0,10.0,15.0,93.24247832416056,32.98386796508652,5.341152433419288,5.570859996492527,97.0657536210672,97.69996859090269,99.53835532462188,99.38115395973828,98.7902787186304,96.96776007603852,93.36520001755312,89.48589308436463,84.69720396166719,78.06222430031855,73.12234471324899,68.45450341398993,65.67586794358621,64.82607791676898,61.62155030229796,51.66962540692705,43.98591356175622,38.35584164695634,36.652188392921495,37.1661431756521,55.085177144907846,-0.9527692922168512,-0.3036950375106588
2023-09-14 21:00:00,1.0,65.0,43.5,25.0,10.0,26.0,60.49298141272323,15.568409837603154,6.832171865434562,6.035876329977486,59.34799103757958,59.89985177867303,64.95734732831777,71.87882096587897,80.40346300481524,80.81703463158286,64.07073793233447,46.04294833507211,34.1895345043238,26.20596660560557,25.15647987084532,26.41004415358382,29.91670018358076,30.61729208772033,29.361704938320283,24.129335959085648,18.246743372711453,11.246043458665016,8.806088866114303,9.160889005410713,12.081742136319855,-0.9578523554276668,-0.2872609705505963
2023-09-15 21:00:00,-1.0,64.0,79.5,22.0,7.0,34.0,58.1544338545121,15.867343967925702,4.837232982541212,6.181152207408961,60.584300647396375,62.39606610919896,69.01758882424033,75.43948253928008,81.09540634435596,77.03596396179793,61.35488011636496,49.78079406808352,41.83230697109881,34.91922059776933,26.93413929544321,21.08454851693728,16.79156039563619,16.528505840154615,16.520722502594083,16.639834605348415,16.49288617675834,15.941055395003955,15.7885304396641,15.573247525065792,15.346456868115322,-0.9626519747161488,-0.2707418984477642
2023-09-16 21:00:00,0.0,58.0,93.5,14.0,24.0,36.0,86.51698512948003,35.36212573655129,4.2842725318478365,5.2598752086803415,87.39663178442237,87.69156646920948,92.39634416968391,98.14149660622031,99.00036302530168,98.30374130390706,98.73159719387736,99.43987059791232,98.91902296443784,96.58900750601528,96.04774579453392,96.49045663887134,97.1462438532544,95.04820864103512,90.84218066514052,83.35217546516172,71.82833216979347,56.31218877735043,41.97773483516888,28.65462051829672,23.02108837752613,-0.9671667297977312,-0.2541427094613622
2023-09-17 21:00:00,2.0,68.0,7.0,21.0,11.0,29.0,52.54132558106587,15.180649431076336,5.316455765567072,6.161938481066814,57.339712131415375,58.20001042848067,58.946533513345535,61.9470247415229,60.44106802915694,53.16037017121397,41.16680163956402,27.99389861722188,18.534869487737605,15.04212978857041,13.23885507668676,12.584263183642303,13.12111498068346,15.467083204532294,18.569617211233474,22.562507392217064,25.905028119170133,27.721746958960065,32.42867346499233,40.74949739051973,50.6368839692529,-0.97139528468375,-0.2374683155584684
2023-09-18 21:00:00,-1.0,65.0,81.5,11.0,5.0,15.0,72.64203146829931,27.57491203576229,6.37144032883683,5.3652558154757015,80.09998993858282,80.47303317619715,69.78499877294207,64.7513014201626,64.62337579619789,63.59919923655386,61.96517823812246,61.45164788437965,65.16563615675108,74.67563531346262,85.83383022438753,93.96966379832386,100.0,98.69721958572534,98.41620640594692,97.48783696312918,95.95839165961242,93.41567576839698,94.95370819106545,99.39513985099424,95.72327154466352,-0.9753363880767836,-0.2207236509605022
2023-09-19 21:00:00,0.0,56.0,93.5,12.0,14.0,36.0,92.98531969668198,30.466464257535392,4.922973864496158,5.838989065475669,90.58073204672888,90.45119409103066,95.54286709363366,99.14931227586096,98.96457536920046,99.60570017671384,100.0,100.0,100.0,99.9908425175904,96.8842181912934,92.81425253929248,90.40166573026649,88.59292321728178,86.90713823090341,89.4876900050232,90.69267719225464,87.87491004448226,84.05145993064339,78.59606535918162,79.3101755174365,-0.978988873740932,-0.2039136706831147
2023-09-20 21:00:00,-1.0,62.0,50.5,21.0,10.0,32.0,67.20193505719087,18.62737582588625,6.6077192532323625,5.677361942174333,73.87446986289761,74.4296522616654,80.3516719042635,84.70587675509199,86.8717964644103,89.7828440920556,81.5517093864503,73.08475145164356,70.17412669509393,71.77018020748919,76.30265950674452,69.80656626714166,53.73255228219439,33.81894318096529,19.60841774623465,16.163499444498484,15.547579659605445,17.21916834095922,18.84305661242301,20.52889368672496,22.04036260616217,-0.9823516608469236,-0.1870433490699165
2023-09-21 21:00:00,2.0,57.0,36.0,29.0,9.0,34.0,59.42476382223043,11.15849650657816,5.221421373261535,4.479501655141247,62.048911399964254,64.25356544231687,70.38506301719548,77.67012976835966,85.51473755873049,93.79562578323704,81.72645879834035,51.05339766607667,28.16777846343277,15.32590466790249,12.717304848656456,17.008615150469073,22.199996511385724,24.634638668312075,23.98740475008924,20.195518156806543,17.15788344186651,14.151352544335827,12.704484974591848,11.493235495256314,11.95843794697198,-0.9854237542919524,-0.1701176783204905
2023-09-22 21:00:00,2.0,66.0,1.5,17.0,8.0,22.0,56.29924377769591,13.466811016783362,5.350155595734578,6.067016063214938,60.92588705160289,61.76931736202271,66.771205258794,63.79470435308695,41.1558018402996,22.520656804225297,16.183663243249516,17.96440172808553,19.67927833036792,21.139767851747106,23.210113106413,29.93051032904632,38.53933876461544,47.80884974256161,53.02676491614928,54.24568856986386,50.48776173506041,44.0192773950696,37.61572247442129,29.302749167584967,26.39495579556016,-0.9882042449941422,-0.15314166701312
2023-09-23 21:00:00,1.0,61.0,56.0,18.0,7.0,34.0,67.0860046610338,19.41188999915541,5.731929125634022,5.940581017624703,76.77425341032209,78.48379574033929,78.57051582191436,77.22864213963166,72.52728302163096,73.85439374767154,80.70890027471961,85.44869226068258,88.45439025037645,86.8239998550323,76.47935175273697,55.637520368320295,33.36978498984324,20.35619004701538,15.154325976999028,18.13705442790863,18.033294803926307,15.959135837164265,12.60863579780804,7.736232799198291,7.96178676086514,-0.9906923101615608,-0.136120338622667
2023-09-24 21:00:00,2.0,64.0,10.0,16.0,7.0,32.0,50.02154195397844,16.259423078277358,6.011612671747044,5.47240317978991,64.82690250787981,66.31451561094075,72.1365551734299,75.70668410283446,69.9996615668519,50.064893416841336,30.002668222864177,22.913807033721035,24.6021077007683,30.720262845285067,37.3330758194071,47.58991076815848,59.79453489648693,70.83721974689927,75.96178284567604,73.11337663242598,63.63615377600309,48.83295518851524,36.29343809528523,21.84291874245668,17.823667607776862,-0.9928872135356962,-0.1190587300340498
2023-09-25 21:00:00,-2.0,57.0,28.0,27.0,7.0,4.0,55.01991664437554,9.99503638942325,5.150432589133893,6.187567204934709,60.952665923167416,64.67074637730346,71.6987190752302,80.37793328894755,89.47695958916817,88.33219672020597,64.9117538674255,33.991491519869435,18.812349163938148,12.569518244387265,12.876995684671677,12.729289202340862,12.277916653108752,11.28638434884764,10.015273507414005,8.428944043572011,6.90535913677472,5.006415000703255,3.743835430036588,1.9804785788167285,1.7194388448810056,-0.994788305609327,-0.1019618900517457
2023-09-26 21:00:00,1.0,61.0,2.5,14.0,8.0,34.0,51.50848190095141,15.60394595240676,4.616997178299735,6.203907179676931,69.45128869241461,73.47134889870853,74.9294688056083,69.06982122936262,53.96375758106598,44.26835715356094,42.52553446319137,45.010983478248015,48.50081734267821,51.74573592087114,54.324142361089024,52.86826481283945,49.39292310450298,42.87710446841688,35.926469672824055,27.75732056296415,22.679053076405708,17.008230507129,15.318553650224334,13.439052458003232,14.564887125499348,-0.9963950238187232,-0.0848348779057653
2023-09-27 21:00:00,4.0,66.0,3.0,10.0,4.0,32.0,52.248935377409744,14.465314791926197,4.886519224789466,7.060154267968972,64.5361296743039,67.66961402430269,59.36954473997152,56.20958442702161,47.97051582177262,41.197245479192816,36.73223671114499,34.12433327393166,31.840398759402333,30.105167989848063,28.74789045981654,28.439831879931702,28.51011889216321,28.44116771600923,28.481426657097845,27.93326370796046,27.24049155830101,25.83228719545324,24.8153995421846,23.018504371652234,22.7867494245102,-0.9977068927101168,-0.0676827617545516
2023-09-28 21:00:00,3.0,67.0,2.0,9.0,3.0,33.0,50.47135080410152,12.179863262616417,4.993796491386745,6.445537118811694,59.73287694949666,62.730400730226286,63.49063688752589,54.5606981820622,35.330709444135195,25.866900375155456,25.335239647540547,23.69287120016403,22.48916684273744,21.87054068416309,22.03257588386905,22.08726127996393,21.800846727479687,20.70040203852977,19.137704095969795,17.067611659475304,15.2028773398995,12.883885483214428,11.694430885080672,10.223003041221064,9.633463062734265,-0.9987235240803972,-0.0505106171852228
2023-09-29 21:00:00,-1.0,66.0,48.0,9.0,3.0,20.0,56.29924377769591,14.15738928996866,5.468507458508063,6.405449670513202,58.83274163439312,61.65167883930533,68.31439263154554,74.69841601106845,62.03912255178159,32.997688945169955,24.628938022086423,21.498704142539207,19.59667435885638,18.1875350761664,17.272121723353177,16.838785756678522,16.81518747662048,18.22900281518835,20.27265813006828,22.71475925419213,25.84377979044137,29.509790154461,33.43718015549057,38.16672977225248,39.56591014857258,-0.9994446170919858,-0.0333235257116313
2023-09-30 21:00:00,2.0,67.0,6.5,13.0,2.0,25.0,56.43857637904146,16.132676606591332,4.602604531174631,6.122999225708329,67.12484022789147,70.1527968416021,77.68230366681537,81.82145795552255,55.42593423748933,35.87489360747363,32.51274728544772,33.19311132447837,33.77057044573631,32.85161048751679,29.500630375529944,26.8345491427075,24.829800717844293,24.26015109952109,23.89413683860764,23.62040459414211,22.508064986459527,20.836079834269466,19.967321798178983,18.895495730673503,24.755202565500365,-0.9998699583618592,-0.0161265732706577
2023-10-01 21:00:00,6.0,65.0,3.0,17.0,10.0,34.0,56.159353339441054,14.086544662099383,4.825409504591157,5.947567647906199,61.912821579527545,63.55393097428292,68.57398777089276,73.64635508644233,65.53798414417028,46.96479475331194,36.07643602161916,29.608890700495465,25.03014065552054,21.410636586728643,19.170916824218125,17.50995324732037,16.21066592314409,16.061984642749515,16.69423968180637,18.43476442373951,21.035534312708773,24.077053547123136,26.33863249100389,28.304815752185306,29.2665457623019,-0.9999994220246924,0.0010751512827982
2023-10-02 21:00:00,2.0,67.0,17.5,8.0,6.0,24.0,52.39539990963286,19.68667850932984,5.286242967518101,5.7410110114042,51.64502691342855,52.98258959538189,55.03048792797672,41.88763581937442,39.98680101476144,49.07846420353132,51.39033176641955,50.79098502217402,49.51643392991577,48.36613816670926,47.10200256453235,47.07322476386125,48.18088999689813,52.59134575701029,57.6480984092168,63.43893612817247,65.15909891528203,63.58901190366038,57.98081034335474,48.94080104665497,40.51546806344312,-0.999832969770105,0.0182765576816912
2023-10-03 21:00:00,-2.0,66.0,57.0,13.0,8.0,34.0,62.89408489266924,26.99673958680847,4.443135970777255,6.768867169770468,70.79421755468745,71.82858520385757,71.38483411023516,77.06168166415257,89.70360313279654,97.56221074151856,93.0537410793567,81.44432447761638,70.66875709423208,63.44861518792476,58.333135524706805,54.09938142388398,50.309737294796754,46.513302173012825,43.11526300762573,40.94639414620719,38.91582935907892,36.76881045942013,34.670222887617044,31.540470689002163,29.497983615015865,-0.9993706508539968,0.0354725557531255
2023-10-04 21:00:00,1.0,67.0,55.5,10.0,7.0,15.0,70.26667474204065,32.915227986194715,4.895506435340537,5.869848875377407,76.94363821089627,80.3104298628537,88.07440725602362,96.99619108853376,93.03238999342167,76.36817949515063,65.90239499293814,63.91001420879968,66.24007068352081,71.17150363073254,76.32198757289099,79.86030445099838,81.62792585720373,80.48843445570213,76.19385083765292,69.16509150780361,61.960515245534665,53.52286889649446,46.17303161393186,37.70929654839132,31.61312263835828,-0.9986126020839734,0.052658056924614
2023-10-05 21:00:00,-2.0,71.0,61.0,10.0,12.0,16.0,65.83068248854447,20.642256157922123,5.498933023263954,6.207450773521491,74.11743681317138,76.37495048713453,81.16604598166401,74.92011482122774,58.15004483646504,38.920202609404406,31.857571037551725,30.26537490527406,29.771421399280285,29.377919799959606,29.10761606349535,28.597384394021784,27.5431473264299,25.8312471639188,23.701591768783604,21.243401307059067,18.36690786079956,14.839358555224608,11.19899794103138,6.910792460550841,5.282317576453682,-0.9975590477788612,0.0698279757298708
2023-10-06 21:00:00,0.0,66.0,76.0,16.0,15.0,17.0,67.66016472401645,20.10565535652857,4.455873893153557,6.63887748639916,82.04999251450518,84.32734353811212,92.35518737256292,97.66596076540338,97.73675765987144,84.86891824581812,57.210212645281366,33.84324789520316,20.964093404820105,17.43703640769317,17.33166786473932,17.494406643774944,18.04240025449392,19.249660724054458,20.7306705520336,22.395400987386434,24.748790972510218,27.28863784252058,30.468883016543803,34.302775130177466,36.57560121677704,-0.9962102997023295,0.0869772313136861
2023-10-07 21:00:00,0.0,63.0,91.5,19.0,14.0,14.0,72.44168796129061,26.15681182510538,5.9634136446926345,5.489310186698452,74.5525869160726,74.74496689349897,81.2421584771919,89.7258340490275,97.45677939065229,98.42762828528132,80.49601850821733,58.91811015287568,50.40096837379333,50.81679564996995,52.80466076963105,55.19388305574291,58.117993556049086,62.75808319242261,68.68472510259505,74.36284868757194,79.41091901138505,83.4271045968398,85.95889328157618,88.0308538842908,84.24463865649267,-0.9945667569706336,0.1041007489354256
2023-10-08 21:00:00,1.0,54.0,73.5,20.0,12.0,22.0,77.13499337887522,13.973063099206149,5.464297440022874,4.194143478732325,75.26375600300051,74.93980434264742,77.2521428073528,83.74444443622376,89.16452895163619,81.01613921873833,68.18268241780719,62.93383075423578,63.23364676583093,61.26684319666576,54.73177694568272,42.36623641207535,26.509036808125074,12.998005844180312,1.8909728097328933,1.7606651755056355,1.854765639181347,2.1628944466852698,3.0248154408882533,4.623657609959209,6.396938747647357,-0.9926289059345096,0.121193461470736
2023-10-09 21:00:00,0.0,54.0,57.5,14.0,9.0,14.0,71.51447780523901,17.405562265669534,7.350419109868376,5.188789106433514,80.08306619967516,81.74740805795335,78.10037739049804,79.65679497435974,84.29309393622765,88.07702120746737,91.4686915226058,91.6378233551913,82.00312417953232,81.84246979046836,85.94178568777906,91.7451957349063,98.26415295369404,89.22926187057503,72.86415919132673,46.21659274470276,25.75227195039768,16.178832563697583,13.459973784579798,17.96429056143662,22.430929198474832,-0.9903973200352558,0.1382503109109819
2023-10-10 21:00:00,5.0,53.0,48.0,12.0,4.0,18.0,66.13832421692287,13.774609353128442,6.8193999459140064,5.368198452459039,72.12556039863081,72.33540640823965,78.69660013882942,86.43587003085187,83.64554847054838,69.43244372285349,62.9450604423843,64.92113149927692,69.23997130182174,70.75992242526908,63.85831167993645,53.26304747202695,40.76553562136055,32.01061919478548,25.43382612760671,25.93873598409709,27.30256725687869,29.66965663674588,32.70261797035971,35.80390784126294,41.74518977750725,-0.9878726596350428,0.1552662498599956
2023-10-11 21:00:00,-1.0,53.0,87.0,13.0,5.0,14.0,66.13832421692287,15.0918981297242,7.269643755386576,5.702620949270293,64.16206261224598,65.07818092572188,67.21968259249702,73.99182099901364,76.99606839745805,74.21195557291905,65.02117536040053,58.21057942557651,61.76195122222401,66.69544396687716,69.15356830448127,69.93040811186479,68.6911814578351,67.08230928683497,64.83356255109194,62.84320306940977,63.28666795806201,67.62283049633524,73.11164167008862,79.86619100079605,82.84110396718921,-0.9850556718215012,0.172236243027682
2023-10-12 21:00:00,1.0,52.0,60.0,12.0,3.0,13.0,71.3025763164694,17.734547754414848,7.247137978055039,6.653585884160481,67.33121674889449,69.76552917206736,71.15435630912332,80.49597118835854,89.4776788915803,96.34426245185507,99.69504324474528,100.0,100.0,100.0,100.0,100.0,99.66791467491818,96.51370877457664,92.01487399712738,85.8963313864387,79.91023452939875,73.76419955927373,69.93683082128972,68.58993326457752,65.8004968744465,-0.981947190186646,0.1891552687200409
2023-10-13 21:00:00,-1.0,50.0,63.0,16.0,13.0,33.0,73.88570607419034,14.670690677229292,6.521709599695881,7.206091357797538,78.09889583111574,78.72718847558399,82.85160287819733,88.72071463574095,88.83067187308222,87.904814102633,88.8493804192379,91.02638620335364,87.09120058118988,73.75279457432981,65.48811547050916,59.113048277313496,53.15118589354552,47.940695970208985,43.13790117733274,40.586520784002,39.74207861467747,42.24776523283281,43.03745572963562,42.15196952456549,38.98255863321765,-0.9785481345802032,0.2060183203251708
2023-10-14 21:00:00,0.0,49.0,84.0,20.0,17.0,31.0,70.98061815130039,16.575416209721237,6.256226787109606,6.644634285923007,77.96412479792619,78.26871171147855,81.40136073262106,88.41663282306784,95.7810368830151,99.86514824146896,99.6271984806937,100.0,99.63570740919562,99.81592552379894,99.92235344533088,97.36803706723146,85.94558150702996,75.43157175866607,64.36576033743432,59.555384602580105,53.96679756789106,49.018700150328726,43.08466531836033,38.5068693672878,36.16133264191005,-0.9748595108374124,0.2228204077947995
2023-10-15 21:00:00,-2.0,50.0,68.0,16.0,14.0,1.0,79.77355891353135,16.85036818086263,7.094174317389106,6.319052532162063,72.7384609366274,72.51802574556535,73.21850976082861,78.650450049863,85.80163446097264,92.27553888342958,95.13940004096884,95.19841563358656,99.47501542996795,100.0,100.0,98.3027721776834,86.65445119481117,75.58602704332887,64.73071978546544,61.25250646960495,56.929505255113575,54.64291003657841,48.67537946010747,38.80654707579039,27.337131397038224,-0.9708824104813836,0.239556559120927
2023-10-16 21:00:00,-2.0,49.0,91.5,15.0,11.0,36.0,73.78637425904542,17.706166061030977,6.052696875820349,5.886342538386355,79.46614880930206,79.35918110449403,84.80640924522531,93.82587807754764,98.46646593385633,94.3178942499228,87.31234362843408,84.61577937480223,86.46687473648764,90.39122658960852,94.153049319848,96.12073279681516,95.91920010212662,88.81118072315668,80.20119808242305,72.98672576026327,66.74478247025036,62.740468610907655,59.93646134362487,56.75388850798738,47.64040954150216,-0.9666180104000972,0.2562218218071163
2023-10-17 21:00:00,-1.0,47.0,71.5,15.0,5.0,33.0,68.03654806097737,11.200885704953832,4.440048312050427,6.307165506403344,68.80147002793983,69.35181272432757,74.62842904281861,82.9124628043188,92.21367174314211,99.47799391196486,100.0,92.75522996548422,74.57054322052268,53.18084037594642,40.30245811433912,31.153000019860123,24.341358759892504,21.82784719595055,19.64047535349855,18.656400912571787,17.465348156393905,15.90005859771281,15.209459526468336,14.790095340034547,16.030879253260473,-0.9620675724981452,0.2728112643340191
2023-10-18 21:00:00,1.0,52.0,44.5,9.0,6.0,23.0,63.50695541148772,10.485589546294294,4.245685246269419,6.714078847956904,70.63382419495758,70.65473120773773,76.22610672856283,83.56692103092789,86.3921236104944,80.69349584115002,63.98536046190605,45.923885797882704,31.324779155873568,21.169141863461068,17.08798879314116,15.555772703956023,15.178804036202928,15.365919815191178,15.7927511059206,16.630836233977174,17.629223697783033,18.709595501569915,18.80528894838404,17.78551888198233,16.055841500667384,-0.957232443323312,0.2893199776186952
2023-10-19 21:00:00,2.0,54.0,53.0,14.0,10.0,22.0,61.34736296835159,17.461985848549016,5.217936342970053,5.357303117358725,70.31661335569794,69.70100441768734,69.94835572596809,73.30202359316392,77.60299505266909,85.15696088025972,93.51173911948194,97.68626620208887,90.85621255109704,69.84350425499551,51.58368781376205,39.57971630092511,32.23953465343278,41.51532047901594,51.16450266946354,60.66439574244286,65.4863495837656,65.77067683894583,64.60507776177224,61.35328683132734,60.95285489699877,-0.9521140536681102,0.3057430764672831
2023-10-20 21:00:00,1.0,55.0,87.5,12.0,12.0,18.0,74.37454876839438,16.950267069260754,5.19493371623622,6.832457246253771,78.85699694314448,78.93541239537728,81.73281290927784,86.68047826796266,91.49226837650708,93.25842778589436,79.79262080484449,58.7971288874893,45.48801896189703,37.63641220759421,30.90488188413428,25.3141594566815,21.349668203014414,21.36954795543764,22.940420907917268,28.54515114493337,39.23496120580697,58.8280949881134,74.61865614265751,86.64426658653458,90.04161229307952,-0.9467139181463862,0.3220757010206104
2023-10-21 21:00:00,0.0,56.0,85.5,10.0,11.0,5.0,83.27545387978601,28.094555462260868,5.742242045810989,5.8121969714012005,88.34813098750742,88.44837179720638,89.07735667225418,93.65503733881384,96.35384282101398,98.88148349727167,99.24558399018647,93.79459803393266,88.86607660507106,88.04776752773765,88.99758247434117,90.28565621255842,89.61596678936436,91.3545561358718,95.42740717883152,97.39584981345034,97.58329389357552,96.18504913323822,93.2644881027597,89.37473279132968,78.69756586882215,-0.9410336347451196,0.3383130181923076
2023-10-22 21:00:00,0.0,48.0,82.5,21.0,12.0,36.0,68.1533852162,16.50842411320682,4.8210345343112895,6.064266238107868,72.37127451943888,72.43435276694886,74.61498185438559,82.30430158271814,91.02784268616637,91.8819378470628,87.66687070527547,84.8576791724433,83.09215287962215,76.18365036279256,67.98792029197655,60.06078079289971,56.61610496210368,57.06486040111175,59.8120975838664,65.49554564177348,70.93532784564111,75.35925315843396,78.49397836565618,80.35624632578912,81.00572871906117,-0.9350748843515574,0.3544502230989869
2023-10-23 21:00:00,-1.0,45.0,58.5,14.0,6.0,33.0,60.131691718049765,6.910194273763486,4.547032304354411,6.444097135810164,66.52065516339921,66.2622312375392,69.38711922143733,75.51178420041809,83.32665160007329,89.20005055515628,69.15889806978892,37.09380795712833,17.118946540073814,9.359531915205295,8.51684512842355,7.789668757857602,7.100631936456199,6.739379791523451,6.875501265073513,7.914886392438869,9.415860744247356,11.37182795523465,12.426945080335054,12.968323979079385,12.260151904139809,-0.9288394302558068,0.3704825404820963
2023-10-24 21:00:00,0.0,48.0,22.5,7.0,8.0,21.0,60.542358687731365,14.97805276397717,3.7999793272647033,5.76420551395229,70.69675441092275,68.96591069130137,73.6278651452835,75.10685499962086,66.41779397654614,50.95373509127019,39.42415082421181,36.112778805503446,39.52345279025949,47.49889366118609,59.45634248965656,67.84935554294802,73.95528041738369,74.24100018843532,73.7091290812676,70.77468691782873,66.93021546105138,61.30523183245995,56.55496553932535,49.06271834553624,49.27511835274533,-0.9223291176290545,0.3864052261209853
2023-10-25 21:00:00,2.0,55.0,87.5,9.0,12.0,24.0,83.20884823047453,30.34626609531868,4.919661936742656,5.620638998678143,91.71817812057786,91.5934549882806,93.84022258527276,94.84869439258304,95.35145460018316,95.1263500107573,96.03904427867658,96.74833329247048,97.59886973094106,99.87665110744685,99.45957059178308,99.282423764811,98.7600157675964,99.28457226374088,99.00740456393824,98.33680679001142,96.74392100226066,93.00630198746312,88.74980693514935,83.50670049281317,82.9568475719984,-0.9155458729775467,0.4022135682368036
2023-10-26 21:00:00,1.0,54.0,84.5,7.0,3.0,35.0,80.08874672634904,19.53477280806945,4.298873680275452,6.075081539309051,86.54397913924639,89.2006329679847,87.9210121604356,85.18617564494538,87.64398638440379,93.8920644877209,97.09888225178206,88.64955461308307,76.22439466190139,63.21941064815799,52.88572261229056,44.15151692481992,36.64018102340256,31.996287995862044,30.16713742582782,32.335679154570414,35.88604383261845,40.65697641382523,42.323031724488914,42.15514760486471,40.66380082151817,-0.9084917035725082,0.4179028888867866
2023-10-27 21:00:00,-3.0,58.0,91.0,6.0,7.0,19.0,89.7281016911339,32.55529005616033,5.4132534463316055,5.444879155716962,94.5481088767793,94.03465410958292,94.37660096050448,92.75071976501012,88.4807639139422,82.45777651313227,78.14363082439905,78.80558336462485,82.80288964560478,87.90044400339647,94.3782630392983,98.7515679132987,99.74803237753756,100.0,100.0,99.3905796891614,97.78668755087456,95.9443940429068,96.3811819862075,97.05650355691752,97.53846412330763,-0.9011686968561567,0.4334685453485363
2023-10-28 21:00:00,0.0,48.0,62.5,21.0,19.0,32.0,70.87219052088518,10.122574657424162,2.271725571196081,5.564527040286969,72.15212026456932,72.54869322042194,76.2706765657621,74.1700172396073,66.37717785108042,75.578856243609,86.4194568148564,81.14702457152991,57.70505877086022,29.087344314979564,17.435615630230252,12.505373045847747,12.81960717788262,13.46486896500293,13.805674705662192,12.661513486440864,11.685587056675152,10.791025472885435,11.314623569252534,13.088311343353892,17.407337931730478,-0.8935790198239952,0.4489059314938798
2023-10-30 21:00:00,2.0,31.0,91.5,11.0,6.0,9.0,84.92600650193533,12.39559889604573,3.699856604444857,3.522850959195472,97.1182042020379,96.30161320196616,99.42477819064398,98.6170800123322,95.00497391349396,94.39817908041964,94.9825999034246,95.76227617040163,96.31750632154916,96.4011726315934,96.0797408593675,95.74788837467013,95.82698232061846,95.82572580210824,94.97871802702986,92.76338253549908,90.71534581153584,88.43882265183711,87.9603643477437,88.34780066946611,89.68080482446585,-0.8776087166898392,0.4793776594606945
2023-10-31 21:00:00,-1.0,31.0,55.0,10.0,7.0,29.0,58.14079858186936,4.713872322870536,5.25976758590998,5.769200031128243,61.07798611730912,60.973949325718046,63.73269175994434,69.61398273844367,75.4316015593237,83.11222500961969,91.15671594030871,88.39013307313817,66.80858349988335,38.075915476085626,24.14140310856104,19.28194221442458,19.61689933608136,20.508215535036584,21.042387567152943,20.498182241105216,20.70810702111741,20.86114609492021,23.518860051148582,27.68155172890461,37.413590073925135,-0.8692328164574792,0.4944029842076181
2023-11-01 21:00:00,-1.0,29.0,30.5,24.0,7.0,33.0,55.38327144330468,4.101014922160281,6.887125726104872,6.405025335138807,53.70191776707518,54.55108085865057,59.02087973298463,65.54285248264836,72.70136474974194,80.9395238297772,77.37316200607854,64.7501222962008,51.84655907319397,40.64459747528688,33.28665863754244,30.03119530680653,29.48928846331329,31.45953309295622,32.71285139977767,33.09458351663285,34.64171882155257,37.3298885572265,38.70336686664375,40.71817965696746,34.36787106227266,-0.8605996962501181,0.5092820071573356
2023-11-02 21:00:00,0.0,33.0,5.5,8.0,11.0,23.0,58.432882370298834,6.0950990014014765,6.052596301714679,4.839346105187389,67.22511801473988,65.57869171302733,70.01207495575719,76.50191183989973,79.42920646724018,79.0166863333961,73.12858363445538,63.23670427904398,51.84815999271228,41.48566631523053,34.92965383760931,33.23501416127965,35.04462009806225,43.13623258803268,51.76012416990958,60.96258091706519,60.73113869427185,56.00341881822418,43.98805280334511,26.897245450417085,19.852342135586127,-0.8517119107469189,0.5240103253675756
2023-11-03 21:00:00,2.0,41.0,44.0,8.0,13.0,18.0,59.57550414737721,10.94993167559821,5.9588595722822575,6.733204239643574,66.33316742262856,65.07293828918728,65.87860675722546,70.16413772781132,73.85226099097451,70.20683300008689,65.57474398679226,70.20366572373196,80.89040567959485,91.27330962716088,90.4192154516603,83.7878659425074,75.17794277228302,71.90682555755983,69.67251629851982,69.17736571040328,68.5643121795957,68.10315346400058,66.56802861107327,62.85580220081909,60.90241733616468,-0.8425720899866032,0.5385835804920232
2023-11-04 21:00:00,0.0,40.0,16.5,7.0,5.0,30.0,64.51853417070238,6.185973031346575,5.533436155514463,4.011473326823594,68.73240954236124,68.53169398597353,72.84880903535446,79.26642603145936,82.29506366246159,84.88224856949545,74.22829927805782,45.0452746210603,19.062016417654483,5.316678523627297,4.947105834204963,5.662898014284834,7.220513007125231,7.868581850126698,9.171452444228938,11.68722605546166,13.38172229775328,14.51355405185399,12.814153730799266,9.976913532686185,7.968997275589635,-0.8331829385891785,0.5529974600700271
2023-11-05 21:00:00,0.0,33.0,62.5,17.0,12.0,32.0,55.99069532699126,5.160446855856401,5.919228039459111,4.283775678987048,58.96159361192599,59.58760168582853,64.24392470199615,69.90370362199265,73.254208597476,79.53072913721991,85.50971689494898,84.0677688807687,72.46585576583688,55.24526262172411,41.74129384548028,33.67758789408014,29.56494712917896,27.473525997958564,24.03347742446584,18.683260301893828,14.571155685383433,11.319565788210005,10.96048223298362,11.902532293809475,14.379679341837962,-0.8235472349556007,0.5672476988027229
2023-11-06 21:00:00,-2.0,31.0,39.0,6.0,4.0,16.0,46.77355745530747,5.305101989320423,3.543340203636581,4.721078473787991,55.26089578088431,55.73543256710492,58.99069014629236,59.9198504587114,52.91709437996431,37.31850119745007,21.363059452604567,9.64346931904115,5.10536440998774,7.561446591330094,17.92352395063429,30.283109738466248,42.81920199227827,51.2253226466628,56.60029444436564,58.41279838433779,60.37942716406937,62.15834793360864,66.23645527961996,71.7266891675891,76.13930053500513,-0.8136678304455991,0.5813300798152042
2023-11-07 21:00:00,0.0,44.0,92.5,7.0,10.0,19.0,89.11284690636657,20.78427206221224,5.443064353834442,6.7659549278514,97.98892153580552,98.34776828969896,98.285489048893,98.60775215925956,96.29856090821576,95.8460179623322,98.88690741176364,98.98174118382803,99.2501705646182,99.16699437627864,99.335273618388,99.27450858799467,98.84219224538052,98.85752213612132,99.55293862469324,98.2930047246397,96.44622234210507,96.75145614378276,95.8448630374437,91.53367403708074,85.54794268767648,-0.8035476485339116,0.5952404359043674
2023-11-08 21:00:00,-1.0,29.0,89.5,26.0,24.0,33.0,65.83037602237688,7.207721367882175,4.314630008783648,5.877108349375433,71.45273909631078,72.20313804927142,77.12955616414494,84.09789268640412,91.8628301510791,98.0661480002647,99.5494757315616,97.7835222372458,92.45113592800304,83.00250467413834,73.35894229959968,65.7719657751677,59.81119385479431,57.877907965998375,55.94180449422866,52.548682335897226,47.19477979925759,37.7323452172113,25.43303651877561,9.763592568840906,1.205245386354633,-0.7931896839451843,0.6089746507720486
2023-11-09 21:00:00,2.0,32.0,93.0,10.0,7.0,13.0,75.08089852566063,11.842667355401018,4.102392715919269,4.573625257307113,82.56410088208183,83.13334633382865,86.68120966160782,90.371736114096,93.1709863560663,95.3873768169594,95.27006236098966,89.93722729805246,83.8321747301172,83.47543648283136,85.44869221560813,87.96722003533665,90.74584396262128,93.10048267270103,94.45330962704298,93.7849944750917,93.35913056981968,93.0385669992222,92.66499779383636,89.76233779778417,88.60905907193472,-0.7825970017677834,0.6225286602431057
2023-11-10 21:00:00,-1.0,35.0,68.5,9.0,7.0,27.0,72.33861538214826,8.572513776609995,7.2950807798898225,5.371767017642274,77.22223535493326,79.07461431352807,75.8867107163432,79.02691710004387,77.68220973273384,77.9415664043708,79.9657067810878,83.85357005277388,90.87282174007537,95.87161859560295,86.11458790372963,74.91781776430311,65.07801460300857,60.698835787237485,58.05830124682031,59.03030962360276,59.48356482366138,57.89633649873112,53.257898788291214,44.70967187860845,38.87149317318542,-0.7717727365467837,0.6358984534680745
2023-11-11 21:00:00,1.0,31.0,72.0,12.0,11.0,32.0,71.90457510563841,6.467445503341045,6.12763825291098,5.162590575649341,72.44532056926548,74.47881764471003,80.567368153091,85.07537221533059,90.17289158300032,96.41586840048112,90.18666594558962,82.16656763292961,78.79908203462382,76.84092506882483,71.6770702636509,66.21985573183305,60.83486314662965,56.69066131966724,51.81372849493706,46.20544977057971,40.21847355356776,32.716069964946286,26.2322265888967,18.123840336633425,16.407687997180933,-0.7607200913564104,0.6490800741100398
2023-11-12 21:00:00,1.0,29.0,60.0,17.0,9.0,32.0,63.066295048356245,5.96499788382152,3.95480886384317,5.265228134784685,75.05537611192925,80.63571620492208,89.70056226457822,98.73152674405776,97.04316733091278,78.63758269060006,58.57126650371269,51.99313665975144,50.71473168798675,49.91964375577624,47.43211211182134,42.72111209594824,38.22120245316633,35.3206853004418,32.345752283485105,28.78722534949952,26.156537266250897,23.20190187135756,24.288623609134337,26.459123095003267,28.19673925457676,-0.7494423368521953,0.6620696215153815
2023-11-13 21:00:00,1.0,29.0,57.0,13.0,2.0,36.0,63.066295048356245,6.269103431391166,3.328666423484217,6.395878271949499,77.95895648550446,81.81548106940876,92.12711612468831,99.44831642897046,98.77289477558531,82.00917098870457,54.73661688628787,43.04352703516437,38.07315012193102,35.47716988148533,33.12011312233565,33.311961041416886,34.45409043165032,37.19182267759641,39.38814433430948,40.84718547905084,41.92798408734281,42.64140399781529,42.99362134509078,42.87489018592622,44.543777842683824,-0.7379428103031386,0.6748632518680403
2023-11-14 21:00:00,-1.0,29.0,58.5,13.0,5.0,33.0,63.066295048356245,5.641124863518908,3.711168515304877,6.311819973545258,78.12093791439632,82.59007390215116,92.97552526622216,98.29969198168254,87.97045452937388,68.7586879509416,51.58374814100917,41.45197628137341,37.03688038578674,36.35458866795895,38.688056032872446,41.35547451598672,43.856808877247474,44.21795316499904,42.32611389347367,37.6672538831994,33.29003654116695,28.551381865927222,26.20296055868459,23.670475764686746,23.011043434918072,-0.7262249146041543,0.6874571793269664
2023-11-15 21:00:00,0.0,35.0,84.5,6.0,10.0,18.0,69.41043946889627,7.050834355621375,3.273966650227775,6.464713407819152,81.52944199569431,82.25674280807442,88.49480501573909,94.71352668122104,84.9515148325738,61.43447702868032,42.42327100812354,29.593313478995537,22.047157626123937,18.008648155765115,15.20275043695672,11.763408241614108,7.839897805710883,4.7453457569220925,4.224496853039748,8.197210721827457,20.927585546011603,42.74018213843726,58.40033476580872,73.76473559194348,76.14790728692098,-0.7142921172691032,0.699847677146407
2024-03-01 21:00:00,1.0,17.0,25.0,38.0,17.0,27.0,34.965547045698884,1.888608452757416,4.034899937861087,4.1617841207107045,35.98169059760571,38.602101495253365,43.94768526061404,49.91392446087136,54.529462857092085,53.77909328086914,51.2482042475151,40.539381640266,27.858986369094087,17.070178571391377,10.711761560578502,8.559931874410113,8.04405779558062,9.58276187872675,13.27889290667306,18.771762800119188,25.602200220577213,33.32109254032634,38.147079233443726,42.60010158757088,41.266379058875934,0.8670985522812081,0.4981366284784055
2024-03-02 21:00:00,6.0,41.0,23.0,7.0,11.0,19.0,52.62970748459541,6.858648696206766,3.718080566584877,7.166720118286395,78.87685804511987,73.61127539984321,60.65077843733834,48.75306266477989,40.54290775207184,30.173705916165595,24.68663810211397,24.741679222593547,26.66851751023466,29.02597846777665,30.93926443943913,31.03896572915926,30.19619004996987,27.16145825016197,24.436421270329383,21.915168510267183,22.75212593807677,25.276204686629185,30.102983588536592,36.72200674428991,56.48229363464352,0.8755389928586302,0.4831474640149687
2024-03-03 21:00:00,1.0,43.0,63.5,10.0,5.0,36.0,70.32158817003713,14.08751872347316,4.469854975318281,6.781467461989891,82.04057805290857,86.21721470113825,91.40365205240596,88.01995796487326,89.41675226475655,91.9375321767762,91.30345793112208,90.92461575030252,87.062655558964,80.07568325499919,70.40107654411275,59.87202286444154,48.902646299896944,40.87803419664829,33.4402341162158,26.484621013834783,22.840851556054435,20.23886524087628,22.09641587399347,25.892069402581804,28.04981795398305,0.8837203473619977,0.4680153284438345
2024-03-04 21:00:00,-3.0,39.0,58.5,19.0,10.0,15.0,52.32021187855719,7.843825655442667,2.6963004580485936,6.012176952074276,70.34793476705343,75.6795541507658,84.31814197360538,81.68612875382392,56.7528183314148,45.62869263987968,42.10501354587471,44.041068851522745,44.37489419070446,41.23725405990904,33.318372487518324,28.763861191559915,25.218397986088537,23.68672654677918,21.491957872819658,18.584982524658297,16.04159505968869,12.904621775624758,11.628837408168708,10.247424060135808,12.5185322550001,0.8916401947968874,0.452744699607371
2024-03-05 21:00:00,0.0,44.0,75.0,12.0,13.0,18.0,62.46572907220463,8.593011602538672,2.488552167096688,6.535947051549681,83.39463311285212,85.98504807894606,95.98487995146732,99.25184943747531,89.7362663737838,58.24561136751461,37.09126861591519,25.58166828103208,17.885624027772103,12.181651726112497,10.37954515860737,9.372847314303172,8.485206518884198,7.024746171253344,5.593169415976808,4.35706783844508,3.5963253398164947,3.170902308482088,4.702251265476892,7.744878784850593,9.65582952513658,0.8992961915530253,0.4373400963303323
2024-03-06 21:00:00,4.0,42.0,87.5,14.0,8.0,36.0,55.01029639594,15.833511551801143,4.253092173974575,5.724682092527126,70.96771593919735,73.97313385942331,83.06645427892313,90.36830451811164,80.51031820305501,63.67840919388127,67.66710946302572,82.64388996177182,94.82107878297636,99.6731640776251,99.76572155566996,98.19037832264824,95.28449191600372,90.7368439701218,86.94792721667277,83.80317734605721,79.72938401451196,74.31804808659483,75.77337521488533,80.12122518081962,84.05264599541711,0.9066860720977984,0.4218060770826634
2024-03-07 21:00:00,-2.0,35.0,89.0,23.0,11.0,2.0,58.72237306522481,5.41830626260135,4.411896445613045,4.570267013772356,70.11243578896082,74.26990314575134,83.02662900872632,92.71985686547433,94.47439588491454,80.92479743888424,65.46604385853921,47.73509132915462,30.0437013929678,14.676512891317495,7.808737986058456,5.68505114875728,5.30067176237344,4.796194414558457,4.238818372009416,3.379074582623973,2.8039073195311444,1.3555380214107884,0.4937973764060382,0.1860874684224361,7.450876544346149,0.9138076496466616,0.4061472386305788
2024-03-08 21:00:00,6.0,37.0,15.0,31.0,6.0,36.0,38.46301426466736,4.905812980607732,3.2754185573689805,7.468119051824231,57.94348145570534,63.19019541991599,71.52893452417723,80.598300412907,76.10474212158184,42.59030421459972,18.25842247210038,9.63846827720776,7.517966360177261,9.245881868360126,14.710970912905363,21.53468205053291,27.48851367256575,29.24173574476543,29.219938483404373,27.31205707015799,27.02156152543504,27.16647418985829,27.56848476118324,27.47684094772555,25.47924909712392,0.9206588168102428,0.3903682146763026
2024-03-09 21:00:00,-3.0,36.0,84.0,20.0,14.0,15.0,45.59034867106938,6.361317313571276,1.527296056420367,6.65609149569246,82.54967645431692,87.07883631691367,96.52182077521393,94.67480267723828,52.247182903646646,19.78299874202057,8.718638685489129,8.116055244665795,9.609415409790133,10.895181299267175,11.30009407018416,15.92361310782518,23.70855087522538,36.43865175935546,49.30417504445529,60.15259468169175,69.07946492036096,77.05113943855008,78.19357018898685,77.78852595964437,77.22892622600487,0.9272375462179536,0.374473674486883
2024-03-10 21:00:00,-1.0,35.0,89.5,14.0,21.0,11.0,75.3759486435965,16.043361988608307,3.108580706026965,6.7602594119919575,98.01270450652372,97.54689023101716,98.346004554155,99.02483771919924,99.27758992148452,99.14668235888018,98.83994653551778,97.70329466871269,96.96362310055366,97.05164798655166,97.91533035615066,98.710244766975,98.81549683685192,98.4190437198324,93.28333408372544,83.62830944030301,73.68550195124548,80.18598940821575,87.51757701329129,95.66012421762493,86.34813484003618,0.9335418911179212,0.3584683215124808
2024-03-11 21:00:00,0.0,33.0,88.5,19.0,20.0,33.0,66.3380001573818,10.61175643621723,4.14400041304205,6.364534789937304,84.07650937510073,83.8535414432904,84.44095037649402,92.4807960110726,98.91879517068789,99.60649792339822,100.0,98.36631328269482,96.44801537185866,98.36394477173826,100.0,95.8810061022484,85.24499121423659,75.67918247253328,68.86869994195047,65.49034642439837,61.13227040042695,52.34604752947279,39.70289363868867,24.50225961751988,14.362971049058553,0.9395699859530622,0.342356891994542
2024-03-12 21:00:00,0.0,35.0,88.0,17.0,18.0,34.0,63.86799609970165,10.8754723456674,5.225525945008034,4.429454122969434,81.94616580980859,82.07858046226816,85.61298936030252,92.16159031173385,95.8329596268068,98.0658284190467,97.92780653090452,95.1612086033923,91.4380475215283,92.12368134653931,92.3586044576588,92.84859777313146,91.37748465896658,87.85235902016694,82.9533830261313,76.70286590108175,70.23236785324602,65.7250511202521,62.94336288926322,62.38439166014453,64.0671552551198,0.945320046913132,0.3261441535642696
2024-03-13 21:00:00,-2.0,42.0,57.5,13.0,3.0,36.0,57.32005311554053,10.338916762517073,5.369472368528486,5.668662988836206,77.8406981507052,78.07300217661044,84.26844957808802,91.03430782819544,96.44417248638476,99.78699434467528,91.72459045441995,76.9893322118655,67.36235592368696,65.22291535733599,65.60591724900306,66.51375253789142,67.06530380372023,64.33274823036848,58.68530637280447,48.92051726325344,38.20947714220229,25.21619081217324,19.666205896348423,17.57247882300724,21.06630762969952,0.9507903724625832,0.3098349038318025
2024-03-14 21:00:00,0.0,39.0,86.0,9.0,7.0,19.0,69.87074217559113,11.13032895465614,6.093741024595818,5.637130242982132,87.60606607159984,89.16076608098298,94.65676351694282,96.91871895590351,98.90824245636315,99.1465858890561,98.2330791041934,94.51158588178863,91.49803164648176,91.75464525359268,95.19574373427749,97.737622640219,93.67532369174448,69.58722385218876,47.71045256053996,30.44065412472472,21.76087210541299,19.58900087426881,21.475995853376386,26.216169998624245,26.620067952585103,0.9559793438440766,0.2934339689665273
2024-03-15 21:00:00,3.0,40.0,62.5,23.0,7.0,34.0,54.71007994498983,8.339978859158398,6.372114955074776,5.426422030819792,72.97629445232984,74.34811114606289,79.1513512674949,85.22689293095098,81.49270201852416,82.36296084375012,88.88561881613937,91.29167154419294,82.36450246236906,66.02882427868622,57.76687425677901,53.23266328163193,51.683320130607726,50.19949212128607,47.617586265582,43.56769094660263,38.49524424476238,32.97708931245255,27.672125825699307,21.47181511850118,17.73009898519846,0.9608854255574976,0.2769462022689364
2024-03-16 21:00:00,0.0,37.0,82.0,24.0,3.0,26.0,52.00828837403648,8.172859423087933,6.761262069440825,5.004048597734932,63.300092934225646,63.50513895760356,69.20617859255303,77.85925347951348,85.81953380602664,87.32531390015258,90.45634697680656,94.53680074133368,95.38866130598996,94.870154777016,92.96830422593293,84.3331771707249,67.11378918669276,49.96499737867246,34.85427809566699,35.41145195565898,42.089682026209495,59.49654421570701,71.1210446745779,77.62412451023015,78.95000134867279,0.9655071658143364,0.2603764827344581
2024-03-17 21:00:00,0.0,36.0,88.0,9.0,12.0,16.0,78.61248334703966,12.93153388885683,5.801164300637194,7.508000833808285,98.3498903885933,98.25281005639674,99.70905159688802,99.79347729780687,99.5179207348226,98.86878221748044,100.0,99.73026494698068,96.95585059113152,94.65619950203012,93.19861745950747,92.08387447325347,91.29333223890772,90.44362443141266,89.59520548827139,89.23172310600708,88.53601545092876,89.65943921193089,90.72999452586166,91.38829949246517,89.3016000978135,0.969843196967294,0.2437297136096838
2024-03-18 21:00:00,-1.0,36.0,86.5,22.0,12.0,29.0,63.99936441271857,8.620335403108506,7.174674301051314,6.938651196895121,81.05822425812816,81.14794058370782,81.76922121509885,83.56114563502966,86.311231093146,81.89555399129388,79.44072668726895,82.37825354612215,86.47414256831628,88.51161248434993,89.37952678635995,88.04330058231378,86.4779673039309,85.96697384998656,85.88369325642623,85.69473952776977,84.26604133773064,83.40729724750443,81.3067526522597,79.45268271625964,76.25029142014638,0.9738922359149924,0.2270108209414184
2024-03-19 21:00:00,0.0,34.0,83.0,29.0,10.0,30.0,51.53582233327576,7.553278455562829,7.720408548588663,6.814457694116548,67.22624795808737,67.1057274886581,69.96916864737837,78.10886444334803,87.27296274962907,96.33752241499349,95.5678301682235,97.23493193113312,90.96745676767544,89.02313096306398,91.85268441663808,96.53208058708633,93.46968437320608,87.78838971177073,78.67024186613838,67.27891404109901,56.80390153371009,56.69420111833448,55.75210693879063,54.17495974581677,50.70773707784916,0.977653084481664,0.2102247521189836
2024-03-20 21:00:00,-2.0,35.0,87.0,25.0,11.0,14.0,58.72237306522481,8.774128593452904,7.624026501667673,6.464026577357775,87.33537347343984,86.91490880988077,91.62594989092683,96.84993203804191,92.28917330215825,93.29601341703189,94.69766383313652,95.24707467609936,93.24544580218782,90.4065931672407,87.84034927790788,85.47961868825567,85.58315934265522,85.59298048139063,85.19124515130899,84.81019307956164,82.9493844415834,80.90163412498926,79.05294866857037,77.34926625731504,76.60363222293724,0.981124629771712,0.1933764744102058
2024-03-22 21:00:00,-1.0,20.0,7.5,34.0,20.0,29.0,40.90669195784778,1.7865342542925775,4.1537685406366105,4.7009846234099335,48.20381818165087,48.79954715661651,52.95430743272775,59.2875229645678,63.34884634794253,57.30292351798254,40.75925068941588,23.581688214902773,12.853799975401984,7.980491098024831,6.364599628874609,5.182760312602882,4.651419468815851,5.022509985018891,5.752151660750999,6.990558359811626,9.190734676089768,11.793384332349223,16.08918751870794,22.575960905202347,31.005751451726344,0.9871957872910084,0.1595132519726365
2024-03-23 21:00:00,2.0,20.0,87.0,18.0,6.0,8.0,64.65007648856448,8.465943607167693,2.4438390964352763,4.51508024633752,84.74489207522305,88.44784480867467,90.59058034691058,88.93592808495796,89.2334536994252,89.31590940313421,91.40315667073952,91.75866102453855,91.39148272075316,91.36352064239954,90.95217846874807,91.37897397243938,92.02247849308364,91.6600319478743,91.63434776532443,90.91279474904164,90.31480439002527,89.25375896953243,88.35057595323815,86.07227132383962,85.2708340499341,0.9897936029670716,0.1425083279161708
2024-03-24 21:00:00,5.0,27.0,4.5,42.0,11.0,31.0,40.25587982284039,2.7226753581535545,6.098209731561092,2.2528659132166244,53.49953845917474,55.38572571750085,61.20675449215798,68.60995783979604,77.13872397583724,73.93409205069662,62.37732509836393,50.72283658603395,40.05184946323586,30.39828730681916,20.778830327717223,13.718154779484584,8.552431480775885,7.12005637947105,6.19872363003043,5.685067060257534,5.298505717619973,4.986768856286116,5.3692547488764415,5.926811248025759,4.81094294498619,0.992098522791769,0.1254612333527364
2024-03-25 21:00:00,8.0,34.0,17.5,24.0,6.0,12.0,41.45993528997875,7.025128383236456,1.2593931696727725,5.56164736684848,69.48240556600543,75.1286063730694,76.49356868625293,53.57027331418007,19.178067238527348,12.180431466748876,20.75321746146983,32.443516802223144,39.68953065432213,44.02249110707726,46.12741563099509,45.5848877987885,44.24521694450001,41.76344435930325,41.96031824625023,43.35873678988287,45.15849912668492,47.3549007094921,47.990097441899934,47.61419796868815,46.53523076538647,0.9941098647022418,0.108377012791876
2024-03-26 21:00:00,14.0,40.0,65.5,9.0,10.0,9.0,52.47526234221016,13.896738010916495,1.9014763783602275,5.815832930094536,60.552061710307136,60.41878217470364,55.499597876617344,37.11069995202357,48.49659741395824,72.94516294633458,88.6601333370985,87.88533044409363,87.65357616892531,85.3649147292653,79.74149467054139,61.969141245437456,43.44850390534399,26.42715638940769,18.4420855255578,16.763044621763513,16.64134152733347,16.810677078884613,14.5171216878778,10.986551083100943,7.620271674805385,0.9958270335100596,0.0912607217293118
2024-03-27 21:00:00,0.0,41.0,88.5,4.0,6.0,14.0,82.23473462204623,23.55460013763366,1.982413017355388,5.772607165251162,99.98123609126512,98.83657776304756,96.6715769188901,98.24390040655818,99.73888158122205,99.15327251643978,95.23385923771644,85.7366754031632,75.11884874916804,66.99583043699525,69.77776317512215,74.5659628606714,78.82091572279066,70.14116342518577,63.43128966650842,61.08663854702348,70.10916891357458,88.74858404694652,96.66667718172296,99.86857221264822,100.0,0.9972495210773452,0.0741174251509443
2024-03-28 21:00:00,-4.0,44.0,89.0,5.0,3.0,33.0,73.28171316760088,20.671713870296543,4.656744671535513,4.792463469235907,96.94133203359398,97.02747086071136,99.65467703148924,96.09596956398929,94.6652741324822,95.1550772025179,94.12077915410585,90.6913019965899,87.88069276338895,88.08025188778494,94.42919677923068,98.61294742710632,100.0,99.58480967423816,95.95479289970224,85.43611323200666,78.19926329570957,75.49233945235316,79.14222243724869,87.43156799394761,90.10615724504508,0.998376906467142,0.0569521960340397
2024-03-29 21:00:00,-1.0,37.0,88.5,13.0,21.0,34.0,72.55214893840109,18.070804482464727,3.347135588923768,4.297029489544451,91.8787604036239,91.9204400757208,94.96486201553978,98.8753210495151,98.76387665583404,96.89702178803032,96.89595450622704,97.7506993927544,98.09114030739528,97.4933586894881,97.12547355103789,96.0659571992108,95.55865355138044,95.54890031767232,95.56423412446226,94.32685632520656,92.8566934006357,92.96027163574502,93.19076657030912,92.16192908058996,92.05109782319428,0.9992088560679752,0.0397701138460557
2024-03-30 21:00:00,-4.0,30.0,69.5,34.0,25.0,30.0,50.8972506319988,5.52380611042447,3.246938939660821,5.126695661252853,67.79849631795662,67.7209098023746,69.58093478595265,76.07011346601763,84.58942464005256,87.1371863092385,75.13020114487917,77.1475491934788,87.55313790933333,89.39729348553807,77.95405845446732,54.03052436457861,26.09722451406129,9.444215389457282,0.259570522892633,1.795096546080736,3.5484377161568394,4.905489455918796,5.694373780633898,5.370456362575062,4.713954855202875,0.9997451236925734,0.0225762630415454
2024-03-31 21:00:00,-2.0,33.0,60.5,34.0,14.0,30.0,45.09024142320008,6.049348932410268,5.922481167463783,5.575966326587045,63.926697816002765,65.86927115243643,67.57060600265852,74.54436800217992,82.12348205916037,87.41488560156232,91.14481291339644,95.06015990928536,95.1747361754763,84.77598616219416,70.19790923731584,58.1247679321334,50.59086079851865,44.23497933661663,38.2648329950504,32.671849164123465,27.764710298316896,24.26211800985881,23.44295195835478,24.943181777933145,31.036673291258428,0.9999855506507186,0.0053757315575838
2024-04-01 21:00:00,3.0,39.0,45.0,24.0,7.0,34.0,44.159381286533225,7.162696379071457,6.197860693017552,7.009304256503947,65.09285674547768,64.53716556837865,68.58258549776369,70.11813247053482,66.34716160155033,59.85919288141935,57.98614399212352,57.61341894540338,55.91438597638516,52.32449604618363,51.93370129783521,55.59615639785065,63.45621849414464,75.57720817701865,86.2587071414162,90.15402574478964,90.52482847937794,87.15301347751759,82.1414895626079,73.51325279590544,58.33917065362172,0.9999300657962056,-0.0118263906918325
2024-04-02 21:00:00,1.0,39.0,27.5,29.0,8.0,35.0,44.159381286533225,6.321580984351034,6.284428789046365,3.7055708889404992,60.168891411300486,61.43156166377432,68.11550983612038,74.95045645339844,81.3190725362523,87.12052086254043,93.29303803911664,85.57042224925249,64.52911888508247,40.54982852476667,28.576596571215568,22.98582020473443,20.260843998955167,20.07880926013189,19.5016670471451,18.843729752636484,16.14087057121953,11.627887960956578,8.996043745228452,6.556269407327648,6.391401594706807,0.9995786855478958,-0.0290250133219752
2024-04-03 21:00:00,-1.0,38.0,72.0,36.0,12.0,9.0,45.92100706216534,5.908339475698766,5.533458285704665,2.964195801096672,51.04205568029215,51.80843019424594,57.115837166873376,64.26316312613292,72.70900397667693,73.75975147986229,76.35206496459426,82.69051927843172,91.8162169221352,94.2422662462235,70.0451793730183,37.81109476543381,14.052439369360044,9.69408291827895,8.102151291133271,9.307636975017768,10.69824558747325,12.367040179122482,14.13655318661609,16.052327413744663,15.1553664238603,0.9989315138848576,-0.0462150469837083
2024-04-04 21:00:00,-1.0,33.0,87.5,17.0,21.0,6.0,69.17666990093596,12.150552640966888,4.533889097149391,3.892116280213244,88.56519103014713,88.76369517660278,93.97928145443652,96.93492639431382,96.3779541909084,94.48135241516826,93.90916037377318,93.4715766201604,93.35409349177888,92.69241913324528,93.13663324858614,93.45410727541471,95.11435634810506,95.25344734146174,95.6041111841558,94.92677184918516,94.76615858573962,94.16114377179076,94.57405178980412,94.91749014963972,94.4335986325206,0.9979887423155984,-0.0633914048695103
2024-04-05 21:00:00,-1.0,35.0,88.0,21.0,22.0,5.0,69.41043946889627,11.288796694211818,5.446758848767775,5.442603342263428,80.43357845839373,80.52174610877584,84.48737428649895,92.09609055915352,99.23895457961606,99.6304653587396,98.61120019608396,97.90673202146762,98.95266841841934,99.9801303510611,99.72558188789642,99.13853418739612,93.4014888951459,89.57209564756131,86.35826458651078,87.1271409820913,86.91495784477279,86.20270803895646,81.73536009571959,73.20502676922031,65.15839829476637,0.9967506498213928,-0.0805490042187416
2024-04-06 21:00:00,-1.0,36.0,87.5,21.0,15.0,3.0,63.99936441271857,10.58405444718132,5.7374996363579385,5.658019934850217,81.1269292435554,81.5403326170574,87.83128731751817,93.7992299792352,97.13132372240028,99.28245005881554,98.9671265895886,96.85445765834076,94.94648852664729,94.9126060826702,96.26464930817444,96.6929240341524,96.0165451538966,95.06888657660312,93.82785578504055,92.7603791426082,91.20211570982389,89.967690666272,89.27130314333597,86.44661390739208,84.52258228298716,0.9952176027737294,-0.0976827678217159
2024-04-07 21:00:00,3.0,45.0,20.5,30.0,10.0,35.0,45.14741444059202,7.227993703565822,4.425621068527105,6.462989192813765,65.06567888516354,66.69352159850361,74.4653866385585,82.80211700344805,82.6603862401023,62.49015786524622,36.00453289287767,19.981905490477512,12.722457286092132,10.321804237218446,10.80901808650828,13.059061242426298,16.836652464315634,22.040358473615527,27.543797210192896,33.25223036307647,37.96624184933763,42.57264753929526,44.37641370578304,44.68455746623008,43.650070731414544,0.9933900548258936,-0.114787625522127
2024-04-08 21:00:00,11.0,49.0,6.5,32.0,15.0,32.0,38.8335529360244,6.646795885288998,5.368866808504862,6.151462866334317,56.33095943589828,56.83826160028477,63.66832982507529,70.6044173401992,72.64213762514949,70.04511568560574,55.14175905028962,32.58457158872244,16.849585467991524,11.797188600785995,11.33384506511588,10.500922713116134,9.03257766205666,7.8924216841903805,7.330137363361853,8.422193243105687,10.306981076745716,13.03232238772764,15.519114495986477,18.110799734635098,19.26461930756214,0.9912685467787256,-0.1318585157173911
2024-04-09 21:00:00,4.0,43.0,10.5,42.0,7.0,36.0,34.712082768758535,5.2686647147131,5.335295738322265,5.426386336025072,43.00433626541754,45.046880961329855,50.9925533968225,57.45846174466397,64.79011596666024,65.21383143911241,62.45353733485981,37.22868414464822,13.977248588226717,4.325889277462832,5.616697973143819,8.038027249996405,11.22761337605071,14.819427553041232,18.98212906438646,24.20413860984742,28.604886927706254,33.06415402084383,34.810957156426575,35.43367832873121,33.334103257375226,0.9888537064205885,-0.1488903868564548
2024-04-10 21:00:00,5.0,47.0,66.5,17.0,12.0,16.0,47.38186803231926,13.726980931356591,5.661370823719953,6.463983216127211,53.680838831506826,56.22084269200728,63.3002950282496,71.43011463273957,76.13447625135755,75.78809764233634,67.79218599932013,69.60204624231174,74.5160408849867,77.92103955278674,83.73545902009192,91.22955758889918,98.12492042906192,85.52079922684547,69.71002604330187,50.36281015423495,39.89424470344189,32.97522614447285,30.02329920239607,27.49897734658488,23.621174205944108,0.986146248341595,-0.1658781989346314
2024-04-11 21:00:00,0.0,43.0,88.0,13.0,16.0,15.0,70.32158817003713,17.985333860859097,3.3821331118739817,5.192911501257714,93.3194158654927,96.3113461554104,99.27988953774742,99.5123588035902,98.62665412396623,98.03059690792902,98.62317864193578,99.6760789145756,100.0,100.0,100.0,90.93198998259228,71.57028589692078,47.02769431492999,29.69651180751612,22.020443640171184,23.43689752169034,30.854485437495573,42.17672276142216,57.410936829835926,63.55667239469995,0.98314697372215,-0.1828169249850199
2024-04-12 21:00:00,-5.0,54.0,88.0,12.0,23.0,14.0,77.13499337887522,31.876609840821526,4.505072250408084,5.782402978970352,92.5738743850072,92.91646876955514,96.505820318352,99.47043338786338,99.74898452761047,99.38629347308294,99.37278186833038,99.3115458096002,97.96148343267174,93.039689695912,91.17341439744212,91.66129028659884,95.17434284584502,97.56631925548224,99.5238076565115,98.94553216879922,98.92770416084346,99.40496227042004,98.84335655799836,93.5702074440303,83.57403186402344,0.9798567700958664,-0.1997015525660636
2024-04-13 21:00:00,-5.0,57.0,64.0,25.0,12.0,16.0,52.92776252076165,19.261885577474185,7.458551099470079,6.133605480857587,72.89547965625178,72.8847513130018,73.63198783263546,79.34971397240916,87.84445191569243,92.610115306596,93.94432038746204,97.44934649384292,99.16962519675296,91.4961962426644,85.57090458264632,96.27827543854691,97.96163183622184,85.37410380785053,56.14770521077425,41.61234496690896,29.48317351974696,29.982280501244823,31.62858395576243,36.37419199557646,52.69979777733344,0.976276611086932,-0.2165270852448143
2024-04-14 21:00:00,-1.0,47.0,73.0,32.0,10.0,26.0,43.63190569622002,9.36863091740464,5.818690113323664,6.563951969548671,59.93371544703378,59.62095274291603,63.24839080062107,69.93917399263599,78.00185091824626,87.44421468757699,96.43597928865996,99.40581487496829,99.2050787563707,82.55030872539206,49.49358577061342,21.541486437602163,8.478754768306866,6.86293473417524,10.315307301438605,23.615003263771488,39.77701793136121,58.38797572511333,70.74410799387304,73.17274144033004,65.85399401116464,0.9724075561219968,-0.2332885440754551
2024-04-15 21:00:00,-1.0,49.0,54.0,52.0,8.0,30.0,45.79565437652251,10.250587456950658,7.557426930547117,7.244016673899441,58.93386849547009,61.24054194398612,63.23073377602305,69.93953265462687,77.00295001012869,81.91867416850458,83.65863140009131,86.04584161003676,84.0303740881952,76.26194814275533,71.37260751722405,62.26638602931782,44.74550019947157,36.32482744622409,31.042596743197947,37.06943759149801,44.727723630158586,55.11688908928362,60.427474392691536,58.93458851081596,51.83888873240282,0.9682507501166718,-0.2499809690726521
2024-04-16 21:00:00,1.0,41.0,69.5,49.0,13.0,31.0,44.49081684171247,9.344233117475312,6.279340290055627,5.202880394641392,62.94747185347332,64.83673352058864,73.46352685025109,83.20473418827252,89.80984883990116,86.05528880716321,86.28196986294533,89.54293708348278,94.13027355812577,98.1947125632139,96.5734305029012,90.00197404313892,82.40690061447322,76.70235355203586,72.88010604255841,69.98888308196679,68.83520864250696,66.73508123861997,64.60505825343473,60.42114359212941,54.76646041451052,0.9638074231367308,-0.2665994206792935
2024-04-17 21:00:00,-1.0,44.0,57.0,49.0,11.0,35.0,37.99760306622656,7.715569002747527,5.265212171916566,6.172840002254563,55.29710455245373,58.81783528552474,66.47688409442398,74.7512520935946,84.85385000182471,96.3387878275258,99.78884191724828,99.9238854854748,88.33944802793641,66.29854556571738,44.45663463423276,38.89102842194436,38.64635656768598,41.91425537188735,41.24016763414461,34.68714101205468,26.339870374871417,15.648764120753675,11.343044846378008,7.722480340315106,8.790066483450762,0.9590788900341132,-0.2831389812281835
2024-04-18 21:00:00,-2.0,53.0,16.5,48.0,4.0,5.0,30.8044169704084,6.929366093975359,6.121139346258998,4.530740653551597,31.302536658795105,32.98409382298841,37.072404976550544,41.446622193199886,46.80875966488925,51.85391408975851,55.200447164743125,53.17401356083733,35.55886923039426,15.413142445175191,14.354962378400614,15.877730424135,18.161804754564407,19.34161439667324,21.40852520903345,24.426011868350265,27.28007224370878,30.50000116079756,31.120644041166027,30.161439550756853,27.46898027769215,0.9540665500578388,-0.2995947563972602
2024-04-19 21:00:00,1.0,56.0,43.5,54.0,14.0,17.0,33.98427535828104,12.47076676970304,5.920111869325344,4.875038974680867,45.68158726990134,46.50245715923859,52.35009029169981,58.81433370016872,65.87971723843401,69.74256643683543,72.69674017984251,71.15957698944104,53.003123952654654,19.34887400840701,11.35486499017993,27.65926955316571,62.56985956249061,74.34856535479717,79.18992344007306,70.43564525361606,62.34776319963348,54.140212718958495,47.4156904785371,39.86651007796318,41.62005699621531,0.9487718864399473,-0.3159618766579029
2024-04-20 21:00:00,-4.0,51.0,69.5,75.0,14.0,26.0,30.47639955924989,7.651621281051018,9.180285977148513,4.404235085952548,27.67691366047189,27.44521160372016,30.167779115445946,34.05548415351587,38.48275485399228,43.64010999388018,49.64430021052537,56.364817922801535,63.156720334699,69.39451283961458,74.86592121289101,80.16557776298515,85.3249362359388,90.68125509064456,89.07299391295444,60.31201607081821,39.43963006575648,31.00833909838808,26.146224758627973,24.108392985061432,27.93167164918139,0.9431964659565866,-0.3322354987159043
2024-04-21 21:00:00,-8.0,46.0,80.0,50.0,12.0,25.0,38.33322283330562,8.960241048652836,8.328613663580207,5.084339630427365,47.96784057735555,47.41126145257884,52.66288387735176,59.22116909912203,66.06429929324341,74.02849620870533,82.59489410923753,88.51372443225497,89.7366267385657,89.8284564864045,91.48540890073976,93.18392410481968,95.81390903382422,92.43339971020362,86.09193623371262,81.77369696263939,76.59805149204925,71.75775862423588,68.27391356533117,64.46825173678802,65.2832273740556,0.9373419384643772,-0.3484108069446808
2024-04-22 21:00:00,-2.0,34.0,29.5,65.0,16.0,29.0,21.91068635470266,4.124268139746963,6.291530584534012,4.918970980985389,40.34435386687809,40.97820324352465,46.8157422681713,53.13363995553956,60.84840592689231,69.070470748355,76.13447913581464,84.49915056933547,91.72277879843496,90.65030713453368,69.42255285979196,49.36784401965164,33.62928422384851,36.577266686981545,39.759809082658464,43.19717178345454,42.62346778437116,36.954586152542205,30.47891365269763,21.22874897840092,16.918057855461477,0.9312100364121948,-0.3644830148102912
2024-04-23 21:00:00,3.0,58.0,35.0,50.0,18.0,19.0,26.792639560527697,10.010080134547009,7.632361186114676,5.543147500000643,32.95580532649746,33.21959288278949,36.96149502482416,41.46679536210737,46.50984193927585,51.73367826676477,56.394453666332936,60.45163459566645,62.09846244668809,60.183392923634,57.20848167150662,53.86547804744033,49.17518770532216,40.95685743827684,32.86947460359681,27.466258858903547,26.42558164302487,30.36760190999989,38.905218185910414,52.83516025456171,66.678536579138,0.9248025743285088,-0.3804473662878516
2024-04-24 21:00:00,-2.0,34.0,89.5,24.0,16.0,32.0,72.23098255790376,12.579644910432028,3.629264554736054,6.730914496172907,90.36023614690284,91.4152389464536,96.56519636520312,98.88098802970892,98.32380193829884,97.06904985494452,99.3720508468909,100.0,100.0,99.28508484794472,98.77314010418624,97.79002958279952,96.39085850940415,95.58913664595212,93.60157313033488,93.20503750030684,91.75464665389607,89.97778957950689,88.57105506640056,86.65907539871112,85.90753185047889,0.9181214482844364,-0.3962991372689181
2024-04-25 21:00:00,-1.0,38.0,25.0,58.0,16.0,31.0,28.32279776545777,4.311422476510934,7.363181256959725,4.778031203666401,35.603124483693975,37.880921801352976,42.79164317769158,48.35395969974008,54.670736096273686,61.19424844193977,67.01480441499822,73.31580609470858,73.7373117712653,65.36134007160105,48.57764242624032,38.48846855764304,29.88631875199133,23.40367504760527,18.61277261428025,15.693375767810316,18.707179004704187,24.780325251484296,31.241299483495737,38.94002540407835,36.97533519319048,0.9111686353326632,-0.4120336369594263
2024-04-26 21:00:00,5.0,46.0,20.0,61.0,11.0,33.0,26.0076808642766,4.370922236945912,7.180015794915215,6.0371391798888565,30.14796119177568,33.144652702526486,37.484526765311,42.30561694984639,48.15686882179709,54.53996163511683,59.048816826194994,62.21906727541321,60.376412071038686,47.20482031278794,22.363932287756327,11.904379794435595,6.275268998574289,8.957014041291707,11.25896829201434,13.524546497540737,14.32512374931485,14.793980329819314,15.704023489109034,16.611161219135774,18.7672092628668,0.9039461929224012,-0.4276462092677746
2024-04-27 21:00:00,7.0,59.0,20.5,55.0,5.0,15.0,25.84997458222881,8.513928335886508,6.468070850906179,5.375042358278137,26.75080592316822,28.883324598275305,32.31216041456169,36.40098185473576,40.92254002034628,46.40380205832717,51.07069533442127,57.15894048750606,55.40431233128955,46.51661342654354,32.54602588356113,29.31874720028413,29.10330852953713,33.08966003779554,35.53315985832009,36.38280787474291,35.12093534744079,32.21956808786128,28.476598344403968,23.47134554962101,20.25086873998165,0.8964562582905575,-0.4431322341826345
2024-04-28 21:00:00,2.0,55.0,84.0,13.0,12.0,19.0,56.90263834392272,22.97234423852392,5.352214662296043,5.97552102351201,60.480107329384126,61.00211376493859,66.09766116666417,72.75652152283934,79.94126510998261,91.10163274123012,97.54698165261958,98.95937727225676,99.37743868594067,94.89473092332872,91.91042634392636,90.41979875607392,91.27778512254947,88.77826493539371,84.71533921758194,76.85250344497567,70.78481535325312,65.90202116436352,59.60086169099939,51.4318901315655,41.02018928473799,0.8887010478292915,-0.4584871291400876
2024-04-29 21:00:00,-4.0,46.0,45.5,38.0,16.0,35.0,43.467809689683634,6.5625891241848135,3.312099498917459,5.50662810397381,64.29154632606645,67.03150140590209,76.17456406429199,85.424609149663,91.65441712295714,96.18502791620963,79.63315555820203,50.283854654815975,25.02958808491977,7.765238870295637,1.9303209889279105,0.2518763767435256,1.2910482717373388,1.7755358623137465,2.071009503244748,2.002014570436051,2.168538106886129,2.485226761881347,3.1035248613256865,3.997333762396217,5.021168917128526,0.8806828564301475,-0.47370635037968
2024-05-01 21:00:00,1.0,57.0,38.0,50.0,5.0,35.0,34.14821654774582,12.296097072282292,6.105211795725979,5.792555510452611,39.34589991467102,39.68691601857079,44.73304956106115,50.09209450163126,56.77815494406314,64.22079298667653,73.16772907748991,82.22169108522692,86.22625064946652,77.2377603397126,60.83883323794348,51.06252646491362,44.9103786023888,36.53338916960398,28.232817835279032,21.167595997838813,20.17848074363396,25.7768165126886,33.07648265095794,42.55366315121319,40.46319726944926,0.8638670987837349,-0.503719798736334
2024-05-02 21:00:00,0.0,57.0,63.0,43.0,7.0,7.0,43.48654088234562,15.74385880058094,7.265391572045759,5.588270936734393,48.517767020542045,49.93610314936778,55.587094461388176,62.56827237249586,68.7071583549526,74.0137828202732,79.89121641591417,86.44086590025782,92.67902106048626,96.42398423695184,97.49050914779802,84.18785868803973,63.25311125942497,53.7902066055656,48.65006723121672,50.02825377710059,53.330039943567776,58.27896350018711,61.8100179949604,65.18917946755947,65.07280730944007,0.8550745085896932,-0.518505144391157
2024-05-03 21:00:00,-1.0,57.0,57.0,47.0,7.0,5.0,45.24548244177327,15.135805070689722,5.919337019599125,5.98302976225914,50.31930463257158,53.42044046373242,59.80636384352984,67.5372749782436,76.43695113086014,86.35156689897894,96.41786495321418,100.0,92.43777665352668,79.43341620058716,66.10910406294408,59.36445673752368,53.750329960437846,49.00289604253835,44.60666150954482,40.26839749404751,36.21705851317223,31.685595160596908,26.994586481381333,20.79767451950878,14.413487953601845,0.8460288880917339,-0.533137056031809
2024-05-04 21:00:00,-2.0,57.0,73.5,36.0,5.0,14.0,48.95341107803787,19.32548480216356,5.450940804578825,5.300820928648367,59.26982036847124,64.55665729343121,72.6424917344767,82.13017488386886,92.11701629244294,99.03322267196924,99.3583853684864,94.13677369428132,87.5615467961915,81.2741593518733,74.4376244081513,60.63835511977064,53.836142966933785,65.93556716508928,77.82645437161776,90.68045674450676,92.49505933606773,89.75436376022793,80.32616697124674,65.8169716757783,46.7570321825899,0.8367329140344921,-0.5476112038402312
2024-05-05 21:00:00,-2.0,58.0,75.0,36.0,15.0,19.0,49.107602398074,23.339052770294707,5.19423885958118,4.709639117955939,62.38128573236082,65.28324356224105,73.02150411505801,82.0039469854894,91.37346373107604,95.7364110301597,99.00405577811104,99.4791793122076,99.44590303424766,99.20811404167246,92.97501631229687,84.96182240764261,78.03765869864274,80.7084780245101,86.5619677115777,97.38017603450967,99.95590994750675,99.64085678838686,96.26639055546993,88.82365670100414,83.04219463383802,0.8271893372462497,-0.5619233046832195
2024-05-06 21:00:00,6.0,62.0,56.5,34.0,12.0,28.0,44.28316618676782,16.5794845590226,7.741458678630766,4.996719459936259,62.67322102978833,64.6608585405867,66.4346840335089,71.86380507396102,76.94934066108954,79.14286706834818,77.19139067400782,69.86678760816693,60.26572676395079,64.41992611204277,74.98656382072298,83.597865812175,85.08194625940654,72.00641034384446,53.97906501788297,36.47477931918189,23.1666279205289,16.1800561551191,13.975481619939089,15.633647982172072,17.989374042227443,0.8174009818249189,-0.5760691233798758
2024-05-07 21:00:00,-2.0,53.0,79.0,51.0,15.0,31.0,41.137590975447,12.340482355414691,6.745791003257772,5.276400165775205,56.3585999993904,56.15008790578586,61.90929593436019,69.58158497167766,77.59222256588058,82.2591234372532,85.8175887325752,89.5366927455353,94.507667674987,99.15101821039237,98.63775970325544,91.01363538127757,75.90078240336014,62.15320100717906,48.93290742066443,38.99771880488072,29.68292334093792,22.436729372828644,17.277445307317354,14.640778075886116,14.358167444833535,0.8073707443023492,-0.5900444739548627
2024-05-08 21:00:00,-1.0,56.0,74.5,56.0,7.0,11.0,36.87712868300609,13.324084911689228,8.130649715665296,3.828290941112624,36.26399795919861,36.34111343759244,39.51997144789374,44.34558546795478,50.02482398088741,56.705019000222414,64.55230254167009,73.57888971549787,84.65804924954958,96.0159410205626,98.49334207772064,89.95260215101295,64.13315472013876,50.97486034301352,44.19917683222079,56.34493964680004,68.09914891242312,77.46585072495441,82.69609540101392,84.3311496727851,85.46389817174398,0.7971015927871943,-0.6038452208771035
2024-05-09 21:00:00,0.0,53.0,87.0,54.0,8.0,2.0,37.91052257086859,12.59574072052751,7.633599431656765,5.8883046769479455,47.79622187967004,47.75695694704633,53.27429992658574,59.66933400570886,67.41469776956814,76.19982684136882,85.33682882431648,91.18879224587208,91.61858161314788,94.73935247701904,96.57458210628336,86.70170151022292,64.929880460889,57.21789451357492,53.70431193626963,60.51452754688729,68.24384614515994,76.61009030227076,79.7480777152263,77.40576678693256,61.55134635380016,0.7865965660866021,-0.6174672802835514
2024-05-10 21:00:00,1.0,56.0,67.0,65.0,6.0,8.0,32.61485219652436,10.569547137325682,8.27931242196811,4.635801628775204,38.95441402932147,38.97877146081947,43.693243993077175,49.17975858273532,55.31018010935711,63.03491239493717,71.88011864381998,81.6701767449692,92.39656873063164,100.0,99.80442767804878,97.19339822273088,89.35163074375858,62.325086055860936,41.16286515903794,32.66598920165461,26.23206941272138,21.919326700976065,18.35197478498222,14.60368289665715,12.058610353312895,0.7758587728069828,-0.6309066211876704
2024-05-11 21:00:00,1.0,58.0,57.5,69.0,6.0,13.0,32.941652006163416,11.633497459466511,8.656859531978107,4.388662384495088,41.43718033766954,41.57673548621241,46.405794963695925,52.05585782920493,58.596530200622745,66.37903906968046,74.57278701275526,83.43839331113527,91.92685832029902,96.93279665257428,99.0446254682989,98.58550932652214,97.49830788248497,80.95470391597472,57.13752483659903,29.6034171524349,14.674827992546408,9.535150264647436,7.428257653248877,7.094957001709504,6.896416004189036,0.7648913904341226,-0.6441592666722685
2024-05-12 21:00:00,5.0,60.0,44.0,82.0,3.0,3.0,28.252603715391427,9.253408826109084,9.350058632471836,3.350726281975364,26.22444278601897,26.2345215330149,29.15074674363884,32.73777414269198,36.85263719825873,41.618717676758415,47.35544475967833,52.88862522013454,58.274441574809245,65.59960962080521,73.15189376754444,81.66328842355541,90.58189413699324,68.22316941397575,42.91353013159439,24.46580970188434,13.751685074325565,10.656021645892537,9.582034367832096,9.809024741457495,15.00045050749446,0.753697664392914,-0.6572212950663319
2024-05-13 21:00:00,4.0,65.0,68.5,78.0,8.0,19.0,27.89733342212273,12.136281563498724,9.215124001836816,4.423500465633463,28.95437079884484,29.35938317315864,32.67424359876118,36.63290080880362,41.34310639830257,46.972230009988266,53.10127560103373,59.80935466812224,66.07052648569953,70.68686323615003,79.15490443747521,85.65080026065873,89.83338214758572,67.5452180685892,44.66975390275355,24.72505567305859,19.52647389305724,26.34584990806723,37.35186604995429,53.57309717667065,62.28672784698003,0.742280907086982,-0.6700888411055113
2024-05-14 21:00:00,-4.0,57.0,83.5,15.0,12.0,15.0,66.61670186495616,26.090906380195275,5.523315041358981,6.44162955312121,90.40877826067144,91.15151703275514,96.99372710104358,98.66203899618309,98.7769509323469,98.977528819076,99.36004833820212,99.52008929202503,99.59192844269516,97.98184919116876,92.7740271289219,89.6504887962644,88.5502399420019,87.29657085079053,85.55771825151443,82.86384430716582,74.5656266048077,58.18366123026867,45.03371013546288,32.6119350298146,29.720814826110303,0.7306444969184916,-0.6827580970759147
2024-05-15 21:00:00,-3.0,68.0,36.0,40.0,4.0,34.0,46.96300291239815,21.26183768677454,6.716843997391576,6.124482949743766,55.1940761460311,55.58966802417608,62.24049182135577,69.44430201279195,75.40192532556252,80.00860536169657,83.35730941871152,82.82885195619359,77.46016695751766,68.35034784297194,63.34515466501984,61.24471294689685,61.66995907915312,58.865166855135286,53.77264485878959,46.90696503931925,40.12955135812302,33.25919222164869,27.432911638691287,21.36700556288961,17.53037849830673,0.7187918772884232,-0.6952253139408722
2024-05-16 21:00:00,-2.0,63.0,54.0,27.0,4.0,9.0,58.017639995610125,21.264927033992453,6.646122770092578,5.426806760808784,71.34352727267476,72.51217733223834,80.2829098552795,86.73111773587365,87.56324405636316,82.46009383177329,77.46035222003927,75.22036579724315,75.46604629094803,79.18673095460032,73.87099535362107,66.72898775095454,58.64921623394183,55.80397201799008,51.34187280917777,43.649475027466536,34.8859694710894,24.903748229826505,16.783990828406463,8.541768060070229,7.053107749759762,0.7067265555776158,-0.7074868024503348
2024-05-17 21:00:00,6.0,71.0,70.0,44.0,6.0,14.0,40.8162829528235,21.40827905221662,8.00986391225743,5.248288484256251,42.59126429970018,43.67500821753221,48.61428763272006,53.9819213115978,60.090237037606485,66.47097415932083,68.6759419962013,70.9892586694994,70.80045806353154,63.858658028299885,63.347760917568486,69.6537956222912,81.7692064496167,87.5720953197322,88.92020235180077,81.90890352697899,68.30579612595409,48.62391783640013,33.65156172025235,19.06084616940264,21.07117672544231,0.6944521021088763,-0.719538934232584
2024-05-18 21:00:00,-2.0,68.0,88.0,43.0,7.0,14.0,45.22343125997333,24.052308712376792,8.06666827326464,5.9243362432265645,45.96279064008175,47.23290997241652,52.82391372149561,58.88230292988336,66.0897536111614,69.88384134756144,76.58877950333574,77.24178238658992,73.70512783584073,72.37298359191122,85.27746057304599,91.9054790626938,93.96671221751656,93.29778454718844,92.1959847071412,91.05213818586724,91.23425587952688,90.35921284199698,89.7735470011243,87.24188213625291,84.89142195895468,0.6819721490904629,-0.7313781428679254
2024-05-19 21:00:00,-2.0,66.0,39.5,34.0,7.0,15.0,52.248935377409744,22.07617645167653,5.133522581251207,6.1359497389164375,71.04876044487118,72.75067305086384,77.62511459950476,76.02059664657018,78.24919968245204,78.90449475404667,81.77090281048196,87.57138923375012,94.13501086088556,97.5316818139584,77.59648548712093,60.263852308857416,46.560697399747205,41.84960989911167,37.15212042123008,32.194486346797255,28.867214425429832,26.82149747556307,27.440756249002064,29.58451521740012,30.14346316780907,0.6692903895412567,-0.7430009249440493
2024-05-20 21:00:00,-1.0,77.0,39.5,42.0,8.0,20.0,43.319098678448334,28.68408834277084,8.135327377065886,5.683727706845658,50.60983736760234,50.88081940396943,56.58493778290493,62.77870328594052,68.78930768135596,73.86804376932646,79.61668005916577,83.1059657738933,83.20650374365361,84.48256204710938,85.51056057338432,81.61508655316383,70.629648258936,58.335463650974376,49.401304722089,53.144562388016894,55.86158619749688,56.39860423446655,54.52825837572584,50.26801887441131,45.89223795139674,0.6564105761979381,-0.7544038410927472
2024-05-21 21:00:00,1.0,79.0,59.5,54.0,8.0,29.0,32.4470440874922,24.604718542560327,8.499152240187664,5.200686152082048,35.38638187673287,35.482366778227416,38.860407028752405,43.359641247823646,48.20573568122308,53.40806933100893,58.3765604348492,64.21405113979851,70.78682693671021,78.19313920555561,83.75739139836938,88.47922952123969,92.43729718118917,88.44967784655869,81.5263833239973,66.83938287384028,50.72652483744009,32.817877702007905,20.074781257719167,10.711704975482675,10.04860700206039,0.6433365204044917,-0.765583517007675
2024-05-22 21:00:00,1.0,80.0,43.0,50.0,3.0,29.0,35.13038431917836,24.84332183357489,7.756588954031869,6.111978940055705,37.2616501175357,37.29459567085284,41.30300918272397,46.10173750961763,51.54494790082994,56.72191408717859,62.709910922605474,69.25119959182726,74.24329966992148,75.53322756407648,72.24027299443179,65.79946579960964,56.814978462689794,48.88232589696469,41.41146126493815,37.69284547672727,36.19196549822464,39.0265498487117,45.32476176717932,56.33373646956831,63.091118329602345,0.6300720909843687,-0.7765366444428655
2024-05-23 21:00:00,-3.0,75.0,70.5,36.0,10.0,25.0,48.024842970657794,25.489345757860068,7.730878566964633,6.039599846915665,59.55632472406881,59.36458374570021,62.78075765441209,69.50126013894538,76.63868852989447,81.64422060218202,81.83696905832176,83.14425478649967,82.05839435076476,64.91850871722589,51.14040817743434,40.79698073137375,32.17960486469002,23.7328589904164,14.354996723862929,8.8645286375812,4.241204550887739,3.001397720853566,2.2584687819195524,2.481076679900009,3.1649038662828826,0.6166212130956382,-0.7872599821916922
2024-05-24 21:00:00,-5.0,57.0,71.5,26.0,13.0,29.0,59.42476382223043,17.675357529124177,7.008794430125759,4.8739922227558665,66.41907818866297,65.87009407803765,71.86959659996226,80.40446350573143,84.65854344927214,84.40085525081207,84.42396259159075,79.99588928416345,79.31235600613878,82.71499691992294,87.4104278495301,90.8036820430667,88.27305987522148,82.39129773498244,74.56796978605774,65.84898815035696,57.26465492524198,49.88770220040704,42.551718047576,34.78584922113029,27.88918030287302,0.6029878670694714,-0.7977503570459932
2024-05-25 21:00:00,-3.0,63.0,25.0,61.0,9.0,31.0,38.01738831024434,11.317944414217234,6.2657896159251765,5.701915302722861,43.45316051425927,43.48012853127847,48.21540074612524,53.97399750941016,60.36412500478223,64.1981842265686,67.0811368616595,73.38651241557528,76.52302566489846,69.00392675004518,35.53799862300692,12.21403221683611,1.687223812219102,2.483167474580457,4.250478416956882,5.2891313592630205,5.960532535974633,5.981748471219976,6.523442189469892,7.505109517946147,9.446911341572893,0.5891760872322963,-0.8080046647350754
2024-05-26 21:00:00,0.0,65.0,69.0,55.0,4.0,5.0,41.43795063649969,14.873823411225075,8.362404791862739,4.7918181462496925,44.98902677398336,46.3786693962112,51.400421907899286,57.30105524163558,64.31970138715334,68.83855830523369,67.50706645984756,66.57250897538464,69.33681474236022,75.11635848599376,73.53468877064452,72.2231760075355,68.38419356852815,43.82926687236259,22.84305804558528,10.51682017346134,5.67015456806572,5.842578356377753,6.4261229406821,7.324680608025407,7.287667977291298,0.5751899607119775,-0.8180198708443175
2024-05-27 21:00:00,-3.0,61.0,86.5,29.0,15.0,15.0,59.96347060974499,26.17343083051649,5.605082783884551,5.512401539786172,56.18843026848346,57.50249155741902,63.97762205128185,71.31264888064372,73.70298476901203,73.35266747188855,73.82882718170704,76.44722416254946,82.9194277086596,92.67096994828982,98.57978522949846,100.0,98.57946769497104,99.0582987534217,97.8579614683283,94.39157291570272,86.54355868629875,72.58339613475735,74.22372483382182,84.24068146263144,87.00389906850988,0.5610336262283677,-0.8277930117131022
2024-05-28 21:00:00,-5.0,68.0,62.5,16.0,11.0,21.0,67.88602556705558,33.2444766988482,6.212190890248273,5.896647584587371,84.45378513519987,84.14670895215184,85.75928687639927,83.28840856661158,86.99849928208424,85.4771219233587,79.20558591103206,78.6664848906678,89.63334094907272,95.67051574214383,94.61262852366956,88.31147600653262,79.45616055002924,80.10511815148863,87.67425892070118,87.12738334168615,78.58050521108706,46.88653413608927,24.89770577565864,20.97519285333658,18.87628898046425,0.5467112728685939,-0.8373211953118121
2024-05-29 21:00:00,-4.0,59.0,59.5,50.0,12.0,30.0,42.111158608798256,10.93254071954822,5.028380762917266,6.769219750131452,54.37064331802125,54.832673363493726,59.89106242722634,66.82138685004931,74.96003227323388,80.31032466947339,83.36463532156894,75.37301759271713,49.53801939949764,22.182327426540777,10.740536063783551,5.59560178997756,5.348130750741107,6.949410571174676,8.612255783751376,9.12799238829756,9.486367426290013,9.596149614173164,10.500268969189944,12.084399561031812,14.670588716114349,0.5322271388474397,-0.8466016020976267
2024-05-30 21:00:00,-2.0,59.0,40.0,61.0,10.0,32.0,34.47516230397882,11.859444373296498,7.6028537922573936,4.56439488331956,44.78150051378474,45.75727107857944,50.91428514317581,57.245775704168665,64.30087863845696,69.03692976218451,73.94101237479062,78.8532742332921,83.43714169143945,89.1428177623067,94.82649630985132,84.66585677219688,64.78061413474121,46.93866987616899,33.21783441511534,24.570990310391668,17.730227435014438,11.138311383030729,9.297984394198467,10.22723407456542,14.387975396563716,0.5175855102531889,-0.8556314858488706
2024-05-31 21:00:00,0.0,63.0,37.0,63.0,10.0,34.0,33.75364412262301,13.977412170147272,8.653825806851351,6.015605227415013,41.48233986180869,42.337861629137976,47.19936021359319,52.778004177006025,59.27142360192179,66.4082091286144,71.3035499815791,75.7278861817025,79.98428616731043,81.47539586707674,81.03970951359021,82.89110265397672,86.92943197631632,91.75141322793282,86.28864672277788,62.70192896290053,39.49186936633011,16.279887405610737,8.140182456846775,6.727556855725143,8.21177718472088,0.5027907197793043,-0.8644081744776648
2024-06-01 21:00:00,3.0,67.0,6.0,63.0,8.0,3.0,29.36334558866245,11.172179368979917,6.713700342584719,5.715344744245713,37.04755138367802,38.33582289878319,42.74915071047569,47.70339554092863,53.58237250932856,60.40270385946347,65.4592474127658,69.76080145501285,66.72874624619334,52.61298521714699,27.85979533999869,13.632353849152798,5.360638181292127,3.990119785861739,3.127035337907172,2.9504572298813594,4.7099413239902415,8.143036328942284,16.375330797951733,28.64214811672076,31.416936094177228,0.4878471454423119,-0.8729290708206411
2024-06-02 21:00:00,-3.0,75.0,3.5,51.0,7.0,35.0,26.21349228058335,13.814708550645504,7.375142873647386,5.991045133350811,28.938115082554933,29.21966735923919,31.81084504894017,35.17561114597581,39.130840348738126,43.29971069207589,43.77607048815176,37.53785840318904,27.719569288682862,20.296033402979084,27.05866100581504,34.07384667472086,40.94884825620814,38.98447603481677,35.962238241025005,31.625970812160848,29.164593387791022,28.532952000955024,29.05263690598869,30.86510056167946,28.87408709602714,0.4727592092862775,-0.881191653407483
2024-06-03 21:00:00,-1.0,71.0,52.0,30.0,8.0,8.0,42.38632854210911,23.528324563622423,7.776271741059394,4.920021585921503,45.889622773904286,46.49209099967372,51.45545629434491,57.58791207152485,63.53110515207444,68.6149194409743,73.57584052834683,77.96738307846964,80.76551350257112,80.55062531476221,69.4087995226522,59.35049144368899,49.66690622770078,59.91548148679811,63.95196240823184,52.358225000437045,40.02163035081009,26.40027608074526,23.198359696247763,25.997479904654124,32.17870444897868,0.4575313760742512,-0.8891934772070711
2024-06-04 21:00:00,-1.0,75.0,18.0,55.0,2.0,11.0,39.92874704583903,24.11215513107486,7.533056666620216,5.527810070184846,46.47565595576304,47.39633723985855,52.590175002805175,58.81415814660763,65.73456870088037,73.98629649991732,80.41161533452356,82.77103997378501,83.08086421494114,83.70189790220034,85.69119126560878,76.70126157948822,59.962286280121056,46.63941778511116,37.73731417500017,37.04991989127843,33.23761999726147,25.90522149009836,18.820089813873224,10.743518639671338,9.327473168953333,0.442168151967072,-0.8969321743510065
2024-06-05 21:00:00,4.0,79.0,38.0,59.0,2.0,8.0,36.30114349212663,24.24307889089468,8.173785783183558,6.411337213433663,36.28939503921317,36.854129566722094,39.769854646230776,43.97922568507291,49.34543279630828,55.10166657039566,60.4384194944578,62.89056018590941,61.85180644604539,60.320704477607975,61.02936059205369,62.27883682097007,63.25668236721369,65.24958874435472,67.09438242867748,68.14565905289666,68.65853719488885,66.3892592108829,63.2363386378337,58.26757935381263,58.021321867299726,0.4266740831899246,-0.9044054548343
2024-06-06 21:00:00,0.0,77.0,14.5,52.0,10.0,14.0,43.319098678448334,25.992999257060937,8.074784424543452,5.181957495279921,51.25107928090782,51.11065019672506,55.21181274526005,61.46440918163461,68.79519103580961,73.67165222537317,73.70047959883263,77.96190014822182,78.1459136765522,77.10177930663332,75.44160681905558,72.85271927119355,68.32337090048394,55.78991726668164,39.37281714738604,19.0385333062362,6.435070799025184,6.798872802301606,8.57997672155191,12.414770354765066,13.267831781171196,0.4110537546870351,-0.911611107193024
2024-06-07 21:00:00,-3.0,72.0,67.0,42.0,9.0,13.0,51.210522217698816,30.55409819187443,7.1080725528643445,4.975368261540282,56.806535897378254,56.734018335897055,60.3589875203565,67.30653815532236,74.277059985889,73.3500361009118,71.88613581117748,69.30669120954744,67.8885995728222,72.57338555386222,78.31104141028142,83.33937830440419,83.85481452111034,84.1606385571964,84.23375202571017,90.01862798835214,95.42909832418998,98.44737618066416,90.28330541465036,69.15305985229638,41.09844274840936,0.3953117887649151,-0.9185469991587164
2024-06-08 21:00:00,-1.0,62.0,85.0,18.0,5.0,13.0,75.03763863657984,25.28763755573593,6.374182868329753,6.731021860592194,79.75230481298662,79.53088276679942,84.02417921757234,85.25135451152778,76.73390697120848,81.61506790131277,83.53922029437743,84.7418848258567,90.96898064732927,94.19018231557786,94.00634371709369,88.13178331713473,68.79713707495266,60.04361546124244,55.69110255225888,58.158860302421445,60.12271176957989,60.78431241012229,59.82346677556897,56.33710314930365,51.29799956443378,0.3794528437245443,-0.925211078289358
2024-06-09 21:00:00,-3.0,63.0,83.0,19.0,5.0,25.0,67.31731330492019,28.78906718596463,7.088108948670827,6.091969112887088,74.7098257415114,74.64941173141145,77.53045036021287,83.32002403566695,90.17797879488344,96.23345142875044,98.74532472063,99.612540321533,98.0029275060562,92.70054104287678,83.14388496649488,73.19028645299205,75.88738106406029,79.52235174360162,84.07689533620119,88.33516267223577,91.96284380379178,94.27801687620484,95.30091904713748,93.7199639723702,89.4415299314556,0.3634816124829063,-0.9316013725767188
2024-06-10 21:00:00,0.0,59.0,74.5,22.0,8.0,31.0,72.03484221010554,25.22646979496485,5.933267734369686,6.394390151795889,81.55249407669122,81.31368319905214,85.77842340520756,94.66910471511017,99.03218543315664,98.28450706210933,92.5418467862465,90.9385149258485,91.51659854003456,91.58897350450584,90.72002606683698,90.06208519818058,88.87808607544933,86.62370482986185,83.04518690560808,78.55225309735825,75.65968630341632,77.9764791173662,81.41590738636539,85.15363963452063,74.55775263106375,0.3474028211842774,-0.9377159910299092
2024-06-11 21:00:00,-1.0,72.0,36.0,46.0,2.0,21.0,51.210522217698816,27.04283165197364,7.402626008745037,5.651138566129805,63.95550669929941,64.5381198234042,71.14921121965625,78.67520889126077,86.60106429848045,92.80034251547043,91.1730908548768,85.10572886213984,81.90406717969891,81.94580758958485,83.4864384286229,82.75204712756683,80.340125253826,68.02397253036764,56.1664919954837,44.684845524178726,37.30021127903346,34.60645506590254,29.87073031164736,22.849328539128937,19.23282418670267,0.3312212278016865,-0.9435531242349544
2024-06-12 21:00:00,0.0,70.0,53.0,33.0,4.0,19.0,58.96338025757996,26.38341375683164,8.008143578196858,5.929815178697138,58.75553913618607,59.67830278643383,65.97917961864749,73.2646992233093,81.81336231140317,89.05045855463348,92.7005753024674,95.5206907333814,93.64681547361918,79.570090798403,71.92810950896116,71.19843595560667,76.52207151115043,72.4582775922445,62.5516604016204,45.45633372342727,35.0004722329923,30.07454116846332,27.776801237244484,26.870246089226228,27.08864352943564,0.3149416207289519,-0.9491110448902284
2024-06-13 21:00:00,-1.0,75.0,44.0,50.0,10.0,21.0,43.00991391902142,25.148105349663755,6.79636397759706,6.324938664783968,53.95204148161897,54.13596584791996,59.77177895382175,66.44956738271685,73.87276772662196,79.05738653339289,80.12241094876968,75.94501534856853,64.69866557224331,55.26131462090657,52.34705565404391,50.45061717154415,49.23662400426228,48.08947120200512,47.47586506525989,49.85780361517445,52.65494044721568,55.41437783078913,55.17279009909697,51.36878135757459,51.37737582259597,0.2985688173637202,-0.9543881083175908
2024-06-14 21:00:00,2.0,69.0,41.5,35.0,11.0,29.0,58.82995164909111,26.62657244859392,7.976426813671675,5.882900298215785,59.11737256237102,59.93652101032304,64.03317851019996,69.98019999551023,76.86722410526356,83.39740621078023,87.65331163468693,91.11886850809027,92.5191468814736,85.1342485091831,74.96986462846355,67.69488035932947,68.57481623287583,62.37445557232381,52.29550786145105,35.08592266261205,22.33824093437862,15.716242562389708,13.55334389718915,16.419736869879443,17.59305549367021,0.2821076626819194,-0.9593827529490744
2024-06-17 21:00:00,2.0,69.0,64.5,15.0,10.0,20.0,48.91231522715638,29.09935769106052,6.387119377976773,4.823879402664844,46.51360220365541,47.42604863934659,51.87582698225142,48.661430063732666,41.12192936322096,46.01536014431276,58.3507547448143,74.20076780100419,88.23451768270387,95.57689458405152,96.03297792875875,95.02693970424632,93.33186731019096,93.6688147805744,92.9782370233838,90.06741761166512,84.76263148517246,76.8001105061768,68.33182127191515,57.62939658918837,49.26938770403972,0.2322429240090701,-0.9726578145718654
2024-06-18 21:00:00,0.0,85.0,58.0,35.0,7.0,21.0,54.94101424923203,43.08875416726636,7.439951312081763,5.981932339695112,57.33355872078639,59.02050867682526,65.13342063778866,72.25366026424929,80.3304588054132,85.60649491817446,87.9622403021888,89.15174343853562,85.51170362723276,78.16842827838386,75.04880174278466,70.50635261078611,65.09212090515463,57.14640353576116,48.49203868349859,40.793985342426495,36.19872264295557,34.15424503808404,35.68406321016982,39.20253721421062,42.522490901575694,0.2154773150467301,-0.976508846196619
2024-06-19 21:00:00,1.0,91.0,11.0,49.0,12.0,25.0,43.88885718458641,44.83883887319032,8.017037909810947,5.798032304968576,51.64916140683168,52.98974347871968,58.06689338685989,64.15645310393506,71.14645717182604,78.45421756948949,76.81950556600614,71.50555680751239,66.58375851734823,63.02522465964201,65.60479105863007,69.77365954352749,74.7569229710853,73.08037191621752,68.37764581548677,59.55289419261924,55.27270756398048,54.44902383770727,57.68291491933418,63.324055823868505,62.634388618441136,0.1986479428801711,-0.9800709131432666
2024-06-20 21:00:00,3.0,80.0,38.0,37.0,12.0,32.0,40.708611314014846,24.55672671073845,6.180280177320638,5.613972915317369,51.01888539710342,53.16203529848588,58.87952713102093,65.80277862407719,68.81371469407412,62.27411860200742,48.79399444581584,27.80346196535324,13.348502019542533,8.574955396360984,7.823534766484847,14.254047809320475,25.499902862727904,45.301953139777545,62.45889325239949,75.49655621496217,77.96970165684431,74.23223197040497,71.96988735958878,68.86684968013572,68.99170075126473,0.1817597875913753,-0.9833429613388902
2024-06-21 21:00:00,2.0,74.0,18.0,60.0,8.0,31.0,31.663474899568268,15.99985878387618,7.356386769969442,4.983155359322727,39.44271402608051,41.061868194156446,45.39448020541448,50.49000366128183,56.45962771493493,62.95633721091964,70.12408972701306,71.90980471787972,70.32912276298586,64.70137170635974,48.85529673308408,35.71167479842382,24.3892737756703,20.40736341351311,17.49601319050625,16.064054178270933,15.477565114436633,15.444979911078608,15.14902977293916,14.683054460056486,18.223744519743228,0.1648178466571979,-0.9863240225317866
2024-06-22 21:00:00,2.0,78.0,50.0,46.0,6.0,24.0,36.144292017996,21.668030675066163,8.804385270348774,4.96978936791108,37.16583985561163,37.64145246116022,41.54642538530907,46.42358006478069,52.03061811681253,58.19840032699386,65.25464735959522,72.75214508847283,77.60088649681039,74.2498510633873,69.46082064367941,67.20404503935576,67.90140124072647,67.59127731954335,61.04077397228714,44.1736789029456,29.23951659018456,15.756149045939775,8.714760441816155,4.0480711599750645,4.095849658049743,0.1478271334705304,-0.9890132145779884
2024-06-23 21:00:00,-1.0,61.0,91.0,14.0,11.0,11.0,80.62364290299612,42.04287160422446,4.245897074656067,4.753859071215657,95.83204702015198,95.90207520920202,98.98165327609092,99.32021386811786,99.27040369805032,99.60011556727608,99.72658597285464,100.0,100.0,99.6208754477647,97.28702616244864,94.9656888520842,92.04980929640313,93.62037985830062,97.45223461765067,98.64173729842965,99.66564749189682,99.64563082068892,99.52422656056848,98.83822722735742,98.53360252777507,0.1307926758567592,-0.9914097417023038
2024-06-24 21:00:00,1.0,71.0,58.5,34.0,6.0,6.0,54.95084226417701,30.962847100710626,7.225144919820454,5.560945443937741,58.78361702472388,58.75840786348826,61.96748853118721,68.14242213470527,75.63541848264397,83.55035830985219,89.27571640796359,90.38264989369002,82.75612493567667,73.51964221344703,69.17915385579538,69.33396469128141,75.40815405661765,80.88940226610065,87.26708642950595,95.22460271959068,98.5258449722896,91.34589556130538,74.70961931513955,45.82272823607699,24.63489930763184,0.1137195145859496,-0.9935128947338008
2024-06-26 21:00:00,-3.0,74.0,40.0,37.0,11.0,28.0,55.370380068334434,30.801880846371223,7.440722190534053,5.11381814761641,60.189546800991664,59.84978667571293,64.01767901334709,70.321618134041,76.59627683062791,82.15975080737942,83.40124604223189,84.5071393192702,86.71119050384016,90.90754862394743,91.7087421018056,89.18625983942103,81.44074815181497,74.3589728127128,66.25103156876304,51.05354380477263,36.94841161967082,26.04631060040037,17.52427512015205,12.356417468917831,9.928203846034904,0.0794772999236209,-0.9968366760893436
2024-06-27 21:00:00,-4.0,63.0,61.0,33.0,7.0,30.0,60.22936578777025,23.42784884004069,6.658162562804297,6.592197737535813,72.14232214651804,71.73765614932192,76.59275239495531,84.28855067931894,89.63835726050873,86.2109948691955,79.15041381523056,77.13885943053201,83.17522238094807,90.35052491647365,95.66248011445056,98.38015574968716,99.36953963096012,100.0,100.0,85.7501937864129,64.92079059993583,44.15650900208355,25.95775164188541,10.21163513483218,6.799166470099248,0.062318379354325,-0.998056320853012
2024-06-28 21:00:00,-3.0,65.0,18.0,59.0,10.0,29.0,38.33978942887603,10.814530541381089,7.047668516783183,5.385394656195842,41.64043916949114,42.70702606400779,46.86918867939087,52.118642745767865,57.75168931563351,62.80377314347773,61.26945624201504,59.9711336521794,54.74628550673803,41.57348207500303,28.27417877266392,21.0148018059527,17.254433810405008,17.072270864258883,16.237105347940375,14.587528825490775,12.431767570972552,9.740156596384638,7.937996760967909,6.166208493229979,5.945117896794147,0.0451410177739719,-0.998980624694158
2024-06-29 21:00:00,-1.0,64.0,88.5,26.0,15.0,18.0,60.361457330669865,33.95102906135924,5.220636142397771,4.269011423240102,64.65521192200626,65.25281441720936,70.89347815813878,77.51604061335645,84.25744686773223,91.20119757437188,94.96088195979912,96.47115400097208,97.03475266926591,98.53038961780128,99.37974439394796,99.70750469880598,98.92436792826436,99.57545419366603,99.14904006817105,98.90569062288311,99.29815875927034,99.22805154964183,99.49289323277604,99.0059232920675,99.3486897632746,0.0279502982402103,-0.999609314096404
2024-06-30 21:00:00,-1.0,71.0,41.0,30.0,11.0,31.0,63.51451357434428,26.33169791889606,6.324218712021996,5.537816390253247,65.48966616925219,67.4071267338973,67.91054769951556,58.94688950554249,51.77041584973773,51.68481740299708,52.620766728605375,57.53695450103976,63.28678231740433,58.671307008293496,56.680711490302606,57.85728007761393,64.59787082640229,69.11319291860795,73.4832949336251,81.17137014725186,87.39899499503531,89.37914044463446,89.92142364376531,88.03733000665494,83.48378370690432,0.0107513077635219,-0.9999422030204416
2024-07-01 21:00:00,-1.0,73.0,2.0,53.0,9.0,33.0,38.1466996737977,16.962402985371444,7.77150824188579,6.256485492278078,43.6798067219137,44.58711268628292,48.92770339439839,54.12567751751324,59.945830349161966,65.34906329682876,65.50127102067879,63.31817483306252,57.99712621651661,48.85914552377706,43.12586564642213,38.73279905575282,35.19150848161528,32.63821350777597,29.90983790148274,27.16378747956651,24.370135748454103,20.88200288898508,18.39243028474255,15.684496630254111,16.53648110242504,-0.0064508641981051,-0.9999791929590824
2024-07-02 21:00:00,1.0,79.0,3.5,53.0,6.0,33.0,34.973848237149625,22.373688554634683,8.56657496101096,5.713668806364809,39.98977647933001,41.48596077328007,45.96174842254239,51.04477390014692,56.90766667477271,62.484211560475465,66.43309202893334,68.59078086936204,69.77878845682318,69.67152430466108,67.67497525418524,59.894926186975205,50.78353022142952,48.96196316380697,46.51516826141776,42.91901151912915,38.72996254179709,33.50399108172791,26.071284154358835,16.235011222058258,12.431903526944708,-0.0236511272452315,-0.9997202729664084
2024-07-03 21:00:00,0.0,79.0,72.5,55.0,10.0,18.0,37.6726622643542,22.397498994864893,7.658492815377885,4.058789811777324,36.52120281869842,37.03553647685352,40.26111109823215,44.42369993644933,49.35514769311446,54.80412420014713,60.03716360123909,60.87230597740355,61.044600031273575,63.00555670619877,54.23352726597722,41.74047144861646,27.66267025713367,17.453451012967054,10.782388699279332,9.982956561836124,20.00279076603804,39.01302523360829,60.46515336331827,85.34959867337463,88.87885973621643,-0.0408443915432961,-0.9991655196610107
2024-07-04 21:00:00,-4.0,79.0,33.0,42.0,10.0,24.0,52.22353196842017,30.62461087757558,7.813902354415664,5.307776305759743,52.46838723013241,52.55368552420463,57.09844960459416,63.22427943487302,70.11280604287235,74.11773581301458,73.28343311284017,72.36478990225972,71.80650025235515,73.29505562525407,73.14076161047471,72.62440499583677,70.97942974646966,65.11186420205973,56.59878394672957,43.1298108716304,30.00249693588447,17.842371299206597,9.811732746204504,4.334940439114127,4.70466652020653,-0.0580255693287803,-0.9983150972033183
2024-07-05 21:00:00,0.0,73.0,58.0,23.0,2.0,31.0,63.75884189409329,38.201668875137806,7.438845759467993,5.162871580378945,60.994864284471525,61.149448479935046,67.56577321840625,75.17537997506378,83.9912687345268,91.24070524814016,95.65536843605258,98.24097296381628,97.4538612425399,90.10035456044668,79.64994277759908,77.3911042868443,84.71899636972091,93.28747955613828,98.59780035906245,96.98796776138413,92.84126807307476,87.57792423869581,85.74761722671116,86.20011342912734,78.4676553909049,-0.0751895764147585,-0.9971692572470178
2024-07-06 21:00:00,-1.0,69.0,88.0,13.0,4.0,6.0,84.10762857656357,44.555101400014,5.225957075572183,5.458737249949506,92.66871432708302,92.61661729055594,99.35064102531209,100.0,100.0,99.75810974962936,99.62468794339776,99.33928215155514,94.96722592709357,85.49200576916209,90.89006602148407,96.58729117462065,99.22101315142372,94.74829691464964,88.5854364533707,81.09438495314016,81.43477343053,93.9744946936155,90.39117524635816,71.48956297486559,46.70470983411522,-0.0923313336953912,-0.9957283388645872
2024-07-07 21:00:00,-4.0,78.0,24.0,33.0,4.0,27.0,57.93497644811754,33.39250473489135,7.717026310604337,5.409300611544315,59.807108535690624,60.65270901188733,66.50255301576965,73.38369067489077,80.16007548949146,81.46048663531349,79.25536195763442,76.90096841424096,75.3197987699396,75.77426952627626,77.61889933007797,81.70059661160273,87.12015236131523,85.85172267598425,78.04967139441072,58.5828109507944,43.503441268252494,29.97137272006815,22.54717269810885,17.044102128082287,16.669908491488886,-0.1094457686489155,-0.993992768446958
2024-07-08 21:00:00,-1.0,81.0,80.5,34.0,6.0,23.0,52.50833622360448,32.36645549771782,7.842492421581185,5.083605250022315,56.691852837720006,57.1889679851581,63.17684874660707,69.99137705474847,78.1274425154005,79.9635978162381,77.23752922928742,73.49649891924052,68.05039662830036,58.718302362628336,58.977297883492895,59.94867210252907,61.387092977540384,58.1262138810029,50.710584023712336,37.40969127866131,27.33379769409188,19.898156216771408,18.93646187183413,21.47275107486997,26.300263987669748,-0.1265278168386831,-0.9919630595773395
2024-07-09 21:00:00,-2.0,76.0,80.0,18.0,9.0,25.0,64.121281303613,37.43058628770982,7.125823074703503,5.744306298243675,62.573936029871454,62.91752023692753,66.11754390497167,63.34104599419158,64.51038432969509,68.87968091510244,74.82117302814807,81.18229847591577,85.52524350653147,84.08737608768558,82.38942019858129,82.34867200272024,83.91238515383296,89.33179896280346,93.43981575387576,94.09768259394662,93.56669183448624,90.71656688606544,90.96794200149934,92.29593748411712,92.80482758290914,-0.1435724234118113,-0.9896398128792412
2024-07-10 21:00:00,-4.0,77.0,82.0,27.0,5.0,30.0,57.80165089822067,37.47762922811482,7.419370155257118,4.599740347843455,54.81744405167171,55.07116479860258,60.52295152635022,67.45530688585396,74.7012669558586,80.96476752645475,86.14605915189122,89.272498502648,89.20265652867542,87.61472453330752,84.63119932834957,79.11753146797639,68.66950474590703,70.16775893340527,72.51898762037634,76.16892039844956,81.38936810668169,88.40621114363888,92.18718410351684,93.58937315557188,94.82843510784892,-0.1605745445949937,-0.9870237158387384
2024-07-11 21:00:00,1.0,70.0,77.0,21.0,8.0,8.0,75.76630560203299,45.06511736058548,4.352722288230793,5.203996678654236,90.92517544917176,91.69652227281864,95.48266774126289,95.3938459827482,96.10212339723388,97.97755533134207,98.4236749866275,99.10788681911016,99.5687484788789,98.57569717874746,96.8124070203384,94.488304265028,91.5287806706272,92.45419025617632,94.31237639114369,98.54697600852636,99.67730619648232,100.0,100.0,100.0,100.0,-0.1775291491870349,-0.984115542601034
2024-07-12 21:00:00,0.0,73.0,73.5,20.0,5.0,22.0,76.03184026638034,37.003100657182266,5.510762211255754,4.747274693921302,80.38785035336876,82.60981188415006,87.86591304395584,86.4982289956951,86.57498532797631,86.8786316472812,89.06629372738017,91.92109956198908,93.0706479727586,91.88909206021994,86.55290767918527,82.20430077855771,76.62814510663841,64.0983839437739,50.53535484262893,35.61109556855983,23.42147510321305,11.95236154805614,7.473286636097741,5.497137284136174,6.316889278162748,-0.1944312200476619,-0.9809161537413774
2024-07-13 21:00:00,-1.0,80.0,41.0,21.0,7.0,26.0,54.25092267518391,29.227884018453583,7.79017883365666,6.033781731014586,47.46555462204887,47.80303346464409,51.11599545511423,54.07868433139693,54.89140745526719,53.731252101264346,52.28692312678316,51.51768709317356,51.78251805209492,52.33332262171658,52.24164705641407,51.83743720847184,50.910006133234,54.07004492972646,59.16867671452807,69.21427796705096,79.31140012186582,90.04670698240295,83.44559816391556,61.90307385935336,47.91949668366728,-0.2112757555821793,-0.9774264960104057
2024-07-14 21:00:00,0.0,82.0,18.0,43.0,8.0,27.0,52.64997346684464,36.72157772743255,7.82162257899797,5.009133737624167,55.836791321230905,56.11785106150224,60.92096735854532,67.54176309335664,70.50560394739898,68.63608913618322,71.3739503313829,76.7737043702651,80.60422902604856,79.781940625295,76.29129324498327,74.92540795009722,76.54462413113198,77.75860410509021,75.1664251452743,64.08157341817866,53.91217409131816,44.6192541063317,36.33129075572368,27.824983302324625,22.73556951557115,-0.2280577712215198,-0.9736476020539838
2024-07-15 21:00:00,0.0,80.0,46.0,31.0,9.0,23.0,58.20002676000418,38.2238595033536,7.5753523968065455,4.677769003822287,61.76464039922184,61.9968715641966,66.88284360415952,70.61200215533658,73.72299694620446,78.0989233751442,83.30783083820475,86.32480332741203,84.70179803254027,77.27958513670522,76.01592727992943,77.7695057017269,82.25648157951595,78.43321393715061,70.65393164170506,53.037554997153,38.985977068865566,30.729104997480555,25.683333394160883,23.13962979658199,19.3240770436455,-0.2447723008972595,-0.9695805901076308
2024-07-16 21:00:00,0.0,78.0,70.5,30.0,6.0,22.0,68.98371246394646,42.62042295680027,6.686682947319191,5.460138728515409,70.88017085901767,70.8654135994677,76.32972974894385,83.91388281324775,91.81584118927948,95.47510536793388,95.01819174486972,94.50916899893042,90.52333965087996,79.14867652926935,74.4376094070833,72.67048338297137,69.64293358607276,63.13611030848061,55.58390880462163,51.676611348845945,47.7180209183041,44.359244933902566,41.43666019395293,39.12233385114877,46.84951605376108,-0.2614143985111562,-0.965226663665613
2024-07-17 21:00:00,-1.0,80.0,47.0,39.0,10.0,24.0,58.20002676000418,39.35367637467451,7.619479264169407,5.396118735596938,58.18656555531901,57.9768903639773,62.59612153908285,69.4455518860571,77.42969942841053,83.03100438686232,83.14732676247563,83.90421225891544,81.55601895951105,66.49499867401313,63.36812837330504,64.88251210550217,65.49463832971,65.00046329284723,62.7969236873809,58.45812983784688,53.32861817652075,47.72080086488064,49.42516922941432,59.07361949143235,70.06459091313855,-0.2779791393987801,-0.9605871111248128
2024-07-18 21:00:00,2.0,75.0,22.0,48.0,12.0,26.0,51.64776883847341,21.004148454291787,8.20817196803666,5.301680082038127,46.92548161755584,47.6241329328026,50.66332507505674,56.28925990248027,62.47275630661747,63.26507119498363,54.81365166054748,47.82446210125363,45.903280615579085,44.21661460011342,43.74229897983162,43.89901282239735,44.56877548914365,41.64478230340618,35.9502466617634,27.06290844183438,18.87864520681768,12.869324235263448,9.18585935929119,7.604667392361169,6.361309928240091,-0.2944616217868012,-0.9556633054034704
2024-07-19 21:00:00,0.0,76.0,6.5,52.0,8.0,27.0,43.164723830282384,24.39262038128836,7.846918572138494,4.930962362904288,49.378467961767335,50.31521344279183,55.69231375780229,61.984089739022686,69.29454719399402,74.25274357900885,76.55544029587936,78.52158447459158,77.61766432158115,70.56225819039467,67.57972201758743,61.99605124226647,54.25184632703382,42.35187535732501,35.06366398451619,36.30801385101203,37.65131439467241,38.9541440148587,37.8681905647263,35.18408445286932,33.255915306217084,-0.3108569682435036,-0.9504567035349152
2024-07-20 21:00:00,3.0,76.0,16.5,58.0,12.0,24.0,44.78108457497471,26.149539541456395,7.224735038431569,5.891964535244234,46.66505548351422,47.19970072870706,51.84835424369061,57.64983794620518,64.79983314267356,72.13839982878312,74.45776149981552,72.62774939227197,71.25941247248957,65.42273579839022,60.80766592575397,57.65156153945827,55.82491648443635,55.754637331745336,54.81352467181946,52.19408620237667,48.54537453639957,44.18662338443994,41.22224759874016,39.31149675503711,38.059549907307535,-0.3271603271220951,-0.9449688462364056
2024-07-21 21:00:00,-2.0,67.0,26.5,56.0,12.0,29.0,46.80934122332366,20.05349680389073,7.556998938323256,5.4517387467772895,51.29009988047471,51.95662430792807,57.4571849278064,64.06078081479679,71.73207698089587,79.67044940923914,85.90375195891187,89.98091003245663,91.73853464526044,88.96175396668593,90.45035932249068,84.27636584885516,72.2026946731144,55.33334059609184,42.45348786539742,36.906281302066255,32.973834759541184,30.38506380954562,29.50519526246999,29.47431128513524,31.62608573864806,-0.343366873996388,-0.939201357453208
2024-07-22 21:00:00,-2.0,68.0,56.5,28.0,10.0,31.0,52.54132558106587,27.92316636354081,7.031267824205065,5.084000395442713,61.77825183167485,63.42062548574855,70.52264730482328,77.67433335559926,83.00634290288697,88.0352551160492,93.28737018112804,97.12402861414458,97.11199916392177,93.81524012395954,92.21419532963571,91.93991254082088,91.87085785723342,84.49624070306683,77.95316158086226,71.59271946010422,65.39419361218356,58.904400506807264,52.40565745460156,44.53562792652632,38.23543174104572,-0.3594718130884232,-0.9331559438780432
2024-07-23 21:00:00,2.0,71.0,50.5,47.0,3.0,36.0,54.95084226417701,27.96282352383097,7.67197371816621,4.7344243429986905,51.43140366237111,53.08961518545424,58.84209383792876,65.85441824128871,71.94797799596545,80.02682085264608,88.95105755957793,94.816790080376,97.79310115657424,97.50316265675274,90.3279894824206,86.44547338879812,83.43057525853085,76.73011263270291,71.1188086402959,66.72750102741375,61.17618397599066,52.88223352693732,47.356231968438514,41.62749070351264,39.93918352695548,-0.3754703786876202,-0.9268343944460494
2024-07-24 21:00:00,1.0,75.0,37.5,45.0,6.0,15.0,51.64776883847341,29.65521477249378,7.52693900189621,5.538474720523682,53.0019979833124,55.23784407597682,61.50496362689945,68.3246063486964,76.07290630759283,79.90056752935625,80.97833044423007,82.39029816049815,80.40467177476957,74.59819889655596,72.90473234854959,70.57554568553903,67.52252241146388,62.8940605562477,62.05580216922782,66.0343419089842,68.98780821981106,71.45930678236134,72.20207966852492,71.55426617918364,65.19676774241738,-0.3913578365610259,-0.9202385798054076
2024-07-25 21:00:00,-1.0,68.0,81.5,14.0,10.0,19.0,81.13817843415875,30.458167646444974,6.150129068271528,6.422746851040734,84.73464739270223,85.07964939281231,92.3650620232838,97.98317685832792,96.39080594939448,95.19870259459564,96.79857246480556,94.5197857128064,85.88112482410637,66.1392324615567,61.87374313355535,58.62236457406642,51.51304874058676,41.93771181794556,30.888555968411907,19.29969547389631,10.680217803620568,7.626936939301402,6.578676014266898,7.752155905817128,10.359157102239752,-0.4071294853542516,-0.9133704517637858
2024-07-26 21:00:00,0.0,72.0,31.0,40.0,9.0,33.0,53.11966776632261,26.12422811370073,7.391922290550658,4.212682656631947,65.10178770320913,65.70889198187876,69.4938280241706,74.78105909316517,80.39160322880498,85.49846872563236,88.96936646875503,88.84121611173148,83.85794925150826,76.40686908011777,85.56577409743491,93.17578207564368,98.91296234034456,70.01581844643324,42.88536168063169,18.9557424401006,6.494915517444667,2.105980425241476,4.833460501553287,13.07855691252553,13.006222391123906,-0.4227806579826773,-0.9062320427107696
2024-07-27 21:00:00,-2.0,79.0,10.5,51.0,7.0,25.0,39.089661138968665,20.3640152664982,6.116739020765769,6.2558101435899145,43.41472106737033,44.16425573294752,48.97732980796105,54.39909206083908,57.59251292279821,49.307361413235085,39.13599205738769,27.711205650183462,19.077387690074843,17.429868896013662,17.99658277963353,21.132676202437025,26.29369282258568,34.474993984173445,42.64841379243528,49.15015405623445,53.657754214577736,55.47074449819721,56.112854522447,55.48809836356165,55.11152955406845,-0.4383067230125192,-0.898825465016444
2024-07-28 21:00:00,2.0,85.0,13.5,39.0,7.0,24.0,44.53841815781052,33.720914649656244,6.043165455114625,6.394660407259471,50.10412313635785,51.17923681479143,56.65612466630255,62.63683034695634,67.6155101075586,61.33192322091351,46.6362166948844,43.20215326656752,45.81563956151814,45.90006392798532,46.78604209149456,49.13715536990429,52.35686111492518,56.1666892727314,59.25773683479682,60.42633627368302,56.692394423680206,48.95281368908218,37.92063077339719,24.083967418238664,18.642966365218697,-0.4537030860313442,-0.8911529104063088
2024-07-29 21:00:00,-4.0,80.0,36.5,36.0,10.0,16.0,56.19500657655519,40.72801181682534,5.831591256025047,6.156183411653645,61.71931333575703,62.843566235309325,69.55471521148992,77.56105964700534,84.09553982354076,88.52627376936708,86.43113574079815,72.69754259379899,60.32862079748893,60.56019647928822,56.264728418088,51.87464745313206,47.25102558666418,47.00741363284094,47.59211914519034,49.87385306170662,55.4077850382632,64.9532727748028,75.19470210598472,87.61258323366106,85.64787893520219,-0.4689651910076318,-0.8832166493127127
2024-07-30 21:00:00,0.0,73.0,68.0,22.0,10.0,20.0,73.42344683897738,37.16340194508412,7.617586392223742,5.419496960365571,61.07742193367422,61.69670868400002,68.21341651545434,76.23055160753283,83.44699684918697,87.19838261006875,90.5531511812812,94.49742416756588,97.4782943566632,94.62404633023996,89.82423819362042,85.71595388188128,81.71145238979818,80.67324930117337,75.70217168415004,64.88749456880846,58.10449835673186,54.29160869085353,50.91683768374418,46.04951218170258,39.527189226183005,-0.4840885216389758,-0.8750190302029955
2024-07-31 21:00:00,0.0,79.0,76.5,36.0,10.0,19.0,64.4789184655231,34.45453560041643,6.571434083615739,5.816331280109047,54.20669911214484,54.27321518913399,59.50427066396774,65.74534639318237,70.01804332244757,71.79686806619115,73.32470168947187,67.71929995624207,52.73036091015345,29.82097698256104,24.49929004940225,25.326494324737585,31.21265518771972,43.84274089675819,58.732162192316025,73.54292740953791,82.69541830588125,83.65190560684115,86.49173398420533,89.7448479228759,90.92850772879952,-0.4990686026885319,-0.8665624788845385
2024-08-01 21:00:00,1.0,79.0,58.5,35.0,7.0,32.0,62.2760878775776,35.10025245564445,6.833675335125304,5.521829828187702,59.33667610862964,59.54346743519279,65.66393393399485,72.87264810166137,76.37259503640591,73.58469163598062,72.84984809369574,75.08764733666466,81.78642329761695,90.20902588488504,82.03539803124703,69.66380800242537,57.6969456464328,49.33370892886255,41.71527289281456,36.60683785795557,32.49137465212964,29.452031398173567,27.08931577537253,25.5062948343588,25.7827058563253,-0.5139010013093103,-0.8578494977869301
2024-08-02 21:00:00,0.0,81.0,57.5,15.0,6.0,25.0,58.331755493830606,40.18200852211101,8.161619847499301,5.086189537600112,48.45421078877952,48.427158099222986,53.40063557861319,59.30834421717476,66.25746533268826,73.7946040113591,78.97225666699187,80.51420691240895,83.26586695692752,86.17516117703848,84.06375795324406,82.17993664522602,81.4582233140446,83.32092061366254,83.59669241978938,78.39278388315272,70.48498539881582,60.97283772922481,54.49600848259514,48.80444149050059,45.61942618623973,-0.5285813283559292,-0.8488826652214553
2024-08-03 21:00:00,0.0,81.0,64.5,16.0,6.0,21.0,62.52216174202056,38.70043226501819,8.166254632301372,5.513985043280729,48.48426756145056,48.64747773538209,52.567555845578575,58.12808816076418,64.2475986184557,70.99157836767402,74.2027273308653,71.55371701241545,74.12529830086774,72.55758754115764,70.38255443316159,68.41321022320693,69.94988635487273,71.92973443333867,72.77813702418324,68.57055941214983,61.06524665902404,51.72003442713604,44.1237707250451,36.91425986660404,33.076112719715,-0.5431052396834317,-0.8396646346181327
2024-08-04 21:00:00,-3.0,79.0,43.0,44.0,4.0,32.0,52.22353196842017,32.20473723329477,8.00600119516297,5.6505403536650265,47.53564101180596,47.39598589031087,52.63356385597323,58.3353878969622,64.20152233176137,68.61339491458406,71.13370214987654,73.14446391591731,77.3489994120497,79.67618293650818,71.73061414574956,65.35635266715222,63.62018991154832,62.86915109744775,60.605494034412345,58.27951266746756,54.66244744219508,50.243050277327306,46.44218652799134,42.51201615742384,37.67209199522631,-0.5574684374327892,-0.8301981337405212
2024-08-05 21:00:00,2.0,70.0,55.5,48.0,8.0,30.0,45.53305267993813,22.431328969970902,7.617490186109009,4.92410788365097,43.19695251746883,43.78740814455471,48.7961581933065,54.35311566413844,60.435204901035874,64.62002493144723,68.24749264485803,73.29106684361021,77.71597575485693,78.05051209938108,74.54585550634701,69.77421331561108,66.29858487106738,70.34047196587137,72.7487646918587,72.08424995671268,66.67113761267201,57.08534977143987,49.98083612662022,42.87354570401301,41.8752897816587,-0.5716666713027052,-0.8204859638785327
2024-08-06 21:00:00,0.0,68.0,41.5,42.0,8.0,30.0,43.54099847976219,20.102737822326915,8.423314742845529,4.742970329621055,48.54564022553112,49.44866579257731,55.24804680029083,61.75853807948726,69.14222923946446,76.29034680934322,81.01129513747935,84.50082225887175,88.79396265447451,92.237221579853,96.85995590056925,99.31756367235224,100.0,77.07504410353339,51.082034189422174,30.457921888357337,20.296518602783568,17.053553588834337,17.052831738381187,19.00656951324613,16.594820533361844,-0.5856957398073508,-0.8105309990194823
2024-08-07 21:00:00,1.0,67.0,9.5,51.0,10.0,31.0,40.18190030888218,14.47198305845346,6.410202120484038,5.928134142968772,43.07137179035546,44.21162130994765,49.50365293169148,55.32717099340855,59.69259241382288,61.63763345702884,62.81563673646203,58.82153421833283,53.183862786527015,49.14038175561274,46.34557544761864,44.19948171259116,42.03133685899888,40.35554425405263,37.79743961708354,32.82263429471935,28.16586333353169,23.53669283162135,22.57341502452167,23.611381740591288,27.668299455751445,-0.5995514915196489,-0.8003361849976323
2024-08-08 21:00:00,0.0,74.0,54.5,56.0,5.0,23.0,41.28775436548421,20.58620443424591,7.857818074577567,5.082056153035212,35.55965609631876,37.23722154493343,41.18086617611191,46.22099320659871,51.3649255912919,57.17568872977146,64.42138066355488,71.43710216645938,75.29304268112168,73.45546588690796,57.98147362696425,47.69025510217804,41.63676330223723,42.96201766613482,46.6599753448679,53.742762857622736,56.93724464915475,57.8519793543359,53.122636915349,45.06577447852882,44.58784678139659,-0.6132298262997502,-0.7899045386224707
2024-08-09 21:00:00,1.0,61.0,92.0,13.0,10.0,14.0,89.85328050349538,41.314524952532096,4.056136424453837,5.13200879445666,91.53770193494393,94.1233757184708,98.94531812488512,99.31647780054344,98.26507041667824,97.31485378701088,95.99788936868518,93.9707919011984,92.1703700064052,89.87743481787763,92.28925307873634,94.44973768255277,96.23099206229104,91.2285948090433,89.7098860273566,94.6475375023255,94.3139021208393,89.75381521172412,90.6489793603002,93.7748813911178,92.6593088882995,-0.6267266965083301,-0.7792391467859886
2024-08-10 21:00:00,1.0,76.0,43.0,35.0,10.0,26.0,59.7524116708861,29.621666132849487,6.314051716547918,5.716636090040229,64.83915958415008,65.51748104828789,69.755796196547,76.87643829077547,82.33821144253156,81.40815123860575,77.606350012047,77.50494977588815,73.59410198510955,59.09091137923846,45.35632572365026,33.36674177363561,24.38205638749874,22.45324268722053,22.572141827601705,25.82930408046205,29.703272965660187,33.77370981915649,34.343541743461124,30.47291486245941,23.363837401297285,-0.6400381082043503,-0.7683431655492202
2024-08-11 21:00:00,-2.0,73.0,27.0,44.0,9.0,25.0,47.7239173666059,23.689537309323807,8.041844915958425,5.052391645327666,52.55435997011384,52.864797750684566,57.84498964764308,64.46821787560482,71.29540592568493,72.68242913355154,71.30185659995674,72.74424908883316,74.08639963701268,75.22136675097158,78.91324043690877,80.41456004604619,77.08019851225914,59.68907064789125,42.11436801365582,29.29118233633355,20.324411081745737,15.242070499274051,12.902692823489796,12.344493154564562,19.90798515863087,-0.65316012232693,-0.7572198192083127
2024-08-12 21:00:00,0.0,68.0,62.0,28.0,7.0,28.0,63.14391642044514,26.311158434411126,7.532865305079091,5.627758005713299,63.49893947280538,63.45024112437432,69.71930601793956,77.5808078524649,86.10909932538773,91.67440490496236,92.1845203097394,90.01898150297222,84.9897892289188,81.00128404114186,80.31609128827742,80.93206491538842,80.52267523924772,79.67713819898253,74.64029597493074,59.56949074048679,49.23223834939639,43.92177139250869,38.91198104329837,33.366541890130264,31.268467630739377,-0.666088855860977,-0.7458723993404063
2024-08-13 21:00:00,-2.0,75.0,19.5,49.0,10.0,32.0,48.024842970657794,24.027389551297308,7.965690152845974,6.046356304503793,51.58241933988214,51.80881504951246,57.08769926582376,63.28985971187336,70.4323388547725,76.86875220011177,78.13354259141583,74.57859702829194,69.58516211871584,64.96429044951246,61.96438202208794,58.8851565796594,55.9800201941784,48.00555442690879,39.0675206782265,31.42627034288088,26.360949359108123,24.809962602994226,24.03223701454638,23.48323753384157,21.79660472157057,-0.6788204829862355,-0.734304263829602
2024-08-14 21:00:00,1.0,73.0,57.5,32.0,2.0,1.0,57.26296650219611,26.45963501278694,8.018562484735222,6.215042968164198,58.8796606044591,60.11226525158191,66.8054590318932,74.28586091332419,80.49132717089172,83.88075381335163,86.31953512420273,88.17659591851813,87.25071750426874,78.53190935226905,69.6833295801609,65.23899215267042,63.59494060012271,62.502004478873374,54.10470854586968,34.25611564360827,23.47841611142158,19.540222603515904,21.092377716182213,26.563887547479265,28.03100605873628,-0.6913512362094071,-0.722518835873311
2024-08-15 21:00:00,-1.0,73.0,59.5,26.0,3.0,15.0,59.36035569550202,28.76197084223496,7.980229989294601,5.976005625559626,52.29383874283011,53.24917994547362,58.98542132995881,65.29435578399367,71.57615584456869,67.21501566656906,60.7594369286794,57.392128869587765,56.79419524920873,60.05299894976815,69.36051482856935,79.92936255704907,91.63565517761076,94.43306958949232,94.6310861361604,91.31412220947809,90.53457152734688,91.58216689843984,93.67848795065068,95.52016379294878,92.05527847316075,-0.7036774074790128,-0.7105196029692745
2024-08-16 21:00:00,0.0,75.0,28.0,45.0,6.0,19.0,57.53338909646882,32.018292376285935,6.751335773833441,5.845838653108042,57.92463719371427,59.41713605697296,65.95683415993999,73.33174322234541,76.70740762534834,80.48953297831719,81.79292032956,81.27152489318107,82.97923666525287,84.33332816960801,77.23333176446657,71.08967003587145,66.19999757718088,67.597278977747,69.6216565645018,73.11173719649813,74.22544845099343,74.31988055893206,71.02812881689604,65.88174887225709,63.752310476212735,-0.7157953492826642,-0.6983101158835584
2024-08-17 21:00:00,-2.0,79.0,66.0,36.0,8.0,19.0,56.05889507838373,30.685830546627628,6.931886882408877,6.196479243217906,55.04068167625683,55.69819531189412,61.6695288845868,68.84890161095743,75.85176995959915,79.38544894433626,81.86708758953795,78.22546116518554,67.83607435218934,59.10738445833933,53.696441298366096,47.411349549965,40.17945845955272,37.55435176392765,36.19411656509326,38.62956846376572,39.43896869365545,37.96049699453215,33.59944963612544,25.87324336378289,21.26046760396137,-0.7277014757264236,-0.6858939875998223
2024-08-18 21:00:00,0.0,71.0,85.0,30.0,11.0,18.0,65.83068248854447,31.685708442710016,5.577492892618908,5.823470820656175,65.39320631278194,65.60723116418656,72.78573878567221,80.71120710999962,83.42413427970563,76.7151916809532,61.84713022765318,47.09340016179566,37.66510074235271,35.982765667707824,44.515803563802216,56.42069160386269,72.17098886676861,76.80960668744709,81.82130136904824,84.99164810503757,85.81693901253156,84.11215252935317,77.52148171318395,66.75172771701298,69.7990795585743,-0.7393922635959241,-0.673274892250183
2024-08-19 21:00:00,-1.0,67.0,89.0,14.0,7.0,32.0,83.98355840648121,42.17770810106671,5.123410322454086,5.427154773940977,87.49570699212691,87.38635040995092,92.34300355975378,93.01339291818525,97.64152117135144,99.65276251349668,98.14838521470546,97.1910136857383,97.43280294902652,100.0,100.0,99.3698191654809,89.04518181050128,84.79361965078111,83.7136082514979,85.60132143135952,87.01243271514781,87.41514502096234,84.18472050749466,77.46052776072297,69.3935835959257,-0.7508642533989489,-0.6604565640279754
2024-08-20 21:00:00,-3.0,55.0,89.0,13.0,12.0,36.0,86.35261964881244,31.513851011857987,4.236647797716436,5.479040236556857,89.93967133405818,89.68982875124458,96.75665873544574,99.62717657131236,100.0,99.92605281685744,100.0,100.0,100.0,98.98179845440715,97.73218851748764,96.51286955479252,96.11816838339338,93.35527002339786,87.9271086702103,76.75273363515018,66.20107128912306,56.12950779719456,52.515039737787625,53.97052059275412,59.85211665397095,-0.7621140503891487,-0.6474427960827475
2024-08-21 21:00:00,-2.0,58.0,87.0,13.0,8.0,5.0,83.40752447232931,24.37612188669336,4.845205673171109,5.208383687119797,89.11021767594774,91.09261646087596,97.95261406722922,99.337566616374,100.0,100.0,99.9593260916453,99.39471697374272,97.547713882408,94.55938505509933,96.40067347231988,83.22378016516609,57.31100025619871,30.445150495710312,13.078608820215448,11.779813376942386,12.270267113120765,14.320266645453698,17.077181032482148,20.705550871128462,25.19547938223589,-0.7731383255706026,-0.6342374393978054
2024-08-22 21:00:00,-3.0,63.0,50.5,29.0,3.0,11.0,69.83810002631913,23.125460680274365,7.482020481391678,5.947058429233755,69.24348585068765,70.62366796832646,77.06069944593474,81.5780542681958,84.91067791657164,88.02080300064144,88.74544911846495,84.58329548254291,80.06724990543255,79.92570698440699,83.62855601719319,89.00938868963773,94.96489987565234,98.29830060149114,93.98411747630652,77.60556195636713,60.25862924253458,40.27412976137915,31.05705468867033,25.23193668928638,28.19564176674684,-0.7839338166829201,-0.620844401650647
2024-08-23 21:00:00,-2.0,68.0,30.0,43.0,9.0,29.0,56.5773530853524,22.621648788423524,7.124452252032337,5.700179519050673,62.48652991200586,64.69197057028194,71.4059875515415,79.1885897200465,79.86028540780217,76.08987832735411,78.1911268912305,80.76251553677135,81.17902317819986,80.12641742753229,78.89490123359408,76.0087953860148,71.3383012856691,63.62663032109358,54.03129563957039,42.70823961550238,34.2180430475557,26.03741300339422,23.75788212957632,23.166549007396288,25.329325376411543,-0.7944973291665992,-0.6072676460566135
2024-08-24 21:00:00,-1.0,76.0,27.5,36.0,7.0,27.0,55.64738458327223,29.65629418551535,7.782220252876041,4.999841056514504,57.612695526874965,58.98713062737496,65.43145359490748,72.55139518995726,79.94611694782132,86.03163416475998,86.4587986750777,90.06163315401156,86.42419385669623,71.54970438429228,67.20392693177475,63.32770190479772,59.358310525149705,55.23990425684801,50.84582553165009,45.92495333401537,40.35961799171695,33.61218990201946,27.01235992487744,18.86985190241579,18.02024654429554,-0.8048257371083452,-0.593511190196115
2024-08-25 21:00:00,1.0,73.0,56.0,24.0,4.0,26.0,63.75884189409329,32.388063802613466,7.750559488129088,5.94754596853188,54.98322871182396,57.37647414842149,63.42868639147772,70.58016598040636,78.94254667559302,87.20897944471213,87.67155204338319,86.43982619924455,85.64786071729934,86.4565080277468,89.01944669101319,89.44083110619898,86.9861969197815,84.70037481487925,82.31311137182489,79.5939985599499,74.17394589328511,65.11815083454562,54.98947587258152,40.616825517149096,35.9724784405341,-0.8149159841660791,-0.5795791048257612
2024-08-26 21:00:00,2.0,74.0,26.5,35.0,2.0,24.0,61.6515616294066,31.435797153449204,7.76997232017989,5.353326001845301,58.45923844865618,60.17453301564245,66.75500341890425,74.45675205794369,82.97530898643497,89.08878360453396,91.97849851792871,89.39577535009992,82.0210874848166,73.49144007438807,72.28785606119997,76.53277816057945,83.62534908396368,81.7757568675623,75.61642119404127,64.66130163623686,59.18000550447552,56.510691821980295,48.43572403205292,34.77648658538242,31.435944170823504,-0.8247650844733614,-0.5654755126737576
2024-08-27 21:00:00,0.0,78.0,46.0,30.0,10.0,24.0,55.92225541850748,33.44036996267724,6.940029962962466,5.226430355480457,56.26314192596746,56.758944699631286,62.470059876833325,69.42886745117866,74.9063493888012,74.30668953538577,71.09849545242514,69.33499080401249,69.3984412253374,70.43969782954484,67.5231631624274,63.7011344849603,59.62373526081678,60.43409810380987,62.82386589304851,66.79391060492964,67.11094277644938,62.01799697242477,54.59453657697978,45.02269000697687,49.17395424012567,-0.8343701235229537,-0.5512045872199277
2024-08-28 21:00:00,0.0,60.0,34.5,41.0,14.0,33.0,57.60383842232024,13.887789560548512,3.636517124135257,5.525507890744994,61.674165610986734,62.70330678265369,69.53526818614426,77.43803091214595,83.55235891229093,84.52408158036768,77.14762923160511,64.01406654356033,51.56653174748877,40.53504625236111,30.446449401629984,21.608378960534377,13.267454272440276,8.89976630764008,5.262255292881641,3.486712342367152,2.3528300386964163,1.7244006701991392,1.63213216651312,1.83103442776222,2.3507193940080526,-0.8437282590292712,-0.5367705514607103
2024-08-29 21:00:00,0.0,66.0,4.5,35.0,7.0,35.0,43.226431411633484,13.28568326887105,5.17383431217844,6.539423852683599,44.37113757320401,46.889539164900754,52.06202103968014,57.98028874532872,60.323001680428845,49.961329137491454,30.15205018158833,18.10407636254498,16.078653915894677,19.595137839689755,25.90099250548044,30.648689570623,34.1685996457403,33.753580095797695,32.84065643852167,30.860180391425825,29.99990743023651,29.437511632625714,28.856632680039745,27.76336208480605,25.712907458463764,-0.8528367217694595,-0.522177676659508
2024-08-30 21:00:00,0.0,71.0,5.0,29.0,9.0,18.0,45.6871515865796,14.55503750472084,5.313292635307452,5.987599086230067,48.29861935822479,50.66308270735067,55.92845360790902,62.46480438151833,67.05139221509164,50.65344503346621,25.97899748390981,16.420981198442604,15.07943429421464,17.48092971175089,20.35197073557396,20.11213627383089,18.741349963753954,16.621084218704905,15.05220886081228,14.116568199293273,14.021726959589197,14.311845977101692,14.72554330139273,15.342456005644395,12.770886624050515,-0.8616928164028521,-0.5074302810827518
2024-09-04 21:00:00,0.0,74.0,12.0,40.0,8.0,24.0,51.50253858578976,25.24809341752617,7.121479516789631,5.482119354903456,54.0114148112537,57.92484994527328,64.31181854890694,71.82196956450727,79.04463933934163,78.86184837889225,72.99935432843814,71.62615892486318,73.72187566683837,76.6792643181613,78.4916591363148,75.07940177216284,69.0053054598201,60.64983696005548,51.59300934007237,41.50784972144434,34.37812378324889,26.87650176338192,23.986266005239816,21.421958099933462,21.115759851687667,-0.9020987014301836,-0.4315297589714714
2024-09-06 21:00:00,1.0,70.0,8.0,35.0,10.0,17.0,50.916423485910975,16.21047335177932,6.199258284330925,5.490457739689632,50.69304244732553,52.69599627469228,58.85096341642143,65.85972434828454,73.32421326289193,71.53538998986511,58.14107057990123,35.93222456910907,23.36583897898451,23.35039454015953,26.756082971391603,27.561119701702285,26.3120164579014,21.209008691474605,15.726055530836003,10.276506032738434,7.1005719632166535,4.950216678002686,4.447781513102686,4.5326219616994745,5.15206106444897,-0.9164086366943458,-0.4002439388573056
2024-09-07 21:00:00,-1.0,61.0,91.5,19.0,10.0,7.0,83.60281986999829,36.14032108421377,4.258190162201969,5.14505294664419,82.50483711577891,82.57189157686585,91.1784231904765,98.21446141586156,99.5274591755154,100.0,100.0,100.0,100.0,97.28826596758265,94.48807832581272,94.0179389259974,95.62920800883964,98.2567340389619,98.6400000905623,93.69140442843282,84.94425999821357,70.51011957615428,63.06247661245416,59.89117288619279,49.48758181594093,-0.923157872964704,-0.3844210472688554
2024-09-08 21:00:00,0.0,56.0,51.5,46.0,12.0,24.0,54.87491930550421,14.676486069965083,6.998598461228416,3.617151165021348,50.49393423354718,50.62834172611201,55.184981821211,61.87884443747592,68.81836655984318,74.05282333217158,78.08488796985185,82.81482768655617,87.8731519148197,90.86906559764807,87.34059600249395,76.66077205698528,58.3073381115205,45.26843342542238,34.823973370111545,31.238226584655354,28.75088526838504,27.678556889077687,26.433070684246665,24.882788360002888,22.86160367169461,-0.9296339319682696,-0.3684843993077793
2024-09-09 21:00:00,-2.0,60.0,71.0,39.0,10.0,26.0,57.60383842232024,19.53383671874651,6.161711400359173,4.977871392356478,62.52766366899634,62.60004486435488,69.36835377831643,77.55194333636646,85.42139305832573,90.80110267055711,95.6584548283143,95.86677861722386,89.5673994328601,79.66223593191873,72.07681356806694,65.85130363875258,60.66544768637221,56.73875074240108,53.17026031562537,50.97852271848113,49.240781738133855,47.91167107944948,45.4751916082215,42.09522088788805,38.29456485887008,-0.935834897334994,-0.3524387108846032
2024-09-10 21:00:00,0.0,57.0,79.5,29.0,8.0,30.0,66.61670186495616,18.219148817900287,6.906207956945421,5.187850163420197,68.01521288838728,69.13652899662685,77.14106471928157,86.30164412503844,94.06747177431694,96.29139275691192,89.26641328606183,85.40723758006393,88.71325411615541,93.50733508001112,95.9327294584461,86.26965284766877,67.56630423958259,55.83197665931506,44.622974679426775,35.444083730648025,33.67170932555353,38.68591115706051,48.73853393092457,63.39828070550488,65.52912383109789,-0.9417589340994617,-0.3362887301766828
2024-09-11 21:00:00,0.0,65.0,12.0,34.0,5.0,30.0,48.30547325428378,19.5678371554929,6.348746818181,4.637040862542321,54.55160124121683,56.51004602208809,63.15360881779626,70.62095244232694,77.20645961450353,85.38039957271988,92.05829250351256,95.9401202770008,96.4686713090783,92.35010459994524,78.84301619330154,60.67520905759498,39.94416506447177,26.755405444217445,18.424151437870258,17.332674741312363,20.082567869024352,25.787418625430742,28.895698644924217,30.924181605331068,25.94269483897096,-0.9474042892438844,-0.3200392362231385
2024-09-12 21:00:00,-1.0,72.0,50.0,20.0,4.0,26.0,61.397964442270506,27.111921483898502,7.201415224794012,6.177732470998392,50.904813768255984,53.24159605617879,59.12476455782778,65.48150721671034,72.78024298092444,78.31499833153882,84.0270876719396,87.75108172425809,90.39116436863392,91.65687857699191,87.4108868629106,78.45793124505494,68.03689959468848,61.206994190586286,55.88180889745682,52.34149327420844,49.41703528509892,45.97237716098137,39.32018543258287,29.669042201601904,23.538454176152023,-0.9527692922168512,-0.3036950375106588
2024-09-13 21:00:00,1.0,73.0,21.5,33.0,8.0,33.0,61.52503590574808,27.597136144989715,7.29610887535868,5.76388302099012,63.19181529724751,66.278456003123,73.72599857203859,81.92058178997583,88.64808598991843,90.4330553516921,90.17347922836235,86.18888622676975,81.51378292796497,77.59116758970922,76.74240192079672,75.3510449981329,72.22800362896587,66.10266683670869,49.46884795936148,18.19257659773031,4.580807009840431,0.4588116843978896,2.3784821767061417,6.668179813283687,9.678135471105684,-0.9578523554276668,-0.2872609705505963
2024-09-14 21:00:00,1.0,69.0,13.0,29.0,3.0,32.0,42.0719327149221,13.550095216831792,5.50279917210461,6.128498105545329,34.29744194841786,36.62225896612155,40.87608446022379,45.62842927913165,41.20109025529267,26.849730402835263,12.791532274795593,7.6672290549628705,7.781616017785951,12.622876980389192,23.229685869427403,35.5255588373596,46.65269103723475,50.90745738121272,52.6223638776832,51.76747284163136,50.6501116238421,48.95310677629829,49.890311944572886,51.07231213373029,51.75630529679714,-0.9626519747161488,-0.2707418984477642
2024-09-15 21:00:00,-2.0,76.0,9.5,25.0,4.0,25.0,46.45053851874472,14.16778515722392,6.073708923593988,6.299017374060187,38.48641301272734,40.88042343147821,45.44983528323606,42.99079262769553,21.471136804869715,16.52322079630601,12.768067377530375,11.12991244724669,14.674486680012306,21.687428387920544,30.29085651971112,35.8996732158602,40.51426414925716,42.70075587635311,42.79756020026869,40.62574248831336,33.412683853024696,22.91272075747121,16.887847731900628,10.94325780508498,12.147572836326344,-0.9671667297977312,-0.2541427094613622
2024-09-16 21:00:00,3.0,79.0,5.0,22.0,10.0,25.0,50.39386827036606,23.77640674540608,6.910021978001828,5.690046939005228,53.59117820425167,55.5046937609662,61.337287223785495,66.72745702717879,62.239416957053216,55.441454205183135,46.69028307025699,40.23249255853148,36.32282965801682,34.084679476797135,33.18204348099231,32.913884883844105,32.82592526390326,32.2805240282132,31.86261123003281,31.62515670722626,31.39753767581108,31.19112178937123,29.290263324134063,26.066008425759367,22.343951327269075,-0.97139528468375,-0.2374683155584684
2024-09-17 21:00:00,0.0,79.0,6.5,23.0,8.0,27.0,50.39386827036606,27.232160476086047,7.443448870035347,5.572550784589059,42.37531866280392,43.58273370158502,48.03740247442624,53.35992189638845,58.85828850106123,63.05409213951635,65.97533114363598,70.38035578868084,73.96520619105124,74.81108322771158,69.46549928063142,61.0710019557563,50.85082016676184,43.546525251586566,36.83651070954414,32.401722054467605,27.99766909613303,23.306730630249408,18.6284839907876,13.200709070889438,11.3218252745862,-0.9753363880767836,-0.2207236509605022
2024-09-18 21:00:00,0.0,79.0,22.0,35.0,6.0,28.0,52.22353196842017,25.90137699392112,7.262239251099229,5.511077417894538,51.54928513876411,52.4494888292836,58.13673356535196,64.20780951866763,70.29517267050637,73.44880995575271,72.39770912764679,68.80857512989321,65.4447650441873,63.23892350071935,56.03155526186037,45.93786436968345,33.545614433498535,26.12076048522024,19.25698044050936,14.501335796033835,10.65868860070046,7.271454449004036,5.4480169115362935,4.122583858738228,5.662799637939083,-0.978988873740932,-0.2039136706831147
2024-09-19 21:00:00,0.0,70.0,68.5,19.0,8.0,5.0,68.10974812297766,29.26682123289968,6.379532971536471,5.602017845860214,64.35714531363257,65.96942892683252,73.62599146631167,79.6621844519676,82.8914185983795,86.20756679686602,87.36738471037775,83.77136978018447,77.76985936803437,72.33920142659241,69.31400518901978,60.86970444522093,49.00675785272613,48.05795897388264,48.9976400394506,54.11071840994522,54.39543260454348,49.4703437201781,42.823712297204295,32.88702154461324,31.50703649609888,-0.9823516608469236,-0.1870433490699165
2024-09-20 21:00:00,2.0,66.0,20.0,42.0,7.0,10.0,48.45795100926463,13.927194148531749,4.907304050161431,6.4332159723885205,46.453119694599,48.49379248040984,54.14975268666264,60.86772210389869,68.07156180594566,76.51746873305969,80.67251604335533,62.35649484035684,39.95695342513796,24.16907625162468,17.54958629305601,12.608917854102442,8.420166966546054,6.292635391500012,5.4050298924399085,6.275649752895797,7.60269145480002,9.401882278326426,10.53112489869115,11.42412294919453,11.998475795920529,-0.9854237542919524,-0.1701176783204905
2024-09-21 21:00:00,1.0,65.0,25.5,36.0,3.0,9.0,48.30547325428378,13.163883300029882,4.782247352966667,6.347079589397942,48.822915238546464,50.69879820106833,56.75344263388911,63.69029628452505,71.65425139371412,81.39796782152598,84.98662616103444,62.57664132011337,36.31317012531042,19.30453426761072,13.389843809656536,9.433974691667188,6.630524525312414,5.641899929554062,5.09226611152388,5.166214377276569,5.366085229126932,5.598373942917538,6.194642799799268,7.101990139938279,7.75931079645115,-0.9882042449941422,-0.15314166701312
2024-09-22 21:00:00,1.0,63.0,36.5,36.0,5.0,12.0,55.877891212486965,17.568654555489896,5.762400228901322,5.106847801120161,56.94170710001305,59.61843325880076,66.67211236865536,74.99336642615279,84.29822856875764,85.06712425928633,86.18454122183205,84.85648367518358,85.84267043479402,88.72653913018172,78.88094759118283,51.19839973639196,26.840704100826336,20.23800369197893,17.27969191643251,18.59595401050965,18.372281274550225,16.80656501232176,14.544365341878962,11.095937830963262,12.858160140616052,-0.9906923101615608,-0.136120338622667
2024-09-23 21:00:00,2.0,61.0,73.0,33.0,3.0,14.0,55.59417457887699,13.01271031033428,5.0231166286464735,6.137659880578652,44.64766501169743,46.41326159209416,51.84807336534332,58.10764379119241,65.33809026614456,74.40102881409662,76.82083522262869,65.22406179182626,45.23964352049385,26.354754373749227,19.61730957119181,17.609750021452733,17.235005587996493,16.158335375730868,15.007757927476009,13.458289816402132,13.64632688452281,14.954520851401146,17.590282966129926,21.32953498987755,25.119644162956,-0.9928872135356962,-0.1190587300340498
2024-09-24 21:00:00,-1.0,63.0,7.0,32.0,4.0,12.0,47.99897869343753,11.643902951170984,4.974881616980668,6.034065823947601,40.25448894607023,42.60817241740261,47.28185548106156,52.791144725863845,58.71396703285603,64.95608900740038,56.8050764736592,28.95517392278243,11.51212485486009,4.041137598736465,2.682459053425239,3.3840192440913666,5.752900028965953,12.11930937825399,20.52317190521468,31.809843745435,44.04459206988653,58.74928049038296,64.24660046798442,67.58522832302084,47.454392290408,-0.994788305609327,-0.1019618900517457
2024-09-25 21:00:00,0.0,58.0,93.0,19.0,6.0,14.0,66.73487075122688,22.64130017844794,5.351065930909395,4.307700909896093,60.7410977195212,64.00510173877714,70.97971516630412,79.30333681208978,86.60558799443969,82.7721014023671,61.631455583310654,39.61275384364444,30.69130654562108,33.947632300897936,52.30704463521033,75.78474861923881,95.73671685715148,97.55733110088846,97.57717295533786,97.81644037347152,97.06645702270852,94.2678001132068,88.76440540733763,79.94414137273813,71.46388395469694,-0.9963950238187232,-0.0848348779057653
2024-09-26 21:00:00,0.0,54.0,94.0,13.0,11.0,15.0,92.92620754625617,29.56395553969029,4.560346894692144,4.839771108212631,96.41337226407202,97.94857114416962,99.35829847130957,99.63572599953652,99.32151608991578,99.80040947242254,99.61866182838384,98.3066910260471,98.4433389810718,100.0,100.0,99.620208444985,99.12832354727053,99.12137536332042,99.71277128567743,99.27574376904175,99.82628326966116,99.45582981292036,98.33441569430754,95.83671889385018,93.03490962537072,-0.9977068927101168,-0.0676827617545516
2024-09-27 21:00:00,-2.0,60.0,71.0,14.0,6.0,1.0,80.54849897554632,22.876484704009147,5.724949238687234,5.2430411908115575,82.4154370958308,83.17277018590613,81.93928515322274,84.28273244875386,83.91178243311325,83.75295182796519,86.10967956345226,93.30410319249329,99.81710466843312,99.91802147593108,96.5068804721096,79.48035667864363,55.29948950334037,45.80077549588466,38.048341827139375,35.225742326989426,33.326752186608125,32.51174737665499,38.81957243170675,50.44047255159199,53.17812784757482,-0.9987235240803972,-0.0505106171852228
2024-09-28 21:00:00,-1.0,60.0,64.5,21.0,2.0,34.0,72.137331284171,19.178008018984656,3.400118083397789,5.920027802677795,81.22648489418629,80.01927135077315,85.28885695751254,91.22997368975784,93.95387696628,97.73539128049256,99.28425689515036,95.45195477283248,76.72016730296225,50.30105927473141,32.79853887746968,24.22376869519396,19.57221758959787,20.364132688094223,21.800555644164184,24.408102499570507,24.62095240015412,22.937183187296394,19.88021166195906,15.202143801483132,16.51476952844319,-0.9994446170919858,-0.0333235257116313
2024-09-29 21:00:00,2.0,65.0,33.0,13.0,5.0,24.0,65.11877527904618,23.40449993305404,5.888213493887644,4.191995631121314,65.12442648868837,65.53822155962938,72.29587400042658,80.61595196663973,89.49113834590086,95.76411914761071,93.41078484391342,90.0364092675023,88.96036133942049,88.12295761868802,81.06662867161482,67.79165136414981,48.07613730066896,31.495691849177167,17.458466562660593,11.02810523453881,8.723660847778627,10.380638577182392,12.029821041206503,13.707116083040964,14.130223870150155,-0.9998699583618592,-0.0161265732706577
2024-09-30 21:00:00,1.0,63.0,8.5,19.0,7.0,1.0,55.877891212486965,13.890259609995487,5.058449351763555,5.421694784853446,56.518675343258415,58.204676808639,64.56411703664463,71.69290976318507,78.56865214299022,72.28958875634774,56.98889330958403,43.95302384143466,35.0086815646384,28.57917090296016,21.922660700571736,15.971748713285578,11.047076778313972,9.645577030338211,9.831372456798844,11.754150414136577,13.21764627291902,14.4326352480444,14.259348865442142,13.0549107304381,14.586978760456136,-0.9999994220246924,0.0010751512827982
2024-10-01 21:00:00,0.0,61.0,21.5,19.0,5.0,14.0,53.51689345100418,14.980860454910086,4.311862019509774,5.904715252310957,54.03407899896598,55.94660560187288,62.09592873310847,69.88273759961656,78.83735812651081,88.94778837404388,88.24909345581229,52.44429565327253,24.30972140211066,12.842093603359336,15.290758043535794,20.6349256220936,26.96973169559672,33.11505784171576,36.4354003139794,36.295623644233125,34.06248003597146,29.83132721499522,27.018798131046463,23.33400266280281,22.38647295240071,-0.999832969770105,0.0182765576816912
2024-10-02 21:00:00,2.0,57.0,76.5,16.0,7.0,15.0,59.42476382223043,10.77375558403299,4.117636575811277,6.171468122354906,54.111587034490206,54.75092233377728,60.93477991009046,68.27887732595265,74.50492755324225,63.634959016182805,45.79501251160951,30.10804213292709,20.38734292466277,16.233597683185273,14.771589465964391,12.750385779658703,10.440859605011148,9.661901193120505,9.904348292195724,12.01632427516353,15.847147564024263,21.653744860278547,28.63061294985455,37.45268895545454,48.00693536848082,-0.9993706508539968,0.0354725557531255
2024-10-03 21:00:00,1.0,62.0,25.0,19.0,7.0,23.0,55.73631566879558,16.559050367333704,5.557234239256744,5.123323458911632,56.24240762037065,56.95597450330791,62.91466800928092,70.06749971074053,74.3866074049114,68.79375029902705,46.91786967974691,29.935627731016307,25.2137359449814,29.86044500994412,38.38585497699265,46.31739362047688,54.18593772401694,57.51919289021232,58.60143748007501,55.00700497145636,46.43096234759027,32.56131101069246,20.590344391680663,8.522307864666475,8.40810758037615,-0.9986126020839734,0.052658056924614
2024-10-04 21:00:00,-2.0,64.0,62.0,17.0,3.0,12.0,58.1544338545121,23.26739049106704,6.6753048468195,5.742595923270095,58.38349905575897,60.503671658602975,67.85229762406607,77.04413600956511,86.94381347304505,95.82497119198604,98.99885611725485,100.0,96.37300191174234,83.6548258676782,64.0376892042982,56.07518719181175,50.97550043166439,44.94828243618495,42.386946242308895,45.50628639620725,58.76207888434873,79.88360254538179,86.15480140915437,86.56424088933585,78.69719807056943,-0.9975590477788612,0.0698279757298708
2024-10-05 21:00:00,1.0,50.0,87.5,16.0,9.0,1.0,86.07211706183206,22.11795221938648,4.864141713038805,6.268862800453097,89.36860336704217,92.91243417608808,97.56969155132929,98.4995988793548,99.60859138939206,98.34367733268562,96.5345111313264,97.8359961680596,99.1434709467424,99.71351097078924,99.29629503521852,99.63101503166205,100.0,99.2267604828961,95.060719521862,86.2933407291231,83.88255732124416,84.91923147359358,82.69736160759885,76.28436882342375,74.76469280913427,-0.9962102997023295,0.0869772313136861
2024-10-06 21:00:00,1.0,55.0,80.5,12.0,6.0,10.0,77.2225955856469,18.171771313826305,4.474839882777983,5.53318681108935,87.20080428991653,88.01820605027415,91.6640860449472,95.62618493491524,97.11535386632706,99.33836724240552,99.83532892360186,95.53993152007682,82.49352784981328,65.91591442572596,60.15368984942905,47.92174905801834,31.847744985885218,21.57090873360628,17.095442552018913,22.12482980083681,24.626516724003768,25.305303937091256,24.33963782586,21.63420113396742,21.054041692616,-0.9945667569706336,0.1041007489354256
2024-10-07 21:00:00,-1.0,52.0,93.5,12.0,9.0,15.0,89.47084016106763,23.01243328400328,5.907193871597928,5.661113923776901,95.84811733045956,95.7971216638916,99.19836550142442,99.20043555705418,99.293718527594,95.8589874410278,93.75744592251807,97.98993156669002,99.57061806538078,99.44164851868877,99.34776564249856,99.33483053430696,99.27280114709636,100.0,100.0,95.31499014004407,87.87841708731082,75.88633654392738,59.54815218488038,37.3600261039002,27.902325249449124,-0.9926289059345096,0.121193461470736
2024-10-08 21:00:00,3.0,48.0,45.0,20.0,7.0,32.0,70.87219052088518,10.39217099421838,6.103059941426391,6.838054353673336,68.41045470057414,69.56501950907227,72.8761194977644,75.62006991477205,71.75116233926427,80.96788773127057,91.0559117560365,88.10840868946597,68.11980910703848,40.67170024626457,30.34592636328342,25.74095416295633,24.84426632117031,21.77604178521364,18.43873860296736,18.07008801336823,18.86689338106572,21.385940697043893,25.09927345853908,29.882077178723414,33.94251066362954,-0.9903973200352558,0.1382503109109819
2024-10-09 21:00:00,1.0,50.0,41.5,14.0,3.0,25.0,60.81309463361997,11.683974926908691,7.372234477755944,6.808509296359517,54.19059093872708,55.81381359692356,57.29919397650342,63.64510722829485,70.82623692061816,78.31118160624099,86.03082965395133,86.20803366352096,75.05112039673554,62.51227937139133,58.966038947429325,62.58101753261819,75.65764361195099,78.84186773839771,78.23627944118321,71.0958362625024,64.46149848657898,59.99192562433644,54.68704453222325,47.16197028116124,47.48450604005651,-0.9878726596350428,0.1552662498599956
2024-10-10 21:00:00,0.0,45.0,76.5,18.0,11.0,30.0,76.32467403297849,12.19333441534023,6.428122621071198,6.367018298535303,73.01693978113073,73.57750729352362,77.35950383027063,82.5896900202245,86.38677251891215,89.05905710750066,91.55063194006902,95.42381683021004,98.76579624593862,99.47814800294876,90.99556823237944,76.31873536704725,57.32673626305,48.06524352555386,40.58340066060629,38.29950097953259,37.24371857196744,38.65168291405229,42.40272956703668,49.15867978056787,58.23448793904477,-0.9850556718215012,0.172236243027682
2024-10-11 21:00:00,-1.0,51.0,46.5,24.0,12.0,29.0,58.599120471083,14.124541460193294,5.051637517655237,5.921612796454396,69.4286090358391,69.41745754351776,73.48694415396558,80.63737354583395,89.12138016021245,97.5628328321863,96.88116582974044,81.88179948910744,61.18895850417281,46.41895151028768,38.16821550382804,34.73650737896904,37.05974663495398,42.69233647383279,49.71181672560044,54.998341924037554,57.99070405939847,56.61581040233822,52.45286124398828,44.5683660734258,40.21857967847219,-0.981947190186646,0.1891552687200409
2024-10-12 21:00:00,-1.0,44.0,60.5,27.0,18.0,30.0,65.02777464481295,12.788331660168335,5.416462809734513,5.375807131000132,69.66668723162586,69.26784118645377,73.82951296295045,82.08142773512212,89.41516664014468,91.04620822800092,91.1941186141816,91.4570008319692,88.62108409873223,83.93422757163628,79.61688789343707,76.81364058782567,75.11073373197947,74.06039187294522,72.36658613940976,69.18989393519443,65.06689589716535,59.520197696766886,52.20005487389805,43.20982251040243,35.71229567886948,-0.9785481345802032,0.2060183203251708
2024-10-13 21:00:00,1.0,46.0,51.5,24.0,7.0,31.0,57.89463171491949,8.795507181441437,5.3625642962999605,6.452131320901318,58.97474505554388,59.383161655391525,65.84354844264887,73.71767264481082,82.8166962664518,89.06789381874928,94.2613356329584,79.81616731791337,47.56911403729772,23.55028545899048,14.09145888571259,10.539600257475804,12.040807390755324,17.845949444401235,25.0855774715951,34.34148160731799,44.16925063826635,55.01893685267446,62.26530838155341,66.65004039656375,61.90751642953145,-0.9748595108374124,0.2228204077947995
2024-10-14 21:00:00,0.0,41.0,92.5,14.0,12.0,3.0,88.97398262969229,17.82448690925146,3.567086484463152,6.430058033680844,95.32282049827852,95.77178944333298,98.74846852244742,100.0,99.9692527109966,99.87418490034555,99.3870892008729,99.38213713335116,99.13257175935836,100.0,100.0,98.661475733436,89.16586932577756,80.51187727679256,71.99609428684694,70.71491802156194,72.02865761234176,80.2274811376315,87.27032787904916,91.99633457561652,88.00776482325487,-0.9708824104813836,0.239556559120927
2024-10-15 21:00:00,2.0,42.0,81.0,21.0,12.0,28.0,73.07605006966709,12.408351439699436,6.325017210368684,5.673432824869488,75.26367381095936,75.48945222236846,78.04353790491196,85.13354261514169,92.48111449932648,94.92109651870524,91.24976805824856,88.52421401058609,87.6371156304586,87.65563313086945,87.08060296364734,85.6686579217865,81.63983529632978,77.52668887724103,73.74477059932467,72.7964941519039,72.79154333851778,75.83772703854436,77.84663039541948,78.44629704557889,74.05332021158763,-0.9666180104000972,0.2562218218071163
2024-10-16 21:00:00,0.0,40.0,77.0,24.0,12.0,31.0,64.51853417070238,7.734538401848749,4.659034839954588,5.626475851520782,72.51787714073372,72.79437492529381,76.96683422188315,83.68900989926279,91.42510654855973,98.15911407922832,99.4564102931511,87.04937372695296,60.23980575268448,38.87666225172711,28.642166021743144,22.573859774143447,18.98639294872952,17.864286899439055,17.57314545710304,19.31820936526229,21.10971111498516,23.13739690253095,25.246501259725,27.31207896893156,30.54258734904768,-0.9620675724981452,0.2728112643340191
2024-10-17 21:00:00,4.0,48.0,3.0,10.0,6.0,30.0,53.694017056545576,12.847333501053386,4.604372255541187,4.819707014406214,64.76903338820917,64.38775555215231,68.13219714472487,71.57962396672175,67.11081656239023,60.755485701609146,55.79381923682608,53.71903307656758,54.42438205258606,58.26825967405601,65.17857827677686,69.92318167734877,72.80892098746779,66.15402107007556,58.26008014213136,47.6343490052321,41.028639284365845,34.971510768574035,29.32257584541178,22.11310098708737,16.472018248507876,-0.957232443323312,0.2893199776186952
2024-10-18 21:00:00,2.0,51.0,5.5,5.0,3.0,26.0,56.33114444508583,12.137308355056138,2.701046021220765,5.567207624202784,55.7960236874139,56.8399709676387,55.34573243149755,38.8517824784691,21.61509676957033,20.37760920674562,24.834955454403385,31.256980052612903,38.73275457077517,44.98739967124668,49.53242241580279,52.30656869589508,55.12482800951888,57.25574770318104,56.59213768976361,53.00187984355803,46.16805549755229,36.666512109914414,29.113109588770254,19.59946545790693,13.978709360170884,-0.9521140536681102,0.3057430764672831
2024-10-19 21:00:00,4.0,58.0,3.0,7.0,8.0,25.0,49.107602398074,7.604455974849603,3.41825401982554,7.5938998595983955,50.09138417291639,49.44096041271224,40.10122700550379,25.6331965322498,16.0593026406053,10.054723068912024,7.591643117150141,6.262325857988693,5.584722817606924,5.308304842582031,5.380703911757114,6.393812876756541,8.255453637738418,12.174835097531428,17.391230049822493,24.37893800409714,29.86266801601932,35.415340089697736,36.96038886794794,36.489338747089946,34.88692278001311,-0.9467139181463862,0.3220757010206104
2024-10-20 21:00:00,2.0,59.0,37.5,12.0,10.0,24.0,53.22345178636537,21.76425035280521,5.729953315286889,5.902898979185401,51.550576931789536,51.79662270230455,54.523915580394,54.46572534341968,54.42884621712495,64.24776093647237,74.8063452173305,79.89853844716508,80.56068953416865,81.03278762560572,82.30080716318193,82.52227424317,80.66608567794606,76.01301075878531,69.38829394424764,61.03195045311392,52.46621007681562,42.76042062136859,34.033548978210604,24.659155182678745,23.38514590196438,-0.9410336347451196,0.3383130181923076
2024-10-21 21:00:00,0.0,61.0,39.5,12.0,10.0,29.0,57.74234446395111,18.722847855674807,6.571007611555637,4.957820177092239,58.178926616613936,58.72126975134304,64.25148450891778,70.71460540382722,77.86735323842873,82.53178302930871,82.05451930993395,79.43271956871939,76.3089666671577,74.52628558717157,70.92178781863588,63.85434269854684,52.833119857008526,37.53473872860723,24.56716759140353,17.421988880919358,16.902153466604812,22.81690039020475,32.289476167275105,45.820472274596966,54.35100270038501,-0.9350748843515574,0.3544502230989869
2024-10-22 21:00:00,-3.0,53.0,9.5,8.0,7.0,16.0,54.43645846023466,13.516787324709092,3.5292104981353902,6.514946298198891,56.57086442811169,58.70082425462333,64.70840358596926,69.92285832470743,65.31967353342554,45.609052100481705,26.915202612795763,16.489368467536593,13.602235249142185,16.31098195734239,22.828600117779168,29.64017611744394,36.608766621827606,41.552353778720885,45.13865597245497,46.90558350059519,47.01200511809333,45.98540607462581,44.709478148138906,42.26106716957588,41.50750995681695,-0.9288394302558068,0.3704825404820963
2024-10-23 21:00:00,-1.0,64.0,21.5,11.0,13.0,18.0,60.361457330669865,18.7756033343585,6.471733518848954,6.477970253226456,57.13902331680137,56.85086672335045,59.48576091909591,58.65605976667637,58.58484916711537,57.32980220614103,53.12008692721587,44.70428289515636,33.013431330084856,27.43808330615145,28.500750322079032,32.065003942626866,36.61897742793763,36.604110915134,35.602032412650466,35.84470226695416,41.05363561817968,54.25290693308511,68.68834443303636,84.56827167519674,84.9666025971464,-0.9223291176290545,0.3864052261209853
2024-10-24 21:00:00,5.0,48.0,24.5,21.0,7.0,34.0,51.5690137783655,7.493635887835005,3.5277866117387053,5.639344741564818,53.05808147934661,54.36611126929078,61.13353411866863,69.18341375855738,73.89965055164191,66.24246330675663,49.36492312661452,31.14889725137731,17.05428955363924,8.50783334832775,6.9694671561514205,7.903691496881706,10.581197440506696,13.24536558448705,14.536562597841494,13.16902658330768,11.825246735548914,10.295320489110669,12.600198725073314,17.578118931950492,24.18959867160021,-0.9155458729775467,0.4022135682368036
2024-10-25 21:00:00,2.0,46.0,2.5,11.0,5.0,32.0,49.20446645467534,8.448566037490991,3.6420961366953466,4.664231581472889,46.72405892125454,47.50206066443672,53.09910084218282,58.64791260110933,57.680784356868266,45.95498253029938,35.39831271691549,32.76149410415844,34.8382099700228,37.61551858792714,35.686817624985736,30.88904888160674,24.054666483537943,18.563711953910385,15.397407708949896,16.079476013958107,20.121709003231786,27.1928594365784,32.41927642609654,37.2059593568516,37.05916118347689,-0.9084917035725082,0.4179028888867866
2024-10-26 21:00:00,3.0,41.0,65.0,24.0,13.0,30.0,57.17486225071633,8.20846152137126,6.669684888083007,6.347666567149682,67.40059304729557,67.22446744119654,73.70995066556002,77.83351336980225,81.9182493348178,86.56903717686636,90.70836567364655,93.86234023882407,94.701679090347,88.58618649610506,76.12997644471005,65.42418576986074,57.35974801025354,53.90568398539599,50.20714014236588,45.51406311500024,39.59767002900626,32.06240425556107,26.642323201416463,21.57234263000858,20.00746115397532,-0.9011686968561567,0.4334685453485363
2024-10-27 21:00:00,-5.0,35.0,61.0,19.0,10.0,28.0,47.434384948944405,5.652075201791,8.181714153986444,6.022317584734748,59.88726858879041,61.14141990850261,58.43742372670424,63.14113003565296,69.64291466475548,73.16126686802042,75.65243709467521,78.45299795007591,82.26053370023695,84.87932197885999,75.44655147975817,71.07937148720708,70.13261436158245,75.1593676003704,77.06575979845466,73.30620578373659,65.82088751753254,54.39420079505499,41.265919093544056,24.994783750789413,17.699428906686705,-0.8935790198239952,0.4489059314938798
2024-10-28 21:00:00,-1.0,36.0,43.5,20.0,10.0,31.0,49.684295857041946,5.356639530880523,7.2259007584624975,4.749012903506683,51.94632971858904,55.64046437945594,62.48921902172288,70.25172907555432,77.8165745718149,83.82760659281593,89.86483018818402,89.94220740358531,70.75880471077375,50.91743097558523,37.24632915688297,35.03540666437726,33.505384172631366,31.56757027364924,28.9768413313345,25.20294841666456,21.786517266484555,17.677503724511062,13.855488934664534,9.607274036779302,5.531610860024754,-0.8857249183835637,0.4642104791518923
2024-10-29 21:00:00,-1.0,38.0,21.0,6.0,6.0,14.0,45.92100706216534,8.285011868246583,3.739015851841229,4.8419409928561725,44.864475859592055,48.31769093583589,53.276005239925205,53.96716735733712,41.89961757163888,22.442032880558443,18.74697653951171,29.10652280023689,42.22753014650251,56.85633512705635,72.55291133136585,74.18588241223154,71.73911779685528,63.715819211979365,55.77612348647872,47.65326219300035,42.98712313320572,37.83965244484167,36.011817610536184,34.42369543130276,41.5673549995856,-0.8776087166898392,0.4793776594606945
2024-10-30 21:00:00,0.0,48.0,92.5,9.0,13.0,18.0,85.9575608162361,26.5287769864008,2.398615862432256,5.994429322112877,92.95279531325356,94.27754361662578,97.5720952004664,96.7379517616916,94.46233412014402,94.25613450728096,97.72349597580155,98.35579789613116,96.19931996243491,87.38676968861428,76.43767963188739,67.39855225545499,59.91173354550112,60.8084135997012,60.59951840313328,59.4025574668925,54.575598586788765,45.94000090840925,41.798591327128655,38.41746754945986,42.60343102143665,-0.8692328164574792,0.4944029842076181
2024-10-31 21:00:00,2.0,56.0,86.0,6.0,5.0,34.0,80.24371039798895,25.44877422186562,4.04187401119678,5.0284451760780975,88.58285335701191,87.86290908300423,95.33077912970784,92.60535653310042,93.42152805090026,95.20617361560647,93.66766085060785,88.86023697064263,82.71502407089115,77.8363198553506,70.89743870285548,61.59548629594652,50.00807168690714,41.00992034666814,33.46350197133253,31.77684884485856,32.09700881720899,35.544338327637895,41.93061351490843,51.35557962863631,59.2968545371176,-0.8605996962501181,0.5092820071573356
2024-11-01 21:00:00,2.0,40.0,88.5,17.0,11.0,34.0,82.1620616690294,15.467850333489142,4.166052173243581,6.284955128954216,90.92671253898818,90.98788088302857,97.02085719181711,96.31249382448476,94.4935746182782,95.32475628772607,96.44614928183444,98.82231617463346,100.0,100.0,100.0,100.0,98.61110624451972,97.69678552426902,93.15097208397756,84.71187517010131,79.06035383114164,76.28946601909607,77.50616779335834,81.31928694126442,82.08526732902901,-0.8517119107469189,0.5240103253675756
2024-11-02 21:00:00,-1.0,35.0,60.5,21.0,8.0,31.0,56.29054379593052,7.25453936913406,3.313654453975155,5.101424633225086,68.54026421480874,70.65565404164987,77.20963651619736,84.64527597188797,92.82361906101772,90.15142105916874,60.22194702725536,38.885858140143874,28.05319294273325,24.77430527639965,28.60067955998895,36.071868794144336,44.50552796662469,51.044978268624405,55.297040594381286,57.11480715986714,57.38568133476455,56.21533305620774,55.96386022033929,54.83456124770337,53.257838643107455,-0.8425720899866032,0.5385835804920232
2024-11-03 21:00:00,0.0,34.0,4.0,8.0,8.0,31.0,53.79454366584638,5.663053460257395,4.731792784716655,4.132034043053281,68.09722225695862,71.65033895814024,79.15820863465329,86.74879190799328,92.260328872677,93.7533475537087,89.61683076227408,83.14066285265767,71.95532743057423,57.358883319649244,39.83325216870831,25.047060348865653,13.286638151754232,6.409704541031011,3.2797002828123416,2.3517540732054023,3.932040264746343,6.444588026220514,9.464285290640596,13.44840144497011,17.32564581348834,-0.8331829385891785,0.5529974600700271
2024-11-04 21:00:00,-1.0,38.0,80.5,6.0,5.0,17.0,59.1517946360107,12.93370664071495,3.554261486561826,3.654006224500817,61.22341593709161,60.99693729302595,64.78415534930423,60.92373023168604,55.69972675614928,49.2225274581533,47.24615941769788,46.73856843179208,51.660846396421135,61.65981693353013,76.77865081068023,84.94534520909771,90.24445661131718,91.94062466579284,92.6007314230148,92.19708551907,90.8770909990268,88.90517906874442,87.91552276414608,86.33642160679183,87.67373315784107,-0.8235472349556007,0.5672476988027229
2024-11-05 21:00:00,0.0,50.0,89.0,9.0,9.0,20.0,86.07211706183206,32.91285972953902,3.497695729720454,5.260482105939229,96.65257866007538,95.32339944065782,97.0263962811669,96.44725701238728,94.97860073315093,95.898540941193,97.58242433459084,97.9421878411971,98.22698633390485,94.93409011777456,94.10108953718168,95.01803540925783,98.21866037871126,98.27629303170224,97.9069382113961,98.3798372478656,98.32890538031111,98.14792683741716,98.16100078394872,97.13230483017944,97.01959318859484,-0.8136678304455991,0.5813300798152042
2024-11-06 21:00:00,0.0,49.0,80.5,18.0,11.0,33.0,76.6897482950498,15.90449173316511,2.962635074101029,5.226155600171811,82.0847554487987,82.12729690584565,87.56794681949839,88.83385624779102,87.71322420787284,92.27990590265529,95.3733864027036,95.84780724071484,94.06991736192316,86.07766866068313,73.44623049573623,59.42224786356272,44.85831000732713,35.64102280201512,27.23459237847775,20.35643420416696,14.058245504268484,8.84442316927535,5.778143236486955,4.526825133017252,5.560590840437626,-0.8035476485339116,0.5952404359043674
2024-11-07 21:00:00,-2.0,39.0,72.5,16.0,10.0,30.0,61.79504777899112,8.318317973084485,5.691539762725437,5.218988145283484,67.59357182042957,68.26179368976054,73.19361763882874,79.76049778146272,85.22118164267279,90.12696722635856,95.66937411678518,98.21592082860546,92.26896290415488,74.75075616115535,60.7531821580495,51.13756740101481,44.76547800297013,42.63156767516932,41.04859387520155,42.139650178216655,44.19088293174372,47.74719464648703,49.6094698952496,50.46558124889555,46.941016595996985,-0.7931896839451843,0.6089746507720486
2024-11-08 21:00:00,0.0,41.0,45.0,21.0,15.0,30.0,64.64676706023835,9.2137412467083,7.19018187855862,6.352145976998521,65.61775091982892,65.93323987625969,67.78305379701834,75.1693971921947,82.84781236683287,89.27122557163396,94.38697122500196,91.14288185035372,75.2052489108631,70.8521090071669,70.76241245342388,72.31489648045465,68.60294620321045,62.88545357101889,55.20189358792202,52.22585915686388,49.44253144633916,47.85414708174748,44.69789408324971,39.12061255326741,31.17779323901797,-0.7825970017677834,0.6225286602431057
2024-11-09 21:00:00,0.0,32.0,32.5,20.0,11.0,32.0,46.93962756055895,4.329543584373506,4.573854800374428,3.624229096417349,56.87210666950968,58.36343086069067,63.61999040660392,71.05984835706052,79.12110054359086,76.14966939744774,54.34498515061284,35.86100556117229,26.158705167762307,22.08309290747753,17.71645331510899,13.056669049607974,9.109480012978873,8.40209817322728,9.564926532240149,12.711512155348432,17.775475387468045,24.37917190482911,30.76658870015605,38.128246481994864,35.29557517588165,-0.7717727365467837,0.6358984534680745
2024-11-10 21:00:00,1.0,41.0,34.0,6.0,6.0,25.0,48.408424535627695,11.726832630857643,3.42671564443911,5.757263847969003,44.21952148611607,44.37137957118341,44.50169485289354,41.58822423100781,35.84094984298967,30.67175631182978,26.85718767224185,24.796143824135047,25.661765527680064,30.12448974499745,40.36126045909872,52.98180427030156,68.94544367880118,76.52173891817385,82.07902742324514,81.24958395758145,82.23087386232835,84.4858101169502,87.71564140339379,90.41466892026396,88.14979708621516,-0.7607200913564104,0.6490800741100398
2024-11-11 21:00:00,0.0,42.0,86.5,5.0,5.0,23.0,85.60554347335166,17.918138240905556,5.24639184614002,5.699841667441154,94.7442827904795,94.9998523045806,95.7647199537956,99.31800814482769,99.4725568573242,99.27793767959948,99.53557780305415,99.416380060255,99.56429983249004,99.99172832448389,99.88164222298415,99.8507653527184,99.81022115671364,95.95971726031036,88.1929078937683,75.52528019290861,62.486133946067326,52.700955025376615,43.27609248738469,36.122288002244034,32.41138070244723,-0.7494423368521953,0.6620696215153815
2024-11-12 21:00:00,1.0,32.0,65.0,30.0,17.0,34.0,60.8295198512849,4.881950671789199,4.304945122546241,5.905658812180597,64.55451368127767,65.46814640061108,71.14235891490212,78.81297733459519,88.62345867834826,98.10937028610584,99.86789392708064,90.5972433729794,69.37646260198223,43.142243901496094,24.04590144372973,11.838653345206758,3.752434721027927,2.3664686002209074,1.2324848136421231,3.2698893581679203,5.205127164608815,8.291410861186337,8.01593065131404,6.470379829972034,2.152949324382338,-0.7379428103031386,0.6748632518680403
2024-11-14 21:00:00,-1.0,32.0,2.0,5.0,8.0,35.0,53.484349004594215,3.714558090310641,0.5546247821284145,6.481274057035736,72.73755470506671,71.13899339049225,64.22960452313824,39.5735191279402,18.7045490851538,7.698010487425432,3.941342953872642,3.93319894292233,5.73512327972484,8.48127126306093,11.791090948496755,14.52792905110577,16.46026494864115,16.38895154260276,15.236190444572454,12.588866345226672,11.070174890170632,9.410287491746432,11.268402026732897,14.614535292741346,21.12543423981591,-0.7142921172691032,0.699847677146407
2024-11-15 21:00:00,-1.0,36.0,90.0,11.0,15.0,34.0,75.47320683714975,20.392080139151965,2.391407838180913,4.958348341325465,83.80826948842802,83.57157492596097,88.50867737307293,95.03469570950227,96.3611498204536,94.9485658983586,96.62011893843278,98.43861592209,99.7769183551357,98.44029955494216,98.57616132644354,98.09439664506571,98.37773030745376,98.21266386433692,97.06059886168838,94.48678777283202,91.3469960045789,88.01246704041422,85.75819741046294,83.44726415542026,83.51362873597179,-0.7021479494046978,0.7120310787787131
2025-03-01 21:00:00,10.0,32.0,86.5,10.0,9.0,17.0,78.263314115119,11.994478055193545,5.703082665417391,6.62955627721636,97.55008721291736,98.16978508860744,97.69650020229076,97.16135637964064,93.99375157952464,92.9372129784787,93.43713317574368,94.91399519718055,95.47014704891578,94.48091695864682,95.64405794488243,98.49856766739026,98.48866771898454,98.48614760862594,94.09697423315583,95.36281425491376,93.35287808030024,83.12108361014015,72.72090985058496,64.15076322090246,54.37780171124969,0.8584015232918917,0.512978386299228
2025-03-02 21:00:00,-4.0,8.0,60.5,29.0,16.0,30.0,54.58849080526552,2.284268855106061,4.343854913733596,5.141502480849425,67.47614338954236,69.1459280245097,73.27512438622414,82.11296358730472,89.39208884043539,84.06261873157334,72.75082474984913,63.31882938470584,56.07817154654404,48.44131983001216,42.94328282519896,39.15695488997641,37.32746552484036,38.59598930063027,41.0412066920299,45.65647527121956,50.927296319350326,56.36110495356459,57.91227115118666,54.72973644699921,40.67607487038229,0.8670985522812081,0.4981366284784055
2025-03-03 21:00:00,3.0,13.0,51.0,31.0,7.0,29.0,50.40900155896325,2.1849790362495267,3.684229134330845,5.962738299184053,69.12219981463245,70.35125898193003,78.63104669177524,87.76388662810905,97.49390941382832,99.54158671442534,83.84093081077593,51.5171110322249,26.22749828127226,15.0202910574724,12.243016890468123,11.670966701392018,12.136689761213844,13.177195750647138,14.081264573457233,14.730790149739786,15.43537484246198,15.697195376564718,15.50833533023696,15.496084382431835,13.13676511665988,0.8755389928586302,0.4831474640149687
2025-03-05 21:00:00,-1.0,33.0,85.5,9.0,8.0,11.0,81.64115732781437,16.456135135242864,2.3480228360708484,4.623320916993365,97.33847420017612,96.64322440758173,99.01222697532226,98.78462541450249,99.32410855799324,97.68103213673147,89.35564625983515,82.81692958804283,85.53675119157776,87.69008285297399,93.4553346015186,97.44770102728818,99.69544733547316,99.20647913894514,99.34242156343164,99.42690877966504,97.35352692756553,94.69562346294278,92.88329623546709,91.6904774710208,90.0542765123214,0.8916401947968874,0.452744699607371
2025-03-06 21:00:00,-4.0,42.0,85.5,6.0,8.0,17.0,85.60554347335166,19.240734597302364,4.92645155054278,5.658394479890859,98.12790777658697,98.57273301213291,95.93254600021048,99.44218132401006,99.923688240017,100.0,99.5662334816046,99.1730982743636,99.4199028445561,99.94457524843384,96.9581643368031,83.87617439810995,68.1069559593553,53.623435059304455,42.57299430227043,33.35087196698714,23.57148349922808,18.146022852952186,13.499680483147316,12.879011102930804,12.817326430576124,0.8992961915530253,0.4373400963303323
2025-03-07 21:00:00,-2.0,22.0,85.5,25.0,19.0,29.0,70.89287697701519,9.580940439291073,2.714140190267722,5.282099806892122,84.47549024486818,84.29615595549704,84.33036942534265,89.51968042764817,93.70233998034608,93.13509657558214,89.59644418159753,89.49447141397948,89.59455971983856,89.93625497134015,90.80016710749248,90.22571766857568,90.80120550238844,92.17784752884134,93.63814136502984,92.86258850712436,91.035756795226,88.67014538015995,86.14908108008493,85.19770628175782,84.22856994884597,0.9066860720977984,0.4218060770826634
2025-03-08 21:00:00,0.0,15.0,84.0,32.0,18.0,28.0,58.34959781699872,5.612158464290609,3.643919142901877,4.840489219498996,72.54790611207656,72.42613906458783,72.9482722051356,79.27510158067871,86.38042123158709,94.9426194818797,94.11082679660466,88.40521585321206,85.73457053316956,86.35518417663705,86.74631652082078,86.79663370537712,84.60344105863024,81.6991904386483,76.92952936359865,73.51001008685263,69.9402658763097,69.11019143259611,70.24286611057855,76.1689782815974,78.09160335280174,0.9138076496466616,0.4061472386305788
2025-03-09 21:00:00,1.0,24.0,50.5,31.0,9.0,30.0,54.60931149326688,4.412031937375609,8.050795170656206,3.4322953049609257,60.05884024592214,59.78058187056396,62.73806050213664,70.29662911751248,78.72344492842483,82.54704212783986,87.86636606199315,87.93591750063246,86.9277942446102,89.50650500579516,91.4809731847308,92.32831004597747,88.51220970144274,75.73835531056383,57.37026870426849,36.7518170513278,19.124705807628697,9.75813386544454,1.3962638061614976,1.3372684284146508,1.2492739398696946,0.9206588168102428,0.3903682146763026
2025-03-10 21:00:00,4.0,26.0,58.5,34.0,5.0,29.0,50.24874241031545,3.8229696794347503,6.671136898866144,5.005258436230907,56.949441248671306,58.46919145834995,61.14529515697197,66.73376098798916,65.27192796306066,60.40420421827789,61.1920607784261,67.37261012139794,75.85268668952502,84.77339548538585,88.6052678004078,79.62856220421473,57.76873547535366,36.457662157852994,19.518047304025,12.428329569184058,8.743695023627946,9.642779704259391,10.55659016739448,11.55166223681702,7.681890676968594,0.9272375462179536,0.374473674486883
2025-03-11 21:00:00,2.0,39.0,81.0,11.0,14.0,18.0,72.76339760257407,16.6497952259995,5.07207517194536,6.754284618884787,82.76077070389125,83.74533640528406,83.89634153564957,88.06498002560001,91.11741189433972,93.23619942436989,97.58910515286668,100.0,99.6004207896712,98.89820564437214,99.30965658113558,99.37563045249064,98.89766291293232,98.27693432511772,97.68633411127524,97.14773036819597,95.10994393359454,92.84035913242728,90.24794535229216,87.76161389855079,86.31612989040137,0.9335418911179212,0.3584683215124808
2025-03-12 21:00:00,1.0,16.0,23.0,28.0,9.0,32.0,46.35216312011784,2.1385498712255244,3.3108818755827154,5.568074764509555,63.85807310655522,65.48754794456923,72.41557149633125,79.93180459069514,76.00628187708497,57.44478894851341,34.96174767404458,21.937601869368,16.785070440092138,15.74880107915323,16.729636919994675,17.688358102967904,18.340997353334046,16.533781919361708,14.367968371688612,11.620920312602772,11.093054670684367,12.072140337628928,15.785202922040956,21.914758700764573,31.03995842651408,0.9395699859530622,0.342356891994542
2025-03-13 21:00:00,5.0,28.0,15.5,22.0,10.0,17.0,52.85634158483062,5.525248716697432,5.610268725976537,5.37157282284416,68.75772460857283,70.61450691351814,77.9591458264395,81.49617990583192,75.02554362709306,62.01051337805714,54.98369774487109,56.21166787678773,61.00089780420339,67.25648280587599,71.99380701707048,73.04350030385261,71.19034665619125,66.2332468429948,60.89430152139009,55.28490118156408,46.462207258643126,34.46374999401402,30.531730239956868,28.3146320358685,37.52553014621208,0.945320046913132,0.3261441535642696
2025-03-14 21:00:00,5.0,42.0,36.5,9.0,7.0,26.0,57.32005311554053,11.43918046185206,6.275449130032087,6.490610070136154,67.81138095970621,66.54539842092672,66.95727224219924,68.21232954185629,63.21623665292733,57.22379488555392,55.10960435885003,56.56709833508151,61.26307278582716,68.98541040046128,73.49906282234458,76.65835061489918,77.25729366784515,76.82788866565205,76.11958926532353,75.43427414997878,73.56837768955484,70.1013246304618,65.23813977389659,57.8383255067584,52.36307145940443,0.9507903724625832,0.3098349038318025
2025-03-15 21:00:00,3.0,44.0,49.5,8.0,9.0,15.0,67.68252075054913,12.758587764185032,3.808816804807646,6.967728958309848,81.82969079467426,82.62847085976358,88.96484202694039,79.81420585237547,62.9041702199577,52.968011273077884,49.44736098373305,47.20514117954973,44.10859530898336,40.10240122804994,35.801396687729955,31.193362518403656,25.75477385970379,21.94343798214521,18.815186277841526,19.759826199660505,23.166203435597755,29.837226002325984,34.108742187545744,37.542818111303504,36.57682212367214,0.9559793438440766,0.2934339689665273
2025-03-17 21:00:00,-3.0,35.0,85.0,10.0,9.0,34.0,78.52594355604192,18.099102661765084,1.99160326150442,4.674860402568728,91.7360292855548,91.78155323259008,94.1780215488299,92.85115742583004,94.61808199392551,96.09396500473348,96.01860993715933,97.31565691776844,99.66787837642026,100.0,99.90788668790732,99.51006862190754,99.3574969106975,99.11692732661994,96.6560003251392,89.55030587522245,79.96721787041153,70.14947888014983,72.43563585581892,82.8277213466753,87.93493980324443,0.9655071658143364,0.2603764827344581
2025-03-18 21:00:00,4.0,36.0,34.5,18.0,5.0,36.0,49.684295857041946,8.24183641763671,3.783938155469005,7.093045353640932,71.10121714424112,72.74954189190066,80.66634167828948,79.82340081366478,55.624582685361645,36.29166648740786,32.35485913168646,31.7691698447163,30.347140782301302,29.41499332859082,39.78993061043247,50.77989843355248,62.23955187464468,69.70001275842841,76.18258795996036,79.13647112644556,78.45869365198605,73.46189812241525,65.67510840055422,52.65381796808065,40.47528130543078,0.969843196967294,0.2437297136096838
2025-03-19 21:00:00,-1.0,42.0,49.5,13.0,8.0,14.0,55.01029639594,11.088171473647956,2.8350090678087017,6.60038450518916,82.36990504381303,84.55759368263305,93.6716933680292,90.85647193088428,62.97592744208972,43.41747438279079,34.893247104288164,33.36936889565051,36.23301913366711,42.63906296869488,45.6397704149282,44.07328565581751,39.5746742464752,35.00672046213251,32.3881285462451,34.2659625630865,38.86681452019964,46.45896352956211,56.72599677180564,70.4591380604034,77.60357695772262,0.9738922359149924,0.2270108209414184
2025-03-20 21:00:00,-5.0,48.0,58.0,13.0,15.0,17.0,68.1533852162,10.696510946588868,3.66364553462252,6.508729991110777,83.94506729723457,83.54594534720327,90.11635582599416,96.1071412550928,81.20699965859127,55.394768470016366,31.614073591888488,13.1003254544703,4.477265950641583,4.775097150259784,5.759966439477304,7.108280751929076,8.615648806527778,10.92143195047922,13.740831858221942,15.834509527595904,17.411878922047826,17.588208846016872,19.996951494348224,24.92679320978143,34.81515042410216,0.977653084481664,0.2102247521189836
2025-03-21 21:00:00,-1.0,35.0,82.5,17.0,13.0,33.0,78.52594355604192,15.399345063757275,3.357114773040565,6.277681224680928,88.93307659123232,89.09595961996459,91.6844837651187,97.3427681022896,97.13171229914254,96.92410546842264,99.6001673714977,100.0,100.0,98.50513421061986,97.56990488985832,96.65754590226663,92.58196507786292,89.26813232848771,86.35972750184727,86.72155527845551,87.49245958337967,90.60963443719618,92.42311113516,89.99349237369756,82.26249437654933,0.981124629771712,0.1933764744102058
2025-03-22 21:00:00,1.0,47.0,10.0,22.0,7.0,23.0,45.47257831386288,12.428725082979753,7.81798293193107,6.218905476000423,52.68114637174393,52.82714258827564,53.448522325143145,59.45422745698278,66.61900916320825,75.07493847994421,81.16455440094967,86.13066990928944,87.96272632340667,86.37736621262442,86.72367536358449,89.80309923499459,94.26037777191816,94.3393179792891,89.1916118827288,79.27241127239084,68.89999293140896,66.2861727598117,64.39467008198658,65.37838679956104,63.58737522476646,0.984305844499033,0.1764709734915216
2025-03-23 21:00:00,2.0,22.0,50.5,38.0,16.0,31.0,45.25292369035507,2.916650874428002,3.197403753054075,5.48545363186532,61.94177790317013,62.9973713990769,71.46756027533914,81.36743020382144,88.8796421291416,95.62772454391538,99.51676766081845,76.5576930676314,40.19803708628841,13.094631458922809,7.938986526725963,6.556710456448379,7.9726084548513585,8.504625768912868,8.874204101410662,9.160268500048502,9.99495313217401,11.368454701814557,13.550645301519262,16.62092601598623,20.229878006014285,0.9871957872910084,0.1595132519726365
2025-03-24 21:00:00,1.0,28.0,83.5,19.0,12.0,15.0,60.2635146074517,10.676985572797062,2.875802649332758,5.751244993970586,78.42921532838064,79.38685078286841,88.64058945616551,92.73971583299308,93.80613399860997,94.0361086298704,94.40617409844056,96.67249823644184,99.28314441072916,100.0,99.38631792388952,99.0475931638832,99.50542883151662,99.0923776220844,98.61559902727512,94.92727983462372,88.52597726079043,78.39504442683774,75.99539101182896,78.2407352950781,80.04395661949492,0.9897936029670716,0.1425083279161708
2025-03-25 21:00:00,-5.0,38.0,74.0,21.0,6.0,26.0,64.26020344472701,9.599670899810594,7.786613419331865,5.526403980860963,67.67324770187251,67.89244763472834,73.18488079403545,81.83082318162185,90.36995589168946,94.97904783102103,94.3603848486363,94.88029001546396,88.24967608484951,86.7084880288614,87.5340060117277,88.84622538618541,88.5941512927645,89.04788617134876,90.86784111427492,92.31495325071889,92.63677028755342,91.03669610609651,85.74445445246508,75.54941600167868,67.27025620100513,0.992098522791769,0.1254612333527364
2025-03-26 21:00:00,-5.0,39.0,66.5,21.0,4.0,18.0,59.29366218419092,7.374732671484111,8.305091426197082,5.862570343338604,60.35491979263151,60.71763892128325,66.41998625748971,74.25848670630714,79.50017419626832,79.81839761020859,77.80782136945267,75.88942411861797,75.58363141841255,73.70724380639452,77.37790913876749,82.67044207910227,89.40842087701118,81.90514552632486,67.37155892289616,44.13998210341427,25.65699656666201,12.299364320805408,11.711404933576794,22.20942734129658,27.1826569220414,0.9941098647022418,0.108377012791876
2025-03-27 21:00:00,-2.0,37.0,55.5,30.0,8.0,32.0,52.00828837403648,6.406815575697531,8.11484446787266,7.330185609932102,53.71185678310306,54.02248562323523,59.25490872443909,66.37834547957601,71.36127325822706,74.25051959961542,79.79966111263018,83.05487712417471,81.6289613394847,77.66150489322968,80.41769660879167,72.59621042363787,52.77239267326232,44.2919186264403,38.34574471824493,40.60177814044848,43.27437502404661,46.979890487857695,49.2243344665376,49.14753549752197,46.23680318212393,0.9958270335100596,0.0912607217293118
2025-03-28 21:00:00,3.0,26.0,21.0,38.0,15.0,31.0,43.904072287960105,2.69912040331949,6.197297859946434,4.2559965056532665,54.52339870889384,55.47499639744399,62.537507347538615,69.1849142342339,72.32611268622173,74.05898159281253,67.15806153046246,50.98829557658892,36.72762343618572,28.47379607334495,27.31010872979902,26.874346473124263,27.10623806000629,23.819211184357066,19.57585683772009,14.02677094366031,9.831271612893389,6.162989587545172,3.4719123210041074,3.2209288327052663,2.56034612183243,0.9972495210773452,0.0741174251509443
2025-03-29 21:00:00,4.0,27.0,33.5,26.0,10.0,33.0,36.735000430944986,2.3005292498765093,3.6980563841147647,4.428536655808991,47.70737118692946,50.32317482493676,56.93327434232671,59.3922811501452,48.28286789683893,25.6759085145826,14.714803509713958,10.706643260601204,8.562283085547907,6.953644451096347,6.18595184716091,5.290388171605675,4.301452538057576,3.3577886555561003,4.84741398045216,9.820339516587136,19.76735192824901,33.59001376543577,43.13552634470566,52.55787702796291,47.14930909037418,0.998376906467142,0.0569521960340397
2025-03-30 21:00:00,8.0,34.0,82.0,26.0,7.0,14.0,39.6698832796626,10.715208238049772,3.782928680131968,3.803750052910537,33.89213588946496,35.73340043052653,40.22608154376732,45.79086206058398,51.90438482236343,58.71205081080505,65.00420076316645,68.87222024825095,74.69784309256339,81.5781638689177,86.84856081113965,90.22093589630444,92.66144481333008,94.6449556263832,96.14152996121447,96.82485890774214,96.99965257051235,96.71782078078554,95.63923595016306,93.58562426899856,90.99773429461467,0.9992088560679752,0.0397701138460557
2025-03-31 21:00:00,5.0,43.0,77.5,9.0,10.0,17.0,82.37880629106463,21.92673945586655,3.462800585255184,6.100092925492628,98.7927299465131,99.65867501154877,96.90691556594572,99.25076250678052,100.0,99.667489473682,99.74106208986473,100.0,99.2299498981622,94.71798313005532,88.20040470362002,83.56016427325157,79.25591829046888,70.60742734205189,57.18753675852335,45.2967106117812,35.32932482477718,36.4948046984517,38.20481350447852,41.74451717739795,43.36585762459293,0.9997451236925734,0.0225762630415454
2025-04-01 21:00:00,-1.0,28.0,38.0,44.0,20.0,30.0,46.27188587636652,3.621020775702688,4.443972641978836,3.177714633436276,60.38251697940039,61.06034102918757,66.19734890374532,74.97901892903414,84.55551282606618,89.04102884489525,88.92344212096587,94.2110586755602,90.10824005430058,55.70480829965109,27.63877592970378,10.907590844087428,3.6894719067107937,2.9225013283256507,2.8882669038004263,3.735154772404668,4.706566567614086,5.798695017863273,7.002718439437008,8.44532624993845,9.663658440911616,0.9999855506507186,0.0053757315575838
2025-04-02 21:00:00,3.0,28.0,4.5,30.0,9.0,32.0,29.278074902015355,2.0225611920282938,3.5457061850066647,4.885447012056507,30.05491107763843,32.88482429689337,36.98321745196059,39.5680220912557,39.55462878531495,38.367970417614,27.0277967362678,20.9182805547698,17.287091251400536,14.768740948086018,12.36618066996252,10.860009902199304,9.977725154343544,10.194594197947715,11.135213303572437,12.66249762815002,14.514928787398212,16.771801897065906,17.913576234352192,18.64183965422685,16.356653404091723,0.9999300657962056,-0.0118263906918325
2025-04-03 21:00:00,-2.0,34.0,84.5,10.0,14.0,15.0,78.43890448497753,18.21539663442062,0.8794559103453958,5.110634681119463,97.73154575615376,96.91372311934587,98.9751668304678,99.18257230655006,98.3802022919086,97.34929141711412,98.3072414419684,98.86137367035096,98.3683181142258,99.99717332538778,100.0,98.9965398735131,94.49155234702071,91.03631499343204,83.83962000145682,59.83835222330298,37.03701774598389,23.74572954700621,14.432693039605708,7.993616004744091,6.766782648070249,0.9995786855478958,-0.0290250133219752
2025-04-04 21:00:00,0.0,35.0,49.5,34.0,16.0,31.0,53.94869554526039,7.219083747753072,4.135120825035432,6.090495360740617,63.201190486930045,64.91678528317273,72.1135887832297,80.66257538328139,89.04853669376048,90.2295473508872,92.35365169129626,93.03324304746798,87.35681414201983,77.27390926055403,67.84261469128109,60.20659071324413,53.476587478178985,48.077986774835104,43.4997943137054,38.82867587296713,34.60321509704563,28.9199015578156,22.9703420630245,15.255617802756808,10.620141128139236,0.9989315138848576,-0.0462150469837083
2025-04-05 21:00:00,1.0,38.0,82.0,16.0,12.0,15.0,56.73554022692405,12.687517877374306,5.398107512931515,1.7574097306026948,66.84815991608605,71.29110762748067,79.744370019211,86.13100618878438,90.67570975891074,74.0444868039108,75.46177916566573,73.81297305835551,68.65708283602667,61.8436649096538,65.39981783247676,77.74203315734557,91.4568676521921,93.22026515914366,93.55958296914127,93.08541359046076,93.32482832549806,93.58191571255144,93.70375635930245,94.31658359276312,93.0730578863562,0.9979887423155984,-0.0633914048695103
2025-04-06 21:00:00,-1.0,38.0,57.5,21.0,13.0,31.0,56.73554022692405,6.031469190657547,5.841539696418543,1.5803271870644773,58.834083394000224,58.86537176851727,60.00727428260609,64.55800742794571,68.38392465017925,59.91165983278706,57.56784981377137,62.303476052169685,68.36656915682256,74.08145080184035,77.37670891125119,66.79073218405152,36.40812778636247,15.897488498034724,3.8611955936299793,3.756152251891756,4.752810577628755,7.526304997270028,9.564375635945664,11.121688248180732,13.027262922702782,0.9967506498213928,-0.0805490042187416
2025-04-07 21:00:00,5.0,37.0,32.0,47.0,5.0,36.0,33.69299099321875,5.3915443772217655,6.316644926881509,4.137537228117346,48.48118423183643,49.845657299072656,52.36906152203393,58.303520529443006,62.00310156293558,63.20206411074503,64.11461045900214,68.52875584653889,75.66476858254529,78.73779091308857,60.83051287022585,41.17834545503848,24.918136863634864,26.69991084620673,31.96890154812117,41.53481398558287,49.73149025530312,55.92850093384889,57.80552508174621,57.076084669220016,55.90851327103671,0.9952176027737294,-0.0976827678217159
2025-04-08 21:00:00,9.0,35.0,82.5,25.0,8.0,8.0,53.94869554526039,6.801312959789303,8.408776281145565,6.119069990594866,47.116308423429885,46.97221535966494,50.137119301677245,56.46056981794352,63.70366387653967,72.2496737101557,80.12040951835006,76.81723423208723,78.6545826624056,78.58384354980643,80.04048719353611,82.7570724885241,84.33060203975913,84.62528513630335,83.80480084315344,83.818050714692,84.20347938929254,83.33705994594396,82.5376135497295,81.70260970582414,85.10390861397642,0.9933900548258936,-0.114787625522127
2025-04-09 21:00:00,1.0,31.0,48.0,54.0,13.0,27.0,34.187711115756706,4.5375647772688845,8.667912751330672,5.453080857222319,43.75320014757624,44.89051697186988,51.1313304365752,58.54380176197974,66.8952582254072,77.22178172625786,85.85181729023714,92.55530892176176,96.26586559769386,99.28318102346168,99.65913238841632,98.35631849250449,94.45267664682795,58.6275888816069,33.89032921217015,24.74670286906883,22.68422505388629,27.22249841216337,31.67718319023508,36.49535651749829,40.073904278866415,0.9912685467787256,-0.1318585157173911
2025-04-10 21:00:00,3.0,42.0,6.5,37.0,11.0,26.0,30.297283071356446,5.881221715557724,6.366075973925461,5.227302802936193,28.2960999043374,29.96317716901398,33.94405031893444,38.39707945268355,43.73020248665368,49.82258993930526,54.703952778901176,60.51433360525756,59.1139922274302,50.52664530633828,41.41732223849903,43.50575933060843,48.363698073841306,51.08264361408824,50.18142454222205,45.95157743047044,42.61704269205025,38.92983988330552,36.33586408904701,32.530728820195485,28.54019830185838,0.9888537064205885,-0.1488903868564548
2025-04-11 21:00:00,-4.0,46.0,69.5,35.0,4.0,19.0,38.33322283330562,10.629390610052113,7.0339865356788245,5.950508497027649,39.83777918900592,42.23617864400087,47.39671549643528,53.56361261836704,60.64355186356403,68.85908763254591,78.43365757703053,89.73564921041013,97.13592849058166,98.47452824128972,95.62543544337964,92.94751242017408,90.2263229679816,89.44491919851183,87.06610829516409,82.57803206317543,77.66586147743644,70.76654818638397,66.08163891839897,58.76159988311554,47.02145264211018,0.986146248341595,-0.1658781989346314
2025-04-12 21:00:00,1.0,46.0,78.0,37.0,5.0,12.0,49.20446645467534,10.958957516682222,6.205116082742751,5.8625135773060935,40.46157966442333,42.06733545173398,47.59243052816991,53.656671301431736,60.78827476736982,68.52610075580495,76.69376380060493,85.47477865429023,84.33335727663047,71.83129897390361,58.84898217871252,48.91697246515373,40.710827117748806,39.92518842045545,44.19579704499567,55.581504518395086,67.71415018623141,80.56487135955098,82.64870208688126,79.59876306034936,80.502467539711,0.98314697372215,-0.1828169249850199
2025-04-13 21:00:00,-1.0,38.0,85.0,15.0,10.0,3.0,75.66610758185435,17.018035994242226,3.537147327101538,5.731559636965021,91.74302852032528,92.12918047850516,99.13800314015766,99.42903187344096,97.69276823563295,96.81292862506706,97.13727727370576,97.41398930718876,97.58054160802322,97.8029074302704,97.10990578176605,96.98119779326343,96.49112345398888,96.9374413553026,96.99806198746144,96.77920405182174,96.0726015590107,94.06093695419918,92.00837987116208,88.9348844198221,87.20783751916066,0.9798567700958664,-0.1997015525660636
2025-04-14 21:00:00,5.0,45.0,70.0,21.0,11.0,35.0,55.45602520339432,10.066816815567291,4.348754816307712,5.440183027099277,73.1926117970307,73.14364121529748,78.10070443653476,86.72158851624944,95.98197416036072,99.67620118811944,93.65786389801374,80.36642417172433,70.81951460534822,58.57200651165066,42.61287055101419,25.77552429500726,12.327152218469635,6.561866142054401,3.329057646947986,4.029344653372754,5.709039706329139,9.200266920217354,12.203651082727031,14.647166297275502,15.852157141179626,0.976276611086932,-0.2165270852448143
2025-04-15 21:00:00,-1.0,48.0,72.5,16.0,12.0,12.0,60.542358687731365,18.315459741415225,5.394627788288387,5.963962945053575,84.20445031448287,84.11977196528053,86.19632921443923,95.73982749510525,99.49625017574294,98.82076824179946,99.0039015212505,98.57080184096267,98.67123983477526,96.20809311213266,90.32027595116888,82.37018925154564,80.6829562633772,80.67514020869282,84.84957459353105,83.69342465108046,79.18043675377304,64.9085372854184,49.737646666594486,33.94057463374541,20.98743135189233,0.9724075561219968,-0.2332885440754551
2025-04-16 21:00:00,-4.0,37.0,80.5,23.0,10.0,31.0,72.55214893840109,11.122932269367444,6.467226786163539,6.39518844505443,84.11962130353335,84.10096623524703,86.49153618276432,90.53552641836322,86.25860319780571,85.9050006700983,88.22022241238304,88.3421235031838,88.91769345462963,90.9114759286032,91.46098793311266,91.88819113723665,91.0980201339988,90.17333582756844,89.1446834709265,88.70698073943029,87.08424734247589,85.510762874674,83.88436681714782,83.08726175943853,82.94855733209397,0.9682507501166718,-0.2499809690726521
2025-04-17 21:00:00,-3.0,38.0,61.0,39.0,16.0,30.0,45.92100706216534,7.640840305069777,5.93384081789933,5.241547650288034,61.61840690725751,62.00976513947669,67.3138705495653,75.41555783365975,82.19853259128695,86.85454345630613,91.00222027352484,86.00823881327754,74.27321708702685,71.19599043781739,71.70834888464137,72.51438777977303,71.92498768666522,70.46609891877674,68.21389312058461,65.43073555001338,63.41949080620493,62.0132823408364,60.45768245886954,57.482357829173125,56.22978065689534,0.9638074231367308,-0.2665994206792935
2025-04-18 21:00:00,11.0,51.0,64.5,17.0,7.0,23.0,27.98773246575409,10.616298911794283,6.959936342309275,4.8638761464292,15.507755524233485,15.66558186615114,17.244884805610646,19.23728850872977,21.71246007588837,24.45209588422429,28.74417001789873,37.55585201218887,51.64198554462085,69.4540421572605,84.13118172946466,92.08893008304923,95.12670254283675,92.40057727289911,89.33526162014245,87.33451666625899,85.98687015958787,85.8726079808386,86.03605572126021,85.68311487886308,85.61942130060967,0.9590788900341132,-0.2831389812281835
2025-04-19 21:00:00,1.0,54.0,82.5,8.0,10.0,22.0,77.13499337887522,29.507847837933376,4.816481040303756,6.266817982710256,98.49028660731892,99.84256584091568,98.87032750305154,99.21425043903992,99.29546705287076,99.2301825665905,99.7296830299167,99.80502006972512,99.30023385805356,99.05825102936092,99.8841560338054,100.0,99.71209122272636,94.57290468777164,83.49575874272162,55.60833108463438,30.209422787264344,22.05060550398096,26.77854461903778,52.223097425038524,68.10199801084642,0.9540665500578388,-0.2995947563972602
2025-04-21 21:00:00,3.0,49.0,24.0,33.0,6.0,34.0,34.24638252382179,9.290016822369356,5.308775176713487,4.522504068206643,31.87628565403432,33.41255229169119,37.44896136145084,42.1825819385684,47.26166293691858,52.543763213895176,56.71800348095153,57.14063560560707,48.73990659490086,38.023460525351446,42.7457455630621,45.31787868884104,46.48705114410732,41.65472639808649,38.41820214942443,36.88703540382867,40.67182129797421,48.69654736184416,56.296737127097394,64.64780726304696,66.45829237503031,0.9431964659565866,-0.3322354987159043
2025-04-22 21:00:00,-3.0,42.0,82.0,14.0,10.0,15.0,76.04554787969504,16.623198077691665,4.151756752005085,5.54414972041103,97.19377932243982,97.57495218833672,99.58251719580592,98.90189625962138,98.13855233911588,99.8045174732222,100.0,99.8202633855897,99.27781470546896,97.39738845582578,96.3293352507731,95.63006797068395,93.67126468605584,81.73932010478948,70.19395810354025,62.3176438144806,54.27383109210938,45.46513935647143,39.98616683355792,36.353165349224405,39.843034310587925,0.9373419384643772,-0.3484108069446808
2025-04-24 21:00:00,-2.0,49.0,68.0,36.0,3.0,16.0,53.84368117221753,12.33017796062282,5.215585315859139,7.0469403391803045,70.35185137351316,73.79345389070332,78.55533922262433,83.57669531598302,87.81574598367669,92.0295794637332,98.2003804696093,99.52954398343763,86.03935392095805,62.42033079393845,36.04555761497058,23.51372785108253,17.31013136821316,26.06651175836867,40.55053790789663,62.76912578074978,75.6165371808138,84.47330464578945,85.71663609762385,81.26189592598634,80.08222283261127,0.9248025743285088,-0.3804473662878516
2025-04-26 21:00:00,-1.0,43.0,84.0,12.0,12.0,7.0,82.37880629106463,22.976443278722986,3.2265163392709324,5.159816595583827,95.0950832973777,94.77404544338027,99.04300531209562,99.3547870106607,100.0,100.0,100.0,99.6768513146326,100.0,100.0,99.94341222675148,99.79191525667572,99.01624188407403,97.562825088653,94.7299520821854,94.59225079287675,94.11118445027074,92.97092411158408,91.71760186869342,90.06454395669837,88.65453132613588,0.9111686353326632,-0.4120336369594263
2025-04-27 21:00:00,-4.0,42.0,84.0,13.0,15.0,36.0,76.04554787969504,18.85504534041984,4.246528727517561,5.318049755185813,89.75893027442885,89.65554024552272,94.07875336226115,98.21230094456313,99.58557442629407,100.0,99.91052404912688,99.23126420034176,99.02343859471864,99.17260198658406,98.81584328891964,98.67584649906604,98.1074511796946,97.7489172374655,96.57526640831948,94.75378710471212,92.83564359878748,91.57785707659124,90.58022638143562,89.12235570932484,86.75221071548968,0.9039461929224012,-0.4276462092677746
2025-04-28 21:00:00,10.0,60.0,1.5,34.0,7.0,32.0,39.056047127995775,12.029291390102916,7.340960763858289,6.049490442818429,52.97245202710859,54.301317357733005,59.25967184640821,65.45728403042669,67.33262164628084,63.24568476160969,55.71582224537861,49.584230219586765,45.853914943010096,43.66684786804961,39.73975948497277,33.89644637613671,27.36558022021057,26.81088527998913,28.543954431004696,33.98239977483766,38.42808655309952,42.64524954411949,42.84928674972737,41.069009884214566,38.80247405582666,0.8964562582905575,-0.4431322341826345
2025-04-29 21:00:00,9.0,69.0,33.5,21.0,16.0,19.0,36.09062397227366,22.952771555737257,5.274746797960974,6.973424607836653,49.16264557344534,48.99498625301321,52.726743274358135,55.47881072154512,49.88030384364754,44.65616200406908,41.34980394180812,45.4842035573501,58.845831629790055,72.84946496842207,76.14879858040526,72.81216310591238,62.72735031802081,56.32866772623078,50.96156280526903,52.391862386319055,54.59473196702513,58.76904317052419,59.17162492603369,53.63807519626589,45.160631906086046,0.8887010478292915,-0.4584871291400876
2025-04-30 21:00:00,-2.0,44.0,28.0,40.0,20.0,32.0,43.138125246217896,5.9190667048365935,4.003227526772464,5.460313358145505,63.30842260509776,63.72976264102368,71.94825232266011,81.34325689989743,88.98392876563362,86.93984118196859,65.4870482436286,40.01707676675388,21.77632223909873,11.938532884406763,7.314845612824558,4.462022081630717,3.210003692763045,2.920025200414454,2.6867044948687195,2.828834010698064,3.5354780342262906,4.822186282011312,6.911087378980539,10.07835660520677,13.323025555938326,0.8806828564301475,-0.47370635037968
2025-05-01 21:00:00,4.0,54.0,8.0,34.0,6.0,32.0,25.06515148578729,6.86056222209495,5.174788073649926,5.732115218538242,27.78795051047121,28.72175313601212,32.324364045143085,36.50648212357653,41.179608062351626,42.75792689545671,35.44859449496084,19.677317443127315,8.49854790042544,6.549150036306742,10.773257302814269,16.15712956346105,22.829374719032494,30.725890598386364,38.92973940370516,46.62160463485189,48.55098833633325,45.802094170307726,39.31646785761804,28.849741253954384,22.59906953912824,0.8724040568049612,-0.4887853942889926
2025-05-02 21:00:00,-5.0,47.0,84.5,11.0,12.0,16.0,70.76320315881948,26.876963116220967,3.031273183454606,5.99566875785314,97.9129756812039,96.8709414259508,99.6221716651147,98.50481549426996,96.4905759688335,97.90260300956952,100.0,100.0,99.65336442054743,96.21511588312651,92.31141579946886,89.52898904533927,89.90598617116522,94.3777360924318,99.12888701137229,97.79967807399476,94.05734707005408,86.12130224705722,76.1152492735191,63.80742960476983,53.75736854167423,0.8638670987837349,-0.503719798736334
2025-05-03 21:00:00,-1.0,53.0,83.5,28.0,7.0,33.0,54.43645846023466,17.106727897392354,4.679210432354372,5.577005322288934,67.64671900348056,68.41695060818434,74.74774005490701,82.78382945693828,91.1647953040636,97.01658207543196,99.37796985897444,99.68110841349088,93.70227416286542,73.76277193001049,51.48249276690368,40.23276857975068,36.55671602733497,43.386360390986695,50.83129852965932,59.55504422766311,67.77397028654075,75.9199636700371,82.33996352065382,88.0624521097579,88.85803760138408,0.8550745085896932,-0.518505144391157
2025-05-04 21:00:00,3.0,58.0,45.5,51.0,13.0,32.0,35.73235998600179,11.329736454093386,6.81966045173311,4.970668330343546,43.65840780223738,44.71191038709272,49.93253040105984,56.37847295464298,63.29741537200802,70.96313802964508,77.27589930325864,82.70743078307787,87.46407222322071,88.54264362511027,71.474991851106,42.750508094531234,11.7479354704822,4.765093615371322,1.5107540496942315,4.760114326188339,7.247147960349065,9.377900117458797,10.485400240481352,11.032002489313625,11.419101445807993,0.8460288880917339,-0.533137056031809
2025-05-05 21:00:00,4.0,60.0,19.5,36.0,4.0,15.0,22.9346376990317,8.958950281772747,4.6682669801227545,6.667892229280059,21.14181610241133,22.97827853202072,25.64204309124497,28.51078952680055,29.99869180348588,28.7182189133362,25.64014189219203,28.79043364704256,32.571204884505484,35.1331384503836,34.83765978310013,33.63999755177879,32.30363593091341,31.843095030876395,30.854850729638155,29.051501026676323,26.78960414433067,23.570183778980457,20.62973844435074,16.53903578011776,14.07532142742663,0.8367329140344921,-0.5476112038402312
2025-05-06 21:00:00,-5.0,62.0,77.5,20.0,14.0,17.0,60.09670435708345,25.494177940405923,5.495932663413232,5.627634744794365,74.27569273355384,78.54580346305208,88.2593970972782,95.6924382121548,95.47450000965937,92.1050097608401,88.42034994986278,86.62378689487412,87.98941421794959,91.78014438577512,94.59449353636488,91.93289236862188,84.60264995687295,65.10484974554012,44.407094379805,22.300498033832543,17.998280254828927,24.306282364390263,37.19674549454396,56.289229125518894,64.73373375111481,0.8271893372462497,-0.5619233046832195
2025-05-07 21:00:00,-3.0,64.0,78.0,27.0,10.0,17.0,60.361457330669865,23.90847880427085,6.914377471560032,6.090762738020404,75.69526064185916,75.62667465957782,83.45416537019342,91.5154934995363,94.03611330610062,89.83850692121317,81.58121312729064,72.76878859953932,59.033155753954446,53.095657926437646,52.025218268477104,51.97859286916485,52.36513288448855,58.88696574165893,65.18772356872672,63.07601309493385,60.36590373027862,56.93281807201798,55.662526544077565,56.75976214080101,54.84528966871244,0.8174009818249189,-0.5760691233798758
2025-05-08 21:00:00,-2.0,45.0,73.0,29.0,11.0,36.0,57.75190996529316,15.032712405951134,3.974327198577873,6.153638667689357,69.4913480505732,73.34885111843093,82.82967256898614,93.34617641531744,98.84547283766668,98.80464215308638,90.55074406796606,86.0293162567159,86.4289048054051,87.4390221133713,86.41694970180058,85.32634361766846,82.69491673940624,78.91591577638847,71.42111201458091,59.1942299806436,44.34003180473387,25.69201888777604,15.81008264628267,7.339372458371832,8.49470021421296,0.8073707443023492,-0.5900444739548627
2025-05-09 21:00:00,0.0,58.0,48.5,39.0,6.0,10.0,45.4041024120896,17.77253030181285,5.938565127432552,5.736636966217484,46.95317416597162,48.86559332391162,55.14461800259124,62.05557891432187,70.2824295505145,78.1755770258103,83.9037757890038,77.37373455588904,73.39100855131143,73.70103768659858,71.51165450374118,70.39203565768162,69.61800645912402,69.46812025411843,68.72018995227984,68.15655402666509,65.9238902745049,62.29612579546384,57.4124205705268,50.13479844537628,58.04054487650004,0.7971015927871943,-0.6038452208771035
2025-05-10 21:00:00,-5.0,48.0,85.0,19.0,11.0,36.0,70.87219052088518,21.99369470823148,4.378769351934824,5.44734920497715,81.56718474111698,81.6544748133407,88.89950828307734,93.64803633962744,97.14310023333806,99.92679589941152,100.0,98.19500622702392,93.75669787379188,90.51397904936564,90.72404726564568,92.4303949224025,94.95857425763646,93.8020436837858,91.84892741707884,90.77364622560962,87.89816063868766,81.76173672025072,78.15784129798735,76.58095079674236,79.22321127478578,0.7865965660866021,-0.6174672802835514
2025-05-11 21:00:00,5.0,47.0,1.5,53.0,19.0,32.0,29.81759842880665,5.394808562391628,6.397897576402568,6.972653556604142,39.596428413409534,41.306648078766,46.73516192213851,52.91725765070034,59.96621373410754,61.58212173703782,63.31819654840002,59.97559318231095,44.84707822089257,22.187959304512223,14.79705232154031,13.33281696339849,15.374489379468844,16.96088515555253,18.03084128636193,17.450912495701676,16.406296222353333,14.602596962638785,13.23204538026785,11.708504420938738,11.669735458078868,0.7758587728069828,-0.6309066211876704
2025-05-12 21:00:00,4.0,58.0,60.0,62.0,12.0,32.0,34.31184626017269,9.307326280354989,8.180382802356151,4.451389885553225,32.038493613792475,32.68013212775167,36.674027216264285,41.262929499681846,46.68758471912991,52.537715045745045,58.54761608868985,65.34226333055337,73.65106208097554,82.20489900428136,77.78353325548626,63.75293025016424,42.5324781519249,26.29933774955624,12.641089741061274,6.705390310821883,3.237633289673561,1.4446113023969265,1.7203042349057882,3.684335865201796,4.474756697248482,0.7648913904341226,-0.6441592666722685
2025-05-13 21:00:00,6.0,62.0,66.0,39.0,3.0,19.0,24.227355622953382,8.959054167266688,7.885622468089993,4.532862637928689,15.068586217308615,15.758330131214072,17.397828455703785,19.3349525717909,21.49479925001151,23.6705285352865,24.68515800789388,17.94819198536495,10.230658476746326,3.854824686074436,0.5963447878114982,5.804435360073317,21.69777354070333,62.81995337873303,88.4792812218312,97.79467462288116,98.94315230110784,95.3636954990252,91.03159887337937,84.83392485262371,80.51804705218944,0.753697664392914,-0.6572212950663319
2025-05-15 21:00:00,-2.0,77.0,56.0,28.0,7.0,26.0,40.24187217806167,31.66816307165437,8.672588645099315,5.669342548499333,39.850179150346825,39.77443742857611,43.408047054104,48.36212839883376,54.026223178134295,60.90755198713678,68.4395999843159,76.12321681968629,82.44212424039017,89.08867099460844,92.56683173588507,95.04542697454733,96.73929457317884,98.5486855249466,99.40987484069863,96.62483198276124,91.0260224100753,82.32806268554974,76.56333630969495,71.44804322925427,67.53236251789467,0.7306444969184916,-0.6827580970759147
2025-05-16 21:00:00,-4.0,65.0,69.5,20.0,9.0,10.0,62.76833126674746,31.44992985217912,6.441131302900717,5.94629500461233,69.04804888528557,68.06811128622674,75.9557855627729,84.99620087098201,94.1357957562888,98.90724974772225,99.4256139768232,99.31537512622803,99.12895168859248,98.13563943530012,92.55054114114084,83.91640417337723,73.07952585351967,67.22568495381893,61.31196584487702,54.06544277811653,47.64922979232754,43.75298031530715,40.118246105002086,36.176750521743095,31.5452334879374,0.7187918772884232,-0.6952253139408722
2025-05-17 21:00:00,-2.0,58.0,85.5,15.0,12.0,14.0,74.66171995626145,31.3819806442557,3.9086734189858174,6.311883213337621,95.8130576600076,96.07346642903524,99.0335201011259,98.63458135155216,98.54272958713167,98.48305823673932,98.82954127972506,98.8049138416603,97.77962393054496,94.79626622062958,93.1175840121626,91.23307084992445,87.48270280893476,89.2392999230034,92.27367678047112,90.27686208634964,83.87487953603016,71.6020607440225,60.663545341489886,51.62099400040869,48.2074733972267,0.7067265555776158,-0.7074868024503348
2025-05-18 21:00:00,-4.0,56.0,84.0,12.0,7.0,4.0,77.30972304092126,29.919921744349068,4.92668625785043,6.250975782844611,93.1601393496078,93.11412110128708,96.16661695094948,98.8856638012563,100.0,99.49282690581886,99.8848799427992,99.24870155533326,95.91892352040436,91.4706840106391,89.31919745796152,90.37504229915282,90.47922466040208,89.68792401094929,87.52509419277816,89.21413765265966,90.760086165279,96.7857003040415,94.77730172115014,79.55853116122388,76.36377951900435,0.6944521021088763,-0.719538934232584
2025-05-19 21:00:00,-2.0,48.0,84.5,14.0,12.0,36.0,73.68651352933676,19.869315701933537,4.08735282421563,5.42188119094035,87.99026316446556,87.72422306874907,92.70490840169752,98.99841107020774,99.89806699840226,99.8645059417767,100.0,99.7739551380057,99.45072367801264,89.63629955474643,78.01007656758301,66.82508727045287,60.62586150618178,58.20145246097602,56.90955290792395,54.45900398553408,50.69159790511044,45.00513531160998,39.28727392753589,33.664284073983005,28.26709493745121,0.6819721490904629,-0.7313781428679254
2025-05-20 21:00:00,-2.0,54.0,60.0,46.0,9.0,5.0,50.4488411346474,13.149593742880656,4.5719629501385874,5.738320373552021,71.58633449517512,73.05692753375263,80.72835254434256,88.19571798945421,93.89926325559269,97.64057745761802,100.0,90.19222982201684,73.7454838604171,56.7691252651103,43.70753764896557,36.64162622166264,32.972031762114405,32.32958562274545,31.09248446494992,28.422028588335785,25.678481136790428,21.9937120393717,20.210223198118435,18.6321411586079,19.70237571311037,0.6692903895412567,-0.7430009249440493
2025-05-21 21:00:00,-2.0,53.0,71.5,41.0,10.0,9.0,52.3295909554753,11.227916731133172,4.8074528574104525,6.024586220058739,68.05711819813513,70.64804743856888,78.13272446897408,87.31844559799664,93.5956139211344,91.80656993721269,95.5437942588782,92.05061142199185,73.78554226903381,51.65165513792493,36.4516071798555,26.38074140099535,18.18844313933384,13.723807482823682,11.55338532653763,11.92890641578401,12.796021424697951,13.901887679474708,14.496712342341445,14.900511577840817,15.12353480069267,0.6564105761979381,-0.7544038410927472
2025-05-22 21:00:00,-1.0,55.0,70.0,46.0,12.0,12.0,46.75238080743856,11.57280793226961,5.328424798554653,5.866899146118997,62.22216416075369,64.43103765281786,71.40798112512937,79.2661538144533,85.89147820279068,87.89184765751573,89.1985169245496,95.25484400093904,97.85394064529572,84.81903400234394,43.85417107197073,24.61857328611101,13.67881267525776,13.536990062855084,13.178068947337518,12.410062845678794,11.78801140751254,10.984527814244135,10.508894956999171,9.85392350754688,17.04567747886608,0.6433365204044917,-0.765583517007675
2025-05-23 21:00:00,-1.0,41.0,84.5,16.0,13.0,6.0,79.03781672993696,17.744099637893733,3.190278214451908,6.618938079095038,88.88315470731173,89.40447672288616,97.29448948009212,99.41863815012594,99.68874376791796,100.0,100.0,100.0,100.0,99.76131067496378,98.6825732919636,98.6255600216185,99.27431940867814,99.9716804243458,97.10618681871756,79.48958829706704,61.526903137389375,43.43299854358516,28.414194094958344,12.475797579223665,13.194693496804147,0.6300720909843687,-0.7765366444428655
2025-05-24 21:00:00,-5.0,44.0,85.0,19.0,8.0,1.0,76.2321444120813,16.504129727565047,4.7826307392719,5.517640330370006,89.5025131497133,89.63459557079148,97.87396912024424,99.36312313398663,100.0,100.0,100.0,100.0,100.0,99.78768708482568,99.41454708754546,99.14600519104556,98.7755823209459,99.30951927602597,99.45808418761432,99.20439080640324,95.7844630302844,88.69635053581433,79.01514328018112,65.32768573100903,62.61154043672365,0.6166212130956382,-0.7872599821916922
2025-05-25 21:00:00,-3.0,51.0,72.5,26.0,7.0,35.0,65.89567123190949,15.756197172876645,6.278427990758941,6.560387668362548,79.1042225510478,80.41359860315505,88.29094061549978,94.20983103202671,95.87039072074565,97.05324390255248,98.67174234656008,98.5802226398812,96.61018142260473,93.81113351777864,91.05034042686864,87.39487141638939,82.77042614026297,81.77417389793098,79.1794165698181,74.53232815266708,65.736430020606,51.26668783168656,40.258728815651445,27.917779579120342,26.27193099786661,0.6029878670694714,-0.7977503570459932
2025-05-26 21:00:00,10.0,68.0,8.0,63.0,9.0,33.0,31.952006047371967,13.365348914097137,8.390533287838435,5.128811611948891,46.00987451615063,46.56506807293248,50.56056063389026,55.91947721005924,62.102930441099545,62.45540787468633,53.098456547869645,50.13580000956275,51.296099358463806,51.285218671818754,49.26897212223387,47.25734407445298,44.51053236487596,39.64462209728776,34.743725099301344,30.137932179242465,26.96316968864431,24.69843700313976,24.67472777261872,25.235796840887303,30.715218428133014,0.5891760872322963,-0.8080046647350754
2025-05-27 21:00:00,4.0,73.0,27.0,77.0,7.0,31.0,25.908905454389654,13.649580853301906,9.025359395175318,5.620066516213227,28.65594207960552,29.71231065283957,32.843840851357704,36.71141078377784,41.1008949100036,46.343943198115305,52.47280780876267,59.24016272109799,62.74442131695236,63.29055006769762,64.46294657894995,59.38143060826884,50.93623220503692,44.295575963806925,38.11676334113876,33.33021489975172,27.860072676908548,21.71017436110113,17.532196932695506,13.214710541568934,13.477218846969102,0.5751899607119775,-0.8180198708443175
2025-05-28 21:00:00,3.0,77.0,0.5,70.0,8.0,29.0,23.58138315744159,10.679145298274276,8.17589318636551,5.707981980939377,23.15889116163694,23.6962489172748,26.14414521138891,29.04256661212543,32.411003295917105,35.88729792903796,38.95081781295027,43.4342662264808,47.00114681403189,47.30251352028993,40.07097238352295,26.86919784256029,12.728179044660443,8.822261255329277,6.319058193445909,5.605935074914807,5.742207155176977,6.344815997706892,6.736591512131336,7.118115158400435,7.843818199746005,0.5610336262283677,-0.8277930117131022
2025-05-29 21:00:00,3.0,75.0,74.5,59.0,11.0,24.0,29.46197473219032,15.856922211228843,9.327795609115524,5.364105385101875,24.105379567852395,24.70656477267636,26.00973922321883,28.84427406308831,32.22618483456272,36.000188902669656,40.26896474306126,44.685224400297145,49.033635561007166,53.08682867210492,58.591310672469234,64.39023199345603,67.65401235971143,58.38297012775209,45.15514952546396,32.91310825656392,27.913325622169992,34.287922472858035,48.49331573002807,70.88359398327673,80.33868080116532,0.5467112728685939,-0.8373211953118121
2025-05-30 21:00:00,0.0,71.0,44.5,35.0,9.0,23.0,47.42102825645858,25.875623431523064,7.764708168010528,5.684835812776297,59.378964035011286,58.96478708539266,63.05717438860492,69.70577505435652,74.2099656066218,76.79615523493072,75.86245542718355,73.33675096875399,75.16557141173905,74.21768544212584,71.42874165258868,68.35378387879769,70.83053671946898,74.36280234513136,78.60396270367784,80.41899147866621,77.33821061209972,60.77512645318626,48.26432020095674,42.03425118601293,39.0507579092708,0.5322271388474397,-0.8466016020976267
2025-05-31 21:00:00,-1.0,60.0,87.0,29.0,11.0,8.0,80.54849897554632,34.81553217882881,5.662698611644097,5.749803944776463,96.76551893029996,96.80546743074888,97.29409872730623,99.98710073907765,100.0,100.0,100.0,100.0,100.0,99.66683838887006,99.642147530521,99.6275913991552,100.0,98.52383425597588,93.20352437887564,82.88720864980108,70.57697836607224,73.66883362745247,77.7788583529246,88.5539131957814,95.01600375325548,0.5175855102531889,-0.8556314858488706
2025-06-01 21:00:00,-4.0,50.0,86.5,34.0,15.0,23.0,73.88570607419034,22.53575160209148,5.28441300451287,5.779967883209487,81.89546147959848,82.23134358320522,84.62584881118815,92.377415211725,99.41861225329644,99.47875982058616,98.67161896538023,98.47895302104035,98.91832768586102,99.2423614997961,99.69800612687094,99.46410048555346,99.18644504008584,98.96940581866356,98.27869431027128,97.12698351224884,95.47819973102963,94.98808703959392,94.38256672955922,92.80673942408308,86.16098073203854,0.5027907197793043,-0.8644081744776648
2025-06-02 21:00:00,-4.0,54.0,72.0,26.0,8.0,28.0,63.76128210461832,16.6972071321924,7.145603374593574,5.500759962159761,75.36646395435321,75.44168677428388,81.55509509405663,88.20858116091162,93.6105403544968,95.18602890497466,91.5570629664552,88.48959513143726,86.79452900236811,89.39258470911035,94.03033499260808,93.04584637935282,82.11602644814174,61.47662063375784,42.85201216585053,34.4925260769644,30.439384452841445,32.00099508257096,32.29360350776177,31.03314720400948,25.62500067247167,0.4878471454423119,-0.8729290708206411
2025-06-03 21:00:00,9.0,72.0,5.5,53.0,8.0,24.0,31.348362211590704,19.88745646796732,6.236771791196546,5.367041134743803,41.80075472640934,42.08139320862338,45.262551472791536,49.59248056400596,54.61355675108496,55.58969729225378,50.491271755182346,42.55710596416418,37.24542398329316,38.68313362288552,52.6623302147328,64.64386539755125,75.42795798598334,72.28702545300973,67.73513166501343,61.68773207123169,59.4275876492243,60.49360292873621,60.30819099743848,58.65186156451492,54.908374610042976,0.4727592092862775,-0.881191653407483
2025-06-04 21:00:00,1.0,83.0,45.0,46.0,11.0,21.0,35.59817140307906,18.383225819137508,6.252336706059876,6.4335954580956125,37.93951078299372,37.97471235278337,40.21450374994678,43.8545304850496,47.40235756612034,48.02556841180806,48.08870118015378,44.40385745680347,35.36348987242033,23.430210711864124,17.84572605548627,14.516409996153076,12.84064542936533,11.604742820456346,10.988829891172392,11.938682499384209,13.185140933221906,14.613513487966827,14.447049480858546,12.958385475626292,11.128850796398462,0.4575313760742512,-0.8891934772070711
2025-06-05 21:00:00,-4.0,72.0,52.5,19.0,9.0,32.0,61.397964442270506,38.000875975607954,5.962057034695383,5.356615012207348,70.61172683015481,71.42413905958459,78.17683266662297,83.31430292068639,83.07448769998655,86.22355733322095,93.27724425357214,97.12382461105614,94.04249019335832,84.69290871885474,88.33993154241759,92.57338973990026,96.28826193643371,98.21382069544087,98.88043871537003,97.37557404769753,95.90584559182878,96.4373881259833,90.1994035773266,78.77764180096824,67.16054040783422,0.442168151967072,-0.8969321743510065
2025-06-06 21:00:00,2.0,77.0,53.0,61.0,3.0,2.0,32.13435070982982,18.26900015477859,7.82578555741694,5.278193041948988,36.619757414101336,36.878033125940405,40.30606195591201,44.83497941923289,50.1792881238327,55.530608091946775,61.3954943627979,68.07161095237194,74.81135244865233,79.15082822126159,68.21490992698354,49.63860574192832,25.04106518738266,18.905742201041274,14.987593422235596,17.718235646902126,18.74374751535604,18.07315691426954,15.125481683903322,10.477198656297318,10.188196518142592,0.4266740831899246,-0.9044054548343
2025-06-07 21:00:00,0.0,68.0,70.5,30.0,7.0,35.0,52.54132558106587,25.77659584180397,7.188047219289797,6.016094305941504,64.12755630816129,64.17281819769437,69.60744809172556,77.2038207507508,85.87150737495051,92.32043772729487,92.67305560612948,89.11650753771407,84.2862858770281,88.53450217635317,85.85912301752215,82.66696241067824,80.17731495654665,79.88216548401319,77.37934179501958,69.90723114457319,61.5536195107249,52.321213483048,44.781490199373145,37.48668187432165,27.21180038897996,0.4110537546870351,-0.911611107193024
2025-06-08 21:00:00,3.0,69.0,0.5,55.0,6.0,35.0,29.679028847039845,14.274206950969765,6.756765986046778,6.0451649295702765,39.321043538135854,39.788250795787306,44.108635916411984,48.92951508509992,54.855320333134216,61.65771473344567,68.7212146444685,71.34685355535785,62.46144154907909,36.83894331979873,28.513644528669264,24.870136744181927,24.83057210034995,23.696125356371343,22.70387994517353,22.21757906021168,21.943502980857737,21.57970010828093,21.518697122266936,21.15272139904356,20.35660556577157,0.3953117887649151,-0.9185469991587164
2025-06-09 21:00:00,-1.0,71.0,10.0,57.0,13.0,17.0,37.82944191356834,22.96830226599028,6.458349058437739,4.995299315710067,46.943938562089386,47.77318358486784,52.905962616802185,59.01934816443719,66.05421533361626,73.0922112528307,75.11302212528153,78.39429029721708,81.69183807977072,74.89914851616287,53.55279836590243,48.48461340473716,53.7377227549973,57.893060591111336,60.93601792030036,60.93774205127388,61.125680126569925,61.295064506672695,57.957366488747,51.94957644981854,42.06702515813765,0.3794528437245443,-0.925211078289358
2025-06-10 21:00:00,-3.0,60.0,84.0,15.0,10.0,16.0,74.85066533341019,31.855823388374496,3.828129277546021,5.594393222785246,91.5209968754743,91.54389785043792,98.9379652828436,97.89374620705624,97.91060221001392,91.81899872463352,80.1767568543476,72.56622663291428,69.10553654875788,67.25904561043988,68.01257635666826,70.2873528878322,74.09528007123754,79.06106029744963,83.24662998212185,83.53789217736482,84.99119214153555,87.78463335687496,89.74828251051777,90.78004371189006,91.08049376742626,0.3634816124829063,-0.9316013725767188
2025-06-11 21:00:00,-1.0,70.0,27.0,42.0,15.0,26.0,49.06274959008728,26.537973971739447,7.941864297374952,6.187183101217828,54.10090786613917,54.93260920765576,58.49087018205788,64.76380375893315,72.12670116634361,80.27605999678241,86.5371884876654,89.39726829262878,90.46526053309678,92.02288068847204,92.75777219500428,91.96514297381368,90.6885366666388,90.36681445321643,89.18710119771914,86.8555065369178,83.21697072006376,76.12594854147902,72.75614798559548,71.24174959383055,67.6581682166152,0.3474028211842774,-0.9377159910299092
2025-06-12 21:00:00,-1.0,62.0,43.5,47.0,14.0,30.0,49.71902394167917,17.437279218289003,7.868730060270891,5.5704784849229805,56.24300381682883,57.25306579511261,60.94392509526506,67.78432687655359,75.42963825676539,81.2957839897288,84.57645925584725,84.14082066866443,81.46644018181897,84.54284498784914,84.72942669640845,84.03707544586088,82.01983639202363,65.67080646949573,48.07344480077159,34.635969310245656,25.36669683325532,22.17254590581572,19.89333561041641,18.358979624668223,17.413465304319782,0.3312212278016865,-0.9435531242349544
2025-06-13 21:00:00,-4.0,58.0,39.0,60.0,10.0,32.0,38.730744915729446,12.145603889213968,5.931854764938072,6.022645075228302,52.43672279806779,54.48027919716384,60.41009486700551,67.83291168258721,76.29577056818927,76.91145817785278,76.40870299010054,79.48935839117159,86.64041187082415,92.42323839736008,81.47756659305563,42.32141392031507,10.964508426720297,9.794861461193802,15.474104991284236,31.179041685078783,40.06544928603441,45.393395544112906,45.0692288179272,41.856045907811634,37.02528296301903,0.3149416207289519,-0.9491110448902284
2025-06-14 21:00:00,1.0,64.0,16.5,68.0,3.0,34.0,33.91516526462245,12.46129591980382,8.277843712077518,5.001263479812147,42.84638009022642,44.4992138888183,49.30123121749436,54.98719746180378,61.426368473166825,61.49474998682213,57.74098465625153,61.23167635847884,68.12505105136317,74.94715537049167,78.53028167231231,72.80240672985673,57.65335862158537,24.951709391780817,11.797773642193867,15.962955118919083,17.126274120557433,16.362632047947763,14.71067105198737,11.946845789349306,10.131819423803702,0.2985688173637202,-0.9543881083175908
2025-06-15 21:00:00,2.0,69.0,23.0,72.0,7.0,29.0,33.392262459884066,14.385811575251502,8.866026630438641,5.220540586786233,39.67757178012154,40.512765961423256,44.61894551996552,49.36533261655836,55.16595482117208,61.56779047877746,63.20337423201816,61.76437643786,61.26819646008593,64.00655561460226,70.20217031498184,69.5101076439968,62.51633075366897,43.38844094770632,29.32678638035277,23.723893389096624,20.24915047036072,17.39684350067609,13.698351914407144,8.377122496482702,9.00869228504884,0.2821076626819194,-0.9593827529490744
2025-06-16 21:00:00,3.0,74.0,35.0,63.0,9.0,23.0,31.663474899568268,15.483569556673476,8.247217632829075,5.698816106150497,31.381649576879795,31.809293712399555,34.678217786053246,38.61537252082341,43.29101373950836,48.55661053338821,54.86230575668554,61.480634154405735,67.54867429138729,71.41386271633769,64.32479546536108,47.065255912503176,24.52539292661553,17.110022261720967,12.109146029585078,12.182042609025448,16.90481286873638,26.423831995226355,35.82868027503544,47.27548632722575,43.13515404340031,0.2655630278040559,-0.9640935007889756
2025-06-17 21:00:00,-3.0,75.0,71.0,30.0,11.0,19.0,49.80730647655911,30.763983849149284,7.747941676075053,5.311933751216592,49.18645837840222,49.74521168439504,54.64813651757808,60.66981056134166,67.41416599837812,72.84215292656837,78.88224274665906,85.25713613697299,90.70872868638511,92.19266457758977,92.08467939668522,89.63279095018353,84.44890359158805,74.10362673025267,65.41731294326445,60.76748360137329,58.56362490886538,58.28407356239978,58.16630903202402,58.07160235230899,55.57047084588103,0.2489398085537665,-0.9685189578512204
2025-06-18 21:00:00,-5.0,73.0,86.5,18.0,9.0,21.0,70.89397217984008,39.1529773594726,5.967290296347275,5.875254378080132,80.6264439043342,80.93487449070655,83.48839480631027,85.74159105936648,88.33079148775427,91.90596606075096,94.98380766915822,96.09350296931449,95.06699403174105,90.28822386737124,85.33365174061899,80.3789097598994,76.52815920565132,71.6755825500495,65.72658372250656,58.70267251645117,51.6024894039137,44.53936752399891,39.72201154765712,36.76967324069124,35.68654518977124,0.2322429240090701,-0.9726578145718654
2025-06-19 21:00:00,-2.0,70.0,89.0,12.0,7.0,14.0,84.1691421001808,45.20849362625123,5.778733327918621,5.0242373326225245,85.19548464358905,85.03898384048962,90.99749976312404,94.83475217604882,94.22532991851222,92.02657024917984,88.8298210358105,86.02797908497698,83.91294837536253,83.24015567153756,84.52878126850389,87.35731920398071,90.13382814261512,94.93663788064497,99.21497861508088,99.09148354191667,98.996898592267,98.86421793259063,99.15984911933418,99.5302189442992,93.29207449134556,0.2154773150467301,-0.976508846196619
2025-06-20 21:00:00,0.0,59.0,88.0,22.0,15.0,32.0,83.4729949423497,33.95901900213348,4.705111621916297,5.752459549854684,87.63434232091014,87.84496197482812,92.59211725317874,99.69835361118348,99.51419195615178,98.69819365223296,95.75786022577653,93.38293544409892,90.10516645647856,89.02414050295006,90.76442630009504,92.8212524816716,93.11815736766684,93.11534036967215,92.64123316238503,94.58170607910608,95.87544326156898,94.9154914702534,87.72666682915508,70.90972327488174,50.62858974689208,0.1986479428801711,-0.9800709131432666
2025-06-21 21:00:00,2.0,72.0,2.5,48.0,8.0,29.0,36.56881866475328,10.888908062205209,5.992495625918372,6.897739043358805,42.07818890154139,42.52581319578198,46.01358798501506,50.50428404309472,55.52350829577573,59.71678798900973,48.24446835401057,28.98946133382765,13.950509194779888,5.647767644235068,4.690117711799776,4.812609038274536,5.682642538214849,5.880739270506324,6.033684611018812,6.071778158868924,6.246282637710424,6.662008481776116,7.041646454326718,7.453803502645869,7.88840826246449,0.1817597875913753,-0.9833429613388902
2025-06-22 21:00:00,-1.0,66.0,73.5,21.0,11.0,33.0,75.4057685928978,31.747844871519288,3.205724052365076,6.106190068345205,92.8096674324188,93.0509809917578,96.75804986187148,96.15185887191464,96.88002648409964,98.56544934730076,98.91719373120976,95.81243160383612,83.45578471293332,70.3209095631902,58.20323225206215,47.57380432920556,38.02167103461628,31.76285929514683,26.23058539426524,23.2820288390372,20.635852174491543,18.33459479211777,16.758756357742914,15.411485818152762,14.125486374696369,0.1648178466571979,-0.9863240225317866
2025-06-23 21:00:00,-1.0,78.0,66.5,12.0,7.0,18.0,62.15225499128753,45.869612975640415,6.070336727142398,5.272504795483221,67.01726774062988,67.43193704425993,72.43484153606585,79.41352766657918,86.20607565286774,92.62943232373188,97.6310261021736,98.7051651951794,95.93143395953211,87.26656270145615,77.23984324965487,70.64282553614628,67.58133182030647,68.34922979688392,69.10689390132848,71.41027121989751,73.70206951272635,76.54861082702399,76.53458761531682,74.73608031458683,69.44987021406376,0.1478271334705304,-0.9890132145779884
2025-06-24 21:00:00,2.0,83.0,29.0,35.0,10.0,30.0,54.66652474733164,37.47594027742182,6.07810909622236,6.387307161966515,68.38234921754308,68.54367653160007,74.45431569815241,80.21965955065731,81.89760819112446,82.38123549750125,83.41845575072504,85.20067194212109,82.22995576557362,63.44381431282788,39.04366954001933,21.722023831920765,12.956411474376612,15.088137228451773,20.014708066799063,29.83332195409689,41.41706989874583,54.66026391767833,65.09537674703645,74.28713802626008,73.37933371954605,0.1307926758567592,-0.9914097417023038
2025-06-26 21:00:00,-2.0,64.0,14.5,59.0,9.0,32.0,36.707670168732406,13.441231037593012,6.684954457832364,5.716923141090192,45.88347325885199,47.82846197299328,52.69891919043823,58.95714532039719,65.83976407465629,73.3185395508607,76.8326052432794,81.71077679146391,86.37608170518028,82.6763626636037,60.455765873853785,43.34569984909189,30.493535257047043,26.715919039634954,23.354420367031807,20.33803494543894,16.912936560726763,12.69641875572651,10.771264018965304,9.117052410766862,9.656062688397656,0.0966127018812031,-0.9953220513156602
2025-06-27 21:00:00,0.0,70.0,59.0,49.0,3.0,33.0,37.670267622000594,13.62722522306824,7.2296743463972435,5.027877494764625,41.2523759461468,43.308004861644186,47.67003437332487,52.83977019739496,59.26294006318151,65.60464662061378,63.549887191778296,61.341115347944296,51.80132100210496,38.56486160955135,30.30754685883929,24.77713556627831,19.852338170185515,16.086559837905696,13.637080861537662,12.271241101247218,11.413051179188242,10.611018506158276,11.016085605848874,11.924982516749951,20.6352094058048,0.0794772999236209,-0.9968366760893436
2025-06-28 21:00:00,0.0,54.0,91.5,20.0,12.0,14.0,80.08874672634904,32.72932094679988,2.691654130005041,5.671695703707707,90.96919646636334,93.52970869909976,98.76746620416972,99.2824402064426,98.85654155244085,98.3592236038066,99.43557474027422,100.0,99.8503459754486,98.595273451558,98.2217281992528,99.09810100488716,100.0,99.02893890665624,99.16087098682152,99.0475663300757,98.86205915063756,96.02849333198807,72.68101562918187,34.671500553938586,22.687744032276925,0.062318379354325,-0.998056320853012
2025-06-29 21:00:00,-2.0,63.0,87.5,14.0,3.0,24.0,80.77268735476473,30.8173662889566,4.100938949162946,5.343327080394485,91.90156178370955,92.95903087338536,99.32329547228323,99.11163661060024,99.3469241086095,99.05710040284296,97.59070257138232,95.07673000425105,90.77350796780308,85.39410595092264,79.62320631389656,73.79195064661911,67.574374432403,60.855096228450456,53.47320913952412,43.966087974149815,34.884876703269754,25.021866018930844,19.351055453341587,15.464273478388115,15.710242495439934,0.0451410177739719,-0.998980624694158
2025-06-30 21:00:00,-2.0,81.0,42.5,49.0,7.0,24.0,50.68414229057117,36.80317541573943,7.414074954255791,5.261837951158414,53.17263707575436,53.50758728616394,58.3016351839166,64.39933907719958,71.37126338813363,72.3147351939756,68.61959763098054,64.50665886685982,60.51718664024308,65.75209463036644,73.37717273587677,80.57370210932537,86.47263699044262,87.95465092220181,89.37757059267778,89.90799333081468,88.46606503086983,84.50543910726996,77.12293138193289,65.5317514720895,64.50813395057094,0.0279502982402103,-0.999609314096404
2025-07-01 21:00:00,-3.0,72.0,83.5,15.0,10.0,19.0,78.64171584654673,46.55071807705997,5.615836185020827,5.604155025475876,76.44425861880619,76.34967427277893,80.5741385460758,87.59971559241143,92.95922534664334,96.76266256319845,97.54006156216332,96.02588413287356,95.89500929639296,97.90749647385398,99.16809554767292,98.9255530439824,96.3754697051567,93.85483434221732,91.8031215804854,92.32582436764665,89.12639390872042,78.08565436068353,66.18135651671531,53.61959038148572,50.532883196822894,0.0107513077635219,-0.9999422030204416
2025-07-02 21:00:00,2.0,80.0,11.5,52.0,11.0,27.0,45.3902169710704,25.53732008801968,7.841549195372917,5.534999405741114,49.05112054094451,50.615849304587535,51.92505335439331,57.09836585347857,62.971138344463526,69.72986823747193,73.54742606581672,70.64402345637933,65.65206744923529,65.27437448811835,63.38504913062884,58.495409355848494,50.38575682564485,39.860514366101896,28.77217193735898,20.87672942223036,15.427017760454802,13.903010772726615,13.903508577109658,15.531022629506024,15.523187766682156,-0.0064508641981051,-0.9999791929590824
2025-07-03 21:00:00,-1.0,68.0,81.0,15.0,6.0,32.0,70.37250898029912,36.3046814864468,6.954452945208478,5.677568977624216,75.6109876200504,76.52429343351918,77.50803779182861,81.24004785792192,86.3640917395619,92.05834750453832,96.47453828354053,96.78565067375716,96.29226800205642,94.41296717971218,94.0203922844029,93.76386052903794,95.68593194541728,97.0878346756968,98.35711056980212,98.78425147151536,99.07724961847792,100.0,100.0,100.0,100.0,-0.0236511272452315,-0.9997202729664084
2025-07-04 21:00:00,-2.0,61.0,61.0,20.0,10.0,30.0,74.94439692514361,25.759880906572576,5.9464528444605245,6.41044825930378,84.28231149404417,84.81722379737549,86.78374730335172,77.64353145262315,77.36130589275606,83.5540359117,91.62979162946012,97.53296632876896,100.0,100.0,100.0,100.0,100.0,99.74109968705032,98.6524236379578,96.10042639700175,93.88194924419372,92.089675173157,92.4013605295099,92.06111183119016,90.94933308272356,-0.0408443915432961,-0.9991655196610107
2025-07-05 21:00:00,1.0,77.0,29.5,61.0,9.0,26.0,41.75550790649935,27.20644616360944,7.232993851670179,5.638324772595923,48.45276867356977,48.774152255176354,53.42833040043599,58.99654546258456,65.4826289381002,72.83910258187004,79.62351977290918,82.73838028378168,81.88635705804198,74.7324403988136,58.36456169845088,47.12154239563533,40.96748963075096,40.607332414968525,42.44529979865919,49.24332653650991,56.46782867095245,63.850537637104935,65.99356402243221,64.55742709981189,52.81399244662882,-0.0580255693287803,-0.9983150972033183
2025-07-06 21:00:00,-3.0,76.0,81.5,24.0,11.0,28.0,66.40910847963103,45.883451629241605,6.561741789051952,5.33716032210031,73.61130119584278,73.5313127818309,79.7169844476909,85.44637887636559,86.09815730669467,87.81516315365755,91.7855054069722,93.97163637151064,92.58842497563153,88.00907928208817,83.11772463245953,81.88776505316565,85.90262306435439,91.22200882456912,95.46925049552256,97.50570357695698,98.73751285206929,98.65372616403502,98.6303355299792,97.39937736392278,95.64139920722792,-0.0751895764147585,-0.9971692572470178
2025-07-07 21:00:00,-1.0,58.0,89.5,13.0,6.0,6.0,86.51698512948003,41.75190470863826,2.595273244591063,5.066725897690281,95.918201439876,96.65858213336335,97.73633599029398,97.97654159881137,99.58663663820975,98.70827634632286,99.12261162345756,97.92460747744052,95.15808973986157,94.1272903758953,92.2978975461923,91.28232135172092,90.89539249239095,95.78817433951288,98.47521122718553,99.05587893286706,99.01427980624284,99.46934747534549,99.5903583716124,99.96187008425832,96.99517242655298,-0.0923313336953912,-0.9957283388645872
2025-07-08 21:00:00,1.0,75.0,35.0,47.0,5.0,36.0,44.62766525267708,20.7284316031502,5.876894626012317,5.495608381229122,51.56677738142451,52.28028041855054,57.544819784931576,63.723214799955294,70.71173221957761,78.36473731685062,88.43394091515346,73.08714227577492,45.06337940630915,25.85390043740972,23.272614045508423,21.135583430167618,19.45248707660436,20.014350733417988,20.421709266166587,20.57960467663608,19.70828571144824,17.8101748111978,16.371753844480512,14.757552283393446,14.489603650415969,-0.1094457686489155,-0.993992768446958
2025-07-09 21:00:00,2.0,77.0,23.5,45.0,2.0,36.0,41.75550790649935,24.65739138652225,7.727614797782964,5.351730998180293,45.47488548094671,46.19051229074179,50.56461162856636,55.9562503939154,61.70295382218627,63.54447596403512,65.44567490307077,68.52132287843551,69.24831431241287,65.92794941954817,65.77013242108825,62.96460078843097,58.98812026209799,56.23314843310538,55.07566028278965,54.9813114400745,53.82118582455364,50.56480998236228,43.11931679784994,32.028239741384915,23.74842686970045,-0.1265278168386831,-0.9919630595773395
2025-07-10 21:00:00,3.0,74.0,59.0,27.0,9.0,16.0,53.405642578269166,31.9508198966408,7.595682742138167,5.857106956528721,53.4689336780944,54.363799233001394,59.60783653930071,66.13270287439197,73.45872702043586,80.70912586406361,85.95767112813641,87.75178136850165,85.76913376970857,79.20791831029948,68.86876671476915,65.35267800604684,67.50960135059366,78.29554021011297,87.38228749007521,90.95640056272904,86.61738369605571,75.86645908186351,67.35898332457992,57.423015328610994,59.981167545032456,-0.1435724234118113,-0.9896398128792412
2025-07-11 21:00:00,1.0,71.0,48.0,28.0,3.0,15.0,68.22081474275457,32.63062571424297,7.783553486039778,5.3478170482788085,66.936105845818,68.35781734344316,75.86708802991178,83.6918974049995,88.38229979359468,91.19593622129148,92.73788041529708,90.24681417258108,83.13217598557836,75.40838527265271,75.52891473576364,81.71440442678363,93.3803940269516,96.68481266734456,89.72997857538306,67.21816092233384,52.01866969943477,39.99531542538718,40.06407225987879,47.07665820164586,36.37926810793089,-0.1605745445949937,-0.9870237158387384
2025-07-12 21:00:00,1.0,80.0,23.0,46.0,4.0,21.0,52.36618948569386,29.03193838717496,7.804590721166504,4.160213002860061,53.72620696642269,55.36168522072688,60.99324526140308,67.87633576457294,75.19781536996165,76.13330486585916,78.06617457676724,80.1835779980395,77.8467164612056,69.54055193523897,66.85459392810134,63.63266240033799,57.06179857062262,38.87103849302258,23.23578327070789,11.650721801432852,7.6875876065091955,8.74108039373333,11.799364490057863,16.262998090444754,16.04224958044633,-0.1775291491870349,-0.984115542601034
2025-07-13 21:00:00,-2.0,79.0,47.5,30.0,11.0,18.0,64.4789184655231,41.39242461500356,6.311591110289266,5.584423572341724,65.70374801088525,67.05099355311445,73.98528984418891,82.18202044908426,89.11457304547685,92.58078340577627,92.46176430796504,87.73933110008228,80.3120105490808,71.21548933375604,64.74176917293686,61.454612105020765,59.950278803552536,62.34547525610922,63.33386893011015,61.37919761116275,57.115681823477374,50.93091975749265,45.11816349160858,38.99797899946451,36.00141378584392,-0.1944312200476619,-0.9809161537413774
2025-07-14 21:00:00,-4.0,77.0,67.0,21.0,9.0,19.0,71.30206812410943,38.0464163359222,6.790228306072228,5.43924559031692,75.75496273208648,76.47692810786562,82.6048572961958,80.30076757179786,77.23497912194136,70.20915327106425,64.90853968215352,65.47726707717631,68.47772364416795,71.6687430567012,74.4514981416772,74.56050524684544,71.30881324063235,59.28305429493744,48.259432508388194,41.62334096911788,44.64075279521145,58.67595335682054,57.3550613867159,43.63705465133595,44.00103121056092,-0.2112757555821793,-0.9774264960104057
2025-07-15 21:00:00,-3.0,81.0,13.0,32.0,8.0,30.0,48.9158905388298,35.90884472656949,7.672765207897118,4.828584705295493,55.31002016531578,55.777776032214746,60.48067937226196,66.34193949080684,71.28940852370305,76.89240858374441,82.1968394177478,87.31096374432069,92.61126986014028,96.9388546855476,91.37211797870395,78.5208961214518,58.76472632465948,52.12162411110503,46.37553630330839,43.76580751777998,43.70173394235643,46.12737652958685,46.87037031190534,45.66374999691844,38.90531496475054,-0.2280577712215198,-0.9736476020539838
2025-07-16 21:00:00,-1.0,86.0,7.5,35.0,10.0,23.0,47.94192300789763,38.472035502972034,7.6329854308884,5.918783001214657,53.29473589735547,53.68496140414194,58.243740267666354,64.61406662666991,71.6767095725099,73.11160878342014,67.80056664530333,61.9398402496377,58.83245933290412,58.66877770017089,62.10023123576822,67.9308873010113,74.99888594221338,79.78412759348981,82.48615104850174,77.77780997850795,70.29848809087599,57.98685515020963,46.76197106249921,34.728693065577446,28.93470816742536,-0.2447723008972595,-0.9695805901076308
2025-07-17 21:00:00,-2.0,77.0,70.5,14.0,11.0,18.0,73.8025121880607,46.41293461462317,7.400018109251453,5.005015958437624,63.935124383864895,64.22121469492758,66.3763573637008,72.22712736928852,77.32749203091187,77.18850729657282,72.56064047486042,71.29118525679448,72.6798549991205,71.88670949026313,70.95244642418619,73.0829196548933,84.90179808427524,93.7811026220581,100.0,99.06845099024947,97.47386090487768,92.68567770307956,88.71265988535198,85.16835422045622,85.73669172549752,-0.2614143985111562,-0.965226663665613
2025-07-18 21:00:00,1.0,70.0,8.0,61.0,12.0,30.0,43.85374800516762,17.73252302212666,7.160889516232499,4.440507090705411,50.07715615677695,50.597981908150544,54.43225388925402,59.85040278082903,66.49529168519031,71.97361778844821,72.43920124941201,70.61133309220689,67.70160007254769,62.22276329553231,56.175490918580905,47.05907508756594,35.70413987846309,27.1717328323566,19.86091873302001,15.356807707557538,12.485701521538948,10.894751777840352,10.414829607735834,10.395391076028458,11.950714379505571,-0.2779791393987801,-0.9605871111248128
2025-07-19 21:00:00,-3.0,71.0,56.5,26.0,10.0,25.0,51.06373373082498,24.951003659408432,8.317891840737465,4.988805966296327,53.39773747412592,53.52612929134843,56.33277333489508,61.43397578081321,64.97469866408083,61.92283211224895,59.269273946213815,60.86746413654856,65.20340677622234,70.13494744958868,75.49096494718299,81.48431731785037,88.80894059871432,94.02700674538946,97.75593834485588,96.906713069172,92.20646899323116,82.82208192193295,73.30335656067606,60.9484620419861,49.21449530483003,-0.2944616217868012,-0.9556633054034704
2025-07-20 21:00:00,-2.0,67.0,66.0,26.0,6.0,27.0,72.84035496253438,27.94887982492373,7.248379737000456,5.920403009146445,69.4063546420958,70.23407977901974,74.39700488939334,81.55700537444866,82.42532721208725,84.56300214125494,87.29927998155786,89.19170843209763,86.42454647451052,77.96700950407214,72.93312667364526,69.52995259141824,67.74224100851241,65.32487079371765,61.9145733829644,55.30247923114064,42.72451732785572,19.33159778375439,9.158623896010235,13.988523039773584,16.75341873685116,-0.3108569682435036,-0.9504567035349152
2025-07-21 21:00:00,-3.0,61.0,44.5,52.0,14.0,33.0,51.50848190095141,16.725053221811784,8.14881850861872,5.776863614814793,55.46500290218548,55.92598646575657,59.94221803705432,66.38105517940059,74.30003091610513,81.39961799289304,82.99524594434007,79.67618508327534,78.73708577695004,83.87698771871847,89.60743871667502,94.42008155409036,96.26507500035184,83.46736755845076,69.78097602066553,58.68175444018594,51.18335866518933,47.13736369616293,40.88176676241582,31.305379693764017,25.611311716308933,-0.3271603271220951,-0.9449688462364056
2025-07-22 21:00:00,1.0,69.0,10.5,60.0,9.0,32.0,43.69760050385263,17.252844857241435,6.236077690729921,5.852965669933427,43.97215824905239,44.92628239160551,49.020071259646656,54.055839680335296,60.101349530611294,66.74922058412551,74.17018320596135,79.28495509321003,83.43191063431765,85.51760385876057,70.35370027633266,51.13256726551324,33.8514023027419,26.48869670264177,22.26630281133278,21.484491418856457,21.279781388478604,21.58564045674756,20.278467646020587,17.608804541874118,14.922454558090312,-0.343366873996388,-0.939201357453208
2025-07-23 21:00:00,1.0,74.0,43.5,47.0,8.0,24.0,46.14660406804828,22.09083628642817,6.068427791801122,5.121914595567691,51.43773756379323,52.87631997307043,57.92134939493619,64.32291368663616,71.6001615546202,74.3442481105615,67.02919739189973,50.6165590630911,36.223138498711286,27.14532515189148,25.07592933078278,25.805996176252123,28.37688330088867,34.41344759739405,40.98650310502508,48.28975668343285,54.820503313441634,61.79748395205841,68.32395508748257,75.37677922632851,74.26712543236336,-0.3594718130884232,-0.9331559438780432
2025-07-24 21:00:00,2.0,76.0,82.5,14.0,11.0,24.0,66.40910847963103,45.57936502098704,6.921455560690797,4.821735984392607,56.50524909161199,56.8110519394196,57.890490587829,62.99267972283226,69.42369551516886,76.34368178858301,80.41731131676657,82.85817441671857,88.54560921132146,97.2666301608084,98.77653912114886,99.42177545251288,98.16915750913428,95.19928075558474,91.47078430459553,87.67783607466252,83.35461824199847,78.61857071486007,73.84220590407222,67.74755907739669,63.62828133609892,-0.3754703786876202,-0.9268343944460494
2025-07-25 21:00:00,-1.0,73.0,43.5,36.0,10.0,33.0,59.36035569550202,27.71962034427861,6.403777175663536,5.855812484697674,57.8872092464901,58.32376337014927,61.60737688925165,67.6387237578724,74.9262458386167,78.18067806580981,81.69229152451507,88.36134048573389,90.78465274855536,89.53244956355007,84.50490598811915,71.00699394570755,49.21152730290315,46.75369012201742,45.03575643804909,39.66826623715046,32.65052139579127,23.77422057037655,17.143250243815263,11.132339351851142,9.884410082141716,-0.3913578365610259,-0.9202385798054076
2025-07-26 21:00:00,3.0,74.0,4.0,53.0,6.0,29.0,41.28775436548421,17.31939733906471,6.183356099221497,5.223161806756669,46.62956849011802,47.54007369584273,52.18582617941768,57.75048751887381,63.87381386256409,70.91797803611306,69.07588571063698,56.30923628915784,41.591909263493086,32.063531789267394,27.00152929030468,22.086138084115024,17.056668509460078,14.4532127440982,13.709418135461668,16.18611248778239,20.244469530460947,25.826958485260604,29.342114075185744,31.87226399526024,28.31165884941685,-0.4071294853542516,-0.9133704517637858
2025-07-27 21:00:00,2.0,81.0,30.0,26.0,11.0,24.0,50.68414229057117,28.582091172200503,7.642787740327487,5.514470779592752,50.28167846530147,51.02886577957848,53.07741864760644,57.70589802471992,61.77720583839472,59.67368525725061,52.6103673608567,51.20196800579316,58.03033463023779,66.28219968560629,64.7104402484726,58.47396898192133,48.51665564569746,42.97407784396693,38.11067398270719,36.87940508523461,36.221274316033096,36.02861345577384,36.92235930609936,38.63966695012192,38.92820452829803,-0.4227806579826773,-0.9062320427107696
2025-07-28 21:00:00,1.0,77.0,40.0,36.0,5.0,32.0,46.60179661221788,23.072172943902725,6.115676291740593,5.651553301587887,47.63719738818808,48.086447045825885,52.95202007802398,59.07663574692816,65.95223800643407,70.33073455127774,67.20305956931008,56.58032804687046,42.79102815460012,31.159109490184303,25.34081260025216,21.751270018758333,19.98146086077047,22.653253987443097,27.40467101115484,36.4391839111963,43.82493760013404,49.98333114211939,54.32334950596409,57.49256689990252,65.00573752575242,-0.4383067230125192,-0.898825465016444
2025-07-29 21:00:00,1.0,72.0,33.5,42.0,10.0,32.0,59.22858008458958,24.550060740665582,5.2804903174804165,5.84531986170582,65.02042708258296,65.95236135467037,72.83145208215527,78.71677704735576,82.63067801670272,86.94124544355309,83.58784854812839,68.89358839492412,52.25351084194598,39.76966110622106,33.53410492517256,29.713833972052228,27.53578270976873,28.380702457109496,29.77098335110264,32.34232322558005,35.415643605427064,39.223337373615735,40.03085649464463,39.06156699998565,37.17555310956679,-0.4537030860313442,-0.8911529104063088
2025-07-30 21:00:00,-2.0,70.0,59.5,28.0,7.0,31.0,63.3915310706012,25.59110819862394,7.281420811020234,5.299199763772878,71.65866847907385,72.55948904079223,79.58630668110848,80.78997666743918,73.94509016029922,69.86213659737507,72.07856021184598,72.67206297761936,68.84893410524548,64.01373135187161,69.52915913051392,75.11130022292083,79.17187782677298,72.8879430781767,61.78594878037244,44.56640539369799,31.070637152703345,20.253420620221807,16.27564097687516,15.938638748003347,18.31018921605596,-0.4689651910076318,-0.8832166493127127
2025-07-31 21:00:00,-1.0,66.0,38.5,58.0,8.0,33.0,41.59709377958029,14.703384879539987,6.874337274168631,5.09112610435433,48.201403516604685,49.82288393275785,55.41455509500056,61.720699889044376,69.33517326824928,76.94449731808811,80.39538523335288,83.9056214804768,82.9251389268638,73.76352719763332,56.2666772162213,40.30532364471856,27.014231864523115,21.512727128034363,17.74364627360497,15.419630309817444,13.156526370342627,10.494130004377716,9.11254258470733,7.959340136986345,8.44591729298955,-0.4840885216389758,-0.8750190302029955
2025-08-01 21:00:00,1.0,67.0,22.5,60.0,5.0,33.0,40.18190030888218,14.658020943313485,8.202350395397385,5.320904846224542,41.332661334810666,43.29859218183434,47.64417581399245,53.10325193630752,59.0725259368466,66.32142158388945,73.22143704564698,76.38059092255163,77.81345645660626,79.23527567141134,83.81082538236988,72.93186945623992,54.59385652375527,30.52965154675873,16.416565747227015,10.237878506885291,8.580744265065178,8.898192911614444,9.595252959062051,10.397814821386424,10.630760777195553,-0.4990686026885319,-0.8665624788845385
2025-08-02 21:00:00,-2.0,70.0,42.0,44.0,8.0,27.0,45.53305267993813,22.113062776785128,8.51340171543203,5.658149431414613,45.05499188933319,46.27345051127251,50.85642726641532,56.54921534978639,63.158474433365456,70.31263689029818,77.56089598614332,82.52583074307498,83.34330094330682,80.39582154219376,82.73828592815347,86.72093795496406,90.53280555935191,95.57323313800102,92.91209311197606,78.9171286910697,63.49262654239636,47.04759231280926,41.66077739944262,38.94492447674861,39.78449495239201,-0.5139010013093103,-0.8578494977869301
2025-08-03 21:00:00,0.0,76.0,20.0,38.0,12.0,25.0,53.6895020662446,32.75527872220178,7.481047458029982,5.559744074098632,60.4752717589391,60.85192588235108,65.71223027608434,72.60914287566726,78.7001881730839,80.077799986699,76.48756770065842,75.13543445847795,76.58090643664889,79.2420054047609,81.69691169012323,84.04541864464258,85.65580228114888,85.81477866098503,83.4008447647514,75.3334046516585,64.82796013011622,51.18089348737481,41.36847379967533,32.47774817901076,30.83829219310339,-0.5285813283559292,-0.8488826652214553
2025-08-04 21:00:00,1.0,67.0,9.0,49.0,9.0,33.0,48.60991673898219,14.859813894248951,5.323898201432624,6.000807782428348,50.27480808584888,52.65563672525698,58.57872534609938,65.15427631593754,73.19503630004802,76.53505580178474,78.05273879229672,67.50576075552065,49.10122261914069,31.826574178595664,23.194533273165195,20.38761105813999,19.323724233515936,18.93457359642064,18.27410528512756,17.329973190537896,16.02348512818083,14.18378981772736,12.562031820556522,10.37802679686174,9.73616621804364,-0.5431052396834317,-0.8396646346181327
2025-08-05 21:00:00,3.0,71.0,23.0,57.0,3.0,36.0,42.38632854210911,15.712802191220485,6.998769211107812,6.092646351442184,42.637307495508885,45.73250824358389,50.475399135172175,56.37159024744859,62.9461840469718,69.61369056042741,68.5907371473429,70.76479503081688,65.92411937376532,54.664059515035454,39.94730243246239,31.041714262517107,23.8578798782943,19.38882516452616,16.750187221173533,14.936979141051882,14.110573924422962,13.092086994720631,14.2291526207276,15.799918861579766,17.647376371523745,-0.5574684374327892,-0.8301981337405212
2025-08-06 21:00:00,2.0,74.0,9.5,61.0,3.0,34.0,38.304780677449344,15.99919559540041,6.485366276846018,6.15914587448452,43.26123128631315,46.75112030353981,51.85954471757168,57.92754901719295,64.89504422809719,72.68048101392395,80.92626924969007,74.40765640168937,49.91650770255923,29.158132559926784,19.826921709601507,17.501892367706873,16.443421030609795,17.278730669560144,16.677111554096648,14.933601400131591,12.251142748983057,8.58309063155672,7.872450112079369,7.355767176539405,10.288288121775754,-0.5716666713027052,-0.8204859638785327
2025-08-07 21:00:00,0.0,77.0,6.5,47.0,1.0,26.0,37.35900373746598,17.241332037258406,6.797128399172465,5.86935493499472,37.62650525179544,39.82950679668058,43.72706712094519,48.51992005360039,53.923629524247175,50.23165958311843,44.95493138070694,29.57906836175485,22.85802323030842,22.5245129791533,25.47667196843875,29.700121893830776,34.62562283218888,39.63150547685744,42.958477657421554,44.42091083377922,41.674634800035925,35.96394854153064,31.899149651142704,26.514731240483425,26.239972626207223,-0.5856957398073508,-0.8105309990194823
2025-08-08 21:00:00,2.0,80.0,10.5,61.0,5.0,22.0,37.82896863886016,14.076282610385247,6.958986313377769,6.331926231746212,38.16192862990179,39.50281669138483,43.45225883237202,47.96267170615945,43.57327564607375,35.408565680922614,30.63954060801016,25.504316381901447,22.31023051721798,20.84561779853429,20.104797226814483,18.777610119118183,17.041338748239735,14.953866596109098,13.36892920406327,12.433582998261018,11.647248747563909,10.82409957854163,10.649335257450158,10.509586710556126,13.752574813785904,-0.5995514915196489,-0.8003361849976323
2025-08-09 21:00:00,0.0,82.0,27.5,42.0,9.0,24.0,45.692058272134005,31.45412334905879,7.911750623068257,5.48519073584138,51.05510128207181,52.26328830118779,57.78383537898385,64.01877229360319,71.43954699071759,71.62149378499025,65.96664134639097,61.50638522910125,58.805133624834525,57.82688872879677,60.21729101409061,62.667457360548354,65.44843807540217,64.79527203600236,61.98019226478804,57.21238713358486,52.95930454797803,48.84861998334205,45.98669773626624,42.4468584106362,43.78646176709057,-0.6132298262997502,-0.7899045386224707
2025-08-10 21:00:00,0.0,87.0,28.5,42.0,8.0,24.0,48.08847997738623,41.94826276686637,7.337452172164547,5.638055656323106,56.05121586684286,57.60879965981479,63.70388517273361,70.7178809679,71.89601761850916,75.0810629220086,76.25375304472671,74.0888543388654,72.99902160203382,73.24473822322328,73.96282730135937,73.63183054380148,72.78543766093529,71.25069276090386,68.95582064418737,65.59901824256886,62.4849041359653,58.72722310735827,54.23800022031614,48.49834983458599,42.55307388231108,-0.6267266965083301,-0.7792391467859886
2025-08-11 21:00:00,0.0,90.0,11.5,49.0,7.0,25.0,42.23864630422701,36.77583252667139,7.113393977069897,6.10418257402392,49.55362441405016,50.780184978509936,55.98018367689913,62.15707624530879,69.14104902801024,68.58099668551603,69.64593204718159,66.91537506112232,58.75207724340361,46.859497069339184,41.19066849565052,39.54943192245639,40.838491069585466,44.89161575011826,49.15066212321106,53.25697447246132,54.02822363602908,52.00026704543831,46.63689010718458,38.83651195858376,33.567154489716785,-0.6400381082043503,-0.7683431655492202
2025-08-12 21:00:00,1.0,90.0,8.5,53.0,6.0,22.0,38.00474121957595,31.32787836123952,7.616318546535565,5.663949429574476,38.65248269206968,38.83707040879294,42.47562341308864,46.75465473409764,51.39178263283436,52.01540635675192,48.954934126905215,46.81886784890425,46.48001775691126,47.22103004801582,48.18496149784262,49.06055253485111,49.5939590373073,48.94430564263335,48.37603636018815,48.03955381802054,47.59029499583495,46.63874227580057,42.04577442422385,34.86112732724218,28.8156181088515,-0.65316012232693,-0.7572198192083127
2025-08-13 21:00:00,4.0,86.0,38.5,34.0,7.0,23.0,44.68887220148914,39.101911682819846,8.632878925220986,5.265882666751589,41.829690546946566,42.19045627771483,45.10657887346753,49.69746781682004,55.07229840891454,60.88463042045456,67.21414865447473,73.32956840068829,78.89147900140252,84.12123516615242,88.10108268244261,92.05693497418652,94.65416516098544,85.89439306804603,72.13969981245467,57.51531169483975,43.99179430169764,34.22113186240362,27.590257661487648,23.13214708524888,20.09112738999696,-0.666088855860977,-0.7458723993404063
2025-08-14 21:00:00,5.0,71.0,14.5,40.0,10.0,32.0,45.6871515865796,16.982325373469003,5.832878599682037,5.863861761145733,48.48852348694432,49.24552327704853,54.59910278992683,60.95510814017122,63.04723940049246,62.44064895112336,60.2830821332801,58.78287060154664,55.283522953183095,43.87269409089333,30.621919276118465,20.618621931163105,12.862295779402984,8.444717435330627,5.615015469243946,6.639062161160068,9.749037146254958,15.307141101568693,20.049455965378627,25.3162119334385,27.40090687794689,-0.6788204829862355,-0.734304263829602
2025-08-15 21:00:00,0.0,71.0,28.5,39.0,3.0,33.0,36.40975771346021,11.57122895150293,5.0657501809624,5.610268422765677,34.78927719475799,36.51669776212034,40.42779540874311,45.0005380018924,44.82860558704426,45.56482170003528,28.87589457507755,15.237176710706526,9.16245490297365,8.118087284542137,9.686706888995484,11.747148036006523,13.973926374121564,16.205285993760366,18.40700191251282,20.68125385607672,21.77312609749961,22.632231155377504,22.53283546418212,21.92263291117377,20.79066319174319,-0.6913512362094071,-0.722518835873311
2025-08-16 21:00:00,3.0,80.0,23.5,45.0,7.0,23.0,33.84589606545497,18.998408502738847,6.150180845394988,6.396814073132656,37.1282881572585,37.66299912927681,41.6216373426317,46.18289996970713,47.06239095892018,45.96056280058208,42.2777434234524,38.48809794214362,35.79581347454369,33.79413318599212,30.9865096562278,28.372725164925377,26.363044338771285,28.64362025438115,31.34726662637805,34.737427419507604,36.11111475858862,35.32199457215579,35.25607014455103,35.55013751450323,33.200600761070184,-0.7036774074790128,-0.7105196029692745
2025-08-17 21:00:00,-4.0,60.0,72.5,37.0,9.0,33.0,62.13107935157103,16.888372948563127,4.439839368005496,5.818910944984117,67.10659635623173,67.76229486099679,73.75728022294476,81.68763541048627,89.3878643099105,92.64703659917583,92.11575720714076,87.07692820812605,74.6048835454676,57.55835198425338,39.00248763047065,26.865530154402872,20.17066351306997,18.823374800463085,17.5205785935337,16.582373170668053,15.190103386452488,12.985079963435448,10.43620721344903,7.244476330185451,5.572360093725021,-0.7157953492826642,-0.6983101158835584
2025-08-18 21:00:00,-3.0,61.0,5.5,56.0,10.0,34.0,37.69347255083815,9.792763090867894,5.098278449044735,4.710061316323894,43.27799227422773,45.4803903690415,50.40118103405747,56.56374222863778,63.6571335912908,71.62439244364676,77.58964397984433,78.85694174401169,63.7257117349634,37.80881849061012,15.179671515412087,6.885022805603186,3.593369657615223,4.66568701439701,5.66606912604525,6.608584284421934,7.614812086901826,8.708833364611797,10.293239126265746,12.227071325442845,14.257851471274837,-0.7277014757264236,-0.6858939875998223
2025-08-19 21:00:00,0.0,65.0,39.5,53.0,5.0,33.0,36.868995001419705,17.698071539902,5.688666925048487,4.728298207563001,39.06940340533125,41.06347225053336,45.70109934178267,50.86242339090192,57.12133180599063,62.53161965154058,63.75287461114846,54.58899780075497,40.52124898743358,29.287832434728355,26.06103580126668,33.74310907512318,45.5713856482584,60.70320971289471,74.19033978751244,85.52961714820484,90.37869750227613,91.39748826399378,91.72242726825728,90.37250933976216,91.27981211272764,-0.7393922635959241,-0.673274892250183
2025-08-20 21:00:00,0.0,69.0,50.0,46.0,2.0,10.0,38.98000826885171,19.228028801939733,7.274495416206611,4.7063419403062206,38.9170102031934,40.486236495521815,44.93320485846047,50.01549832604587,55.99265778770089,62.800553058011296,70.09043789886651,77.99040622001715,80.39819695507342,76.27614651190143,64.66565684319947,60.44975140358852,60.25735559840748,63.26639335833247,64.64229422934396,63.469730280115385,62.329146022457294,59.80976259488971,55.56914940139047,49.305071560417296,42.431642743488446,-0.7508642533989489,-0.6604565640279754
2025-08-21 21:00:00,-2.0,72.0,25.0,46.0,2.0,33.0,42.54287617924819,24.93272110257342,7.949955608774015,5.180229373290834,53.06043300813923,54.65192658238707,60.66179730122895,67.68136851846079,76.37818014357308,78.53150738502531,80.79787537437178,82.47701679559482,82.44636547974939,82.3035004462384,84.74510894505232,85.71757499955677,83.73345498792607,73.6782267678753,66.60719412645722,64.05652927372336,58.86537844121224,50.85085987797618,41.08330668904551,28.271307531992544,16.915867492215934,-0.7621140503891487,-0.6474427960827475
2025-08-22 21:00:00,1.0,74.0,7.0,56.0,3.0,36.0,38.304780677449344,21.66936624018573,7.850619594097634,4.554906118950956,39.8892628816427,40.3540423428233,44.78739319084124,49.87251312532287,55.77138784854297,62.74874687238661,70.40214328564551,76.40603734978451,77.90595160998564,76.04900284496031,70.33046135708614,61.06674362803284,48.47958344840977,46.914420822474575,45.530161032204845,45.500993365951246,44.49185274813421,42.52073650779538,45.420117741857055,50.91364840043937,53.77175486058911,-0.7731383255706026,-0.6342374393978054
2025-08-23 21:00:00,-2.0,79.0,48.5,33.0,9.0,21.0,42.06527111257702,31.198858252022227,7.862463534041517,5.812134768588184,39.059135337388575,39.422969831392365,42.51684860878102,47.32713378728277,52.48760782458789,58.50258222037033,64.25043498639064,69.07170009830931,73.25588542977724,75.47276213420412,73.63196322988202,74.49339041899155,78.09604799657008,82.22445865684507,85.32462876323311,87.54118745121716,91.27694941370092,97.7140055076377,100.0,99.89507677630826,96.53984813428518,-0.7839338166829201,-0.620844401650647
2025-08-24 21:00:00,-3.0,75.0,86.0,23.0,11.0,20.0,51.64776883847341,30.557692174294534,8.190132511652639,5.636617435737449,42.39202700090489,42.644539514044624,45.43059298404491,50.02747734756679,55.42524879699589,61.55672941657689,68.55385919570531,76.44142108023033,85.4196484525399,96.2675413369345,99.35087614399204,99.70871072643308,96.31999746769962,74.52666875151536,55.90785141991794,52.79938690395015,52.28717432433244,55.42847327304863,55.10805169078478,51.1865959262364,39.22846398006429,-0.7944973291665992,-0.6072676460566135
2025-08-25 21:00:00,-3.0,67.0,77.5,21.0,10.0,20.0,81.06588268605375,37.11332691084546,6.017076124918811,5.771497255909965,84.83558269872934,84.76120480497505,91.19964057097368,96.80415789090736,99.39263830002692,99.51431336549904,99.96842902415882,100.0,100.0,99.7986998272324,96.8299455917244,94.18712116638022,89.90932225144245,85.89708894113708,80.85915465204215,75.57461107601416,68.19079158781216,56.25930096984316,43.628730253734005,29.32898263231729,18.40126956862465,-0.8048257371083452,-0.593511190196115
2025-08-26 21:00:00,-1.0,65.0,49.5,48.0,12.0,26.0,56.159353339441054,19.710706370575164,7.667059253683664,5.136943337762908,58.57913174333918,58.84625003003144,61.93227771340687,67.233761646447,67.6599417601507,66.33481619962916,70.73122232132269,74.85766037825297,77.8657083399962,82.58752796425824,88.96314150931104,92.2774937134894,91.08617180864168,75.59474370028063,59.18613032440223,45.50188142559183,35.267106729339325,28.818394058453904,24.08201126342017,20.06465187152393,18.27086750969816,-0.8149159841660791,-0.5795791048257612
2025-08-27 21:00:00,-3.0,63.0,73.5,36.0,7.0,31.0,60.22936578777025,21.813302064554257,7.551909585542888,6.0899301095370815,64.97868540864474,65.24141393795165,72.54936878091961,80.81894446665136,84.6460124876221,82.34762983548278,81.93741376527763,83.17124048325728,84.55623368363469,85.75000538501894,88.9915488059924,92.8399871938781,96.09567078069942,82.6644968583417,69.65522946217536,59.43190550361805,52.90802094630392,49.20625764326736,45.51325519165721,39.73439740801242,33.710493912794114,-0.8247650844733614,-0.5654755126737576
2025-08-28 21:00:00,-3.0,68.0,69.5,39.0,5.0,20.0,43.54099847976219,21.5991489806067,7.286072010681046,5.8755628028530165,44.1011160302476,44.633880629305125,48.90677896315017,54.41786612051646,60.81293526619703,66.6354172511274,64.30061925762314,59.018238679364686,58.676379936180034,67.2181789361893,89.67116516504433,98.82267067541406,100.0,99.66326087754784,97.94330260385377,92.68227060576504,85.38247254009019,75.2267309086429,73.12095375340775,74.0506685601212,80.61776616958215,-0.8343701235229537,-0.5512045872199277
2025-08-29 21:00:00,1.0,64.0,91.0,18.0,9.0,16.0,64.99819801604751,26.50549871387912,7.703620710316519,5.624748966886759,66.52990638313452,67.50507228225796,74.60479936710037,81.90315556810383,86.41841046719858,88.73936464144444,89.9985375426879,90.74667601971672,91.74087813442706,89.15372962062906,83.35717888098796,79.98807803931855,80.28107531784454,90.02658315162502,97.65121187720118,97.64443919931006,96.3915919743673,93.7288807468779,90.85865536862435,87.43317307527293,85.19415075815043,-0.8437282590292712,-0.5367705514607103
2025-08-30 21:00:00,-3.0,58.0,88.0,13.0,3.0,35.0,80.3969531641842,23.265432092744827,5.900513511226891,6.684927688391157,88.17817877295549,89.05201589603931,90.5074358318019,80.15850367116157,78.29764677184652,77.80284091899854,81.45439311902342,87.56863178872797,93.38028143978798,96.82999849653574,96.2034855646554,94.83620000979838,92.22027127857255,90.83168354600603,89.7184071408533,88.61793009412342,87.97267336650023,87.49949278527403,85.68134876198596,82.47027589089035,81.20557392082938,-0.8528367217694595,-0.522177676659508
2025-08-31 21:00:00,1.0,69.0,15.5,45.0,8.0,32.0,52.68671378756085,20.86750490506956,7.2080364245535185,5.594779408005559,55.37407798712959,57.112075857397215,62.75463766898611,69.54943974308655,77.7027232713392,79.52611517810169,80.20652027990123,77.68122522337035,75.70968590301624,75.30595282261251,74.06072091952183,67.64851711481705,58.76546452991078,47.592815608011946,36.670060656352376,25.09104084352321,16.819681177064396,9.678967105792086,11.99702102326406,18.864653541825373,26.687648964175924,-0.8616928164028521,-0.5074302810827518
2025-09-01 21:00:00,2.0,74.0,6.0,43.0,1.0,25.0,47.87462530153812,21.719986759374137,5.883615458650962,6.4280917564343065,58.51314180904856,61.63522036394906,67.96696758546264,75.0555350717532,80.73249078097436,86.61104475955365,73.4309257507676,53.90464055756947,42.17950100455237,36.51389093245864,34.08071763565638,34.42556954393255,35.655219403600185,36.20414941701577,35.49612971874516,32.42340314816552,28.510902610409445,23.29319849799161,19.60204567949129,15.224394491416104,15.560273731783395,-0.8702939222685674,-0.4925327287220543
2025-09-02 21:00:00,1.0,75.0,64.5,38.0,4.0,19.0,48.024842970657794,19.88306922677235,6.692068341357862,6.757095659159856,51.71303974636162,52.884792201255,58.0360666132022,62.39227981597168,62.34190824416723,60.02216602908429,55.15469468333565,49.1201025248921,42.20791679696417,34.60514323398203,31.964430239966685,33.070329687861275,36.54539932345412,38.11197044913155,38.72355656773028,37.31967906818439,34.50774011622708,30.153412356890808,26.52806749828958,22.04789837830912,22.59321582375022,-0.8786374941610001,-0.4774894280028391
2025-09-03 21:00:00,1.0,72.0,24.0,39.0,5.0,19.0,51.210522217698816,25.754632734043344,8.13849820959865,6.459322021299728,55.59025421539558,56.01535687514191,61.128522102611846,67.73035405553877,72.50012044883405,75.43378816455328,79.36803932900244,82.82221730912963,83.04356136529546,80.91756739107815,73.78796811518822,68.51597449339259,66.55713581351624,68.28441625732144,66.64302271720032,56.52503179452412,45.85600011665056,34.81754324987115,28.481832832331467,24.35378243614187,25.80410680777449,-0.886721063082993,-0.4623048304798108
2025-09-04 21:00:00,-2.0,74.0,23.5,28.0,9.0,16.0,47.87462530153812,19.152417796046738,6.889034206792736,6.328616376768076,50.93811764013642,51.19981963327348,55.645588702303606,61.3860551863573,67.79275653410843,72.19800314115025,67.60508333400116,56.5864484607249,46.349748556174426,42.7459498228711,31.978601681341573,22.18352446629123,15.202611365847238,12.546299193958236,10.518751267596448,8.942200586980244,7.918947845099349,7.560408414628479,7.581222008351228,7.888128980119609,9.371541568687274,-0.8945422369764496,-0.4469834295196741
2025-09-05 21:00:00,-2.0,68.0,78.5,22.0,11.0,17.0,72.93876680928581,30.1949989525942,6.095488559316169,4.828661245311417,79.88476073661953,80.61556125367592,88.05776282076422,95.0432162138188,97.75768317599872,96.1443063513262,92.4857364408504,88.5065644015153,85.55067710746587,92.88131713617898,94.23256687110349,86.53150899721118,67.21680074297005,42.45767709899116,21.45305853840004,14.735368261608697,13.523035248833478,18.975224334813312,23.26125228072273,27.23929469827476,31.91338071964469,-0.9020987014301836,-0.4315297589714714
2025-09-06 21:00:00,-4.0,61.0,90.5,14.0,9.0,28.0,69.62062770304101,30.233070360667863,5.291214800205777,5.412366912272972,59.92552086472968,60.19085629873226,64.4047128570062,70.70156119613665,76.4453264887537,77.9767896004858,80.41898836597628,86.87786238728489,94.34538471716216,99.18473780344434,100.0,100.0,100.0,100.0,100.0,95.654758516678,89.61799342256191,83.65780626163658,86.00477861467274,94.63838959825912,94.91243943185545,-0.9093882203647924,-0.4159483918249421
2025-09-07 21:00:00,-4.0,61.0,87.5,27.0,8.0,18.0,62.2596697053968,17.952870095390892,7.151791132976323,3.644866640826202,60.34191528283015,60.90789321194215,66.94715141867812,73.52872210657077,77.69368938169814,80.80922214279181,83.44781395789302,84.87420814886482,83.07620117218484,75.37480358372393,71.14209563805485,64.02447387443645,54.202636281045336,36.55495929262519,20.881241031988147,8.840176482368555,2.527646802359568,0.2250468051546899,1.7609998678925074,5.307081131877127,8.450609950423825,-0.9164086366943458,-0.4002439388573056
2025-09-08 21:00:00,-1.0,59.0,20.0,59.0,10.0,28.0,47.379813807319,11.87213207800442,7.463786050960197,3.2850043458745195,47.098732728141286,48.96261718685558,54.30773975008415,60.071936487535794,66.47280928068257,70.31076957630745,70.54601194537386,70.89873862146803,72.78968996142902,73.80013464654363,69.2946702984904,53.44249304531103,35.83465413758535,21.57848918532172,12.190726242469466,6.779329772645709,7.906964938989658,11.89412526028463,15.501834288944464,19.76458213260948,18.660624164492308,-0.923157872964704,-0.3844210472688554
2025-09-09 21:00:00,0.0,64.0,14.0,43.0,5.0,21.0,46.34538974472218,16.531677682598115,5.337651668149425,5.449187981401283,50.91314350336038,54.35132848272156,60.34926688054711,67.45203014376185,72.00132255058931,62.78753485912185,45.04940087377708,33.25491188994746,29.25651952385735,29.93794632178724,34.09647012316563,39.03055729035415,44.87131262859857,52.38154235660936,59.57207531622721,66.57006633882315,66.57867068810081,63.38403204435905,60.69539170003995,57.24529686422958,55.266771535147626,-0.9296339319682696,-0.3684843993077793
2025-09-10 21:00:00,1.0,69.0,27.5,26.0,7.0,20.0,48.91231522715638,15.8985075993093,6.086314073906391,5.998118992637354,47.7356547064504,49.49548572193631,54.5420965518296,59.97037746311491,65.5985205801685,67.42076846364515,57.91151002241526,45.13717860837736,34.45230214159066,26.063861577496105,21.72516615783522,19.549240778330688,18.61714802761509,19.737567254543976,21.58592879915286,23.976910547511093,25.711529651733823,26.87840663649826,26.77283586620039,25.670312172515963,27.147336843635667,-0.935834897334994,-0.3524387108846032
2025-09-11 21:00:00,2.0,60.0,18.0,49.0,11.0,33.0,49.414380032087365,10.687105031918804,5.978431127003501,5.186523204922551,51.27679258879997,53.03914606463167,58.728226160323146,65.77305739424432,73.78009269891656,74.45790391475865,72.96728467085649,61.31602316543736,43.10850052935877,24.789979885089046,15.961590472532688,11.620495287421251,9.57504872414319,9.16655297212164,9.021314374585216,9.205196273287507,8.842408306709036,8.013133049605974,6.55846262446506,4.489657755036815,3.57790187343747,-0.9417589340994617,-0.3362887301766828
2025-09-12 21:00:00,0.0,62.0,14.0,33.0,4.0,32.0,44.28316618676782,11.391331634048584,5.011432823705671,6.21490385238039,47.286842106775794,49.94469645468738,55.78745264380355,62.49728211242901,63.50359606585079,50.84626912558869,36.959610318503216,28.58041491283625,22.75349344078658,17.975536684352743,13.752756102202316,10.800361267554129,8.999102036157042,11.236999883291531,17.02662889756593,27.401503984645192,35.36831136866762,43.42580713346686,42.238622236769125,36.76162815961429,31.87657315324157,-0.9474042892438844,-0.3200392362231385
2025-09-13 21:00:00,2.0,63.0,86.5,27.0,7.0,21.0,51.80629485881768,15.606529323468225,6.1221673666813485,6.591988503835293,51.674642976784405,52.71011491580396,58.04926413626763,64.05538497054847,67.92361531018882,65.66696432594131,54.2457511559122,41.45474538877158,30.480489457958843,20.63406004461184,15.175358834950812,13.448504029799537,15.419702218151237,31.93309104857171,49.35589575492314,65.20348776591803,77.07389865591796,83.99847630080266,87.17513140772142,88.95445662012604,89.87805571974876,-0.9527692922168512,-0.3036950375106588
2025-09-14 21:00:00,-1.0,62.0,44.5,30.0,8.0,34.0,62.387687428101856,19.085705202915,6.9370992400176,5.115620033960844,63.267679784098064,64.82293426799285,72.3800520080063,81.01067527997078,88.98973184170725,89.02737770446988,84.25021600988701,82.74548492497264,84.81975917572774,88.53792669921255,86.13623992031636,71.51627772442488,51.7069225465101,35.465143616412945,23.28825448018493,17.111168946924636,13.685480763907776,12.207666978767666,12.53642578490408,13.909968503173468,20.33481874083786,-0.9578523554276668,-0.2872609705505963
2025-09-15 21:00:00,0.0,66.0,3.5,34.0,6.0,31.0,48.45795100926463,17.37516785356837,4.817621852129123,5.9380690903965085,49.39846362951396,52.48657135951491,58.294478413454776,65.74563022355392,73.58574731361045,78.50462196897807,58.42289578842792,41.23388458163157,33.10889582548728,32.09676723928597,37.572356427326895,41.23095344232859,42.689278700820026,36.58630894340485,30.817978993719912,24.63635486817162,23.285013496691104,23.60413066162461,25.82903438192074,29.195114916113376,30.881653869825733,-0.9626519747161488,-0.2707418984477642
2025-09-16 21:00:00,4.0,70.0,7.0,30.0,1.0,21.0,50.916423485910975,24.2139965612341,5.103370876881841,6.142673394103782,52.49750402233328,55.70864876010416,62.18298196489928,68.78506725641131,73.57095333573707,57.48451491250029,49.7594508287688,46.9394887558371,43.62383326413998,41.34172193213329,41.494164619029,44.65646471614248,48.665025706424856,52.967003417063495,55.60794367509012,56.99623870467581,56.81721877616898,56.029262062776375,54.63291614496124,52.20282266023995,48.964830923927366,-0.9671667297977312,-0.2541427094613622
2025-09-17 21:00:00,0.0,74.0,57.5,23.0,7.0,22.0,49.659407487470894,21.283100079728406,5.656010710033001,6.797229911901435,48.08933720018588,49.30760755774521,54.4755386999818,60.70087858728863,65.69076142493039,55.689564240727485,38.66466474638916,29.46070013374589,26.36003569968016,26.166353324216896,28.834258339324204,32.99891506738704,38.42634652166161,41.51972243485515,43.20623973001248,41.49753042777005,39.99280621409865,38.46475825080186,40.98338678894238,45.90476255892799,49.40825884243792,-0.97139528468375,-0.2374683155584684
2025-09-18 21:00:00,2.0,73.0,43.0,28.0,9.0,26.0,51.35679010988393,28.715556276765504,7.036610407692433,6.085051718498131,50.9935952271714,50.88535296160396,55.78976704972727,61.95285661472931,66.71323777386745,66.50835459352544,68.12195294920328,71.70903352082951,77.04919291194979,78.62198037380006,78.16358253357903,77.3091704751607,76.37681135949111,75.81289481960712,73.4435286035939,68.01565148493349,61.87496315413027,54.20195123651887,48.205539086285874,43.01818695995446,43.70109764229078,-0.9753363880767836,-0.2207236509605022
2025-09-19 21:00:00,2.0,54.0,33.5,61.0,13.0,31.0,41.30097683423119,9.009263015765445,7.102876779918921,2.822408565478211,45.74824440889197,46.5162147026296,52.16398459491231,58.68077879010713,66.49351982152947,75.23879019448233,77.31099095108118,76.99460954083574,82.4120864860777,91.39908773944296,59.27479302458144,32.5346618428113,12.288695810336344,10.02111181547952,8.067617885544818,6.887764329683827,5.223733847030735,3.232638300623632,2.5187962141010622,1.330234546269787,1.8715852914719795,-0.978988873740932,-0.2039136706831147
2025-09-20 21:00:00,-2.0,53.0,15.5,45.0,11.0,32.0,42.84069118710759,9.09940117748494,5.237738791470021,3.734930533435522,50.80960509569648,54.49103745691727,61.04882071336253,68.97588375943154,77.51613428210791,82.1912412497061,83.66374379440569,75.62643023682361,60.29053692884545,44.11729646257506,30.534277991353125,21.60219789846973,14.080738609537704,9.44603390097744,6.478485969326865,4.845258528394892,5.388865163308639,6.887097144805744,9.637181566609684,13.463468912803805,16.69738503076103,-0.9823516608469236,-0.1870433490699165
2025-09-21 21:00:00,8.0,63.0,4.0,27.0,7.0,21.0,38.01738831024434,10.911798590730674,4.476177598216541,7.02351950034217,41.8692378867399,43.54304789767911,48.41562970424235,53.61497180426101,56.94837293422835,46.89038523218162,23.050158785531977,11.175290356788024,7.786252437971557,8.90034431128247,12.099058480866764,15.468748836335775,18.93281827536034,21.57950251258073,24.407819228379747,27.20942812106406,29.83514245666855,32.46854257204031,32.981111260777254,32.131453264447394,29.14166456369894,-0.9854237542919524,-0.1701176783204905
2025-09-22 21:00:00,0.0,66.0,69.5,13.0,8.0,18.0,50.321942209439584,25.435594728363338,6.129207928280872,5.981107438111944,50.66437057477774,51.41401674268986,56.10523949984272,61.33959034708889,65.19895533521301,67.22240052232904,61.68746103926149,53.819913011475705,49.77721024657069,51.76830852179579,59.70704786472783,66.62428404691521,72.21983222156747,74.4114412001145,76.98362468465999,81.17979674533265,87.2663453572866,96.49148525071296,95.03416920666852,84.96759220878879,65.75337429141513,-0.9882042449941422,-0.15314166701312
2025-09-23 21:00:00,-2.0,64.0,55.5,19.0,6.0,34.0,69.94603538909425,27.265726135965703,6.74576640996029,5.56875192837525,69.69046216633919,70.20636029213374,77.23688279245351,81.73504762307677,86.6670169719408,90.23778335347788,91.66323366538155,91.45159288090174,91.44193712067856,92.6416355086581,90.67373184472272,86.68235000192193,80.88921016738804,71.7240352789332,62.62147991192142,54.11296612195992,46.55063030035452,40.33607779773569,34.684983417604606,28.72417978402972,26.185257587176693,-0.9906923101615608,-0.136120338622667
2025-09-24 21:00:00,1.0,63.0,29.5,38.0,2.0,19.0,53.80810032343676,11.730404551169508,4.374795290402651,6.193593557145162,51.639335858063205,54.16078938904013,60.41926279941088,67.87719406840328,76.04981080312996,74.45387397367352,58.800658164303165,35.128455657613586,19.187246134275128,10.49110697647199,6.385535920508932,4.294482308404512,3.1726715649379686,3.4593284549252883,4.442522212403948,6.276907328387395,8.313498188003154,10.819190411442118,11.890227111710542,12.541571594842187,11.497494476028065,-0.9928872135356962,-0.1190587300340498
2025-09-25 21:00:00,-2.0,60.0,86.0,17.0,9.0,17.0,74.85066533341019,34.37356376119226,4.744054102861894,5.290341516060375,87.85773191580655,88.44124437520719,94.23877387440864,96.27726055132482,95.33666985104436,98.0547567523618,99.05228246531604,99.32974133166492,99.8903799544148,99.46413462330868,99.64221587284148,99.80355136878644,99.7321694862012,99.41950421786244,99.61524014740584,97.05506245117736,95.97477374443272,96.7114566747162,96.39492717023508,95.64196860939605,89.49978470550704,-0.994788305609327,-0.1019618900517457
2025-09-26 21:00:00,-3.0,61.0,56.0,21.0,10.0,31.0,67.0860046610338,25.656546590253413,5.5260797154952686,4.221219907828884,77.33121333712411,77.4560221177327,81.49409513976454,85.13617388486364,85.27854528315407,91.62137078973824,97.342179615367,98.75581649052071,99.22277967384812,100.0,99.56741931474588,99.47353947571884,95.74436055912976,75.55575601927569,53.18850936423319,37.74938936326366,26.661251091067413,23.00546962907682,26.40851506867049,38.19654910651092,48.51190878382456,-0.9963950238187232,-0.0848348779057653
2025-09-27 21:00:00,0.0,58.0,4.0,25.0,6.0,30.0,51.057657198173125,10.78098460956059,3.550308160786159,5.351893202111498,56.797472815623095,57.28371799527541,62.358234079229945,66.91817079418287,69.85448694673445,66.48897134002816,48.40594230326859,28.822652146458587,16.158000687306338,10.044677353133936,7.790428730547923,7.373809718966368,8.474422155960273,11.052965169652724,13.28823387998031,14.365280764545934,14.1863182416352,12.445589497589832,10.899221068439315,9.025638488984034,8.631415404940293,-0.9977068927101168,-0.0676827617545516
2025-09-28 21:00:00,6.0,64.0,32.5,26.0,11.0,29.0,51.95438421388198,14.620430292779917,8.088449808881938,2.732786280735549,51.94506098391592,52.02328406924583,49.7902095447665,51.08820920914192,54.088858826849474,57.47131725681543,59.08034874778395,59.552755144507096,59.44334141010372,60.214824248194645,57.97570762869056,50.99132863516759,38.43459298251588,26.633934298734594,15.833392405621128,8.306870314660983,4.554105766848906,4.310432746537378,6.03718527295892,9.180561805980346,12.543583276389716,-0.9987235240803972,-0.0505106171852228
2025-09-29 21:00:00,0.0,63.0,49.0,15.0,8.0,33.0,46.18974902234584,22.06914216849428,6.150571841796881,4.79453336575053,52.605691338872994,54.34795201420103,59.673036273563206,61.26824190828464,64.02541510903008,72.67888711245337,81.44938874856432,90.07986751184866,96.4491474590816,99.49455257930296,99.57421940125522,99.3621381353748,100.0,99.99217640354529,97.79240038781592,90.4883853852816,76.2949411417237,57.26028408954428,43.35109397860788,29.84971134092053,34.11153858455824,-0.9994446170919858,-0.0333235257116313
2025-09-30 21:00:00,0.0,51.0,65.0,43.0,11.0,33.0,54.14124203478233,12.09328205381865,5.909307284772266,5.181257740167523,58.00987861260363,60.94774444975533,68.52236298911357,77.09698960342479,86.23778343848349,90.95642406559251,91.3702055134976,94.94962758061928,96.15411008155893,88.63397468696704,71.62700277423872,57.415723658447526,46.23412486812754,39.74406100082809,33.89241067036512,28.420832890317733,21.728214266892635,13.044972284265665,7.035516980197445,0.3961779078463233,0.96919846557235,-0.9998699583618592,-0.0161265732706577
2025-10-01 21:00:00,1.0,49.0,54.0,41.0,11.0,36.0,49.67531099139325,8.860873941689842,6.457948465539714,3.0786162376641246,49.07911798617826,52.68569128329491,59.13382475054313,66.48852825965427,74.47402416063832,78.14183222648079,80.24048193557121,85.79941962994806,84.1720825990336,72.82838031667485,55.14980512305232,44.60057264998605,35.91438592694416,29.825121981801605,23.222784888995875,15.944240813413655,10.857086958394357,6.344312010438332,4.670922653368272,3.413403277753833,5.582417650931319,-0.9999994220246924,0.0010751512827982
2025-10-02 21:00:00,3.0,55.0,7.5,21.0,4.0,24.0,43.16456515379113,13.44797036327046,3.6887849897217846,6.153995120538292,38.80875915173987,41.69934536095359,46.61957495679705,51.445284860273176,42.57555400803375,26.11502103125486,14.343887659490823,17.336541971745493,25.90176150403114,36.98690652620034,49.57140932473162,56.759877857980165,61.97322450843728,62.787734349565696,62.782535897541045,61.584738999823706,62.8444805462626,64.599973914935,64.46343985561788,62.770817175135626,57.88921677769622,-0.999832969770105,0.0182765576816912
2025-10-03 21:00:00,7.0,64.0,6.5,11.0,8.0,24.0,39.70182375251126,15.297663524817995,5.682446902119034,6.499866810649701,29.54460903046977,29.700351776432743,31.57485986966914,30.86819622766785,25.73378115286984,23.626512262312648,27.734993572396448,34.764522909385526,41.61963914702867,46.48231015934486,48.85627723911074,50.11411191450156,50.838018038166446,51.18989012366366,51.876021806432426,53.78643146149371,56.0451266733788,58.61360190618253,58.80968117552884,57.33835101415895,51.4761736680272,-0.9993706508539968,0.0354725557531255
2025-10-04 21:00:00,0.0,59.0,39.0,18.0,8.0,34.0,59.69527644141496,15.344789913914331,5.216075410626588,5.422261722720287,64.50590856883866,67.57009520774993,75.42063662280114,79.45744559666713,76.68232190428954,79.71507698240032,81.42985883187502,77.57776252129327,65.30813182113704,48.55742995234239,32.9232206226554,24.533712616595977,18.93620727732437,15.610161634751476,12.289584696317968,8.843936019068785,7.258537480900873,6.741231237536513,11.702890094818178,19.682157399302184,23.909860165446524,-0.9986126020839734,0.052658056924614
2025-10-05 21:00:00,-1.0,74.0,20.0,10.0,8.0,24.0,51.50253858578976,29.05601781248324,7.1237455886686405,5.925209924311685,52.00302185027083,53.305868996199024,57.71830175396724,60.30776934070532,60.691712612830095,62.50539069339074,65.41265043994194,68.87997669787711,72.59328030652819,76.46187726536522,79.05685613425587,76.83541313976141,70.94327222162691,60.90371793000537,50.35457525744099,40.17554791386646,33.52960557074216,28.38404683707579,27.25123536807796,28.0042230660924,32.2281304202224,-0.9975590477788612,0.0698279757298708
2025-10-06 21:00:00,3.0,75.0,36.5,13.0,9.0,23.0,41.444086053767386,12.790417844334645,6.915585096069951,6.042325309730933,29.13886712625268,28.923825688593247,29.8924547726066,32.43421616644231,34.93041468797951,35.80209056012497,34.71581617164487,33.27460817955327,30.04141958477157,24.09000812951186,17.30989297061096,12.45070106395736,8.981798309916043,8.980089305320279,9.399527059049392,10.470943798782912,11.333036271922287,11.970859751601452,11.74403065237344,10.990164368110593,9.679402733105457,-0.9962102997023295,0.0869772313136861
2025-10-07 21:00:00,1.0,75.0,58.5,17.0,10.0,20.0,44.62766525267708,26.747779813538635,8.008090169414666,5.382359018489893,37.488624716129735,37.55251035586119,38.70658045079575,41.537799320480936,45.739520315651774,51.30906655056552,58.02192944148605,66.03017006453058,73.6488000421252,78.81183837193481,76.4574452270624,74.01000795452607,75.07213977614704,78.65932700690054,80.63624846435296,74.31560847614485,66.70788304075137,55.84170075745397,47.93215155004113,41.34142025362633,50.40552045219437,-0.9945667569706336,0.1041007489354256
2025-10-08 21:00:00,-2.0,49.0,57.0,39.0,12.0,34.0,58.319139258529695,9.556688160582608,5.700983367108934,4.578781931500677,63.63422137112829,64.45240871868934,70.39491548407784,78.35931624966972,87.65489821809057,95.90056618924206,98.83547369506014,88.06864481285889,69.7174261024139,53.01483387760276,44.19692029095296,33.609192484442474,21.74854269262466,12.691730594973228,5.579969466781608,2.130412875390665,1.0589984573651072,3.20665119801211,6.708207969540663,11.683055518525098,21.638049002412853,-0.9926289059345096,0.121193461470736
2025-10-09 21:00:00,-4.0,43.0,62.5,40.0,12.0,32.0,50.79397408554044,7.063283161230023,6.430404534576705,6.40085395848172,55.68662396499947,58.11279490310884,63.59061113470066,70.91021664819316,78.38396019850681,82.20313102458857,84.48355017800301,93.70857352548772,96.6024182242617,85.00435730755098,54.69882015996769,34.76948630214545,21.87006429081732,19.13777456610156,17.790961275350504,17.356778779103934,16.285766447776446,14.407509150275708,13.078362793669315,11.166597149452803,13.113430094470877,-0.9903973200352558,0.1382503109109819
2025-10-10 21:00:00,6.0,50.0,29.5,12.0,9.0,24.0,40.64474590564514,6.130923270494607,4.05266163711655,5.996525105671171,36.44182974039381,36.37397097795901,38.54388837702186,39.60170999488809,28.78635395107366,16.3855783392441,9.68813650239393,6.748070364714209,5.826132165979448,6.343655815059147,8.461702566069441,12.89281008444496,18.657513632024177,26.21523685068575,33.51986892015978,40.61662102084258,45.35521779612442,49.56095513434305,49.92997772890151,48.21159639964533,44.61030722695036,-0.9878726596350428,0.1552662498599956
2025-10-11 21:00:00,-1.0,55.0,16.5,21.0,8.0,33.0,52.62981304343418,12.223753957823002,4.437168427730995,6.071410278506406,56.79626658264333,60.07917098144365,67.07379143414497,74.50995185819093,81.23998611271949,88.26502236411912,95.64686299168632,96.69218465219758,71.2492254826729,36.51835064489255,12.46546874056162,6.560048586823389,5.428045380995974,7.902885819693509,9.736130615076652,10.983520604874617,11.956946204175402,12.889580708431078,13.028034422892354,12.827357336473732,13.225413905972683,-0.9850556718215012,0.172236243027682
2025-10-12 21:00:00,0.0,53.0,8.5,12.0,4.0,9.0,44.60602665781027,9.477768738141492,3.731740205010611,6.461159624746752,51.47001530276047,55.55613019421426,62.05152267495517,66.77580492592725,60.28508314409763,38.866221980793526,17.467539463572137,9.141184299602124,7.464510430754244,9.5042867184688,14.379162188265711,20.88389038492,26.64096203660864,30.598377628098955,32.214040978101,32.50908310622521,32.59666039607587,32.81750708780824,33.753657233986814,34.75792743633414,31.628079524775288,-0.981947190186646,0.1891552687200409
2025-10-13 21:00:00,5.0,54.0,46.5,5.0,1.0,13.0,39.65908683574918,7.029487970072569,3.6477461329897705,5.784677268415297,34.39119593271548,36.23789751530991,37.99813776328764,22.036692392371304,15.600656836223925,16.329720448484142,21.89665663262288,25.01885423765224,25.449470170113127,24.12998688282937,21.5160002503526,19.121833440594976,16.50518728819089,13.91008767072606,11.816206708807943,10.024296012818674,9.517398673107332,9.433549082496732,9.7538870612264,10.25214754127279,9.97555044939481,-0.9785481345802032,0.2060183203251708
2025-10-14 21:00:00,-4.0,54.0,56.0,6.0,2.0,27.0,48.48761631157495,16.066566535099145,5.15382264295258,5.601847465755301,41.23700172401779,41.91093450502213,44.96566015995908,45.801028032895815,49.515722330079264,53.320364212253445,49.43004316132292,40.2272455462819,33.737821102797064,34.255987317652306,46.09903893487255,59.07016998807888,73.10505796650301,80.01226078614316,84.12346615848905,80.85525568196674,75.95710769973151,67.96935513975004,58.45541044415077,46.36874822650345,32.99429169315815,-0.9748595108374124,0.2228204077947995
2025-10-15 21:00:00,-2.0,45.0,78.5,33.0,12.0,33.0,55.45602520339432,12.850647651523657,5.373327338643127,5.957224204239815,58.87109051443736,59.16108566749188,66.18862487047036,74.97895131662773,84.66876494063783,93.62388896646046,98.61439444400976,99.87185919941224,98.67990673081788,93.07504366722152,84.88098464449871,78.32998259335666,73.54785096508851,67.37927913499729,61.4716974317703,56.890072628329136,54.74163354764863,55.555212872524095,57.709982473079705,61.50507603415068,68.23363920629323,-0.9708824104813836,0.239556559120927
2025-10-16 21:00:00,-2.0,44.0,87.0,17.0,12.0,35.0,73.28171316760088,16.113173236805984,5.651615305372134,6.3500088286737455,80.38019712991472,80.80582607401102,89.21654010999308,97.41314613415156,99.13852608695416,96.53090807287144,94.68216321946748,94.89101252164018,94.59711712661642,93.92598976521074,93.97659369972158,92.84493049861668,90.08856319393588,88.09952984999295,86.30032978670538,87.48699763707731,88.54267724629716,89.24892620487839,85.8509312003792,77.48793192070605,63.90415977985203,-0.9666180104000972,0.2562218218071163
2025-10-17 21:00:00,0.0,48.0,64.5,18.0,8.0,35.0,62.99117316322023,13.425361769686589,5.571496976291532,6.123929217842536,63.12429014356154,63.53375013670786,70.77522598059211,79.81490635810998,90.28934068200248,97.86476179168328,87.77835995259649,72.64473256440444,63.58453260335087,59.7672648136649,57.99479342039599,55.83876615751707,52.91000577447863,50.25180530717059,46.75256518653706,42.88412736279906,39.12170545397361,35.36689089450163,32.2648554058699,29.24550047927933,27.309964775586792,-0.9620675724981452,0.2728112643340191
2025-10-18 21:00:00,-1.0,52.0,38.0,16.0,1.0,18.0,58.73821122428286,11.991572838321416,3.726732327660777,5.45015426083257,67.62236753732336,68.83778868733341,76.76424216131453,86.29993455661611,87.1517419558824,66.26657710587806,51.25930377652483,42.74295156116951,35.83832449728484,29.96083089307288,24.8641993980366,19.98149312709149,15.484181668745917,13.407074523780466,12.431005499226709,13.3744885281868,16.169393490653572,20.709570628227887,25.824396107602222,32.0056712866205,37.56324000784941,-0.957232443323312,0.2893199776186952
2025-10-19 21:00:00,-1.0,55.0,50.5,8.0,10.0,14.0,59.151913276129584,22.682006500957044,3.3047774933143064,5.659576574440706,66.38150565208637,67.13031850390719,71.03491032728185,58.467999056895,51.169353653896096,62.16918835144549,75.37986922270736,80.49792606373171,78.4547578826832,73.29146841979588,66.82647684718668,59.88918192665346,52.26372047173267,52.11468146422088,52.79031958645019,54.89807683399681,57.84571219627894,60.78571403520817,61.45440666902058,60.26254931986268,42.19802936851593,-0.9521140536681102,0.3057430764672831
2025-10-20 21:00:00,-1.0,56.0,61.5,17.0,11.0,14.0,64.0132635887432,23.551984002255995,3.630310674168919,6.823674858551157,72.77354377681569,73.08907172812954,79.80571506816915,87.56266084870923,84.39891791091411,62.60721789584793,47.47149855578008,47.215725084703735,53.65881427946604,61.18781909363864,63.02855664404075,65.32014920312317,67.79898670967212,73.434760043631,79.26620008166769,85.21656472352056,90.19340930956557,94.83165753229132,94.93164862769456,90.62430803055346,78.8314603296277,-0.9467139181463862,0.3220757010206104
2025-10-21 21:00:00,-2.0,52.0,78.0,10.0,5.0,16.0,86.1853171899682,23.72826945842551,6.087186616771106,5.968748315513729,90.38637373561632,90.30323329797854,92.9573644700824,97.51595586783962,98.42405209546436,96.8878525594986,97.4904275212816,99.15335853253283,100.0,99.36001908852552,99.72844103165548,99.58879842816616,99.86537631885408,99.4914624077014,97.15232054780095,92.4491410943485,85.54837215011933,77.7397611242016,72.93103155103744,69.88776078261803,58.71666427338911,-0.9410336347451196,0.3383130181923076
2025-10-22 21:00:00,-2.0,52.0,92.0,11.0,12.0,11.0,83.00671620595244,21.076091737065703,5.693599342061364,6.67468568679867,94.81330097979284,95.02139430595096,98.08030882497457,99.31684488818844,99.58047739868412,99.64062686159735,100.0,100.0,100.0,100.0,99.81734025756695,95.6113889561202,76.93969071426963,56.06596304182337,32.85166368283312,27.67378911949227,21.63763085905629,16.443071854430187,12.127347253951513,10.05108975279217,11.931987034053003,-0.9350748843515574,0.3544502230989869
2025-10-23 21:00:00,-2.0,49.0,74.5,13.0,9.0,19.0,68.26964191902431,15.095129597631852,7.577675402617229,7.022446892838166,75.2833347426517,76.99806056049994,76.03754139406907,78.92990461017398,79.01326777494914,84.0471556897444,88.774804323746,90.4678922856706,90.71385925059232,87.33942654195579,86.86971552006197,87.40567177795808,87.57925685973956,81.3257407853377,73.47581366784948,67.44193277275973,59.24740484212201,49.074544257071615,40.68041057052039,33.2536092413085,35.36765955419005,-0.9288394302558068,0.3704825404820963
2025-10-24 21:00:00,3.0,47.0,41.0,11.0,6.0,26.0,60.406080813372064,10.255939665935871,6.176126963751897,7.279947597646179,65.78267761662414,65.57552605861476,69.4592797960373,77.2356831504966,86.0384551981376,89.67804330446472,77.60890920364835,62.05768465858089,52.15803008225263,48.46464513918781,49.45723089377712,49.86001590002057,48.84045051453004,45.4417690814452,40.74858859495878,35.785827157518675,31.74594608257449,27.637484174751485,25.302207476146226,22.47530437430037,22.87321173868436,-0.9223291176290545,0.3864052261209853
2025-10-25 21:00:00,-2.0,43.0,80.5,17.0,7.0,31.0,64.9013840773809,11.83620286222161,5.8963729581557,6.804003498679588,73.82633445860903,75.87160750951232,83.0802101677541,92.25519195314966,98.60470660305586,100.0,100.0,100.0,99.3964441274302,93.95485394804784,76.87744400076261,61.61648307483539,47.71971249059311,42.48142308242567,41.800322620348,45.74914580316814,52.85106261784826,62.06433149088686,64.97965968947366,64.33441258685272,60.23461470868597,-0.9155458729775467,0.4022135682368036
2025-10-26 21:00:00,-2.0,41.0,89.5,15.0,6.0,33.0,75.95147400202026,12.413544985896213,6.0926205254360895,6.984627066132496,70.08798603144845,72.75404171967531,80.19441338445316,88.5879082149166,92.15008656900274,93.10482947076508,95.76183112904287,98.94451143265624,99.87517740198098,98.90828437407204,95.3845845433917,93.085869747642,91.8051233837721,92.884758580568,93.70750869480104,94.16122404410898,95.48353104936136,96.8710920593727,90.01629207340551,77.89653917308189,65.606172210333,-0.9084917035725082,0.4179028888867866
2025-10-27 21:00:00,-1.0,44.0,82.5,18.0,9.0,1.0,67.68252075054913,11.749386538141616,5.835701006384313,7.32816842559403,76.07837854085344,77.20876521123175,82.1198215588857,89.17427973884048,93.62530229447115,96.72138546411315,99.4521728721194,99.25074765088718,99.73957676596588,93.1656993004458,78.20680092305481,62.74932459135373,52.05979440986721,49.34252835665202,49.37741302283729,51.177282723737015,55.41916318768592,60.638444171356674,65.40322357760701,70.69316951779379,73.40266857717076,-0.9011686968561567,0.4334685453485363
2025-10-28 21:00:00,5.0,43.0,17.0,7.0,6.0,33.0,62.33283619284437,9.344093568729829,3.205694615363033,6.9846000757131,64.8442447761916,67.00891927088057,71.25197364672734,68.25630889407608,59.894344077985686,44.95152179097131,32.24232771485905,23.17330778786429,16.39013324949785,11.912952763212228,9.543090322984654,14.067616579342513,21.37663814676535,33.75994742609036,45.56583935431557,58.00121791242808,63.65475662795234,68.1457884831707,67.50210629306252,64.3693570762863,62.03365603160681,-0.8935790198239952,0.4489059314938798
2025-10-29 21:00:00,-4.0,47.0,63.0,5.0,2.0,1.0,58.03674223047387,10.810235145260636,4.072722080885371,6.444790649821285,52.10326678163857,53.24590012198169,57.878097382970296,63.99055306164184,70.9529563232495,72.57256563447542,66.83187209988,56.41432670341584,43.7686019467529,32.180597798495114,25.58006299863927,27.018824635845352,29.99725337541009,29.626856194575936,26.18702331522208,19.43930942267628,15.000697752796633,10.802073097956312,9.672991450075088,8.96251183417597,9.605632633153643,-0.8857249183835637,0.4642104791518923
2025-10-30 21:00:00,-4.0,45.0,81.0,8.0,6.0,13.0,73.3837237614641,15.448247500372169,3.1711926394763568,5.521705283479459,76.2195681954166,77.29502060429292,85.08202284615042,94.63591181515334,100.0,89.83110280578276,71.43409775400626,61.62684901117933,55.08378614039721,44.92177813761405,31.87246397817476,25.39874179484841,23.66450408952046,29.62474909963844,37.75790013794907,50.08535903332503,61.44392806834961,72.88556028567214,72.45694358886468,66.05277168960572,67.01995026501297,-0.8776087166898392,0.4793776594606945
2025-10-31 21:00:00,-2.0,52.0,91.0,12.0,11.0,12.0,86.1853171899682,26.480948551767863,6.420358698578407,5.5491378484857234,91.28080744817262,91.44157489486776,91.71694450591038,90.80914180714744,92.99166876272174,98.66659295136414,100.0,100.0,100.0,100.0,100.0,92.13865533346282,92.36807167179975,98.6422663412576,98.66477951842572,93.536204777119,86.21496660924475,80.29418621684022,73.8360626336148,72.08228292980547,70.03918145831994,-0.8692328164574792,0.4944029842076181
2025-11-01 21:00:00,-2.0,39.0,80.5,19.0,17.0,29.0,75.76175741417586,12.828678239535463,5.37080364214708,6.106464449281219,83.09482612023157,83.59507038357441,86.71891534759816,93.98821330031168,97.96038187573102,97.908651014624,97.59160358621438,95.42141859110068,91.3254314998515,88.19282827085149,85.04973591210276,82.07276351204229,80.2190272828878,78.45654653261714,76.21287538725875,73.53073350107519,69.76066558816174,66.70574002795084,63.05714212623562,58.73662182012743,53.65524340956607,-0.8605996962501181,0.5092820071573356
2025-11-02 21:00:00,2.0,38.0,71.0,19.0,7.0,29.0,61.65903145776694,7.57432906478301,3.4639201330581835,6.494498058330395,70.96179225594949,71.02447617322802,75.6396029571766,82.63394198784127,90.51646874603485,98.17133411526945,100.0,75.6278877390846,46.43633793397677,24.72056945523358,14.197392034461751,9.957243839080116,8.881225804036202,13.721872816385169,20.497219683001948,30.0562028133074,36.92772682276471,42.52735824794812,44.96587204200972,45.65039024090674,46.45895440445382,-0.8517119107469189,0.5240103253675756
2025-11-03 21:00:00,2.0,44.0,61.0,10.0,12.0,16.0,65.02777464481295,14.214384906196187,5.518425254572371,5.709944567435161,80.46126881970471,80.34130026283106,82.80107867757016,77.2320271482274,68.30027139390829,66.31336331603104,69.88510476861826,75.2379837081903,78.22378767403586,80.9553292947808,84.52742057459108,86.26795737946499,85.48757562948674,82.15020209532449,77.89980535481992,74.95176228403379,70.24962593317798,62.30014215027192,50.25404943213063,33.048248867610525,19.69947835423106,-0.8425720899866032,0.5385835804920232
2025-11-04 21:00:00,0.0,39.0,69.5,19.0,16.0,30.0,67.0805545323373,9.508103587464324,7.147019940553834,7.09393770759979,76.94307196747985,77.09741846190596,79.18035672083255,84.42492320159201,89.26704381318321,89.62103821621503,86.44963738652406,83.72052870512807,82.6648473717766,85.55781029666956,86.93072784459075,85.5079224438623,80.67353402176806,72.10881531510896,60.66773154832266,52.9469647561887,46.22245508044203,46.31950577026184,49.02874572794413,55.39870385726571,59.84910733847044,-0.8331829385891785,0.5529974600700271
2025-11-05 21:00:00,1.0,42.0,80.5,11.0,8.0,22.0,55.01029639594,10.226236293961644,7.475165597070078,4.64713270645208,57.18317117434647,57.452886947394624,56.94399769956986,61.95292129018808,69.37405089495267,77.33770028881766,85.03679377468103,90.64820923989988,91.09324245904118,79.56887050959865,63.71937739062072,49.32276936289683,43.10347451774646,52.27729599390489,67.67153681975383,76.84985078732979,83.31343879247804,83.03169950849052,82.94493396050449,82.3832086994002,82.25958171174412,-0.8235472349556007,0.5672476988027229
2025-11-06 21:00:00,-1.0,35.0,61.5,16.0,15.0,30.0,61.24716817651182,6.982076191590106,7.2664934180879985,5.949147999265961,65.14817640237145,64.85498379034287,69.29455626120347,76.0140374873217,79.9221510075619,81.81949517459297,82.65191134376008,84.01535631865148,87.16169068049511,91.55647742979508,83.20948989946399,66.09768509855706,42.451755922555,34.85463947143025,31.24558122490608,32.71143642058811,32.7121683887174,30.03410308711778,25.74960843273736,20.06321989720272,16.423720412996445,-0.8136678304455991,0.5813300798152042
2025-11-07 21:00:00,2.0,33.0,89.0,10.0,6.0,19.0,49.19983077194004,9.89977139938694,4.539561787260504,3.458535414848575,55.35593226692133,55.63301118887488,58.82022488741806,64.45642051699693,67.0530069038157,70.70695085919272,79.44452309340664,84.77555147194,86.4365594481621,83.09834013511932,80.52817529290634,79.69619923380212,80.50674220785238,81.19774352985105,81.5284910923921,82.70235192544135,84.17150711782534,86.37701919393274,87.63186194905697,86.96857208189492,86.56462333752046,-0.8035476485339116,0.5952404359043674
2025-11-08 21:00:00,-2.0,38.0,66.5,13.0,11.0,28.0,66.95834263745293,5.872993781642446,3.501052763288901,6.210109338034673,66.54346517499748,66.56218767921493,69.40415554005408,77.02082883525743,84.13044839973884,80.23367951513754,64.11813535250322,44.97413629703931,24.498580332153963,10.09827083416747,3.615181178272868,1.2845457149363817,1.5746029690456038,2.3046738500734776,3.2643871453764026,4.470844273572272,6.087692520020048,8.170203505837046,10.873286648105465,14.315376147015549,18.005431917328917,-0.7931896839451843,0.6089746507720486
2025-11-09 21:00:00,-3.0,32.0,55.0,14.0,2.0,7.0,46.93962756055895,9.716416325618628,3.7304055921929855,5.773400093983503,51.82084387397428,53.52004210388407,59.01644878865486,62.12505758436354,49.767062862861856,34.35967767923912,43.431501405211705,66.1242298929053,83.52848025978578,91.89747937445604,93.57816477683652,95.32640653177428,96.51897976381676,97.27933716390524,95.60340016785324,89.5632155356678,83.73744701291118,76.45592519460553,67.98178773794642,55.41391550062455,54.39818035027696,-0.7825970017677834,0.6225286602431057
2025-11-10 21:00:00,2.0,39.0,92.0,6.0,8.0,6.0,92.4583978750108,22.98779154525152,2.8561777891238096,5.541552144044911,97.224614208918,97.54635336168808,99.2762166433316,100.0,99.39859191237576,100.0,98.32205244589606,90.60563517115548,82.34025603459644,86.13534592941218,87.17108539502976,86.64235932151028,85.76629789510135,87.49870907072759,90.0537288032302,92.8532929491136,95.49680090371032,97.2283941197252,97.82455185401466,97.0371286040265,95.86023912321872,-0.7717727365467837,0.6358984534680745
2025-11-11 21:00:00,1.0,33.0,88.5,15.0,9.0,23.0,75.17979820946917,8.477637151061208,5.4279044201923226,5.82479379950573,86.52142414818036,86.24324253531212,87.22638979082046,94.7044310852452,99.92801689901567,100.0,99.04056766552326,98.86410215334271,98.25709808118656,90.9095461789466,76.03834738916262,55.50007716332166,36.75355189206452,21.54898558916929,12.0665915454091,8.823735309373328,7.572182842899235,12.573339920709614,19.07836823825277,27.834254647497115,27.49465851900069,-0.7607200913564104,0.6490800741100398
2025-11-12 21:00:00,0.0,32.0,47.0,10.0,9.0,25.0,66.21205057847725,7.143575114735633,6.182806838850015,5.880715691509091,75.04257733853417,74.68822426637264,74.79946835287382,80.54974530612424,89.84331796713441,99.4144839590064,100.0,96.78470775730392,75.19212662108578,59.74642695148775,49.84830449856773,43.50531253327175,38.88927902013239,35.411141201421295,32.2010854000721,30.51332759369283,28.00989875176278,24.37225363520528,20.329964093966428,15.75083533429422,12.51088118501553,-0.7494423368521953,0.6620696215153815
2025-11-13 21:00:00,1.0,32.0,73.5,6.0,5.0,3.0,69.05886777748835,7.456295597350293,6.9504713630817205,4.760241592302946,72.66933746091809,75.07775199003585,72.70979046344544,79.86315689041214,83.45692721196859,81.22550011249255,81.57243146657109,85.16869082641593,89.97477372357179,93.18981463325682,92.3334937536208,89.43694774291613,85.74334126218008,67.06550583705176,47.04924167962439,26.690729726049994,14.652316051038106,15.570095137074288,17.687678871617322,21.606444354430177,22.43010240760509,-0.7379428103031386,0.6748632518680403
2025-11-14 21:00:00,0.0,27.0,48.5,18.0,10.0,32.0,60.12036067224953,4.751732322383257,4.481127561560048,6.216207797851326,70.80182445887588,71.13521669669277,77.45844270244471,87.06090302595338,94.48151811740443,81.4301187075793,60.21312421488363,46.59804764104276,38.28920184765509,31.216689038012667,27.56536596564837,25.36807625315804,25.25085753674507,25.57179344322332,26.20669602200415,28.59006562993344,30.735898814863283,32.46796857918686,33.076536734803526,32.14911435247667,31.14204765859852,-0.7262249146041543,0.6874571793269664
2025-11-15 21:00:00,1.0,28.0,12.0,8.0,9.0,29.0,57.69776335246639,8.004413884353205,3.6735886841075978,6.860910092643613,71.41728339892998,71.65194509996442,72.59591234794189,77.0755423511539,76.07960963716502,72.72668463273587,73.00767464199829,72.82412419266511,69.753773218634,66.66155146971967,64.35490612654706,62.23591809994271,60.25171092696655,57.72349170842238,54.51691084500045,51.45144001514437,47.19266819207076,44.04663362623191,40.791012603050056,39.24464033528445,37.85211513965013,-0.7142921172691032,0.699847677146407
2026-03-01 21:00:00,4.0,5.0,33.0,30.0,13.0,31.0,51.51474610033587,1.214385231124947,4.068983925276115,4.66915695632315,65.7029928140289,69.26284074312804,77.78347221833188,87.81567576239144,78.77016755407091,59.05258568424283,37.11209747893781,26.070474948927263,20.28671778922296,16.455602949750002,13.358365279140449,11.633935213219535,10.56081037346907,11.726902270969376,13.180394796189915,14.914765808781336,15.936650264444996,16.73683396190645,16.12088325430152,7.395154396128147,3.076748953421716,0.8584015232918917,0.512978386299228
2026-03-02 21:00:00,3.0,10.0,38.5,36.0,11.0,27.0,45.30507110201437,1.6416120826296174,6.169792303843766,5.632941605987715,51.57820674883497,54.1906863797246,60.33292541851356,67.83261476444198,76.66754950864242,86.15376791666745,85.24223447653517,65.81459330372982,47.44376527869037,34.96827674568361,29.059743917276045,28.13133379145783,28.3345154388786,30.657101828802464,33.01879226488238,36.33753112010846,39.20363527626722,42.21782525080883,39.60361387960136,35.958686972541024,27.170656015813915,0.8670985522812081,0.4981366284784055
2026-03-04 21:00:00,1.0,35.0,57.0,25.0,13.0,28.0,61.24716817651182,9.355717953404962,5.540900095562598,6.916045964395627,71.33420301077929,70.85504462645585,72.45700760531892,78.83010331336858,86.32799730997613,95.34247885994596,100.0,100.0,96.03896984327146,88.66541718609406,73.52330187286718,64.39508127506366,57.82089600170009,55.31395669422867,53.09982564937803,51.438021818617166,51.47475117198872,52.976308757446574,57.06864531368251,63.09194815918946,69.30164359576511,0.8837203473619977,0.4680153284438345
2026-03-05 21:00:00,7.0,12.0,17.0,23.0,4.0,35.0,41.45096191603566,2.192736861209306,0.0934249933492022,6.206833636987326,66.1984258378669,70.95708660207106,79.88852790061635,83.14709190936685,51.400616666335495,20.664095670464,9.136866296281108,3.9450375652401193,2.123130111933803,4.095451370292751,8.30157582124657,15.476995973712665,21.711802918772765,27.07234083833872,29.36474233523506,30.34868647860929,28.51567398609976,25.094236017875104,22.57106365399095,19.116577013166594,18.861412024757083,0.8916401947968874,0.452744699607371
2026-03-06 21:00:00,1.0,25.0,53.5,17.0,7.0,16.0,54.76542066428557,8.346011184146466,1.428360165279801,6.507971538558055,76.13487749514772,82.43349545087221,91.19529196884493,92.35071812294905,80.11114542047028,72.68150339507649,70.97054467880065,66.42297465076956,60.66178000062276,56.24834180812057,55.03152914638222,55.7081723519966,56.44793854047924,55.32916938374457,53.5213618481193,50.08929373181541,45.41159829581931,38.09690234608877,33.06939350421743,26.7549685111656,30.550045415550965,0.8992961915530253,0.4373400963303323
2026-03-07 21:00:00,-1.0,37.0,79.5,18.0,14.0,18.0,81.94145600121023,24.11350542859747,1.6566529843635147,6.1284907308108405,92.42242139654115,92.5508896578319,95.48671594371892,93.36457729749972,96.42603048946108,98.48039044675444,97.66454194602076,97.91921900111294,98.47425564195036,97.11870943386114,92.5634808060562,86.71584213370576,82.53328814619833,82.98940416426646,84.2434159130043,80.90755146324112,74.78521089745375,63.66890151350309,57.33078290137578,55.04137055209952,60.87999885148583,0.9066860720977984,0.4218060770826634
2026-03-08 21:00:00,0.0,37.0,67.5,15.0,6.0,29.0,75.5699252652478,9.95554514393542,4.273936045272474,5.302385889083122,88.96011636889233,89.11196107326845,91.69044067723492,92.31298366284616,95.4682689284835,95.72511309405202,97.24041250316134,99.24296424535794,98.920078732926,80.48511202950212,56.24044887312641,32.805920023428754,17.69884529707022,9.146249408253873,3.8504274280048345,3.858199786345221,3.9793515585046144,4.600396367729999,5.051879642730926,5.297808946057399,6.156039843479766,0.9138076496466616,0.4061472386305788
2026-03-09 21:00:00,6.0,49.0,32.5,24.0,13.0,19.0,58.319139258529695,17.59601497265374,6.1209005964642245,7.2129992948360755,67.38708914310793,68.33669812265157,56.23241693702818,50.47223416875808,51.10090048275085,54.13519259333477,58.22608020623235,63.66199511216043,69.05581999353302,75.6350789851945,82.3600039483591,88.64533704117534,93.09056523376334,95.64074443925225,97.0882690587183,95.64243281639132,92.19968391552136,88.33429231887263,85.58576816899406,84.55634766451907,77.23367209298748,0.9206588168102428,0.3903682146763026
2026-03-10 21:00:00,-3.0,35.0,62.5,12.0,7.0,34.0,61.24716817651182,14.856408751075326,2.359951963391862,6.314560309977604,84.33812614121052,85.50535761333587,89.17153335242443,81.81343148706824,81.7322826740246,85.27223983265402,85.34186171683352,80.3546337763303,76.47229288354524,77.90251513680073,88.49255570963713,94.15042980976035,97.92044674621955,99.15649056293432,99.77454647204662,100.0,99.2713979544495,98.23113164170778,93.073411280735,81.59330253962098,67.36061808465783,0.9272375462179536,0.374473674486883
2026-03-11 21:00:00,0.0,22.0,80.0,20.0,13.0,9.0,74.06076117658414,15.665792233096417,-0.5314967586041667,5.124400229601841,94.1383838980012,95.83861663121066,98.09004204237334,97.90935958858849,95.06014537011843,92.71338034024384,92.2079491915589,91.71443257866116,93.87846649703276,98.13376728757244,97.76620209465204,98.88180018750091,99.46288251302676,99.38390323293572,99.5536640871014,99.19776885876676,99.19278984030026,98.57330133260064,96.93916130245898,93.84673407046664,91.95875608570982,0.9335418911179212,0.3584683215124808
2026-03-12 21:00:00,-3.0,27.0,75.0,33.0,15.0,27.0,62.79384196306979,8.710801689808768,2.372664305039291,2.9676586141351886,72.21386276586344,72.00943931195228,75.23599804964691,83.5227150127524,93.68429537827528,99.9984188934165,97.68450812701064,84.55082599585036,51.827946620901045,27.1612994199829,11.660468066224594,3.063497118770377,5.19054189263225,24.2547882349576,52.59860411265527,73.66885230575583,89.37173159084473,93.15043993002033,95.573688696741,95.6095083829746,94.34066911338331,0.9395699859530622,0.342356891994542
2026-03-13 21:00:00,3.0,24.0,35.0,33.0,7.0,29.0,47.71405301685575,3.957987246548184,6.895703436555816,3.685667489302456,56.55139939872753,57.007792765585286,62.76472990146622,70.19526524942886,77.46059204881304,84.82906942850555,93.21462653341229,98.7756017577971,94.53386127784388,74.03372131802642,61.10407345335365,51.73783113120122,44.16312679025722,37.22151661590946,28.056906663734203,18.20663959285628,10.589707840691812,4.836310493933646,2.9758708571319445,4.654458274095969,10.941257222934013,0.945320046913132,0.3261441535642696
2026-03-14 21:00:00,-2.0,28.0,77.5,23.0,9.0,3.0,71.57282464244453,7.876185808630868,6.617000757742235,7.087523591790639,85.08140920851957,85.55422659306842,91.9331453180359,95.56464546466984,98.4566121148934,98.03658524744915,95.36337588387052,94.44134438546062,94.8521370406614,96.09020420794256,94.8235954797001,92.37610925145576,89.35519378543887,87.9737575033268,86.19828679933887,85.08436011326165,84.29208580422429,82.45889044278215,81.55495092933556,79.90153882934985,77.6183850188944,0.9507903724625832,0.3098349038318025
2026-03-15 21:00:00,7.0,27.0,28.5,27.0,3.0,32.0,42.12689081596023,3.8906790729135534,4.8103426967205545,2.3563084356786,50.42265648008901,54.62014124428629,60.52385064483518,57.36218206381602,39.44895608619692,32.755145124828125,30.207219315121613,27.29122519629036,24.08267606943308,19.12051268535668,12.343576525293088,11.732998519380113,16.755413437593834,29.705240062169302,45.05986802581881,61.63426873090378,70.37972198194892,78.7345293998514,80.3900366820197,81.13650353180464,82.9969970855426,0.9559793438440766,0.2934339689665273
2026-03-16 21:00:00,-2.0,40.0,80.5,15.0,17.0,15.0,85.48534887342932,22.4432092729424,2.003962859041379,6.034492337893235,97.0568699194335,97.3496063432881,98.43402243994905,97.9438794114484,97.98873595895932,97.775682085412,94.1889043365916,89.93794114979269,90.4394207545846,88.58867924010761,82.49405749737682,75.26270477513005,73.02567819475968,65.4147708867346,55.2453637686442,45.117041493886056,35.96391537469552,29.57331824502001,25.372686090631223,22.92564525729745,26.439347799468884,0.9608854255574976,0.2769462022689364
2026-03-17 21:00:00,3.0,26.0,43.0,51.0,20.0,25.0,50.24874241031545,4.131806622159395,4.63746342904836,0.4972894843077365,65.52230627897828,65.22616990564816,67.38764625470934,74.29098071429728,82.76168040101547,90.76239916485936,94.3636690239868,99.23188589261616,98.62425829014876,91.55568343023737,64.09846718034579,36.21062579054784,20.89902406213429,12.02075871324496,5.611897455271095,3.3454026289160423,0.7675913358770734,1.8080166665514028,3.42840617692242,4.605444219902234,5.445380040210078,0.9655071658143364,0.2603764827344581
2026-03-18 21:00:00,3.0,16.0,18.0,40.0,7.0,28.0,36.51290217749887,2.262712814824748,4.4468417747341,2.662151702767027,39.36703184742903,41.82655031982655,46.98644909181879,53.17951786699935,60.49920659488445,64.19303136028147,68.13108712250643,44.80433725203057,22.888439494611525,10.9847018932175,10.103764964852736,14.25857499556312,19.74450956399251,25.906207937856944,32.71212486915317,40.28168852088149,46.15506843024178,52.38308958494803,54.24893867296223,55.96013065060449,55.6585487062104,0.969843196967294,0.2437297136096838
2026-03-19 21:00:00,1.0,29.0,74.5,38.0,12.0,15.0,46.43968715775062,5.657750909519909,6.4672579783169954,4.456269762792348,62.81484772535162,63.77166412095541,68.65365019446578,75.51247705554532,83.24993482871044,87.25117293436526,89.76669834770551,89.72555421734272,82.84948998489993,74.51877367675829,77.08738894954914,80.34102753072972,84.09758813097717,86.67043899092094,90.2308054023242,94.69298314180838,87.936559741449,74.57524825332229,54.18591065820313,27.568912471432448,14.422070686112932,0.9738922359149924,0.2270108209414184
2026-03-20 21:00:00,-5.0,31.0,76.0,37.0,5.0,23.0,55.68827746160439,8.682857850155138,6.465912795466599,4.707613615333735,82.47027443979053,82.83520609826996,89.85683756035971,91.33135047938464,93.92517239759673,97.77826188223086,99.69664120309292,99.33237052097786,96.79065857197956,94.4139613638981,91.52464469680991,90.60272210849776,91.76008741827552,90.8780092285234,89.00227353179105,87.26975735964535,85.95658174434315,86.00267078753421,85.77321353866247,82.69597760358155,69.15779827179979,0.977653084481664,0.2102247521189836
2026-03-21 21:00:00,3.0,30.0,39.0,44.0,12.0,32.0,44.58518501236772,3.961165175785192,8.001886851582578,5.805538383935334,56.10478455521704,56.61044025341019,60.59732761405887,66.42443169836784,69.73717734222775,71.30529299647822,70.60472695545623,68.88577615110077,68.4198781181438,72.91412758202517,70.65176542972988,60.8151527888421,41.90809248306891,26.195413415541584,11.49038841863632,2.99018563409533,0.7509849569695014,2.0279771492061665,3.597663168151932,5.157853717126002,3.135058696600897,0.981124629771712,0.1933764744102058
2026-03-22 21:00:00,1.0,27.0,76.5,30.0,4.0,13.0,48.21473669400753,6.51984055874733,6.72401647486597,4.259829521401808,67.99182981247046,68.28055183854605,75.69820006416533,84.36202817307996,89.74339451847297,89.49522187502465,87.13862834480825,85.69286314712677,86.77073573515345,86.81180828838622,87.74568659419975,87.01843978586325,84.37114930851891,82.57430600476651,80.81458004096767,80.83614992180075,80.76117298439205,81.35727176421791,84.56851307014371,88.01837724627055,80.72791400965428,0.984305844499033,0.1764709734915216
2026-03-23 21:00:00,-1.0,30.0,72.0,38.0,9.0,6.0,50.8972506319988,5.986576415324562,7.402930190860234,4.622167684654752,75.50711907240941,76.74554753240585,83.15530381697414,87.24983095991198,83.94835359298769,83.26544273947243,88.8897098195261,93.02541448219188,92.82664153498128,88.51224411663014,87.15055534098356,87.50113404712123,89.29427537525495,93.78339260352617,89.66426194469905,72.61855559117633,48.51395872443639,20.399305546982514,20.99601523814045,35.70042217558664,57.02891051765538,0.9871957872910084,0.1595132519726365
2026-03-24 21:00:00,2.0,34.0,44.0,45.0,9.0,25.0,39.6698832796626,2.652982597348085,7.0207283931460855,7.497861154213195,35.18162075258143,35.84364493032518,39.50050635388144,44.30930977463348,49.18898080987605,46.05407128275169,46.222068224114615,39.82060358377876,26.578142134781423,12.055284249114427,8.92191030979267,9.443948622114934,12.10483188165774,14.28418863050932,16.6159870267227,19.06223141470376,21.55811792361494,24.06142033121657,27.667109494514897,32.89768738721062,42.24426904081199,0.9897936029670716,0.1425083279161708
2026-03-25 21:00:00,5.0,21.0,3.5,33.0,10.0,30.0,34.023681948430365,1.7355763979766838,5.725990709479737,5.580998605265933,28.36663805574448,29.89293052744209,33.55093416799868,37.61991160977787,40.18283698852414,41.604530398861954,37.343603355968185,28.13290685651894,22.741992477021803,22.06853038252077,26.51706446609284,30.57525547849868,34.23591727711633,34.431312859759586,31.72605171476387,25.78147123239737,19.64462546357805,12.55091632215932,13.086302996620566,15.935214068162958,26.85216242326824,0.992098522791769,0.1254612333527364
2026-03-26 21:00:00,-3.0,36.0,77.0,11.0,6.0,27.0,78.61248334703966,12.67056202104284,5.573688453246867,7.143412390023647,95.7445130902884,95.98893956173252,99.28318024689968,99.22202138138076,99.30164395201976,98.87866570002328,98.97720744065433,98.6321078049112,98.85003800747285,99.8195650685971,99.69342897122225,97.41551851939072,91.74906922006777,90.58284533341129,90.88185741445416,94.64517101230702,96.37997219536612,95.385392748454,90.84534554165351,80.41391220964749,77.21244834263376,0.9941098647022418,0.108377012791876
2026-03-27 21:00:00,2.0,14.0,24.0,34.0,15.0,31.0,41.80797527297141,1.95428905621143,3.3097035615374333,5.769203434246317,65.49477546380848,66.7879423905455,73.59610989347993,81.40516684780543,82.24357213439829,78.83590539243431,57.18131653576579,33.26961093660164,21.71383493499448,19.3582943639492,20.11826939309841,20.06028139382617,19.17628379099594,17.507093100226076,15.71855237895142,13.991504493429275,13.696239779022523,13.993805668625168,15.054337938880408,16.920637652106503,18.0554429123382,0.9958270335100596,0.0912607217293118
2026-03-28 21:00:00,-1.0,20.0,48.0,54.0,6.0,25.0,35.50060922622603,2.527976978076783,9.049998488350209,4.235296971034766,35.844770141111574,38.41932198680146,44.13196883304736,50.477676316860965,58.18338640557725,67.43730975885059,76.93714026426768,81.4708618951288,83.09559815834956,82.34374800459264,82.93088631043621,85.60360964003448,86.47384283093659,78.3338302287086,68.35032455663527,56.88383662368748,48.2397532339939,38.7439507504513,32.54730167471002,26.332113761356347,25.76531139523696,0.9972495210773452,0.0741174251509443
2026-03-29 21:00:00,0.0,30.0,70.0,41.0,11.0,25.0,50.8972506319988,5.603635355423225,7.9005825413778705,5.319546360637282,59.70522372228486,62.45982493215323,69.78011617630311,77.61090208488154,81.63689768622963,83.37923493395212,85.52416437015475,86.5427961532296,87.65380639177978,89.97064810974288,94.9642559789137,95.4324974184736,90.97110546972728,78.15649771959315,67.72189058410777,58.95393612352383,58.79145654741228,61.97412894516372,69.45195274013966,78.7039799817309,80.79244473528131,0.998376906467142,0.0569521960340397
2026-03-30 21:00:00,0.0,42.0,62.5,24.0,14.0,26.0,59.71548400489216,11.460209237667485,6.768604637317085,6.357765196652345,72.53113549651972,73.95468523730594,78.336321715146,85.90031650346151,90.99795847832556,89.60392698164517,87.10398129411286,88.03597423654483,89.73850953425132,90.79201677859557,90.85209889540047,91.30344642453387,90.8153905216021,86.38961794415228,77.13613582553738,60.50255173734519,43.33677672817947,30.204165093351826,22.4112180393718,20.51378155055927,22.323424344721204,0.9992088560679752,0.0397701138460557
2026-03-31 21:00:00,6.0,31.0,77.0,26.0,4.0,11.0,55.68827746160439,10.10219523361244,3.3219934668362288,5.434682176858721,38.36587525406618,38.60252702375818,42.09124945568657,46.03066535276174,52.80672526021484,58.24425847044821,58.801585050269765,69.79412871077871,87.22603718989133,99.9970778334908,99.50278860124038,96.81142768105558,92.1441168441405,85.93865598935146,81.56507291192321,80.51564604062304,80.1116529483993,80.94372184866768,77.18857324459783,70.8886800801683,66.21560198902662,0.9997451236925734,0.0225762630415454
2026-04-01 21:00:00,-2.0,32.0,72.5,34.0,8.0,36.0,60.8295198512849,6.01382511062404,4.959333536010361,2.4473348648178064,76.8824727618024,79.40430503699099,86.8766113861415,96.96137980362631,100.0,100.0,99.8067591565352,90.00002051114355,79.17839239145458,70.0286531043328,63.64629130708423,45.79355135292642,26.145481612234256,11.317678578499375,5.122426588975016,4.583697255411093,7.239949901982633,11.47203043369489,13.41642340346766,15.03716015889168,12.75822925917485,0.9999855506507186,0.0053757315575838
2026-04-02 21:00:00,0.0,34.0,51.5,32.0,2.0,11.0,49.361915269639454,6.576154570386838,2.791324731573612,3.9263007778297183,68.23646187337204,74.71891831983693,81.1883038740294,87.50818229906814,88.52214209663227,79.01726472268163,60.27028008503162,34.95285515620082,14.20919587113081,7.1644977757914745,9.352752720992909,19.32091304762609,29.10943252609353,39.186812541315966,47.69610657813646,56.4789619808453,60.88632960167145,65.30806198565068,65.95903985215175,65.75715475939658,60.00277406714311,0.9999300657962056,-0.0118263906918325
2026-04-03 21:00:00,-3.0,32.0,79.5,13.0,12.0,14.0,81.56496085639716,20.006324628039163,0.4838828397051773,6.134133641626803,97.0261413901601,97.94771869400736,99.62107913440478,98.45477808194477,98.28526976524653,99.65650268206149,100.0,100.0,99.95348937472728,100.0,99.7517839557352,98.71474877522144,96.3052477770128,96.06482424528171,96.1223059996057,97.81309952058118,90.66088785104373,72.16745470984878,54.46537725223143,34.9823635604864,21.861522172364005,0.9995786855478958,-0.0290250133219752
2026-04-04 21:00:00,-4.0,35.0,58.0,30.0,5.0,8.0,51.69392391806183,4.258820319465251,1.8747882015722173,6.537576561673058,64.22880324172556,68.49709774988428,76.31071711120049,85.98835761572636,92.8734633949462,65.35619328607447,24.08558644787205,6.206028512738306,2.804853770393763,3.9908634016013,6.585213014436,9.52708804468522,11.68975035510164,12.24267705142061,11.182307665420485,8.658390055027123,6.169901221524626,2.7756439963393,6.458217653312364,13.642094744118856,42.03981186896,0.9989315138848576,-0.0462150469837083
2026-04-05 21:00:00,-1.0,37.0,80.0,7.0,9.0,18.0,81.94145600121023,14.829693855937553,2.932159921995831,5.093750145280406,98.91479693497028,99.1420731762526,98.23620168177048,97.89189297061206,99.80360655001992,99.88124940420336,99.221797312401,99.6778010393199,99.60131089725344,99.79513421896476,94.27246025877304,82.13447237801923,56.5058010767966,38.12016717417224,21.662417565822945,13.159709909979789,5.784007411490649,3.703552927687977,10.810313828096277,32.319283394688185,56.990706067886606,0.9979887423155984,-0.0633914048695103
2026-04-06 21:00:00,2.0,28.0,77.5,38.0,15.0,30.0,55.22979205469723,5.447601515399929,5.96252606117742,5.924151749801936,66.1527603708761,67.51015392824844,70.93112018622843,79.04092488550178,87.72616908053959,96.41876206158182,99.52474095323991,99.68423585038693,96.6882649094264,78.09465545951053,62.25406965735733,52.30653741642988,49.984579608401866,50.36347720976126,51.46997242077275,50.54211275027839,49.933756972147656,48.79829987531845,49.79856396802311,51.92129437727783,57.08669534463364,0.9967506498213928,-0.0805490042187416
2026-04-07 21:00:00,7.0,25.0,47.0,34.0,6.0,33.0,43.73241831765776,4.800669537941064,6.341176634004859,7.127121974126525,66.96927734409928,69.87814393612057,77.82192331488473,84.65561169129141,91.30815355305852,97.77729794822326,99.80699900017552,99.56120341521012,98.15153866955131,92.7279310886067,78.27160380017986,71.39321084916132,67.41340451648007,66.34959539465196,65.96067367204732,65.05284186119584,66.45822618210805,67.60610526369403,69.63378427004524,69.36346557954029,57.51553076965587,0.9952176027737294,-0.0976827678217159
2026-04-08 21:00:00,8.0,34.0,29.0,39.0,11.0,25.0,41.45993528997875,4.466027594087077,5.645882066110534,5.070379545981167,58.660603021602455,60.896075403096575,66.203757108797,72.75024384068567,77.82889018041928,79.99968465271243,80.09937054667166,82.39414704192512,71.91490107952437,53.55147381430804,29.929930249101183,17.597760104194656,9.46336403023251,7.959040283953297,9.0852717303172,11.958889058740322,13.85428853197367,15.995999135685826,19.39034117382656,24.058850070544924,33.02663541635143,0.9933900548258936,-0.114787625522127
2026-04-09 21:00:00,7.0,45.0,28.5,17.0,16.0,18.0,45.14741444059202,8.746594015749752,4.347602873139546,6.789517214593833,62.60015597554322,57.90223398822668,55.35700071648565,56.56502443640135,46.70235802210579,26.233444450033133,14.128236098752645,10.704033067128709,13.354813261149715,19.596163143839817,28.411571944515973,37.7046685881442,45.77579627682463,46.09123773392379,47.049958748044354,48.85907157163322,56.70111425488366,67.77740788035298,77.20821926679297,87.07271699377014,88.58532576239932,0.9912685467787256,-0.1318585157173911
2026-04-10 21:00:00,-4.0,43.0,80.5,8.0,4.0,30.0,73.17915644130431,18.53104411692497,4.881520676155264,5.89231131508126,87.79818734673914,88.26367468115703,88.23373553695055,89.68380935966111,94.08147970569462,99.77518262034646,100.0,99.87653264836354,99.11414096811872,99.3013131820396,99.41453054196108,99.44543295865816,99.33167482852792,98.89318854549909,98.37813670088084,96.65642331470512,94.75922510232851,92.8228309653223,91.25242264581706,88.14501049723879,86.53581086863662,0.9888537064205885,-0.1488903868564548
2026-04-11 21:00:00,0.0,36.0,65.5,30.0,14.0,31.0,61.385094678511166,8.429088102820288,7.442731901389018,5.0189892857479546,77.50746092947124,78.17616887559619,85.55224850318028,92.77139400460142,97.91455119733382,99.88462713574408,99.88445132681336,99.90232956320747,99.91670331874816,99.95683271288124,99.19011882257188,92.20795721987557,77.48936010939137,61.4034866251996,49.06697613594305,42.20234539161194,35.667282290514535,28.65124696696705,23.24253309819324,18.199390911824818,16.154252803844606,0.986146248341595,-0.1658781989346314
2026-04-12 21:00:00,10.0,44.0,6.5,32.0,3.0,27.0,36.40950317929968,7.488721730149939,5.835891985985902,5.390891472091152,42.74238665889475,44.33200082273011,48.79127886021628,53.77152439540842,57.66484124514455,64.5465292115743,70.92398173346423,65.75745515554098,52.371258589400725,43.42923491581331,44.92943889096573,47.68131982021322,50.30348230333544,51.81199601910463,52.59357190454148,52.59081989026237,50.19102391848611,46.395960789161066,41.86182404241398,35.69270766472247,39.00776715295888,0.98314697372215,-0.1828169249850199
2026-04-13 21:00:00,0.0,47.0,82.0,7.0,9.0,22.0,79.53246675866397,28.830333339993228,4.806215416129419,5.479000418563834,94.30335297987182,95.4149457727716,96.39272001271772,99.1030196138879,99.56986439947848,99.49222414694418,98.72716819233663,98.85256508708753,98.38598360433151,97.9093843039968,97.90831885265816,98.43618372722362,98.28236238823416,97.8425421749162,96.3054364627712,96.76660029649166,96.67660552321252,96.32165731203268,95.21493453363966,92.96817647661608,92.22477542420488,0.9798567700958664,-0.1997015525660636
2026-04-14 21:00:00,0.0,43.0,79.5,13.0,2.0,8.0,62.33283619284437,18.453245029973107,4.3571795337823565,5.401808201190224,74.57414750840454,75.03232178239661,83.45278500065024,90.49101390501154,95.5003728935635,93.56248938546278,66.89520868224668,56.6344571983836,67.71776865119604,82.72597308050736,85.1514212022003,87.64248800077932,91.16772521479176,91.57057174726816,92.53941085594462,92.44338619545496,91.84246103479938,91.44895181791046,90.76925858152482,89.75097669862097,89.50229220288809,0.976276611086932,-0.2165270852448143
2026-04-15 21:00:00,0.0,47.0,80.5,10.0,3.0,16.0,76.50821320761224,22.22154569747268,4.42798358078786,5.886986625437252,93.46796331885204,94.08672612133164,100.0,100.0,99.62076094574898,85.85143772054501,75.1993673463122,75.23572722643706,80.42074493971104,85.49607980342601,87.19510367434489,87.83059891119721,86.37436783931042,88.60342126356193,90.5276255873422,92.8205897280328,94.63458169265856,96.23920939582746,96.8478102976436,96.92425149000012,84.03077278008982,0.9724075561219968,-0.2332885440754551
2026-04-16 21:00:00,-4.0,47.0,82.5,7.0,6.0,15.0,82.66194020583201,27.76365281508444,3.5216543684808346,5.5031566699914345,98.67242826506929,97.83367895008598,99.52872979343014,98.39105833922652,97.28519695162532,98.6310693527263,100.0,99.7072682507692,99.78716412151692,99.80011927193544,99.8631676342345,99.61872339687788,99.9313818113126,99.56750276207126,99.71715647397198,99.60565927943468,99.32765360933053,99.3458452659344,98.51042519705108,96.66769799887696,94.47303709069917,0.9682507501166718,-0.2499809690726521
2026-04-18 21:00:00,0.0,56.0,31.0,27.0,15.0,16.0,50.75435564809223,11.203146228216143,3.896431551562821,6.259500359908774,73.34808638825292,74.34018348971567,80.63035496699878,87.48753264906762,93.10551393775545,83.33829842138354,53.35938482469436,27.218101720921982,13.801241952243762,10.726780088759394,11.568447081552272,11.910168625764754,11.695091172586425,10.492597887171575,9.342965260297383,8.588433039630054,8.892124873239089,10.039194672749357,10.71380266533926,11.152755673149096,11.312548169340626,0.9590788900341132,-0.2831389812281835
2026-04-19 21:00:00,-3.0,37.0,82.0,15.0,11.0,32.0,85.30230278358447,20.34078585417836,2.2592503129473327,4.531797190886101,95.3761424621873,94.57067752479269,98.69041196212738,97.5600603486638,96.02817538888016,98.03400468783832,98.61218022244374,98.90433522142808,100.0,100.0,100.0,100.0,100.0,100.0,100.0,99.8266272960741,99.69143270921276,97.6243540709612,96.17222717897516,95.37373863569954,94.8361764304632,0.9540665500578388,-0.2995947563972602
2026-04-20 21:00:00,-2.0,30.0,60.0,49.0,11.0,31.0,40.77484077877576,5.518474061172934,7.453102870315697,3.9563079448829424,79.16561589625219,81.75050227915702,89.55046749135053,97.0359105171063,99.14007160390324,97.15186922474328,94.80337612067169,90.1419764556596,86.59641452247388,88.01966448048356,97.1827323819466,97.64672738648277,86.81250716323319,50.02957996677585,32.27546915734499,32.923286188099965,35.531795243966364,39.87826425169652,39.74204016210546,37.20283005035802,34.56608534125799,0.9487718864399473,-0.3159618766579029
2026-04-22 21:00:00,1.0,43.0,64.5,28.0,5.0,17.0,48.72854232088761,10.84767532701222,7.462966627889776,6.181726452159441,59.625257849967525,60.358235185446254,66.64218935217635,74.81684307094007,84.20279448635401,92.59228991665329,97.8864675089544,99.42026408768608,99.44498261343954,98.80352405173024,97.74523598650444,96.64493915128077,94.80187396690891,93.41607472269077,86.3866792536218,73.23278907977304,65.22312681756965,60.5730364966702,65.56646218384053,75.83692307846252,80.6546979259439,0.9373419384643772,-0.3484108069446808
2026-04-23 21:00:00,-7.0,39.0,65.5,27.0,10.0,35.0,59.29366218419092,8.152511106764015,6.9878455591861615,6.95269507971473,63.314508204972896,64.53201737698181,68.59528966778623,75.68079686980388,83.41583645244411,85.23764220359354,74.2611122139656,64.40507977984039,64.28387127667357,73.18471388137804,78.03411729879504,80.97711496043208,82.24870710824432,82.71073864619812,81.08836131778602,74.211625740859,66.69621750852112,57.07461476464747,52.00006556889624,49.04763298613384,49.08930716525024,0.9312100364121948,-0.3644830148102912
2026-04-24 21:00:00,0.0,38.0,62.0,31.0,10.0,1.0,56.73554022692405,6.810938672428292,4.844201876085412,6.746371051133521,68.15984247413105,68.57368350379944,75.11979021577898,80.57777687129683,79.73252469458535,81.80652098170623,88.07599659973977,94.68731681643251,96.88210037779412,86.29700900222892,55.09957811791697,33.93926907302112,19.435914124335856,16.107051186708087,14.147513232728045,15.72141798486201,17.70579396709799,20.2129087398336,21.72733371345109,21.983154760369068,19.71111940940064,0.9248025743285088,-0.3804473662878516
2026-04-26 21:00:00,3.0,56.0,12.0,30.0,6.0,36.0,46.910016212323086,14.248308139534643,7.429579454536198,6.263967135498281,47.294979397282326,49.66356122130867,55.62773410319729,62.317741282624354,69.40764302404538,74.59896605095807,80.37187947094881,86.44323982005673,87.50494104622695,80.77725287896881,66.02977802487192,59.85540246073268,56.93254957636885,53.20426226065989,48.65142676537816,43.11178432352469,37.0645759753666,29.6178552140765,24.02721761083914,17.41031148038319,15.613317159428467,0.9111686353326632,-0.4120336369594263
2026-04-27 21:00:00,8.0,61.0,53.0,41.0,2.0,8.0,39.218096354975465,11.966994176254104,8.168398543070508,6.667137707704772,29.61315761348567,31.37696536622161,35.28792810044442,39.57469670988354,44.69638893633536,50.33995564472297,57.09254102224022,64.87215733290198,73.50322542852328,80.40271702498491,81.02022051943469,65.5672154437573,46.99009082639805,38.46497592489443,31.89170196589138,27.84542901665671,26.01127401662505,25.005238977677564,24.850256635630235,24.652303683302684,25.658182079789576,0.9039461929224012,-0.4276462092677746
2026-04-28 21:00:00,6.0,62.0,8.0,34.0,11.0,16.0,29.75924226637688,7.032479022882847,6.897439820152994,5.863385430943511,24.879621701428075,25.870483378907043,28.927449439698776,32.42035937055409,36.253963331525405,38.56420241268157,41.28037643158976,38.699672939368405,27.34531429369154,12.064994047602806,12.754656844972851,13.71177853834394,14.468681718292087,13.276871217875682,11.8421528739658,9.986911166071636,8.792496548082312,7.955042672707679,7.506108079279,7.0048090126315286,6.710358789330171,0.8964562582905575,-0.4431322341826345
2026-04-29 21:00:00,-5.0,53.0,42.0,22.0,13.0,16.0,54.43645846023466,14.01702797767546,5.137575502571425,6.621230236027975,68.35703264348767,69.47267303511515,78.66367676479548,88.25483484127993,95.12259820953888,94.67869980282796,81.93616198986551,61.5459405546443,42.073338660135725,26.90027591346916,21.97635477700121,23.04711548642376,30.16713742582782,38.983561326334495,46.65621446525586,49.60802210032562,44.49377523714216,30.677323074328328,20.54480465518308,9.85946666652434,12.691266745195984,0.8887010478292915,-0.4584871291400876
2026-04-30 21:00:00,-6.0,50.0,81.0,16.0,11.0,14.0,65.77346788533985,21.74742720455605,5.390247434035279,6.15783455724208,72.51570294997752,72.6475326823456,78.65186128399534,84.68677486358192,85.56480007404627,88.70797655079224,95.86955582763252,99.79199214154283,99.70198684383035,98.83119964076172,98.13967315317696,98.3822290175244,98.5731602535021,99.38433324505922,99.84774346420484,96.42752906418308,93.5878107731528,92.30084900880156,90.92309218390967,89.17087043610383,87.92326473677923,0.8806828564301475,-0.47370635037968
2026-05-01 21:00:00,-2.0,42.0,78.0,20.0,10.0,30.0,76.04554787969504,13.519391526629596,4.871230377470703,5.347929529038413,86.20562741587395,86.93054372855134,93.26301700825276,99.0635831605105,96.31739650542816,97.23497188668703,99.40295052605168,100.0,100.0,99.76733316693908,97.03203547547852,94.766614378252,98.1958358416184,75.729518091449,46.6655296643997,21.77995608927859,5.819275627479264,4.373714012008501,4.1057774699664655,5.004122370397047,5.512946326003842,0.8724040568049612,-0.4887853942889926
2026-05-02 21:00:00,0.0,47.0,61.5,41.0,7.0,18.0,49.361977681747135,12.746663191495331,7.093096553497858,5.871644222770312,74.88753420688562,75.40106662733965,82.38365414623873,88.6821904084065,95.21681165315216,97.121380398847,96.44322364119004,96.26991665487093,95.74529806958417,95.92955488503256,95.58327203509025,95.98444157797636,97.50557195539886,89.74295542884812,83.96428636361559,87.28587198182899,84.06016233480429,72.33566860323145,58.52415523515909,41.448876116518505,34.34936075884371,0.8638670987837349,-0.503719798736334
2026-05-03 21:00:00,-3.0,42.0,80.5,18.0,8.0,35.0,76.04554787969504,14.183490691405453,6.499819219895424,5.469684624538564,81.62648669094371,81.10157575458739,87.11369504392425,94.17484790050308,93.6977197553013,94.22681540037176,98.69755717993507,100.0,100.0,100.0,100.0,98.36650423463286,95.67726290350416,92.67424838707544,90.4674214455722,86.90962462404305,84.97697122358207,84.98128136260797,84.28405235103386,83.1225206607276,82.73813473172399,0.8550745085896932,-0.518505144391157
2026-05-04 21:00:00,0.0,53.0,45.0,43.0,12.0,28.0,37.91052257086859,8.567904898879487,8.613745919880403,7.055308599727407,29.380992561711395,29.047962413164207,31.51873886984073,35.270319587380385,40.02037790718916,45.188050914110285,51.19247737846065,57.51750132671468,62.51438651239912,70.13501136107544,75.6203218498536,76.07708841756747,66.34530533020286,60.79034360695713,57.41940864448216,56.85106546204589,54.71995973326196,49.729347048550295,42.21563140983767,31.65597549797998,27.81650213194346,0.8460288880917339,-0.533137056031809
2026-05-05 21:00:00,-1.0,65.0,64.5,23.0,14.0,21.0,62.76833126674746,27.40367304851981,6.486440485710724,6.09515128184196,80.05407372238037,80.09254009546989,82.7138907758658,82.11715619210041,76.39181266071746,75.22461140001651,71.81838144751623,69.29421478768798,72.50530332555375,77.6165610786699,82.433070012489,86.45695228049345,85.51562650036743,85.87392992114259,87.49485238812908,90.84433988783042,94.02707538366842,92.69358326561708,90.45308441756823,87.06861553325407,84.84660878901644,0.8367329140344921,-0.5476112038402312
2026-05-06 21:00:00,-3.0,46.0,79.5,11.0,4.0,34.0,82.59177519161884,23.08147073191478,4.085880139380353,5.752836903908526,93.68552329814732,93.28321982583242,97.6203943258106,93.85763929429687,92.97663976634844,95.1019841334698,98.38312691509051,99.69214619800849,99.8036545531762,99.23305594207363,99.70141174693124,100.0,99.81870082920643,99.96149743743956,99.49514365033863,99.24156967278066,98.082383333432,95.05618644028398,93.19852788261277,91.23074472842129,89.61477791356285,0.8271893372462497,-0.5619233046832195
2026-05-07 21:00:00,3.0,49.0,66.0,24.0,9.0,27.0,65.65067581632282,13.390238795818531,7.187853570042917,6.248435562278211,78.45815755970597,78.15494878265679,83.24047609407685,79.3488144644034,82.52066626480838,89.64765096863691,92.75663906052252,93.20282086489117,89.89462754896988,80.09188786572683,70.46404865739187,64.33142398172797,73.29133985081572,75.24041807435971,73.7418634770873,74.99306105257712,73.79252887225024,66.54838620167571,49.088054927989205,18.97754727921899,10.82940740674738,0.8174009818249189,-0.5760691233798758
2026-05-08 21:00:00,4.0,51.0,45.0,64.0,9.0,32.0,36.05157441126535,9.123273479356769,8.823174651843969,5.755580255469771,38.354111910461405,38.17002484645712,40.34459639277177,44.9867514860763,50.17629080644255,56.551398030090674,63.55427712418091,72.2987439710387,82.45013664681147,93.6408441334125,97.60310422128892,98.23184855654723,96.33386899207584,97.9670129536476,96.54977489964476,79.29458308796414,63.17257163228953,51.10583375049744,41.86186918636243,34.84353783772522,29.85269889470269,0.8073707443023492,-0.5900444739548627
2026-05-09 21:00:00,5.0,57.0,48.5,54.0,10.0,19.0,32.77839272235343,9.43490112736583,9.090171493415616,5.403200665314619,27.5658650854382,27.7467647151036,31.108534729047648,34.81970283660883,39.30295765346886,44.76626390836597,50.9550694409442,58.68742689470916,66.77042803151873,75.7395943937176,83.75517293396551,87.33688476970111,88.16582043304044,94.3722940957322,92.99080417713778,73.27693397007792,54.8606041772152,37.8803879163752,34.257464804149585,38.50468005934826,43.36355678731816,0.7971015927871943,-0.6038452208771035
2026-05-10 21:00:00,-1.0,55.0,67.0,15.0,9.0,19.0,77.2225955856469,17.457366491214778,7.096535517834515,6.598483823396004,63.58234647535831,64.32333336764283,57.26338200818364,54.78794123346161,60.01094056099109,66.45120727099307,72.99042382429994,77.17163400360944,78.2947572459954,83.4640749868978,90.83061048560398,95.39570477736616,96.5973913976476,97.86905177920698,98.4712486919056,97.41186206437553,95.07103372173748,91.2892980874062,87.0004913350176,80.82112517428529,66.12802507250343,0.7865965660866021,-0.6174672802835514
2026-05-11 21:00:00,5.0,52.0,49.5,59.0,10.0,29.0,33.325441457728616,8.988254248209017,8.89759002261687,4.800944747373618,36.91969274374781,37.6095960029297,42.183922385902136,47.32744813763302,53.07166133368091,59.67809280984427,67.15248067100937,76.0568755428822,86.45703864499512,97.09306813719982,98.1710548971554,97.86963144974578,96.14144059617132,97.97960456443852,97.9232966660499,97.20844730100968,72.57507154601136,35.09759083090234,19.82653387183939,12.278716647945874,16.18236591733047,0.7758587728069828,-0.6309066211876704
2026-05-12 21:00:00,-1.0,47.0,48.0,54.0,13.0,32.0,36.91330963245496,8.327486252270253,6.699748651494557,5.302609585165631,57.66975987139063,59.69022155913893,67.05972014340055,76.02537172268919,83.24383350119525,88.85254479020195,89.72356010547645,95.0262408070652,100.0,98.39923519223224,83.89834320256013,65.25802559879627,46.55597331359145,39.36335236496314,32.38955311771808,26.6797175813281,22.95149774006828,20.8549725878106,23.179423261176648,28.040145673022565,33.793662587492214,0.7648913904341226,-0.6441592666722685
2026-05-13 21:00:00,3.0,58.0,53.0,60.0,6.0,18.0,26.792639560527697,7.129435084136856,6.889018767400732,5.913385915461093,28.54076402787477,29.0597738288198,32.54114363188663,36.52091622186288,41.29389788228245,46.10940435144704,49.37857598608392,52.04738080105022,53.32750501032406,47.50611400785463,31.05422254138645,19.783364625408662,13.384714343444909,13.201382288927602,13.0159303767539,12.152236356924016,10.94347816002118,9.452418933620782,9.097455939020278,9.315486145061929,18.34453417235713,0.753697664392914,-0.6572212950663319
2026-05-14 21:00:00,2.0,62.0,54.0,39.0,9.0,15.0,55.73631566879558,17.161310749541173,7.870982955681939,5.365522903140385,52.07854445139494,52.62696232823496,59.00355905209012,65.86418439841343,69.10751785474297,66.48531237709501,67.27482954479458,70.0509631034142,69.66316186527976,69.29896132218154,68.00181874359734,63.88232445985989,57.5138976433633,51.62805288012039,51.732882204935926,65.9090425066376,74.07133140493592,76.15834110196072,68.38840976385428,50.5998171127716,51.56858762449076,0.742280907086982,-0.6700888411055113
2026-05-15 21:00:00,2.0,66.0,38.0,51.0,4.0,6.0,40.02228196003663,14.2518985555703,8.888079886047617,4.954838529849035,31.19582518300696,31.19968824148612,34.82652287697073,38.87748232732688,43.76503207115389,49.38957075168602,55.81688654345728,63.44156241850637,71.55190299841695,78.83136134493492,87.03813364503402,89.90555683726369,85.56213898028142,47.51586220481915,23.33193656161112,25.5338021575892,30.47159064116739,39.2067207412681,40.62429100636259,34.32530501418511,30.73957303159581,0.7306444969184916,-0.6827580970759147
2026-05-16 21:00:00,4.0,72.0,43.5,43.0,14.0,24.0,32.58751539218839,17.97085730817159,8.063568091106987,6.498503854408516,31.63158805558644,31.770552207769203,34.7600675387067,38.70150496295226,43.395906558068745,46.9649635783566,48.71176068759403,50.89148934915861,50.72597123655088,51.99123067679229,56.2648064136599,59.89421136282412,61.87684848765818,60.96337977567025,60.04908538473166,62.33200844240413,67.30735154945224,75.3377880271212,81.54270149779346,85.02569533312709,86.055036047119,0.7187918772884232,-0.6952253139408722
2026-05-17 21:00:00,2.0,58.0,9.0,45.0,16.0,31.0,34.31184626017269,7.759490798129748,5.536422094149946,5.4874063386639005,44.10917018030636,45.07451319147988,50.89503892302199,57.32868667911212,64.37551173038999,69.15495591549818,72.50535543805113,59.4163761670781,36.195725239043206,17.32254325273692,11.54409935966242,8.627622983651438,7.746136416169584,6.326603032262399,4.612288027486206,2.7417056412200806,1.842522971825432,1.9620278870131669,3.1603542145254107,5.633786927529426,9.73370917630252,0.7067265555776158,-0.7074868024503348
2026-05-18 21:00:00,7.0,62.0,70.0,37.0,8.0,20.0,27.42475674632448,19.24280053713979,6.081875136879097,4.926212919927066,23.75112801067131,24.68788812967044,27.32862567635576,30.70490059031413,34.05519730195723,37.60074470370834,41.88318614482016,48.95323841419759,60.64348795732629,75.15415300509615,86.66160786602437,94.54898978220665,99.73097189215414,98.91270102092216,94.2726518344295,85.30420991112865,77.41280583391593,67.9216669184472,60.76503556372811,52.25637858249321,43.53516190135962,0.6944521021088763,-0.719538934232584
2026-05-19 21:00:00,2.0,67.0,66.5,16.0,5.0,35.0,67.77336387804566,36.49431890350563,3.914371626535642,5.096751171133805,92.42627148019648,92.9501102270634,92.47858164824294,94.08166000256963,93.11877040198556,92.28323892694392,92.73442823818677,95.18675045163552,98.09931898157984,98.83894326714102,98.17489716204716,97.17976792848144,96.20093616798864,95.41765974075705,93.51135328941628,87.26056680987013,76.00060896790207,59.64142600792596,43.25742672465022,25.46446027145549,15.650020398697542,0.6819721490904629,-0.7313781428679254
2026-05-20 21:00:00,1.0,65.0,25.5,35.0,18.0,31.0,44.755437304046936,10.653324250248469,4.112845905672627,3.832025210736098,59.2583904332536,59.163004707854085,66.20181943737953,73.28697930222597,74.83171149282629,72.71735392169096,65.92555382755464,52.52652193186477,33.51777091768534,18.99306560627477,10.743165742761478,5.714706585200787,3.608364241798892,3.2000375970345067,3.1162685167386344,3.3299335037750057,3.576866450876299,3.848978204907515,4.280423667228334,4.825324601784805,5.276860258572492,0.6692903895412567,-0.7430009249440493
2026-05-21 21:00:00,-5.0,50.0,25.0,58.0,15.0,31.0,29.045156468862704,6.83313155749552,5.807335552391394,3.6049013129393392,44.62513038121011,48.19116746848145,54.40157932188645,61.48546059135536,69.42222993398191,74.16456705809692,82.4178045519886,92.4046932051848,95.85487002145284,83.47779115544928,54.55656142872847,40.38076172944978,31.16711143890637,26.18248316654301,20.503951841546822,14.043905159274376,9.225614373878535,5.144350148570284,3.831633624140375,3.4199301714767047,3.6911605463290615,0.6564105761979381,-0.7544038410927472
2026-05-22 21:00:00,5.0,56.0,1.5,66.0,15.0,32.0,25.379360059182453,6.503650191808549,7.457738231146155,5.819010171213014,29.15757622768316,31.805951518216368,35.7760506529951,40.20578379826016,45.466906804951954,51.45028453069151,55.91907214267062,61.51197494228927,65.724293626489,61.94669037465273,44.57488398610706,30.4918588731652,19.775877370641805,16.033172925118603,13.800153002109688,12.454211154987927,12.183718203229368,12.396959102548433,15.58795291375884,20.02635753795684,23.33707297415074,0.6433365204044917,-0.765583517007675
2026-05-23 21:00:00,3.0,63.0,8.0,47.0,4.0,32.0,23.38920264622553,5.50513005906491,6.719342064639079,7.2636213685943805,21.56945110915084,23.50626338522813,26.041585464238025,29.250774118691545,31.925763826553545,32.62313393323647,34.83411463154498,29.82196906200741,21.647398491151502,16.835074029741143,15.370456834216858,13.739104458698618,12.224306705828738,10.89161529048348,10.31930520626563,10.05989448150866,10.31846235617457,10.60085594299174,13.72824534330107,18.20318485055025,24.972068898544165,0.6300720909843687,-0.7765366444428655
2026-05-24 21:00:00,7.0,68.0,53.5,55.0,13.0,18.0,25.14575824002192,7.21205650493747,7.448414842256383,5.232576905214797,20.113560230133302,21.577220611650382,23.90777358870297,26.58951771411052,29.8280028882556,32.8029021197076,33.14223144801407,35.50380864780101,31.579684449325384,22.82276520126652,11.42005081810018,8.993643050767322,7.871774521614586,8.334753115857803,9.312571599591074,10.744910409815848,10.10175402516048,8.771673151496273,18.18058276181056,32.39120092602632,63.05514111600409,0.6166212130956382,-0.7872599821916922
2026-05-25 21:00:00,0.0,55.0,82.0,12.0,3.0,20.0,83.20884823047453,26.677307946269547,4.339215913252812,6.083967894027752,92.09328886337605,92.88518145082256,99.4615930433379,98.20170371741249,99.354990328318,98.9517186819823,97.3674545798358,95.39898789678374,95.3290581849117,97.45041276275614,96.08795809621596,94.27249748016638,92.9448353593126,92.03552208541808,90.1116861754342,86.33400141928527,87.10785575927189,93.54085516472117,90.2340314171074,75.95712948142081,46.109405100553154,0.6029878670694714,-0.7977503570459932
2026-05-26 21:00:00,4.0,68.0,64.5,17.0,7.0,18.0,60.884173129727394,31.155787387923294,7.673272125141437,6.056131208460275,53.04604351408193,53.76646955076431,56.52104214523911,62.90720951130244,69.8941851679109,77.37778469103583,85.65370535042285,92.70118681435744,98.39095756962952,100.0,100.0,100.0,100.0,100.0,100.0,99.94676618337412,99.29613406640269,97.99746739920866,93.61019014469856,83.69220159691805,81.92862637138705,0.5891760872322963,-0.8080046647350754
2026-05-27 21:00:00,-5.0,59.0,65.0,18.0,9.0,2.0,64.3868891219303,20.20716620039412,5.555357704985683,5.049379271025982,91.59914487107592,91.42593072666716,90.66638344091024,84.89077468353703,84.75734412093253,87.21428317798652,89.84587229875336,93.89673968398436,99.30358871428427,99.18816587864524,99.58113247047636,99.82588877861646,97.70834506780808,71.58474980844956,48.89513137362718,42.37141442129528,37.22157383546416,33.30293447456141,27.35010508830509,18.530312708305065,11.506217193181367,0.5751899607119775,-0.8180198708443175
2026-05-28 21:00:00,-2.0,48.0,80.0,18.0,11.0,35.0,65.52729189453571,16.035440266193923,5.140801938453221,5.207089698706745,88.48589639433064,89.12625719120614,98.2623747078064,99.63304951324568,99.6466973639788,99.64565149755796,99.38233059365628,97.98245303025767,98.26507151242096,100.0,99.78755401218925,99.79359208487662,99.48395840472604,89.76036795791244,80.82225730719286,72.11988699330274,64.27680142818996,55.81176088396836,49.8736846424328,43.34856815809408,41.24218261542968,0.5610336262283677,-0.8277930117131022
2026-05-29 21:00:00,-3.0,55.0,59.5,41.0,10.0,6.0,44.92675003361713,14.569122751732031,6.809935664841142,6.225775295038846,70.35467723566691,70.37046878994204,76.74574105242668,79.65361188788003,79.61819344164714,76.4776849273012,74.9894501918846,78.25685065443486,85.7606778659154,98.80748230293132,99.74746910705731,95.61827729485825,88.18460933259654,90.53072854618196,92.28873156303752,88.34626726229754,81.42543703437013,71.11227759970917,62.91101335037301,54.87588229726937,39.66599596504896,0.5467112728685939,-0.8373211953118121
2026-05-30 21:00:00,-2.0,59.0,58.5,59.0,9.0,1.0,33.10462754858699,9.855128196604364,6.76152937394721,5.872989713157288,42.22719515816079,43.414813949210135,48.632242121970016,54.4703654981332,61.06503311874684,69.05327824831573,73.16100359070164,75.61750531524062,69.25946759395949,46.91093534830258,25.48480661886187,15.828511686676238,13.37093743120508,15.4351386697701,17.071075873679884,17.24075376212068,19.58701013041552,23.956551351026462,33.75802800034018,48.23548970554246,58.90367160880402,0.5322271388474397,-0.8466016020976267
2026-05-31 21:00:00,1.0,60.0,36.0,73.0,11.0,9.0,29.438866025416942,10.832207707599492,9.157012652002631,6.23997672726616,29.77110587324819,30.05046379789618,33.254807019899005,37.293451583185806,41.94105872048032,47.34624291602007,53.86421077953718,61.04222670972115,67.80089724969231,72.69832083245541,79.01336315575391,84.4992495994676,87.66679497053057,75.45307924387652,63.323847109486906,55.1547852181985,50.39569210659657,49.331547078224425,49.06761915918005,48.9897425515881,50.08292683266624,0.5175855102531889,-0.8556314858488706
2026-06-01 21:00:00,-1.0,63.0,63.5,39.0,6.0,28.0,42.75117614476716,14.86642578336748,8.774711321044816,6.1785545526944805,40.94443671010345,41.83897726653549,46.41160941441275,51.6825101963927,57.66353103758695,64.6201146071932,70.74659483867933,76.9547649910498,82.78484983331875,86.08388195357144,85.69682049261472,83.59964706776233,80.5335273534169,89.05150681526428,93.19974138710856,85.64060548582721,65.98097951644687,38.20605603925163,29.80111641231416,28.363325940788293,31.6680396640012,0.5027907197793043,-0.8644081744776648
2026-06-02 21:00:00,4.0,65.0,65.5,62.0,11.0,35.0,29.046898260210902,13.75566870259554,7.993542133484081,3.634863910646014,32.05523794408271,32.91906097464009,36.57890884247234,41.03565332103866,46.254364183331845,52.0501722970176,56.76431988702216,63.610092312805165,70.96786599502022,76.29238976137177,74.50519190012031,68.52149775208734,59.49954119809748,53.47728239950905,51.89027468533518,59.04917436559899,67.32076817473177,76.21432774770793,79.34710111883744,80.83182004445723,75.09187263778179,0.4878471454423119,-0.8729290708206411
2026-06-03 21:00:00,3.0,77.0,19.0,51.0,7.0,28.0,37.35900373746598,22.79594984221687,7.742953631133167,5.696071319240524,34.103718938946415,34.801270776264595,38.51791736660365,43.05173612343236,47.93200868533893,52.59608504296215,58.456932029239205,64.81051954233395,69.49114753810952,71.74563878536266,72.78242402704882,73.78830779941072,75.22381034292381,73.02820402692056,69.12354393921203,61.94659046175788,54.774030268056336,47.5279115254358,43.282158367533945,39.61810761600494,37.45206216237318,0.4727592092862775,-0.881191653407483
2026-06-04 21:00:00,9.0,81.0,34.0,45.0,14.0,25.0,31.555779583122945,20.83251577323453,8.209597704100759,6.297039386922651,32.96577792962454,33.154671719430695,35.70243019425155,39.37331019258264,43.83938652607519,48.51013598288469,52.25149066201256,55.117182807679576,57.41620643713501,55.69686845486929,50.92259461287245,45.45471783031258,39.46550031745005,36.45563257756029,33.95013183003748,33.107353331285886,31.67354498796733,29.402633589804424,28.189331133007776,27.07995757154264,33.92409531462667,0.4575313760742512,-0.8891934772070711
2026-06-05 21:00:00,-1.0,71.0,35.0,46.0,0.0,30.0,33.71089265797102,19.32026455963464,7.010430253110815,5.943354814605808,30.50545679267117,30.81164514652721,33.88247858003578,37.7018027946297,42.21581729231627,46.85420080129094,52.499789354414375,57.418092636198246,56.69356361704146,47.58349695163357,46.05067835446816,53.64369154716466,69.4735075777835,83.69999465587468,94.02268499948876,91.8482491223293,87.46307448319202,79.92654952884513,76.42467195203015,73.7560829666268,74.27735577656789,0.442168151967072,-0.8969321743510065
2026-06-06 21:00:00,-4.0,65.0,81.5,16.0,13.0,17.0,70.05344094799,35.88678368779729,5.323312468484449,5.252720584055258,87.6920065167733,87.47948009459388,92.55017998336362,95.14587938891464,94.94995487104538,94.63174134135416,97.00849578412924,98.22395477132793,98.83579759899386,99.06158501998884,99.9833420819074,100.0,100.0,100.0,99.52624887176688,99.67215999852098,98.94394369890804,97.29480495720402,96.14209725859828,93.72400044851048,93.25595430114582,0.4266740831899246,-0.9044054548343
2026-06-07 21:00:00,0.0,65.0,22.5,48.0,17.0,2.0,41.43795063649969,13.000695611036418,5.830787727034709,4.8734242323250845,58.09359936022504,58.93616923471421,65.12967246363161,73.0149278074148,81.21744083009821,85.64698031392959,85.45979476130057,74.77780012415276,56.53321180396256,40.43037471322673,31.008006733913074,22.49648846930031,14.037656190116918,8.797899764873469,4.27055740453652,2.7747245937335565,2.167441817927591,2.645025992272944,2.889956681057929,3.003187986706139,3.309758699781743,0.4110537546870351,-0.911611107193024
2026-06-08 21:00:00,7.0,75.0,14.0,51.0,8.0,33.0,28.34167147320564,12.459618634195843,7.170933078570519,5.560457922716993,26.50305922420814,27.1031330825174,29.937604681429143,33.2627497694502,37.2697541311011,41.96176321603913,43.97145926682082,42.1928457236035,34.37188529616259,22.947576917674542,21.960628582238527,24.00438586964436,27.26937007340738,29.258985591239632,32.016302729365485,35.358143055414914,38.59171080484304,41.60684691621507,45.4001955153409,50.0674953225383,45.063899366777896,0.3953117887649151,-0.9185469991587164
2026-06-09 21:00:00,6.0,85.0,24.5,56.0,9.0,31.0,33.37904888836975,23.89569943338245,7.747940669791969,5.998612792481055,31.820127702067182,32.02253925054794,34.66648628232561,38.47583112165246,42.75212867830173,47.7607934296994,53.05172683693377,57.91660271044372,62.33871140165012,64.6288234963514,59.48893643156031,52.74056847521982,45.69225537374322,47.88910592966219,50.94269355728541,53.75559536125915,53.13811055885797,47.84369464263641,41.08918101727552,31.891481161708224,24.01586624036105,0.3794528437245443,-0.925211078289358
2026-06-10 21:00:00,5.0,84.0,80.0,43.0,5.0,20.0,42.83240086268303,30.847305091055453,7.856083923687283,5.746975346210467,35.382943397636765,35.978469381033044,38.549113045903525,42.576556115319775,47.42254361827848,53.104085085896045,59.49596312867149,66.08518409079332,71.11803673577806,74.06048572833949,60.52743115944556,45.77193026268298,38.09830739482891,46.98767872726483,60.33353667790329,72.97446816833829,83.00201477852033,86.84182817633116,87.58282540470651,85.00272266998434,81.90724343121649,0.3634816124829063,-0.9316013725767188
2026-06-11 21:00:00,5.0,88.0,31.0,42.0,5.0,24.0,40.47893176163437,35.6116747031361,7.404795444009674,4.934970878125482,46.75005374353323,46.4589822451909,50.098179881346894,55.79605405264175,62.03098069075652,69.13916087357428,77.7590279263248,85.08077188564434,87.26222139154825,84.20697423414968,75.85981079193537,66.04460943407008,58.41191112185105,53.60632689478376,48.81575667728656,40.03363442273125,31.055844112305493,22.97507087377352,15.383218807584376,8.201161051391292,5.241549664911953,0.3474028211842774,-0.9377159910299092
2026-06-12 21:00:00,6.0,67.0,83.0,14.0,12.0,10.0,72.84035496253438,44.48203054970372,3.900245985961187,5.06734312860907,87.52846637155749,87.67342575456695,93.75912233960008,95.75479074738256,97.05137345287146,96.17399176303596,94.21385016683357,93.2889512501029,91.45833923699244,89.44141376564082,88.50513271729972,88.72261054659286,92.51848772524792,96.53799360943678,99.6899300306379,97.8788220257194,92.45265337312682,81.30020974461468,80.62218731690632,90.17541540036754,92.8244900593262,0.3312212278016865,-0.9435531242349544
2026-06-13 21:00:00,-2.0,74.0,34.5,30.0,3.0,13.0,57.39844888625206,26.72678657119881,6.768294927093639,5.190844520139171,75.43185104379428,75.55982628043404,82.55609342775203,85.64839834348459,81.99486396770264,81.3142287197509,80.84383795399957,78.50354005723347,74.1167570330603,71.43293968489911,69.1648222683082,65.2386533971469,58.13991333981912,51.603350597491946,41.96830070593925,27.426363668979924,16.273932921341146,10.603474856726658,10.67177050276453,16.17715639468346,23.41245224319021,0.3149416207289519,-0.9491110448902284
2026-06-14 21:00:00,0.0,72.0,76.0,16.0,9.0,19.0,63.63694965420793,36.81030747033992,6.941439650389778,5.720654511021077,70.8239250197498,72.20670170480047,74.05525259758082,77.10173118885831,81.56823902394635,87.35191463418313,94.25052616393504,97.9843288430393,98.0002224226698,96.28835774249347,97.03211873041288,98.4218583136116,99.88410112039551,100.0,100.0,99.92388990976777,99.34632961334565,99.48227202936924,98.60978946186046,95.2339708828571,89.26738228692834,0.2985688173637202,-0.9543881083175908
2026-06-15 21:00:00,-4.0,67.0,63.5,23.0,6.0,12.0,70.26667474204065,28.98508538330801,6.372404333016519,5.046573641874414,78.63393765852477,78.5903366917591,81.1362824890914,86.66985561063527,94.09566378870224,98.19711465196754,99.74362802662012,99.92715787001914,97.31290540412324,98.13032363048318,97.13881157936449,93.88311101026582,89.54070304057845,66.76998196828542,35.80551400295227,23.19063262612629,12.912629336432444,9.914356354639995,8.083650462968055,8.14569305240929,8.221354335014619,0.2821076626819194,-0.9593827529490744
2026-06-16 21:00:00,-1.0,69.0,12.0,53.0,8.0,30.0,40.499911320524994,19.5390733070767,8.093294388649385,6.10722828718654,54.56243551430783,54.53034720528444,58.47573649421574,64.51993607534592,71.45473541068269,77.14637432255539,76.64790124617383,70.94208539365796,66.162352351327,63.0944121559996,62.29706646433038,62.83629842697418,64.90099861348547,61.51838361986407,55.22731294642546,44.324938974426864,36.81640072565158,34.417031300488546,33.51630615126278,33.77641363211814,33.23656587831037,0.2655630278040559,-0.9640935007889756
2026-06-17 21:00:00,-3.0,72.0,36.5,39.0,6.0,19.0,45.84077627073299,21.54923796402165,8.58267415662434,6.683845144624649,44.685265181496646,45.063340743704,48.47355633297069,53.41324247808296,59.08481178787287,65.3682440243751,71.8081356901045,74.03137715008033,68.55447776199155,66.58654215739026,64.06104594768645,59.85761024189776,52.13473500162568,60.68630909860768,71.85854576093826,76.38466426723215,70.74785004240468,50.1603384536786,36.99503647951943,28.4812203470174,28.44217206340448,0.2489398085537665,-0.9685189578512204
2026-06-18 21:00:00,-2.0,58.0,88.5,20.0,17.0,14.0,77.48256637144449,32.11516948927932,5.175507281138372,4.8184764470428245,93.02677795837089,92.70846845131888,97.55822430333482,99.95564305397572,100.0,99.97202133987224,98.87909224870272,96.97015772124703,96.4149407211652,98.35996444867658,99.03040710061693,98.45483543114872,97.97190230355784,98.30396208827592,99.61997122553905,100.0,100.0,98.99122162685946,97.24271376873249,95.5313060047664,94.92981231826272,0.2322429240090701,-0.9726578145718654
2026-06-19 21:00:00,0.0,61.0,75.5,23.0,10.0,29.0,64.63310849589597,26.54734897614372,5.434874925434651,5.088242288942159,79.88631834162128,79.91658406171052,82.74869479681348,89.50313762887792,91.52354213761878,91.04423902579892,92.50846518256182,94.45314371218714,97.11594413383384,99.0084256323342,99.9873362604472,100.0,99.75618785862736,96.18052493732615,88.99905995912955,80.03747627129671,71.27997279808038,64.05602566513988,58.49259329031328,56.25307344841936,54.90529723120551,0.2154773150467301,-0.976508846196619
2026-06-20 21:00:00,-1.0,65.0,50.5,42.0,12.0,34.0,54.09708539709628,23.211887271479817,7.380538338101172,5.785186644768091,63.55154795792629,63.231190665228034,66.54393135211708,73.88052814572174,81.88873849622897,89.5320847421467,91.28719787006972,83.84476111543528,80.4138363374264,81.14202302806012,82.0747209716982,82.88305413929515,81.96850503598586,79.74567334852128,75.99751612137992,72.20916036400166,68.1047930931278,64.36286187155032,62.55331939748964,63.63611828436644,66.75899196800637,0.1986479428801711,-0.9800709131432666
2026-06-21 21:00:00,-3.0,68.0,68.0,34.0,2.0,36.0,54.52642597791101,24.954421414643875,7.06222546394073,6.125642470986772,76.64043705219456,76.56528734003444,82.37437651153006,80.8285094182277,82.5299384893254,86.92324507607346,90.6078968387167,92.28089523037744,92.41499753503378,86.93287679402776,83.10010156824367,78.7693244918492,74.43721680847264,68.78297719042472,61.62007528471034,54.01499274571341,46.53694559388565,39.52124005057088,33.44592787650152,27.039504653286617,26.510868843393936,0.1817597875913753,-0.9833429613388902
2026-06-22 21:00:00,1.0,69.0,65.0,28.0,8.0,17.0,65.59556279510115,27.870555333887697,7.126991983454279,5.5517740743990425,76.5980867787879,77.54431426872192,83.42856603481854,84.15252092062728,83.49240931151087,84.94248613516713,84.47200423370887,83.01996025762325,82.73659400362767,84.10980392416859,90.46807421213148,95.6050514065789,98.4623208790272,96.38880538091873,88.99248297785313,75.27710987909039,68.84750921528546,67.32517955630716,65.09266693087244,62.07585888575806,36.69820771195205,0.1648178466571979,-0.9863240225317866
2026-06-23 21:00:00,-2.0,65.0,77.5,17.0,2.0,11.0,70.05344094799,26.380127902218177,5.356906033336428,4.177429366048478,89.20724288189923,89.84590063901403,98.10052730225009,98.31678462291283,93.23512423852446,92.26920045719037,89.83168965384823,87.01476605544322,88.76967468333326,92.62870334955024,93.0668813163704,91.30148871177327,88.07027578766063,73.51348321446349,56.300813047238826,39.07046549080752,23.267553667122243,9.906106015524736,3.5916285676504685,1.6728839171141383,2.911209461460068,0.1478271334705304,-0.9890132145779884
2026-06-25 21:00:00,1.0,70.0,59.0,38.0,0.0,12.0,56.85324660594026,26.206454305801444,7.334202277272897,5.997273315569959,68.09415621139681,69.98130712872982,75.59774994897047,77.16808841079855,80.75986646749038,84.3060931318951,89.01815279440012,89.96830147198874,88.27166630498054,85.68952365073899,84.79093362429583,86.06619676867162,88.01747324826991,89.7386428608618,86.74263958911492,77.57805657002672,70.23794943913066,62.30545607311369,53.20592038548271,40.1795668177709,37.41712866987788,0.1137195145859496,-0.9935128947338008
2026-06-26 21:00:00,-3.0,62.0,88.0,15.0,6.0,13.0,77.82269412380828,29.156941914378866,6.3507427194918815,5.757897908237503,80.89041545837074,83.2201205840752,91.33495305484531,96.14155195742228,98.08100089096862,94.66065864807344,92.62964435943962,92.11580509272028,93.09964865988712,95.2716242406636,95.30823586808737,96.33531033589531,97.64994262390051,98.98867837627668,98.17695067737992,95.79751382909214,92.92351566510854,89.86928280232111,89.30749717605258,88.72275191164178,90.13836336686568,0.0966127018812031,-0.9953220513156602
2026-06-27 21:00:00,1.0,71.0,49.5,36.0,0.0,31.0,56.99036732861668,27.46852894477328,7.015655623638042,5.897836451759289,73.71293726203879,70.14580742859721,68.33417148923404,74.63322219617261,80.65356798537553,84.9365136203596,84.96515696240846,82.21617372847012,80.31691921188602,81.28169704344151,82.85476688348417,86.89281688132259,92.49642039653266,96.59503484870528,96.9451660042603,88.33651026405543,81.61781595813625,74.50240366862198,66.6181764485728,55.77245752677184,44.37363113451429,0.0794772999236209,-0.9968366760893436
2026-06-28 21:00:00,0.0,73.0,57.0,28.0,4.0,34.0,51.35679010988393,26.42651712697838,8.088060025256816,6.454612671210841,60.446108140372864,61.330201019501295,67.21242344828882,74.29920438198661,75.14278081348618,74.36658631415646,75.66576238263683,75.49171209455469,75.47606870611844,77.43694597205992,76.33922201311029,78.36732496498048,82.71583726462866,85.94578099097261,81.99402851179181,65.65104018188356,55.12081802374404,48.18107194283579,48.43577593722969,52.84439511249537,54.13521236749662,0.062318379354325,-0.998056320853012
2026-06-29 21:00:00,5.0,80.0,21.0,45.0,8.0,31.0,39.245524902731226,22.293862646084083,8.336310124443763,6.599622611902741,49.9713625309859,50.61057541664395,54.5564620485103,57.57148436571594,54.47875602230287,50.39436458079227,46.77990836543128,47.55025567069582,51.63097420636733,56.5497901771122,59.966849713072456,61.829525063398336,62.142736314513705,62.10007330042559,60.22686668676707,55.40245453349119,48.3544211115398,37.98887342053487,30.18096695883032,21.558920837438023,21.13583229649445,0.0451410177739719,-0.998980624694158
2026-06-30 21:00:00,3.0,77.0,72.5,17.0,4.0,11.0,57.80165089822067,34.84069980958659,7.926429551362604,5.506026523848929,56.07486317334861,56.22719574823067,57.45395645300704,63.115413552101394,71.67813761690732,80.57185031409529,85.21058036460644,82.90848025583706,77.25955915879273,74.53158354443941,80.80053468120212,87.06414689388086,93.22454654063392,97.21619308077145,99.06549722194232,95.7151866473833,91.66143642903634,86.56255608048755,82.94895885918028,78.72831130864562,78.27622827124922,0.0279502982402103,-0.999609314096404
2026-07-01 21:00:00,2.0,88.0,27.5,37.0,11.0,25.0,55.34891190410025,40.455390528869565,6.718216889739246,6.198724117697241,65.90566589413918,66.03339596249766,71.62077995201072,78.68441380598217,83.49216623316748,82.91280007494716,78.30834827652265,70.26373219119189,62.33774028538522,56.50933125477208,53.99249777523417,52.925770379733216,53.96921316152713,55.971831399845314,56.35636948018695,51.989949675783045,44.448326040561625,32.55188515910388,22.258919181541344,13.044840349178392,9.626450311633162,0.0107513077635219,-0.9999422030204416
2026-07-02 21:00:00,-1.0,88.0,33.5,52.0,7.0,28.0,44.98847319007457,37.760328214360165,7.791223042416073,5.69625480012091,54.14787029819812,55.17642095684705,57.69097318662902,59.659386657126966,62.008966451158976,66.57723600016908,70.48826202424841,71.89355456509526,70.76046559310673,64.70652017674384,59.01654261055322,53.15499572808865,48.07158848364758,51.487279616855815,56.592064334798586,59.546078858664,58.304394264483214,50.25186108784459,43.27504617684986,36.39030688538727,38.93434948407968,-0.0064508641981051,-0.9999791929590824
2026-07-03 21:00:00,-2.0,83.0,64.0,30.0,11.0,29.0,49.209015523499446,34.08534067430432,7.823971310762049,4.648958479231029,56.89211298850062,58.00105351783797,60.27566273751246,62.39995295966166,67.44324399496188,72.50296722690942,76.06665642914614,79.85163106128623,81.34836018712186,81.13041787146132,77.75646968242455,73.18900342966906,68.63425234397175,64.38247977169256,58.698981103130286,46.62982316216948,33.897651661235365,20.841488444738506,12.159188009767336,6.750573203258544,8.147651001271015,-0.0236511272452315,-0.9997202729664084
2026-07-04 21:00:00,-3.0,72.0,23.5,35.0,15.0,33.0,49.362092716414686,28.531558903371,7.195771777030099,5.448294879397499,67.34646570355862,67.41476667937779,71.27161682234112,78.93355918762558,81.1217227934495,78.62821828976648,81.25050972675838,88.67101817913064,92.37163406005784,86.01810127229619,77.70062229098149,73.84137291798551,79.56382083680093,85.63024213743164,89.27012431644366,83.18552513616473,63.2013194525464,27.02485464874612,9.310772342131928,5.199262176433438,5.179741491961024,-0.0408443915432961,-0.9991655196610107
2026-07-05 21:00:00,0.0,71.0,15.5,51.0,8.0,36.0,40.8162829528235,20.65370694591979,7.23709417900548,6.633516755198764,53.83037492652739,55.446754349012686,61.36770704984021,68.43248552451907,76.67186062240032,78.68376996136125,80.73747117586471,82.13248884439246,82.30649639794659,80.1148745611434,74.5819686906139,69.15979030716345,62.72394132027145,50.03672301913564,38.31733109280741,29.621823308186045,25.49279805973584,24.242652142373988,24.33678846189288,24.711819556559625,22.428501552700343,-0.0580255693287803,-0.9983150972033183
2026-07-06 21:00:00,2.0,79.0,4.5,55.0,0.0,30.0,36.30114349212663,15.943743283676158,6.711599766625705,6.165875386858715,41.14103455438233,42.50396823542855,46.44787231734629,51.24515620043698,50.00562456131974,53.57643702958092,50.01425040030493,44.10954944232781,39.847210695633294,37.09742783448218,33.48027356041495,29.32349710530039,24.313011160351284,19.16895442243138,14.851045012808726,11.41110363323985,9.880306879379368,9.122395911355378,8.688713173671973,8.108044306602261,8.350744403161366,-0.0751895764147585,-0.9971692572470178
2026-07-07 21:00:00,3.0,83.0,9.0,49.0,6.0,20.0,35.59817140307906,18.73423701866937,6.852946317471205,6.360929207701538,41.965656651528434,43.045587075660826,47.067283761258,52.22461072032893,57.700602548490856,60.0605554677879,64.68047249603677,65.93023114243951,54.71461073443108,30.806130115991653,18.18211500318485,11.990089384757846,9.713482693594202,8.35282203823769,7.196125161142421,6.444707871083316,6.102541965727174,6.070384091085774,6.333876190995083,6.722165489823054,6.705141858433146,-0.0923313336953912,-0.9957283388645872
2026-07-08 21:00:00,1.0,85.0,28.5,54.0,6.0,23.0,37.23537350542094,30.10553325303515,8.309134074778493,4.982402115808707,45.9109862754098,46.04538246135419,50.66519057776208,56.37282768143768,62.85499257582422,70.05356737874519,72.693701628117,73.71660036313132,79.29077094801637,81.90469543237381,76.47463216216805,70.03196933348185,64.53307835318576,48.00297869708455,32.4366367958247,23.46110632031214,20.86024564171772,26.03225641618122,27.77389556805829,26.622287426623654,21.96497356989409,-0.1094457686489155,-0.993992768446958
2026-07-09 21:00:00,0.0,79.0,60.5,51.0,6.0,31.0,42.06527111257702,27.805313020827004,7.5987864133678364,4.841469945182396,48.56444012845305,48.887374903657566,52.66185759176151,58.32739925833821,64.91838537556036,69.37897783988046,68.57868568301029,68.71749162096467,70.96680042169919,74.37219176605556,76.5351250212563,76.57646879554699,75.99935392837853,71.39589175858724,64.54902240897448,50.95856070980138,39.49506540742949,30.512595971195687,24.69586047389351,21.212013532748784,18.51419449489973,-0.1265278168386831,-0.9919630595773395
2026-07-10 21:00:00,1.0,74.0,19.0,55.0,12.0,32.0,36.88592101161546,19.177338834734275,8.194759638389819,4.095137430557104,44.21304109785099,44.33894754078805,48.03642735826767,53.37321900834717,59.54126021317913,66.5310447722273,71.34635767577817,70.89308647342763,70.9014798657345,73.31111738098464,75.83089178602619,73.53660260182832,63.1551476232604,40.71536097638727,20.69241945940309,10.521965279634308,5.3612280370293615,6.22744777874028,7.026575977591791,7.884195850541635,8.784639614022668,-0.1435724234118113,-0.9896398128792412
2026-07-11 21:00:00,-3.0,72.0,22.0,49.0,11.0,34.0,39.45612661379784,21.74439726106883,8.183383304714225,5.385805437278277,52.81238748996696,54.027971456079946,59.667978738246944,66.50914186371321,73.5695810541787,75.54187697175094,75.63190433628584,73.706053888026,71.24674706255828,71.77338756832789,79.35862792129576,84.61021650440625,86.08008361145782,73.25161951261985,62.11764617988669,53.62344001600935,49.86098970813514,48.25044958080547,46.88713256980911,44.712038135801926,42.781538491238905,-0.1605745445949937,-0.9870237158387384
2026-07-12 21:00:00,1.0,79.0,7.5,74.0,4.0,27.0,32.4470440874922,23.73577271492332,8.757703114727361,5.517240584044237,44.46620525257171,45.94463299564198,50.76998957260172,56.19467321293775,62.71714649876111,68.91789204962787,69.22246674358693,72.47970476299923,78.30037594571544,83.40666205745838,82.67693264497053,87.39971411042602,91.01331854414664,66.01413420834268,42.67029344034107,23.00279441142132,15.560631383628676,15.090777004179238,20.233872186376807,28.890066796912333,35.331217797150856,-0.1775291491870349,-0.984115542601034
2026-07-13 21:00:00,-1.0,75.0,87.5,18.0,11.0,24.0,53.54783600022429,37.03493200689897,7.353863564242506,5.750427669020306,55.8822034885257,55.9501962622481,60.37904095110099,66.32432706306807,73.65182612015727,81.2580471146951,91.02033573529086,99.06915251999771,100.0,100.0,100.0,99.204800958998,99.79658755048456,99.86285334084964,99.1303672856162,98.5766068053888,95.70799496634795,90.51078423841038,86.9066407488696,83.40053056098334,85.26077459889488,-0.1944312200476619,-0.9809161537413774
2026-07-14 21:00:00,3.0,81.0,61.5,29.0,14.0,26.0,60.39506710555167,31.495232230406263,6.302882367525537,6.578718219809983,60.91051194859185,60.368614532221,64.77779998660752,70.83565233642794,70.99474978722623,68.91623102466089,75.06819842479008,81.57323031243317,85.55343678078482,76.82581411403876,58.17784321104876,37.04081571839772,21.507888729883067,15.562881210822235,13.67688773672281,15.175384037975729,15.856722040929125,14.032454040990542,12.805384302947385,12.365878559041004,12.94873384439208,-0.2112757555821793,-0.9774264960104057
2026-07-15 21:00:00,0.0,73.0,44.0,61.0,16.0,30.0,39.61405665086182,25.91111592149408,8.42277991804697,5.611516809136424,44.6179958314805,44.50721658114279,46.43058640908504,50.66792223711784,55.76227982453995,62.10029208337385,69.07829215316424,77.13328190276651,84.77665561587682,92.92871651418751,92.81491360686525,89.64301441585867,92.2046697087397,96.06444048386038,99.6547483609723,99.58418096711377,98.23656160080404,92.31829168977008,84.8165594595898,74.64572370787884,69.05558435198431,-0.2280577712215198,-0.9736476020539838
2026-07-16 21:00:00,0.0,64.0,43.5,62.0,16.0,30.0,36.707670168732406,15.207401122855352,7.548458378523338,5.433126732319808,41.83444846647245,41.52808095402398,44.944778002070855,49.84356223183658,56.064011099448685,62.92368747418482,69.3649279393942,72.65242305984478,77.90999089567337,77.64261699106125,72.50835056229535,67.79347294614863,70.01353265077199,72.11854420019486,73.07113717038483,63.99622664717527,52.79309803871384,37.40752007160245,24.51054221784602,12.546556302962935,10.597169478484624,-0.2447723008972595,-0.9695805901076308
2026-07-17 21:00:00,-6.0,71.0,12.0,67.0,15.0,30.0,33.71089265797102,16.262506854730102,8.458404482596073,4.504679705335165,40.23942449526877,40.47917929140361,44.1801505976932,49.06487196252241,54.73789496997146,60.731948239487686,66.54966355516702,70.38833672445485,72.92016659273861,75.42439446237566,74.68921510909283,68.48862077196031,55.7558369560931,34.661748550994254,16.89035297948901,11.313864766565368,8.614188866574171,9.049919115747842,9.54667212954255,10.023928098688026,11.293489747418493,-0.2614143985111562,-0.965226663665613
2026-07-18 21:00:00,2.0,64.0,88.5,15.0,10.0,16.0,60.361457330669865,30.74682013012009,6.327986319706559,5.149139077431792,55.5010090955357,55.6903306493814,57.08438708564187,61.90117443699064,68.41399302732185,75.5343829713698,79.45826627358036,81.05717485581462,85.42777578526919,93.69564874219822,98.75329472701596,100.0,100.0,100.0,99.32149934939378,98.68729873788486,98.59211047060812,98.86611606360889,99.08992757368556,99.10698472695992,99.24802152614552,-0.2779791393987801,-0.9605871111248128
2026-07-19 21:00:00,-3.0,64.0,77.5,41.0,17.0,30.0,56.01890312789417,21.94061057506521,7.324277418990431,5.135712307796754,62.64126124960273,62.679707498552574,65.32590350563633,71.44275830422943,78.49302503544216,84.21460727047399,87.69771048819607,92.03578389676476,98.19897374283651,100.0,100.0,100.0,95.83784584654408,76.90119491142295,52.79133542337655,37.87654303781847,25.99068541033888,23.83131979037066,22.877652046261947,23.14203897846822,23.4127211201107,-0.2944616217868012,-0.9556633054034704
2026-07-20 21:00:00,-2.0,71.0,16.5,61.0,9.0,29.0,39.297807894806766,18.23811278932972,7.133949900231107,5.659748697661938,46.32874434335398,46.48361792025916,51.198610284364754,56.8939415192345,63.77612609231215,70.32120278080889,74.77295653414158,77.94329000555298,81.28849209977463,81.70872391298849,78.58872739146054,63.9219624881789,41.96944074897135,32.99839106153881,25.954884201967698,22.02779194226641,18.347511129138727,14.629529708141328,12.098088057266173,9.987056737774664,9.346341712239957,-0.3108569682435036,-0.9504567035349152
2026-07-21 21:00:00,1.0,75.0,57.0,51.0,17.0,17.0,41.444086053767386,21.25067962756001,6.509773200128191,6.330696356261324,42.33310114685464,42.6091208703407,46.29478132086706,51.46679818905472,57.52700738052084,64.39958122807334,71.40755054176518,75.80231854350417,72.031997339214,58.258712489654826,38.19131655702985,23.457887698401613,15.706330148614162,13.957427528933597,12.989111819989988,12.833830717639293,14.286370181171195,17.91263667684356,24.026494251297294,32.972664045029646,41.40035192301952,-0.3271603271220951,-0.9449688462364056
2026-07-22 21:00:00,-3.0,72.0,73.5,19.0,11.0,19.0,75.94378647886145,42.97733799533242,6.798647892461846,5.486275980984383,85.86755864471941,85.907230192847,90.0210253877239,95.05718936049897,96.86473253427272,96.79500769093656,95.27168948518954,92.3182125139854,85.53468922053854,79.98738607733011,78.3028493685628,79.44509732956465,81.6201852364863,84.14632632199198,86.23848523570828,86.63799585834437,88.23160618251318,92.45415604883377,95.07610505760532,96.76246250421607,96.27317614627376,-0.343366873996388,-0.939201357453208
2026-07-23 21:00:00,-3.0,64.0,57.5,41.0,14.0,27.0,48.15248272474801,19.517264451247623,6.719303138810211,4.50033823351648,54.98157152663544,55.91402211519026,60.982304026272,60.91919736414015,58.99890361498786,61.03468025357789,63.922744833200106,65.66141530039073,66.39271482381366,67.34874921662235,75.78926421933895,81.90320249958125,86.97408167171251,78.60689004628746,71.6597657806886,66.32150500678144,63.01690290368761,62.12119269992029,61.66205022174187,61.28761773572323,62.245395841936144,-0.3594718130884232,-0.9331559438780432
2026-07-24 21:00:00,1.0,78.0,19.5,49.0,10.0,25.0,40.39784577067584,26.18032230806633,8.151101904934471,5.187901741653442,42.72235253330053,43.86820521624778,48.52077789874237,53.94859162411465,60.082168692697465,67.63602266154354,75.49208572723731,76.34218104519833,73.85253546960125,73.72086262882311,80.35538856957697,85.62303627316254,89.08502597565675,81.73427361510576,71.81072547917032,57.89193983854615,46.28233207161233,35.092886179699576,27.520134104466365,19.61297828376117,17.623918799682624,-0.3754703786876202,-0.9268343944460494
2026-07-25 21:00:00,-1.0,81.0,20.0,42.0,7.0,19.0,45.54136454313763,26.28750627549189,7.627960371498688,5.5570296656868905,46.39116453110199,47.47165087251695,52.46105887004173,58.38089773783037,65.40856582261422,73.04804163686853,73.97413776399553,74.4331829150735,76.48121086717494,78.44717120307588,68.54987153543537,56.9403543593838,44.1098765801944,35.25421823105086,26.761076803470296,19.888078913013377,15.197453145572071,11.762053745194256,10.917180779404925,11.405634914129967,10.85832043409062,-0.3913578365610259,-0.9202385798054076
2026-07-26 21:00:00,6.0,79.0,41.5,46.0,7.0,15.0,37.6726622643542,22.648947549054515,8.115014172533225,5.30939487593817,36.8152266913118,36.97866530965637,40.54469288247326,45.3470380880009,50.8389730132521,57.07274298660363,63.18313089330781,67.27554214571022,69.7374832705784,72.49379599826878,72.79592358501436,68.75380575349925,59.24223633319209,44.44354798519182,30.12544565009942,19.610075023118736,13.064603797596256,10.920326508609016,10.32462091526921,10.807356592061836,11.430428569942965,-0.4071294853542516,-0.9133704517637858
2026-07-27 21:00:00,1.0,80.0,15.5,48.0,7.0,16.0,35.13038431917836,23.392572423291583,8.280910585433716,5.474667341144604,31.033264040240983,31.438747831073893,33.77298172092967,37.37559960767402,41.566822656662175,46.0587108095842,51.850988321968586,59.86657416683217,68.05894648535285,72.67108680383514,73.57600260170226,74.18400956092664,76.05645915747715,71.78916125731854,61.627906531599606,38.70405392755582,22.150536314414207,16.96098023425415,19.5089997268464,29.43953167798121,39.11189543368069,-0.4227806579826773,-0.9062320427107696
2026-07-28 21:00:00,-1.0,81.0,53.5,39.0,8.0,15.0,42.37337218183984,34.00222336094485,8.136267476635199,5.318851120246019,45.64461457662055,45.82088816517083,49.58799820578104,55.23654143436776,61.59772850504797,68.31795190624347,73.10523301185708,77.35104969175921,80.68558033424152,76.69977038668931,77.86922477562464,80.74520540242811,83.3700211972081,84.49272061393991,84.68138420299508,80.54149545885372,76.21028146097181,71.49241353852017,66.9095199755882,62.1398955020862,58.153809828349104,-0.4383067230125192,-0.898825465016444
2026-07-29 21:00:00,-5.0,78.0,83.0,28.0,8.0,16.0,48.47256086202582,32.83426686781396,6.664449534442649,5.209928172948306,62.43269072437224,62.60658513001561,69.54216799661424,77.31379401789872,81.93019722251067,83.86054462489282,84.19587728948815,85.24501821906274,87.4852622170242,87.95208287312012,80.8141701623434,72.99854548741055,64.11236818456352,59.85979294412029,55.557149102778325,51.68235764927553,45.63976666803112,36.70885501607318,29.055072264057515,21.54637388348344,17.98798116667797,-0.4537030860313442,-0.8911529104063088
2026-07-30 21:00:00,-5.0,69.0,86.5,25.0,5.0,6.0,67.99815268764517,36.500714040795685,6.397647834875342,4.75357116274451,84.90979241040722,84.90733671906665,79.52545877290513,82.44034032844891,87.70604062498045,92.63290090504525,93.31242702911216,89.06358143272408,81.48976665348768,73.31690018493065,77.1630522485347,83.5794086069771,92.51349338913758,96.86121431973535,100.0,98.59632587675034,95.219706778341,88.77441537549308,86.65979170400124,85.17642738310153,86.13680251250156,-0.4689651910076318,-0.8832166493127127
2026-07-31 21:00:00,-5.0,69.0,72.5,25.0,6.0,3.0,61.01345159166276,34.77329359917017,6.339694986739387,5.034876736538621,69.61923231153679,70.31199820944829,77.91062072145482,85.09119921327895,91.7970845678381,96.36366147156326,98.2475366971196,98.73281885704267,99.77508477790246,100.0,100.0,99.7882936230548,98.45646353506852,87.2815920098379,78.11291245077776,74.84614603140918,72.51320141643023,71.10352964731612,67.96310578975174,62.90703448181586,57.68723028368469,-0.4840885216389758,-0.8750190302029955
2026-08-02 21:00:00,0.0,77.0,57.5,38.0,8.0,17.0,66.5232085413429,37.568859052922015,8.183160124005791,5.142407371793815,49.01607986871274,49.47221960232388,54.66433372430102,60.54924183494246,67.2583416853042,73.52062848275241,77.02413749618428,79.75133438038483,82.65215737953031,84.37625291606406,80.65322029103969,77.22769842202995,73.87776766879963,80.02723911675521,82.11609660925609,72.4812186612576,65.56487544266392,61.46035519069069,68.1540172780605,82.84730723548209,85.24794340403544,-0.5139010013093103,-0.8578494977869301
2026-08-03 21:00:00,-3.0,70.0,88.5,14.0,11.0,16.0,87.14637408597748,47.97407994587338,5.012486414721704,5.567324124899948,94.33037427653215,93.92319093777198,98.06946406790154,98.81590257662069,99.06630610357249,97.41837109776154,95.73413351653198,90.84847976877276,78.50911581891665,75.18197484853059,76.4417563790844,78.82915592731614,78.2500133578507,76.20208782898192,73.37743865378633,71.29639211699086,69.54967782839418,69.94409134151937,72.97795874864221,78.87354739198811,77.32636850991923,-0.5285813283559292,-0.8488826652214553
2026-08-04 21:00:00,1.0,77.0,1.5,46.0,14.0,28.0,37.35900373746598,17.577960752126923,5.584750110170273,6.288420820758472,41.73624119745051,42.00296552398408,44.67683921497376,49.149595681668224,54.20967651998383,59.244222304995255,59.73729200491486,51.35844742320258,36.54480909178224,19.14664940137532,10.535689636216205,8.181657417662331,11.064317870273086,18.13420448286162,25.68095270419442,32.102142224695136,35.49980986758442,34.84852790218228,33.460879127964745,30.79808497230592,33.77136826449099,-0.5431052396834317,-0.8396646346181327
2026-08-05 21:00:00,0.0,86.0,3.0,36.0,8.0,26.0,44.68887220148914,28.348888845787062,6.414981031097391,6.602320479817713,49.30528072131021,50.09671513721309,54.951253219868,60.46188117644044,58.26765490124789,48.79495485630443,40.228120231728205,35.95373967592281,35.144010365205816,35.56308600526523,36.36191138706317,36.85562327446596,36.91212487112195,36.81165988454606,36.71238090792406,36.40112112091376,34.51703289373063,31.05416896470595,26.04313124231571,18.766645660361025,15.916065024845665,-0.5574684374327892,-0.8301981337405212
2026-08-06 21:00:00,0.0,84.0,17.0,47.0,6.0,26.0,42.83240086268303,25.15629793663673,6.038626500015084,6.372488576689514,45.36060745386624,46.28692324609725,51.16433210644209,56.9338426125674,63.54017723896796,65.80621096580177,64.3658767981223,48.85376516149545,28.75227922543438,14.423175983517933,11.44331043692008,10.782295076474265,11.908209766822022,14.910734505381374,19.461251941044257,26.76046395245953,39.42854156701539,57.91861863293928,70.82140012151493,82.47715444955432,80.61832266542251,-0.5716666713027052,-0.8204859638785327
2026-08-07 21:00:00,-2.0,85.0,41.0,36.0,5.0,30.0,47.79489830878926,27.144233727848054,7.571730318943775,5.762782402828253,47.304602586351606,48.345891417424525,52.95188307556261,58.58783755311716,64.30492578213766,58.242406506088784,58.540218926196864,64.79283945266766,66.99928437718931,63.171510984093246,59.45478294194667,51.34551049175623,39.409117213371,26.23080254898366,15.685315283665007,11.178812659931127,9.881897213083471,11.305001638698965,12.328511944207245,13.219982584274293,13.80337445704663,-0.5856957398073508,-0.8105309990194823
2026-08-08 21:00:00,-3.0,80.0,41.0,34.0,7.0,16.0,56.19500657655519,37.17893492073789,7.90952686770353,4.9419338645716815,55.202384665260695,55.669318909407394,60.85744223318616,67.0440557359132,70.63516661632853,73.60299954666068,78.043456343515,80.55595102840888,82.21047338345593,79.76105694819441,79.0165974486798,81.03268280023994,86.26229090239002,87.39373454090001,82.0046310887207,64.26349417647937,49.57425755782787,38.1688219815666,33.32905179957629,32.69395608201064,28.225682210402027,-0.5995514915196489,-0.8003361849976323
2026-08-09 21:00:00,1.0,74.0,59.5,29.0,8.0,28.0,73.51892767698158,34.81727143395948,7.848569414546511,5.64981037585917,59.49914042930834,59.64999436374316,65.04786005430398,72.17798351673825,78.11666776454636,80.17743951606026,83.1080421972945,84.70694482251264,82.27680959489429,75.75692377840485,76.38067739394006,80.02613808246203,86.66211911747759,85.74227207657981,76.64150749166984,51.79529769835308,35.3841547044764,27.979406967046,25.23678813053192,26.496548260612723,26.732627933942567,-0.6132298262997502,-0.7899045386224707
2026-08-10 21:00:00,0.0,75.0,71.5,25.0,6.0,26.0,53.54783600022429,32.56736717904239,7.238991690600347,5.725234651331082,60.99516758653956,61.18741130146319,59.700076152008165,63.10609687834319,68.66935036356226,75.55458010794838,82.20963294890937,87.56257545086125,91.87299569902176,95.37737223046466,95.65474183558658,95.01989538406332,93.23076472188995,93.16000050793298,91.98900040043924,89.89361356406195,85.2285648429718,78.17596851953051,70.41593325740158,61.5454274119708,52.814502902833006,-0.6267266965083301,-0.7792391467859886
2026-08-11 21:00:00,-1.0,70.0,38.5,31.0,10.0,32.0,63.3915310706012,27.68622857656536,7.11911057327877,5.703398517010191,69.5714152687847,69.4360809413882,75.26335418212581,81.82464936917317,82.95949972180999,79.17026187989474,72.23812411943868,68.60165999422672,66.5399900044118,68.1917086137267,74.12464781846042,82.13859938702187,88.71953456937104,83.73938046522427,74.09617624417791,62.86400796703602,52.1927291046572,43.09600206254138,31.9370783102945,17.84237068460872,12.483096756060622,-0.6400381082043503,-0.7683431655492202
2026-08-12 21:00:00,-5.0,72.0,69.5,42.0,9.0,29.0,47.57271854969814,24.93794259018101,7.994181331064138,5.808203965887312,54.23012649136767,54.75485419378792,59.19249717714842,65.70849946889975,73.22523443925303,78.54903448753254,78.59803745850903,80.66096182601015,83.15655919338028,84.1580408865565,85.92017004845543,86.65732302644399,83.52981293416715,84.18179327106982,81.00669618614617,65.05795685770931,48.94114550472535,33.897968836674266,25.062425619067124,21.24325534048788,26.58377168919544,-0.65316012232693,-0.7572198192083127
2026-08-13 21:00:00,-1.0,66.0,77.0,22.0,5.0,29.0,72.74144419142435,26.51226751617808,7.000990549337526,6.268603525161114,71.56169036574516,72.69612074388576,68.61511436346164,68.10888075659521,78.12858375739664,86.76867724518455,87.61761318481692,84.91684069978429,83.14333530489078,82.11328550027572,81.58432341707658,82.45433425284561,83.88495731719894,89.76414958750827,94.81870272206736,91.94427478019384,85.29196731154032,71.181053833722,60.12766407732955,48.88476205318975,44.85164261140477,-0.666088855860977,-0.7458723993404063
2026-08-14 21:00:00,-1.0,70.0,17.0,41.0,13.0,32.0,47.26884591481678,21.819090433716312,7.982220574935003,5.904553089703841,58.294023903619454,58.83030547307455,64.88861395536767,72.20464854606965,80.22219190725149,83.93260641305159,82.24806658150106,76.66819757961157,71.61657765768655,69.32592623483959,70.18053760892958,73.83416995926046,79.10169719538513,79.68657866742164,70.84190454259543,47.38470271873461,33.43026700539388,25.97307447969565,23.954657688623776,25.43631855979596,23.402212543538063,-0.6788204829862355,-0.734304263829602
2026-08-15 21:00:00,-2.0,68.0,23.5,50.0,10.0,33.0,45.22343125997333,17.08039790239923,5.900904753597423,5.583327564850292,53.002945786097285,54.83222374248287,60.79862369412081,67.71929249820835,74.89779422675129,78.39711600714024,85.05382117943688,87.77597607138124,72.50641716245701,49.97884971209242,39.10041775147617,35.84118775624217,34.62428822297632,31.57612314130258,27.05621275626236,20.848039048396785,17.29683353901921,14.73913199684229,14.13194894727798,13.84451337507397,12.530956607945692,-0.6913512362094071,-0.722518835873311
2026-08-16 21:00:00,1.0,71.0,75.5,38.0,5.0,18.0,51.06373373082498,20.698879451271708,6.755403567745145,4.736124731435098,47.459282271543934,48.56105643201315,53.93480135096247,59.914788018839495,67.31012851530626,75.61310856784085,80.16910642948916,81.96524309588472,72.45364026461397,49.02208195892761,41.49649007542182,35.894459448902374,30.662157613081824,25.262434661773387,21.45578059789952,21.39486024702654,29.783907101251827,45.93529050541181,64.31957239613905,85.69046138826013,88.53683663451741,-0.7036774074790128,-0.7105196029692745
2026-08-17 21:00:00,3.0,70.0,78.5,18.0,6.0,27.0,81.28158556761407,27.69911433476125,5.793387709206398,5.679932649200606,78.74116826702698,78.92635019255364,85.51326692491902,91.51798901934026,92.73974911758818,91.21014356269114,87.48431881310583,85.18830075769549,83.2863741297292,80.58973312534977,69.09361392313166,52.714876102097584,33.51816059020323,21.010642410130764,10.365890411566228,6.236329248107224,3.473596593515341,2.923895430612916,4.186974520904793,7.341988964680461,12.757881872366347,-0.7157953492826642,-0.6983101158835584
2026-08-18 21:00:00,4.0,74.0,49.5,41.0,0.0,23.0,57.39844888625206,23.469984753816693,6.14348564524206,6.119043332621764,58.33833633301361,58.65987525664366,64.27345923239257,71.40952276059451,79.42874191624536,81.72303991207686,80.7767385428285,78.53274715749629,73.96731923937361,76.74885135011111,63.32210844254892,39.38481228598711,11.510287457627737,5.388615173886443,2.743470651151082,6.166284521944606,10.216800274274396,15.187162317379594,19.648774383821827,23.811512783305467,23.795197192840803,-0.7277014757264236,-0.6858939875998223
2026-08-19 21:00:00,1.0,72.0,76.0,19.0,6.0,23.0,61.397964442270506,31.15570511014363,7.617596161724777,5.291849454956143,50.839666851897405,50.85904558537858,55.22328314686621,61.29528312991173,68.37425639386419,76.44902716993288,81.13618617071234,81.60465395183218,80.78063082900276,78.60767496756334,75.49737016226095,73.8390467659988,73.86184118297207,76.25796915854903,78.31086564928007,81.81363699879076,84.36932509827916,86.16867506088873,87.932502202329,88.91073286324476,89.47055304215911,-0.7393922635959241,-0.673274892250183
2026-08-20 21:00:00,-2.0,70.0,72.0,26.0,7.0,31.0,54.8099144985178,22.2163402226772,8.416313532595193,3.820473665087155,51.96993273686788,52.7755773736402,58.029290647712,64.4303538699008,70.16042499191845,74.13308177725418,77.5104100702388,80.91621115153862,82.74547248233408,81.31161710228625,77.3706425844497,77.03163966935604,79.9856781288469,71.9370404766419,56.27986276361304,32.09869070381979,16.546804530076294,7.401410298042055,7.64763944604209,13.320825001574208,19.46730283264532,-0.7508642533989489,-0.6604565640279754
2026-08-21 21:00:00,3.0,71.0,13.0,54.0,5.0,32.0,39.297807894806766,13.759790791712078,7.195782327198423,4.351718629259593,41.48026797828431,42.804774253941616,47.28102248129285,52.52211292645275,57.904907102177006,56.38476973817319,59.451752095561126,61.96281255766587,62.08109029240947,56.96324052874676,40.05402441528608,28.67398885034148,19.685351708705586,14.79466482280857,10.424458282081222,6.919854614502413,5.226407678834622,4.496979563050028,6.239981831294724,9.208206180551237,11.994880606651966,-0.7621140503891487,-0.6474427960827475
2026-08-22 21:00:00,5.0,73.0,13.0,49.0,6.0,14.0,42.69898982567596,17.261110788391548,6.808692143478721,5.840226177648156,35.10500528862693,36.43145655472853,40.12497734151379,44.657309466561536,49.99911462836191,56.05902104034024,57.06481223802544,56.882937700507775,54.130036842362905,47.72031031950094,37.33431851912872,27.5196607559352,19.52555309249996,21.5637047162936,26.36274695418853,35.464849880142545,42.62768312277448,49.4717335513253,45.65987327747866,35.88643900260767,23.236330093836504,-0.7731383255706026,-0.6342374393978054
2026-08-23 21:00:00,-1.0,68.0,87.0,15.0,9.0,10.0,84.04576818014097,42.70774689659423,4.38491704856803,5.596873730201256,95.12264188755044,95.19458483832896,98.99631344874848,99.61768676885454,99.52936664639084,99.01032674357828,98.36943547185096,96.67839962466066,94.58369203064352,91.647606732074,89.69671018530205,88.86316794402404,89.02360819084541,94.77426036621604,99.80060679993844,100.0,100.0,97.63907707382396,87.80567116264324,71.42360434158577,57.8944366829681,-0.7839338166829201,-0.620844401650647
2026-08-24 21:00:00,2.0,73.0,36.0,32.0,7.0,18.0,63.75884189409329,30.07192604232182,7.53198456373143,5.03918848483656,75.00520724272539,75.06698165235146,71.0661760478145,69.2645637372591,68.41140360630025,71.4712110587666,74.99585037036887,77.4539220955073,77.06046251202228,73.01170525360939,68.93057956895073,69.13168755125928,76.71324223216851,84.10292173123696,82.4704187287229,53.701120940204426,37.52673915865934,37.72170230816147,35.1360398014451,30.26205436379184,23.478869331928458,-0.7944973291665992,-0.6072676460566135
2026-08-25 21:00:00,2.0,68.0,43.0,24.0,5.0,27.0,63.14391642044514,27.05589307311409,7.509067592629176,5.833218542957531,63.08914675064325,63.56120805232366,67.53961585032981,74.7182877164369,78.43813486284022,76.11647405571816,75.4137867407913,78.6208633196065,82.19108135812832,85.93796922861232,92.09530124583834,96.65167133795732,98.8149619144446,99.18885781573624,97.21947318209926,86.86306783610674,73.24322866654964,55.94258969822295,46.28728615653471,40.43540354780432,39.00765381369762,-0.8048257371083452,-0.593511190196115
2026-08-26 21:00:00,-2.0,75.0,15.0,43.0,5.0,31.0,44.62766525267708,24.25699946675844,6.931910336277817,5.776698751757697,50.41390373783031,51.31152024502882,56.886034147238895,62.88082279584939,70.4055016349595,78.52795381378964,84.31646970740681,88.43352719660449,87.72552018227458,77.34682359165264,62.32174444883679,47.5036015304315,33.479366971243216,30.41681558548824,28.271984083188123,27.66045881335046,27.10247388217458,26.278438339428988,25.494986894757737,24.306730329063,23.76700130197977,-0.8149159841660791,-0.5795791048257612
2026-08-27 21:00:00,3.0,76.0,44.0,27.0,11.0,18.0,49.95470109719074,26.89002528378697,7.538624241743727,5.860270158383725,49.35235975460429,49.7172411239973,54.47796010491782,60.61388404081539,67.60903812072354,75.05041133662904,76.46725077938495,76.69315188817008,79.1410637448052,82.41873906449334,74.8886798480905,61.03237160302596,42.51054212028684,27.01054716285905,16.52721609919098,18.301283321000465,23.61917658315884,33.742269712204134,41.85614174762113,49.11766302482855,50.54281184860352,-0.8247650844733614,-0.5654755126737576
2026-08-28 21:00:00,1.0,70.0,70.5,20.0,7.0,31.0,75.76630560203299,33.84649386704448,5.921793024151435,6.1868762787165865,83.34160987418377,83.68426708831016,86.85488519552962,88.09160481759882,85.04936062725352,83.17280396936306,86.67752794377279,91.77756447647748,92.055726600885,82.13430617098895,72.17788176402784,65.4400824074491,62.26255622902007,64.1845871004661,66.52347345520207,70.42168013405956,72.1094826078796,70.8774382060032,75.63556896736226,85.62272008358977,86.64911803897051,-0.8343701235229537,-0.5512045872199277
2026-08-29 21:00:00,0.0,68.0,22.0,58.0,10.0,26.0,40.34111036152176,17.575602115191742,7.312216315942535,5.169663999876265,46.20814484851008,47.35992388663904,52.61703226453142,58.7746030894381,66.2777317995658,74.75296072085763,80.32003174990759,84.64014620928982,87.20659553345568,87.02919810699791,82.02118464419762,65.4907960851697,45.37947181870115,30.99508208365556,21.185739719630376,16.8947346681046,16.504563472482943,18.832586220686416,21.57115620839851,25.018940925487943,29.297181211739627,-0.8437282590292712,-0.5367705514607103
2026-08-30 21:00:00,-5.0,63.0,69.5,19.0,10.0,32.0,64.87706300814675,21.570447793159552,6.990067206673492,6.222313998504212,66.1737194344269,66.65729469120558,72.07640383014187,78.11517355438681,80.20625622817067,80.37028898046465,83.12799732758218,87.20607991192095,91.29140707779948,93.42215912671485,91.29904446549098,85.8693470330902,76.55630320559294,70.06546420688757,64.63047467937038,62.88958959732865,61.81896445668248,59.67399859042549,57.20448123495483,53.69387224107051,52.25944977972923,-0.8528367217694595,-0.522177676659508
2026-08-31 21:00:00,1.0,68.0,36.5,41.0,9.0,33.0,46.96300291239815,18.651552462275035,5.978069983602517,6.479025027284687,54.72657069511294,55.93849147646681,62.50325451568235,69.76761374659888,78.37979888736845,85.06652464798995,86.60944784624334,77.93439481721038,65.36105541851862,54.86897022697086,46.1070318608062,39.95896066080092,34.90757629736339,34.40053973791053,34.44928836833257,35.140319084969505,34.57814271920088,32.79853505500684,30.93104771353266,27.702256875905984,26.52211289653352,-0.8616928164028521,-0.5074302810827518
2026-09-01 21:00:00,-1.0,70.0,6.5,52.0,3.0,7.0,37.670267622000594,12.683219753696353,6.774196277350965,5.977660150571288,33.92222545469959,34.989719309588885,38.958740274159815,43.047122628220905,48.182701214047455,53.81879401726837,58.35050426429855,61.4573539386129,54.91004123278236,38.649521251894114,26.97969634712384,21.311156768848644,18.43797658517049,19.819124291354445,20.8758953697929,21.667205611492783,20.226896802823493,16.781794974806218,13.967608282588628,10.377980779147896,11.074573927600042,-0.8702939222685674,-0.4925327287220543
2026-09-02 21:00:00,1.0,69.0,27.5,43.0,10.0,15.0,48.91231522715638,18.65709337038354,6.656134220282207,5.691754007347666,40.728485869880814,42.16189838712288,46.83878191694553,52.19217362101006,58.4432418876553,65.02773684339125,69.1254926702986,72.34960312233618,68.06236048513699,55.323676458009295,42.2089530115988,37.498542237881374,37.61356418572296,46.60261184469943,54.922719798984666,61.4873816066923,57.987467356807,46.72108169853334,38.58854158862759,29.72721859311972,32.2961691614217,-0.8786374941610001,-0.4774894280028391
2026-09-03 21:00:00,-2.0,61.0,89.0,11.0,10.0,15.0,86.67847979175714,34.07697820790944,4.445140194630094,5.705051173845263,97.19334966216414,97.3858548043648,99.4338396641908,99.67064456506697,99.59970014005184,99.33089422910268,98.52311601786134,97.9517467214669,98.843450560252,99.4964393249234,100.0,100.0,100.0,100.0,100.0,99.5932940434417,83.25257888637633,46.72487710539316,29.401495297643777,22.634589228946115,21.4067868787954,-0.886721063082993,-0.4623048304798108
2026-09-04 21:00:00,-2.0,66.0,77.5,13.0,8.0,1.0,75.4057685928978,31.04702989572424,6.070485143414703,6.527892620395834,78.9771024435554,79.11388722686003,86.05133110615212,93.63372494023776,93.9125713563975,93.86169055202308,91.66868880896548,90.50879499177984,88.6941710749825,87.46415989290087,85.4733562090694,82.99768317552304,79.39054367878559,77.09190199732684,74.91232982814618,76.13629915105922,76.73790277429757,76.97601109343137,76.74327277451053,75.33943932322865,69.97123125689264,-0.8945422369764496,-0.4469834295196741
2026-09-05 21:00:00,-1.0,63.0,56.5,34.0,10.0,4.0,60.22936578777025,22.09558450101474,7.630491305790732,4.944705890495911,61.60307193467352,62.48654255110895,68.66263854717205,76.6442442941771,86.17072627498904,93.07995827830896,91.16530524925268,85.88848968928767,84.22564219391833,85.91696715408025,87.45282467912223,86.7886195023451,83.65793607980007,76.41818760464137,70.75980806291736,68.70231416706255,66.97304188911774,65.66232067211435,64.99135695164834,63.67216144482728,62.8922467814335,-0.9020987014301836,-0.4315297589714714
2026-09-06 21:00:00,1.0,61.0,68.5,44.0,13.0,36.0,45.8769799407876,16.441601703554138,7.176508475370541,4.618683686933563,48.38500717206275,49.09708868984406,53.64599858262942,59.657716988580624,66.41202818945033,69.48293614411301,67.00606396368133,62.598519372533055,55.53185673854536,45.04191024389671,37.56946837399071,34.39938047167401,35.76137408038475,54.01956428978904,72.82360362756424,90.2260233671668,97.50182633057996,97.5287597548697,90.4189670093168,78.25148438169015,70.1691092554104,-0.9093882203647924,-0.4159483918249421
2026-09-07 21:00:00,3.0,72.0,17.0,35.0,9.0,32.0,42.54287617924819,17.931365230113247,7.20674515757891,5.462026292693209,42.83086047503427,43.35982586702962,47.82665831751029,53.15952348499883,59.30752745638214,62.10386703384459,62.12211357368784,59.31971308729877,53.73728668012273,48.7794137883902,46.73750280837072,45.32579712814875,44.75958715421808,43.09970983963428,40.21883422351314,34.5631078306815,31.29240806342608,30.4825402907125,30.93968320140648,32.17557945487873,33.59365923205026,-0.9164086366943458,-0.4002439388573056
2026-09-08 21:00:00,0.0,58.0,2.5,41.0,11.0,35.0,41.95002379392463,9.068949848259894,5.471614323614323,6.499050709999428,43.55970506598965,46.44443961131749,51.44366802679118,58.01887240043824,64.25071576977699,63.85332628450736,54.21642059684524,40.44622955735471,29.36224169241772,21.825032345281244,18.217475386664265,15.325939710916984,12.65897862215397,11.221095037891892,10.478981957312774,10.428283164635635,10.89816003317751,11.600903115296218,11.652076496852992,11.078544943544724,10.041017562788964,-0.923157872964704,-0.3844210472688554
2026-09-09 21:00:00,-1.0,62.0,74.0,21.0,13.0,17.0,47.84496045571375,24.1832419142632,4.749619200167223,4.383748694509075,53.97149910098539,54.62943708864966,58.29302084927876,58.15285632989049,52.3678465394784,48.62275411167345,48.56183495817682,53.56626669478971,61.00622211424902,69.00458761248017,72.19201593647725,76.86668100132263,82.77459228801301,93.24248115295622,99.1853976656319,98.9361103143856,97.54626382190196,95.7115785072004,89.44080615557881,79.27270769862422,66.33914831056904,-0.9296339319682696,-0.3684843993077793
2026-09-10 21:00:00,2.0,60.0,67.0,34.0,15.0,29.0,64.51028333640114,20.619005602414283,6.664155627620913,3.2546382557370617,70.91516733464294,70.62366250918946,74.69510263679277,78.4536592966019,82.87893832016876,87.58244920008657,91.92855157490386,93.19911054554304,92.06485000314449,93.296019252668,92.6780070609275,88.4854444181762,76.56915705734342,62.82103877537384,49.66688008260156,39.25658246040482,29.872030590466025,21.49891772486757,14.288975130468284,8.159234614451716,4.938546975852366,-0.935834897334994,-0.3524387108846032
2026-09-11 21:00:00,-2.0,56.0,60.0,46.0,15.0,31.0,48.79868354185697,16.365153418679526,4.918107557342034,4.793525881767184,57.73249068135073,57.9957199049848,64.62349124740894,72.27568552977411,81.14812321711938,88.58201570527697,90.4986243728244,88.07916986603107,83.67735280732951,81.76021078208935,77.10789935227449,70.83117411348411,63.160804471505,55.23549826730724,47.46304877235591,39.29942689149623,31.47693488331761,22.804412102288367,16.212491009700738,10.215063184518076,9.629794549255632,-0.9417589340994617,-0.3362887301766828
2026-09-12 21:00:00,7.0,71.0,22.0,34.0,10.0,19.0,45.6871515865796,18.131354463720488,5.175733530627108,5.929552068148114,41.00765790130779,41.80926175572446,46.0497962249456,50.85117201079732,56.21091205038383,51.93762014575678,31.52912654124492,23.21694769697528,27.37878673904452,35.990804788452444,42.15788039028304,44.92200325692146,45.52972874877646,43.42480977140581,41.31143565668765,39.64491155490346,39.45480169774402,39.86414998807214,38.760456199017455,36.6495518094521,33.44658789373005,-0.9474042892438844,-0.3200392362231385
2026-09-13 21:00:00,1.0,66.0,87.0,18.0,12.0,18.0,72.74144419142435,35.571946061163125,5.270484737354816,6.042997061474886,79.62105122199394,79.1042916808075,87.01461132467668,94.7103941331885,97.68209091342452,98.9528921022424,99.61512428519669,98.4920566350422,91.64608286720105,81.46161945020596,79.05613558511475,77.44829766285251,75.40385878959422,71.40470384898488,65.97699656287719,62.64213442681893,58.68906519545802,54.14048184608853,47.784911248970296,39.10073248376317,31.474728756001287,-0.9527692922168512,-0.3036950375106588
2026-09-14 21:00:00,-2.0,56.0,63.5,41.0,15.0,31.0,57.04404158160562,14.235477365388109,5.062128636517926,7.247402361633592,65.37427888470337,66.44536673020377,73.35482287763485,81.41284646718206,87.96102173463751,92.08284090863404,93.35640873458266,88.9670459062641,76.56586570778137,59.19579996729457,49.37657571715976,44.23856414691248,41.75545559830622,37.85284654171606,33.049324222154816,26.48164498568249,21.790446901206614,18.454373118772477,18.30923729343739,20.10934245682896,23.71769277058449,-0.9578523554276668,-0.2872609705505963
2026-09-15 21:00:00,-1.0,63.0,56.0,26.0,7.0,17.0,46.18974902234584,10.617645691669074,3.765613535717243,5.589384345091641,43.1367661974409,45.72114602120573,50.613035695194306,55.922238108526514,58.56730571003528,39.330906248521096,16.17183216120223,12.33291657099848,14.568294969173145,18.622610517690287,22.248749164427956,21.85301686669867,20.09756328814265,16.48362042399823,13.729620855883473,11.35241629873837,10.605062341939526,10.579183432472032,11.932929706103756,13.787314989652424,21.333027586106645,-0.9626519747161487,-0.2707418984477642
