valid_time,Target Error (F),NBM Temperature (F),NBM Cloud Cover (%),NBM Mixing Height (100s ft AGL),NBM Wind Speed (kts),NBM Wind Direction (deg),NBM RH (%),hrrr_lpw (mm),1000mb-700mb Lapse Rate (C/km),700mb-500mb Lapse Rate (C/km),rh_1000,rh_975,rh_950,rh_925,rh_900,rh_875,rh_850,rh_825,rh_800,rh_775,rh_750,rh_725,rh_700,rh_675,rh_650,rh_625,rh_600,rh_575,rh_550,rh_525,rh_500,sin_season,cos_season
2021-03-02 21:00:00,2.0,9.0,28.666666666666668,28.0,18.0,30.0,47.37973832451018,1.7484867179397061,2.050466611163044,5.841867039558495,63.53596661942564,63.69984600354026,63.523369306968256,69.05139429428924,74.79599649203385,67.81877089676091,47.49576950894818,30.486393370923764,21.134838037973054,16.513227809623757,14.329076199318466,13.152214120472442,11.829126945317885,10.342506130935513,8.63208640036801,7.296123200169761,6.754539119361428,8.102783998095923,10.139377747145769,13.631894657836483,17.331000147348625,0.8670985522812081,0.4981366284784055
2021-03-03 21:00:00,-0.09999999999999964,25.0,14.333333333333334,23.0,11.0,30.0,47.881552774081506,3.7526983048393467,4.234863192444428,5.702734296093545,58.65935838372091,58.52154129337392,58.9306355818907,62.10432856708137,65.44374956301598,52.560773768681265,25.72786209351333,14.848064572245987,17.375367985373124,24.249229675787017,32.13035990503528,40.08919364141958,44.80533665827434,47.97282788229955,48.1060347703927,45.99650145487872,42.55224230361195,37.08360089278896,28.792851525431313,19.03401190784709,11.498875231089132,0.8755389928586302,0.4831474640149687
2021-03-04 21:00:00,2.0,16.0,31.666666666666668,23.0,15.0,30.0,53.33637753923598,5.903265842093113,1.7738355011564106,7.034394287637778,71.8556024618142,71.76324260921324,72.19528324871492,77.69807900635965,84.41045359158524,84.03460039115694,81.14080832737099,79.81159662461565,79.18630164465509,78.79724815812837,77.07811517125708,72.73687434115766,67.29854874083114,61.713410783086154,58.970925062665145,57.632477656018345,56.47795807980589,56.669547354473615,56.208544487647494,54.67028330231194,51.72672009936543,0.8837203473619977,0.4680153284438345
2021-03-05 21:00:00,2.0,13.0,49.333333333333336,30.0,12.0,30.0,48.07141021613645,3.711836104260575,3.4130429943857568,5.0964161664400995,73.25272448664391,73.358827331147,73.78519857392986,81.43160460191973,92.3644039111789,97.28774422209783,95.8690220301314,87.64401079125041,74.79957151132113,65.0787938289868,59.350553458129966,60.87525103960137,64.06563624939153,65.7799114726226,63.5803436595417,61.30223293966358,58.70837804981019,58.467758776235925,58.487304516212305,59.7924159905243,60.715763986835604,0.8916401947968874,0.45274469960737107
2021-03-06 21:00:00,-2.0,17.0,32.0,26.0,9.0,29.0,51.07607193285726,3.5558761852609413,5.345390456753492,5.350776911969521,72.92182811530333,72.69393088600329,75.18903839491904,84.345805948793,95.50875746714497,99.12512969093945,90.34923596873834,70.63193570221267,58.827472124297984,55.55541287617648,55.30473481485348,56.76602731461215,56.70198223726594,52.23483911869574,44.137593897308484,37.79120408920746,32.90576102788638,34.630406210922196,37.228904868613135,40.57010677730722,41.07536656253178,0.8992961915530253,0.4373400963303323
2021-03-07 21:00:00,-2.0,20.0,18.333333333333332,21.0,7.0,32.0,49.257151454343926,4.27835631192293,4.87376624500309,5.930829255907921,59.44828035331998,59.420168928296405,63.050060828009734,70.25033588759595,78.6313655837545,79.74986141912433,73.64259900603001,67.1989127942376,62.38241935792155,58.44049290751019,56.37555136618902,55.76024099665909,56.28409126024733,57.22725529564521,57.83965872406467,58.94776983499881,60.0969114353991,60.94750074501866,62.34325791783315,63.13674009578334,67.17896835028458,0.9066860720977985,0.4218060770826634
2021-03-08 21:00:00,3.0,27.0,14.666666666666666,20.0,5.0,30.0,48.21473669400753,3.9274845695005762,3.124446654150957,5.812310946591808,69.98940227877192,70.1088785736679,77.29523433575045,87.9738049055915,96.6147295036554,86.71110674001609,58.709931330093845,38.95219442275016,30.270823243201157,25.551089092247597,21.975195243778828,18.759863696423714,16.115608088148246,16.211811708293798,16.92873289106255,18.993177967858156,20.254805718383448,20.481835061038954,19.339474404813238,16.547523568831636,16.125556890994787,0.9138076496466615,0.40614723863057883
2021-03-09 21:00:00,3.0,32.0,72.66666666666667,22.0,10.0,32.0,66.21205057847725,8.116296328301445,4.51869895523615,7.373556456667703,78.53253775632754,78.15359877977407,83.68687742235753,93.2156979187421,99.22686675464715,97.84345843895994,94.34039097657919,91.24354402234518,85.58123555290881,76.08153627251157,69.93238262798567,67.09025422202902,67.89859198085901,70.61801882279612,72.8175879374611,72.54952527329178,71.75755992356252,70.0201860946249,64.72932479920797,55.079435684920995,42.4765924145812,0.9206588168102428,0.3903682146763026
2021-03-10 21:00:00,3.0,40.0,31.666666666666668,10.0,7.0,18.0,52.47526234221016,6.757009314192771,3.576697839790552,6.301552312814734,66.91429174345328,67.16880711759316,67.36290125052192,56.864364530076536,38.56565520886742,28.471838180010145,21.259153356804223,15.83351937221123,13.691331410931653,14.670966690848783,16.55975436822695,18.44000262938776,20.093362607930004,20.341353464966044,20.53004310409644,20.95444682996536,24.04316449132551,30.643833622328355,39.819779730560185,52.67632885462478,55.44685858041417,0.9272375462179537,0.374473674486883
2021-03-11 21:00:00,5.100000000000001,46.0,54.666666666666664,5.0,6.0,18.0,67.91912714846477,21.433851277825802,4.666582481571506,6.877694557184651,74.95292049681643,75.5490389607319,74.636947012599,70.68949515776313,68.19616379232507,71.14817753386819,77.00778229684506,82.3396358130281,86.35055686543762,88.56892601858986,86.71937780131319,81.36662609743804,71.54687361280558,62.603775965526594,52.75119660287769,49.274694358723906,46.5790335944959,48.85942227324506,52.46844007476352,56.4574814225303,54.40512534148213,0.9335418911179212,0.35846832151248087
2021-03-12 21:00:00,6.9,38.0,9.333333333333334,26.0,11.0,28.0,52.16455443602162,6.505293691733808,6.07084727874707,5.9797579969833645,69.19906684925675,69.26304342164731,70.86005478830766,77.53144107411222,85.96827232089682,94.73914809514805,96.73917980425242,80.39022020152477,54.9388735069246,40.21989067383806,35.87982880322882,40.49407719091007,44.88118760898983,44.8246929387688,40.2534862177087,31.635847562214114,21.556417576408585,13.781202671921486,7.581229055480841,2.8736497997948267,2.7260398657860607,0.9395699859530622,0.342356891994542
2021-03-13 21:00:00,-1.0,24.0,10.666666666666666,37.0,13.0,30.0,45.59489549082685,4.306138487608469,3.4054041804933415,5.897753376857523,68.61495744107967,67.84275447505804,72.42753952954773,81.80560512334273,92.31487181800055,94.08433656015045,82.37252429615127,55.403941372355646,25.848934558665214,15.444707247609646,16.067771516214084,23.760893598705017,38.0874840781985,50.85376973192599,63.922075585650674,68.2547898080895,71.022978376102,69.47903266606687,66.69059252894857,61.956610502399045,55.86549366777379,0.945320046913132,0.3261441535642696
2021-03-14 21:00:00,-6.9,21.0,77.33333333333333,44.0,14.0,32.0,51.732571956161465,3.4019547698382033,7.918824316896215,5.599928859545709,64.46455840071903,64.2881419560188,64.57146811755834,69.80240862323022,76.02974274907257,75.67639577999472,68.58629676345251,65.65332726964563,65.74320756816145,67.62775307728492,68.41860279514765,66.46796575162759,64.95196803919895,63.87576164234006,64.05632954218518,65.27735571190043,66.49905344010062,67.08215121805462,65.4737980290825,61.12146423931305,54.68905830849171,0.9507903724625832,0.3098349038318025
2021-03-15 21:00:00,1.9000000000000004,9.0,36.333333333333336,39.0,16.0,32.0,40.91136288491918,1.8035460710201245,3.9638522233355706,4.655506071381556,69.78556482906512,69.31043366978058,72.8368921684062,79.84535406849919,85.27547755218593,88.25332109035135,88.62463652254327,84.32285869969732,68.18854666188015,47.106454673686486,35.22343669386451,28.01246566854828,22.15067467339452,16.742185353892477,11.151895714221371,8.887740481839355,4.351419551842488,2.3859538767508734,1.457830575743208,1.0072834729211702,0.8371694527737008,0.9559793438440766,0.2934339689665273
2021-03-16 21:00:00,7.0,27.0,15.0,23.0,5.0,27.0,36.735000430944986,4.491197376149712,2.884735299590159,5.354916850168933,29.596507193574322,29.62023803690345,31.58207826168495,35.22511068212825,36.365849469684655,31.16288164072683,20.851636486349598,16.05622702647648,20.52274363595454,31.148785005379416,43.638714795249186,55.64565811170505,66.20245333599722,70.03143511373843,72.06783304333655,69.08710751577405,66.51714100471816,63.90562261016123,60.84140432308002,57.37740308339331,51.57874579611541,0.9608854255574977,0.27694620226893646
2021-03-17 21:00:00,13.0,41.0,15.0,13.0,4.0,27.0,42.639871113254564,5.932545984372913,5.928273623942636,5.813135123579675,37.98534092604617,38.067186363673564,38.53701431912347,40.159242647439626,37.94995144956739,35.20573566537264,29.260882991292842,24.588693180807347,24.22982908286614,22.55906277612948,22.32375458185891,24.350873479045738,31.68095357419895,40.341981756292014,50.26657672175989,53.64383244975488,55.13513362960938,51.09972429857665,46.99165780620606,42.42502699688131,42.044315871769214,0.9655071658143364,0.2603764827344581
2021-03-18 21:00:00,-1.1000000000000014,38.0,79.0,28.0,9.0,30.0,59.1517946360107,6.945850147029036,4.006867783086831,5.914220440418395,69.42319171858696,69.41688399222821,71.67801979753892,79.47661941598808,87.74944595316106,93.13243715742982,97.11690460462647,90.67864556163372,60.363168115910746,28.93787189035078,9.675981350113684,0.2925594790485622,0.07980890718625935,0.34350976098677705,2.1843517649061663,4.503132545201486,9.115934617622003,19.831607530945725,35.0410772987077,54.70337985353035,69.95478977994738,0.969843196967294,0.24372971360968387
2021-03-19 21:00:00,2.0,25.0,12.666666666666666,24.0,12.0,34.0,38.109531957535786,1.887187720828225,3.230582906257853,6.4783805383237265,33.664629964148205,33.57126646958668,36.70800363193511,41.00581676231017,39.60813773754798,30.140520172768674,17.208038364925006,9.663129238758266,8.53061469786054,11.022276771376525,14.429643714959825,17.553454331595827,19.382444064641742,18.79372833685318,16.893057943597686,14.817710302723732,12.625389498517345,11.618473068309115,9.659932514890713,8.259859032713864,2.5295283651535536,0.9738922359149924,0.22701082094141847
2021-03-20 21:00:00,4.899999999999999,41.0,6.333333333333333,17.0,8.0,30.0,46.412881602762255,7.070131509974365,6.897944575105721,7.180453179327708,27.071073741864442,27.217605821666762,29.17457554973487,32.632141150066765,36.317633436117795,39.27387274163217,41.991702637233026,46.40429798960734,51.81195235240392,54.411203595631186,49.821631023807036,44.97432027872908,42.11976283785358,42.28195060831532,43.12296300294098,43.98596851202733,44.60904222502923,44.68596592553518,45.440160203816596,45.82654660551975,48.559643274899834,0.9776530844816641,0.2102247521189836
2021-03-21 21:00:00,18.0,49.0,9.333333333333334,7.0,6.0,27.0,35.71882130076582,3.481684037828629,6.376206375790599,7.415711165577898,26.13351550987897,26.33338983007656,28.529033128415964,28.755036505360987,24.67679199630769,19.02763187837374,11.83183486122075,6.336026100167008,3.7920486888884932,4.026748899487469,3.9175963434948904,4.14036797888541,4.622136169719476,5.58948837924838,6.820693779154237,8.298555215616279,9.558296759174393,10.5617635627714,10.85608749312193,10.78282267794128,8.761601417433774,0.981124629771712,0.19337647441020586
2021-03-22 21:00:00,21.0,52.0,2.6666666666666665,8.0,6.0,18.0,36.217412136510156,5.074928905349914,6.646939354489952,7.350177730451069,30.162384062272253,30.432089250486783,32.45697576231096,36.044914152836895,39.00917874668293,35.805487705771526,25.65599577219691,14.6650143260273,6.854575636206634,4.947369363331953,4.479561721389556,4.321070018843644,4.376975243080162,4.557649573655176,4.854258392363,5.270390380836284,5.5637427521511595,5.982500038176968,6.520166999851683,6.736617454667079,7.418781856657778,0.984305844499033,0.17647097349152166
2021-03-23 21:00:00,14.0,54.0,8.666666666666666,8.0,4.0,20.0,43.002865327619446,8.659416387721086,7.108780005667861,6.139946999370237,28.67662731026553,28.879043498782547,30.95372886520359,34.491296397373475,38.8211966820284,43.366354644719905,48.1294266238789,52.45292970424094,54.189394678804106,49.87376666793041,33.827636548280275,16.631139552271904,3.7119483144048773,1.5832053372453943,1.993941082202471,5.885146081110023,11.251684489514746,18.920875112022614,28.190965481642436,39.85569234393383,48.15699680455266,0.9871957872910085,0.15951325197263655
2021-03-24 21:00:00,0.0,49.0,78.0,10.0,7.0,17.0,58.319139258529695,12.76646102555969,6.458300037278955,5.65837637513917,47.291960990073285,47.32633566096817,51.52379912827069,57.73917754326732,62.8442212610831,62.03115458333189,51.46372994485269,34.49132285797177,22.98841207232741,19.737827910303903,23.127497685370003,31.16837360735632,45.33881922157374,60.85765078579934,76.8807187129663,83.08879190801868,86.87883675608978,86.16558836124044,86.41495927850194,85.72090174599698,85.09736422755961,0.9897936029670716,0.14250832791617088
2021-03-25 21:00:00,-2.0,54.0,61.0,11.0,8.0,19.0,66.25878005367005,16.35468098867479,4.178773084893974,7.16946093724597,88.11828134431678,87.96525121228133,93.45255624923472,94.09913497492303,92.0372783693603,92.97103314807568,92.73761120335055,83.22888832051339,63.28867978409889,44.27881695982207,27.508212860558594,13.772938102753313,5.277653405488236,1.6403870717250513,0.07851290228257386,3.7252779465870187,8.438024408693446,14.788479376914252,19.174261535858303,20.127878762046066,18.027837555563366,0.992098522791769,0.12546123335273648
2021-03-26 21:00:00,-1.0,49.0,88.66666666666667,6.0,7.0,15.0,76.6897482950498,20.475901612091036,3.7933519445021746,7.01616159195356,98.16714378869358,98.43923097638643,96.98405035832963,98.8586420160406,99.84323316595956,100.0,98.60472077394036,92.90903390418997,78.59379064945009,60.1024133854884,42.72552369517507,32.46630985053676,21.229641422804274,11.504922085761976,8.807452589226923,6.891311495955691,5.00926123308361,3.689552472676062,2.3050571163229003,2.612136598830108,3.1337394831318406,0.9941098647022418,0.10837701279187609
2021-03-27 21:00:00,-6.0,38.0,66.33333333333333,22.0,6.0,35.0,50.004299601696204,7.52445826344925,3.1283530057799234,6.52011787981789,77.92137265970919,77.5477924538377,83.1678990962484,93.17526657674559,98.12934174507735,96.14271291015977,88.86202678648536,84.38014577911974,76.16483157221735,59.09220045500053,42.468585425341324,28.255397401981636,17.451540927201098,12.135199839207699,8.66276324485978,8.64440644909526,8.757392863406686,8.929429642566609,10.078252334449383,12.00797261754974,21.900256654802874,0.9958270335100595,0.09126072172931188
2021-03-28 21:00:00,-0.8999999999999986,36.0,88.66666666666667,19.0,15.0,15.0,72.44566960809,20.01162850721147,0.9055337324367311,5.426573057527669,96.17078611308729,96.09323633213636,97.11950765699837,98.94212386776503,98.18676606103745,97.85001612796526,98.49927115291696,98.55421928693278,97.91283283568055,97.09070764582428,95.56455808530443,94.89056341512352,93.25483918668074,93.32147299631085,94.56263813996738,97.05395128209442,99.23761067764386,98.28269960427282,95.00334444470663,89.7381399234585,84.55168531544712,0.9972495210773451,0.07411742515094437
2021-03-29 21:00:00,0.0,33.0,49.0,37.0,19.0,30.0,41.28939845955186,3.856701773568104,3.7876218444271648,5.812321561030425,72.45428865268786,72.09715911084194,72.86405495449453,79.08089880889769,87.50481063442714,97.31916173235021,96.74888191772831,78.88912117894542,49.34170205953853,27.93353602128082,15.706201894946965,8.703010919603976,5.3948902092298745,3.2057998504772964,1.635151834769127,0.9756618286279283,0.7319395614335155,0.6742481816216321,0.6342867617422808,0.6386807974570127,0.6596591638154143,0.998376906467142,0.056952196034039754
2021-03-30 21:00:00,-0.8999999999999986,45.0,12.666666666666666,10.0,10.0,18.0,38.16561867346858,12.075093380460455,3.968548425006008,5.529018080481404,73.30883412154627,74.95465042561187,77.9774183562884,78.22346735294518,59.23864624495132,43.68432415272436,36.74172790043267,35.93517809039523,38.55635315809087,42.17855781006461,45.398875177106525,48.48139025751603,50.616157541731944,50.87237397839722,49.34373701350177,44.968094040246314,39.19877257747486,32.428084883895934,27.76824325874664,24.469647811748725,22.866668403203764,0.9992088560679753,0.03977011384605572
2021-03-31 21:00:00,-6.0,52.0,62.666666666666664,9.0,10.0,18.0,61.08142219990347,21.84275464558674,4.9199537713576,6.081554363800395,91.57698241251619,91.81845016328789,95.3728991203869,98.99833448718618,99.42680262969644,97.7222539073039,84.63474536407011,71.958557718163,69.74860264297207,71.35813055332699,74.50991193261567,78.29590658682856,81.19948938197888,80.52988642822356,76.8743861134913,67.43471024818078,54.36796656141279,37.45615750976176,21.66592102131162,9.61250747998388,6.798158414038377,0.9997451236925734,0.022576263041545485
2021-04-01 21:00:00,4.0,37.0,90.33333333333333,13.0,10.0,33.0,78.69852741871944,14.979776344650858,0.5029983199708392,5.429674911547881,85.93937449905076,86.14790672381842,86.65691524106562,93.27139499322769,94.05813292682028,93.79940828725343,100.0,100.0,99.13810552515422,95.56047805128625,86.95671281491786,78.08092935764387,75.16791858479847,74.44846048019119,73.36597497500884,73.64967689043378,72.86432647781257,60.23404104758746,42.70874086605432,16.41837476586262,2.9185200437171583,0.9999855506507186,0.005375731557583884
2021-04-02 21:00:00,-0.9000000000000004,32.0,41.666666666666664,38.0,9.0,32.0,42.98289218947659,4.288736440943843,3.418874049111708,3.7424815356963053,76.81321357611289,76.49826651758727,81.5799199891644,91.23415281771975,99.16555906212027,99.17068723222057,98.91156242463308,94.93166110208603,67.62255636630694,37.562695669644626,22.970373749468763,16.13082444979971,14.404424352839357,11.189167684585023,7.0611132278872155,3.9397527440145512,0.6916845642703382,0.4644271413591739,0.6647901398313436,1.761069950058888,1.0969226718053158,0.9999300657962057,-0.011826390691832589
2021-04-03 21:00:00,-1.0,36.0,18.666666666666668,33.0,9.0,32.0,30.643889446352578,2.6922719226129823,5.8834316454247535,5.3780099061342135,28.733158731050924,28.741233142811414,28.454399733039082,30.309236579335103,33.177916698547286,36.27780592483231,39.468081107883464,41.28138164739305,38.53013817844227,30.458737959060127,20.700422990877428,12.478700848635773,7.395340720236134,6.024241964958274,5.842082902717795,6.633548449361763,7.352042610532424,7.735653575943966,8.336865379755483,9.075581676624017,10.256475186600762,0.9995786855478958,-0.029025013321975237
2021-04-04 21:00:00,3.0999999999999996,42.0,54.333333333333336,25.0,14.0,34.0,34.54307858228283,12.324229364697393,3.576590380793513,5.48611660359402,64.21846253067737,63.90046916158928,66.00322020159813,71.89754667980306,71.5389831832417,73.52713129919533,88.29800078972511,93.3803699127559,92.22506926033688,92.81995927046987,93.71808386049585,94.00454504730584,93.87711866612875,94.9514925126506,96.67339248356237,97.7294752570279,97.98542766125551,98.23375056802452,88.26102320826263,61.921231073706906,53.64891709666709,0.9989315138848577,-0.046215046983708354
2021-04-05 21:00:00,-4.0,38.0,87.66666666666667,11.0,13.0,34.0,66.95834263745293,14.840349125236086,5.561946125273885,5.209249257387802,94.22751685439009,93.86596927904313,95.53398390900011,99.37995559565651,99.8964428001131,100.0,99.85830888030421,99.28639751707244,99.08245073411832,96.43667467163726,90.67995277850017,86.91657215033632,88.37483985303139,90.3276563293713,92.88594579489468,96.47336638599164,97.99309273924392,97.82882263697797,98.33367517363642,95.70637280968438,89.5871924444398,0.9979887423155984,-0.06339140486951038
2021-04-06 21:00:00,-7.0,44.0,80.66666666666667,13.0,10.0,35.0,65.02777464481295,15.504561861302884,5.351010463148422,6.762388937737542,89.47336698501908,89.44328180512674,93.2782664929486,99.72169484529583,99.8468542126632,99.06227325557606,98.62619435779112,94.02636483705245,86.6053604545352,80.41120046563677,76.68710529879462,76.41721580749338,78.49716614813241,77.64006602825715,72.84028266870133,59.81276040527433,46.6507012316853,41.54729443652824,37.99212773847302,37.67146187903214,38.36158821011876,0.9967506498213929,-0.08054900421874167
2021-04-07 21:00:00,-6.0,48.0,76.33333333333333,12.0,9.0,1.0,65.52729189453571,18.031966848423636,5.417274060674832,6.376296213979484,85.45667171511728,85.40270068179947,89.73534648736512,96.36661361961612,97.52984363047963,98.2914172658484,98.80475437043529,98.85953652712145,99.32412791290557,99.40400745197442,97.1927698689176,89.86886233274505,78.70031891465551,71.54936922665155,65.10759211623119,59.372620677783026,51.601912888605625,39.24650529423385,29.110988717455516,20.798061016141254,22.176639599321028,0.9952176027737294,-0.09768276782171598
2021-04-08 21:00:00,-2.0,53.0,63.666666666666664,17.0,6.0,3.0,56.61807189006417,14.81673048572531,5.497479171522652,5.826168982242164,79.33093927809163,79.74079873347341,85.89554427008282,83.87404922057013,86.8247065496341,91.83806536306808,96.97604802064814,92.70956684086859,75.49388498710026,64.21242365206962,55.34198984122444,45.00675964197863,31.476175909891534,22.93502285854464,16.11824253731876,15.389337691918097,13.900648427551168,10.912884714443027,9.199689325539948,8.806709288492259,10.71354492861768,0.9933900548258936,-0.11478762552212701
2021-04-09 21:00:00,-2.0,58.0,39.0,17.0,5.0,1.0,49.107602398074,20.307664875487788,5.593473589649463,5.73839393845667,72.88657723967187,73.42025137617144,79.10690284499714,86.50632508498015,90.74837925489547,94.63846498282898,94.87245569930374,88.73552584778844,76.45682242378004,71.94348099409888,74.34767885181712,78.33716517530569,80.32311150850671,77.65441097666213,73.82205857096234,69.76997091020979,66.77125411707752,65.50271872569301,64.72460123512954,64.93469293506313,65.84679814308699,0.9912685467787256,-0.13185851571739118
2021-04-10 21:00:00,-1.0,57.0,46.666666666666664,11.0,6.0,8.0,57.184861040309485,21.388644012772847,5.6151421450468595,5.537221709422366,84.24688061998161,84.38742045642142,89.00015936758736,96.91237495234286,99.64642207882657,100.0,99.96660704492551,99.13703825652713,98.65562228422749,94.42030741490312,88.66147761745856,83.23662348879658,80.97112787538134,70.89711407905085,53.5417347995019,56.240998581061454,57.66646100649623,53.044132869425496,46.500335493953436,35.100114684957425,23.2673101058606,0.9888537064205885,-0.1488903868564548
2021-04-11 21:00:00,2.0,53.0,28.0,25.0,7.0,5.0,41.137590975447,7.64684398833045,4.0432679516927115,5.624700675580492,67.73669898731637,67.93255360892742,69.63470005909618,77.25111424120357,86.49094620455412,91.80139309868058,69.34096356449254,31.01650920276765,8.578049291673013,1.3902552829980626,0.08471956727738647,0.6230492128682151,1.3672704367941702,1.825139381172196,2.0902248234797653,2.1145522653156017,2.2117887374044054,2.605860396547085,3.367869694656495,4.941728335531857,5.070533406077708,0.986146248341595,-0.16587819893463143
2021-04-12 21:00:00,-3.0,49.0,59.666666666666664,24.0,11.0,6.0,51.72228049821772,10.636651077393102,3.5948594529789615,6.91908413324713,74.94475905531685,75.00970858275934,79.5654912792088,89.43914428660462,97.20943074549375,88.4913863964307,57.76478345002667,25.55877481262933,14.372632487583491,18.724691748632203,28.290448182339944,38.58656271776653,40.132827109790355,37.73339965503653,33.2096181664509,31.66366892050916,30.205223438928176,29.695337316938136,27.690306380207062,23.27376659233292,18.780846119820293,0.9831469737221499,-0.1828169249850199
2021-04-13 21:00:00,1.1000000000000014,50.0,46.333333333333336,23.0,10.0,2.0,49.83113518218205,16.408326543490883,4.618202156776475,6.452853393254166,78.63536474301776,78.32500819098314,84.55101587394911,95.30032441060801,99.63937876916589,99.82377098855613,99.28733590081902,96.92126476442525,93.69493314987231,90.41185180126375,87.99606999873687,85.3551620922498,81.65370206535626,77.96953501874421,72.75681226583643,66.73119553605457,60.43175291491766,54.96630643988695,49.731608195092065,43.87999278893315,39.48304732743734,0.9798567700958665,-0.1997015525660636
2021-04-14 21:00:00,3.0,53.0,5.333333333333333,28.0,7.0,2.0,32.12256895289613,7.362596178664344,5.010557791434279,6.176353817619924,53.30926387769469,53.03236072840563,56.76771981959517,63.99607637883632,72.60245006487705,81.18729671928168,88.29366464077575,83.30459042876413,26.045546382240676,7.92591208650984,3.0248863999046764,3.40690258860732,2.5948834382883996,2.675439356877865,3.3385319984732686,6.5052980020979385,10.604989705609482,16.07078893474279,19.94170856460091,20.8286953561643,22.5000890979937,0.9762766110869321,-0.21652708524481437
2021-04-15 21:00:00,-5.0,53.0,35.0,30.0,10.0,12.0,30.804416970408393,7.47937286784049,5.536830988649806,6.687573279286984,34.04742481436074,34.13579257739395,35.78762669583861,40.294042677492804,45.49038341652429,51.48781048538842,51.9764765147442,45.87203673788095,22.13154551432581,12.279352176495143,10.533114359557546,12.665393657386826,13.981726173892051,18.02923293334733,24.758722119089263,38.79914383851904,54.222394192558276,66.47670438065104,75.78018091826813,78.2499517221196,79.1937067326077,0.9724075561219968,-0.23328854407545518
2021-04-16 21:00:00,-2.0,41.0,87.66666666666667,24.0,13.0,7.0,59.57550414737721,13.149301535262206,3.8225149206066793,5.6258721117964035,82.0730058486583,82.2078975029165,85.43139883475446,95.91766003712064,100.0,98.83674794703965,99.60324097941898,98.89840597394598,96.90962833812594,93.79036311212501,89.99101942734785,83.29866081368027,79.56509986759004,75.34308936424377,71.12085269801567,69.4992509858867,69.55096386019642,73.7661662949351,78.56489096905324,81.55741483644138,83.24030402802728,0.9682507501166718,-0.2499809690726521
2021-04-17 21:00:00,-4.0,41.0,84.66666666666667,19.0,10.0,3.0,59.57550414737721,11.70458440166567,5.12262461670023,6.693176144796596,86.5817271724903,86.18875742948823,88.65119711840367,96.8140812897601,100.0,100.0,99.72434740172004,99.1598611601317,97.67311891213318,95.29743683200242,93.05451066134637,91.93978148597851,90.81375528456381,89.61869736276941,86.7204932944509,70.74619612805114,51.044835124772256,37.16901455491813,27.00713177188388,28.900171259237574,29.500895497762,0.9638074231367307,-0.26659942067929354
2021-04-18 21:00:00,-2.8999999999999986,46.0,55.0,21.0,9.0,33.0,49.20446645467534,12.90805722136108,5.960280359009478,5.766498423169766,67.51099233458085,67.11515101032923,68.81363771462713,77.35490060312323,86.63308899947233,92.41373217831959,93.49016134358618,91.20119941373663,88.60391328257555,86.71885015458058,85.75258108430616,84.23578663006867,84.62767621465449,85.60914846322954,86.7561476274369,84.64020459909074,81.07662976765877,79.66273175425681,77.00446060244465,71.90760411742214,65.20807239078687,0.9590788900341131,-0.28313898122818354
2021-04-19 21:00:00,-5.0,55.0,38.333333333333336,35.0,7.0,30.0,41.463913645264455,14.298776677562625,7.79938858888895,6.395842321779392,60.01942236888006,60.05748213367815,61.50735008132053,68.17629485677183,76.25900801342186,84.72421447210588,95.02457154017418,99.16883097513166,99.79469878202967,100.0,99.5526734797094,96.59190868779547,86.28498146261953,79.60284524788618,77.74120978719694,64.29039043246834,49.33092930160367,40.13332789894578,31.316007515273174,27.205008978039775,25.481215887856244,0.9540665500578387,-0.2995947563972602
2021-04-20 21:00:00,-7.0,52.0,66.33333333333333,24.0,10.0,27.0,48.1743939184296,11.046476381011683,5.5087778588665515,6.149195849905867,68.84249965052447,68.81820702342401,70.72884346160942,78.52869235106216,88.23647880726789,95.63115674276209,97.98954806303573,97.80649372076348,93.85101365295515,78.81479024692723,58.97317160879858,38.61847921303166,23.515971410353373,18.664450500110664,21.63482319854903,34.31460900566318,47.9050580193573,56.07085211974875,61.064292146195484,59.292142402898826,53.41012947334206,0.9487718864399473,-0.31596187665790293
2021-04-21 21:00:00,-2.0,42.0,84.33333333333333,6.0,7.0,14.0,70.2097508066708,21.260005425162554,6.083748414052201,6.940214061263266,87.74239393553815,88.01688672678583,87.91493715902675,94.38399843495401,98.68357219884825,99.42248570270571,99.3568629871005,98.55515830346607,93.3645581617067,84.58069203412086,75.89216451932519,72.7710200336838,72.63845412899389,74.59691127427999,77.94457360590464,82.44989590457486,87.55757782413399,86.95513173343467,84.98489025367941,82.68314187409499,82.01200759243852,0.9431964659565866,-0.33223549871590435
2021-04-22 21:00:00,-2.8999999999999986,34.0,84.33333333333333,43.0,17.0,29.0,49.361915269639454,6.761187616378766,6.9310196123211565,5.970252914399267,68.078944179902,68.26637873655031,70.87544972993717,71.51063692520013,77.80260554829232,82.91164736165334,80.57923447509603,75.11964516095411,77.59916508611248,83.76902758502123,87.32962083560024,86.26706152449567,84.52319540454853,83.07739628785201,82.97999565109164,82.52203923171382,81.61332671142414,81.38178033167294,79.25369246826925,78.20475525089545,67.34228140279198,0.9373419384643772,-0.3484108069446808
2021-04-23 21:00:00,2.1000000000000014,47.0,39.0,24.0,16.0,29.0,36.913309632454954,6.178916652674268,6.941873797526347,5.2784233000424,38.11676989072218,38.063685171110656,38.64645234690738,39.64724023979048,42.85610667318774,46.92112022675429,51.199142775184924,53.12739721554003,51.26244160519256,45.75722830614445,36.67773113623867,24.309084424248866,17.71017579595213,13.642088746156611,12.978065383090573,12.237094262569933,11.236974332043937,11.544430671983632,12.573895399363092,16.387273102581453,21.21893771756788,0.9312100364121947,-0.3644830148102912
2021-04-24 21:00:00,7.899999999999999,56.0,17.666666666666668,28.0,10.0,30.0,39.98635180362054,11.183092712621285,9.052199219246827,6.651390705420595,30.012475757394775,29.981776215883432,30.72039313158913,34.066985219605286,38.23487475285805,43.131767170220215,48.93238986128887,55.51153841648846,59.37590764687391,60.85281771519243,62.024801383821796,65.4908234625056,69.64342177518289,73.27532171345923,76.23078053700671,79.79259912670591,79.88730985166328,67.84765354344925,54.022333856186876,39.002152911264794,29.146731109954803,0.9248025743285089,-0.38044736628785164
2021-04-25 21:00:00,1.0,52.0,77.0,15.0,8.0,17.0,56.474904365301924,17.33313303926269,7.255067380950661,5.347336257612177,61.134502609554865,61.28628431074296,61.80968012800591,68.01162346292907,76.40198724402,84.08542759636248,91.35384804744785,94.17609403165702,92.59499821908025,89.96315029443443,88.11820235629868,87.42487767089054,88.7255707470872,88.09123137730124,85.50379819905544,85.58956713595478,87.03231820126739,88.79440278132475,91.02469262793569,94.47225055392725,94.87821358003035,0.9181214482844365,-0.39629913726891813
2021-04-26 21:00:00,-2.1000000000000014,42.0,51.666666666666664,36.0,16.0,31.0,44.655750325408675,11.697573379738444,4.503823113582534,7.610878768892462,76.10132577586785,76.40451389688533,78.18273258599622,87.8563866081469,96.45226417343646,97.53988508877774,93.76094159974127,90.94659098088837,89.61859914156136,88.34439175691432,85.71083123134177,80.90944354834213,77.36200668871182,74.50361944600701,71.73461083773624,68.18546447398298,62.91988376883876,61.84699801572368,62.36368741528625,68.61360300016422,71.79838402824514,0.9111686353326631,-0.41203363695942635
2021-04-27 21:00:00,2.0,54.0,13.666666666666666,35.0,12.0,31.0,39.65908683574918,10.089157993410003,5.693627862052407,6.177006081679864,52.218584749222416,52.28913016439377,54.139824493891176,61.04220413922948,69.12610482340737,76.92704318231395,79.75674741865129,75.60113338574102,62.2216675613726,46.01324710237459,31.394189136739826,19.749875977150555,12.60956619646773,7.5850339280746955,4.369436275613832,5.676601606796576,7.789908765483436,10.760634232851343,13.097497053019014,13.720213080809204,14.35028817530334,0.9039461929224011,-0.42764620926777464
2021-04-28 21:00:00,4.0,60.0,46.0,19.0,6.0,32.0,34.63816253787311,17.34323473335163,7.539592720053586,4.435789328375286,36.1365771690736,36.06447227456381,37.38532288121608,41.91460745785203,47.11540100362502,53.40349778665174,60.60214772227867,69.91345850606228,78.23373654799212,83.88452857427585,84.8331249851486,82.2698569644715,81.48519963649122,83.19038657674089,87.92683581400647,90.89935505011685,93.84328938993038,93.98004469364743,93.72083223421518,92.29746190521664,89.91225105790855,0.8964562582905575,-0.44313223418263453
2021-04-29 21:00:00,-5.0,56.0,45.333333333333336,21.0,4.0,14.0,48.79868354185697,14.939706017505117,6.493107818419479,5.068792932210367,62.35596129463112,62.24000688930994,64.21509575284138,71.7048668984864,80.62005163965486,84.05284712015839,84.68081836829457,80.52171179929661,76.55044326383666,74.20164107946668,62.22441944215473,33.53005473070977,15.78254978639718,10.302855334161778,16.28114800028114,16.238962059502224,14.658780481028245,9.417903346190784,5.570922630092732,5.50076957486637,10.526307816680328,0.8887010478292915,-0.45848712914008766
2021-04-30 21:00:00,1.0,45.0,86.66666666666667,17.0,8.0,34.0,76.32467403297849,17.562413667209736,6.300871468134444,5.084615638504502,84.1483791932298,84.19934741841458,84.5505292503793,87.07607593581587,93.53616561034896,97.76274205701932,94.79969363063839,93.73747927289894,95.00392077193641,95.08168443727367,94.59715514755106,94.75954716375784,94.83781469245456,94.8357743315917,93.87460106304985,93.08310647653751,90.60570435111872,88.66202150856466,85.47576771257188,81.56464151250816,76.89646153285635,0.8806828564301475,-0.47370635037968
2021-05-01 21:00:00,1.8999999999999986,48.0,22.0,43.0,12.0,31.0,31.29672083823594,8.294684551583195,6.538192714223546,4.6467167614952185,37.68329016415618,37.694854619489654,37.73062206073315,39.330509936880055,43.65195399522101,48.85397096169656,54.64038615592578,57.42447134825053,59.21201968680996,57.99388377135565,55.73929686506081,58.547796619634504,61.72188424003239,65.25064737405356,67.51585240632737,68.28486454917861,68.85288619069104,68.76457400090636,68.38545706016464,69.48460054238852,70.68794563248227,0.8724040568049612,-0.48878539428899265
2021-05-02 21:00:00,2.1000000000000014,51.0,59.333333333333336,23.0,11.0,29.0,46.11664489106369,14.694623121684652,6.542081229098971,6.264982968061554,68.01035084757913,67.92096203998736,68.53030422425404,72.65422038146396,79.66568709394708,88.19600753493467,95.61515056609971,99.01348440833651,99.52884075502722,99.79438125863072,91.61997922123058,57.739291557880925,34.40441394919282,19.810173577045077,15.65874098189651,14.535591492764624,14.081698269098522,13.180636267364507,12.052910275657938,11.168047359578694,9.373688916066982,0.8638670987837349,-0.503719798736334
2021-05-03 21:00:00,7.0,56.0,61.333333333333336,14.0,6.0,30.0,31.294644115244097,10.178982124989567,6.228737556796282,4.877329480160561,21.12173647503279,21.178063857502377,21.834901485995754,24.142822792797492,27.189218890334715,30.472879925964897,32.73039390062007,35.09505256495104,25.234538695127483,13.905878057979157,8.584196997329489,10.762085093088132,26.5496382877027,46.39453841166542,70.27349791998627,79.4725823251023,87.44963220137126,91.64007813519414,93.50327062695413,92.03108307374664,90.07207664819737,0.8550745085896932,-0.518505144391157
2021-05-04 21:00:00,6.100000000000001,54.0,71.0,16.0,5.0,8.0,48.487616311574946,22.728830813038886,4.944013586818699,4.919000595758093,48.34033182589035,48.41345607989523,50.23167761568465,56.234528234868286,63.27273116170391,67.46147079115389,72.26822638464557,83.41889199975557,90.32857036682432,91.90037424487961,93.37190370322155,96.29219387117244,99.01222784021292,99.0121522409021,99.29097722010039,98.92543433583594,97.92045848745651,97.19939057954777,96.97315586364878,96.15688588650481,94.9865202425082,0.8460288880917339,-0.533137056031809
2021-05-05 21:00:00,-1.0,46.0,88.66666666666667,15.0,8.0,14.0,76.4166958250717,27.40687596746043,1.9653425533310191,5.917739010961404,96.88261622437825,97.11277868962004,97.83025704691572,99.51472802297322,99.31201810623605,100.0,100.0,100.0,99.26287539167808,98.88026936735477,97.95372429970148,96.90631200013564,98.9830174237911,99.5758839657599,99.35400411360386,95.57043173627466,90.52027490969454,82.5987936075229,76.99436724178396,81.69656109442288,85.62720979405323,0.8367329140344921,-0.5476112038402312
2021-05-06 21:00:00,-2.0,49.0,67.0,34.0,12.0,31.0,51.72228049821772,10.371620122593725,5.245519733692031,6.1175936908212725,78.32371003915884,78.24378644653277,80.09234355960365,87.60143618605254,94.62203112540939,93.60174740761009,96.29605567793084,97.19981486896086,83.38982593604214,64.07217954821421,48.332884877263,38.52774587997963,33.01249519386539,24.2099969054375,11.61257553479939,5.830257528421009,0.36978093627945374,3.4246703343391487,6.1399605606636465,8.819781021602484,9.29051803066968,0.8271893372462497,-0.5619233046832195
2021-05-07 21:00:00,3.0,55.0,30.0,40.0,5.0,36.0,29.859808750612515,7.949015401805653,6.832741966581496,6.79270058005726,35.707060584600626,35.83813167665185,37.4594125003185,41.646619990392736,46.39382842114112,50.01962171749632,55.712320604684216,61.74329505297992,66.64739949571153,65.57053721394219,57.126222385475614,46.092844675045924,40.47345161308469,41.23166016899688,44.738583278467544,47.380437810868784,48.541283946969685,44.97063208653944,41.83578393119066,38.7382988929152,39.72144912041973,0.8174009818249189,-0.5760691233798758
2021-05-08 21:00:00,2.0,54.0,72.66666666666667,39.0,8.0,3.0,38.07535821649752,10.839005955172244,6.241887281217484,6.927032054002635,55.31389093147238,55.44575057297213,57.22899602182244,63.80906130794879,71.90768827757206,80.92627644687336,86.12640267547195,90.28465284796968,94.60538399865791,90.16891195405353,65.20703862697268,28.93454931912683,19.802232941520977,23.709143281943785,41.36597847973041,60.38967640567208,78.88161350042887,79.27468214456539,79.28700110122541,78.29087538789045,79.17496341726917,0.8073707443023492,-0.5900444739548627
2021-05-09 21:00:00,3.0,57.0,44.333333333333336,39.0,8.0,30.0,35.56859734982677,10.727005221867255,8.356701165115595,5.517361476899591,42.35805734260004,42.47719948587262,43.63036807521821,48.308114457145294,53.87151840112274,60.07960493104112,67.41933861935894,76.55163339791223,86.15056554373602,92.82255455705052,96.88371207176438,98.90768737506049,90.09658553727803,66.23437497453747,35.192263148054366,30.937538775141032,27.238635734858825,24.552869504773142,20.257275110601558,14.565601412531109,10.99093082441046,0.7971015927871943,-0.6038452208771035
2021-05-10 21:00:00,7.0,57.0,61.666666666666664,35.0,5.0,32.0,43.48654088234562,13.322504740993125,8.206609843974919,4.0888421062847975,51.20150364189171,51.039225009055286,53.23884257509535,59.980403798875024,67.62726120051362,77.20906129516523,86.58461554259198,88.83529893434236,90.35584003890061,90.6575765769432,90.96208421264845,90.66092177616395,91.51845918626722,92.46373593948881,92.5755592599477,67.35841810801347,40.96032450165919,18.93406204745796,9.437086690481125,16.09596828859392,27.12405974675825,0.7865965660866021,-0.6174672802835514
2021-05-11 21:00:00,-5.0,49.0,74.66666666666667,32.0,9.0,31.0,58.319139258529695,14.037582703967018,6.832269592859622,7.128408216436279,84.12014067182449,84.01697539643301,86.30765340975304,95.57487675845653,99.43407494479034,100.0,99.78151088724834,99.72518389944159,99.67757672210055,99.54127759510718,99.30250422922907,98.30608866690591,98.8221533749123,96.99451832562309,89.33867930580469,79.12053283136655,66.88054379944904,61.577531999230025,50.544167146420406,32.104499883848376,20.851250664921352,0.7758587728069828,-0.6309066211876704
2021-05-12 21:00:00,-1.0,52.0,51.666666666666664,36.0,10.0,33.0,46.27635891221943,12.784803335011375,7.315605256971814,6.086325914257826,77.94209466110954,77.6375641805248,82.78062247659791,88.82468288381735,93.73364721201652,96.23818265557495,95.26421986908957,94.02623808320989,93.30149704183167,92.66785123194488,91.73995273855614,90.80495441163741,85.67203607973869,84.3940278814074,84.24498016543652,80.89038695011823,73.15505700702403,58.57722884881598,51.56661078302904,54.03804267113094,55.729213040729285,0.7648913904341226,-0.6441592666722685
2021-05-13 21:00:00,-4.0,59.0,23.0,26.0,11.0,31.0,37.3680528699157,15.768265510218889,7.293903298170906,6.93333569698323,67.00039942468992,66.35405559734576,69.13805109987062,74.12480205689066,79.99155697032299,85.56691585556479,87.90481507022591,87.49288484158129,90.90941890827195,97.10750521366573,99.51022455604225,98.52017870953188,91.97752401294818,87.47228349001571,83.80237118350098,82.83930668791996,81.12964453588545,75.76668902236317,71.39466334219964,65.14285426379284,61.18662116148631,0.753697664392914,-0.6572212950663319
2021-05-14 21:00:00,-3.0,63.0,4.0,46.0,10.0,33.0,27.582432189338764,7.464244008222229,8.586893776719586,5.92424216341843,20.522329650425462,20.46458219888823,21.95785962038002,24.68120546093506,27.822868619560087,31.682939824275095,36.11488349347699,41.39471687272137,47.223954359273854,49.79417412658568,49.06343440726457,45.07287484342318,38.21188256938611,39.17016346899042,41.706059712203064,39.55373422236884,35.80536905043883,29.289200312676762,23.061614796114622,17.086300143347906,14.382954916375212,0.742280907086982,-0.6700888411055113
2021-05-15 21:00:00,4.0,63.0,48.333333333333336,27.0,6.0,21.0,42.75117614476716,15.222311250463344,8.7557589766378,7.070545698610473,32.87824699454126,33.19602216432439,34.71228841041302,36.974211610195454,40.04995478140293,43.72939205732717,48.34683324901025,54.24449648315605,62.24583988728691,71.27887064784491,83.29778027823615,94.10233744197008,99.15317345648647,100.0,100.0,100.0,100.0,93.57230171955806,72.12885912613741,28.816050510863633,12.665817591483528,0.7306444969184916,-0.6827580970759147
2021-05-16 21:00:00,4.0,61.0,56.0,11.0,5.0,31.0,51.50848190095141,16.42439543617294,8.613634608369017,7.076189100628589,39.62859225923134,39.59990346730387,43.39214807308006,48.850056260211474,54.801526928469194,61.699570160365,68.14351200888474,74.26122757744304,80.01321781750185,82.48069214530128,82.77710626741509,82.21115953101523,81.54885265453066,84.1207222486294,86.92666442811496,88.90847255859994,82.43390446861032,63.865974338073826,51.67715625732059,42.5819209835232,41.30332599984166,0.7187918772884232,-0.6952253139408722
2021-05-17 21:00:00,6.0,63.0,50.333333333333336,25.0,5.0,20.0,49.8705481833715,19.808385939278395,7.761599707045654,7.280989269987262,61.869518800285114,61.776153506150735,67.94469405697318,75.31453887526611,80.95742662541325,84.10549633568507,85.00701482207,87.35750960990327,92.842690652744,96.95158229204812,90.63926069500752,81.59885841054502,70.79928203403898,73.49327031170986,75.77201468312641,67.29858658215903,59.005856036071194,51.86743301412516,46.51138289929237,41.66954235259972,40.15462125110595,0.7067265555776158,-0.7074868024503348
2021-05-18 21:00:00,10.100000000000001,66.0,54.666666666666664,42.0,11.0,32.0,37.02996502581201,15.128081731749562,8.276343005522651,6.385250791915446,48.94720309504426,48.77291591779031,52.333997031318965,57.409316949928254,62.09826235169263,66.22821465774437,70.79743143476115,74.54917952695077,75.63004535505571,76.89115007723682,71.6180405518373,58.57296799938722,34.85858792495985,18.306198004754474,5.056000118196962,5.370086761149357,5.975734119396891,7.231463465418521,9.385440890932967,12.875701479682952,17.480428930337688,0.6944521021088763,-0.719538934232584
2021-05-19 21:00:00,3.0,69.0,21.666666666666668,27.0,8.0,34.0,34.718263700348224,20.30677599537835,6.734248902524671,6.555972184615676,34.464303293587186,34.70591404507607,38.28819311322082,42.64564195013025,47.78397355597316,53.79016854975974,62.98757479963388,72.78702184183821,79.72902020533064,80.02796670024706,77.67000804156868,74.63681823447976,71.187850669097,68.69448450537081,65.62278870905203,62.329815487231265,59.16225826851955,56.37160109036824,53.811438696751445,50.78504359904771,50.3325343713862,0.6819721490904629,-0.7313781428679254
2021-05-20 21:00:00,0.0,72.0,55.0,16.0,7.0,18.0,40.973852214433464,25.76210308604453,7.539669658789527,5.642267558559098,46.98282123926493,47.4339738725203,52.67539450355767,58.59086362650666,62.29865715481034,62.3472523011888,64.25122440371086,69.85088856963534,75.77097372964357,81.03120716614971,84.18034172768319,85.62491012193641,83.90476052032227,75.05795377364723,63.890687185794135,53.50195650777858,51.02914925009417,58.012764859580734,67.65073966226255,79.93242328770431,81.18413305749017,0.6692903895412567,-0.7430009249440493
2021-05-21 21:00:00,-4.0,73.0,59.666666666666664,18.0,7.0,19.0,49.51100320358757,33.46518287730942,8.209700555850103,5.3213250245200845,43.0988839422133,43.23446945085802,47.68683152873467,52.931959978723896,58.898838922462694,66.00973097896473,74.36326240437224,82.89823780539547,91.55808792734616,97.98293360694453,94.19937572158602,91.20387527793316,91.3110423949234,95.54074277753305,98.15920094457773,96.64139364402311,91.94707176112556,83.84075408419598,79.72526481328914,75.91978261875353,68.32646290373037,0.6564105761979381,-0.7544038410927472
2021-05-22 21:00:00,1.0,72.0,80.66666666666667,12.0,8.0,27.0,59.22858008458958,37.447551783061975,7.014943987288014,5.56784876826682,69.30242626409975,69.36172295926012,72.08355122215363,79.46918224192517,85.30544991050701,89.52030647567967,91.23428615784574,90.03073113906748,88.15569087318798,87.72135413599014,90.27990214092505,93.83450582044921,92.63621344455711,89.46639599168425,84.89406959476466,82.0388901503199,79.90790440866293,81.45060598205268,83.89670229137151,88.27823699413754,91.52143207548991,0.6433365204044917,-0.765583517007675
2021-05-23 21:00:00,1.0,60.0,67.33333333333333,33.0,16.0,35.0,47.535378658490714,13.775355237274775,4.306856982065996,4.8393272641638045,74.17994779655777,74.1672026472407,76.5884962905633,83.34761895026514,89.39062135669306,95.54157055456017,98.3073255862908,93.39555318904124,73.30759512756627,49.255122988365,29.208541854804672,12.902594312814758,6.937742590085251,3.6569170726618894,2.345966999482316,2.8610464826865987,3.741144526233299,5.894112240335262,7.8909163105147435,9.687794360100845,10.397334856140482,0.6300720909843687,-0.7765366444428655
2021-05-24 21:00:00,-3.0,63.0,7.666666666666667,44.0,7.0,22.0,27.582432189338764,10.410061334559558,6.881516739134082,4.632790596070438,31.49243781446923,31.921951391424248,34.05973780486216,38.157470885834705,42.71655621764378,48.17147095794934,54.62069902877699,61.75764089496367,69.72302393859361,76.6104845794277,56.8140658235182,30.517929702285524,11.575189042647379,14.694535278431614,22.766879742494613,30.652952331538586,35.456864140677276,34.70299564974933,31.021649500359732,23.668761401274455,18.906354727562906,0.6166212130956382,-0.7872599821916922
2021-05-25 21:00:00,-5.0,74.0,51.333333333333336,18.0,11.0,22.0,41.287754365484204,33.60919932950215,7.273213990450767,5.112607062861397,48.59500795599765,48.61525198996113,50.39292114206126,55.598509193891246,62.183918908859226,70.14597147141515,79.3209534863833,88.89068084476229,95.83375916476824,98.34495543974523,98.97142920392271,97.72693844361929,88.13451950153289,77.68727356086652,68.08529157479241,67.5462658424228,68.74960629605951,74.27796682907226,79.1620367242108,82.03527674283374,82.2149354936391,0.6029878670694714,-0.7977503570459932
2021-05-26 21:00:00,1.0,79.0,54.0,22.0,10.0,23.0,46.90289649083249,40.15247525908622,6.065748348134918,5.155776305315708,87.25698725173207,87.1940376986299,88.39257054216488,89.553188742618,83.93420081022394,77.47616781267439,72.32271678357938,70.01143713029276,70.09487006766373,72.84484463086221,77.5065849326506,83.64891573043157,90.45005235905607,95.00300488623174,97.23906528051171,96.79010957238054,96.0145390306299,95.65155145095244,94.52466464926096,93.72857251966099,92.33921107316195,0.5891760872322963,-0.8080046647350754
2021-05-27 21:00:00,-3.8999999999999986,57.0,20.666666666666668,50.0,13.0,32.0,28.95682118820307,5.6279590303392535,4.735230076253508,4.771962705893325,30.21371486840017,30.178137967207363,31.880040749671572,35.640878868385876,39.87746484346997,42.165139572408286,41.709911230267295,34.43262954913055,18.066518040018188,6.906514274722664,1.758535212115596,0.12414713888858038,1.8853357225638898,4.103842038386007,6.942390823727225,10.582323024337766,14.542690082127033,18.190010910986455,20.863367616037635,22.212877178132707,23.104033427191258,0.5751899607119775,-0.8180198708443175
2021-05-28 21:00:00,-0.8999999999999986,55.0,46.666666666666664,45.0,9.0,31.0,24.168140164479823,5.248188554661314,7.185963846767291,4.277421491691558,24.941690093343023,24.75512775075598,26.85010091594546,30.085554326041514,33.84491390432866,37.64801260041563,40.98521668377905,43.57644942095716,46.820915414717504,42.95278820114446,32.241868376520976,22.40489386130144,19.789047335627245,16.85234979457382,13.645075953007623,10.11135601054442,7.450837447654905,6.221363283060902,5.685299401856383,5.3421073827170416,5.679554928654992,0.5610336262283677,-0.8277930117131022
2021-05-29 21:00:00,-2.0,57.0,62.333333333333336,48.0,8.0,6.0,28.95682118820307,7.608532789435378,5.123579074221155,5.4989026355134225,32.21019417921872,32.0866945034466,35.396860350613416,39.828247253290755,44.90165267500868,50.832643765068056,57.800796447167116,65.5923095158384,71.68708892437192,74.15050649246682,25.835126401395257,0.9776830711626581,0.5058764327703373,1.9554237289135505,3.3498061808107535,4.272768218169361,4.801809287917045,4.566841452833667,7.851950795640139,14.198613869250366,35.726063964890315,0.5467112728685939,-0.8373211953118121
2021-05-30 21:00:00,-1.0,56.0,79.0,22.0,8.0,11.0,45.08636504061848,17.3250415989788,4.5975269245541295,5.576639059366595,36.56182821248814,36.86220247813274,41.1517337684174,46.03523914046676,51.862890025994005,57.85231351260997,61.35284212928354,51.5407989704228,32.9687637016364,20.350826126091516,50.6740403666345,72.52171727851504,90.12297754121145,90.02904622874232,88.54660302442599,85.72463501906094,80.16170412707706,72.2427021918458,67.13215281058794,62.44177121898918,65.68056243321962,0.5322271388474397,-0.8466016020976267
2021-05-31 21:00:00,-1.0,56.0,86.33333333333333,9.0,6.0,33.0,71.72422019136161,25.35176844910428,5.074145830370327,6.304052536223596,97.16864412260615,97.01333169659321,99.51258102539639,99.9672614813723,100.0,99.7323449978879,97.58718322303484,86.74845384367886,76.09887554497493,78.67263099219169,80.61274959469962,80.08847971819179,76.49570926221213,67.09549366737255,53.382698838666585,48.96930272698835,39.27787171324431,19.376838963227332,7.9217647838668785,9.22832487673522,25.769179992104156,0.5175855102531889,-0.8556314858488706
2021-06-01 21:00:00,0.0,68.0,57.333333333333336,31.0,9.0,28.0,38.8205293863097,17.882370311177812,8.671541583375637,6.320611407752084,45.91844331086618,45.977217408987954,47.784208470101284,52.70020448480718,58.23539558002189,64.87608755449935,71.7615086949491,78.57411866072094,80.67449507148773,78.5459988079035,73.718790998409,67.51004225410281,64.64633322405881,62.9421043806869,60.54929305848028,56.43781670052087,50.32944566338953,40.97350232241561,33.261401727333485,26.420585477785036,27.825375586930747,0.5027907197793043,-0.8644081744776648
2021-06-02 21:00:00,3.0,74.0,30.0,35.0,6.0,25.0,35.513665945840565,17.82611103539959,9.136433312326348,5.337669016904819,32.25508868816064,32.201773128398656,33.85951025790079,37.33029004069429,41.73330139226573,46.7933232483356,52.9604733600174,59.95412086735543,67.4778476875753,74.76427988623242,79.77492366557473,82.92138242959282,85.25346782804203,72.52416740793475,53.52301448567079,31.52630764207248,17.141815804336282,14.190482011504816,15.064149660207516,20.675063578441605,21.54425003420768,0.4878471454423119,-0.8729290708206411
2021-06-03 21:00:00,-5.0,66.0,80.33333333333333,19.0,10.0,18.0,56.29924377769591,31.15536148880394,5.658835505643801,5.758905369196675,68.01931401608388,68.25292325455179,68.88989144797107,71.71505625985193,66.89890593330811,69.85408813795813,78.8029383962122,89.10044334270425,95.39495834776788,98.34566051217676,99.11774067602339,99.5600614245409,99.93537265032565,99.6944897181111,99.28225419610712,98.053130218659,95.5973689895128,92.98979648191072,91.07654391557534,89.6268655553516,88.37087541648756,0.47275920928627757,-0.881191653407483
2021-06-04 21:00:00,1.0,75.0,38.333333333333336,32.0,7.0,27.0,44.627665252677076,27.569704334525614,8.286932318377502,5.548372736476221,47.549131713535296,47.40726329622959,48.80745938800281,54.04657010620198,60.3883769905147,67.82905316349523,76.55048877364979,77.68890127580612,79.02684573122936,79.64136921712665,79.1310574204672,78.09993121417006,82.79348670252188,86.45886962360743,88.90492893763293,77.08528845239229,62.442852294079145,46.25833954150628,32.9122794436507,27.426270985064004,27.657584574007345,0.4575313760742512,-0.8891934772070711
2021-06-05 21:00:00,-5.0,78.0,56.0,20.0,9.0,25.0,46.75258246477517,38.218829884179506,7.166484437853516,5.531183748071965,71.88179741446172,71.80926598071486,70.46554784866116,67.94750454980242,68.99861733094778,73.17808450753957,76.60098459189125,76.10187500335238,73.66343056502248,71.89168789073916,73.46347405324028,80.52986806391324,90.70735750868481,97.36613228339512,99.55289965203075,95.43756932916801,89.84804480164136,81.58831824774279,74.57485313321959,71.24133709919272,70.68429063891263,0.44216815196707204,-0.8969321743510065
2021-06-06 21:00:00,-3.0,77.0,39.666666666666664,25.0,5.0,23.0,51.93667951722938,36.245853084618304,7.712556744420817,5.046480027046511,58.94811322580566,59.189651297302234,61.62557986035839,68.35387311494397,75.9368927976647,84.3755330903609,91.8681730769172,95.07214965786117,95.798842652376,94.1705245519398,93.59585123085988,91.81015717722356,79.5867600643676,55.478016546043364,24.514765710431018,15.472074233700983,9.81103370046722,14.367934559480041,18.403910131121613,21.244206393943934,22.715456794188096,0.42667408318992467,-0.9044054548343001
2021-06-07 21:00:00,1.0,86.0,12.666666666666666,33.0,9.0,26.0,37.38991901691471,31.740812875955722,8.001703074795936,5.753055969541956,37.55890431173846,37.507571594828875,39.17035436029505,43.28146854513264,47.99929076106263,53.41842290328951,59.624360167374526,66.10182780402037,72.3441856013729,68.92400158285025,59.472056047881814,47.95777148050671,41.00257351352059,40.302238992916784,43.11872798589828,42.22333408389622,39.83516289296973,34.56126127669185,28.895027567940634,23.197066503445104,18.808883483360525,0.4110537546870351,-0.9116111071930239
2021-06-08 21:00:00,-3.0,83.0,43.0,19.0,7.0,30.0,47.49944340553627,33.46646626375118,8.304851489753682,5.330682215328031,44.952835747014866,45.02077445906966,47.23657602815408,52.460689107658844,57.74810821465937,56.539584107523055,58.412600838848846,58.98274973198727,56.13265619157816,54.39465007669796,55.51656347636239,59.091073984809775,65.21541917237761,66.912396440908,64.96103038305155,50.70746603107246,36.89454772800983,29.578521308883815,21.751223905431694,12.597901534563896,8.951241675626562,0.3953117887649151,-0.9185469991587165
2021-06-09 21:00:00,3.0,76.0,28.333333333333332,32.0,9.0,32.0,34.502443372521185,13.958190727488434,7.970286917845138,4.012177400351114,30.312291800496943,30.194638667929176,31.492501162811383,34.539970313567196,38.13797160978014,42.27593208891721,46.48806414235098,47.99509986296136,48.1589719833395,47.32278482636016,40.520830481783406,29.618116685868905,21.876719086705126,16.641918352846638,12.579410838439198,9.319115812988823,7.214324728032719,7.668791434575288,9.55891880045267,13.193093871502215,15.163699323008686,0.37945284372454435,-0.925211078289358
2021-06-10 21:00:00,2.0,65.0,30.0,40.0,6.0,36.0,26.788295422514512,7.761025091328247,6.047966354331525,3.982326531884056,29.569381613021257,29.359652607762886,31.684850521023154,35.44617165509331,39.63465478514502,44.7363351473334,48.480123079499094,49.50500552545008,48.31155986510638,35.825253906961564,21.87754091835135,12.105932625532652,10.49155256302576,8.934295237014526,7.484178178818196,6.6551941109949775,6.45361013938691,7.472110464110244,7.953620495267165,7.927566481761812,7.093398724447082,0.36348161248290634,-0.9316013725767187
2021-06-11 21:00:00,-4.0,63.0,60.0,20.0,5.0,20.0,42.75117614476716,23.863935663967272,4.909513613867804,5.366569547262548,80.75864206130986,80.50428699647223,85.27119256783168,91.09095027558946,92.0850055046171,92.77121139334213,98.44005380961434,99.96468570027166,100.0,99.36864947784716,99.18850818257005,98.98196583707045,99.74359331307846,100.0,99.96949400138327,99.72092703411683,99.52638945544682,98.37865047582464,94.32648107758334,86.50265700232536,61.7151900566394,0.3474028211842774,-0.9377159910299093
2021-06-12 21:00:00,7.0,72.0,15.333333333333334,46.0,6.0,31.0,32.58751539218839,22.62586242285136,8.198076323035778,4.654600337906388,60.408911636621575,60.58918221974994,62.31832539388702,69.80290972084273,74.99912137188154,78.22977688085567,78.06134552715106,75.44262893981809,75.8664368316561,79.49647313929876,85.83563453678705,94.87610182351321,93.33926563093802,70.69989844264295,29.194409825810897,15.216480648882053,6.177372787052556,7.301826358190566,8.993250492289464,11.965047989565708,15.628969780807056,0.3312212278016865,-0.9435531242349544
2021-06-13 21:00:00,10.0,73.0,45.333333333333336,44.0,4.0,17.0,32.745747821839814,15.51089723572434,8.6818921806359,4.727774581755356,30.363683773281668,30.464350356565646,31.609814078461305,35.16468254325053,39.25274664992357,43.60349155299375,48.344762722728035,54.41186246440621,60.54729304786052,67.09317598325909,73.5510367660671,79.17056849451424,73.97421700587981,51.188612448540695,16.116900056999235,8.02015688921427,1.9376235268931463,3.2839108697916455,4.6805320629514755,6.469113563719378,10.50836351475049,0.31494162072895193,-0.9491110448902284
2021-06-14 21:00:00,1.0,64.0,78.66666666666667,17.0,10.0,17.0,58.1544338545121,26.463172396738347,5.367654745105537,6.399335755580035,81.7051834690409,81.7121852776605,85.97487576930928,95.34141489808954,99.00284986756226,99.01688777713814,98.85155273868281,96.53224562480129,89.68895685981605,81.1056954056631,71.12331361573193,59.73419824359969,52.58573917599254,47.17429631983569,42.95601460575747,39.799079329226764,36.66020132172731,34.89738664332973,33.9410500529131,34.710453442294956,33.23041040810221,0.2985688173637202,-0.9543881083175908
2021-06-15 21:00:00,-4.0,65.0,78.0,15.0,4.0,18.0,70.05344094799,32.38024943699065,6.555568390906227,6.009579477585212,80.25783831717757,80.05668725573297,82.27233379375328,90.7310488728887,96.29179659297994,99.52692193766738,98.60594431799885,97.60239700598838,89.23034529139554,85.13947569361817,86.67807732246122,90.40546984777953,92.90638874519348,91.04836078888424,84.98495096519353,80.21390515694242,73.99992890099045,65.69096976540368,52.33955061330637,28.71714679871361,15.15953403408273,0.2821076626819194,-0.9593827529490743
2021-06-16 21:00:00,-1.0,65.0,26.333333333333332,47.0,10.0,30.0,38.33978942887603,14.579778020178072,7.086930851696719,5.234612669710638,46.282404092934094,46.47468523157345,47.180210605250615,51.68186462372064,57.832615272266395,64.9135985299401,72.79207005647868,77.94449334734908,84.4857788650169,89.17121213603221,80.38393830568283,53.453619579100184,26.298088789797024,12.089887475085654,7.886394631016998,7.998285918391547,8.138346615244602,6.514457394741821,5.427417684198752,5.570732627934091,7.719105875931068,0.26556302780405594,-0.9640935007889755
2021-06-17 21:00:00,-4.0,69.0,29.0,46.0,8.0,30.0,33.392262459884066,15.378092283858631,7.710942232917696,5.490422620728117,32.31815314717912,32.433997452655206,33.45347112345196,36.83135474041805,40.8513181013671,45.689313319977096,51.37161723227553,58.12388442422909,65.21067126818247,74.33017824486136,81.9532149397794,86.69672571292494,80.54707014534571,65.36398368929156,44.6743667608854,31.622551833734786,20.710629074960117,19.794994503652557,19.358447826731133,19.728151044300592,19.136132183522754,0.24893980855376657,-0.9685189578512204
2021-06-18 21:00:00,0.0,77.0,23.333333333333332,35.0,8.0,20.0,30.933647924122155,22.229844043561343,7.074824898873564,6.372857012543799,29.56291338010007,29.720231948586722,30.397503349406946,33.1469231380866,36.67842453464329,40.8820249625675,45.59717058139226,51.44784565683973,55.41575031841496,53.34138216793038,51.43740285492282,51.339014168509955,54.76455121385555,58.884762156342184,63.5795762209149,65.00154530768603,65.21168684298829,61.255421841096556,57.04801011885332,53.65241072446614,52.290431661761694,0.23224292400907015,-0.9726578145718654
2021-06-19 21:00:00,7.0,72.0,66.66666666666667,19.0,6.0,25.0,55.091227971046706,33.096227747305214,5.733063934677702,5.279218756108673,80.45093702433522,80.58180604479261,81.93303147247953,82.70532821159024,80.75476689678418,78.50800317052571,80.62417545360931,85.93915588901108,89.12148055400681,89.28182475867368,89.62788366995778,92.61381238421565,96.01417760649792,97.39939542891123,96.25507636753439,96.57347051303745,96.60204603193957,96.61044031300595,96.15214431886497,95.15807920605717,93.96020447311997,0.21547731504673012,-0.976508846196619
2021-06-20 21:00:00,-2.0,78.0,17.666666666666668,35.0,7.0,30.0,37.51600687661515,21.414912189874578,7.652922115198373,5.614238039215314,39.526577462137276,39.48237573574247,40.606166521473845,45.2338695446364,50.31475604417706,56.535689932672724,63.85275799525759,72.47960599394531,77.56821289395653,81.18553045656624,79.07067696493654,65.98490048375784,36.36252428572338,18.017312728416638,9.052192556717737,9.091662577065446,9.964393038495494,10.717581781170349,11.471982610592372,12.221467529552,14.245050199257228,0.19864794288017112,-0.9800709131432666
2021-06-21 21:00:00,-2.0,81.0,54.666666666666664,17.0,10.0,18.0,52.50833622360448,46.756702498429384,7.6599589582982395,4.748742295340995,61.58254860279659,61.51434119176994,62.239023583503695,68.68130610549403,76.18066055492757,80.19511434514396,80.60477584856423,80.19873532475343,80.2461828128936,79.13383778813954,77.37855439493579,76.68385782640699,80.59757650958686,85.40583561055543,91.43733873509619,90.49626234281521,86.79489879541052,82.78881098938884,76.13162851929587,64.17971619629051,51.73441393177045,0.18175978759137534,-0.9833429613388902
2021-06-22 21:00:00,-3.0,63.0,78.66666666666667,22.0,8.0,32.0,58.017639995610125,23.701167570792634,5.207448731233903,5.093219248041551,54.29601373983045,54.14222635505534,55.74941940132887,61.795919943549514,68.80626153630321,69.49902653307561,65.05153904595699,62.06361126876286,71.3510069987973,78.14993257777677,75.8921587397775,64.43500671688362,50.64019915936271,44.56485562284853,44.34206129942363,46.8501836894157,50.65045737237705,59.42477996431729,71.14305337309112,86.0999591311371,94.19090629351865,0.16481784665719793,-0.9863240225317866
2021-06-23 21:00:00,-2.0,64.0,23.333333333333332,52.0,8.0,31.0,33.91516526462245,11.492056202011348,7.943264572959167,5.003503530428636,35.147728476375306,35.68318111069475,37.90999145192095,42.304489645702795,47.30578902276057,53.20174562107417,60.02707465067576,66.22184581608366,71.48513355420639,77.64840893461418,76.91655400661536,65.45296175930527,43.54350244041409,29.58536349670961,18.048880172797418,12.93796979847525,9.091588640069135,6.97276786065078,6.233458554945254,6.777812427826799,9.018117259917975,0.14782713347053048,-0.9890132145779883
2021-06-24 21:00:00,-1.0,73.0,5.333333333333333,39.0,9.0,18.0,32.745747821839814,14.262980545458806,5.646350847263667,5.619420928010187,38.01912915608882,38.336229030905486,42.209002276542215,47.308705134133874,52.84548580556133,59.42782662170794,67.11593682589226,73.97006872948934,73.92781352926646,59.992931680561234,34.986186963751415,19.133805067030682,10.168757758422469,8.966748124194089,7.726273512649101,6.5889264323981855,5.510173838625323,4.345273743663883,3.8085886447111896,3.466225203787577,3.8121302338990035,0.13079267585675922,-0.9914097417023038
2021-06-25 21:00:00,-4.0,70.0,53.666666666666664,15.0,7.0,16.0,52.83156593782089,28.183263205797292,3.3676843714688482,6.177445216301866,92.83595262621954,93.10128828052375,97.87016001364005,98.20241793250358,94.51148434150873,78.24144752458932,61.38297434614589,48.45403713030269,38.99593213982599,36.64145276563464,41.81537319540309,48.63487111029493,55.77778829386695,56.68920273637856,55.75428817428886,50.386327958419365,43.730379343613976,36.27328572755516,30.164774994894245,24.98365559888584,20.66015378593418,0.11371951458594969,-0.9935128947338007
2021-06-26 21:00:00,-1.0,74.0,83.33333333333333,20.0,9.0,18.0,63.88019287066453,41.247082193785765,7.040639953358108,4.863389376602697,65.9501793269894,65.82951819275196,71.5749395095731,79.60025849887231,86.88550327018861,91.41353148536578,90.91657165266905,86.93199169404014,79.54144038950449,69.35261466810671,63.61268977692972,63.05319787924895,71.23619839205199,82.29476630271164,92.87568811348689,95.89590402693699,97.77002720768512,98.7187366647672,98.81818081829327,98.82685686747087,97.95399471353902,0.0966127018812031,-0.9953220513156602
2021-06-27 21:00:00,0.0,83.0,71.33333333333333,25.0,8.0,23.0,50.972422488102566,40.83191258383123,7.84158318410695,5.470169096335684,47.021153631739296,46.845327010721576,49.58789496836016,54.81821306570778,60.93093933332856,67.26515887837658,71.25686541898963,76.14871312529334,80.08963034946962,80.67338139295954,77.11377182759917,71.608836811684,68.59643549984845,63.47260693439628,56.37102128157655,50.99683891190846,48.55764937978294,53.80337386336993,62.05035977821394,75.81460241507435,85.00215126618798,0.07947729992362097,-0.9968366760893436
2021-06-28 21:00:00,-4.0,82.0,42.0,28.0,7.0,28.0,54.5285079824562,48.54027354079982,7.654457758583966,4.930791087607657,54.01217379260641,54.218082329156104,57.05102493480457,62.77735742814015,69.8196422186929,77.65974700218922,86.07640877324128,93.34154511829924,97.41024458769034,97.6962293644445,97.86809681762524,97.48769464247991,94.09841773653731,94.31276858485288,95.3173758050137,89.09442233061424,82.232217634456,75.97921148267346,70.38384235949145,64.70973553858542,57.34641016196987,0.062318379354325076,-0.998056320853012
2021-06-29 21:00:00,0.0,80.0,41.666666666666664,25.0,6.0,30.0,50.5392550224599,36.627891106804405,7.62160473960152,4.72873878822566,47.60514307668506,47.33490251542386,50.536120543660736,55.763042948395835,61.73030769105499,68.50305531202356,75.12264107127604,77.82506592223761,79.38129331230358,78.34816006313442,74.30382247978287,69.05506706033984,65.38265829216272,68.30608340565492,73.77587848330161,80.6556964970656,84.629734060457,84.1013984957457,80.10865129931477,73.21846846745646,69.97051959269812,0.04514101777397193,-0.9989806246941579
2021-06-30 21:00:00,0.0,76.0,79.0,18.0,6.0,27.0,66.40910847963103,38.72479606062014,6.997124761030022,5.426335731518886,66.12635131298346,66.41088365213375,68.93660454820832,75.35451353888402,81.97275195584042,87.94265967986277,91.51055523240443,92.99069835491879,94.08110384795371,87.88262044818175,83.29338667736657,81.72437230664956,80.4053954368544,72.36791991458772,59.80346824920062,50.20835112093091,40.736563847232475,35.329434934604386,33.2008678114811,37.1124720958844,49.53451556965168,0.02795029824021032,-0.999609314096404
2021-07-01 21:00:00,1.0,68.0,80.66666666666667,15.0,5.0,36.0,65.47718858023127,33.26364014561422,5.4469521462024,5.71477487072032,87.39898320004946,87.15521213816436,91.98412948618912,94.62711660764937,93.77875335738045,96.90367862751688,98.00331498942346,89.75830749008664,85.10292040131478,88.78429243826686,93.86533213359898,97.7294411443005,99.98199819426836,99.87483877825514,99.63550503538147,100.0,100.0,95.65727064853685,93.791629783878,97.5584614184185,87.91055933376789,0.01075130776352193,-0.9999422030204416
2021-07-02 21:00:00,1.0,58.0,91.66666666666667,30.0,8.0,5.0,69.29036909562232,29.014472081253054,4.512262292907724,5.400337134799835,86.42598827434188,85.947529199975,90.63808300414779,97.95958588242371,99.19397760503075,98.68875631939689,98.65883957881795,98.85983958356265,97.83801889679121,97.53484952126628,98.01942843573818,98.57644998117392,97.84670487443864,95.88788097811147,92.99529504376824,93.17788042073964,93.67672598076085,95.27448611832683,97.7987909503801,100.0,85.75631082455027,-0.00645086419810515,-0.9999791929590823
2021-07-03 21:00:00,-1.0,58.0,87.33333333333333,17.0,7.0,3.0,66.73487075122688,25.850403834065162,4.83208965908598,5.452418857026015,79.28642075543014,78.85909977421949,83.92651952883215,93.8010743635732,99.1574951265865,99.12109597999043,99.21095885746567,99.45347614833976,99.6325896938997,98.35403672442058,96.04391928957291,94.70537132824532,98.00123452735683,98.1460397346111,96.38529605465739,79.68800092383006,63.049668089952505,51.55908209401572,45.55377283446242,48.405917369714075,53.23241313342192,-0.023651127245231586,-0.9997202729664083
2021-07-04 21:00:00,1.0,59.0,87.66666666666667,24.0,6.0,3.0,64.3868891219303,26.794105445721314,5.13288502717458,4.585227739209894,87.43643153083394,87.09240489968829,90.51443478916474,95.96275986761039,97.52722652472403,98.51939510881766,99.29038395954468,99.06062909002374,99.48739487440807,99.63265181508282,99.84465724536786,98.89525097755492,99.40434596631262,99.09921550269229,97.26654401379872,96.4739230912263,96.23640294522396,95.78018435753191,95.33593268722451,94.39874023674089,92.96080599054451,-0.04084439154329611,-0.9991655196610109
2021-07-05 21:00:00,0.0,74.0,24.0,43.0,5.0,24.0,38.304780677449344,21.00409426205501,7.98870197362782,4.6834173281352225,36.19338254198291,36.16810220169191,38.175780400117425,42.57194285624813,47.81713843010495,53.715783908126646,60.82833292912366,68.16069486969852,76.50124478192811,83.0737858953425,85.21290853103655,76.4526165587546,40.9360132598248,25.491209339513627,20.158900901215972,24.72236940267747,27.85223492469265,25.90847140849217,22.936188604728986,18.341875531754198,16.152001955134626,-0.05802556932878035,-0.9983150972033183
2021-07-06 21:00:00,0.0,76.0,62.666666666666664,19.0,6.0,25.0,66.40910847963103,36.904351673758235,8.21521432372881,5.2457666160261365,48.39697844559121,48.29927187296404,49.70679254548665,54.81893669165168,61.41256689261775,68.87767286875004,77.64579127288607,75.46143984090014,74.60242754183054,75.46307605166592,75.86325246754082,72.29772469255118,64.23061978383451,56.385647102621995,50.298270183786585,37.79994028697401,25.660949038217005,21.980275845712427,20.003751546655955,22.427322136674587,23.446616025322093,-0.07518957641475855,-0.9971692572470178
2021-07-07 21:00:00,3.0,69.0,43.0,21.0,6.0,31.0,43.69760050385263,24.056264056522345,6.588599380523589,4.571202205984865,26.95861287593201,27.006038138720655,28.2304150722683,30.90570390996753,33.29028628238514,36.44166172278838,39.61014255366797,41.67693154063818,44.80237157668711,59.34723847326342,77.85727944122884,95.7142335393235,99.60402861424109,98.5001901079718,94.59172111016942,86.80636846758418,80.45656777654806,79.10864598204729,77.90916778817403,77.14425789701947,75.0329345620889,-0.09233133369539122,-0.9957283388645872
2021-07-08 21:00:00,0.0,58.0,87.66666666666667,11.0,5.0,12.0,71.93182945989565,32.88166652473189,4.703779274621379,5.42293263213278,57.67523631475498,57.60245318066241,62.84801808213911,70.43912285959571,78.9771242930461,88.49730305278621,95.75716204403176,95.61754874092023,92.73643907220992,90.89288001421087,90.74730335608439,90.48444195129743,90.90135732047207,92.1026533852102,91.58903383025296,84.18845180196136,74.04148373958797,60.96083308318106,54.2429297878635,54.257358851973436,64.60936458537137,-0.10944576864891556,-0.993992768446958
2021-07-09 21:00:00,-1.0,67.0,88.33333333333333,9.0,6.0,9.0,81.06588268605375,42.06763837302026,5.893015527786194,4.8293084425604125,91.0479552805359,91.05455439354613,93.4117709890044,91.53430580006635,88.979450863286,90.01837110953878,86.36396819914361,80.85583521834333,79.05009434866305,79.67629908025671,82.19324387212026,86.36655706272467,91.45128452435273,95.61465650067282,98.06240666440752,97.50169576166509,97.35599586320403,97.30900725249543,96.34984444195811,95.18314942545034,93.77043328575547,-0.12652781683868314,-0.9919630595773397
2021-07-10 21:00:00,1.0,72.0,19.666666666666668,30.0,5.0,34.0,44.16467907446139,15.433641206275965,6.119492063122168,6.297241663781545,40.30010566274368,39.9454882939395,42.564511476424926,47.18128009748021,51.07825999130202,54.20566208941303,54.90157536838799,52.36421521611091,46.99094539113573,29.437969216145447,18.755516809485737,14.749714513831805,19.86243702352375,22.47131934900701,23.695075784944823,19.47298492275323,15.018405314498356,10.958743911692599,8.187932257880359,7.049639999173425,6.423737671724101,-0.1435724234118113,-0.9896398128792412
2021-07-11 21:00:00,-5.0,77.0,46.333333333333336,35.0,4.0,26.0,40.24187217806167,20.61942719694299,8.663248312137151,5.155225286901893,33.13310951464689,33.09291377670416,35.21768613948842,38.132637898507944,41.333468151292244,45.722244737462624,50.59597210253225,56.849151156312,64.98792291522655,74.65531583577389,85.28501074300591,88.56034073588583,72.02716660482966,41.84167638157777,14.551875810102826,12.052394753592228,12.182401221056363,17.752429573987982,22.272038562605083,25.374605962446577,25.643473947642264,-0.16057454459499376,-0.9870237158387383
2021-07-13 21:00:00,-3.0,70.0,74.33333333333333,12.0,7.0,16.0,58.963380257579956,36.04452387642637,5.282266956958645,5.198343063103178,67.21313174436825,67.86359513121009,73.85080482837577,73.05886750397089,76.29267577115661,73.90456957923521,66.92831278323823,60.184370930803375,61.40942922367928,76.2116637042445,88.50210096527012,95.36449198825453,98.64398920615908,98.37748700430824,98.86333674664172,99.3764740989915,99.5532253012738,99.72848684266182,98.33918042939413,95.41655088751119,95.50241158905388,-0.19443122004766195,-0.9809161537413774
2021-07-14 21:00:00,-4.0,67.0,82.33333333333333,10.0,7.0,16.0,78.23768272867298,39.456480455685586,4.296709564018324,5.864399723219168,97.59792229858623,97.36928920187324,98.80061874637634,99.8468185484865,97.53144643606493,87.60786180346261,78.79833335867039,77.31900718667065,74.5621985681358,72.46114193701003,73.91917140612509,75.96560721561909,79.40458533168442,78.90538579918582,76.9231088149978,74.71104370338824,73.30069475968534,73.85821053685785,73.76860769627,72.79154446519438,66.8436885048268,-0.2112757555821793,-0.9774264960104055
2021-07-15 21:00:00,-4.0,80.0,49.333333333333336,28.0,5.0,21.0,52.36618948569386,34.094493466634994,7.702445854834354,5.168275318338538,58.46822362220401,58.424571106535,62.01436731727499,69.14172895302096,76.39843995125851,76.22892536969175,76.86004094548785,79.2335488266033,83.70772939472228,82.69814482141253,77.04664802940569,69.28956793400307,60.62658349514981,53.11725211885276,44.643572940201196,31.42444444069654,21.349651059024634,17.203653553619247,13.81752864099325,11.115508886448652,21.331011854317815,-0.2280577712215198,-0.9736476020539838
2021-07-16 21:00:00,1.0,76.0,67.33333333333333,25.0,8.0,29.0,55.64738458327223,31.873135258457122,6.754931980213899,5.456081303413757,53.947393796507455,53.933599529007445,55.54770689181018,61.25040233305433,67.40855111681402,64.85982765300142,53.9823941535647,50.13403038059978,63.89400744088979,80.94198048952869,88.49645403836513,83.0492565048385,68.06607670325256,49.57833480215851,28.23400604739461,19.67424584646729,13.746997999620847,19.040090936249513,27.43626458652119,40.55217651592803,43.553806417468074,-0.24477230089725957,-0.9695805901076308
2021-07-17 21:00:00,-5.0,75.0,76.33333333333333,24.0,4.0,28.0,48.024842970657794,21.846656507942416,7.812452711608292,5.386966501474272,35.9179663065759,35.7443364619843,38.51066593743586,42.64615421513429,46.69435514808244,51.45289895056047,57.059460052649946,63.61938014952781,70.36797084318019,74.79321635012542,70.8555601347468,57.301603841437334,34.408846640316675,21.662401730748535,13.077988827014872,13.79040081909343,15.752980104100297,20.181531842818444,22.457698365423582,21.76811238263092,23.87537167926975,-0.2614143985111562,-0.965226663665613
2021-07-18 21:00:00,-4.0,68.0,86.33333333333333,18.0,4.0,8.0,67.88602556705558,34.24493632517572,5.480294389296399,5.21163729840275,65.80799927156188,65.77397771139684,70.71512227430792,69.96033688203599,68.36771712033641,71.06130313072403,69.16376445203485,63.56016529221422,58.26595054283169,63.3924448068549,77.91998030311815,92.18122511516789,99.30449172672014,99.5809355522475,99.31838924354852,99.30311015043182,99.5209934632563,96.58708953842725,94.17357851985962,92.52011830977477,81.58006220555261,-0.2779791393987801,-0.9605871111248129
2021-07-19 21:00:00,-2.0,74.0,69.0,23.0,3.0,16.0,59.49158469966002,32.38071976494257,7.582117951079064,5.17626389535578,58.29617660298149,58.18352764389092,61.70114023511819,66.91163766462265,66.2983031527118,62.66596238859058,63.327147529294926,65.95060695351707,66.08567464507907,64.16667664538312,65.41186703327912,72.09443918317923,89.58051459619098,89.85063790040086,81.64978517456048,80.09048992692021,74.56019492349137,57.66874424008122,46.88760088745266,44.771184944846546,38.16144903139751,-0.2944616217868012,-0.9556633054034704
2021-07-20 21:00:00,2.0,72.0,47.333333333333336,13.0,5.0,32.0,68.33135540319206,37.69141422215433,6.130286124921681,5.350556528730779,84.39053315570892,84.3453185393748,82.76265147666402,76.28232642153048,76.16877660898629,80.58360473826042,86.04586589937016,90.39646026656413,90.56395385435543,89.45363506672393,87.98267919525748,87.05650709547648,83.22753008669885,79.8858836165515,75.61601609711187,68.7967385213621,61.46854871915279,56.07502466730424,49.06105880602973,40.16115424272552,33.04982792285055,-0.3108569682435036,-0.9504567035349151
2021-07-21 21:00:00,-1.0,64.0,81.66666666666667,14.0,7.0,34.0,75.22266484350234,29.07445689069505,5.667651847087163,6.651149488717425,77.99711666807114,77.95549102823935,82.05478897668121,90.2816592470045,94.05734520434476,94.42452823058328,92.20230857080583,89.59194703329591,84.98877265348004,77.6204223959563,71.55216266186989,66.83202825509804,59.80657320144478,50.53159503901099,38.873391980115905,33.060666642108814,30.04835489001591,39.499878862540065,52.28516613743357,69.54302853247152,82.68525855817668,-0.3271603271220951,-0.9449688462364056
2021-07-22 21:00:00,3.0,66.0,48.0,22.0,8.0,32.0,58.42632469788989,21.429372584605172,7.548197224254596,4.6014413247914785,67.54924724545641,67.40186339534408,71.5655840373171,75.57575306742646,67.79003120785949,63.62676048024126,66.65466480630062,70.60164736781354,68.74660376725438,64.11337932301933,66.80389161025302,75.3971087852882,88.05712030147072,91.97954697479842,87.69687571279131,48.89552032738599,24.649191361097913,23.03919489489211,26.21890721279071,35.446448695688545,44.42902386413354,-0.34336687399638804,-0.939201357453208
2021-07-23 21:00:00,0.0,68.0,46.333333333333336,26.0,5.0,32.0,54.52642597791101,22.287373405905374,8.113912201301407,5.669498399139896,54.455218526444405,54.350092264116526,58.74047228811008,65.51632973382068,73.22493420951255,78.07415470331225,75.75871596738767,69.69548233169279,59.259022433338714,68.13019751198777,73.53527661851903,77.5712382261881,81.42774317491043,86.55699400530213,91.77541008108096,96.74558477396715,89.23997802324361,61.93478276057365,40.85997644844765,24.459653859487034,22.260629979080786,-0.3594718130884232,-0.9331559438780432
2021-07-24 21:00:00,1.0,73.0,20.0,30.0,4.0,20.0,45.99392700009288,21.499728735982433,8.271200567665506,4.353577077031587,43.17700532387347,43.03990010723891,46.29628407403483,51.42804591047994,57.47017982385915,64.46576837503859,71.38604762483781,76.07867056177007,81.64221877236855,82.95734581843563,80.91541761141269,75.480255485642,63.26642804499991,48.63114092836213,33.46865708006448,20.897140723606984,12.983200288663335,11.85894569295245,13.133563373644991,17.273304727246096,20.673449483666005,-0.3754703786876202,-0.9268343944460494
2021-07-25 21:00:00,-1.0,64.0,90.66666666666667,10.0,9.0,17.0,83.79480745527607,31.567051842260575,4.4578885463358935,5.890764411870508,91.62807198361521,91.41990160790002,95.57530167844249,98.29342282949428,98.65416795163007,99.49041271832245,99.5025703079204,99.6319980008449,99.75613827251347,98.9956716760031,95.38246903365265,86.06249153905105,71.28813773626719,56.070527710882914,39.31523964012783,28.854936946975478,18.458981366791054,13.387356028610913,10.369704993818868,11.360962474460313,21.03540694704771,-0.3913578365610259,-0.9202385798054075
2021-07-26 21:00:00,2.0,74.0,35.0,28.0,5.0,28.0,57.39844888625206,28.501731442788255,8.290935045178049,4.460419049620553,50.36691734932306,50.42942955936509,52.04185798033818,57.29014400716748,63.68759859888744,70.6684155686756,78.01516395121304,75.9767006208043,74.11332333849076,72.56916476016801,71.45948479453787,71.71003626868716,81.01238532379031,86.40433564962345,87.34761447721442,61.67195112057563,35.6267153027069,17.362748565501093,5.1930765890162105,3.017026494363494,3.8017069989645624,-0.4071294853542516,-0.9133704517637858
2021-07-27 21:00:00,-1.0,69.0,56.333333333333336,21.0,7.0,31.0,48.91231522715638,21.74434799499698,8.372717360844995,5.714384105663233,35.04532110835356,35.04278323140761,36.361286857635726,40.229466353016555,44.92801095626194,50.244836087020985,56.83505484507199,64.39747988722885,71.58233455134757,78.64734036504237,83.9301685540572,86.37352620077445,81.98229989853104,74.40315455370794,64.70808206540335,55.19820856687792,46.93777398919983,45.37872704003079,49.90212899857812,63.839687376154274,76.7320555763319,-0.4227806579826773,-0.9062320427107697
2021-07-28 21:00:00,3.0,69.0,17.333333333333332,46.0,5.0,33.0,38.98000826885171,13.33610809983789,7.4422337061067685,5.5863382328837226,31.38362743862696,31.25479359745262,33.29606429765402,37.06402265689353,41.213640246823665,44.5838565809696,48.35341610268961,54.07649685930507,61.337939530198426,65.70291311054055,57.728391529965464,42.13591141215183,29.684824129869657,27.480342278838265,28.77985819092302,26.087572697537603,23.044981425555676,19.31245968083424,16.87194604829179,16.38506462576149,16.408925923946054,-0.4383067230125192,-0.898825465016444
2021-07-29 21:00:00,-2.0,69.0,55.0,29.0,6.0,20.0,48.91231522715638,29.656941615856436,6.242059844734363,4.909735714647389,82.93380249955659,82.65538651327384,85.86757982204227,90.68016905330664,89.25837660969971,91.5365825786234,94.84282154256857,94.39587565128484,88.90470335916179,84.4632933540481,81.29319589443836,81.44536434462738,92.33400131905192,97.37458156401685,99.573821357672,79.8144156299307,59.92505856681222,46.78486463995423,37.98284026347693,36.130455818688645,34.89096861397855,-0.45370308603134424,-0.8911529104063088
2021-07-30 21:00:00,5.0,60.0,75.66666666666667,17.0,10.0,30.0,74.85066533341019,30.841352362943503,6.049232887448932,6.237234353442495,85.78461500569836,85.57921718952848,86.68820340994408,93.66280569224152,96.88280567500736,97.74258004340476,93.69398703721788,87.07391301438258,83.97526171265342,83.94442861872736,84.518502066066,85.24463713498706,85.09452706795665,83.16920031358475,78.4877081491917,78.06825949518615,78.66923838110229,77.98001877240782,75.55430211555321,70.67747301489833,66.45060293914553,-0.46896519100763184,-0.8832166493127127
2021-07-31 21:00:00,4.0,65.0,37.666666666666664,45.0,9.0,30.0,46.500535080020214,17.91376642023472,7.79829160762176,5.59125303517506,49.107514778423365,49.08415469884209,50.9518941968526,56.437406819383796,62.94121342472289,70.82737235359056,79.88663822387906,87.38739374482182,94.13904509741687,97.39567631846087,96.8633354032333,88.76981524972892,54.90103641331841,31.737282588691485,15.452418207414711,12.492647262560979,10.35998503622058,12.074277389390755,13.384984874137828,13.315895993606091,12.520258948696512,-0.48408852163897587,-0.8750190302029955
2021-08-01 21:00:00,1.0,68.0,61.0,21.0,4.0,21.0,52.54132558106587,26.721797615609137,7.922574113113627,4.9104928384690885,48.83121212097094,48.9486237518845,50.63062425541071,55.83668092413809,62.545191225488686,68.68232770043574,75.5661754996813,83.98512801615978,91.63344534615274,97.36327082608311,99.2645812538668,99.0889982747418,98.91501648365417,92.73922768404951,81.28514510490143,70.62531536682492,63.636363421631245,67.73721455697141,69.94002234450394,68.54069240091904,66.26129238051223,-0.4990686026885319,-0.8665624788845385
2021-08-02 21:00:00,-3.0,63.0,75.66666666666667,26.0,5.0,32.0,69.83810002631913,22.795048734997646,6.7078809964693145,5.6959873016850535,77.64443044126499,77.85332579313341,81.02010236311324,86.76739014350636,84.57269888117,76.48047850362781,73.68872351412507,72.9637726494146,66.87042931477708,66.04010398798607,70.579956240825,79.77815151390554,82.76442561227806,70.33606113952436,46.98436972712227,33.217529232902514,23.37525259118582,29.00054754181372,31.86649832686015,29.30573785081541,24.078466876345733,-0.5139010013093103,-0.8578494977869301
2021-08-03 21:00:00,0.0,73.0,24.333333333333332,34.0,6.0,24.0,44.31946253441641,22.578754135816254,6.964195182723275,6.202718215063608,44.2079491513891,44.072624164078235,46.37032965446486,51.18810993327253,57.03129144578707,63.65965880102109,71.04326656290549,77.38017211778345,74.3866933031992,66.5120237996249,55.487887287178154,44.94260886877966,40.01079682400315,39.65718625178148,41.35131442847524,41.63541356387402,40.76139017291005,36.92649961406722,32.03330668509074,25.358521332660107,20.770891269993644,-0.5285813283559292,-0.8488826652214553
2021-08-04 21:00:00,-2.0,73.0,72.0,24.0,3.0,23.0,55.23107333223108,26.158328984102678,8.412907923915391,4.590614240596412,43.0797525136621,43.34810033495586,46.70002550840181,52.288580387906826,58.59710081558571,65.65160625781087,74.34239012284024,82.90882607372927,88.63255754981222,87.13059264366592,84.40944896657314,81.59031014944505,78.39767379677373,56.33017954105295,34.08748095638989,24.685350032956286,17.089426551397853,11.807456861103926,8.609839843156138,7.0499443980487495,9.189206119008627,-0.5431052396834317,-0.8396646346181327
2021-08-05 21:00:00,-4.0,68.0,80.33333333333333,12.0,3.0,2.0,70.37250898029912,28.98462593570091,6.285808286233244,5.8396607247290575,54.263430990902584,54.236299859917615,59.443074179977074,65.91638129556961,69.82650188677574,68.61190369288597,62.483924225664765,56.77057884119539,67.58143992728178,75.92359204088424,75.46540170185536,73.68069975295921,75.00608021903594,75.01009067858577,71.99512717081717,58.71927447946792,44.46598028097558,30.961236885528177,20.17287290376595,11.271894857226364,8.162921871304997,-0.5574684374327892,-0.8301981337405212
2021-08-06 21:00:00,-3.0,79.0,22.0,17.0,4.0,25.0,48.620824049315594,24.407601776520202,8.905485605080605,5.047092406141745,29.440085889595295,29.496477287150768,31.28648047448104,34.61095657811608,38.72349643876547,43.41717773753494,49.25154932643396,56.04305361321711,64.1930661496669,73.6368254701446,85.73056450552615,95.98428713807571,96.64546603463566,59.34527727884228,16.830646710097497,12.68523647020472,10.241524421150816,11.335429729949832,12.535705148688155,13.712628152327818,13.723484169490558,-0.5716666713027052,-0.8204859638785327
2021-08-07 21:00:00,-5.0,78.0,66.66666666666667,22.0,4.0,24.0,53.97125809200247,29.23259121048184,9.059728557657188,4.535508217466986,32.83133448877897,32.890137413508775,34.36495344348668,38.11475951637364,42.35364098397553,47.46790225245268,53.37331463867757,60.38942673488488,68.95337447909256,74.63424825516675,78.22268231229475,79.39808875280227,82.25774557351468,81.47205778766477,75.02808820616936,50.511163019079085,34.400592338248174,38.64624894441292,41.730424855184175,43.2568379047702,41.9877850424363,-0.5856957398073508,-0.8105309990194823
2021-08-08 21:00:00,-1.0,73.0,54.666666666666664,18.0,3.0,5.0,63.75884189409329,39.03372959764674,6.213340715370894,5.272865431042473,76.61736862564929,76.7181762324649,81.40404181048159,82.84751092270211,88.79629517948476,95.02074150703808,96.1033061232268,94.03692948657577,95.81902268271324,96.9195772437818,90.8866180453474,80.5082364741452,67.0040827168733,61.15713618904475,60.74265307797816,78.91718487907072,89.74688326520162,84.85904603285788,70.07988428803654,42.97547991540435,31.645926311744798,-0.5995514915196489,-0.8003361849976323
2021-08-09 21:00:00,-1.0,74.0,63.0,13.0,6.0,17.0,63.88019287066453,35.57872828826314,5.916798298201263,5.117269638279049,74.00432512854415,73.74330728910498,81.0270142838585,89.91214296921895,94.86396575213655,94.63748589800707,85.26124914972803,71.32969972880431,61.06515238348859,58.46448214909016,59.94788272415378,62.56277860832296,64.83184217944114,65.69233101253249,65.53958025194888,65.54346388255236,63.53853658428815,59.62448190813543,53.12231696207495,44.16687092574908,42.455179617553554,-0.6132298262997502,-0.7899045386224707
2021-08-10 21:00:00,0.0,77.0,20.666666666666668,22.0,5.0,17.0,62.027888304697775,36.975256401321886,6.678445154610257,5.175696377773734,55.15721178805708,55.18525609307986,59.8686137769157,66.78788028773485,74.02729883949478,79.68076607522278,83.18367816652699,81.5238251842796,78.98410047005495,76.19479942620477,74.52247261880565,72.79600096054283,71.0922564325416,69.69584990159949,68.11591960401046,66.828031402213,63.96868145556175,59.16525936595103,53.12863152017635,46.00033517692257,40.88249956591376,-0.6267266965083301,-0.7792391467859886
2021-08-11 21:00:00,1.0,75.0,73.66666666666667,11.0,5.0,17.0,76.20658896526173,50.83325503136004,5.960129165147764,5.442913459601878,79.90663465755043,80.05156547820647,84.51158938902567,91.82478911160425,92.94753801967303,89.04544921396942,90.54395204958571,93.03507030110593,90.20306996073799,87.84334472044513,87.7386053334114,90.37219487871508,90.67036357787221,89.9362752054967,87.51355352760072,85.2698021827383,81.73794304216332,76.1996140637482,73.8552850211154,77.16339357195267,82.61212392700314,-0.6400381082043503,-0.7683431655492202
2021-08-12 21:00:00,-2.0,84.0,38.333333333333336,17.0,5.0,21.0,60.77429405187472,45.56894862542697,7.550476015240111,5.581739772756153,56.96238982743949,56.93154155477852,59.31489605595477,66.0341980827172,73.35584874707232,80.34916462395935,84.29630497270757,83.69884333331056,87.39946917209001,82.35873831142322,73.21766831170385,63.308610200240764,60.63599439743206,59.1479860338238,57.71500389280232,43.538366345842476,30.322251285840107,26.883371695191112,26.57683495159301,32.2196227702116,35.79474755614706,-0.65316012232693,-0.7572198192083127
2021-08-13 21:00:00,-2.0,84.0,21.0,29.0,3.0,20.0,51.115817511179365,32.32347812392675,8.075934619818161,5.598782915324721,34.85003699675253,34.76597765799336,36.882741932704356,41.082646214126775,45.86443316152394,51.14230678005689,55.910810059940665,57.71769382268063,57.498870459222374,50.76715051975123,49.47288915471352,52.8158660062355,56.83262956587337,56.899748623562395,54.372970430065784,49.35707566291776,43.247096277193705,36.0366409156124,30.950837153933286,28.94941743042148,28.98554268045658,-0.666088855860977,-0.7458723993404063
2021-08-14 21:00:00,0.0,75.0,45.0,29.0,7.0,30.0,53.547836000224294,36.94606291569083,7.123195569243911,5.474329062318673,42.57847337769783,42.442813410447016,45.01445254070424,50.1102427202718,55.89679219817367,61.810375126927376,67.3342695989286,73.58133835868556,80.98239412883422,86.08701898078925,85.87042061231018,82.64176066221593,81.99980913333475,85.07115901625288,89.6936069461241,91.70605528647648,89.74618777406532,78.86356144458134,70.79374517131477,66.44446690845535,72.45948517024172,-0.6788204829862355,-0.734304263829602
2021-08-15 21:00:00,1.0,70.0,7.666666666666667,36.0,7.0,32.0,43.853748005167624,14.599988017913137,5.809437866691957,5.592355554432615,33.83246020008239,34.14252818268641,36.79644585516325,40.98475309522109,45.307145137959665,49.810877459589165,54.32762482051475,55.9245302424894,48.28576619967899,20.534933799641895,8.71628150687912,5.345530801629965,9.382705719298697,14.717620948367069,20.481763388972894,24.934540825932807,28.674514948293826,31.02783615840948,31.76370769461571,31.186666033678645,29.717627553803528,-0.6913512362094071,-0.722518835873311
2021-08-16 21:00:00,0.0,74.0,4.0,28.0,3.0,25.0,42.85466916669138,17.612629651645033,6.729736502172918,6.002766423775451,31.606115616194657,32.15075911369179,34.15730161645738,37.88080141901892,41.60388996034162,45.29224882591125,48.62267182679087,50.06293404437633,47.26705029248747,31.57243621663095,25.208320913320986,24.117405963435875,28.412347003416393,32.5597328717903,36.12153010708394,35.192628883025364,32.67807606108573,27.88188970677273,23.442505438692194,18.957169633215713,18.67280829297412,-0.7036774074790128,-0.7105196029692745
2021-08-17 21:00:00,0.0,78.0,49.0,24.0,4.0,21.0,45.08655951191887,18.998298823838706,7.006152831066941,5.763350391998851,30.994179847449637,31.076507056438302,33.41331200579401,37.11753637572963,40.76913124568729,43.402350811627876,45.916912556579746,47.776339868776766,46.6500528980481,36.35973054724923,26.224194631658843,19.470170886014714,18.213924992020605,17.224954731381704,16.109499331393454,15.295254961814491,15.682688608053136,18.175879196293344,25.318203330441918,37.68701118843828,48.399547374947076,-0.7157953492826642,-0.6983101158835584
2021-08-18 21:00:00,-2.0,73.0,77.66666666666667,14.0,3.0,20.0,78.72123950619469,47.31863428927316,6.134615316816489,5.3658799573367695,84.95073856505732,84.19127847418689,86.14068218861358,83.08062687129964,83.55246417740462,86.71599157907104,91.48411405123234,95.90764620062325,98.43344929164782,99.1499122059347,100.0,100.0,100.0,94.46302482127574,86.6332663545734,90.40300954215158,90.67379509824643,85.38579887476976,76.09628287419179,62.9627601451337,58.606867322300936,-0.7277014757264236,-0.6858939875998223
2021-08-19 21:00:00,-2.0,75.0,68.66666666666667,22.0,4.0,18.0,71.09901498420001,38.53939645310258,6.4634852459538585,4.947242107843017,73.37071808917365,73.0580277495942,77.95540900620442,86.38460518897388,93.77861086211296,95.60186909060083,93.26186326658103,90.73770154371358,84.668570049711,72.69204898611792,60.823372257836574,51.961541031891066,56.6062547141504,65.11826772491574,73.50697972149877,48.770573393375784,25.636269276269214,13.080679430976552,5.9659513819422925,6.977156470848524,18.234115686958933,-0.7393922635959241,-0.673274892250183
2021-08-20 21:00:00,0.0,81.0,50.333333333333336,23.0,4.0,35.0,58.331755493830606,37.24333547651565,6.581089001380762,5.325179274984114,61.43283313002782,61.65866120032063,64.0352028980813,70.73449694558168,78.41466665853102,82.98587984742144,83.94580619999591,85.09437157161108,85.2630243551588,69.55883659222324,53.401531044825425,42.570445668878236,36.96063359822802,31.859584940768354,26.93591321233844,20.553155814492943,15.831928009856297,20.076988566981765,34.10922007174603,64.64956917455841,68.08228599355569,-0.7508642533989489,-0.6604565640279754
2021-08-21 21:00:00,0.0,74.0,60.0,13.0,4.0,13.0,76.11944014009853,43.012144038220455,5.362884247550437,5.226676802038526,84.28054874920817,84.03877376685945,90.51191250513506,96.59953667186468,98.21757260768536,95.85017748792605,95.21804847686377,97.39192165650682,97.65750880879298,89.75959862892307,83.08134575411573,78.16953848728576,76.35036847380135,63.786333672299165,47.468950591715014,41.07012427912854,35.388765927680154,32.543164864584355,31.250034004300158,32.335579170664346,29.16416477001555,-0.7621140503891487,-0.6474427960827475
2021-08-22 21:00:00,-1.0,71.0,79.33333333333333,10.0,5.0,12.0,78.56176830966571,46.20509443862477,4.007844199861135,5.673796855809641,98.19614272380267,98.2117781356504,99.21403970137534,98.27816336810572,98.93172611695917,94.1784585245344,85.9507491590055,75.64776448343684,68.20240763377308,66.1375538465954,67.56883806874006,72.75580540625268,82.71222928181618,88.30060594640064,92.57036705260883,93.31743754250343,94.27039123508034,96.41849613761349,90.12903823250778,72.76818294626209,55.94659555661412,-0.7731383255706026,-0.6342374393978054
2021-08-23 21:00:00,0.0,71.0,82.0,11.0,5.0,12.0,84.23031123420772,35.40898266554744,5.896693739824647,4.947691490060228,77.50833732288478,77.4539052844729,81.6798225044699,89.52586393400198,91.89673037458346,92.7039239902574,91.86706575080127,81.29601795558314,76.57492523166317,73.07272938094427,68.9598882780502,61.61522191936031,49.537379340022206,35.68429365079112,19.75437283549458,15.728493169903645,13.531676200081789,17.867684603663175,22.552729199519312,27.716917500461307,35.397809898489555,-0.7839338166829201,-0.620844401650647
2021-08-24 21:00:00,0.0,79.0,37.666666666666664,21.0,5.0,30.0,64.4789184655231,36.9266021776391,8.073319125397475,5.483533628279369,50.404806998474946,50.39266366130634,51.99760963446069,57.0481081439441,63.0497612889257,70.30743197847406,79.05010812251561,88.84930132075421,90.58125145530424,93.49027732690168,94.4435458798902,89.97788035591833,69.28046220614993,48.074082232625884,27.710807781979767,15.977819831423096,6.908342543830753,6.425455595997607,7.1437217991918684,10.32252137188127,13.754818946143416,-0.7944973291665992,-0.6072676460566135
2021-08-25 21:00:00,4.0,82.0,24.666666666666668,35.0,3.0,25.0,45.692058272134005,25.78268125363283,9.13179707481797,3.8336438070497842,28.821434236361508,28.808664181652876,30.519581962655103,33.53978573080643,37.417667188928775,41.86585703583272,47.07881651280342,53.46242805388746,60.82899760784416,69.94365250829021,80.3397198675742,91.3002725073217,98.25885580950595,67.54189538242493,28.37482402941605,10.426175349738404,0.6352165679657726,2.797771733356139,6.9115431323688155,13.68813245195508,17.679119109059982,-0.8048257371083452,-0.593511190196115
2021-08-26 21:00:00,2.0,80.0,45.333333333333336,8.0,5.0,22.0,62.399389337971854,35.89868724206701,8.801503936732521,5.894146685611477,37.02845021869716,37.02306405763526,39.12541632623153,43.45379720098487,48.43915782332204,54.28570030818336,60.76642873917213,68.13816030158704,75.35465810117844,78.46557874884364,78.94453759080689,77.17295420760111,76.26203242702131,78.54102518522556,81.88746682723085,73.71836071828515,59.234161402669706,35.67377076067931,17.666497780987168,5.08435291560442,1.0234772419275202,-0.8149159841660791,-0.5795791048257612
2021-08-27 21:00:00,-1.0,69.0,31.0,35.0,9.0,34.0,45.37847930932192,14.381235133087479,5.962455760911201,5.52351254892857,42.49939725586285,42.25081734857929,46.36364989997879,51.83421318620658,57.92593472946618,63.37951272192813,66.79106332685552,63.81930847873666,48.08805989752114,29.855046772240208,20.903821483008038,15.508566884673947,11.782978408512221,8.67641817600359,5.778856610996666,4.508995648254566,5.142010305117067,9.075155574141727,15.888089051266219,26.20719213975789,27.810078153133013,-0.8247650844733614,-0.5654755126737576
2021-08-28 21:00:00,-2.0,67.0,63.0,19.0,2.0,15.0,41.7558055111925,11.194823126251594,4.961590043756325,6.834049650362556,35.43571991247299,35.77281942522437,39.4803695227037,44.20270194451899,49.37275219539914,54.47380196382008,53.12105765103382,33.591643317040806,10.527685005113103,5.113074180175352,5.698768169497598,6.4060322633018805,6.946651483725369,7.196420304531174,7.621542202323306,8.323974740268923,11.341184636728036,17.335905012028334,31.964677244947552,57.078432576785076,78.46912909722785,-0.8343701235229537,-0.5512045872199277
2021-08-29 21:00:00,3.0,64.0,83.66666666666667,19.0,5.0,17.0,75.22266484350234,38.154083805586815,4.874008621340321,5.42617177008619,59.897894891774584,60.011579859409814,64.4317151246679,71.49627121752737,79.26387152351705,84.67752941790701,89.85914312447524,93.66578985861761,96.87203929928981,98.93553497487903,100.0,100.0,100.0,99.45214828746356,98.67109502691875,96.78660143561416,91.95078434505923,80.84540772100758,75.1221116036251,74.6222122225097,83.42785018812792,-0.8437282590292712,-0.5367705514607103
2021-08-30 21:00:00,-2.0,74.0,75.33333333333333,10.0,5.0,23.0,73.51892767698158,42.92129830410265,6.62167473191903,5.149541165656311,77.29911299065598,77.41544569125158,78.36539490419645,83.84713003665772,85.50007293930292,82.14063253376985,78.07182638026669,78.88845262260126,77.42828359254995,76.67303571342214,77.60229259141433,81.37379175381585,88.43767226910398,92.4996046308252,92.65902693717422,85.94223063719025,77.96975126623578,77.2757010023072,79.74106275592804,89.45515304290286,95.45889127474744,-0.8528367217694595,-0.522177676659508
2021-08-31 21:00:00,2.0,73.0,36.666666666666664,26.0,7.0,29.0,51.35679010988393,21.466922005279475,7.7724269718024885,4.901925312828436,40.212773101504425,40.13142931228445,41.19606854716334,45.72188302606352,50.937706322990984,57.279113103849475,64.84052892222452,70.58566481623475,77.41784731095053,84.65657856538444,87.1979530562451,79.4285023663496,52.67769750647099,31.369931048182213,15.080201382166466,10.455897182794335,7.521544529449215,8.585826314678224,9.227576477138372,8.61514512395071,9.923337052478633,-0.8616928164028521,-0.5074302810827518
2021-09-01 21:00:00,-1.0,69.0,41.666666666666664,35.0,6.0,30.0,43.69760050385263,12.758004434132076,7.3233249867676795,5.01149696115377,28.83306748069466,28.885002937834965,30.012184823982942,33.435459076906035,37.44354936409801,42.05581164892902,47.5470630718726,48.703487763337,50.48418873021544,42.631136874021266,31.09067165494309,19.53242303046499,15.836543412862289,14.347717972659948,14.494352289594067,13.333365179149487,11.715175451400949,9.201538164337512,6.898822951826436,5.064968392762804,4.520879099215818,-0.8702939222685674,-0.49253272872205434
2021-09-02 21:00:00,0.0,60.0,74.33333333333333,30.0,8.0,36.0,64.51028333640114,23.30605521358972,6.537281511395182,4.622938214557446,72.51930879217159,72.55054741813932,76.06070672274157,83.18958412841411,84.0315275001397,84.62858990517356,85.52594508973388,86.13186964606636,84.74783278194067,83.35267210896826,87.17213007079152,95.91576519934996,99.2452626450034,99.56974228471455,99.0971383499984,80.39613903950429,58.61708171975041,30.84327553948409,11.607688930891362,7.78365738337395,4.66285792568433,-0.8786374941610001,-0.4774894280028391
2021-09-03 21:00:00,-4.0,57.0,75.0,21.0,7.0,33.0,69.17919044473983,22.41398019731445,6.633097805483812,4.625175173294993,67.24528194814599,67.38785016902023,70.49577834682628,78.76337694674497,88.10452145206203,98.0981742318482,99.56517320354314,99.80642117763648,97.93409271071532,92.2208129344498,89.24641657554709,90.6904361537438,92.84264280283787,93.0269414244399,92.41181218412406,86.53332996703016,82.0912134048051,82.59117282055703,83.70108880480248,85.69765222903676,86.26766610594224,-0.886721063082993,-0.46230483047981086
2021-09-04 21:00:00,-2.0,65.0,12.0,36.0,8.0,32.0,43.06846672014498,16.30524623573245,5.309197052254671,5.799635265559395,46.55326485499862,46.42747385623133,48.476306683564346,53.92621800256634,59.696457803181445,65.24897264144751,71.1755081095798,73.19608949409199,68.666570902632,59.1344537368837,46.94846685330891,33.75833564641938,22.082793253653417,15.592526961765246,11.973077675128547,12.959035061588645,14.036221056332316,14.882032036554296,15.481834675671195,15.434626991819552,15.079647451799246,-0.8945422369764496,-0.4469834295196741
2021-09-05 21:00:00,-1.0,64.0,70.33333333333333,19.0,6.0,15.0,62.6420155688968,29.776854848565375,6.31595493403042,4.662358169736092,73.02311478314901,73.33896472923493,76.23148558241972,84.64845803171016,90.37596377336888,93.19386193803209,92.23966479556964,84.97095741840377,76.27559185087253,70.76309250119486,69.64972699965823,73.79098075779407,88.08145446352283,96.10554236212639,99.95696269486153,98.8397415828334,92.06675900996447,68.53745706670587,50.26019271003804,42.33470435990965,36.91026288515013,-0.9020987014301837,-0.43152975897147144
2021-09-06 21:00:00,1.0,67.0,43.666666666666664,16.0,4.0,23.0,65.35826777296575,26.96344678781089,6.126753734796737,6.011652234267718,70.46812072373883,70.49050622302407,71.40450578851453,77.08354446969801,74.85225511732986,68.39253417729635,68.70040682140721,71.82814532365002,75.95550434843113,81.37950563274651,87.95535704658725,93.03467899051006,95.6303058558971,98.00955021410182,99.51250407783725,100.0,100.0,100.0,100.0,97.80150455468987,95.90394901775974,-0.9093882203647925,-0.4159483918249421
2021-09-07 21:00:00,0.0,66.0,34.666666666666664,33.0,5.0,30.0,54.2407488671668,18.96382622163175,5.410374406802139,5.274620636022275,58.46469090594897,58.32035411420853,60.89517219117837,67.33209011232464,75.12691340727224,83.2182726204945,81.81207351852524,83.88409294070328,91.08672902821445,89.40770770745844,71.35018477178883,45.4314784245852,27.12933270107617,17.035527630350273,10.90716791826534,11.826119798298313,13.290403670200245,16.35179897706874,18.869664778657675,19.93622276414908,19.96612683807438,-0.9164086366943458,-0.4002439388573056
2021-09-08 21:00:00,-2.0,72.0,22.666666666666668,24.0,9.0,17.0,61.397964442270506,34.21779045617126,6.4727349466641035,5.261171322978088,63.838411445025365,63.58764734274678,66.59394388509816,74.32900756010672,81.50260154181228,83.84355051926501,84.47750092788348,83.73780059447387,84.20257736707164,86.60748995160034,87.986979252106,87.16601287187343,85.98241572988594,79.65327796834343,69.73016983899514,59.00680832492512,48.51339951353312,43.157719578733605,39.17233657337389,37.36763239163675,35.43798943064942,-0.9231578729647039,-0.38442104726885545
2021-09-09 21:00:00,-2.0,66.0,88.66666666666667,8.0,2.0,20.0,80.99318848895413,34.023555908131016,6.228529603695015,5.330836107881528,85.7767641934883,85.95464864423708,88.81656759536052,91.54883988729138,91.47049469567736,84.53026248042458,75.72693015287409,66.58971694192644,65.80221210008416,75.12001665005042,86.51117657559335,95.63848568862898,93.93512889456616,88.51606018329599,79.90815627326651,72.34466008971546,63.03196127390586,53.763805942000495,50.53569006662747,60.51201563289338,67.02646333512722,-0.9296339319682695,-0.3684843993077793
2021-09-10 21:00:00,0.0,61.0,54.0,33.0,9.0,31.0,67.0860046610338,19.989082627263116,6.970980936076365,6.102761708997284,60.72525063148173,60.963686105558004,62.388810483559084,68.23667228971637,76.08000723192706,84.12563490922263,89.79366941257412,91.48073986262888,88.2720758327839,88.26509917693949,88.00063886412882,83.45668449530413,71.52195778503155,64.26249935591382,59.7558304639861,51.85465627518313,41.20742861146395,28.43213402096008,18.320466029512364,15.030064281203485,14.05504764445142,-0.9358348973349941,-0.35243871088460327
2021-09-11 21:00:00,1.0,66.0,27.0,20.0,6.0,24.0,52.248935377409744,19.58647039930632,6.35283491525974,5.814658070657541,52.01822183899478,51.86596235594253,54.44221692878107,59.78728282917645,66.14386089731093,73.00566970591338,79.83762218201319,84.97645353927963,88.21233690109582,75.79181890435181,54.87865144914459,34.86925947050806,22.958860102693134,21.631636568101015,24.825146681332228,35.27794745196767,45.599867219440455,53.48377086735711,55.74889400414408,50.104870164010485,42.29964863174904,-0.9417589340994617,-0.33628873017668287
2021-09-12 21:00:00,7.0,67.0,50.0,24.0,8.0,27.0,60.7543368911074,14.96024587325539,6.345302809119793,5.227956182591755,44.88234156904226,44.90496690200566,45.08330274005133,48.27132919077574,53.03530111406124,58.93472997504706,64.19779414758861,61.99807225890521,46.76875021290486,29.98452792987033,17.324865419894248,10.011169428526594,9.022077730961389,9.56943111777155,11.213344439850264,10.455114910159933,9.045596632677226,5.861734401886896,4.193283595536102,5.137483662829062,12.213390134776853,-0.9474042892438845,-0.32003923622313857
2021-09-13 21:00:00,0.0,62.0,32.0,36.0,8.0,31.0,53.66277542833233,14.912349113648297,4.316676387792165,5.552784410344127,58.709184862838725,58.49084586075931,61.71947345730098,68.44963996007581,76.45864520276571,85.28800525613887,93.87971086917575,95.44822920481697,79.95046459571917,53.41714303114149,34.427084116586606,21.609424439015022,15.018870266020956,11.418704937240335,8.85785280689336,8.484279664878215,8.66436827555672,10.16555690032737,11.36144303183095,11.990528789057398,11.05557859156817,-0.9527692922168511,-0.30369503751065885
2021-09-14 21:00:00,0.0,62.0,36.0,24.0,3.0,15.0,51.657661196293624,15.188972650917309,4.3127611177887895,6.244247662594568,55.99373601706669,55.8478586321662,59.683961200938676,66.36062359571808,71.77287561958656,77.10843715786979,81.01279667933883,77.46437624281123,54.134555947572835,21.279375499014314,6.8210900616024706,3.232436313202658,10.367932608572755,16.910670997544138,23.360348104244817,25.30846079731866,26.40632592513463,26.05276317251704,25.913866624810524,26.053028137388434,29.286278728133396,-0.9578523554276669,-0.28726097055059635
2021-09-15 21:00:00,0.0,66.0,89.66666666666667,8.0,5.0,22.0,83.92099672973481,36.22204482277278,4.820744519153809,4.9164398310426165,91.82028682413757,91.83128633202085,91.98249760535397,92.49404490587163,93.28521876856632,86.75614542893297,74.8283080730276,70.88430094404872,76.51221096133567,85.2754671460928,91.04412754403768,93.45512492252254,95.31514892231489,97.38119682365983,99.66300092891464,100.0,100.0,100.0,100.0,96.99329180303164,95.71150195246011,-0.9626519747161487,-0.2707418984477642
2021-09-16 21:00:00,4.0,67.0,17.0,25.0,2.0,14.0,54.3838618372742,11.157707789930713,5.223681956682358,6.12797667675579,52.567646154726525,52.71867653734367,57.20989000454605,59.934644569908,54.03753516860906,47.73865636444726,41.3567295393843,34.63239362061091,28.22046427064014,18.9974812117284,11.559085563166203,6.728957295009828,4.375711145042775,3.465558878151192,2.714465787644364,2.3077809171439942,2.2412322622624345,2.647447724883805,3.04895758102685,3.4805871978544283,4.469559201331857,-0.9671667297977312,-0.2541427094613622
2021-09-17 21:00:00,2.0,68.0,36.333333333333336,15.0,5.0,17.0,70.37250898029912,27.94389734206468,5.263281943030845,6.011412715441073,73.66775804018606,73.81656747990475,80.7999617019398,89.61820405401566,93.49953171517353,92.44201222930654,93.41216352659201,95.52818407880018,93.66765947345854,83.54712538902508,68.1078576863616,52.88195180707997,37.93599685687854,26.11952307793964,15.533204286532795,9.755222225869941,7.554835756089799,10.608916645310714,14.646679862912132,20.25069775366559,19.963370877715512,-0.97139528468375,-0.23746831555846842
2021-09-18 21:00:00,0.0,67.0,64.0,8.0,4.0,33.0,81.06588268605375,30.747249074283026,6.514459094550325,5.700287176238175,76.41645004963463,75.98514961450951,78.79246744351268,81.86942220809928,85.9143150460248,88.6890910136225,88.6715336074509,86.33323562026392,77.10328408163332,69.40090357162731,59.582111963990535,49.292725702234925,40.943099670479285,43.1993737392161,51.73415372157748,62.148519829868235,72.80485871819883,80.80091921942608,69.2190697082793,32.38464180569727,13.074897568428522,-0.9753363880767837,-0.2207236509605022
2021-09-19 21:00:00,1.0,62.0,4.0,31.0,7.0,34.0,46.03361253726266,13.894860444751904,3.499062754072499,5.7089403293668175,51.881188812646364,52.7573356771846,56.10014442033883,62.68556031719523,69.9663241076243,73.95504308537684,64.79474667309965,44.65704333282428,23.25552980926165,15.82870425137361,16.11476851946779,19.363083883306754,24.74085721500288,29.045304644650187,32.47970881425763,32.996877207134865,33.079898715962784,32.89410659388189,32.59645176051736,32.455444063737986,31.928856457734543,-0.9789888737409319,-0.20391367068311472
2021-09-20 21:00:00,-2.0,65.0,3.6666666666666665,20.0,4.0,17.0,48.30547325428378,17.238552666507193,4.141073857287766,6.097796869761722,51.48059510875035,51.8619613170765,56.71540266408422,59.218846865531816,50.990197159644325,38.77469748610551,35.83261174162459,37.31390425764759,37.79083833301824,37.041938211714914,36.03422388286908,36.239991668928724,37.19266828951246,37.64754599037835,37.277842817617,34.61698843862728,32.044321062059126,28.908170228536633,24.124319427210587,17.426256900045104,11.346145752512477,-0.9823516608469237,-0.18704334906991657
2021-09-21 21:00:00,-2.0,66.0,29.0,19.0,8.0,18.0,54.2407488671668,15.276585643553224,3.857051781014912,6.054938456885128,53.72430483475785,53.874777087212344,58.2421650791963,61.53873851499792,47.82487944967111,25.582271105117865,13.640731166319126,11.248599584644685,15.3933237386708,23.277467058824193,29.88827951605866,34.07736039784353,35.275082319079985,32.347707986249596,29.090609589012594,25.884985823349364,23.22499084878728,21.05716173952043,19.42098921202492,17.346601348649294,15.113309425651137,-0.9854237542919524,-0.17011767832049052
2021-09-22 21:00:00,0.0,66.0,86.0,12.0,7.0,17.0,78.15557312319325,28.296008529771097,4.070792654646643,5.533962152045611,91.06443178544703,90.35502741443482,97.69262919531471,99.15655996268352,99.44726152355182,99.14083163009218,97.82115562027369,91.53796023753489,82.51272745835182,73.12369936977223,56.75813593504697,39.85414734864735,24.85166198172942,17.740014030261296,12.623791525422664,12.122929654562812,12.696981121791817,15.130277887473168,16.016417538289403,15.473346198250143,12.614388387766232,-0.9882042449941422,-0.15314166701312007
2021-09-23 21:00:00,-2.0,69.0,78.33333333333333,11.0,6.0,16.0,70.47782542093019,25.656975130094725,5.648863336656207,5.149587754921972,67.65080837802198,67.50191482694983,72.82442957607171,80.29073962764085,87.27896978656425,92.61079563011178,95.34296552389911,93.78337941016669,89.61160404664639,74.73362161713654,56.14803045679625,37.24685612290453,21.10909263225883,9.913874428679783,1.4540190741666454,0.5223234293753669,0.5417693334106244,2.3172377098090395,4.08073086257253,6.053262724304882,7.638775996055658,-0.9906923101615609,-0.13612033862266704
2021-09-24 21:00:00,-2.0,66.0,86.66666666666667,9.0,10.0,14.0,86.94143204085914,34.92896875514954,5.594322867090394,5.996784551380963,83.96760863577794,83.91938270534183,89.83379629477952,97.1045864409384,98.61236604257886,97.82423535661046,92.13807554926119,82.02935906928684,74.53705392200273,78.39970552616083,81.07957837536914,82.87381086584463,81.14715985689976,74.9375417883075,66.23888012020006,57.04995753008738,46.45443901286152,32.56843866475177,28.325148211882617,37.36056072755484,60.75180400209241,-0.9928872135356962,-0.11905873003404988
2021-09-25 21:00:00,2.0,65.0,74.66666666666667,15.0,4.0,15.0,78.0730224173594,21.07823275282431,5.291641609266342,6.566614990423318,74.29378213935705,74.38982093153108,78.58921301829844,85.87418351840437,89.2214356677652,87.2628538544746,64.86279178078249,50.2369372053012,40.72549947826527,31.65236289648436,24.44250396919149,19.31611409020945,18.493298265890466,18.600859840201764,19.280680288052068,18.97617268905456,18.632638590748783,18.526395228671117,18.32526084846714,18.161958099341007,17.15212309649495,-0.994788305609327,-0.10196189005174576
2021-09-26 21:00:00,3.0,60.0,74.33333333333333,17.0,7.0,31.0,74.85066533341019,20.03973313713143,6.5228860192588405,5.55344374600495,65.4407179358675,65.46320592288578,66.39580107256022,72.5994048142163,80.53363037532651,89.70290234454549,87.30826817123024,87.21279138493412,90.69589921596727,87.16312262489602,76.49176560043655,63.57481558441167,54.06638636275103,42.34124918718104,26.845176951684056,13.964492836321146,1.896189858253747,2.3497115683861383,3.806209834197458,7.071285147534305,9.955265460296589,-0.9963950238187231,-0.08483487790576538
2021-09-27 21:00:00,0.0,60.0,56.333333333333336,14.0,5.0,21.0,66.96951913995109,23.57689162556021,5.756698372467548,5.534872955494287,87.28462725344161,87.3647761528103,89.20844900303514,89.76295589545215,91.46046439975873,94.59536182620263,99.00150467003476,99.90994557685302,99.96946112760877,99.52057786624508,99.30361214143961,98.83431571391313,98.7002419821855,98.39434178200008,96.75542733637599,65.51482083545328,31.722113736291906,15.840231845994685,5.430614089555317,8.861430486980561,13.839459384404273,-0.9977068927101168,-0.06768276175455162
2021-09-28 21:00:00,0.0,57.0,45.0,41.0,6.0,33.0,50.90628243283841,10.897573941322927,4.984656171080475,5.902032058601754,56.235011626243825,56.10959985005957,57.638016164477165,63.97250475259762,72.02666989213714,81.26076609241319,82.97880483825969,70.58430636212385,48.90139554722015,27.944716642304506,14.042866611176317,6.781547389497882,6.161192404671502,6.643399288018426,8.014847392137584,10.43144989939336,14.094036041874666,21.44299382450024,30.98856206179017,44.1761861656464,54.553663871847554,-0.9987235240803972,-0.050510617185222886
2021-09-29 21:00:00,-4.0,52.0,65.66666666666667,26.0,5.0,35.0,61.08142219990347,16.32346979643147,6.520921583953923,5.816658697128701,63.33658005177954,63.382905166313165,65.80122294596887,72.40594414310895,80.4973810985943,87.64272622630148,88.55655208727372,88.17538575965389,90.86608640750813,93.7662991800927,95.02498856108981,94.24989908928562,93.85219428536139,92.90213754004185,92.80916633917703,93.59129492441075,94.24135096551532,94.14159851077426,93.08601684610103,88.74239930619848,89.71463277097207,-0.9994446170919858,-0.033323525711631344
2021-09-30 21:00:00,-1.0,50.0,81.0,29.0,8.0,35.0,73.88570607419034,15.553229505837132,7.040515856923468,6.172729840605439,77.26942640978187,77.56233735975363,79.89923989867455,85.67923470161774,90.48075803980475,92.05535444174025,96.2816217798044,90.21414897649136,81.56537126858454,79.56541966167899,81.84299031721815,86.63241414852989,86.69533453150622,81.11205330490938,71.88506429325315,66.76952011533203,60.36268281397755,51.651814319519914,46.80220257022334,46.55519370456883,47.83853557634982,-0.9998699583618592,-0.016126573270657762
2021-10-01 21:00:00,1.0,51.0,75.0,33.0,7.0,31.0,63.378905343243986,17.497488420926153,4.939101411987238,6.031200120834397,73.09393891215664,73.14351484909466,77.79945121081323,86.00807210751037,94.22511614986672,98.47997285979636,99.46608537732709,99.51064205042346,99.19009399926915,97.51573125607422,92.0479661057936,86.83501301488607,85.76493688570228,86.50226409180611,88.89274619070704,91.73892791823612,94.36426784891084,95.65636988337094,88.4611366180084,72.79198231986148,55.3588548431866,-0.9999994220246925,0.001075151282798226
2021-10-02 21:00:00,1.0,53.0,64.33333333333333,30.0,3.0,33.0,66.13832421692287,15.105897073052871,5.28032141373647,5.3906515866293425,66.18329806028152,66.06679278296609,70.61275598773584,78.50348987428903,84.09886609202537,90.04812963663123,95.30320276692571,91.7726061251255,74.16634757320931,56.55675417271389,51.08478380252917,51.83102199094183,53.493204814896046,49.53002125463165,43.25350219122532,34.50012296249106,26.53864675467883,20.699609752350696,26.265353636021437,46.49679728559797,62.47902463150755,-0.999832969770105,0.018276557681691223
2021-10-03 21:00:00,0.0,55.0,55.0,24.0,3.0,35.0,63.88756454843504,12.469267390211915,4.632373905429326,6.033206330767755,65.1134225448753,64.91025406928169,69.87642966150257,78.00011114246796,82.85368758491975,86.49438251678562,87.58539806123082,76.46196419299999,51.75237274583097,34.41714269885578,26.03591535746711,21.735060223960613,18.640462440458062,14.602987850603668,9.825186813888296,7.9877134003949894,7.225590313074109,9.553124817949428,12.369249563882258,15.915292219009562,15.839803228617221,-0.9993706508539969,0.03547255575312556
2021-10-04 21:00:00,-1.0,56.0,47.0,22.0,2.0,12.0,57.04404158160562,11.432978412905761,3.7872736925831045,6.094276138201416,65.32766025624375,65.41640130858588,70.92615066419962,78.57400636958457,86.58337446807735,77.05421857467482,42.97937068899307,27.181830094249666,22.718886262741137,20.956461140496863,19.046494049031033,17.091736857767593,14.485481325076229,13.380263046448759,12.502260418225383,12.54805245050277,12.197492748063027,11.079333487851853,10.033623963910657,9.012421576636124,8.279671315863931,-0.9986126020839734,0.052658056924614005
2021-10-05 21:00:00,0.0,60.0,10.0,13.0,2.0,36.0,57.603838422320244,9.765987529234263,4.595070291427985,6.136333792575696,52.27758852795576,52.37682222782073,52.94935131506987,49.20213842874471,49.93556923355,42.97370070398765,31.63966386202785,21.47151613828896,15.559776769023523,13.144338405526392,13.0384846488521,13.013728811748573,12.96707233805782,12.945124196417382,12.55450276131632,10.979442574538842,9.688003953039846,8.657736806631817,10.075424874896575,13.648417843903541,18.40955279547284,-0.9975590477788613,0.06982797572987089
2021-10-06 21:00:00,3.0,63.0,13.0,9.0,3.0,32.0,51.80629485881768,11.380160485457655,4.373716411515289,6.809303742987358,50.01482213897338,50.027443488708215,48.944410105712905,49.17514186977587,45.74514801284546,34.74806557687431,22.497367001913098,14.12074145086728,9.473306558845225,6.810234485712044,8.417991913987368,11.54704850835689,16.134506342257072,20.23566958905104,24.38695401872035,27.283548037045314,29.518293767653166,31.02846385083347,31.855133265441328,31.878402845118014,31.06077860351294,-0.9962102997023297,0.0869772313136861
2021-10-07 21:00:00,3.0,63.0,9.666666666666666,9.0,4.0,31.0,58.017639995610125,14.185168823807176,5.216980420668049,6.39619592305803,51.55591492683209,55.97688154369024,51.05646929891231,56.251989106399115,62.67689465365083,67.0440262200684,59.16477400176364,38.745464194619124,19.12055504851706,11.113421709207753,10.345603528026343,12.47515306639789,16.474531027135985,18.863857353284118,20.319681027262913,18.444975214522934,15.98157492787197,12.973493447938717,11.136098096660122,10.634606398421058,11.287318008477687,-0.9945667569706337,0.1041007489354256
2021-10-08 21:00:00,-3.0,58.0,40.333333333333336,28.0,5.0,8.0,59.56031115516402,19.82103411041646,3.5199857524884512,6.368538352954691,82.88419477702253,83.31462799374604,91.15003095843092,97.6645989896703,98.98067622273707,98.94819759611488,98.47828364516363,87.21759158241696,65.56095752549204,47.05365651161404,39.18102123109596,34.97954029912881,33.432168608107666,32.06287250844084,30.20723013356227,27.270544852833257,24.68572683927295,22.684340717791592,21.966498767091238,22.093790741977873,20.788838933935168,-0.9926289059345095,0.121193461470736
2021-10-09 21:00:00,0.0,55.0,20.333333333333332,28.0,5.0,17.0,56.90263834392272,12.95895811216834,3.211955725124132,6.2063599258774085,67.91947702357947,68.38405313465468,75.02580586294634,82.40262953633892,79.68528359247678,59.34806451015695,37.04574034476777,22.079053672157677,15.209976451985424,15.93218225563105,18.691295124978993,21.60738700850236,24.985198532844002,25.404089315367845,25.66563431298043,25.38241805120554,25.604842640988224,26.328226882402774,27.643918321612315,29.1689845650674,30.546515462721114,-0.9903973200352558,0.1382503109109819
2021-10-10 21:00:00,-1.0,56.0,80.66666666666667,15.0,5.0,18.0,66.49796581661417,16.006956185792397,3.3432292559259618,7.780985283273076,72.94103896883047,73.16644317954791,79.09611691336526,87.51200008531951,87.94116149077436,76.09428087447601,62.35558145386191,51.60703880639454,42.91001415407785,35.13718503292409,27.380659661250267,20.939054572917154,15.50657116456603,13.753913294807882,13.293396756788448,17.64717931549906,25.627481683058168,39.12109458033084,53.07858918655779,69.79340203231258,79.81239095682075,-0.9878726596350429,0.15526624985999563
2021-10-11 21:00:00,-1.0,64.0,19.333333333333332,8.0,2.0,17.0,62.6420155688968,22.924292634408733,5.35291715136837,5.4721720353669365,63.1718913190229,63.195578291933465,67.51265620283439,71.27322447013537,76.87887860713383,81.97228680484797,84.96312145792598,81.97868445878444,72.10159536973883,64.05251021530076,59.165370247943116,55.97715080890134,53.34255553459705,50.45017330649111,46.19282166108801,39.51294013497908,32.44172848798496,26.09250933951258,20.053491435251466,13.9693759997834,10.274502752865772,-0.9850556718215013,0.172236243027682
2021-10-12 21:00:00,0.0,68.0,52.666666666666664,8.0,2.0,27.0,63.14391642044514,28.380174159979035,5.46343676497016,6.803634277499514,63.69143967741312,63.514064043535946,66.72447335455803,71.98885669576464,74.95857932285594,70.44362214779026,66.52324935268801,67.05978834085609,69.74332337280609,68.16899115657088,64.36887731137413,59.248878869936895,53.80535297869608,51.0117002524782,48.69967856226739,47.165003985498544,45.40695150620117,44.72192148750664,44.915362545914356,45.95791599626717,52.03990397490301,-0.981947190186646,0.18915526872004093
2021-10-13 21:00:00,0.0,68.0,54.666666666666664,5.0,2.0,16.0,65.47718858023127,30.880741065674428,7.103254530818125,6.641404382995993,60.16163261325057,60.300554996490376,59.9034720715824,63.55358254625057,68.42497612488391,71.13297087336909,69.60368381379908,68.80771520999882,69.30291794328444,71.83236477244279,76.5940875200534,82.94189185343937,89.62607626626358,91.43982034685206,89.45445071926717,78.30394318673584,67.40214548507156,61.930119260414216,59.87129639232275,64.56723938152284,69.4453843554715,-0.9785481345802031,0.20601832032517084
2021-10-14 21:00:00,0.0,64.0,47.333333333333336,11.0,4.0,35.0,69.94603538909425,24.177557832310708,5.441021126874477,5.3946217842607656,74.31012113713436,74.32374191191175,76.5933930895085,82.52169927343466,83.30990517549834,85.81437806194623,90.24813061232399,95.89232367848828,95.19884237228425,81.21679624937347,68.15342241578584,58.83413336464227,51.07620547530034,42.38740648897546,32.25444007311224,22.25954699841681,12.699588143602094,7.90177428251211,6.148387959076291,9.841784641562946,15.720881867601047,-0.9748595108374125,0.22282040779479959
2021-10-15 21:00:00,0.0,59.0,83.33333333333333,11.0,4.0,16.0,80.4729367073184,28.229379842574023,3.6073513482717035,5.025997402158712,96.87484739940608,96.7585126493069,99.0343849016886,99.58802341636758,99.67304773699912,98.7284089777438,97.86771014742685,99.06130957677847,98.5432042421409,99.16796354851132,99.45981391409909,99.35486633509207,99.49083294967693,93.01405363122635,78.50500836950226,49.691584838562285,25.28937591558761,13.02005967043579,6.045947984500179,6.826680923401647,11.27548468026904,-0.9708824104813836,0.23955655912092708
2021-10-16 21:00:00,-2.0,61.0,86.33333333333333,7.0,9.0,15.0,86.67847979175714,32.5628044699466,4.528710671966437,5.908588039653905,97.58266908360044,97.83042408330945,98.89362532325666,99.07459844376929,99.22658150518096,98.70560241712518,94.1896561947045,83.45896107046677,67.42298897050871,56.12394784922655,51.57097000122205,54.013550783401556,60.682719339248045,66.66447250439201,71.28303012188752,71.96026494456903,71.76093723234645,72.44135289888803,73.84675470661595,76.37312669222929,73.78188528122915,-0.9666180104000972,0.2562218218071163
2021-10-17 21:00:00,-1.0,54.0,49.0,30.0,7.0,30.0,61.34736296835159,12.125956278313165,6.171585300252418,6.086790493106025,67.6048666404306,67.64487744850155,67.93435699667519,72.18516302520456,76.36263222602491,77.94784046117508,82.02068006258483,81.28361875658766,68.96938260911936,54.76910418694337,44.19206418394213,38.26785937615511,36.435210220342874,33.76015842404978,29.837568130337942,26.53785943636427,23.299955730219555,21.9912472865664,21.116478432025037,22.010398784841673,22.55932769643892,-0.9620675724981452,0.27281126433401914
2021-10-18 21:00:00,-1.0,48.0,63.0,27.0,7.0,31.0,62.991173163220225,13.80360467453933,6.999011943828083,5.8053644187392255,71.94801541081388,71.6338252635987,72.31038597712175,78.15030592110915,86.4272789083387,92.89156621014094,96.2059385926978,99.16305566562707,99.43210160585151,100.0,98.31625119858299,94.63806192303407,82.85158528692729,72.03942018476532,65.16244867874177,59.46416866354786,53.66472429725877,50.550849571128055,48.18342509108967,49.26775785444574,51.43609147191302,-0.957232443323312,0.28931997761869527
2021-10-19 21:00:00,-1.0,44.0,80.0,31.0,10.0,30.0,65.02777464481295,14.063601765429226,5.5520847309072785,6.286968270477909,80.65497237025123,80.33422606790378,81.8932238962121,90.35168949287515,96.37943140592122,99.00525824522973,99.46587633144081,99.16305791655854,98.51141234784191,96.48479763750446,94.16598040731121,92.94709438860959,89.98269791954247,86.70788654056292,82.62974797892038,82.15097619749929,81.84083019075257,83.0152272220037,82.94381455378075,82.54502635542276,81.57545129048114,-0.9521140536681102,0.3057430764672831
2021-10-20 21:00:00,-1.0,50.0,59.0,24.0,5.0,32.0,60.81309463361997,16.68177410077262,4.350286726324619,5.765222190313033,79.00798542777021,78.75214812018986,81.18050372261865,88.37730157280524,89.39666782596582,89.60413406829566,94.67164522365424,98.12946954244573,93.39720553488459,84.31809839287128,76.46629415542976,72.50881687902562,73.03582334902963,72.1985604666216,69.72411759463814,59.67870367020811,48.34466018642619,35.996651867973014,26.801497813990714,24.26631084289223,23.872876762831133,-0.9467139181463862,0.3220757010206104
2021-10-21 21:00:00,-4.0,53.0,80.33333333333333,10.0,4.0,15.0,77.04691322237959,25.55421271905104,4.12293071662288,6.091776172693543,95.1695965943659,95.19265507418795,97.71943815492209,99.66319996950578,100.0,99.3206078046061,96.70024332640767,94.46970425285248,93.2957442552418,92.79473262859946,93.66072358707522,96.01751294936375,98.47565629201651,98.49003102008157,95.70907180492162,88.73717634061175,81.94523112957587,78.10013688975728,74.3286314057108,71.75900657456003,72.81229822319342,-0.9410336347451197,0.3383130181923076
2021-10-22 21:00:00,-1.0,53.0,52.333333333333336,22.0,6.0,30.0,71.40879858498059,11.18182180076259,3.846258483388609,6.423200324407891,74.50437747271563,74.35531396274139,76.8295442225875,84.5375533760594,86.83042724695426,68.39564633343079,50.76903896528876,49.35990210764235,46.38826628136864,33.366221225022166,19.058779505301644,7.834969273697204,5.805241365715876,5.149618397042991,5.5685095058571195,6.3420736504975235,7.111671319631509,7.518437492208872,7.748631815168591,7.4919927709089755,8.068814594379615,-0.9350748843515574,0.3544502230989869
2021-10-23 21:00:00,1.0,46.0,74.33333333333333,23.0,5.0,33.0,60.26919272727146,11.371904352737117,4.421132991744548,6.269559042268348,76.08097535252618,75.95849534391094,79.57132531390626,88.47696590961591,95.79391748530685,99.39023515952287,100.0,90.10420376683102,57.20786776815785,40.020230123167465,31.908782210122133,28.949439055124017,30.783079382822002,35.08574952715197,40.85740016101499,46.234993226890424,51.606744806423166,55.390795621258704,56.93581490334453,54.555618824994845,49.717526512561804,-0.9288394302558068,0.3704825404820963
2021-10-24 21:00:00,-1.0,45.0,9.666666666666666,26.0,9.0,30.0,49.046390812116705,7.131978830889114,5.536684511117966,6.73785907697992,57.16875585976051,56.85046139413449,58.96138634168935,65.47678107773581,73.81796075746097,82.26249903778105,81.01296620551236,61.33972372664247,35.079387102442126,19.319590972289408,12.95546086233613,11.68212551325109,13.978115566500856,17.423913375335168,21.789192173592006,26.747213515613268,32.69700477808875,39.9982372091422,47.255529377652174,54.553950140975196,56.82489182847308,-0.9223291176290545,0.3864052261209853
2021-10-25 21:00:00,-3.0,43.0,81.0,13.0,3.0,9.0,67.5633285740088,21.49175324955045,2.1039617879555315,5.267504838728123,95.28575111229168,94.32995467584703,97.67300234297895,95.82810563523086,98.4120416985246,100.0,99.19922799806001,98.58804711383273,99.2948380041064,100.0,100.0,99.75102453181943,99.47387374554619,99.34870030040089,99.5470158965371,97.60092777583675,93.1763305691996,86.53984340274476,82.1686024129543,79.34293483899086,78.04938748201363,-0.9155458729775467,0.40221356823680365
2021-10-26 21:00:00,4.0,47.0,82.33333333333333,15.0,9.0,4.0,68.03654806097737,17.764594382679125,2.5268691191418506,5.822332086805918,80.15135568669555,80.20291210333721,84.76354722774467,93.53609777876805,87.3352410247761,66.71387697603012,58.480376885733534,64.47213847201954,78.06518964968949,72.25334264155137,61.325860708767756,50.80749138309003,47.253078323961546,49.79592197649364,55.043584044547586,66.6129545528878,76.72124914614045,81.99008430241803,83.28484014465903,79.17075037884396,74.19537869493902,-0.9084917035725082,0.41790288888678667
2021-10-27 21:00:00,1.0,46.0,53.666666666666664,16.0,13.0,2.0,65.27873590995324,15.414817415852667,3.0271641315313733,5.031648387957254,79.00865780866978,78.80569655660548,82.55438842340034,90.14409464314494,93.01022284731847,86.11943892642716,75.71969460890942,70.4274678211466,66.61304826944114,56.67754503595389,43.02371304517192,27.87159159577196,19.42617815269991,24.638353858077195,38.73083401610234,55.52473760994078,70.89606328195903,78.82174190219,83.86979714862389,85.74225760727975,84.64313925162405,-0.9011686968561569,0.4334685453485363
2021-10-28 21:00:00,1.1000000000000014,45.0,39.333333333333336,19.0,9.0,1.0,60.131691718049765,8.788259063374092,2.943686067740743,6.421540908283527,73.97055245070244,73.73541713668564,79.39551041455834,89.06815081311254,99.17145792191627,93.11024178787738,64.99775055655451,37.776042268055235,21.64321459631409,14.483267261676987,11.886059379747294,11.633363951570407,13.309791455973205,15.001971506589928,16.801361391684914,17.96226883971228,18.770835634973395,18.86742448773354,17.969633046724315,15.64540285928169,17.43436280606445,-0.8935790198239952,0.4489059314938798
2021-10-29 21:00:00,5.0,47.0,4.666666666666667,10.0,5.0,5.0,55.75013809412802,8.437753794853657,2.7816449586697995,5.689198181965654,68.42983823188698,68.18815558418054,72.43039873674509,72.66781030298367,57.59588816792254,33.926806533393886,17.82233371250152,14.199085914851986,17.079167331205113,20.39265621321739,22.33006126991243,23.161712645364148,22.16370720974306,21.375687076959636,20.560561819356497,19.62345072680329,17.633071005644457,14.176623629094909,10.966196127701306,7.769590603632414,4.895057977003785,-0.8857249183835637,0.4642104791518923
2021-10-30 21:00:00,-2.0,45.0,81.0,11.0,7.0,11.0,82.52119990683082,23.64283282490746,1.999396092496065,6.251893584627423,95.385482983159,95.37444032908729,100.0,99.81514932467522,99.27505905684716,100.0,100.0,90.65416335244484,76.38213518365133,66.77667253450194,63.36631478016764,65.34698313897343,73.68894693229771,83.4038690748566,92.47578265525361,91.1419272806059,88.4421153455809,85.10150474373023,82.27693352357957,80.15673846827606,78.07119393668678,-0.8776087166898392,0.4793776594606945
2021-10-31 21:00:00,1.0,54.0,79.0,11.0,8.0,18.0,83.14185862145281,20.701053471337755,5.9305273684679305,6.878843770539512,87.40296965083103,87.47812115007294,87.55517037801091,88.80402311461053,89.0205489940443,88.41986963102892,86.44911052601913,83.04900357922783,81.13634310371258,80.43529793443881,78.54590257043603,72.60480183946116,65.04979130474561,58.22830987019122,53.120433808227375,49.89709955490617,46.36630074917842,42.69924907233343,38.16158922222418,34.865659910615335,33.036088319055416,-0.8692328164574792,0.49440298420761813
2021-11-01 21:00:00,8.0,44.0,20.0,26.0,10.0,27.0,55.308058952790226,7.0636401735393575,6.518937955031751,3.0617794452725278,64.4774884642966,64.47634728383954,64.39521119111932,68.66720316041402,75.31632255601501,82.1442573810354,91.33693961494048,92.16321991371801,70.03573232682702,47.029239704096504,30.45850142368271,20.859492450695967,16.95351949226493,13.451602040252464,10.071075376402995,8.104128826906837,6.150804439448396,4.162073540365956,2.5315068199492816,1.101827734565339,0.8160709161568207,-0.8605996962501181,0.5092820071573356
2021-11-02 21:00:00,2.8999999999999986,44.0,51.0,24.0,5.0,24.0,55.308058952790226,8.569361672570647,7.810008110535421,4.0043157401959775,63.14663612380287,63.204132854023385,63.17943963297691,68.39467942622004,74.2938833585279,80.82430081619674,86.74221078554741,91.01385506134514,93.00309344925837,92.14201220921726,84.91649047929045,73.7711896842285,60.75582231941892,54.01442107867395,49.26811225262932,47.560109362986886,41.87057546055503,29.770794259218103,19.4281556392446,10.837689806881182,9.067217280614015,-0.8517119107469189,0.5240103253675756
2021-11-03 21:00:00,-1.1000000000000014,38.0,39.0,24.0,7.0,30.0,54.40739315570763,5.558841395709473,7.026560591236552,7.558956129569196,57.72112533984641,61.27621798109972,58.13994630660923,62.14235431467085,63.866094929326565,63.09562202755884,70.07322585052816,76.84715090245346,76.18843664049821,62.919182292483896,45.95661198934229,31.69266652522147,22.987212685885318,23.234971362549018,26.275649936161578,31.488880200414965,36.47608156972953,40.544401537936245,42.148317377746004,40.84485764584533,35.93488819901554,-0.8425720899866032,0.5385835804920232
2021-11-04 21:00:00,0.0,38.0,49.666666666666664,30.0,3.0,27.0,50.004299601696204,6.148138579196149,6.2575739728447,5.528992835218564,56.330292649306365,57.733645453473926,57.14105264612781,60.77799116788184,66.21168566448348,72.61909676089363,78.56354556691092,84.35354308990317,88.56023610880976,83.91358560152734,63.53322965786261,44.9315662135548,30.724692931950315,28.767754115855617,28.420884223760755,30.222912001312725,33.3565248952915,38.49317936155449,45.63668286557105,55.428419677517795,62.13799265953964,-0.8331829385891785,0.5529974600700271
2021-11-05 21:00:00,1.0,38.0,14.0,22.0,6.0,30.0,47.923977159391356,5.699322612237104,5.785941432476041,4.481140313945597,53.60207623660204,54.22823790878798,55.334775520058564,61.32576190958441,69.06755780595712,77.38650471478454,80.18078531325055,72.48211807509463,58.26535856324608,45.448365256567655,41.075156710954204,39.09865539918505,38.8699905238808,32.92340731677242,24.680853837328335,15.348183408776993,8.89247866184232,5.991892628270991,4.962855772499475,5.103932180071113,5.305192273075157,-0.8235472349556007,0.5672476988027229
2021-11-06 21:00:00,3.0,42.0,11.333333333333334,10.0,5.0,26.0,57.320053115540524,7.335392059465136,4.568657494903904,6.7412536174231725,53.762422009037536,55.1850743208238,54.870332745131556,60.63589996125894,65.43324909435621,55.752010950386364,36.824150427926064,25.025320109562227,21.555905192274643,23.295294668067264,24.560956670275974,24.995214102018405,24.26426013901443,23.115344446732816,21.239224788629326,18.986850941965024,18.081641284098023,19.214620734578784,24.840361610949685,35.279685893646565,40.527404533734945,-0.8136678304455991,0.5813300798152042
2021-11-07 21:00:00,6.100000000000001,45.0,8.666666666666666,10.0,4.0,19.0,51.105736755920795,9.626510546086495,4.880898463009871,5.851917658648988,51.7667210438011,52.08812838379969,50.790311400039315,52.94900153557859,49.228156497447564,40.25892712019994,31.752726858139056,25.804163285651693,25.076684532719852,31.086252368197943,38.92269521968264,47.860693199504,56.28706743806078,58.737130421194436,58.68102330360544,53.94591908916312,48.28956629476286,41.721926290339525,33.65303463021651,22.455528038182567,16.224600417129288,-0.8035476485339116,0.5952404359043674
2021-11-08 21:00:00,1.0,47.0,24.0,9.0,3.0,30.0,68.03654806097737,13.854226352364051,5.024194834106204,6.317994519825553,63.707433780915146,63.94739159510022,66.79242880906746,68.86594789966452,57.307636090349476,41.41258603131755,33.20851657503911,30.943227713007538,30.831042914508306,32.48641700347893,36.25100920400468,41.949510674463994,49.64703665439754,56.05908420863058,62.05453813197606,62.72820379415314,62.03579172862459,58.76112675397097,54.871931277686315,49.10999376646968,47.65536464884218,-0.7931896839451843,0.6089746507720486
2021-11-09 21:00:00,-5.0,48.0,49.666666666666664,16.0,6.0,32.0,62.991173163220225,4.991572791818148,4.548417477812682,6.737623377248989,50.999705870420364,51.19110819710413,51.71774099288658,55.434233199905016,48.45554615291614,26.722794199367733,13.287045680991708,5.793462854046062,1.8068282235649202,1.6806760919717925,2.51200501835776,3.539936996120251,4.056021438565863,4.07772017125659,3.947868570462576,3.694843836272278,4.418119841161029,7.148144664699132,13.555981365590375,25.007151168240714,41.68964224058713,-0.7825970017677834,0.6225286602431057
2021-11-10 21:00:00,-1.0,43.0,31.333333333333332,16.0,9.0,30.0,57.464623081886245,5.81712681818504,7.867529200591794,4.1441227984519,42.73582807460917,42.838406071951646,43.77734153907112,47.47198550540663,52.856635883032524,59.59660231847918,67.24754159805367,69.5317218376462,58.130799023476975,41.758251881875516,27.89976521674938,16.55434003913292,10.670033608336214,7.433256048474409,5.413433781461668,6.074347892897481,6.515122977980487,6.516373524734005,5.999340969332542,4.1900405096258,1.9604257735344546,-0.7717727365467837,0.6358984534680745
2021-11-11 21:00:00,3.1000000000000014,40.0,22.666666666666668,15.0,3.0,36.0,50.3219360877198,6.931025510555827,3.9925447872284257,5.2310934103078806,51.58558213842247,51.85155985246828,57.219869466434815,64.39853270437071,73.0341467929647,83.46770099546237,85.10440166241519,58.98441563213436,22.895972055260504,5.5320936252361115,1.8065963168282813,1.4672466876447736,3.2739068974736045,10.911172672635702,19.73860364538959,30.50114982706422,39.943860757797886,48.20035882990456,54.44680750213715,60.093994002894334,62.73467948180159,-0.7607200913564104,0.6490800741100398
2021-11-12 21:00:00,-1.0,44.0,89.0,11.0,12.0,13.0,82.45021129950267,23.413605622374916,3.0571577450868612,5.554322541297026,97.82259761366848,97.78791836130895,99.03918005812969,99.35061447476383,98.12964127113703,97.91913340295643,98.49174274627359,100.0,99.66788510399988,97.50716981714012,96.378777276238,96.59947065131765,96.1772842596753,95.30172722744852,93.74500689413601,92.88595883122058,91.10636307127744,90.13188927077167,89.41049120536631,89.03277582907747,87.70224689263898,-0.7494423368521953,0.6620696215153815
2021-11-13 21:00:00,0.0,46.0,37.666666666666664,10.0,5.0,15.0,60.26919272727146,11.653234836591041,5.381071640820631,7.602157542630014,80.59017976158012,80.30611715660017,80.45385110394817,75.90332353536324,56.89383864860562,36.75406072258531,36.919079449185226,42.77008023198389,45.966596426010796,46.652744352705476,45.9855309335553,46.410281454357296,48.056975973662176,49.7702205885578,49.725146935540145,51.24725806684394,52.863755272720866,62.04224136560714,73.3911412345902,86.35648986262544,85.58074956259112,-0.7379428103031386,0.6748632518680403
2021-11-14 21:00:00,1.8999999999999986,38.0,58.0,16.0,6.0,28.0,61.65903145776694,8.081238126490652,4.282753197297139,4.786091047817898,68.99146013032205,68.83521226352268,68.515210215064,73.24903624375297,81.77929879418816,83.72540819276442,68.7874322866709,47.27237539175941,28.516123629829625,16.29899746336,13.063766591846301,18.271564518146544,30.265385276523293,42.13992904622756,54.28816367145498,61.441820483456446,67.6805560614407,69.7787554954644,72.64704011263416,75.79236716761987,78.96194171307619,-0.7262249146041543,0.6874571793269664
2021-11-15 21:00:00,-0.8999999999999986,37.0,78.66666666666667,16.0,6.0,32.0,75.5699252652478,9.754564173654737,6.876175997368388,6.819837902109445,80.76639816268082,80.69861144844543,81.01791636297509,85.08702966982462,88.20556608740594,84.70824789036338,84.25829624694768,85.76891562619453,87.01849288462887,87.47569258402969,86.08679055694618,79.7930443582911,70.12397651458015,60.3061126476026,50.774116999443386,42.309118958982836,31.887472313752884,26.915284453867734,21.343616328770768,18.392890299439184,16.942099755217352,-0.7142921172691032,0.699847677146407
2022-03-02 21:00:00,1.9000000000000004,25.0,40.666666666666664,27.0,8.0,29.0,52.378610117514135,4.194318051513558,5.060933708192254,5.680865174994165,70.25730713361574,69.90821058092482,72.06788958779507,79.51328426475676,88.87072960845478,98.12666407473422,97.12488249089488,73.3932332914642,41.129923806877386,21.404154585872497,14.77773417855725,19.474705852271985,33.706109631711136,46.86686523714283,58.75054414308383,60.036725886735084,59.95402955927904,56.37083238418924,53.217713288231124,52.20120281304009,53.01755887060432,0.8670985522812081,0.4981366284784055
2022-03-03 21:00:00,0.0,11.0,54.666666666666664,44.0,14.0,31.0,50.0714703031966,1.9287622975178897,5.473721811265128,6.023118542556568,71.42059384962994,71.02170809333387,73.63070010027687,82.48464074078161,92.34920558366248,93.60186206128033,89.40366859536043,70.08318701797799,40.23998259668304,29.214638606085902,24.856444248683935,22.526327705714785,20.139484404669293,18.422435718584,16.96914336209685,16.43105478241236,16.35302655711236,17.368595646490455,15.654032628881476,10.551302623686807,7.273005819598601,0.8755389928586302,0.4831474640149687
2022-03-04 21:00:00,2.0,16.0,56.333333333333336,30.0,9.0,27.0,48.583417500171926,3.041304026062121,5.289874969196013,6.2696569921461505,56.51648993768292,59.421990831331385,60.13140464665578,67.18464261917714,76.09079257095634,85.87605319937653,95.4008739830147,97.03335416563965,84.40396314327283,56.264678423086245,34.1927803126982,19.63302654522086,14.085645008446077,18.3176528084855,25.853799346649808,37.714857694672446,48.969825725739824,59.148955563815456,65.42721155687047,65.20339678864786,55.56942227981381,0.8837203473619977,0.4680153284438345
2022-03-05 21:00:00,7.1,25.0,46.666666666666664,19.0,7.0,29.0,50.085051955026806,2.14172674144721,3.0564476415975057,5.7610248284988375,47.45544633753418,48.0880507922844,48.84236145037489,48.37454588348441,33.577213791151586,17.605683318338407,9.809589689743557,7.772119959705362,7.729791140962849,7.865901778995453,7.950703461133599,7.9577317733876,7.963909615164767,7.532484896465588,6.750205100260989,5.307487288503649,4.639258007468785,5.420504070728801,12.801470098685087,26.245478449534065,44.64282472116962,0.8916401947968874,0.45274469960737107
2022-03-06 21:00:00,4.0,40.0,87.0,7.0,8.0,19.0,88.92711672190512,14.276241641287308,4.426183411402052,7.577276935037357,89.65402522712387,89.76103631623707,88.67047409670886,90.17024123936179,90.47946183331919,85.0550798916019,71.04849533997962,55.446269808515446,43.314327304646575,33.89318269677597,25.764438158420894,21.317178390579087,19.582733653775527,18.36427034012655,17.346626179368144,16.08669115658996,14.221810716288303,12.992252002038535,11.496988566351446,10.522638684004141,9.649563012490816,0.8992961915530253,0.4373400963303323
2022-03-07 21:00:00,-3.0,33.0,91.33333333333333,9.0,5.0,15.0,88.59072123407019,18.756401243835036,1.9028941125215304,6.297099340124028,99.01903558132119,98.73557919525368,98.76645466510037,99.51138808609336,100.0,100.0,100.0,100.0,100.0,99.90010205892894,98.97515346084931,98.487110423055,98.55593332057448,99.1611346807174,100.0,99.77329032930479,97.71339336453657,75.4166148936256,52.43478765920349,37.49041873564277,40.29811950159786,0.9066860720977985,0.4218060770826634
2022-03-08 21:00:00,1.0,24.0,47.333333333333336,30.0,15.0,30.0,54.60931149326688,3.735693749222094,4.036675508351851,5.356307535247172,67.88122245413652,68.10169038424702,69.10614477999214,75.68820271116459,84.3533099390774,94.35455633545484,94.8443924492825,65.8590933849918,37.66091296423449,21.57784423621753,13.904167395946047,11.446606609097454,11.444934977212883,11.985281243759934,13.155545692797524,14.484902658350935,16.01009238837795,16.939746514968604,17.634377884128305,17.77638158208227,17.861703807362748,0.9138076496466615,0.40614723863057883
2022-03-09 21:00:00,2.0,31.0,68.66666666666667,23.0,7.0,19.0,53.32830230837165,6.950017552559123,3.8955116716694054,5.363146090430351,82.05568254738415,81.56848604855738,85.97682884072577,95.5791490093208,99.08171173650054,99.37707771954342,94.79056657156032,74.35514775880654,52.12813966896193,33.99765062908845,22.0588879897653,15.581099405009693,18.540644188878165,31.83094900936498,51.985589317909145,67.97741182645035,81.76323530759811,85.95205691536769,88.1496071204332,87.38782424128276,86.04809209695289,0.9206588168102428,0.3903682146763026
2022-03-10 21:00:00,8.9,35.0,44.0,28.0,8.0,27.0,47.434384948944405,6.038596920064311,5.540653904070267,5.8912731677518195,59.227314569447564,58.92360806391183,60.4132199658165,66.02750724420196,72.34324740758066,74.59489409553706,66.18362301365998,51.53381019886021,37.370992519973726,32.22840012800008,32.398371784513564,35.59514082997148,38.81898830772356,40.94345517632384,42.702460089436464,46.12717268809115,49.55943286094884,52.63736442318622,54.12820201293648,53.54395075576084,55.06914097498195,0.9272375462179537,0.374473674486883
2022-03-11 21:00:00,1.1000000000000014,33.0,80.33333333333333,23.0,5.0,26.0,60.96938379961876,9.96478266989043,5.450435586373884,4.986437939768301,93.39157969061321,93.08072138247134,97.12048894447635,99.11165910142785,99.89233388590714,99.21309734791657,97.7684351009746,92.92610398156455,89.53878146473605,88.8470174948202,88.55907075721055,88.74743322343687,89.0414102660641,89.06999942229065,87.74979773422575,85.54262571464413,80.90907108300533,74.16172918128498,68.8612366611183,66.44573083115523,67.92377182219657,0.9335418911179212,0.35846832151248087
2022-03-12 21:00:00,1.0,32.0,91.0,14.0,12.0,33.0,84.9896872942631,14.718932871422536,2.5043022604752103,4.237830116460702,88.84465672005905,88.59723019827733,88.79045611783184,90.26554263797647,93.50480886830154,91.8056919644297,88.39474223843575,87.22059577322611,87.30300424505042,92.49656817110814,97.09975760157766,98.80649722374132,98.01738569071497,99.46000169730513,99.144906397099,99.86286729838866,99.24357714877236,96.17185018145695,91.36163394726886,88.6485251967208,85.95807112031505,0.9395699859530622,0.342356891994542
2022-03-13 21:00:00,-4.0,19.0,31.666666666666668,41.0,12.0,28.0,46.86744348491244,3.11567128237763,4.808692360060046,5.013655993463584,67.11090602426393,66.81375308818743,68.94935326498933,76.86030688548077,86.85973835964639,96.64759287350523,94.6767300852259,78.05702338206227,52.507168778153925,33.028178052593596,22.550413782115804,19.36062320598243,26.527318481669642,36.592857182717644,49.74575167094967,56.36188237960585,61.67599237044,60.14683368632062,57.45129236917846,53.4043666937972,51.06536009817783,0.945320046913132,0.3261441535642696
2022-03-14 21:00:00,-0.8999999999999986,33.0,68.0,26.0,8.0,24.0,55.99069532699126,6.083113820436102,4.145519224150343,6.048720022866525,66.72002134688215,66.52932571349368,69.84182405224118,76.93714439390011,85.76028707272984,90.65336720334086,81.63137209851426,59.50738398439537,36.48696082225165,19.581171424876274,10.704149540076292,6.577579802707001,7.83422805340787,15.041375949713373,25.141844461508985,38.651218309164875,51.25712705375539,61.192686765042595,66.94268644666174,68.05903383169466,66.36153715336212,0.9507903724625832,0.3098349038318025
2022-03-15 21:00:00,-1.0,34.0,57.0,25.0,5.0,31.0,51.53582233327576,5.179413192543194,5.1421101365698325,6.275469361172978,62.38496567811765,64.98034855473496,66.02365893376744,73.43091207648901,82.80438364216782,86.04257260157495,69.70172846686658,42.149529978570584,22.371150368301898,19.680817529662004,22.891004835615963,26.88262630407305,28.44639767583458,28.005758830730603,27.034902551504004,28.67201885925575,31.327588206219932,36.754467113379945,41.24328979086128,45.17579139116141,43.03433545317592,0.9559793438440766,0.2934339689665273
2022-03-16 21:00:00,1.8999999999999986,39.0,57.666666666666664,15.0,7.0,27.0,59.29366218419092,8.428470593199187,5.468058677119561,5.10714340861021,69.07064532005836,69.23483397044787,70.40603470536855,75.88752866448512,82.68702277104634,88.70459136582261,89.92554433228985,79.1692287703632,57.87500420010625,35.33450717729546,20.13639417999757,10.396424855206067,8.932134123990679,12.260152611168053,18.186888667952218,28.05616350383733,40.1210946078897,54.35299720509852,66.09339298217645,74.58438538399729,75.06465569550592,0.9608854255574977,0.27694620226893646
2022-03-17 21:00:00,-1.0,45.0,59.0,8.0,8.0,17.0,73.3837237614641,14.257641497011903,5.287358545442474,5.897119091077997,82.95220322391317,83.45690771737739,85.38617734721366,90.15979472835936,85.26612232454839,64.57295026793588,49.8747410247382,44.48226054339084,44.21933431553081,46.0128372204785,47.719289279404,47.980518297343224,44.25884546151965,39.28502263291483,32.86344101850096,27.887186620250436,23.643439024276283,24.230535938834542,27.957778510811043,36.85431288188866,44.03796050894559,0.9655071658143364,0.2603764827344581
2022-03-18 21:00:00,1.0,44.0,49.0,15.0,9.0,32.0,67.68252075054913,9.810215619352062,6.276260816802518,3.7298635008667373,76.78205894279444,77.28812503335415,78.40476350013326,84.03142837993597,89.55548481730963,91.01004819015802,90.70401110302262,90.61975965452541,72.10713847504276,43.32995167330631,22.438565104359036,10.284591015919146,5.831997484680458,3.5999296452025114,2.5020224789782164,2.392014183232621,3.043141523576353,5.750307540388311,9.839087549236819,16.146091635213562,21.3691033056045,0.969843196967294,0.24372971360968387
2022-03-19 21:00:00,-3.0,34.0,90.66666666666667,7.0,11.0,13.0,88.63968777571402,18.962258424354225,1.924487093624182,6.1180710614193785,97.34638371132,96.93357762087042,99.48591031619529,99.28842109774355,98.54883197821778,100.0,100.0,100.0,99.52976436778957,98.81832327541315,99.11176571710875,100.0,99.38820236378876,99.16519052201419,99.38877768416835,99.33843728690215,98.02577448938241,90.92629065774493,85.22306432959705,82.1511830417894,83.8096664357931,0.9738922359149924,0.22701082094141847
2022-03-20 21:00:00,-3.0,43.0,77.33333333333333,11.0,8.0,29.0,76.13910351772776,19.129824577415373,6.012428021217813,6.125932155257369,84.13441818419892,84.29981523073324,84.90920553099002,88.78044468629078,96.05420111074267,98.27691720730787,97.12561750742752,96.56679090778222,97.22083590816058,98.9042236867482,99.88898527790556,99.9712412872544,92.86706911587473,84.32802666421419,77.98945927992219,74.4631239151835,71.67088876179419,69.59180308653295,66.3301517695062,62.62726243865737,56.82513741031086,0.9776530844816641,0.2102247521189836
2022-03-21 21:00:00,-2.0,34.0,64.0,35.0,14.0,30.0,58.57795049577186,7.390745289117068,6.983735123418777,6.958701798901365,75.46973927873971,75.46025017395657,76.86688165196708,83.34180337051527,90.2040295431853,95.84791559933998,97.7346476884508,97.76107994505352,99.00181641706604,97.73459851874982,92.38992580180557,79.16654631057986,70.12723106364524,63.02220782147756,58.18876753026932,55.628131262524846,52.398788115426356,50.91905337837302,48.79256820054292,47.69287766563504,44.091905840627646,0.981124629771712,0.19337647441020586
2022-03-22 21:00:00,1.0,28.0,56.333333333333336,34.0,16.0,32.0,52.85634158483062,6.509654171982956,3.8010171952521548,5.271853791097395,67.44136117491348,67.55325198860555,69.25860207314636,76.979594056062,86.08332841395698,93.04989588584837,99.0261266240983,98.91709154802405,97.68828324125647,87.1540563914295,70.92283056894712,56.7605078155935,50.841707742847774,48.68273957972867,48.00766866400606,47.43343954349468,46.76215207628627,45.9267041141248,44.44685440137251,41.700471635658936,38.98198472435534,0.984305844499033,0.17647097349152166
2022-03-23 21:00:00,2.0,37.0,25.333333333333332,22.0,8.0,35.0,49.844594244688054,4.340061978843976,4.40867970374064,3.1575686397324514,69.5469613577974,70.25914073370991,74.85348035198707,74.84177981679639,53.9454006690246,33.98546179156233,22.091685001096454,16.206112282320166,17.167338290436156,24.733540738380675,27.11763832556764,24.961132350297195,17.959241276627065,10.806188668421004,5.278127549531611,2.528406139186302,0.5631518568944983,0.20010971938510014,0.23430030325432177,0.498850033213602,3.107371138462977,0.9871957872910085,0.15951325197263655
2022-03-24 21:00:00,-6.0,32.0,90.33333333333333,19.0,12.0,14.0,78.263314115119,15.340173998517365,1.0621529409819164,5.963639109080758,98.2339027859823,98.00682613066975,99.97657934446332,100.0,100.0,98.96890883462214,97.68015740215695,99.15048232223216,99.65276466897694,100.0,98.65891663322073,96.57786550791901,91.6009375462867,82.97186338173273,70.71380552883329,55.943098038975606,44.35985029782151,41.137472767586445,41.007066944377634,44.88096408418279,43.33623008633937,0.9897936029670716,0.14250832791617088
2022-03-25 21:00:00,-5.0,38.0,79.0,10.0,7.0,31.0,75.66610758185435,13.201590607635843,4.390790272034912,5.870371515788403,93.48424885082477,93.42074460689881,93.42661166506588,98.45465079849622,99.45519965001122,99.16640566418776,96.10861239518582,91.84462424727678,88.25051593862493,86.73677217915505,85.40109368962803,85.38104771085324,85.46994186296253,83.02583346577235,74.73454104800314,65.71826217755653,54.24723622403646,52.161030663175964,46.95501281777077,31.752969162988048,20.79758786095173,0.992098522791769,0.12546123335273648
2022-03-26 21:00:00,3.8999999999999986,41.0,75.33333333333333,10.0,4.0,26.0,64.64676706023835,11.321480776556015,5.994795903804624,5.515539253418376,81.92735080589857,82.07681575848281,81.52525357767792,83.2283336261678,88.42872400833731,93.84676788807442,96.43083079652112,96.06285718771919,95.5179521881842,93.98840475241846,90.66960357185427,72.1222617686913,54.618524459816655,40.78749877569606,38.08617428405475,39.309452204901646,43.4191316858956,46.66525935332922,49.064197017475955,43.50405045945994,32.598409872107744,0.9941098647022418,0.10837701279187609
2022-03-27 21:00:00,0.0,36.0,78.33333333333333,28.0,9.0,30.0,63.99936441271857,9.140057930239808,6.089981532633676,6.4879325129064975,76.67489103626717,76.65553523189114,76.29868172510285,81.75796542034358,90.75970579223622,91.61473992861279,88.59649752555566,82.06794637631569,77.35455080739901,75.06794264147473,74.8157008550386,75.12964289719896,76.64358855828901,78.81549511495358,80.70620311676181,79.9363483023787,76.85247826955157,74.26516283830927,71.47166201476225,73.28847834849238,77.33626134821895,0.9958270335100595,0.09126072172931188
2022-03-28 21:00:00,7.0,23.0,83.33333333333333,36.0,13.0,31.0,59.54104264869964,3.573006496546038,5.351999415267328,5.347999828756362,71.77099379320916,71.58533254158243,72.48043310964344,80.12629984210344,88.75792080808183,90.3163644062704,91.92488718621716,98.1557919938075,99.059764819909,88.80544905015685,71.28680049434679,50.12438732885829,40.19371645917174,32.478727194645266,27.132360431487584,21.526969411186577,15.375852403145643,9.113510483527898,1.2526321761297132,1.455482340025867,3.325046007991587,0.9972495210773451,0.07411742515094437
2022-03-29 21:00:00,-2.0999999999999996,22.0,45.666666666666664,34.0,14.0,31.0,49.59020651532461,5.003028611580201,4.473515142254896,6.191915883549358,64.93845990923963,64.75580433737515,66.13324970570633,73.64345817946926,83.32698008668766,91.68654159824467,92.53668826792617,80.73728413218016,67.16317496068672,59.745036801237426,56.13061831611545,55.783974795838574,58.11668027663161,60.60221023011867,63.04735753158038,64.01443897401407,65.37127359465758,66.09635973978001,66.08074259287179,63.174033119840146,59.76011178028319,0.998376906467142,0.056952196034039754
2022-03-30 21:00:00,-0.09999999999999964,34.0,24.333333333333332,22.0,8.0,31.0,45.25749348600949,3.771549400744378,4.877236959401078,3.9530099142749604,35.886339522572456,35.94608400953378,34.67952795376276,37.17094135250336,40.92897919972322,43.9882706122385,43.12682482402938,36.638848469029426,28.251665568049727,22.434161205166273,18.910124717338597,16.323999202521875,13.486374332917439,11.156117549446,9.322024058215616,10.112109438079193,12.575359462215669,18.46997288064145,26.623359381928253,37.554000426286635,44.39581529021838,0.9992088560679753,0.03977011384605572
2022-03-31 21:00:00,0.0,40.0,88.0,7.0,8.0,15.0,85.48534887342932,24.229544499660406,1.895644441037655,5.4441932207816635,97.58725802442838,97.52172087528758,97.36322597519538,98.91266886935622,100.0,99.70916747743598,99.7592576516681,95.577686327129,92.20575301108478,91.30639362087017,89.61069186441418,84.44186441071892,77.68051727552445,75.63035380468513,80.65259919924695,87.54746587868894,94.54183408384553,96.42887918355451,96.87522332386011,93.48783862908343,78.65895613450242,0.9997451236925734,0.022576263041545485
2022-04-01 21:00:00,-1.0,41.0,81.66666666666667,15.0,9.0,30.0,72.9723905164196,13.236780992152799,5.706884738850175,6.729475224469504,81.93206045543529,82.07736700270479,81.54571382857709,85.77977471359841,91.33937130532249,94.72160172694053,92.56218894271542,88.34028154839486,88.33160240740933,90.93457236655765,91.15273056638163,80.20637826774933,70.01187715761358,62.54450771906678,67.3508790247263,74.63699390873956,83.99326857816047,81.17310249592455,75.89792059271994,74.30936280194273,70.44858008844183,0.9999855506507186,0.005375731557583884
2022-04-02 21:00:00,5.0,36.0,14.0,24.0,14.0,31.0,49.684295857041946,4.2097567238513,3.5768290119711694,6.408543734549929,37.50080079863201,37.57341981728975,36.82725154855662,37.610582897626884,41.442360661364894,46.08822914748266,44.60908442070015,35.01207687993356,22.572616291963286,13.19538873237083,8.698805433396252,8.267656970909904,11.514340512251376,15.31586166924011,20.000724043902835,24.229408526243486,28.529529353456095,29.829136978665588,29.545442565857044,25.99037337084329,22.413224183196352,0.9999300657962057,-0.011826390691832589
2022-04-03 21:00:00,10.9,40.0,85.33333333333333,23.0,4.0,36.0,42.472793648699096,10.601170918299173,6.482471263336623,5.563499934577184,58.5006916905273,58.7056439426876,60.081331218408074,67.18923920141509,74.99747915388063,83.2716655073887,86.75369804509072,73.12831722701189,63.64502730047494,68.52279320889284,78.83186855508905,88.40820335482954,90.35464101785999,90.58866159933983,89.60021250378134,87.65219541905873,86.44449348621791,85.3950530946473,84.26306234581085,83.36180591839477,82.68244657216246,0.9995786855478958,-0.029025013321975237
2022-04-04 21:00:00,9.0,40.0,29.0,33.0,11.0,33.0,42.472793648699096,4.295262710322907,6.382884414415287,6.488914566784737,30.848465668517484,30.7335006996589,30.24472020794416,31.887906528302068,35.17453645062539,37.9401512115299,40.09444405768699,39.56903682004563,31.980151662210755,20.03904768724635,13.655519445711938,15.970311925173563,18.699991773856947,22.012210596964003,26.266861762366673,31.976768302188468,39.07997643919145,47.93954428460969,55.782577918044296,59.03909198922622,57.8265135683261,0.9989315138848577,-0.046215046983708354
2022-04-05 21:00:00,3.9000000000000004,43.0,9.666666666666666,29.0,8.0,32.0,37.829177454647294,6.1723170080843,7.488042662194383,6.14438882188082,31.416540627376747,31.572009713047645,32.131110759269255,35.20305701499951,39.35378031821799,44.65203317267425,50.90773657202467,57.995621571690435,65.43977433338529,72.41418892097103,66.17787040095725,49.81175537652013,33.322621322448576,26.942290499593742,25.244813098450354,31.1868904630125,38.30320657644929,46.74217770992403,52.36161965748517,52.631141268269275,46.35306009439552,0.9979887423155984,-0.06339140486951038
2022-04-06 21:00:00,7.0,47.0,29.0,18.0,6.0,13.0,43.631905696220024,8.35262105626292,4.8895075815351845,6.369783177902453,52.617468854744466,52.39279991254564,54.96148700010174,53.66975700938562,54.05300610963154,57.68192598400096,63.279631076585915,69.18488757199661,70.9006973350345,55.11985939085658,35.52500245085889,18.558286861828233,9.803317890104497,7.59538757879374,7.978606342826958,12.401429635118177,16.830337608826444,20.223038303562216,20.733401653931008,17.496952746772035,17.194257567329046,0.9967506498213929,-0.08054900421874167
2022-04-07 21:00:00,7.0,43.0,82.33333333333333,13.0,9.0,13.0,48.72854232088761,15.831960653212322,3.2504150606064632,5.1133442491884695,44.981066484510805,45.06049278443024,45.25583477025062,49.0456938826155,54.851601698070176,56.60946590749957,46.867124927255624,35.34057814354707,35.98145543185986,65.11308877360788,86.89245590247009,99.11781328356727,99.05526530191061,99.08886405263291,97.35402248133065,95.10365758923155,92.89701411765579,91.67273264138076,91.07264091610355,89.40666467358082,87.79262325355343,0.9952176027737294,-0.09768276782171598
2022-04-08 21:00:00,-5.0,40.0,88.0,7.0,8.0,11.0,85.48534887342932,13.7219140924957,3.547948792260145,4.232118138165186,98.57337482455954,98.86966611902001,98.586652131082,99.32332835461416,98.66074319767992,97.12478228304442,97.1263577656903,100.0,100.0,92.35770547599768,66.39774547499371,32.67489059188824,24.68862200922243,17.983018016834617,9.435956967632709,6.279338005833324,4.238349659093144,2.9321604741803484,2.1528343264642094,2.9887232951799128,5.798664800795507,0.9933900548258936,-0.11478762552212701
2022-04-09 21:00:00,-4.0,45.0,66.33333333333333,10.0,7.0,15.0,73.3837237614641,16.504215415053167,6.3837841289732395,7.335624865459782,93.36739139617126,93.22811941188438,93.04402639456336,98.7698105830674,99.52081090925627,100.0,100.0,100.0,100.0,100.0,96.60338957594581,88.5893357915341,85.31138849329419,84.73286161168934,85.43159216209797,87.75124129728273,88.79448271465715,87.33194998173838,82.25993358168319,70.28154430136044,61.30390549464183,0.9912685467787256,-0.13185851571739118
2022-04-10 21:00:00,-5.0,42.0,69.33333333333333,21.0,12.0,32.0,64.77438262057736,11.153849398864088,7.338414707544019,6.674803225320213,73.67360540593177,73.56689820222934,74.08454809354711,79.73952564287995,87.93086286442716,94.06838494151657,95.43176360463417,91.06652580490048,88.45624947638605,90.93768386393437,95.99015015013181,95.62436177339956,85.78721154327994,70.98141646690776,52.27749176467786,45.163016375419836,40.31980951540231,38.2432637630431,34.69616766098632,31.83917178661525,30.480874271015214,0.9888537064205885,-0.1488903868564548
2022-04-11 21:00:00,1.8999999999999986,48.0,13.666666666666666,28.0,9.0,32.0,42.02271722998984,8.046890526546408,4.561126786925574,6.179259870772807,48.75691475154191,48.53417879215659,49.8638290094573,55.0080768989718,60.990282378102854,68.00248812356739,74.28106088719244,69.97045453309208,53.14518636822094,29.07506731612994,14.091516639512752,8.223090378791545,9.955180574129928,10.94531070676339,11.483272104094246,11.248706467564968,11.157419690072482,11.098116845748535,11.52665324378273,12.95751443473145,16.439987565884948,0.986146248341595,-0.16587819893463143
2022-04-12 21:00:00,0.0,48.0,59.666666666666664,19.0,12.0,31.0,53.694017056545576,9.297407856438053,7.812094109504253,6.623715726909189,52.745011420150675,52.55277790896324,52.98367077873131,56.84972019812863,62.609298030711,68.1711180529928,64.88443230701253,66.64209035030638,65.60487474394704,54.9657206831222,42.32589033651768,31.773763933076687,24.837412355868818,22.344960536699375,23.757300386993702,25.315858450915847,25.73158115843602,21.33624663299873,15.66445805768835,8.538523846814794,3.7813789834134806,0.9831469737221499,-0.1828169249850199
2022-04-13 21:00:00,-4.0,50.0,73.33333333333333,6.0,6.0,21.0,45.95641016611104,21.652797868748934,2.9429492929510745,5.8334922685653625,88.58672443762381,89.26812243989856,92.39164573658402,98.03800261350635,98.79525833549316,99.57206300337086,99.38621722978176,98.31157226501547,98.63109549635676,100.0,100.0,100.0,97.70618575702161,90.18156250142214,79.93464175432185,78.52709759854503,78.15764401203742,82.1240300101652,86.28673542066562,90.13007543633694,90.64628828984725,0.9798567700958665,-0.1997015525660636
2022-04-14 21:00:00,-3.0,42.0,88.0,10.0,10.0,13.0,82.30698177609096,20.06815313660021,1.8145937024529035,5.662014739565991,96.57183542953649,97.10247415541026,98.68613516745158,99.53417182841707,99.03186954388434,97.8636584752046,98.34935552572469,98.98893367759048,99.11007330410659,100.0,100.0,99.90410168957627,99.87118664261831,96.4405627885135,86.73739907503021,58.49753356852132,31.07025951903576,13.799613325935473,2.6659109848517293,0.6546992158272708,8.191197973708736,0.9762766110869321,-0.21652708524481437
2022-04-16 21:00:00,-1.0,44.0,89.0,14.0,6.0,28.0,65.02777464481295,15.636101333746577,5.301472371525378,6.722206392529518,83.09712304196688,83.22685788602094,85.72834503048418,95.31505411225608,96.18881400429267,93.89624858688346,96.41752384381856,98.91124447268896,99.82185572192678,98.8753025335507,98.28799070690913,98.77063403926654,98.92710150511428,99.4968451559143,99.76387679795971,99.3434393599601,99.29724890192135,99.30333266602301,93.7816485671002,78.05007530108993,63.296663599454064,0.9682507501166718,-0.2499809690726521
2022-04-17 21:00:00,-4.0,41.0,61.0,35.0,13.0,31.0,48.408424535627695,7.435892066734614,8.431059626381778,6.132411493797121,57.45013311336511,57.672024702592516,57.98238675322246,62.07240027835965,69.24199345565111,78.0440773880332,87.7373108086217,92.64793392609603,94.11700378154487,90.1928080826789,84.19635858867997,76.59822048713151,75.38080919055936,76.00141690408745,79.39704338297486,80.19044626182053,78.11417171580631,69.54232510864564,62.14168849873914,58.588101284656915,53.55441054705834,0.9638074231367307,-0.26659942067929354
2022-04-18 21:00:00,2.8999999999999986,48.0,12.333333333333334,30.0,6.0,14.0,32.66181276436369,6.073118182265365,4.992000882347043,4.404097709690781,49.586734901014836,49.47629719398869,54.51865598730128,61.07753001946369,68.62920167639058,74.39347584827074,79.87754796422767,78.46643289751073,57.26669070615677,24.372665649773392,16.298942149950676,13.810839810311773,14.29677986378508,12.066515382814986,9.546070256955524,6.6448364357519525,4.642490481401968,3.476926958113273,2.865590393558197,1.8650047067826154,1.3088529979535006,0.9590788900341131,-0.28313898122818354
2022-04-19 21:00:00,-4.0,43.0,87.0,9.0,14.0,15.0,82.37880629106463,11.897580413709047,4.911284316652895,3.650312411903427,98.82692980811865,98.62991124302272,98.73128484188459,99.73821057276272,100.0,99.32558361134379,99.00164444580157,99.25838602544233,97.0870135536293,74.810152898643,38.50269967275955,16.773432306556092,6.253650303926922,0.35541985024934136,0.7442054468556917,1.7916550776835252,2.458880997649442,2.3762727173229354,2.556944156347852,3.4656341084940414,4.705375160536486,0.9540665500578387,-0.2995947563972602
2022-04-20 21:00:00,-0.10000000000000142,40.0,65.66666666666667,26.0,14.0,29.0,52.47526234221016,7.874657739633773,5.8501929553488505,5.494110709944725,76.11155211997668,75.85602252333284,80.1513269969254,87.3698426615769,94.4845698652208,98.41709812632861,99.2723778334357,99.18014001801583,97.40011589977294,77.79678267058608,60.58925068044058,47.90542755633144,42.391437285538395,38.475621267127416,34.38850314160626,28.47702547112563,22.450301065053672,16.467378883576412,11.709415802380382,7.81604023295278,5.747550522488587,0.9487718864399473,-0.31596187665790293
2022-04-21 21:00:00,0.0,45.0,78.66666666666667,18.0,13.0,17.0,51.105736755920795,17.243254225211796,3.7978948449618635,5.229137371531651,74.78893162881535,75.16458431991074,80.27387011185657,88.4017431278873,93.34344086059406,83.74721792301871,72.32494691553785,65.70693797343495,61.515572898912865,61.064376149497136,66.6175660205299,75.73527353409962,87.4320578900785,94.36532414322734,99.5001875349766,99.26017880922376,99.68544279180975,97.94572943541156,98.86484648391745,99.5763232579083,93.22609433704937,0.9431964659565866,-0.33223549871590435
2022-04-22 21:00:00,-0.10000000000000142,45.0,60.0,36.0,15.0,31.0,47.061054772032286,7.714629922412604,7.090559263131431,4.972330943347917,59.39312388123659,60.58789667986058,64.0031461762398,72.00023208564005,80.77909494279727,86.65393319604257,81.93607410710112,77.66312062122864,83.16261617980496,89.70575090820185,83.97932533001136,66.52937297262899,41.190094275588926,28.832886402008512,19.965229464141526,18.252245695122113,16.763666322546065,15.849725347123483,14.938745174148432,13.591590692133984,13.381280268082731,0.9373419384643772,-0.3484108069446808
2022-04-23 21:00:00,3.0999999999999996,45.0,19.0,34.0,11.0,33.0,28.225592138316024,3.224585158300897,5.513790615797837,4.569745151197295,23.186891941000276,23.254392796465435,25.612120990916598,28.85936320030978,32.21331358945729,35.69114997893399,37.89872084676758,34.8935166921866,23.97998268782646,11.594785307396505,9.069751235198103,9.407949822790457,11.575426993967692,13.031676128145802,13.796778515661362,12.546942142204104,10.29867966398173,6.454532381094029,3.859245281858023,1.0609515219403227,2.887674446134362,0.9312100364121947,-0.3644830148102912
2022-04-24 21:00:00,5.9,49.0,43.333333333333336,22.0,7.0,35.0,32.828160625732366,7.413885107879639,5.046730877722014,3.7402364407278053,29.492577770564854,29.511264454949142,32.7066776650755,36.796861942235154,41.56957379626115,45.15049027300936,45.76003314464461,37.22726303969519,18.839843058307434,7.612140296108009,4.363949770982933,3.036479387867998,2.5782651030251085,10.005773398889371,21.927117548463666,42.868166243645284,57.67903256656797,65.41972965987449,70.13472725000885,73.46743156805574,71.79058654956204,0.9248025743285089,-0.38044736628785164
2022-04-25 21:00:00,3.1000000000000014,54.0,63.333333333333336,18.0,9.0,16.0,43.002865327619446,14.648681909189138,3.6627385558682177,6.032625031163948,58.17521610718895,57.499012335128185,64.22106648858593,72.1293274448812,78.79842254895453,66.54176174666931,34.04270556573235,13.782249624802139,16.769878817725843,34.264191156954574,45.99649594032208,51.2689860547715,46.16802500307204,40.922684654333885,36.14970835392078,36.40924015704604,39.90387058337371,48.71364381730184,59.43850391330431,72.30320372860022,80.12221340762352,0.9181214482844365,-0.39629913726891813
2022-04-26 21:00:00,-1.0,52.0,84.33333333333333,12.0,6.0,18.0,66.01728897395766,18.115639047175687,3.4674544501808575,6.396875978154574,78.81769191518477,78.82195426627699,83.09524688504777,91.99564598263696,99.45844998291639,100.0,100.0,100.0,99.81626773918332,93.61114910871918,73.86498863775924,47.12495757733739,25.898733793382288,12.254589127870824,2.24956405929219,3.1710317570856383,7.040118437647336,20.164587141111205,38.26883250767763,63.96693473425942,77.67144120664828,0.9111686353326631,-0.41203363695942635
2022-04-27 21:00:00,-5.0,42.0,89.33333333333333,14.0,9.0,32.0,79.12143462214559,15.192911758553898,5.6243969051993625,5.569460766509465,87.77748626374502,87.88160392923588,88.78639124087654,97.05052720387299,98.99222184089732,96.81451493255739,94.8836472350923,92.38875672593954,92.55090923709646,95.71789338980373,97.72505182280112,97.84368465870456,98.05979490679672,98.48153786263403,100.0,98.85466492840871,92.51712563703352,55.903213718788614,21.454599825427568,8.33766936589698,0.9493734571588844,0.9039461929224011,-0.42764620926777464
2022-04-28 21:00:00,-2.0,35.0,89.0,20.0,17.0,33.0,66.58800769310848,10.41928860000248,4.112324260896859,7.044826047158643,84.1417354264463,84.20961419277288,85.63022399851562,91.87355490602485,95.8185855779515,96.38789407135745,93.49717264655543,90.3626666523452,89.65795885808933,88.85268168009848,86.70423783327324,84.58042884077652,82.67415940826798,81.31449707187268,79.8626963243339,78.56546796037081,76.25090204825601,73.66617288783861,71.98147282952318,72.2017223770314,74.91849186517108,0.8964562582905575,-0.44313223418263453
2022-04-29 21:00:00,-4.0,37.0,85.66666666666667,19.0,15.0,34.0,64.13009910072918,11.892598510731622,5.4723582315582675,5.658371096333919,89.91215210622305,89.89686089984207,92.6441881496994,98.40977012536062,99.37601834302615,98.99851819379452,97.97702807171228,94.39867860560089,91.3648157623692,90.55905764849548,90.04102717780394,90.28634011337195,89.62545211563965,88.71036592570353,87.28809160268311,86.04994646323013,84.97896635364702,84.34158395692245,83.75889927604938,83.2396474424055,82.59672261713499,0.8887010478292915,-0.45848712914008766
2022-04-30 21:00:00,-2.0,43.0,81.0,21.0,12.0,34.0,55.15948337701468,12.232611566063037,5.101023387593462,6.547963327933266,73.6606432749099,73.6082079959329,77.39693549586725,85.67154429021224,93.99630439068899,98.70447051483599,98.48769168342287,90.93981622849499,82.31819583545581,77.92139814091415,75.40530353799953,72.05300914171252,66.51525986383899,57.65592528976197,45.85149184902852,32.172162560585775,19.616065798289895,13.90426055729598,11.722505389978055,15.394718356199943,18.879751589999312,0.8806828564301475,-0.47370635037968
2022-05-01 21:00:00,-1.0,53.0,37.0,26.0,9.0,35.0,46.435552620409545,14.218323872975509,5.262267885050148,6.2610224930353136,67.31469369626333,67.11736200342578,72.06595143835094,80.46557524297961,85.52743857875441,87.26730632915508,85.5787027527991,78.00378425123536,69.70205637559042,63.94141536004215,61.12320874289502,59.35740346186087,58.551082742621006,56.05202311100881,52.19785963701372,48.54963825426933,45.60807896857637,46.214026893469274,47.60717434992511,50.32876982439508,49.68663664130845,0.8724040568049612,-0.48878539428899265
2022-05-02 21:00:00,-2.0,56.0,34.0,21.0,6.0,16.0,46.910016212323086,11.57032727623103,5.346060037732584,5.048884568369758,69.33584961281373,69.52451298183519,75.12621609880554,83.40024014604182,87.78837789456983,91.31162527926956,95.55131616363035,92.26687911094275,71.80836951519413,38.059712130792576,23.27837064797924,14.601143544153219,7.666248115488942,4.460444452661979,2.5218284465995744,2.5388954922961067,2.8053735489368994,3.430530465222186,3.946363881290422,4.455932541359052,4.559758617193219,0.8638670987837349,-0.503719798736334
2022-05-03 21:00:00,0.0,55.0,46.333333333333336,25.0,7.0,17.0,50.60187561794369,15.838414175291524,4.676790842684706,5.267479550941295,64.70615663506841,64.80231223348841,70.71404985048281,79.42351383099657,85.86005634484644,88.93253981068644,88.55140861680752,86.99334854748781,92.78328158816001,94.56740408725494,84.34234348619711,69.88732322358426,56.42061487027625,48.640316737541845,42.36245705517708,39.738646434211574,35.19235472108748,26.863010324300536,18.93029752251974,11.199544615312636,9.301119173779842,0.8550745085896932,-0.518505144391157
2022-05-04 21:00:00,-4.0,46.0,90.66666666666667,9.0,6.0,16.0,82.59177519161884,22.32437678776501,3.200026390717329,5.051401877811734,97.20244093898974,97.12845175833505,99.32052167663585,99.13404415292332,99.5082173635927,99.04999305531202,99.43807171766844,99.80171077002346,100.0,100.0,99.87107016367752,99.5002732522538,99.4594087142562,99.46066857921055,99.7892050385917,99.68039406022416,99.62443019781188,99.65537986703531,98.35912800692348,93.62513286653858,91.83936831450674,0.8460288880917339,-0.533137056031809
2022-05-05 21:00:00,0.0,53.0,7.0,34.0,13.0,32.0,33.490605611279655,8.010893188531217,5.942220291131642,6.257263432568854,38.89567300791712,38.57799961780638,40.369699533015414,44.880933265406945,50.464608280607806,54.41263824410303,56.04287177072897,53.47361831334978,32.2428788065037,22.173441867778628,21.80143113928526,27.354133162365873,34.12422046332395,38.729386069030944,42.46754707037336,46.98761704999572,51.34517258274648,54.538321275877955,55.027893460877465,50.919490547798176,43.486818475045396,0.8367329140344921,-0.5476112038402312
2022-05-06 21:00:00,-2.0,51.0,10.666666666666666,44.0,10.0,33.0,30.476399559249895,5.073409820686962,7.951616915257913,5.1664781887936115,19.508407788557786,19.536728352418482,20.518683036979063,23.13100456020339,26.340098389327625,30.952029557964938,35.81162535489598,41.21777323946724,46.18198296746965,46.8017194015408,40.6224722104191,30.635217799796454,23.15674436355469,21.362112796992662,22.37938180037554,23.265811091888317,22.810356962625566,19.097167873441613,14.931799301277634,10.260140646689427,8.772511819006063,0.8271893372462497,-0.5619233046832195
2022-05-07 21:00:00,2.8999999999999986,51.0,31.333333333333332,36.0,8.0,2.0,29.208493829767256,6.060938447571929,3.728422894157075,6.409471459078161,44.26615691647911,44.17178063578716,48.75493773937218,54.914810481165134,62.28716361148044,69.4703160785249,75.1374341803366,74.53827578635683,46.08062693236248,15.15368496904283,6.974112515975582,5.295736471074145,4.259661865266951,3.9285564175549523,3.892032419532862,4.967259455530618,6.212801374693008,7.614871528715556,8.434919939367795,8.453585616678119,7.352006086668113,0.8174009818249189,-0.5760691233798758
2022-05-08 21:00:00,6.899999999999999,57.0,3.3333333333333335,31.0,7.0,3.0,27.773982234631667,7.030460738876146,5.288912735790717,5.984867505381361,37.08024592277363,36.98829108851992,41.235329364627354,46.244311988171674,52.066017706021995,57.507446240538926,61.40785648438802,52.23015474709268,24.493716041713167,6.910031788279686,6.743753031902198,9.027780500867722,11.306364261553789,11.88245470383912,11.83012753944152,10.332777552891892,9.044842665571096,8.002302709483681,7.649539665294415,7.744781897841676,7.999493084378817,0.8073707443023492,-0.5900444739548627
2022-05-09 21:00:00,9.100000000000001,62.0,10.666666666666666,26.0,7.0,12.0,28.570849708078715,8.43531923305457,5.497966063356519,5.300238106322723,30.91040958161468,31.437249468034917,34.98870419436897,39.07058068628857,43.92174142809127,45.604728347643274,44.05243296959285,30.49709514957647,17.367625926393735,16.037763773932245,18.971615750075607,20.86054114025182,22.201829517829427,21.838751125060774,22.22757882631402,24.00518384403017,25.592575006627825,26.847968464495388,25.061575423652904,21.45938823780634,17.238998649871313,0.7971015927871943,-0.6038452208771035
2022-05-10 21:00:00,7.0,65.0,2.0,27.0,7.0,9.0,29.046898260210902,8.67398622519697,5.582886797894797,5.930163699940361,30.611736523763227,31.05960374934893,34.64609012923866,38.57831306330126,42.59357063181998,45.05994702899253,42.72057313650774,35.84518963904926,29.000157964787043,23.62618033686317,19.05893015656312,15.056249342881808,11.393078771807975,9.06946308771463,6.983970725043358,5.6345790067172485,4.682390592611185,3.943637587343194,3.7130557267665623,3.8101715569065213,5.6759961798342795,0.7865965660866021,-0.6174672802835514
2022-05-11 21:00:00,7.0,70.0,6.666666666666667,23.0,5.0,21.0,27.56678407496182,6.783232968387844,5.460418408833585,6.3445876499564635,19.245687800107557,19.34791588119394,21.023022317592506,23.457249343397056,26.164023379845702,28.952468399917166,28.29220780784748,21.539960120512234,13.284374151652898,10.129054134402338,8.78906336896392,7.014853589413023,4.568687022471096,5.12326992623755,7.063759183743818,12.15789804140762,13.682387481825797,10.676861393620571,7.960092766606526,4.940253629509541,4.631730283700236,0.7758587728069828,-0.6309066211876704
2022-05-12 21:00:00,4.0,76.0,22.333333333333332,31.0,6.0,15.0,31.977634488313498,18.136491031980096,8.65129910825283,4.766291861705837,23.536749662335776,23.704246303986825,25.68887800675938,28.438830996344265,31.442722233755365,34.837006469501425,38.74815622288282,42.90609295264311,47.99771639670026,53.042260401298414,61.808433329007485,60.82777709392217,46.213714830308646,36.355822681706016,30.505215849900814,36.42727847972216,37.81265877277421,33.32442047551571,26.340761792760965,16.25398075753907,16.33849227582744,0.7648913904341226,-0.6441592666722685
2022-05-13 21:00:00,5.0,79.0,25.0,24.0,9.0,24.0,39.089661138968665,22.269963270820092,6.9681738065633825,7.350266957755186,35.365036069537204,35.85451429725815,38.03514128248642,41.88892036453475,44.87008095963023,48.19342310716427,52.10005864005436,56.143637536490445,56.257862598388776,43.86714031257308,29.790638056813272,20.079543451415475,18.470408989316425,21.706122408187703,26.56561127202784,31.857755228643537,37.779264060172686,44.55467435418657,53.53229546935094,65.59019328950394,69.74514380774104,0.753697664392914,-0.6572212950663319
2022-05-14 21:00:00,3.0,80.0,28.0,34.0,5.0,18.0,40.708611314014846,29.60565955729844,8.87636343704773,5.961274831092661,34.922795286892416,34.87020824662004,36.74269400335077,40.70076125828802,45.23468180559186,50.40325197709845,56.265316565610966,63.29256588316632,70.4213860098657,74.235247116398,76.25995863676206,77.97765071982622,82.76732722672942,80.7295736743645,73.93782921961824,76.69782523287374,74.15936083450171,55.93820588487777,38.652959163878606,23.69125883066143,16.468724286344965,0.742280907086982,-0.6700888411055113
2022-05-21 21:00:00,-1.0,76.0,49.0,12.0,7.0,18.0,55.64738458327223,39.2405859791557,5.613459276708712,7.7750292725796,72.73356562161149,72.8910382460423,77.63352216230267,84.4580607711073,84.46790974729873,85.06507690398588,84.62175444717434,82.33601901184697,77.87300727458853,68.03066348556186,58.193997264649376,50.49057924129914,48.913438435442764,48.09128861335674,47.272216435663836,46.08450287990513,45.01000715096283,46.262359067207186,47.58475302828115,49.928866280472576,51.090825011261224,0.6564105761979381,-0.7544038410927472
2022-05-22 21:00:00,-7.0,77.0,47.0,14.0,8.0,19.0,62.027888304697775,42.07547192635726,6.392897914250501,5.079496188675974,79.66657299818402,79.5786431581001,79.56246148147459,73.14606582597486,69.4501393355639,75.20526173560899,86.23589858977648,91.55402264830784,93.02478870327539,92.40240060874447,90.55517375645269,88.50149237956178,86.42928632442755,87.95935350755445,92.10990874143492,81.57827469683205,67.39756513482324,49.42923017708371,36.8171315889305,35.254283771119475,37.34208072771034,0.6433365204044917,-0.765583517007675
2022-05-23 21:00:00,0.0,59.0,41.666666666666664,37.0,10.0,34.0,38.89359627620948,10.624085034571523,4.435761253714076,4.040147143055199,59.18869101732768,60.42729347588286,63.75472120562663,70.79609407606381,78.02461153800232,81.5429091965365,84.46353003591126,89.74241628412652,88.81910368087091,65.25166786658258,34.172464017309096,14.445221338259326,4.742547064390091,2.447920182384071,1.5989654949629122,2.7974066819256733,4.451319980798124,6.7291973073559745,9.911734195281888,14.182552011945527,19.463442430690428,0.6300720909843687,-0.7765366444428655
2022-05-24 21:00:00,0.0,63.0,23.0,40.0,5.0,14.0,31.152001515048113,9.929389888379998,6.706304837707123,4.96952751321762,35.30535483473853,35.39659333528046,39.172686102528,44.07843988208738,49.28789513757299,55.713426278531216,63.44549134412909,69.45961193975356,73.12137031959634,76.48187998690766,44.05569147301133,20.690140462397284,9.389274141021184,4.541066457732143,0.9329717442883287,0.21250570027254098,5.916068462619338,18.628705280630193,39.600150038434826,69.58116079287716,77.3378171641232,0.6166212130956382,-0.7872599821916922
2022-05-25 21:00:00,2.0,68.0,11.0,39.0,6.0,28.0,30.715359778359847,14.501838136807816,8.254026777485981,4.540790149137395,40.29247266690001,40.484599634195156,44.2222937758667,47.87887496435004,51.46241990301682,55.43110024837476,60.341998721037804,66.12371005503675,73.49311929860079,81.92836033844979,89.74603977823257,79.94744673768436,47.44485788647403,20.51287038008622,2.1445712983304452,6.027160371236627,7.610855408092313,6.098532616000957,4.791939810828731,3.5858690208673725,3.5101562591013935,0.6029878670694714,-0.7977503570459932
2022-05-26 21:00:00,0.0,61.0,77.0,11.0,11.0,17.0,47.69042733003667,26.37899651574339,4.811731906223728,5.248321995023564,46.10641639036215,46.81534838878256,49.06549293110979,54.31189760041425,60.51050650072115,66.71716088312095,71.46934560000756,72.57729231106886,71.65991266155119,73.02655870907039,78.07145560382581,83.79509408432315,89.71992372503264,89.33316910968381,87.06463056949043,86.21819218505141,86.85392953400917,91.39543650403945,93.99866200876622,95.15010441972916,94.8910074930092,0.5891760872322963,-0.8080046647350754
2022-05-27 21:00:00,-3.0,72.0,77.0,13.0,8.0,20.0,63.63694965420793,38.404328855378715,7.870498559491637,5.536041941837052,51.10469314705853,51.01408043995909,52.38344911416346,57.55429940242994,63.982186746436184,71.0772677328537,78.99185658798014,87.85473895058986,93.36135471258828,96.90236138622056,98.15295085503242,97.38266244971089,88.90884751853872,79.37778457880296,69.51593097798035,67.63352135438173,66.85130467968078,71.98434786171661,77.98029532984809,85.33659094604027,90.26522772141557,0.5751899607119775,-0.8180198708443175
2022-05-28 21:00:00,-1.0,64.0,79.33333333333333,11.0,7.0,29.0,75.22266484350234,33.883174868578756,6.35011408115888,6.032546930675541,78.16749275784235,78.22242835787006,78.68749823017583,86.05491483202353,92.18660760844898,92.90643225197326,89.44465931678347,87.5304641098761,86.37210890222605,87.65735656771231,91.66763618913477,95.50225299288418,95.64849923259263,95.85871625848901,95.94332678378504,93.65312320653976,89.64541277109419,83.95833559520088,76.9656130038138,70.48885667937166,60.958724149007345,0.5610336262283677,-0.8277930117131022
2022-05-30 21:00:00,0.0,70.0,63.0,26.0,9.0,30.0,49.06274959008728,29.61015674422453,5.911211578692291,5.741669106365868,56.69228016632748,56.4709524131218,60.05044242121366,66.85108109684774,73.28074329006809,79.44720049541925,86.68295034321396,91.31003115966193,91.19892139242225,88.66413944967309,84.5627271367084,80.31719375428355,77.54132949782172,76.5859690190628,77.25221517741652,79.19660052139295,81.61770972207316,84.6836608418697,86.34062041998428,85.39352868389679,86.36883648941938,0.5322271388474397,-0.8466016020976267
2022-05-31 21:00:00,1.0,58.0,68.33333333333333,25.0,8.0,35.0,49.107602398074,15.899988223995734,3.7993806980305282,5.545177020477881,68.11142391889886,68.00871106962558,71.29591914370752,78.71329415864798,83.72115068519244,66.15455677365219,40.56090074772263,22.80704002663148,15.2552676773378,12.296441019262563,9.220688762479032,7.057907433200388,8.549234139381904,27.643234758246027,54.115184823584926,74.07162680790175,88.57202568957207,91.48805602448624,94.80910563289004,97.79002645202289,99.84526367936766,0.5175855102531889,-0.8556314858488706
2022-06-01 21:00:00,0.0,63.0,51.666666666666664,22.0,4.0,21.0,38.01738831024434,29.276679893642385,3.2060844916000457,5.196460264237045,87.2098790543633,87.34737831571641,90.31629626259657,85.82838230399088,87.62302581865244,88.6928201579687,93.01291020750769,98.06407683690219,98.89316440515445,98.58580796267452,98.89678169691194,99.37641214275597,99.4076861165196,99.66873255667112,99.91670820534428,99.3780698314162,96.83625049239511,91.66264420629251,86.4485108750658,81.01119807223668,83.06421368112562,0.5027907197793043,-0.8644081744776648
2022-06-02 21:00:00,3.0,68.0,26.333333333333332,29.0,4.0,36.0,35.93055439691473,19.23474253868347,5.558409498109081,5.499146857630176,59.3592811065182,59.28261619167997,61.35659080370986,68.12121302880762,76.54517924614522,86.06640602714948,97.02145725160248,99.87695469693315,100.0,99.15080295376495,89.6481553501078,73.37953304590128,46.81539342478524,25.711463801503452,8.03158349438005,3.3793553322096805,0.22212195438246837,3.6398185836189234,8.13924018975341,15.265155855185359,24.20008640818654,0.4878471454423119,-0.8729290708206411
2022-06-03 21:00:00,-4.0,57.0,85.66666666666667,12.0,6.0,16.0,71.82828985346084,26.584933886982633,5.021020516597405,6.143388679680361,97.15985504800193,96.96549120747507,98.92091745523102,99.31144737788176,98.82086052390785,97.77762376058146,96.99936155971433,98.41834458066411,99.03265288426095,98.85876140042015,99.10660071935405,99.52470390267321,99.60141223010018,99.74543353472515,100.0,97.07208999223778,89.95536979272293,67.8645875115275,49.69018423182992,48.8706070675427,65.4677483136139,0.47275920928627757,-0.881191653407483
2022-06-04 21:00:00,-3.0,62.0,59.0,13.0,6.0,18.0,64.75536744234604,21.404325394744244,8.59236728512283,6.202297360596274,50.71930626215705,50.76294247640371,51.79058606308141,57.348305814416854,63.71382665728107,68.53464822505345,67.4229533499336,63.38879935800441,65.52882601484204,67.39454170772396,65.86643691669362,59.5834889101469,60.617781164176144,64.88315157866846,73.16369215507211,67.24845673678979,59.09799202622802,54.04055722133173,52.785550243064215,61.066002869540526,66.56461923817373,0.4575313760742512,-0.8891934772070711
2022-06-05 21:00:00,-2.0,62.0,38.0,32.0,9.0,31.0,47.84496045571374,16.1709960584093,6.532043310503577,6.189935190922667,68.6285323018174,68.51169456495022,72.5463583960873,80.22597309834218,79.42464876171097,76.0139348228842,71.04833451880849,68.35309415047428,69.79261483219233,76.098629456092,81.88781921091426,82.86940297274316,66.66805360950192,50.75687349706184,34.8978824995841,35.22912388439393,37.72687601864216,45.931870335167446,51.50671816474127,52.163469112770585,47.733776019810094,0.44216815196707204,-0.8969321743510065
2022-06-06 21:00:00,-3.0,68.0,29.333333333333332,35.0,5.0,34.0,41.914085316361906,15.93352627123882,8.166897991519187,5.326719597239082,48.62035084584535,48.67020357924453,52.54328676191232,58.3099650779722,63.100386252687635,62.792351498099066,63.334882147266846,64.18449779459453,66.81961803638669,70.19847494649353,73.61166170941613,73.00406956776247,63.06597604376654,36.88834269759656,13.372452811467495,12.878850479841795,12.360278674978249,11.92930000302781,10.273448766073773,7.059909636923901,6.366675982717494,0.42667408318992467,-0.9044054548343001
2022-06-07 21:00:00,-3.0,71.0,42.333333333333336,27.0,10.0,16.0,45.687151586579596,25.933410545394203,7.048159353587533,5.366076054522497,49.04986571672327,48.616398837649385,52.25091089433137,58.263501551632565,64.92248544496783,71.22330493335184,73.30293528025038,69.76543956538454,67.00997294649822,70.58730174495241,74.43984296206534,75.72808640599374,71.8571695391797,69.3217823695267,67.28537939353572,68.1864129795894,67.594462707143,64.9340343465461,64.96172015385558,68.95738282428083,73.4123886155567,0.4110537546870351,-0.9116111071930239
2022-06-08 21:00:00,-6.0,63.0,79.33333333333333,11.0,7.0,16.0,72.44168796129061,26.40196263373754,5.853878687158478,6.117603810539132,91.89496883122419,91.61017131182587,94.5485112661682,96.54562391667312,87.44915450457364,84.91645947302918,83.90999920054007,84.16946045604408,86.09756333902745,83.93261430035007,75.60555274684168,61.69034378759817,74.03924893980644,67.69698862514629,44.31113029064248,25.371472479519454,9.219453609723391,12.356815388101355,17.001524376137024,23.934498120961866,29.34145463948162,0.3953117887649151,-0.9185469991587165
2022-06-10 21:00:00,1.0,66.0,40.666666666666664,34.0,10.0,26.0,54.2407488671668,19.05029622840456,7.833445465468556,5.996986574270225,58.74014464748226,58.786884485887725,59.817530147112265,65.83043452590609,72.58493379824283,76.54323702402819,80.658455165046,84.1163689659087,85.25317999933777,79.34004057026942,70.24494255849618,61.37225830035781,63.739639687230024,62.98595865887353,57.97622637661416,42.134764296057256,24.02377183878125,13.017965059660625,3.9868119945366423,4.884301730952194,5.620274285724001,0.36348161248290634,-0.9316013725767187
2022-06-11 21:00:00,-7.0,70.0,62.333333333333336,28.0,6.0,28.0,45.53305267993813,21.72966128631359,8.398276331711104,5.0101335651792045,47.40425183151933,47.38563220128739,49.20043642266771,54.62228760544906,61.132099700502074,68.39985128335155,76.88876050365657,85.6680015235975,85.38491854866916,83.81933191804973,82.60683507288738,83.07156541975708,88.25727681221576,90.97295163120745,91.2588991409409,70.07197466920957,48.960179861340144,32.175692359289044,20.225564089446184,14.859328731466459,16.815206897092907,0.3474028211842774,-0.9377159910299093
2022-06-12 21:00:00,2.0,72.0,42.666666666666664,30.0,9.0,17.0,47.57271854969814,23.797784597721027,8.271924204464675,5.499427877826,46.84460307988631,46.78045230396685,48.47309453129431,53.46492180632709,59.64080087281785,66.75746210633103,73.63927132659566,73.2301157063388,66.68375546390618,67.40776514661643,68.95384133435638,71.0697768374607,75.86223830158558,80.04561950649985,83.53277304050042,73.38315910265396,62.097244877488464,50.705428795066844,44.87679319156159,46.92482644938683,51.2580247929581,0.3312212278016865,-0.9435531242349544
2022-06-13 21:00:00,-3.0,66.0,67.0,11.0,5.0,20.0,70.16031972906734,31.937000818856188,5.773854035680508,5.752041000899691,95.49753241831266,95.35758605666652,95.39350882967001,88.96955154712252,78.97159095945521,72.66925103903304,71.04226168970717,72.40722935592757,76.61190873637655,82.94564440604556,89.95396257383888,96.1856825906078,97.57409475478134,98.2893373187381,98.16440900575174,98.292336138392,98.04328068767872,96.71035076146065,96.88623909187574,97.73856565564091,98.92006369296968,0.31494162072895193,-0.9491110448902284
2022-06-14 21:00:00,1.0,67.0,38.666666666666664,31.0,10.0,35.0,60.7543368911074,26.27034374858612,6.573374863661017,5.512613684275188,70.51329577902811,70.4082567781627,74.15588102495269,82.77125028248683,91.9783173283721,96.62797061406543,96.95529292156384,96.7263617630873,94.40631306491575,94.0619871438928,91.19887777743882,84.23168944987067,71.87576256657336,59.27255521661273,46.80170319455323,41.82328961095092,37.084253425328974,36.02210098327701,31.801230660908097,22.865392136229673,20.76728001199308,0.2985688173637202,-0.9543881083175908
2022-06-15 21:00:00,5.0,72.0,20.333333333333332,38.0,4.0,14.0,45.84077627073299,23.487982598952257,7.503427846799943,5.963655754159225,51.30888553238068,51.64465349863553,55.64652790423714,61.94353082253086,69.45553802852972,77.26797144754056,84.10954958839598,87.61536907566419,81.47086393524938,79.94912148252081,73.77387439692671,63.34424328553159,49.116874238978205,46.66586132993471,46.96481883220763,47.08018836752357,43.51700165702456,34.176563648230974,26.314839144580937,18.701256246816506,15.652382609674731,0.2821076626819194,-0.9593827529490743
2022-06-16 21:00:00,2.0,68.0,62.333333333333336,20.0,11.0,17.0,56.5773530853524,37.31428386289246,4.992685657143347,6.05552054541028,65.79901990377252,66.09792976661143,69.38287881261324,77.31965666960366,86.41107356248028,93.13872639454951,91.26692052188649,83.88716938588836,78.41617586708254,71.08296101438225,67.1183436846488,66.68052358261458,69.76607379822838,71.7508682934238,73.12494752812297,73.53777137212366,75.4221895707655,79.8451276550488,80.18261408613809,74.28899129458787,74.38585588278188,0.26556302780405594,-0.9640935007889755
2022-06-17 21:00:00,5.0,70.0,52.666666666666664,27.0,7.0,25.0,63.391531070601204,28.530927186697124,7.8246339214258835,5.897007626733,52.116270410941425,52.17516312759171,52.383158710589214,56.76905276686474,62.697089442841936,70.05749429101408,78.89187616782102,87.52503245217325,93.86794859713467,97.34482420578306,98.0733026926037,92.79201058372809,90.62134875049608,87.84152423070756,81.46106823191248,68.83447110649746,53.05236509166694,36.70976818019801,21.313264058136088,17.3250351496705,15.389740758688895,0.24893980855376657,-0.9685189578512204
2022-06-18 21:00:00,-3.0,54.0,85.66666666666667,19.0,10.0,32.0,77.13499337887522,27.03116836194123,5.366106069495524,5.749040006991656,90.18428465848785,89.7386515161602,90.36731217668404,97.58214848728693,98.80392830818838,98.76591160055183,98.66249722107469,98.63068740352088,98.62941924876993,98.24949811634215,97.45682412854264,96.99780943224323,97.48305109780145,97.86180956612978,99.1275511773163,99.26789519519559,98.58452385191684,97.78842002200444,94.55415934379214,89.0845993458809,74.55185106828148,0.23224292400907015,-0.9726578145718654
2022-06-20 21:00:00,3.0,63.0,18.666666666666668,43.0,9.0,35.0,41.11837235341009,11.357464464461973,5.470622192733478,5.574286677478058,44.230979467282005,43.99404064187906,46.46372216674711,51.46800916153897,57.059127115056675,62.567795236291104,69.20039817429652,76.48534763295112,78.31935061345418,60.3829391996168,31.128815738838018,8.45015624125085,1.5327765483473845,1.0032308403099792,2.7196235087750953,5.5146853689981565,10.068332393658109,17.514225747889224,26.175211422061693,36.224671621117096,44.93060715539956,0.19864794288017112,-0.9800709131432666
2022-06-21 21:00:00,-8.0,68.0,28.333333333333332,33.0,4.0,11.0,38.8205293863097,15.866944558515693,6.029815038711679,4.658606309885451,42.489344577719265,42.219759824259704,45.30989645738532,50.46505595020467,56.47004531680649,63.39872717391592,71.05075648808871,76.39735276100781,71.34146951473225,40.679612843783566,18.53126147592184,6.107867417399956,7.184913578132759,14.499209073210825,23.975144013967416,32.59230194661846,38.78614124794761,40.45369313855011,41.12933755256075,40.31426651406956,41.82898964915444,0.18175978759137534,-0.9833429613388902
2022-06-22 21:00:00,-1.0,64.0,40.333333333333336,28.0,10.0,16.0,53.95286976616358,37.12495307807231,2.8538124700720577,5.455622227536577,91.58634501355199,91.48373205934215,97.6944157673416,99.21516518921058,98.96121774675983,98.75473870356909,98.19423551154112,97.74213595294705,99.03135659857362,92.63721342226387,87.59445987011215,85.81161048715623,87.98325376850991,90.95646136017061,93.63584199398832,91.6823719760567,89.63891037285757,88.77272703614715,89.23718182714666,91.71462328761953,86.93725930350062,0.16481784665719793,-0.9863240225317866
2022-06-23 21:00:00,-3.0,68.0,49.0,21.0,9.0,17.0,56.5773530853524,18.839818583124607,7.117329142473371,5.085879941551243,50.66215575303525,50.38896433617664,53.897742928129475,60.120909943199955,65.73180176504657,62.75004395669199,59.011958918619875,64.239890775852,70.17554980598004,66.6412271369694,57.134600978431926,44.998995357825315,35.457759351451415,30.725466695561654,28.622504031974643,34.17792516392514,34.71219090544299,23.846148029022743,16.771448284081984,13.605940471732739,15.67501400213159,0.14782713347053048,-0.9890132145779883
2022-06-24 21:00:00,-1.0,72.0,41.333333333333336,25.0,5.0,21.0,55.091227971046706,27.098215964477877,6.912023485835815,5.125511420815371,56.07043851471054,55.842429971743925,59.932280172661535,66.71360857240629,74.83119372878848,83.24938690683243,89.34351551890329,93.15751979962403,92.92949797872024,87.84453407985673,89.61829391444192,86.97018060903139,63.179177220750304,37.90625390091507,13.91207388205162,12.347238491146657,14.109061093044764,24.02919816136996,25.969496241502256,16.76923182830488,12.958695802036925,0.13079267585675922,-0.9914097417023038
2022-06-25 21:00:00,1.0,80.0,24.0,22.0,6.0,34.0,48.768600362464646,27.346656077440105,7.789357100086643,5.181441002755055,47.39801137444785,47.28081857775706,50.532366259341465,55.45336597134126,60.672620155912426,66.19308559255019,68.84616945815081,69.47759790224353,68.53761867349955,68.97906440697912,64.0316791956705,53.84261523454115,38.661591632215,24.84935163604422,13.920962172931697,19.079040702497238,23.924099082977204,27.36654179838794,27.42490480141937,23.47658558172241,21.465491783128023,0.11371951458594969,-0.9935128947338007
2022-06-26 21:00:00,-2.0,80.0,25.666666666666668,24.0,8.0,17.0,50.5392550224599,33.366412758572906,7.704465117401435,4.827819471122652,53.56055029328171,53.35958472282819,56.947137576238724,63.49376492028285,69.96856287489162,72.71076929640184,71.37680825057664,73.71404030734126,74.7869060703914,75.75183093735639,74.76612346881235,71.68553089404149,65.68495676170534,55.9381105798205,45.35636535333995,38.36681698487605,31.414850999989536,25.769608055356567,20.285414260476102,14.652648454676093,9.929883396414182,0.0966127018812031,-0.9953220513156602
2022-06-27 21:00:00,-3.0,69.0,81.33333333333333,11.0,6.0,23.0,75.67687268246146,34.69887087273541,6.1145446672081265,5.442836607937258,73.89359713547323,73.87301410042136,76.04206552465095,81.336387622057,86.05888191309926,92.39018558235675,98.8599091395532,99.23392174713868,97.21132750304812,97.64706976650332,94.2316146471049,83.2651103080777,62.83402186314318,48.4488768767482,38.42026481912166,28.474644036144742,17.624923109208535,8.466641013144265,3.601522154787027,8.009835698825812,18.195990740648902,0.07947729992362097,-0.9968366760893436
2022-06-28 21:00:00,2.0,70.0,16.0,41.0,8.0,30.0,42.22934726093345,15.688252085636199,6.738448020605418,6.074195357350196,39.03280170646276,38.968262148954345,42.095089111395886,46.73802581424285,51.79395929588326,57.27015485708017,64.12778116393146,72.15089294442183,79.55708979365706,87.87426380119683,75.69506380169454,52.11806297062692,25.856480415480398,19.244886686912643,17.023978853885545,15.57280557030643,13.156433299944098,8.768908698784458,6.1570934992195445,5.448240925447713,6.515629976945513,0.062318379354325076,-0.998056320853012
2022-06-29 21:00:00,0.0,75.0,42.0,34.0,7.0,20.0,43.00991391902142,19.73198308578568,9.003036499142375,5.426722637263967,32.97888874811422,32.99533914522461,35.17510473530536,39.07218850287614,43.5901747704575,48.74822418167611,54.88657587785109,61.662217852310896,67.311764174731,73.85319810693069,78.28438036954742,80.06072687021695,76.88136873405675,61.820026000156126,41.99137053642905,26.36727782190082,15.134251778558802,11.529262781891594,9.472245582445305,8.916130286020316,12.608375788401416,0.04514101777397193,-0.9989806246941579
2022-06-30 21:00:00,0.0,72.0,36.333333333333336,34.0,6.0,32.0,45.84077627073299,13.529195890186418,5.475516117681057,5.60864891226013,39.663982342863704,40.549001044500315,42.72585983464043,47.60671208714846,52.66702538948594,58.82156988261107,65.36429938723549,68.93034806817207,64.71317746998847,45.798988836022794,21.99450595091215,6.957441037552534,4.467590300013844,6.233776376401072,8.977765254351036,11.886637271942309,15.073521074402846,18.46360541052635,22.168658423433445,26.598147970946673,28.79262562619889,0.02795029824021032,-0.999609314096404
2022-07-01 21:00:00,-2.0,82.0,60.333333333333336,29.0,8.0,20.0,42.526798460741,33.56052739710338,8.816881208464222,5.527686271694789,40.92331142155048,40.95848827084598,42.188612396489994,45.23868217838227,46.43293198833469,47.60483685926823,49.59538771888078,53.55550919959611,59.84412158804423,68.18532782470238,77.45962722629103,87.32911167410478,92.06977546383627,90.55073890098986,83.61075495727827,85.11677634364344,85.99676284888199,85.1340828018947,79.29005560552648,65.75886050475245,53.859061618520734,0.01075130776352193,-0.9999422030204416
2022-07-02 21:00:00,1.0,77.0,42.333333333333336,42.0,9.0,27.0,43.319098678448334,18.044516449686192,7.707289255651834,6.052861692545733,35.235729836677734,35.28218576686054,36.310587341893495,39.880922259041895,44.54707548525085,49.764917002251806,55.80376944053158,60.57505452250636,61.38579755851521,60.334638618886785,53.45843849526566,40.34404089111569,30.452761611935443,24.839966007695622,22.33214683321003,21.11061786249179,19.28231095022591,16.537991814239923,14.31805406236638,13.212745702386334,13.867878335057421,-0.00645086419810515,-0.9999791929590823
2022-07-03 21:00:00,-1.0,72.0,17.0,52.0,10.0,30.0,39.456126613797835,17.500803949941243,8.465255489614634,4.610744059261566,41.241258258496735,41.16959524128788,43.49855342417462,48.55619630715092,54.38685927103091,60.37395885043758,65.21200539920291,64.0752057740151,67.26139841885357,71.2433548470975,75.75558617547905,77.70359263814555,71.57923267113215,54.94229606471066,35.113101945207035,23.638838061988395,15.072385800633873,14.116450008088712,15.466839652694317,20.18588343877647,23.69546375716074,-0.023651127245231586,-0.9997202729664083
2022-07-04 21:00:00,-2.0,71.0,25.333333333333332,48.0,10.0,30.0,37.82944191356834,19.018717412234174,8.878268559127008,5.239818497909838,38.09311288538002,37.9725194424719,40.272998557645,44.495902542926295,49.741056148323445,55.879440850461016,62.481221479402436,67.70711098056846,68.4126137759252,70.78746750315301,73.83489874486202,78.0879920409945,83.0409786180159,89.21479545758372,92.26843568066708,77.68764671245233,66.01423994937653,58.60978046669012,55.946808876069845,57.58366179343047,53.97431422244365,-0.04084439154329611,-0.9991655196610109
2022-07-05 21:00:00,3.0,65.0,85.66666666666667,9.0,5.0,16.0,75.31445549860848,30.38720513698616,6.683491882485342,4.9232428170703635,56.79103919640085,56.940055890198714,59.80349662811994,66.26906034951404,72.65039101839703,73.4607980984624,73.71481771030989,73.28036770434571,76.56208947966344,84.68603357069227,93.02564374311254,99.23144352242859,99.17733913243353,99.16949373272081,99.22321015026526,98.86184851521418,99.08201567894366,97.30014154993724,94.98237719277937,92.57422101946486,90.48643621313883,-0.05802556932878035,-0.9983150972033183
2022-07-06 21:00:00,-1.0,69.0,28.666666666666668,38.0,10.0,34.0,47.116170975474176,15.367522658233396,5.561287686697841,6.339186250106876,50.84443267568462,50.88456758998172,53.023118673649904,58.83888020921943,66.00472322794083,73.48388084452884,75.83425624942309,81.05198496531835,88.5527927380666,90.29816063207899,70.09596399503545,38.1651038264547,11.226114453254224,1.4739457035844583,0.5624482451253573,4.489768026725007,8.068471819152814,8.80830759949602,9.112178492503096,8.756150043476525,9.61405048240887,-0.07518957641475855,-0.9971692572470178
2022-07-07 21:00:00,3.0,72.0,35.666666666666664,28.0,4.0,25.0,44.16467907446139,19.3124747676668,8.253092675859689,3.8602942730778187,43.859789462767104,43.735851579389134,46.46492334060243,51.34676239743064,56.68484710962864,61.8598874281301,68.60908184284955,74.22039463543692,78.91912494097483,82.2534090096379,89.40408942660076,95.13609685264022,89.92893222245446,58.63269569581261,24.828594949143877,13.397097541929243,8.138833735190982,14.115730846426544,21.649971838323992,31.532492162476238,36.21322607426048,-0.09233133369539122,-0.9957283388645872
2022-07-08 21:00:00,-2.0,71.0,42.0,16.0,7.0,28.0,59.09625567070867,26.67498433582325,7.950730424152114,5.9349058505038075,53.597475352953694,53.779537636974695,56.07299596601061,61.11232752617312,66.87311325356575,72.54685565755675,77.81753502029953,82.34162005763218,85.216955852767,84.99486110882053,82.59616451604826,78.9530475055875,77.87137164051141,71.74748741876607,59.826711732681574,38.84394623669736,20.198722474098613,13.484076525380406,10.37288254833902,13.698951377738425,15.988807624176074,-0.10944576864891556,-0.993992768446958
2022-07-09 21:00:00,-1.0,69.0,3.3333333333333335,47.0,8.0,32.0,37.51073143298754,13.62947654305753,7.240933904523947,5.85220421764364,34.740383648088276,34.557360517556496,36.79038565232974,40.79701006065877,45.76686899848038,50.86728507501109,57.180243096410344,63.68619998679331,69.96674515329248,71.70693003345224,50.287189068421355,22.327238495912262,11.721701616923363,14.10404897228088,22.06723669107095,28.035131538926134,33.17325267684686,35.30843393240084,36.325667458544096,35.148003787456716,35.60286945251756,-0.12652781683868314,-0.9919630595773397
2022-07-10 21:00:00,-1.0,74.0,4.666666666666667,38.0,5.0,29.0,36.88592101161546,17.258182478978508,7.5338134193670605,6.160706016035045,32.95862895303417,32.817605167128264,34.933409227190396,38.82350836449355,43.299701882456986,48.5713177433539,54.87536902983343,61.66002296481115,66.95880995842117,70.5811365130152,59.85146917929948,43.652962486176165,34.63882060349811,32.73806673105392,33.20685149274295,33.13992324695045,32.94017411118514,32.247716161646764,30.49784902108425,27.25909178372233,24.187176336240547,-0.1435724234118113,-0.9896398128792412
2022-07-11 21:00:00,-2.0,80.0,43.0,26.0,7.0,21.0,39.245524902731226,23.21351662388274,8.821588768069288,4.896630168153722,26.318522192541582,26.323767359585155,26.778518917366807,29.31109471347496,32.65653784998703,36.6615563153379,41.47340201995926,47.35477949361406,54.537088252307996,62.15192018289903,69.36081528065957,74.7428207362525,70.10356581967247,64.8657334916933,59.84307551025086,63.48966106522384,66.9124239567317,65.39644066143471,61.028651508537465,50.74590090210599,40.36273343087656,-0.16057454459499376,-0.9870237158387383
2022-07-12 21:00:00,-2.0,74.0,74.66666666666667,13.0,8.0,20.0,68.55087020336482,38.23895194899024,5.916590112984454,5.935268849975762,79.62783617404389,79.7398844574848,80.49246799546137,86.93139184378069,84.84329644457551,83.75354692800109,88.82960032940613,94.65611524693404,93.62847458639948,87.23519591689562,81.70778899436961,83.07935031627571,79.10084636951079,67.84217996300585,47.123347956438074,34.61019347239583,25.495983017301793,42.478091290310296,62.53189914435169,84.39476234426321,92.65228915325979,-0.17752914918703497,-0.984115542601034
2022-07-13 21:00:00,0.0,76.0,26.0,25.0,6.0,32.0,48.17457101146339,31.526134694221383,6.831273459815222,5.3855639761995056,62.9964254493424,62.81427684327551,62.41839270208305,66.18149804804642,69.66884136152723,72.05224168966133,74.58172562998128,78.96182942072677,85.53074086114717,89.35537415215626,88.18023971503291,82.9078351460895,78.88046545584129,83.77625105559987,95.79267721116801,93.18575955924966,88.68506053339091,80.74128446645207,66.47915293318245,44.98134645659317,23.281665155166962,-0.19443122004766195,-0.9809161537413774
2022-07-14 21:00:00,-2.0,69.0,63.666666666666664,10.0,4.0,31.0,67.99815268764517,31.27043477129384,6.9254322412791876,6.092105293806557,62.58010906234656,62.50449413709881,66.60889499328815,73.54119653523664,81.18593526691448,89.12076859713757,92.8873555915684,93.837856217625,93.91772755092805,96.01088967040221,97.29450910561783,97.84888673836336,99.31386771920741,98.87049099795078,97.80517388955975,96.61133968795697,92.63981200771556,85.37738093395872,77.62789581348278,69.35033023630899,68.61110041822548,-0.2112757555821793,-0.9774264960104055
2022-07-15 21:00:00,1.0,74.0,16.333333333333332,39.0,7.0,32.0,44.473791254469894,19.96864321330874,8.871972265512861,4.3092438099787405,39.05400397401294,39.04417250980858,41.50753599084086,46.09194028731839,50.87979551096558,56.77845296007025,62.968178922041794,68.47685326553086,71.56501375437038,72.95583701097658,75.15568012312343,77.76714043853643,81.65816805144635,74.12979051032498,59.56953515987426,32.33701695141632,17.67996571858034,18.484154073769542,18.866367777225076,18.43208499109964,17.893110440922406,-0.2280577712215198,-0.9736476020539838
2022-07-16 21:00:00,0.0,78.0,39.333333333333336,23.0,5.0,23.0,41.91059707033888,23.011202509950145,9.11062898311323,5.507967778856581,30.704364702237257,30.5184851585917,32.53979932167136,35.984175283842475,39.87266280354293,44.51702732232348,49.72668789967713,55.819460422961875,62.869866916507675,67.35433146706612,73.0298217714072,79.88380578491832,87.24424287932719,84.97417645620335,75.85991919584444,63.21751183220383,55.19925723069262,60.213279836220416,67.03727956838655,76.91729123957015,73.49621789515632,-0.24477230089725957,-0.9695805901076308
2022-07-17 21:00:00,0.0,80.0,25.333333333333332,32.0,5.0,27.0,45.390216971070394,25.85425461847304,8.999016630486173,5.358735430069632,33.00370699860943,32.74248388127511,34.91590345433252,38.727546658809544,43.166722806986066,47.8845721752058,53.31287554891495,59.65821536095844,67.39997485484197,76.00190081940508,81.31409942196022,83.64163554801344,82.87045670011588,83.8955969408762,84.31775439601009,69.97392450418144,50.989784925618586,26.846231373283576,12.722145348866936,7.568519847979551,6.77560089947526,-0.2614143985111562,-0.965226663665613
2022-07-18 21:00:00,-5.0,80.0,60.333333333333336,22.0,7.0,19.0,54.25092267518391,43.03525853613313,6.901504280892936,4.881819464918667,71.0884413875443,71.32340163509035,68.15338765314392,65.0318010926227,68.07062369089843,74.68515310565995,82.74039298025244,88.27861110147282,84.49647614599927,81.05151491432395,82.36729277424269,89.47861200382438,92.33062644876358,95.11859766983241,97.59926861034931,96.68631816937429,94.70563902547539,92.24429660650524,91.76326842486486,94.34296046852721,95.51224493270296,-0.2779791393987801,-0.9605871111248129
2022-07-19 21:00:00,3.0,76.0,51.0,22.0,10.0,29.0,66.40910847963103,31.673714147785027,7.90640610843663,5.204869658116812,54.68445989769882,54.64463861153117,55.18241256310095,60.28742641412175,66.8397195556947,69.50807333392368,64.25826631986318,59.581241476001004,56.77687561932074,56.113930405768265,57.24471716837651,58.815710615351115,59.536697779194114,59.20651772226317,58.56433509523803,57.737893090300304,56.019173773097876,41.78726053757056,27.811806613866274,17.761095423652076,10.75018349558182,-0.2944616217868012,-0.9556633054034704
2022-07-20 21:00:00,-1.0,81.0,17.666666666666668,27.0,6.0,28.0,47.20211083448106,26.214558085989875,7.177764825399436,5.411623501992316,45.110608344009655,45.07729931729255,45.945067715082374,50.3284633932119,55.82949257229512,62.072395191321114,68.2218745035371,68.91283109341983,67.2197454184491,60.255981273732395,48.18662401884245,31.492853691958516,19.494318990089152,12.066269549418887,10.654790006916718,10.11541825425271,9.519236957721764,7.956839081008845,6.95694901441858,7.434234242022233,9.174011181586902,-0.3108569682435036,-0.9504567035349151
2022-07-21 21:00:00,-2.0,82.0,53.0,14.0,10.0,17.0,58.4629559303616,46.4017613491603,7.497087971057005,6.408872205971414,58.594274638812195,58.656240974513196,59.290210213330454,65.25677017004026,72.65487132546465,75.3342440776049,72.89725181043521,75.90157547701108,82.998430248593,87.80643015621241,88.04803878651146,85.12964404834645,82.23846633649386,80.50431813869193,82.37724554358772,80.86500748546334,76.64868658737683,67.17164329727613,59.03395284131099,58.073801598936484,60.63978865905011,-0.3271603271220951,-0.9449688462364056
2022-07-22 21:00:00,2.0,82.0,12.0,36.0,7.0,28.0,44.084441261416295,25.7707171154395,8.171152015264552,5.73597258487258,38.7713083390929,38.658637342380594,39.794697505415236,44.24566305970372,49.308533185647384,55.216321224454425,61.94341507313577,69.7223300891645,76.54948504633875,81.41637782438836,81.60074620049778,72.80329035118486,50.494483528416154,31.847369531935204,16.47892762304052,10.66130689924534,6.224848606346865,7.689819233090988,9.985146512608834,13.505160167823965,15.31244649663368,-0.34336687399638804,-0.939201357453208
2022-07-23 21:00:00,2.0,83.0,23.0,18.0,6.0,25.0,45.84229838516558,29.322368077952945,8.85384570890833,5.262463720579862,35.19951535743669,35.307153208367446,36.808038835251686,40.55081443091974,45.03255661261431,50.29125092604496,56.48249940637234,62.806037454271866,63.65804911211769,65.86775557152986,68.70783712434363,73.02621582584958,76.59211269067195,80.43222485261663,83.75915179680786,78.37916916038607,66.94392828674407,43.58608439755719,25.884249760342286,14.146937142671254,10.290734357257069,-0.3594718130884232,-0.9331559438780432
2022-07-24 21:00:00,-2.0,85.0,54.0,15.0,8.0,20.0,49.50020526777082,39.12685439976595,7.981523266954865,4.9755714799962085,52.46081773660338,52.4019779656742,54.09313774009329,57.18853645090961,58.89540007460696,62.51989196415983,67.40825640452658,72.67211404138119,77.87293520878117,82.20428859467799,85.86029623781691,89.18679709950116,91.43243329291569,86.90961620376825,76.59973505071086,49.8811236824065,24.988811400451898,15.76212100137558,9.228737213841905,7.876726489242188,9.858999849610338,-0.3754703786876202,-0.9268343944460494
2022-07-25 21:00:00,-3.0,76.0,60.0,25.0,8.0,27.0,61.90298543869783,40.76818833851994,7.463494612824599,5.63271541448634,55.17057648136161,55.2124798993554,56.417959576461776,62.09867674076312,68.81135451231368,76.80444844706108,84.55838659587171,91.76101716278795,96.9518706026992,99.14196419930748,100.0,100.0,100.0,100.0,100.0,96.36444944670178,86.0988684926226,52.544720769374806,27.930700486915082,28.14684768322152,20.637056629835094,-0.3913578365610259,-0.9202385798054075
2022-07-26 21:00:00,1.0,75.0,38.0,27.0,7.0,28.0,49.80730647655911,21.956880288903882,6.95910183040967,4.496298206374801,45.634915835782394,45.4220222417458,47.96961250921206,53.41098693858025,59.99655725790616,67.33954879110242,75.24125423021198,79.16800958212207,83.33899856054009,91.14183926544163,94.65539569867167,86.28197457161505,48.24607992535568,25.639789826483682,10.704056510321953,9.875759098166075,9.817530459945733,12.166746324099677,14.177859648227914,15.233218917233568,16.444300262807392,-0.4071294853542516,-0.9133704517637858
2022-07-27 21:00:00,0.0,78.0,51.0,33.0,5.0,28.0,45.08655951191887,26.292422438582093,8.29003378751235,4.688785811006158,38.337578234962386,38.334702678767016,39.99240879996672,44.437412887219395,49.59582124957181,55.55394033922202,62.53366037566763,70.81445699721544,78.81280612611981,84.92852896959695,91.7820906288952,95.53591410839226,77.59804993464925,57.55477992074582,39.708480749134864,39.43828783246885,39.17444216768061,38.171689405436645,35.164465860358376,29.480257427044503,27.995901070816753,-0.4227806579826773,-0.9062320427107697
2022-07-28 21:00:00,0.0,79.0,39.333333333333336,24.0,8.0,17.0,54.11135105682001,40.43526848440261,7.216109414610338,5.409432063132663,62.09867700518107,62.288678470097615,64.3069755611749,71.87803375869207,80.1130638353166,85.58854320723607,88.49165995527353,88.26851519675985,87.36785651306263,85.0256002798475,79.50148293549438,70.7370618203177,71.11517263708316,73.19498331189061,76.84528402935578,60.250298874858565,43.74590983121537,44.44310879312584,43.1399083360355,37.87477419604002,29.840448626469048,-0.4383067230125192,-0.898825465016444
2022-07-29 21:00:00,8.0,76.0,33.0,29.0,7.0,26.0,53.6895020662446,34.83776508448546,6.020250875172027,5.640564983845182,81.17753084239845,81.44047881199475,84.33868670372009,92.51531496568384,97.78218493727931,99.29866820798695,99.03034788837827,96.3294125571694,84.20159931993003,79.16735080339517,82.45637455125878,92.04975715821807,91.84086511186668,92.33261031557457,92.66589338168518,82.43952487727543,66.71507094289474,40.62990498795466,20.29730349051528,14.71781505867126,13.092206155855637,-0.45370308603134424,-0.8911529104063088
2022-07-30 21:00:00,-2.0,74.0,28.666666666666668,35.0,9.0,30.0,51.50253858578976,25.60455839460481,7.415408070555576,4.4001786524511015,54.116414659238075,53.89149222231391,57.332547908944,64.01763388133571,71.84738400932439,79.81037900561336,82.4842263725741,85.09438807158062,81.87686031645086,79.82667023273159,81.0509152777856,80.71134722781288,67.28598535952838,47.2805855130854,27.782716903643124,25.622622128201822,24.93379069644064,28.120167062886015,28.743898446283332,25.717112177249575,23.15664490360293,-0.46896519100763184,-0.8832166493127127
2022-07-31 21:00:00,2.0,79.0,22.333333333333332,23.0,5.0,27.0,48.620824049315594,28.89647939403464,6.790517602516123,6.06275674194571,39.46277172600584,39.19946609860662,42.264377020935186,46.941933675403966,52.39062386699438,58.377575223783595,65.79537612626427,72.62873163826147,78.72270354548357,80.54786375056608,69.13597430955446,55.93945917451736,52.66224700856238,52.76008403893863,52.86964812840339,51.507205136104574,48.08700936571651,41.86008634492709,33.15357795068538,22.24704050234691,13.86586960892818,-0.48408852163897587,-0.8750190302029955
2022-08-01 21:00:00,-1.0,81.0,33.333333333333336,32.0,5.0,20.0,47.20211083448106,29.23389308942076,8.74131770714903,5.299636211314549,36.111196642606416,36.1294320961423,37.744263240343386,40.98647770431844,45.06216228666577,49.77546530684208,54.68863292492843,59.96220976344395,65.29698451429438,70.1896692644517,73.39212485543472,74.69908173904986,76.55543583039096,75.85862040672272,72.02759946314669,53.49499609581285,38.3740907113326,36.70313758314744,38.88249511871011,47.355531736172466,50.21966615686805,-0.4990686026885319,-0.8665624788845385
2022-08-02 21:00:00,-4.0,75.0,57.666666666666664,12.0,5.0,26.0,71.09901498420001,39.63880677877136,7.167869981423558,5.645323701939688,59.24446651100601,59.31721665294265,60.71739984873297,66.02323474330066,69.74942267990777,73.33246503249849,80.40701474405897,86.31104415998877,89.76558735136555,89.85797548802465,86.86822406615875,82.12464863914775,77.95320111361025,73.12075410507235,67.2889681890244,58.36716363474922,48.675953938198916,39.840084805219256,31.537291125524092,26.168841892917037,33.317730313182196,-0.5139010013093103,-0.8578494977869301
2022-08-03 21:00:00,1.0,78.0,18.0,35.0,3.0,23.0,46.75258246477517,22.427965831808187,6.4143424559678595,5.341220868647312,40.114545423033924,40.08398475577511,42.51804122700718,47.20672237834347,52.519967803251475,58.221081142491684,63.867192378771364,70.372099451726,78.24947149762987,83.58254459874411,61.44900534510768,27.927827575917004,11.601610247986352,8.74524300166338,11.683795947086443,11.858190660827372,11.778074327578581,10.986564135894115,10.957201596692814,12.065794529513052,14.978615953616165,-0.5285813283559292,-0.8488826652214553
2022-08-04 21:00:00,-2.0,83.0,48.666666666666664,11.0,5.0,23.0,58.59363005950207,37.85453894313058,8.846464173759252,5.231798802129429,32.944400460209685,33.03249972381057,34.732747097235375,38.328527380942326,42.33816126875691,47.085374386918836,52.58881484037572,59.24563099539385,67.04438768650827,72.13017104243094,75.96673638890937,78.53287585257846,77.35775913532973,77.64446558860713,77.75189910719725,83.68817163264175,88.87170076759344,90.26922120669822,82.68813319209113,61.76204944104507,48.71326545077868,-0.5431052396834317,-0.8396646346181327
2022-08-05 21:00:00,-3.0,76.0,75.0,17.0,3.0,34.0,68.76831510279386,31.879030576778984,6.047473678284421,6.0660306136135125,60.55219967401966,60.48340093642527,66.07571676593325,73.50266323201315,79.81639269711695,83.54491992684807,85.55893022734877,87.4561697479553,89.0667136680155,84.41934385999889,66.54517166587993,44.32602976198336,21.07271083622777,12.636735034506458,9.030382883719438,15.568148534391602,22.627305237781506,29.42715119402426,33.11560881337436,33.62505187287569,33.03637538289174,-0.5574684374327892,-0.8301981337405212
2022-08-06 21:00:00,0.0,81.0,30.666666666666668,17.0,6.0,19.0,66.97441436730708,37.5866144447829,7.460162633213277,5.172035354091862,53.88651669297136,53.54302889543385,58.53453985049513,64.8187843731077,70.95239969316752,76.34588172383154,81.48436301789974,85.13745519227611,84.43032821448078,85.27062130212218,79.38223327122704,68.2858682346457,53.30138082620055,40.550495006085825,28.94174388003119,21.123258717557274,16.199602085771243,16.305288303993475,16.223290378316584,15.683335798245265,12.04999661005624,-0.5716666713027052,-0.8204859638785327
2022-08-07 21:00:00,-1.0,82.0,47.333333333333336,21.0,6.0,27.0,62.644407454277065,39.83715565833638,8.499773180103713,4.526757886037617,42.35558531216847,42.495320973661244,44.462152307699846,49.04939154327395,54.15152157519788,60.22646559404025,66.89480019751865,66.4756783264127,64.9938637325293,68.75968855291504,75.21590286890998,81.29116349322463,80.65729007835414,85.68558541592809,94.61487313630968,80.15374191887827,62.90590681242188,47.15951087702177,45.38014606510049,62.34698327212694,70.66730036303989,-0.5856957398073508,-0.8105309990194823
2022-08-08 21:00:00,-1.0,62.0,91.0,15.0,4.0,11.0,80.69837140029473,42.231030515518405,3.4421330313744125,4.739396416294468,96.04942217267892,95.64359732634108,93.95986659997234,87.55886013768924,88.59675598257198,88.84496641481189,83.46560458193157,75.882116039736,75.18083337686907,74.4001401205311,71.81154760835253,70.81106039245765,78.54977763283068,86.91089660087795,95.5724503490147,98.26925042169294,99.66104583498732,99.45444652568526,99.03166013131025,99.54468023634232,98.95590214243173,-0.5995514915196489,-0.8003361849976323
2022-08-09 21:00:00,0.0,65.0,83.66666666666667,20.0,6.0,1.0,80.92009306915742,33.36002843345746,3.0067788715702326,5.073076955876695,91.21452447170772,91.17312361227337,96.92201628519534,99.15109726533687,100.0,97.74435124262475,98.01394132091508,99.79833970401707,100.0,99.90891573027059,97.06901230513839,88.08951850616262,69.99892851177293,51.84074544664822,33.344630645009346,21.490828503021742,11.439397133264837,6.823892334176416,4.0709933604711805,4.106860676033633,4.17489325590446,-0.6132298262997502,-0.7899045386224707
2022-08-10 21:00:00,-2.0,68.0,80.0,19.0,2.0,20.0,72.93876680928581,21.408274019274618,3.282065996443867,5.778602702898064,73.6357746224075,73.45972400435909,79.30517000176886,87.8257837505786,96.2223651918722,98.86423329888746,99.66391981879868,97.8360042986966,81.9245027476661,44.65887199783217,23.015655679753365,10.727279706099068,6.445169329543974,5.8748493958273675,6.537554176313807,7.19914882651632,7.2320330797691526,5.911910836861284,4.670967844426512,3.424277992986619,2.9214272246907824,-0.6267266965083301,-0.7792391467859886
2022-08-11 21:00:00,-1.0,72.0,62.333333333333336,17.0,4.0,25.0,68.33135540319206,26.6023338203126,8.207216170929696,5.1971798030016325,41.78268655477312,41.87862429348732,43.37970842540174,48.07472441729714,53.45523429424901,60.07689183838964,67.63796829653003,76.76437494197963,87.17158472436742,94.17699582764368,94.59149053597683,87.88801539145335,71.30935725591202,57.07819547156805,44.60059208267242,40.09893018459187,34.1006389291586,24.018106565696833,13.861705235121535,4.49407993203035,1.6344561791420453,-0.6400381082043503,-0.7683431655492202
2022-08-12 21:00:00,-1.0,68.0,38.0,33.0,6.0,33.0,56.5773530853524,19.36687696439879,6.538276583314852,5.56942836696513,52.68630273997857,52.34661535665028,56.194732460826046,62.54256401147873,69.27206304430905,73.49672212407927,78.0672530512112,81.59185872587297,85.84097000441723,81.94721279360505,64.18749707668519,41.267560439370925,22.590352244982434,16.11812129818409,13.853863842910735,12.31048346739624,10.740871675903986,9.35800195866459,8.04813306610771,6.751618483384771,5.76684362307475,-0.65316012232693,-0.7572198192083127
2022-08-13 21:00:00,-3.0,68.0,64.66666666666667,24.0,3.0,34.0,56.5773530853524,17.70651552199985,5.890708717475429,6.332821282619626,50.04824627022768,50.05069561845323,53.73884728840386,60.059876690336935,66.00357581256982,69.49738208429731,75.88029991459841,84.29129562319808,93.64510866955865,96.53214439801128,69.91254800239552,38.7150388464052,15.469061031765943,8.468665194645753,5.356485706686046,6.1403992289727904,6.962897991831733,7.493029990624138,14.96975775402337,32.37286430239678,58.336684102731205,-0.666088855860977,-0.7458723993404063
2022-08-14 21:00:00,0.0,71.0,29.666666666666668,25.0,3.0,33.0,54.95084226417701,21.19024591913187,8.281612006220316,4.5101329862752815,45.21704928938347,45.128638982317156,48.29789548112693,53.71734169679213,56.94145246477621,64.28942354919003,70.12515844774217,74.60818351987444,76.98611144786797,75.04447481340857,72.3400194231131,70.45097269917218,74.94265392822713,62.30289919991362,42.11099068176568,21.198791635712897,8.774358609176938,9.360612932418043,10.865015705750848,13.697983742074904,15.677643677423516,-0.6788204829862355,-0.734304263829602
2022-08-15 21:00:00,3.0,73.0,45.666666666666664,27.0,2.0,5.0,53.262920322678845,26.71309489895274,8.509066368858576,5.47185703740946,43.00089438835372,42.989062179457434,45.399564380673176,50.140901675705074,55.66584766605528,62.147898770216145,69.56371020225488,77.7053589073091,85.96338256653823,90.12083400010093,91.77739515728088,92.23478080795537,94.41125900348116,96.84951217566288,98.0660684890625,78.91822535141883,55.92668667735489,27.137489770721263,16.102538594366493,26.14929091455793,32.78897012054253,-0.6913512362094071,-0.722518835873311
2022-08-16 21:00:00,1.0,73.0,48.666666666666664,19.0,5.0,6.0,57.26296650219611,28.73562649221497,8.008512931119384,5.185540714951839,57.017387748162804,57.54003443797717,61.61626258676493,67.86426661749269,71.85357218820597,76.03084486308131,77.75846441976613,77.7130306047767,77.36471395213071,76.40852212666844,75.14716752048255,76.14877585963742,82.21839626322088,81.96384060744288,76.88137238817725,65.49011988109856,57.983089260875566,57.76919328625508,63.29171351120522,75.40502936130491,64.6738442930874,-0.7036774074790128,-0.7105196029692745
2022-08-17 21:00:00,2.0,63.0,87.33333333333333,14.0,10.0,3.0,83.7311746969401,35.97328643079037,4.414832368142822,5.562103625772325,87.85879606572108,87.82791993591186,91.16660270328288,95.36225073926505,97.4089657419267,97.99864846093136,97.24464603086672,98.66432548196589,99.79498030265462,99.22993429731554,96.86482988218951,94.98570843018382,95.92557570615675,97.79560005172809,99.57912855642583,97.21128085641467,92.2298895965126,86.51455742161498,85.62823455302376,92.77818462896144,93.63779506548356,-0.7157953492826642,-0.6983101158835584
2022-08-18 21:00:00,0.0,64.0,87.0,11.0,5.0,30.0,89.97622922345559,34.250472252928276,5.3717262594750474,6.4355436862828075,93.02949427089445,93.27969505003344,95.08743471282585,98.4983717488524,99.01161956991514,98.5473899629757,99.2175159856989,98.58976342599509,96.37595540775882,92.70799805549255,89.99633851150479,85.95954534801015,79.60606711980897,71.87270364304355,61.889435306387064,56.29223692057753,50.19696712640529,45.168895404504624,38.78153420533395,31.500593112822255,23.136163286441764,-0.7277014757264236,-0.6858939875998223
2022-08-19 21:00:00,-2.0,71.0,48.0,22.0,7.0,30.0,61.27034483869424,29.965622462118443,7.487467137129222,5.4552758156227865,56.086914786044595,55.86591306418357,58.41878018406749,64.02767414537645,70.75942251899573,78.35216703436778,84.03547436260405,87.4225491247038,85.35926803564976,81.62784010230011,80.65771101197345,81.27763288621813,78.23883070322428,74.47972781117248,71.22724590968006,70.07923138790032,66.99805794309091,58.121063211426986,45.50364542307949,27.521383930878667,20.758800183368844,-0.7393922635959241,-0.673274892250183
2022-08-20 21:00:00,2.0,79.0,18.0,23.0,3.0,25.0,52.22353196842017,28.0342307315854,8.629877314966908,5.179687862937531,41.969337342981795,42.70117126770199,44.97157323770659,49.26122480817394,53.266963224081906,58.135409581731935,64.03853096872247,70.16067971275143,74.49401252931696,70.79773966336943,70.10857051840875,68.40230184527472,63.96000356748296,60.480419897114956,56.645686774087736,51.63438931712658,46.58024933218204,42.408890200104175,38.29110830121403,33.22324494016943,27.121502653768093,-0.7508642533989489,-0.6604565640279754
2022-08-21 21:00:00,0.0,78.0,44.666666666666664,15.0,7.0,18.0,57.93497644811754,44.664440265785466,7.476345064518865,5.787172840866187,62.94002274036467,63.31142990289691,58.57163285996264,61.49451221070792,67.5028339237998,74.65387570022072,83.13208706419151,91.99338134029647,98.53857360840232,100.0,100.0,100.0,100.0,100.0,100.0,100.0,100.0,100.0,100.0,100.0,86.24916770575906,-0.7621140503891487,-0.6474427960827475
2022-08-22 21:00:00,-6.0,75.0,59.333333333333336,20.0,6.0,17.0,55.50914990713619,29.875310990146502,6.486878358515544,5.650811471568667,56.350862918656084,56.21835328621195,59.61486963123416,66.03979691564456,73.4495648482117,77.30730504196815,74.76277600968014,64.86443599782851,42.3114618180931,32.646451541880396,31.919370275861635,36.39083761290354,42.580611565282446,52.47556711258679,65.03092274144049,77.39924549040981,88.11247212725848,92.09759166329583,92.80927278307166,89.29014180725544,84.82876290409152,-0.7731383255706026,-0.6342374393978054
2022-08-23 21:00:00,3.0,69.0,78.33333333333333,17.0,3.0,14.0,81.21007848481806,38.76574937431564,5.284175330103108,6.672268742761986,84.31121008951511,84.30148685391292,88.27375609676022,94.64761026633981,94.77241068659478,94.01062049010413,90.15083104800551,84.62854855583785,83.32110131827221,81.32839799162619,79.12064899978137,76.27118112160946,74.33511152422028,75.03900644200819,78.11057524465627,80.95631381088019,83.47856920462074,82.86041040883842,84.5684375960446,91.57714339750905,87.91994938339063,-0.7839338166829201,-0.620844401650647
2022-08-24 21:00:00,-2.0,72.0,63.666666666666664,15.0,3.0,30.0,73.32748485196429,38.50008013997314,6.2614998866606815,5.519706693771556,77.42582926874252,77.21239547838809,80.80551373085618,87.0082235395315,92.29624303258541,95.88768228967818,96.225197426188,98.05207120832988,98.80280684981389,99.34581090101587,98.67641160352294,96.02380002736724,93.73674643719313,87.86500336185907,78.78273573276446,67.47894759052102,54.48848780244515,40.41007315087363,26.756879498021007,14.93818769396556,12.35504463488516,-0.7944973291665992,-0.6072676460566135
2022-08-25 21:00:00,5.0,72.0,39.333333333333336,15.0,4.0,32.0,68.33135540319206,33.52086036667277,6.347708312507561,5.361961263481208,73.69123031957527,73.54222082198075,78.16364245735623,80.37337443710474,77.65626260223067,76.73414678524931,78.45090825839921,76.47263019044115,74.38191153921238,82.37946622782317,91.72317977789481,98.90734831082608,99.41771309800549,92.21690160939586,80.90354976037071,67.86069716355688,58.295077228501476,58.28236268207995,56.00358543606633,50.715050258997174,45.83087451819948,-0.8048257371083452,-0.593511190196115
2022-08-26 21:00:00,3.0,66.0,87.66666666666667,11.0,5.0,17.0,86.94143204085914,38.90014771879341,5.9381951376870035,5.4344106081844705,94.41369281921828,94.31462669513415,97.12236920416751,96.11252664381787,95.54628621991813,96.49837615195736,97.32322672242685,91.46716501052013,89.38080135931436,90.8821687288868,93.8669055027448,96.63425003941285,100.0,100.0,100.0,100.0,100.0,100.0,100.0,98.66847183163277,96.85086458304272,-0.8149159841660791,-0.5795791048257612
2022-08-27 21:00:00,4.0,67.0,36.333333333333336,30.0,5.0,34.0,60.7543368911074,22.664632902841866,4.768191995799083,6.207083284921153,75.12151550140439,74.95414326770744,80.29950093361765,89.01819539608117,92.80265086280099,90.31399539587284,86.67503186264068,86.83028167713228,91.13139505609395,79.58568049381998,47.83204640002579,17.505073431955918,6.080179089520671,5.45693193043807,8.555330691116147,10.828656624799073,12.477410713454324,12.300646391979503,12.100819619094104,12.129580641077435,12.92830343398705,-0.8247650844733614,-0.5654755126737576
2022-08-28 21:00:00,2.0,73.0,12.0,26.0,5.0,19.0,55.23107333223108,19.662100554742157,5.20523899345554,6.1640166615061025,51.936512302868906,52.440518183970234,56.25696149946713,62.79574749275368,70.22018142503984,75.36853345076027,71.5374989694075,53.4865598072773,30.738663990375027,22.03805724902952,19.768570979550855,19.658193919487164,20.407426861751127,20.692976763605465,20.84361092966487,19.817799680623136,17.86831501352847,14.220074011245446,10.85910137382764,7.470367231432635,6.2316528908235735,-0.8343701235229537,-0.5512045872199277
2022-08-29 21:00:00,-3.0,79.0,50.333333333333336,20.0,6.0,20.0,62.2760878775776,34.31625579353043,7.992638681424431,4.0722588944994325,52.915768015966215,52.90533397584941,55.67151656681801,61.32630552623063,67.48261652470721,74.27397681124893,81.3626517372752,84.85182638385352,84.52562805110985,84.46084925134734,84.00386452938592,81.36563191655401,71.79450454418809,55.715558930330324,36.47497992143084,21.02508207710087,8.843327626112755,3.242037916158315,0.11923805128557777,1.172560562056258,4.4176403256239825,-0.8437282590292712,-0.5367705514607103
2022-08-30 21:00:00,-3.0,81.0,24.333333333333332,19.0,8.0,17.0,62.52216174202056,35.34996540413855,7.578278007413547,4.8913694619938175,54.498598598613654,54.54646985376685,56.60355539559916,62.66671757191716,70.02671228353505,77.33474833874617,75.7804120163057,77.27288000587299,79.59926561980033,77.05516332919473,70.5272784449926,61.4593656707776,52.09704684818679,38.72233003505966,22.795536341617904,15.624938820232995,9.26387960400133,6.9412021940107635,5.597764735098962,6.321564753190259,7.037120996534354,-0.8528367217694595,-0.522177676659508
2022-08-31 21:00:00,4.0,70.0,68.66666666666667,15.0,5.0,23.0,75.76630560203299,30.30014718665528,7.206379716473311,4.478977298973095,73.15713771903998,73.07141477551971,70.92032650777676,57.185989058997166,58.796057828964166,61.62968251822966,64.09402888951223,67.05575115527587,74.53400371579923,82.63384214003476,90.33391985177202,97.98792871070373,96.24821569530575,82.91286602793663,55.21151109183218,38.928428742340635,24.485772224212592,15.434124389586772,9.840855383981822,13.361946925288454,17.976398452453147,-0.8616928164028521,-0.5074302810827518
2022-09-01 21:00:00,1.0,62.0,35.666666666666664,46.0,9.0,30.0,57.88027759399017,19.435082758189207,4.123718558076567,5.3710686222125865,62.129539377822276,62.28418971412911,65.14353942885487,72.8840512015227,80.4245397321499,86.75869586480762,93.34812130706756,98.88332659760299,99.63962538794702,87.97842029084121,74.44845356027015,63.268945685139954,57.38694682605823,53.14721626640419,49.29823282256371,44.179198671438314,38.70703581629032,32.96653019307666,27.808816883345667,24.09119449517762,20.311192078134212,-0.8702939222685674,-0.49253272872205434
2022-09-02 21:00:00,2.0,70.0,4.666666666666667,20.0,4.0,25.0,49.06274959008728,23.84904337962819,5.293085654720732,5.397247425315676,47.51289639449867,47.45697158494047,51.856949821803525,57.90168667318961,64.84277469045325,72.79727935173403,81.1375084159981,86.59091101095069,85.57436975517442,74.22462604800145,58.11639765508802,45.939629274448976,40.10589866209804,42.39494826152681,45.57028436604655,46.8779953214967,45.29133858059835,39.1863627640283,31.462905199168866,21.317297605039503,14.768505081294872,-0.8786374941610001,-0.4774894280028391
2022-09-03 21:00:00,-1.0,72.0,46.0,20.0,6.0,18.0,55.091227971046706,20.633841055919074,5.676308912877084,6.178951849842787,53.613636587945315,53.89683363838687,58.300555561462964,63.89049215888556,63.62967267103957,59.376026333729406,52.51762779718704,44.03881269813035,36.395151174021734,33.391841645126604,33.266495632350264,33.066962546900655,31.782414768629096,28.54637411684725,25.144107119497903,23.291534593799454,23.45912341573922,26.635200181972984,31.230212783151412,38.01012545568547,41.08352504047094,-0.886721063082993,-0.46230483047981086
2022-09-04 21:00:00,0.0,64.0,74.33333333333333,15.0,6.0,36.0,77.99002766483804,35.203902443809824,4.203985272159514,5.436677932704373,85.3374518015555,85.22372587972326,90.03821587472997,92.38701103091668,96.21049052471015,99.3926468476766,99.47959366616591,100.0,100.0,99.89741915247696,99.55287862790115,99.10529351331462,96.77477147031314,96.37133922772438,95.61731765289811,91.22764458034737,85.71474059333106,78.22693324763767,71.64726577691891,65.24764826328934,57.922921354621195,-0.8945422369764496,-0.4469834295196741
2022-09-05 21:00:00,1.0,59.0,82.0,15.0,3.0,11.0,80.4729367073184,32.19929931902845,4.020748063967101,5.619120810832469,90.15982412077133,90.26603459909933,88.87655406340565,88.6611032673522,92.2986138476852,96.07369799975311,98.76404216860452,99.38364693600907,99.38905733046154,95.87355939655473,93.19619196554491,93.55997951536482,97.30588422308467,97.94999496360869,98.2298734002775,99.78232710890981,100.0,100.0,99.99703875493867,100.0,92.48201152673197,-0.9020987014301837,-0.43152975897147144
2022-09-06 21:00:00,-4.0,66.0,32.666666666666664,23.0,3.0,35.0,58.42632469788989,19.030643513272864,5.365748331182122,6.30958890322445,56.973944174444334,56.869634961927794,61.90742874026691,68.59160073853202,75.77902146776714,83.71106291402863,85.17745738534941,75.63242632909807,58.98437572096926,40.6568104288631,26.45108228193156,19.679508505438363,24.46777494983762,26.66217718041149,28.05889210254534,28.62534586439862,29.05043817270545,29.752405163246635,27.91854366578011,23.013492067454873,21.516881336084623,-0.9093882203647925,-0.4159483918249421
2022-09-07 21:00:00,-1.0,71.0,7.333333333333333,21.0,2.0,12.0,52.975883453002126,20.683241719750654,6.3230380323640585,5.23817817551117,46.428475836612535,46.30957720698971,49.10758880150045,53.991958974523136,55.162583281854324,56.26225074297893,55.65530411528985,53.97904823559435,54.1309404546954,56.90212797541299,55.1207942065697,49.691636474414146,41.493997829505744,37.74602931613758,35.96054858036254,39.62491531099042,42.679207220000734,43.50907720991074,39.621727922120456,29.599861765964302,21.631406168422764,-0.9164086366943458,-0.4002439388573056
2022-09-08 21:00:00,0.0,70.0,37.333333333333336,14.0,2.0,15.0,61.1421746910109,25.098786609586934,7.808180141034804,5.963071880663636,44.26619927291549,44.18167644757841,46.23145084289932,50.818904882843306,55.59055858612722,58.387543297332776,63.69269609797216,70.5249557746981,80.23345925277681,84.08974888012489,82.12764550964582,77.2522397003923,76.04100713112784,77.42529492226909,80.54205661880158,83.41745948476978,84.39112188610167,80.46935443277484,76.28728778688986,72.12707451029142,69.76219930842787,-0.9231578729647039,-0.38442104726885545
2022-09-09 21:00:00,-1.0,74.0,9.666666666666666,23.0,3.0,35.0,55.370380068334434,24.685243410891054,6.57884699001741,5.507301646533778,47.605104262636836,47.64196895892532,51.01360340739939,56.911316117586686,62.725653183633725,68.44195585999202,73.2103271054499,77.2839624828173,80.92436431599114,68.67652710979829,44.2508968040762,23.12740413768923,19.431241541460096,21.62067332979296,26.06437884758422,30.865187723638172,36.55796687323189,43.89122088463914,50.698031441955806,57.50638744468708,58.52276863230629,-0.9296339319682695,-0.3684843993077793
2022-09-10 21:00:00,-1.0,77.0,5.333333333333333,21.0,3.0,32.0,55.785085837923,26.871769603880512,5.636910493359069,7.3026578912336255,51.60741426292994,51.467903825336755,55.802133017862445,60.65607444864878,64.72512645689619,65.41522362827654,58.143445110695794,44.91328147894776,31.620871231261923,25.70121896197728,26.7507208045632,30.496187328281408,36.519023132486375,39.46946082413774,42.149109669836484,46.30231206358933,50.68175459189508,55.50110049679704,58.39539361769006,58.49795678561313,52.05866038796242,-0.9358348973349941,-0.35243871088460327
2022-09-11 21:00:00,-1.0,75.0,72.0,10.0,3.0,30.0,61.777544009622254,26.968774856778378,7.1268070197534215,5.716878202004757,48.02215170312304,47.984632297536024,50.92858662270095,55.563863334438835,60.22995880915117,64.22863144201553,69.35963362080658,73.94275882895374,72.22262902785327,59.44936245002887,37.790366019903196,19.582403818478284,21.441539242997408,22.932260146980095,24.800913613975275,32.03089681258369,41.11884815248443,52.91379054477831,65.36279010118982,78.92467057767392,85.3314862217375,-0.9417589340994617,-0.33628873017668287
2022-09-12 21:00:00,-2.0,75.0,35.333333333333336,18.0,2.0,32.0,59.62226929298537,28.72839061861718,7.648650423383471,4.284051034697279,50.05461065123592,50.229484263627235,52.26017361423187,58.03474814289038,63.10675251670702,68.40179604112647,73.46696071927624,76.67313487223174,77.29573260065331,76.71534445062194,76.98618640667789,77.68599364312254,79.53474516874526,69.77474702763003,51.78267214169468,40.88567330390479,31.555986474113812,30.39010948578736,29.437169577791177,29.41731674283336,37.64306767555411,-0.9474042892438845,-0.32003923622313857
2022-09-13 21:00:00,-2.0,68.0,85.66666666666667,12.0,5.0,15.0,81.13817843415875,41.42463563226782,4.731744940976982,5.457362074331054,88.14005554953347,87.93472675488339,89.96321061043103,91.6607978583693,92.897243984112,99.0497990629033,100.0,99.04968561695756,96.69941644949843,96.97241794583876,97.73858033365848,99.02871522598072,99.23499560930928,99.58057314631769,99.25371367341108,99.34632752597619,98.78372780195122,98.46142339474065,98.4599348582241,98.49942463254067,99.42865755903864,-0.9527692922168511,-0.30369503751065885
2022-09-14 21:00:00,2.0,64.0,56.666666666666664,23.0,11.0,29.0,72.54211374670008,24.836501334360644,5.272448205200455,6.618326502684843,79.3891984124165,79.00031436878785,80.71795236421664,88.19862526148054,93.37682121265175,94.74678756233246,93.48687554761057,92.53053155990882,88.07298064266097,78.04577611002986,64.72619736549271,49.20074015643808,36.323937721258545,25.101981798317297,15.923781144949276,13.702010722304154,12.98998683146454,15.948728718820949,19.009292775214966,20.84162543641283,20.53562165953434,-0.9578523554276669,-0.28726097055059635
2022-09-15 21:00:00,0.0,55.0,20.333333333333332,48.0,14.0,31.0,50.60187561794369,9.099694191218802,4.122060041361816,5.276250644662646,54.81760586589094,54.47791475004372,58.345082976646154,64.73321126842401,72.61321555700219,81.12449962508133,83.85758039636056,74.91373565095503,52.28000552436794,26.888629662219127,13.311396011644458,6.579445221439147,5.728597158413252,6.022697955088571,6.611979420670626,6.4298954948116505,6.443782429197316,6.858023196105815,7.658004769002835,8.917629898363218,11.809669195485743,-0.9626519747161487,-0.2707418984477642
2022-09-16 21:00:00,0.0,56.0,21.0,42.0,10.0,32.0,48.79868354185697,9.012487602631156,4.269348800715913,5.7601680751372655,50.22412881701236,50.04474756401128,54.23721755351345,60.75664100766925,68.0920860978037,73.99909410036314,70.72693532126058,53.07000758809105,24.851917864832448,16.208147189100465,16.20751001725361,17.317817554070068,14.906633724373098,11.350854678979177,7.576291703551995,5.789506477191223,4.626670785340146,4.705579786269885,5.176518308816299,6.058790916396558,6.605193051259205,-0.9671667297977312,-0.2541427094613622
2022-09-17 21:00:00,2.0,62.0,35.0,24.0,5.0,25.0,46.03361253726266,8.361506156739377,5.320431179474093,5.7739952785724,34.34645970459966,34.198691892253535,36.73922354859436,40.86719072484356,45.527886689213645,48.012386108419456,44.375789199496225,32.51692245495798,18.680189095625092,14.181296334060677,13.363153058667654,13.153244347121815,12.190706367208515,10.822842234463813,9.222267773377123,7.620130388790125,5.924776901898735,4.099241204063067,2.781579336318052,2.0792351156685953,12.897451606106541,-0.97139528468375,-0.23746831555846842
2022-09-18 21:00:00,0.0,57.0,78.33333333333333,17.0,3.0,2.0,77.39637891920374,31.425732723293397,3.975063588725969,5.462467027509703,94.74859321932423,94.70584354662164,98.71883780897045,98.3590957983827,97.98794854447175,98.5170246134529,98.02119352613569,94.38728757307244,88.1021695811496,87.36078851124815,89.84835698785373,94.2637181484355,98.73350622422143,99.40141979126984,100.0,99.72575571675691,99.77642872747823,95.3709579354788,92.80920465480993,92.67591360997079,93.64573577834875,-0.9753363880767837,-0.2207236509605022
2022-09-19 21:00:00,0.0,54.0,79.66666666666667,14.0,5.0,12.0,77.13499337887522,30.120863122813034,3.7187854048383926,5.488968771190513,85.16880268420579,84.82815704226913,89.32314487998534,96.3754551851308,99.13609110333714,100.0,99.29005050649518,97.69227022799716,90.5753734400891,86.84520794304514,85.67909563953478,86.04521979127246,88.20578743792775,88.49616504410258,88.25946400537224,90.8983697984681,93.68740273831199,95.20138972426882,96.4134229861849,96.59858036334529,95.78083147234635,-0.9789888737409319,-0.20391367068311472
2022-09-20 21:00:00,2.0,52.0,89.33333333333333,15.0,6.0,7.0,86.1853171899682,26.595355351909998,4.408716408152931,5.895965656990183,90.22113961959765,90.28219662387488,94.75531246135687,98.93817854403292,99.2528287013573,99.36577749172683,97.67210579495224,95.25829355147432,96.09392768939757,98.5761067499786,99.38870539380257,99.46292331589254,98.09273122092708,98.21079452456212,99.03739254474954,98.97094411947442,98.81216555475677,97.03697759494972,95.05400239542446,92.90967868677697,90.28849571906503,-0.9823516608469237,-0.18704334906991657
2022-09-21 21:00:00,3.0,60.0,59.333333333333336,17.0,3.0,22.0,74.85066533341019,20.231259481249577,3.9790653433935357,6.599224313161539,81.14182169556456,81.20842736248365,83.93497444243305,92.30692531591619,92.1183249250132,86.57217503067285,71.5293584705337,47.868491568900744,30.11359309568622,24.159476569469117,24.76897674556793,29.071405898387702,31.40312700067446,31.177228042878635,28.318285757814294,23.96282620391928,19.761812276840303,19.14324842694776,19.490566359470552,22.26048658653676,25.887611999550042,-0.9854237542919524,-0.17011767832049052
2022-09-23 21:00:00,-3.0,48.0,76.0,38.0,13.0,33.0,62.991173163220225,11.057776657258525,4.8753986523631,6.259171178152586,69.50060317841486,69.18283137099812,71.77851975783251,79.53586116310491,88.65937473435555,94.24787804520896,99.42923260431223,99.50367458528925,95.20821371086116,73.60458424157764,53.590338270407365,39.1001036008565,26.2377436783419,16.188176563148165,7.993764080207644,7.078327155075023,7.319838853293002,11.222819342692663,15.62157808044782,20.215794539040854,24.354862529912573,-0.9906923101615609,-0.13612033862266704
2022-09-24 21:00:00,1.0,57.0,29.0,36.0,14.0,31.0,55.01991664437554,14.552595040927272,4.659042429350103,5.421215674123293,65.37925439831909,65.5306358041177,66.86918634418508,73.52569403687302,81.75427787719258,89.64038386342196,85.98728825876806,77.05896217924865,74.60532968446446,67.8239036989751,56.129867686440825,39.54072482569269,25.48573321024183,14.751575421453122,6.878107747395465,4.6847980548524015,3.3588466088793263,4.487919996951701,5.627528630078798,6.434508366791128,6.8322498019190325,-0.9928872135356962,-0.11905873003404988
2022-09-25 21:00:00,0.0,61.0,48.666666666666664,14.0,4.0,19.0,59.96347060974499,22.44088417746089,6.637693399978143,6.008764629976334,58.85296742625522,58.767366666472356,59.902198383126226,65.99997060867445,73.65184737280612,74.92336079958785,72.09145891111513,74.79169089627621,79.75391027691697,83.3401801855733,84.43667604791887,82.83627895240231,83.04581691872728,84.79740113802166,87.61277979866401,89.32480873678554,90.28394002177095,88.95147470649178,85.30997027051875,78.22688982420158,69.55192721022131,-0.994788305609327,-0.10196189005174576
2022-09-26 21:00:00,3.0,61.0,58.666666666666664,12.0,5.0,18.0,80.62364290299612,21.45647966705979,7.266933739635215,6.24563615354053,65.42779256781316,65.57535940403638,66.0790180036129,71.8140215261155,79.22424770484976,86.14833781012928,89.91543801924288,91.78979131973615,93.36541413704124,91.603369127259,82.50698243193824,62.668719029682094,48.71724595199485,36.06245615676311,25.357237168394413,19.438398142589072,13.998136350987469,11.535853678664774,9.31243229705893,8.638553568683417,12.587988896503955,-0.9963950238187231,-0.08483487790576538
2022-09-27 21:00:00,4.0,61.0,49.0,14.0,5.0,20.0,64.63310849589597,16.33129274557776,7.674021355179313,6.981580753063084,50.711402466925314,50.550093080231576,51.49923103725016,56.20612860654725,62.83201470208352,70.49409883351507,78.17809320014672,81.25038551373375,84.14969493316617,84.85527575031918,79.85746731991826,67.39374113619738,48.513266498833104,34.309887568088484,23.719044867999557,19.888710141675354,16.44084283142173,15.871341049737012,16.2364170694554,18.827117686988114,21.96669744596444,-0.9977068927101168,-0.06768276175455162
2022-09-28 21:00:00,0.0,58.0,49.0,29.0,6.0,30.0,71.93182945989565,19.03024724273816,6.773974824771038,6.74306131552657,70.76137612162962,70.46702907974336,74.93509830349544,79.94192766624482,80.77625646287476,83.91086168672277,87.74686566043212,89.03940029081292,87.96851855260593,86.55144282472213,83.78023245524159,77.5256014271087,67.85901909683291,56.601921212518825,45.63844791659379,43.68588276912943,42.49039798595754,43.554006134627485,43.92351841849737,42.71888246020669,38.32348914698708,-0.9987235240803972,-0.050510617185222886
2022-09-29 21:00:00,4.0,51.0,55.0,35.0,7.0,32.0,65.89567123190949,11.82104686071924,5.2996403108653265,6.049002931442634,60.062651366303335,60.35691595774642,66.09020726846968,73.50034359036898,81.92389523222523,88.95430719515059,92.20811148960367,84.78632018544376,65.19648023613605,39.548628055575826,29.75142015597673,25.170391699833793,24.48099076708506,24.228599187421736,23.11547438472398,19.48451588606939,15.323059615685668,10.528377970979024,8.908833315403127,9.553146604690287,14.015282957124795,-0.9994446170919858,-0.033323525711631344
2022-09-30 21:00:00,-3.0,59.0,6.0,19.0,3.0,27.0,53.22345178636537,16.119649205377055,4.995265350534705,6.499739150524471,50.949824115955835,51.119510672104916,55.44447254984387,61.893156064922906,67.0676098218616,60.84755700856955,51.12406911705485,49.392354325706826,53.498282256403186,56.34953069928487,55.180726657114256,51.29236591581543,44.589489230028086,39.89473851988861,35.87487224335685,34.8679083467595,34.03001135050018,33.14658900707022,32.407096312460034,31.162812994348453,28.710951715019462,-0.9998699583618592,-0.016126573270657762
2022-10-01 21:00:00,2.0,59.0,76.66666666666667,18.0,4.0,33.0,59.695276441414954,18.438637466119236,5.717456524541689,4.88281252769994,62.572177329206646,62.965914693351046,67.51341622479737,75.2720720484793,83.62395769204053,91.3493580019233,91.95688675979605,82.62469750342667,67.9141638729393,62.55506288843773,66.98689073055736,72.63160447747157,76.47456862029041,70.24569937956461,59.853632569060075,43.270009687929644,28.543956608609683,16.80409510869744,10.435899545025995,8.2687125482057,14.196422989270333,-0.9999994220246925,0.001075151282798226
2022-10-02 21:00:00,3.0,49.0,36.333333333333336,39.0,7.0,2.0,43.95860445689687,5.581742219468144,3.0105590592564253,6.580227286446843,43.22066699460962,43.52920421023657,47.83142751430853,53.76656763698981,61.17991540037807,63.26172200563577,51.66188126143222,29.27707712550064,10.429564043152412,3.6467153107188914,3.5540873983650334,4.0099741932409865,4.67969891311104,6.1638992991275785,7.817679059867516,9.417458704715074,10.27624344357088,10.15922901866776,9.8780998730596,9.393281860941789,8.475472790582954,-0.999832969770105,0.018276557681691223
2022-10-03 21:00:00,2.1000000000000014,53.0,3.3333333333333335,18.0,2.0,35.0,42.84069118710759,8.259185923486411,3.966581876560472,5.610057481117975,45.40396689425828,45.56319378872661,50.02447823503099,51.46846886919197,45.71591316837759,27.9428127095792,13.722783756382045,10.71290491434898,14.045506207444117,19.92080194757227,25.14022133823328,29.235903696464216,31.524878747279306,31.6168674698758,30.818718646628025,28.212441511218024,25.19605679904912,22.007549885808622,19.651952482640123,17.47795586108529,16.90001984224734,-0.9993706508539969,0.03547255575312556
2022-10-04 21:00:00,8.0,58.0,17.0,11.0,2.0,18.0,47.223732167466274,9.474326662653247,4.773709552937241,5.560718941066238,39.14085192143189,40.42800781834537,41.6216039792538,45.65496381205034,47.47144441715967,39.57843630475385,20.48915618187493,14.708661880849085,19.90973945872353,22.36340798904423,23.91247397974534,24.616639818592816,23.97186764323031,22.436021442529995,20.57365755156298,19.22020281478074,18.43902817194515,18.72533309842034,21.391687129871904,26.74819946283748,29.048342516741567,-0.9986126020839734,0.052658056924614005
2022-10-05 21:00:00,-7.0,60.0,35.666666666666664,9.0,1.0,16.0,53.37045277273991,16.309044221596494,5.519501359864588,5.811061041596646,42.991298460481374,42.97529668563553,45.15816352105639,50.02711683601934,55.15296638436574,57.00571610063319,51.07839540901347,47.9183199566729,44.86061377673571,44.84651146106194,49.543566299600855,56.015097233578715,58.89312375856203,52.83488477158894,42.54971956271502,32.55533590710783,23.83930973749221,20.46833118836098,20.679359438065916,25.46099279938407,31.742928447300578,-0.9975590477788613,0.06982797572987089
2022-10-06 21:00:00,2.0,66.0,12.0,8.0,2.0,28.0,58.42632469788989,20.503523606872708,6.619905251826985,6.553836006827225,51.715906553505455,51.442704347321275,53.35197088888132,59.24378052573649,65.61974097883837,63.85759467346066,53.743662231275344,43.84869881535765,36.61800448432908,32.90172566977233,33.93527482374813,39.96559126457366,48.83501085245584,55.846689465090336,61.29442866248039,63.14636087498323,64.3555506748695,64.07485796489627,61.79722454587092,56.68683851722307,51.4515667430393,-0.9962102997023297,0.0869772313136861
2022-10-07 21:00:00,-1.0,59.0,70.33333333333333,11.0,5.0,18.0,74.75644072853896,26.21758061225059,6.826563752706243,6.604253654510294,76.7746769355847,76.58859709555415,78.28379631572133,83.38711668034642,84.83080284581962,81.69701975295742,81.67012223526982,83.34369872618302,80.44052302238194,78.56731542967466,82.01846469022566,91.00866698724604,92.14372694089047,91.81333615361498,89.70448291766203,87.13636895701448,83.46664161261805,81.00642643375218,78.56952712583423,76.76159981199821,70.51970991625332,-0.9945667569706337,0.1041007489354256
2022-10-08 21:00:00,0.0,46.0,20.0,33.0,6.0,28.0,47.22173369622937,5.669975747730335,4.161708169291978,6.182979185469351,55.32171958625401,55.27464155556371,59.12156264878442,66.32416737309028,73.02600812609145,63.8875477889667,43.90858333017325,24.94283647898669,13.762528264971005,9.689698441949842,8.8284924547764,9.925778260438461,12.094769595090895,13.984266161565827,15.814644164100317,16.295037446652973,16.098833484312525,14.651138002394019,12.72783590799589,10.415609815771154,11.216778121203099,-0.9926289059345095,0.121193461470736
2022-10-09 21:00:00,-2.0,47.0,69.0,34.0,8.0,28.0,65.40331297735446,11.918679011767805,6.4762907739839,5.247314508488496,80.00878985867612,79.68168436681572,83.99174468164321,93.13382881007328,97.57788521594702,98.60288388573737,99.47442007738663,99.2681312895349,97.13891781969491,97.05988522353117,97.27361524062333,95.78309332764546,79.26198488159298,52.664587836820466,19.677424943032612,11.558261471338323,6.465926256971908,11.684573531108294,14.419361409703917,13.484030608888359,10.809128564172799,-0.9903973200352558,0.1382503109109819
2022-10-10 21:00:00,-2.0,47.0,33.666666666666664,36.0,5.0,28.0,49.361977681747135,8.43191593968911,5.351350457170532,6.115422266224536,51.957712515130225,51.82019171929593,55.50985808383662,62.47572533985499,70.08657955626481,78.58549126190877,86.59699169865411,88.82891711755799,73.91878709595724,45.85518374590452,29.486667443626246,21.800618776311193,23.35443696571176,28.578274908699953,34.861214004433585,38.86828905458141,40.174102206144944,36.111982594678885,29.2477188451293,18.732894102372168,16.455391341371282,-0.9878726596350429,0.15526624985999563
2022-10-11 21:00:00,4.100000000000001,54.0,7.333333333333333,15.0,5.0,26.0,48.487616311574946,10.714643429608492,5.28403307822181,5.863473873724045,42.61799541283624,43.662739575516426,45.225686898660435,50.496844881294656,55.000638563552315,52.18653076328914,41.313950964266475,32.50220136737344,31.36487041057996,35.116563319516615,36.73202382803492,37.02176704329144,35.499805698416395,35.455542510108195,35.750418741967955,37.65658774809641,39.23729987361194,39.93689523460339,39.34293171922934,37.75003883266987,38.310134972932126,-0.9850556718215013,0.172236243027682
2022-10-12 21:00:00,-1.0,61.0,31.333333333333332,8.0,5.0,17.0,57.74234446395111,14.867134044883297,5.70461408868108,6.383998701751898,57.1622884082534,57.07895651560322,60.47208863438354,65.10787095661979,61.68988932851571,60.10975302334249,61.565249597381346,61.878526832280514,58.858307865293504,47.87063114512084,35.1948805453804,23.679278139302355,16.52803040184814,13.379655343332985,11.593905165679978,12.511421898086406,13.587378954672255,14.844023259854916,17.141685922363408,20.99883085746233,37.98954565254503,-0.981947190186646,0.18915526872004093
2022-10-13 21:00:00,3.0,58.0,70.66666666666667,15.0,10.0,15.0,71.93182945989565,23.28089380575045,4.250172081805454,6.048838396119319,76.0134403520497,75.96743676111024,80.04779965083952,86.08321531822182,83.55981287571969,74.51562962725274,74.46138874919322,86.88604910480868,98.11890637673797,82.79432145840923,66.32942899748903,55.71734550113321,54.43451929277766,57.69284884248523,62.83954882568585,61.03201911696797,59.2936992610361,56.64095404639261,50.99534701818782,41.79606345233661,31.6967534566746,-0.9785481345802031,0.20601832032517084
2022-10-14 21:00:00,-2.0,60.0,91.0,9.0,10.0,14.0,93.10137062103891,34.681362975298114,5.3318890826509024,5.075108184336573,96.5374911866757,96.82998284969673,98.56934845564071,99.50377060285238,99.73739914075428,99.94947268861578,99.63335866758307,99.72617009879899,99.33630940491994,98.85199037437874,98.04340674637628,98.17630766577258,98.88513628620557,99.21287590033361,99.55162758964954,98.81949266446142,98.31224764600992,98.47865998527604,94.16333476826381,80.84035793531122,76.85775808587138,-0.9748595108374125,0.22282040779479959
2022-10-15 21:00:00,-7.0,57.0,45.333333333333336,10.0,3.0,19.0,69.17919044473983,12.202444994249484,5.287578874778828,6.022895638162948,69.7274595246813,69.81926975100727,69.97939964578553,74.73309918144577,70.59186724823684,55.2696701588975,41.97952372792969,29.324539579299607,21.420120358173165,16.514955552983597,12.539791435523654,9.656181824940571,8.655076317006973,8.090687567025661,7.76601679836874,8.969687976961593,10.666032408903678,13.379569080199646,15.219295439270224,15.479831616701153,13.936152894950052,-0.9708824104813836,0.23955655912092708
2022-10-16 21:00:00,3.0,55.0,44.666666666666664,8.0,2.0,35.0,59.151913276129584,14.34605453435045,5.38797544138578,6.115780351399556,62.111359731791836,62.02675884121803,61.433549002824115,64.31274607435671,75.78943659337021,87.31492611991013,85.59615151663533,67.57019998586357,49.590922915274035,38.10732694563531,31.888772092852737,29.070036346550808,29.905387489450884,32.794885994787414,37.502256986655794,44.85470248640565,53.54724134573474,62.76185125468371,70.97615508623628,77.420405779724,81.71048213055242,-0.9666180104000972,0.2562218218071163
2022-10-17 21:00:00,-1.0,55.0,58.666666666666664,18.0,5.0,14.0,68.95517564961209,16.300897353971237,5.888825529360998,6.195184845387631,82.43289774126767,82.38129047604961,84.19283975345508,89.81322605164192,88.74791992218582,68.67482316211128,46.87869728693558,40.9243405303473,42.596362993468865,44.11908192182148,45.25830301708234,47.139709154525235,50.982382853999944,55.77000213711403,61.12872237610472,64.27233005457221,66.2774410656638,65.10812225884621,62.8704140018538,58.92672389140225,59.29670084432672,-0.9620675724981452,0.27281126433401914
2022-10-18 21:00:00,-2.0,58.0,86.33333333333333,8.0,8.0,15.0,89.7281016911339,32.23562907907656,5.696880066050627,5.631247738991876,98.33568147248572,98.46916271978215,98.94705668933138,99.30171912700112,98.7623007435484,95.55799416842638,93.07314932346212,93.65980673463956,95.4169687611876,95.74657833015104,96.02202713181126,98.22322210772302,99.28906053641374,99.0347633296362,99.37871443886227,98.90647731543532,99.03776812908052,98.88526525721598,99.12259409367354,99.47065860800052,98.4191317095065,-0.957232443323312,0.28931997761869527
2022-10-19 21:00:00,3.0,52.0,32.333333333333336,17.0,6.0,18.0,58.73821122428286,10.753091512603286,5.349498324542931,4.856650420539296,66.62119943598535,66.65922643007242,66.64019642803039,70.3629300856681,76.93215809096404,82.28510158688793,83.6338562142246,67.13736522288968,36.82008297130845,18.749584300459578,9.926123634140055,5.257906708724298,3.8406346447408803,5.470283780315231,9.708532969496103,17.70053773337392,27.57347844167103,39.65500755041801,50.48446289794464,56.08636269389924,57.18769419603691,-0.9521140536681102,0.3057430764672831
2022-10-20 21:00:00,4.100000000000001,48.0,24.0,28.0,7.0,19.0,55.896288937760055,12.024785607776769,5.484483832854316,5.973814146270258,67.8533242630557,67.72004292593547,68.80104754626998,74.610564187878,81.6303415420212,88.18175544945757,93.81707759604065,98.02554451884323,95.09220600431942,73.54438560908474,49.898599539886504,31.565531837461986,28.392512354380884,31.280394011767733,38.729064431865154,46.960012110028146,56.01843537821741,63.02624064260717,68.77382483465712,70.64806764027597,67.68542671842745,-0.9467139181463862,0.3220757010206104
2022-10-21 21:00:00,5.0,50.0,5.333333333333333,18.0,5.0,19.0,51.874970116438256,10.468419606278918,3.6064163385059183,5.839685242053779,67.76950457423234,68.15601633031092,68.95878186887042,67.3175882880049,57.84504608543423,48.26347898321678,35.467799083384136,26.450404052582005,24.401022948193244,24.68574389418327,25.41135569291903,26.18793768774544,26.67856238318127,26.5426462761863,26.380837381816836,26.54023710443063,27.17403063044993,28.627673038440122,30.54876615547382,32.592861199478605,33.74466773803188,-0.9410336347451197,0.3383130181923076
2022-10-22 21:00:00,2.0,56.0,2.3333333333333335,8.0,5.0,18.0,57.04404158160562,14.403180127495137,4.0776645061727175,6.234674753503869,68.65548899682142,70.2486833391062,58.92578876498732,46.12481656385795,40.57559371012085,33.07406404475687,29.383263108058365,29.57333563923899,30.31939395579839,30.77819573457068,32.30972134490888,34.84382515903378,38.92817907990054,43.31728014989878,47.98744796310396,51.80007265932702,53.233867778181285,50.96635069154685,43.79771780797992,32.02846683261812,20.78903788525955,-0.9350748843515574,0.3544502230989869
2022-10-23 21:00:00,2.0,59.0,63.333333333333336,6.0,3.0,16.0,59.695276441414954,10.032761971867393,3.928090649868811,6.158432360454649,75.52980476159641,75.51740045854916,65.1299012952989,40.429216381538915,27.626695002993497,20.32567918089233,15.653783954793207,12.57880004125908,10.719283155546538,9.6912668222727,9.240775155925709,8.776259184084708,8.195205336229346,8.18366568151072,9.730131821805909,15.257042708826631,23.69818947055491,35.49512472016074,43.98056600111604,51.1892276577654,67.41629593847782,-0.9288394302558068,0.3704825404820963
2022-10-24 21:00:00,-2.0,56.0,88.66666666666667,5.0,4.0,12.0,89.64338408881606,34.840706926882454,4.143916137433581,5.595773364222149,99.23064441706167,98.57379001256129,99.97523696930918,99.40703340714734,99.01245851542694,96.69753965779627,91.60515424406228,90.90334410487358,93.51021290988318,95.83839201078052,97.25495319284263,98.3348104979552,99.4294553415241,98.02676054164147,94.17784180953858,83.76093064770865,75.07160702973952,69.2775924916896,69.78440632608182,76.13325573763643,82.52025701077088,-0.9223291176290545,0.3864052261209853
2022-10-25 21:00:00,-2.0,62.0,76.33333333333333,6.0,4.0,17.0,86.7316845637647,30.312766832970084,4.505848812295736,5.53069727579767,97.07683207361148,95.7189261601939,99.36666593180591,98.24972519261821,90.86596768761781,85.64149449464428,80.97595999339389,75.3036998155413,66.50896922151709,55.03282287392493,44.644741217259096,37.53604281014021,36.82839653477717,45.15038434756911,57.39768908445829,71.37119206088444,80.48705643511072,78.73308032154961,66.30215661562265,43.38718596587784,26.06544709036115,-0.9155458729775467,0.40221356823680365
2022-10-26 21:00:00,-3.0,60.0,90.0,5.0,5.0,11.0,93.10137062103891,39.47167801620321,5.314358907940663,4.668119688265908,98.75004955222064,98.38130666861508,99.3080235251308,99.39879101772104,99.0071248640446,98.18402467099,98.56111722378897,98.06321202679048,94.46791887142656,87.97922765650763,86.62674277867333,92.15370215194102,97.53150095486497,98.86757121200912,99.72581733144392,99.81229291660352,99.795958687489,99.5645616109852,97.99163122580272,96.20913456531925,95.42232263216845,-0.9084917035725082,0.41790288888678667
2022-10-27 21:00:00,4.100000000000001,48.0,28.0,31.0,12.0,32.0,60.542358687731365,5.805652441186819,2.0486040190639137,6.7828067692047185,75.51244691107514,76.5671185139497,80.52874258165807,88.67168516158002,79.24177249876723,43.52297864954944,15.10798452733634,3.8415807147399708,0.888508634311852,1.4436251111213028,1.9468076166723822,2.362809547959556,2.658812668026001,3.1080871611117025,3.6898640744206213,4.538524162238545,5.4958925303874215,6.6926132572196355,8.35444446141003,10.685547983253363,14.112687112237396,-0.9011686968561569,0.4334685453485363
2022-10-28 21:00:00,1.0,46.0,9.333333333333334,14.0,3.0,29.0,45.310257474838735,5.300285689174819,4.116620399584867,6.358253511055874,55.27089947614068,53.97742532152324,54.47980837230478,45.020059388861625,29.36649956775167,19.80968577631911,15.763718712077376,12.538533172260363,10.005440534011658,8.545153049469961,10.059925650692652,13.41993925428236,18.118473244784735,22.59016358757721,26.70382217947434,29.729118283705503,31.869993256238725,33.507171587063205,33.79613742341755,33.025468941941526,33.39009365066298,-0.8935790198239952,0.4489059314938798
2022-10-29 21:00:00,6.0,52.0,10.666666666666666,10.0,4.0,22.0,44.444918096622715,8.58799766446171,4.312574818775978,5.733065044727261,62.59981270758698,62.15372966900448,56.43502114484625,44.994604578308774,39.47408812951992,34.05793531016,28.78832120309973,29.27246085002966,33.61414551360619,36.84942802737265,32.412906689333745,26.096234569508404,18.443391016006018,13.779431087174224,10.137644326141636,9.355775311588184,9.28916114015535,9.964686920149827,10.457247490709149,10.697572026674298,12.782460811096946,-0.8857249183835637,0.4642104791518923
2022-10-30 21:00:00,11.899999999999999,54.0,10.333333333333334,5.0,3.0,19.0,50.448841134647395,8.896566501263873,5.135036660925146,4.738346369278111,63.426942155909806,68.5385566223757,45.47044593467853,34.46084623204942,29.568275579392,20.310209193430257,12.98026173786301,11.72126049991131,17.45815779260544,27.79339517128548,34.924082580229644,38.06448684330018,35.58665437502785,29.899740032289714,22.823329825575385,15.981080327349506,10.666371253554663,7.663531008797027,7.402549970582814,9.852325172265347,14.081092597953655,-0.8776087166898392,0.4793776594606945
2022-10-31 21:00:00,2.0,54.0,58.0,7.0,3.0,15.0,54.58319207123542,10.12311924403763,4.764831482212274,6.439976851454154,64.0088721229641,64.30970262880562,56.300557129401966,44.195143372823985,37.568141370940225,32.334940728259205,27.485811465107616,17.6573129741702,8.651853670658614,6.214797746744625,7.530979931254829,11.488103148624093,17.3844698235796,21.89096590191603,26.22562985299877,28.05120396518175,31.97741158128019,40.681593908029775,52.19131696459407,67.30595323401086,73.21224363856675,-0.8692328164574792,0.49440298420761813
2022-11-01 21:00:00,5.0,57.0,58.666666666666664,5.0,3.0,24.0,71.82828985346084,24.191824959484602,6.1677411099458945,5.891495532181876,64.08673436420662,64.0084183442031,71.91411835940066,86.60523001492787,95.5463846643641,98.56103145110535,99.23065666207519,98.53030919953008,96.88376997698212,94.11299393939566,92.54192729892104,92.31345870569126,91.17223014967033,83.70148479436848,71.63941671396682,60.040621219471504,47.54545559220762,36.52214887914841,26.090849039661844,17.005326708885352,13.227352667164919,-0.8605996962501181,0.5092820071573356
2022-11-02 21:00:00,8.100000000000001,49.0,9.0,15.0,8.0,33.0,47.700505489440765,7.533280443310732,3.6831689885348826,6.393639302800254,43.89568054990882,44.22772933334001,47.007148578214796,51.464308469501795,51.927172378335875,37.893182505502935,19.414761826881875,10.522781028104532,10.562049924933874,15.793471206987745,19.83679397944764,22.988926628366137,25.340872289565226,26.343627474233205,27.267812598894402,27.122158588536287,27.134316386493158,26.894824646959535,26.485273918710273,25.669123670758466,25.56370053769981,-0.8517119107469189,0.5240103253675756
2022-11-03 21:00:00,8.0,53.0,18.0,8.0,5.0,20.0,50.295251009208016,11.178095614702187,4.42046642761094,5.847706186144419,53.60145035457712,53.514843400542965,51.875693267981305,44.00117690149548,43.26013229383573,43.8040522815894,42.709254253020326,41.35610997862261,40.64690653991233,40.52524907577057,38.92154750250942,35.94812903422354,30.835607929284997,25.295890757490135,19.970705873308876,17.1400399475587,15.412854283117127,15.108294367699163,14.079700657261235,12.160197106799252,9.827338933217424,-0.8425720899866032,0.5385835804920232
2022-11-04 21:00:00,4.0,59.0,18.0,5.0,5.0,20.0,59.695276441414954,13.789769710188082,5.259833486719307,6.169556437554613,48.27861030161933,50.082397692846584,47.595935173628654,49.1448123143927,49.36495117886782,46.85068051287,39.016330466740676,28.117038448650423,19.23313655545266,14.803819782310981,13.28188005736897,13.568504375142826,15.70976509663931,19.911675961497902,25.920184492975796,35.27808029427644,46.571366451512944,59.51684738327781,68.06372791011987,73.73465415508824,73.81045982693728,-0.8331829385891785,0.5529974600700271
2022-11-05 21:00:00,-1.0,62.0,43.333333333333336,9.0,6.0,18.0,69.72963181723787,27.068007908311,5.717953130772466,5.478840336103942,67.25531650687238,66.83163081039257,71.13947052293052,78.28240061686299,86.18089699085971,91.98140380965766,95.0804384139181,95.80348583060402,93.22547353903728,86.58591544138878,77.99208679501228,68.08568260441683,57.01056600682601,46.88593874313316,36.92344764563554,30.212165937995035,25.028839701889773,21.818482835592636,19.961066015667555,19.212812185113375,20.109343808792413,-0.8235472349556007,0.5672476988027229
2022-11-06 21:00:00,-2.0,65.0,74.0,9.0,8.0,19.0,72.64203146829931,32.12032549838312,5.827646569859293,5.823169383613136,80.62919087489165,80.68526494097777,84.47019573986574,91.74102915389743,95.88810058850274,94.98691059336267,93.22979267318115,91.46896329948945,87.59302472360446,85.30704440626192,85.13575425329766,86.35518402602548,85.8119124159943,82.36450171319451,77.13123317046218,72.99426529984817,68.73270637874163,65.32241074081098,57.27846735549247,42.4833881720869,26.786711746470772,-0.8136678304455991,0.5813300798152042
2022-11-07 21:00:00,7.0,52.0,8.666666666666666,38.0,13.0,28.0,46.27635891221943,8.186211551883222,4.982514078170843,2.9500348536994156,55.82459666265527,55.688390240315414,58.55049606033251,64.7806150591756,72.33970777835171,81.11432001192983,88.08190741790418,82.27217328112575,57.09034412086715,33.19609708905555,19.465989654183478,12.339846974100071,9.740954410796206,6.902525509303752,4.158312996670524,2.8201683857679756,1.9526475973134207,2.2331556370040233,2.3834654599405334,2.445014158640347,2.5524845420968245,-0.8035476485339116,0.5952404359043674
2022-11-08 21:00:00,-0.8999999999999986,38.0,5.666666666666667,26.0,14.0,32.0,45.92100706216534,4.710367576997531,2.66072044223657,4.986747602461994,55.12658233178526,55.66157137995543,58.90022304693592,64.55686461465017,70.93226237675046,70.23840380921013,56.4751717880806,35.3270259025545,17.90316802085223,7.359488529800022,4.217078640384685,3.7102832608340264,5.106110507600275,7.995976875398767,10.803285804665173,12.807139838349023,13.958166280652035,13.997448098708217,13.862468426170011,13.463510637617468,14.91078688395692,-0.7931896839451843,0.6089746507720486
2022-11-09 21:00:00,2.9000000000000004,41.0,7.0,8.0,4.0,19.0,39.1422167011853,8.139272787193145,3.2271100278749194,4.984139430346773,49.20251281950327,48.88106861010002,48.64723161498206,41.44875311642801,28.65892477832607,17.257270844251735,10.421366897262747,6.415880944268884,5.1855851279175385,7.570713091165711,16.707244362586117,30.325583996870805,47.29231851205241,61.4954018911785,71.56889429832033,73.77496338429579,72.32620290782972,67.28821484541918,62.82401452671065,56.58940193388582,55.877546004780996,-0.7825970017677834,0.6225286602431057
2022-11-10 21:00:00,-11.0,55.0,19.0,8.0,5.0,20.0,39.82293095757372,22.65189007791512,5.2650866536777645,5.812260207668346,36.33840227995644,36.410162140751545,36.519583113310176,39.498005570916554,46.21388102782554,46.998183073905075,52.34060497021162,65.51373797781065,80.31918993380259,90.99978810899559,96.00878215118291,97.82284555580813,98.28459605589792,97.3734536075841,94.08213140135658,85.85525197656911,76.22353549840558,67.82973935639727,57.22620645521883,43.938006959266005,32.20601727156654,-0.7717727365467837,0.6358984534680745
2022-11-11 21:00:00,4.0,56.0,58.333333333333336,8.0,5.0,17.0,64.0132635887432,15.90757079302019,4.696551447451604,5.663257058129287,56.07162084419116,56.336136184564666,56.733837452381195,58.308342484603045,65.18560578891443,72.76343793994413,75.76761348330413,70.93059422207682,57.041331309041965,43.37281339414268,32.12930680500692,23.248599624171355,17.7874776090546,13.83182159397563,10.796995334407274,9.832289694037495,9.285811164889173,10.095937550192007,11.339190278805484,13.434917320100027,15.743250280826645,-0.7607200913564104,0.6490800741100398
2022-11-12 21:00:00,8.0,57.0,88.33333333333333,10.0,9.0,31.0,83.34167836864621,24.445470151185614,3.005200607586462,6.549456096468498,88.37010308863785,88.2854046848949,88.1685581617774,94.2333381113493,96.1147227676805,88.62218625765358,78.72262296559941,72.27755519312412,67.82271529716414,63.84422281745245,59.78963947018914,56.847276462702,54.69383296654976,51.887458621861924,46.20350945520789,38.61490340483757,28.22830854562991,26.10275112608503,24.633503841524323,28.889243435253526,34.53847176813474,-0.7494423368521953,0.6620696215153815
2022-11-13 21:00:00,-3.0,42.0,90.66666666666667,19.0,4.0,32.0,82.30698177609096,16.749454495224718,4.750800379948825,4.2530023563176425,92.40624399810125,92.69115007190865,94.99414501711125,97.80807979456748,97.83839980047674,99.45936611724385,100.0,99.44572478901316,99.63235184683468,99.56160147923833,99.40870758133849,99.68455720743768,98.69954563029737,97.58535985640358,96.085409208445,99.01837779030859,99.76974342563415,79.85304794238608,50.46471977553719,14.240216355794708,0.20018254902160226,-0.7379428103031386,0.6748632518680403
2022-11-14 21:00:00,-1.8999999999999986,31.0,51.333333333333336,29.0,12.0,30.0,58.140798581869355,5.179887743539069,3.016293430712344,5.736006220562641,71.80991422268451,71.4599896039188,74.78695756699891,81.22080861710205,88.47933179620675,95.87735860803112,96.66244659191834,81.97197492428175,53.24476301403197,32.83100053700326,22.595315027597564,16.412792911788195,11.710844024981496,9.063576343190933,7.3095109562885,9.029638904809087,11.680462834110843,16.24227963605177,20.478966430743963,24.532120091116113,26.752072843017583,-0.7262249146041543,0.6874571793269664
2022-11-15 21:00:00,-1.0,33.0,36.666666666666664,21.0,3.0,32.0,53.63976214041921,6.421191328343531,2.7705325765352864,4.493376214000864,73.534071699675,74.5225489334009,82.25081687302954,91.70042004096089,98.72336990327341,100.0,78.62317481519007,49.731693559592834,32.46667238125619,25.815319057601975,29.43587473178922,35.7605371304507,44.112264711205505,48.25570267299364,49.41407306411191,44.6952453782451,36.7686624913563,25.827992214234776,18.7120980499077,12.289414086079216,15.82014965314404,-0.7142921172691032,0.699847677146407
2023-03-02 21:00:00,2.0,32.0,88.66666666666667,12.0,7.0,12.0,81.56496085639716,10.409522904038456,4.497289131105294,6.606803644804604,93.88880953510508,93.67644815955836,93.7168326160193,96.49009986199225,95.32747133851942,94.21317346663992,93.75814360640288,93.07956291341605,93.19615817593885,92.7174427827199,92.48577925477858,92.12340138469845,91.9629953176698,91.98116543464943,90.93907244032677,90.11252042228138,88.71173467548844,86.75188505806364,84.49261478641226,83.87304131203642,84.60930092815764,0.8670985522812081,0.4981366284784055
2023-03-03 21:00:00,-2.0,28.0,15.333333333333334,19.0,7.0,32.0,46.27188587636652,2.826559129446032,5.5157736064747915,2.182688273767078,54.553568496499395,54.34936242961046,56.15824772979766,58.3250351270843,49.66784271785397,29.400601400773528,19.814040875440128,19.623526902786793,18.144542246242203,15.746841172063473,14.990134949924162,16.283678706666457,21.726677633659996,27.11111914206532,31.767189240906855,29.846362984518965,26.698648268279037,21.685215418509692,16.706100843177946,11.881399392002084,7.629739747786873,0.8755389928586302,0.4831474640149687
2023-03-04 21:00:00,-2.0,26.0,91.33333333333333,17.0,9.0,4.0,65.44288750929786,10.659486000501976,3.0048119135619613,4.383656719152647,88.26564568921317,87.89982889330626,89.25543542169753,92.86706016271172,93.52711241619399,91.32135412900712,92.96639830976495,94.99408892092728,94.03733427696675,92.66624638954323,91.92566484403486,90.2399805383892,90.51676474689535,90.07721396846368,88.83095948883471,89.12682244760929,90.15430776404776,89.72342061033991,89.26872464233927,87.74891983089505,86.37832275356014,0.8837203473619977,0.4680153284438345
2023-03-05 21:00:00,-2.0,34.0,43.0,28.0,18.0,31.0,58.57795049577186,6.656967203461191,6.446177324816879,6.1117914029808365,67.83266258133168,67.88656154752344,68.80079500657241,73.75304869984393,81.36911760723261,89.83627119882253,81.61903239399896,56.78483555233148,42.59063147040941,38.267037722196584,40.475378370269375,47.587835010135166,53.41702425006777,56.347120091849135,56.41621531138995,50.32953184532734,43.370223448749506,37.28134258424504,36.55838114701812,46.1796501656661,57.650267186213725,0.8916401947968874,0.45274469960737107
2023-03-06 21:00:00,1.9000000000000004,29.0,70.66666666666667,28.0,28.0,32.0,60.406004437363706,10.14069686590207,2.1947370627051996,6.538402680920399,75.42110415771795,75.52494204278581,76.75887526082973,83.89265960022762,91.51609997835689,92.72516507466739,90.51917010183573,89.73142086971986,87.39966201852417,83.39086434327552,80.0908067471364,78.03636257264948,78.99347644724777,80.30633885056344,80.58183504570168,78.65380409990657,74.36186188127407,69.04705991165183,62.48074718972365,55.87928948755793,51.5482324871532,0.8992961915530253,0.4373400963303323
2023-03-07 21:00:00,1.0,30.0,87.33333333333333,23.0,15.0,33.0,71.79459037683101,9.824018013827,4.668551641673285,4.876858888727682,85.30265501246585,84.96533160198166,86.0826396950975,93.83595607483345,98.16584643692224,98.19850259327177,97.52677232185424,95.29529058940068,92.95373468360056,91.99398116989794,92.78867619589163,94.60609233749952,97.95719306978178,98.72866025285151,95.67635963272284,79.78686230518053,63.64657071105252,53.90370826101122,46.63076456768219,44.880473832448494,46.48693209029251,0.9066860720977985,0.4218060770826634
2023-03-08 21:00:00,-3.8999999999999986,36.0,87.33333333333333,21.0,15.0,35.0,69.52641425000522,7.070131395785291,3.8289576816758846,6.8820013647820675,81.75139987175667,81.69901801392028,84.79167701373495,90.8917121280791,96.08890812276971,99.51714340084948,99.8466716964271,97.62650358924363,80.91701043082658,45.16374261912562,24.01136434111181,12.097674738305628,7.4192080421283,6.071374898961889,6.088957160788587,7.314512650647766,8.519190134451037,9.136321518714558,9.883277556272969,10.575792059145323,13.88216259821018,0.9138076496466615,0.40614723863057883
2023-03-09 21:00:00,-2.0,34.0,74.0,20.0,10.0,35.0,69.29385923859161,7.858513869858056,6.246387245248498,5.337292373382481,84.8255772840886,84.55262171988686,87.8172933362145,88.84017547799009,89.88759313639287,95.05379519545426,95.38905168891145,87.44486395024667,85.17699585838085,89.62553258715631,85.53398937047592,72.38249918735883,49.78926048472149,34.98345208055596,24.725701107262548,28.19309454571235,31.068346169624654,32.18410264819465,29.36417371099203,20.863084699489242,18.182917138690073,0.9206588168102428,0.3903682146763026
2023-03-10 21:00:00,1.0,32.0,72.66666666666667,32.0,10.0,34.0,60.8295198512849,5.6436871177759835,3.5482495281817505,6.299325703333883,72.60229874985052,72.291160775816,74.10007452959469,81.63398990437857,89.94631179406288,97.41505298466798,94.17041481815738,64.44060423282569,38.612586300207354,24.94811993795689,18.61887614344933,17.11087269493456,21.04614666091526,24.1827594083874,26.59146627800838,24.56524145983377,21.764190359214584,18.88969538293213,16.54256766208279,15.843963202903375,17.399150640645168,0.9272375462179537,0.374473674486883
2023-03-11 21:00:00,6.0,33.0,65.0,29.0,9.0,1.0,58.432882370298834,4.839274711675208,3.789891687805639,6.090670133663519,72.70259286598485,72.46053701144234,74.77154882501274,83.15432887252099,90.92296712156454,82.9219136567478,63.898178789849055,38.1964029375994,26.052593157792558,19.537985426214966,15.89607171842147,14.053661869220562,13.885028582392186,14.766481653329471,16.551248210122065,19.192906486795863,21.682395499469152,22.62457481418156,22.77267325213767,21.599367390506586,22.30024528665016,0.9335418911179212,0.35846832151248087
2023-03-12 21:00:00,3.0,36.0,37.333333333333336,20.0,4.0,5.0,56.43951040406162,5.358976320971838,3.939133727383151,5.828248651002105,76.58845767413635,76.15179946683533,81.59674537339757,91.22340007527411,98.34021057663975,99.39437690729012,92.55022624273775,58.94300853813077,24.869533877426576,14.77540738394511,12.40754294038631,12.650686075680825,11.973378438131252,11.990047386827877,12.109318379356694,11.98883031907211,12.266944307047467,13.072156255488487,13.480087271853563,12.757455056534528,9.953876981155238,0.9395699859530622,0.342356891994542
2023-03-13 21:00:00,1.8999999999999986,36.0,89.33333333333333,25.0,10.0,15.0,66.71207269168053,10.103038781262015,5.341030546625866,5.22503226022523,87.38976116152895,87.34011498463413,92.30622299906167,98.60752352467351,99.90845256912138,100.0,100.0,99.96832959053667,97.41974520120588,72.40610107259744,50.32377994085587,39.136000028879145,48.98590126212884,65.20683402234457,84.995367650266,88.80593189610117,91.00354772175162,88.94944257417072,84.08311142730511,74.30598663902829,58.4441326012487,0.945320046913132,0.3261441535642696
2023-03-14 21:00:00,4.0,31.0,92.33333333333333,26.0,19.0,3.0,68.94044916951869,11.67627157229404,3.8808457639745257,5.321168490182414,86.53536352433349,86.47217407706091,87.19583572186664,91.64595091691466,94.23329308863619,93.55322845605954,92.61371462068038,94.85338221615109,97.054779161466,98.3307945557863,97.8951804874613,97.77175256207353,95.91759073112657,93.67414989416532,93.24888522272076,92.73168360014797,91.10700435453826,89.9148128250587,87.71238086268136,82.85142904665362,74.50056389250548,0.9507903724625832,0.3098349038318025
2023-03-15 21:00:00,-1.1000000000000014,32.0,87.66666666666667,27.0,22.0,35.0,69.05886777748835,8.751692510404974,5.339405965266988,7.253950857757652,86.66359451933855,87.04641642208,87.05411339163311,95.2173435211293,99.19603000548588,99.02939980067106,97.0842761458401,95.95980057372519,85.60651515112785,73.70211924929913,66.26762440406253,65.35397170732064,66.36881927496718,66.70899667057833,66.07320482202927,66.13378598218166,65.57892358356452,63.58396367846709,61.23274664980614,62.137042586454605,63.63420280476155,0.9559793438440766,0.2934339689665273
2023-03-16 21:00:00,11.1,35.0,69.66666666666667,30.0,12.0,31.0,58.72237306522481,7.214269114879471,4.703818303799687,4.834009249358468,82.86420943382721,82.82133513329062,84.84722925881478,92.36615668215634,97.07056461366574,98.64500802883505,99.80594934387902,99.3638999198858,94.83850451518356,77.32944817241403,57.873967989392774,40.65403632854805,25.844942758996662,15.369042972986094,9.077560639924773,8.909778502353596,9.43854811064595,9.925631998121078,10.174464767836238,10.29916647973464,14.374969470697103,0.9608854255574977,0.27694620226893646
2023-03-17 21:00:00,5.100000000000001,35.0,89.66666666666667,13.0,13.0,15.0,72.33861538214826,17.53369884300065,2.855503185657208,5.072581024335216,92.7217673087868,92.52381882557353,93.56890445008634,99.93496361455017,100.0,99.55685278342708,95.4258160999085,88.48196242192257,89.02091102408261,93.60208628994468,97.92120860124469,98.15239805944944,98.45431737589074,98.59527494246754,97.69151478052778,98.13934813144508,98.81575844387523,98.96418772085313,98.91332351839075,97.65839524851411,93.06882791477847,0.9655071658143364,0.2603764827344581
2023-03-18 21:00:00,1.1000000000000014,37.0,33.333333333333336,32.0,8.0,29.0,52.00828837403648,5.906869639876814,4.143990289217667,6.034409591117445,64.0256251686457,63.981320707588054,64.35422475120043,71.43469488046267,80.52310164762605,90.20990934668772,97.63414532293818,98.09898092210477,80.98348101131211,55.910311103304345,32.66864161618808,15.405061638874454,7.013992216336912,2.344234566044443,1.8838097565515295,2.884966365189705,4.704383059349233,5.8944065584814975,6.861351881018582,6.919231722697276,6.983607633934105,0.969843196967294,0.24372971360968387
2023-03-19 21:00:00,-3.0,24.0,67.0,55.0,19.0,28.0,45.59489549082685,3.1992182654854764,8.08743503620604,2.8519251748885877,49.48473370333459,49.29245674289216,50.04307807698605,56.63797832496665,64.27186060263878,70.58906451266532,71.86404035701031,73.90725790425672,75.59869230492056,78.5020203370267,83.8665173548752,92.43981192750489,88.66456052057714,77.77247903513192,62.96600486602754,51.728710245595536,40.82037987373807,34.84492761880327,27.806156257705606,19.802655395947326,10.861374297699923,0.9738922359149924,0.22701082094141847
2023-03-20 21:00:00,2.9000000000000004,35.0,71.33333333333333,41.0,15.0,26.0,49.52340325255909,6.889514900440203,7.115538406981133,4.808613367003925,65.16614310025264,65.08025968873335,69.13398628720631,76.94905057726324,84.34065699406773,90.12087953766901,93.97247594286269,95.8828490291615,99.12484505554153,99.23471255345089,98.10500989023913,95.27907781311788,86.7334026632586,72.55828325992897,55.13885703174422,37.03855301482062,21.037090167045104,10.855979868877794,3.155480319492686,2.2625584991844456,5.581044772607637,0.9776530844816641,0.2102247521189836
2023-03-21 21:00:00,-2.0,36.0,72.0,25.0,12.0,29.0,58.86615279798072,9.074925448316423,7.362501933272729,5.862327128783991,79.23204591814067,79.1148411109365,85.43932068022691,93.45184512247901,97.21341057790399,99.66263869755201,99.71598203031779,99.77632099388846,98.67844996701156,98.96866847778513,99.07212319295797,99.32404414452574,97.48486283052699,70.07282969660815,40.33261079828063,27.020843471515565,20.688917988467807,28.08880176558151,32.505676255375256,33.8116857865914,24.687728354638637,0.981124629771712,0.19337647441020586
2023-03-22 21:00:00,8.9,36.0,37.0,23.0,4.0,32.0,45.59034867106938,5.696597352980761,5.488921226193072,6.126446098403912,34.12440291833349,33.96070002079662,38.11351266658571,42.39553630779771,45.38600388903403,47.92286444260307,48.175518147862014,41.54312486589656,31.230408056006304,31.05358156955038,47.92517794821931,63.721324038547436,76.00638055066908,77.74147504302813,76.22612805673194,67.71287417712301,59.50781522778081,50.955750551427414,46.9672736752933,44.9948284126113,44.18781834698316,0.984305844499033,0.17647097349152166
2023-03-23 21:00:00,-1.0,38.0,92.0,5.0,9.0,16.0,82.01542558809471,19.059931247599806,2.8306380512392715,6.704483941103015,100.0,100.0,100.0,99.89706620811344,99.62900737949658,100.0,99.05158454678971,98.44515277505165,99.192701530774,99.37868751622283,99.704801083144,99.72232862106767,99.1491245456908,98.36779946011704,96.49923421429428,97.41236324128147,97.79684443908887,95.63672418620551,90.72870563527053,80.61991821580463,73.76427682341065,0.9871957872910085,0.15951325197263655
2023-03-24 21:00:00,0.0,35.0,70.33333333333333,34.0,17.0,32.0,56.29054379593052,6.744130392902607,5.028977338270768,5.587798872554051,77.88486598758001,78.11271295638291,80.99449476376847,89.18736824755362,97.14475343495461,98.33550204439896,98.17924586579679,88.02918722684613,73.08002955415797,63.28700421596017,53.08517722344367,41.97873814075907,31.345369678982415,23.170429720658426,16.31405539538056,12.92070720055595,9.715270772650825,8.825822697595969,8.213485652807067,8.798064260447076,8.980003439509607,0.9897936029670716,0.14250832791617088
2023-03-25 21:00:00,4.0,35.0,81.33333333333333,20.0,11.0,14.0,58.72237306522481,8.757770188900889,3.8277160311589684,3.308856999620285,73.17822190409454,73.08871719464474,76.79464551213408,85.78611973423975,94.9810583219031,91.74308981404992,61.17667793347269,23.998728711147457,6.893498263287692,4.1677585694624915,5.148317315274014,9.1218393732717,18.093666812738675,36.57388837698464,61.75012588482761,77.90383107172168,87.83542240790592,90.5557640622306,91.95802037609052,92.13855100248317,91.03712570353667,0.992098522791769,0.12546123335273648
2023-03-26 21:00:00,-2.0,37.0,86.0,15.0,7.0,30.0,69.64178721979476,12.710196186237761,5.350371392111328,5.537912635492539,93.6786030003238,93.29222498404117,93.74721530377424,95.71316145237337,97.74092747818001,98.84136640185747,99.4595218429711,99.56069494556473,99.26467111684879,99.41001534272549,98.72245042508698,98.7786175270617,98.73830185047824,98.29241953264946,97.42247913324161,96.25439661315347,93.25563611004641,86.75758484618746,76.85437159576173,63.59002718547504,51.327840948230744,0.9941098647022418,0.10837701279187609
2023-03-27 21:00:00,0.8999999999999986,38.0,70.66666666666667,23.0,10.0,32.0,59.1517946360107,7.538771223980456,5.203777479373445,6.988468869265981,73.91542232661835,73.63025921955978,76.23606024370254,85.16548984451542,93.1563671126842,99.38893886351194,99.41107212874905,99.02930564321947,81.8111997781796,49.772704489287975,28.521774142551525,14.824407476212132,11.855754534228932,12.971025218586627,17.135924054423914,25.707589731170145,35.32365532270264,43.96886787278903,48.90168003320747,47.81886322031701,50.40795637933032,0.9958270335100595,0.09126072172931188
2023-03-28 21:00:00,-4.0,37.0,72.66666666666667,27.0,6.0,33.0,59.009292414497125,7.487851213799104,7.011494576088708,5.169547481306822,74.28163686299163,74.40882442292882,78.24534340081851,86.01838335691774,92.63427128675067,98.76260665143552,99.65683281410168,99.0901343225824,94.71788624028223,93.51362537498555,92.80241035989317,84.83667732528237,49.63549649391759,26.859490632923343,10.16655627453428,8.879208090846252,7.570061660622711,6.588898477571815,6.38652442594672,5.584500634339061,8.377916664664827,0.9972495210773451,0.07411742515094437
2023-03-29 21:00:00,7.1,39.0,52.333333333333336,41.0,6.0,23.0,46.08551326593842,5.187368770966881,7.8438980860657335,7.605976002350508,40.74638904319613,40.71816846240516,42.4494382876824,47.14576962494188,52.47877091955625,59.24331239142327,66.75948192060474,70.14905804472245,74.13643631023635,53.16682255491772,33.197102553263065,22.496182482371132,28.23818365292779,34.4203130834432,40.99822169931268,41.70060150138664,42.18098598940228,42.65198340799625,43.714044921215475,45.72906212116951,45.109581274671804,0.998376906467142,0.056952196034039754
2023-03-30 21:00:00,2.0,24.0,65.33333333333333,68.0,23.0,30.0,43.56021420918525,3.493953460729007,8.2364593037808,3.517330989564752,73.71010512594532,73.52356277727982,76.98000714586125,80.00930578951987,78.616624114994,75.08930516259494,72.36088524057797,69.87848545194893,68.12718652900779,68.27097337655282,71.130291271497,72.82159322167044,67.66922132465976,53.92847516068899,38.083837442066994,27.95031697712288,22.487610725498715,25.60359002742886,29.067044402831126,33.18106228567486,32.99550054051325,0.9992088560679753,0.03977011384605572
2023-03-31 21:00:00,4.0,37.0,72.0,28.0,8.0,19.0,45.755952313414895,8.731478002443431,5.4223518977012235,4.4202937914900735,33.89519263300165,33.79200016727659,36.795830870732146,41.81495367274824,47.593328672641164,54.503763956210996,62.15835232738161,70.31883856780581,75.35993478063045,83.00645909876636,87.37146148119031,89.30185063705939,89.53641173791435,89.76056171929466,88.80600710471167,87.47863227487154,85.39060013072411,84.25291911647186,83.41568517900072,83.2116858307546,82.48223589253287,0.9997451236925734,0.022576263041545485
2023-04-01 21:00:00,5.0,45.0,79.66666666666667,10.0,10.0,19.0,76.32467403297849,16.94477231438861,7.91096111658602,4.668653978500109,70.97049326325158,71.31832228336462,71.12900355634956,72.48830279807221,74.4977653352082,74.92092978817018,73.7148694221603,73.0715889988289,74.85793653415293,77.29339139943195,72.34058686342779,62.968313059462474,53.0120860154488,45.12937245097592,38.388429703091,28.465551980106913,15.939071254898774,8.248469627910824,1.0672539701430321,0.7168201495259338,1.2273679230415546,0.9999855506507186,0.005375731557583884
2023-04-02 21:00:00,5.1,27.0,6.0,38.0,22.0,31.0,42.12689081596023,3.8671474013171205,3.1016039708226883,5.1040478011120385,57.16511702266517,56.86787132747276,59.496739279052335,67.0958807214216,74.64773071158822,70.17398760962769,50.06338714634947,25.635642236659216,19.195300550928636,22.446118904598794,27.984972876196917,32.67657872059698,32.693733281419526,32.83291085800779,32.36029439014986,32.14683991012318,31.310152501270355,29.051059566494864,25.675130293213456,20.70480852187175,16.567500852275703,0.9999300657962057,-0.011826390691832589
2023-04-03 21:00:00,2.1000000000000014,38.0,83.66666666666667,22.0,16.0,18.0,52.16455443602162,11.621364546574322,6.027726569292476,5.579831740247605,81.27801675123534,81.65718061410938,84.36582883321861,91.76178197519621,96.3412406850352,98.95217242857723,99.62942748418982,98.86098202520617,96.0431994036359,93.39809536973954,91.82173176919505,91.67883859016675,91.15595846841657,85.32558016424447,74.96953272738814,64.47481434013632,56.38652943851283,62.20523431027674,69.84349033246998,79.6152818768585,82.41862965444108,0.9995786855478958,-0.029025013321975237
2023-04-04 21:00:00,1.0,42.0,45.666666666666664,22.0,10.0,31.0,52.78354897982624,8.197850082927719,5.246928331341795,4.701510886025011,57.720766164928115,57.55188707922137,63.50888556574317,71.90511874176386,79.20446285421195,84.68495662918626,78.46736497445066,57.976453235207,36.26540085087208,28.982433299584432,26.89599023421077,27.669098991011232,30.892721572888476,36.708842956642265,42.03933182719864,41.526480506535066,38.065521016344015,29.196989236725766,22.128083298693152,15.528748882792739,12.698540222437382,0.9989315138848577,-0.046215046983708354
2023-04-05 21:00:00,-4.899999999999999,29.0,89.66666666666667,17.0,11.0,13.0,60.406004437363706,20.42093500093706,-1.0420928170282626,5.419126029075275,95.88775899597557,96.43182137098371,98.25039984363804,98.54142274413505,99.67610810939424,99.90731139152264,99.72905445377872,99.61119919640377,97.14608190646472,92.31892404236096,92.75529349319378,95.26521739513157,97.91338099478328,98.48881905268144,98.2383336277131,94.24226556066122,90.25300751979395,85.38848847951748,83.73354091713038,82.89574441936988,85.33299696628573,0.9979887423155984,-0.06339140486951038
2023-04-06 21:00:00,2.0,44.0,91.33333333333333,4.0,6.0,21.0,76.2321444120813,24.003120333393547,2.033944846888552,5.882811468641096,94.92961923611526,96.08188758819996,97.76604927966298,98.48964227738948,99.5918290496605,99.65439626448452,99.23322382839349,97.72633157915985,82.97402892264927,69.4975954324326,63.47498058220713,63.442759262552116,68.51484204019395,72.16489426738507,74.41114277602213,75.09603850841667,76.7641473856053,82.65245717214947,89.55354655787839,96.9626794885547,99.03406887462654,0.9967506498213929,-0.08054900421874167
2023-04-07 21:00:00,4.0,31.0,75.0,53.0,25.0,30.0,46.77355745530747,4.9081590270675095,5.580759798340416,3.055713410459398,66.27960172489601,65.69697011255212,71.67917159901576,79.74057091322534,85.76484370814659,87.6251746592686,84.88656790484644,83.94454661123471,90.31595329757941,96.56574296024955,88.4381923137114,72.700873793191,55.91731613974873,43.584160904285525,33.168441284001084,26.377435028706298,21.091745612460947,17.368168299928342,14.6420644580082,12.592910356242037,10.672609134812523,0.9952176027737294,-0.09768276782171598
2023-04-08 21:00:00,1.9000000000000004,30.0,42.666666666666664,40.0,16.0,31.0,42.642053954001305,4.433632116812505,5.090931695264157,6.290366561408274,63.226412657819886,63.337991814421294,71.36410130757812,80.21735349897398,86.76384767960259,93.2928841028815,98.6496233348252,99.5683740140363,89.63358910806856,54.56546357712057,38.91789431006717,33.472525168799066,36.14608675922027,40.809858654481516,45.72601729220614,49.66561690355877,52.31880682094886,52.69663145842841,49.238251273605414,40.9929259933874,35.12238867052599,0.9933900548258936,-0.11478762552212701
2023-04-09 21:00:00,8.0,40.0,17.666666666666668,33.0,13.0,30.0,40.689449120969705,6.0633997891847295,6.243859782246618,5.461646584891347,38.65244258840874,39.09799407947538,44.04122629318352,49.6051832830816,53.21062720144477,51.536154521561684,45.33662958753978,31.763718987621026,16.651338547753635,16.415524731875152,24.06884226716676,33.86773567864622,45.11531754827607,54.17883154072436,61.99564821948758,64.71899278760876,65.55319448324872,62.257337040184744,57.20488170314392,48.65669751993391,44.252260375322386,0.9912685467787256,-0.13185851571739118
2023-04-10 21:00:00,7.0,52.0,2.3333333333333335,21.0,10.0,25.0,46.27635891221943,7.792011296996823,7.042616328636983,6.902427128106333,26.69861589917461,26.704397740314995,29.20494582286587,32.66082918380464,35.33440627624228,35.82076112681858,37.07614465407432,36.315340618372666,36.548603480004275,35.87259072420067,34.13245418774453,32.57461970156087,32.603242175370426,34.88571185728882,37.49729933114099,39.66140529659318,40.60646324206745,39.44298364024751,37.38695030863907,33.462119196916476,31.468662863628445,0.9888537064205885,-0.1488903868564548
2023-04-11 21:00:00,8.0,53.0,79.0,16.0,17.0,24.0,52.329590955475304,16.556500905375696,8.091946436584088,5.047728017333633,38.222201767244925,38.155567901626064,39.170296442693235,43.773871516502126,49.44277655972342,56.149661340958836,64.21118404722426,73.14308327051519,79.68806646442044,85.10196826539108,91.11988230223884,96.0379133535364,97.14862374482162,97.04639584691907,96.04872240541425,95.85315361374353,96.239064977292,95.89071298377065,95.62204364552638,93.99141832857035,93.01759580311888,0.986146248341595,-0.16587819893463143
2023-04-12 21:00:00,0.0,45.0,51.666666666666664,31.0,20.0,31.0,51.105736755920795,6.721621018560281,5.508576958152158,4.6800280304970405,49.85284758416957,49.672518906794586,50.57776397513655,57.06075704486329,64.3455283917837,63.39547514000272,50.649255775520395,30.66986862808311,15.913838743474992,9.134525032488144,7.27432404221484,7.401549530093919,7.9617280289434085,8.718645116677424,9.681650785493826,11.405138635668298,13.701112416963543,17.274662454744554,21.856907520909182,27.560876021294963,32.056035823698416,0.9831469737221499,-0.1828169249850199
2023-04-13 21:00:00,3.0,60.0,43.0,16.0,12.0,27.0,55.451466031613236,22.878358532662073,7.04812604310325,7.45932500609768,47.822269326124974,47.757380870739965,48.51531246568269,54.12266273616356,60.4421082682955,67.02502821149167,68.49612510408049,63.576357957319495,51.165721139203434,39.326819224688506,32.66866694573673,34.0951269063016,41.103860773669545,48.63515381534718,55.818783020959195,59.00190913265262,60.21087269014932,57.18016814146355,53.32485946905028,50.42884887735085,50.81483290063328,0.9798567700958665,-0.1997015525660636
2023-04-14 21:00:00,8.0,56.0,22.333333333333332,13.0,8.0,34.0,41.62640078927803,18.45146646486834,5.7691808678931045,5.850105574888049,32.47421355842666,32.77189779577691,34.522462553387754,38.881008258613,43.92345984009211,46.640777726018875,47.674936526032326,50.961798564241754,64.31904313818845,77.26317968292007,83.55072640347446,84.47315391502393,80.4756121015969,74.76864935736721,67.90437863320456,65.13757757165067,62.71003017778148,62.79013670950279,60.32642650088517,53.30597351285665,42.76707109232635,0.9762766110869321,-0.21652708524481437
2023-04-15 21:00:00,4.0,56.0,40.666666666666664,17.0,8.0,15.0,46.910016212323086,13.497310907799738,5.049680425370379,7.015573507794135,40.223940970008265,39.986417029700874,43.26575921429494,48.50514386142773,54.805348248241536,61.940417095099264,68.09136561957482,69.79107475477426,62.77445852568388,59.027117287624776,51.11426544098086,37.89607540305328,18.76538621441954,8.903673455629699,2.8913758140919397,3.7915370993003026,6.037858802206944,11.136155867326934,18.16853209253302,27.833230711711494,34.877590741151025,0.9724075561219968,-0.23328854407545518
2023-04-16 21:00:00,-4.0,52.0,71.33333333333333,9.0,7.0,13.0,71.3025763164694,19.791315530211286,2.898678677527467,7.07095300011762,93.51351005478132,93.61111330814657,97.87419001342946,99.45956144620641,100.0,99.75744269563282,98.11133557121646,80.21280469408272,60.55490802846764,45.92279349449461,37.7647938713066,36.016283273165726,34.500259428484824,29.248836230371428,20.20124571443897,17.4121243504124,15.128008233314718,17.346643726373003,20.811045889300427,26.217368493826687,27.98780778638533,0.9682507501166718,-0.2499809690726521
2023-04-17 21:00:00,-7.0,52.0,89.66666666666667,10.0,14.0,12.0,74.0827964382329,27.640251294562574,3.395340933007831,6.095934459604167,99.20425134621155,99.24086995384732,98.99761771449886,99.52861965761635,98.82766638330061,99.3720770095598,95.27882807723513,87.6127211492111,85.57629031090124,87.07639047985231,89.27158081116252,90.79462559746655,90.16875749693418,88.03840953328871,84.41676845433983,80.97689756260972,75.57154451351624,64.57202444176318,48.56784575787618,25.3344057375562,10.65298567683198,0.9638074231367307,-0.26659942067929354
2023-04-18 21:00:00,0.0,46.0,83.33333333333333,15.0,9.0,29.0,67.91912714846477,15.783408777852422,7.3322757734369945,3.9639034839710052,62.49159796760395,62.573818711100934,62.865512603995754,69.04450732114019,76.93930981556602,85.48916554163131,92.99366176862534,97.60247796007401,99.08977315000539,98.82804952258202,99.57134544133716,100.0,100.0,95.70721818038315,84.25241405841264,75.62769093879726,67.01567654136683,57.76551432362164,46.20230414107328,34.183091493549234,28.64614211144319,0.9590788900341131,-0.28313898122818354
2023-04-19 21:00:00,-3.0,44.0,74.66666666666667,37.0,12.0,30.0,44.98404900996678,10.056032884856194,6.800734297117563,5.199638906318502,70.03874030396776,70.16370617345252,72.75565146480488,80.86034293478829,83.67185987350537,88.04426167694714,92.24185258675227,91.69655217354148,93.11111570141829,96.34392491670756,92.3419127978341,81.3512863712247,67.0555145145957,59.2203780126278,54.61999802430751,55.77835294316236,56.97819208484229,58.298779211479314,55.59650768726383,47.763112192205945,41.03675635710105,0.9540665500578387,-0.2995947563972602
2023-04-20 21:00:00,-1.1000000000000014,46.0,25.666666666666668,32.0,12.0,32.0,39.98137716627008,7.983111432098354,1.5324601554405524,6.9438327290295305,62.91311273992791,62.740791824457695,68.74078166824746,77.8338849430667,87.60772822277099,95.9087147187125,100.0,91.48173647595448,66.47675430518075,46.82118616960727,32.118001902397296,20.67084048854623,10.991199954082298,7.48182681750643,5.95155096157076,10.288563220435732,14.94568575443428,19.343391599106386,22.112270126621627,22.752136897295465,21.77774292480933,0.9487718864399473,-0.31596187665790293
2023-04-21 21:00:00,0.8999999999999986,50.0,59.333333333333336,19.0,6.0,14.0,40.64474590564514,17.828301565673712,3.5813072050212744,6.169397503251159,58.00996015406298,57.8022764764754,63.560113752356614,71.59919449700443,77.54292961494312,80.0477610910783,75.20667669838129,59.486951706312354,64.96333824129879,78.27862353508351,85.84725113159993,89.63418699901781,89.20632543726165,88.89820117788705,86.80151382561338,79.27563329792187,71.89760409259776,64.5603697910492,58.20996542770563,51.38370906408058,45.23069105879483,0.9431964659565866,-0.33223549871590435
2023-04-23 21:00:00,-2.0,51.0,82.33333333333333,24.0,14.0,14.0,46.11664489106369,15.262547148781303,5.154880191076231,6.096791575524674,48.91923436924857,49.06757682898174,52.1544325994367,58.75238699161397,66.43488147495702,70.2787114406905,64.15944122168062,50.458641263698865,40.86832708534698,56.207981248378935,67.80154782515989,73.91759454557302,69.86932339963035,63.97910211285507,57.366656329197376,63.865785800639685,73.093195850129,86.4168309902396,94.62623522963987,93.73618788404491,92.21161586797365,0.9312100364121947,-0.3644830148102912
2023-04-24 21:00:00,-3.0,42.0,91.33333333333333,12.0,11.0,10.0,76.04554787969504,17.074890825723624,4.364681691756968,5.748881314841025,92.6579056817814,92.64424141793658,98.55500184554707,99.85760296939465,100.0,100.0,99.56813491594886,97.75540096673753,98.21563478055144,98.98378569553813,98.63881735800098,97.53778002668054,97.82695105428091,97.90337254248124,97.47281923091117,96.79535351957594,95.20539540048424,93.5472808373033,91.80542342832577,89.50888955858129,88.36494632268051,0.9248025743285089,-0.38044736628785164
2023-04-25 21:00:00,-3.0,43.0,85.66666666666667,15.0,8.0,12.0,73.17915644130431,11.29424943487852,5.554494120882042,5.6869446992798895,97.56831067658655,97.11995005319464,99.02179379701921,99.30797401585201,99.7030828459324,99.83471101748515,100.0,100.0,99.84955911531088,99.38867456247729,92.93480985132364,82.77807158076861,73.35729355766392,49.16174345892067,22.01258302561572,11.73766633077406,6.352389675169627,9.596963038790621,10.601099354006532,8.94967686118429,7.257656704260755,0.9181214482844365,-0.39629913726891813
2023-04-26 21:00:00,-2.0,48.0,60.0,26.0,5.0,15.0,53.694017056545576,10.982635524450709,7.713690125403567,5.671432751794226,76.07482684713783,76.97796639848511,82.54890027731022,89.62810483351784,91.02027633051148,92.12400936625772,89.49884051098789,83.14081720441375,77.06576717078383,72.85867040489464,73.44969735073656,74.63764993750927,74.04260408868353,64.69485707135685,52.74764298575094,42.09535999677196,34.83462409143051,32.94883660984872,31.850188941633384,31.153850041242297,29.88037177240539,0.9111686353326631,-0.41203363695942635
2023-04-27 21:00:00,-3.0,52.0,51.666666666666664,33.0,6.0,33.0,46.27635891221943,12.24658171468788,8.058236562103822,6.722104055274621,62.56798799374421,64.49709668554172,67.17959166954358,74.43955310810036,81.78355169677761,84.33522148664152,84.37448571942323,88.56546288163194,94.32725535108248,98.45498098758857,83.22631829709097,67.7530238592658,71.47465626685772,73.19996246859189,72.3477385396293,63.80163406677528,54.65720039319869,44.64041649849549,37.94700348536442,34.695082933929136,29.173629285742148,0.9039461929224011,-0.42764620926777464
2023-04-28 21:00:00,7.0,59.0,13.333333333333334,31.0,5.0,35.0,33.10462754858699,11.483567587233836,7.0046432478715355,5.513646672785518,49.034950818558016,49.12202966958091,53.23633081882764,59.4803069260933,66.07542120619361,72.83535447696315,78.88108580492236,84.03303155618184,88.21816696918336,90.46587577204379,60.30581433411666,26.184112425757515,5.21878704709753,6.5231544065742275,11.44446919652524,14.167694785408354,16.94590109190619,19.848743248098298,20.09854622807699,17.454928808029564,17.058866954601875,0.8964562582905575,-0.44313223418263453
2023-04-29 21:00:00,0.0,53.0,77.0,31.0,12.0,14.0,48.331274919997306,12.715645811186167,5.8518175444997205,5.030600874090057,73.50048846611458,72.41964966734483,79.87903832721376,85.92800552173115,86.57729200013803,86.19543752839314,82.9809804401203,82.76946570685588,83.393000860854,79.59422413479521,68.2554013190185,47.77507384503335,19.144790253035293,11.89564802733711,8.708109635667718,7.604825925439061,6.935520950363898,6.834433262111604,12.103570590495282,23.88156157786771,41.56495696779183,0.8887010478292915,-0.45848712914008766
2023-04-30 21:00:00,-8.0,48.0,84.33333333333333,22.0,20.0,13.0,53.694017056545576,21.70596050288757,2.387836836942426,6.210296292661055,79.4513338849615,79.53025819562917,81.64471127813371,84.15116396076043,87.71235979866773,98.9649868797543,100.0,100.0,100.0,100.0,97.530718711696,91.0537427656758,81.9802592520181,78.12138189772028,77.31611399450895,79.85859631136631,82.71677128080043,83.99505093463138,87.88332515567595,95.30467609360956,97.80874409653781,0.8806828564301475,-0.47370635037968
2023-05-01 21:00:00,-8.0,55.0,74.0,19.0,10.0,15.0,63.88756454843504,17.091944163128577,6.174255444754779,4.968020637330853,95.16989138503322,95.48523262285454,94.49523618443712,98.2672197213598,98.02720725105529,96.18013510067847,95.39842321163486,92.825359012528,77.11694064567214,54.24379988132375,35.75772418624072,20.82911102033825,10.980599427799865,5.359680884262396,8.07991823094471,9.25409319227192,9.650921467248923,8.205277978050999,6.38985373241034,4.847868483817608,4.664762319540577,0.8724040568049612,-0.48878539428899265
2023-05-02 21:00:00,-6.0,51.0,77.66666666666667,23.0,15.0,12.0,63.378905343243986,16.308451447699635,7.120896914564386,6.874306087025358,73.9153386916527,74.1127876804611,74.19779316086512,79.89945530461293,87.03048142990617,92.69869755863974,96.97849157799028,98.07893049529906,90.22604632755926,80.96429644620055,77.56738952539732,79.4191740152094,80.71538305520149,81.27548372553328,81.74414071338806,81.48778164964045,80.41613928395415,80.80537495931175,82.0058453942122,85.20410527775564,85.06992205978258,0.8638670987837349,-0.503719798736334
2023-05-03 21:00:00,-3.0,42.0,89.0,21.0,14.0,6.0,73.07605006966709,15.641966692425228,5.0457996942415,5.42050260647494,94.65724635819257,94.5165140302729,95.68319504427957,99.05479522423867,99.90703298843495,100.0,99.42282667108461,92.5919337103109,84.2921161375067,81.72621632525923,80.23806371690233,76.43907664272027,79.47792494172542,83.65239902923032,89.42923400115212,87.9500825613864,82.47825348747519,70.88975444861244,58.47870539681962,49.818498170026466,52.340591006758494,0.8550745085896932,-0.518505144391157
2023-05-04 21:00:00,-4.0,45.0,85.66666666666667,18.0,13.0,1.0,70.54353563489435,15.443428623675604,5.9663094355717305,5.50087607448364,87.68980828767876,87.84901727867698,90.317330544002,96.79292167334555,99.29168599983804,99.5858932464656,99.23839066524947,99.02869485155723,98.40455551214713,98.75946799012328,99.23166913297081,99.35491674841647,99.1152735164982,99.27470250682602,98.68613923576785,82.37484673595985,63.11020149475088,46.30488896164704,40.199216819325486,50.085304667141905,64.91560789069383,0.8460288880917339,-0.533137056031809
2023-05-05 21:00:00,-1.0,54.0,51.0,35.0,11.0,35.0,44.7666372767909,11.275234782457165,5.384361318353851,5.692073049047358,75.73470579110254,77.19866981088737,80.45544247305234,83.20442762899776,85.45535544622572,84.91154698640536,85.11107233225272,89.00506552964313,87.24074260399077,58.05988961023848,33.286261312873165,18.18703243875101,14.009743983165865,21.497591759329655,32.16777965130006,39.147056528383345,40.56241026339704,33.03113223429229,26.835348442719308,21.866865042004935,30.475330133294754,0.8367329140344921,-0.5476112038402312
2023-05-06 21:00:00,5.100000000000001,61.0,29.0,35.0,14.0,33.0,39.218096354975465,14.543293168806112,7.669519014388803,4.363748976331183,53.72117551099594,53.77665871519779,54.8272718515177,60.07919651492271,66.93620905465018,74.510887250112,79.88173383896805,82.15859138881409,82.3194423766779,81.51005808123011,83.5220326141962,82.09671606424432,67.25425547206972,43.234872020504454,22.000932727622555,19.287541817990697,17.40167299510841,17.21769553362221,16.60703683409419,15.603294250266586,15.90018908157957,0.8271893372462497,-0.5619233046832195
2023-05-07 21:00:00,6.100000000000001,62.0,29.666666666666668,43.0,16.0,30.0,36.38396231137095,14.677245747368742,8.73254617352979,5.651969208724808,38.65433523524329,38.6049714814473,39.66095870298738,44.426460595245416,49.970410135983634,56.65058264303512,64.42296836506993,73.5839788169408,79.4478144912479,82.46698103266837,85.00286847343972,87.03180948854728,84.4760429516375,69.40610206280242,44.776676491356234,41.67900298272692,40.34733143569143,42.323131180762836,41.35598524643618,32.96690728779995,25.78564972805266,0.8174009818249189,-0.5760691233798758
2023-05-08 21:00:00,4.0,52.0,24.0,66.0,17.0,33.0,30.64052616883639,7.268979220116011,8.445934901932922,4.50179287791122,34.449611476435294,34.2797158721653,35.65792418121543,40.305728925255416,45.59505159719825,51.464980918969225,58.498720630607615,64.85387697767115,67.53485186900214,71.96073989780419,75.68689224062189,74.76302906257473,52.4640626800546,28.18864805633124,4.767973702775889,2.9008104071093967,3.5124809391036433,8.56880633221341,13.957774253102414,19.06337090753939,24.9361279095805,0.8073707443023492,-0.5900444739548627
2023-05-09 21:00:00,4.9,53.0,26.0,62.0,12.0,33.0,27.13363184068213,6.643312128013919,9.195094648849578,5.600911451614999,25.95141398821403,25.92652019690476,27.461331420140468,30.99192565528583,35.122572349235966,39.912881425526855,45.56172205061146,52.103370884208346,59.25284007043544,67.9101660384131,78.05407826859587,88.39440664359307,95.05703646507665,97.03342073659971,91.77125110268638,46.98426158099347,16.856949942765645,14.604176349120543,15.04727295217762,19.879219805703173,22.664242363704172,0.7971015927871943,-0.6038452208771035
2023-05-10 21:00:00,5.0,62.0,14.0,59.0,15.0,31.0,32.268334687914155,13.606069970623693,8.326377513448037,5.028401777243262,35.50018154621306,35.84323243913676,37.173119975266054,41.90988302512818,47.366333204076625,53.64715265365319,61.36107689204654,70.4506743352248,80.18707445647921,90.33439457597238,97.21453925723084,98.62279868196313,85.88789156519078,65.07167614990742,39.126204102346094,26.061667981461547,16.082066353298906,15.969814204210063,17.95000785554331,22.692585872961093,26.696766642439457,0.7865965660866021,-0.6174672802835514
2023-05-11 21:00:00,7.0,68.0,6.666666666666667,46.0,10.0,31.0,31.952006047371967,11.365119643821743,7.71544938123116,7.0208721836452535,25.11306719071344,25.187877370401214,26.277372965647682,29.199840094693986,32.860767608812296,36.93649893317363,41.386648426411114,44.19941918077504,46.25527695890476,42.16819164790099,35.50997329212744,29.432100000176504,33.036563765856314,37.48180638258115,42.69135152083932,43.11925155183525,42.55942137635441,38.47429332212384,32.83104170106192,25.482863938547144,20.5947051028372,0.7758587728069828,-0.6309066211876704
2023-05-12 21:00:00,3.0,66.0,58.0,34.0,9.0,26.0,52.248935377409744,23.215420519602006,7.833894348826486,6.315996875641336,56.80316347543618,56.917288019298965,59.88571310738776,67.23285064279668,75.55834961613098,84.06737528731128,86.72559759652123,89.37193146668257,85.87748209238207,80.89939004152184,78.16998887222672,78.7818838337215,82.78904340302067,85.64873106941153,87.24573723535642,73.42530729897335,57.16422298224754,37.05719259637383,20.463989883136378,11.247810522802979,10.255434880829018,0.7648913904341226,-0.6441592666722685
2023-05-13 21:00:00,-1.0,54.0,44.666666666666664,63.0,22.0,32.0,38.07535821649752,11.327093886756263,6.462640458136485,6.08231981112051,51.636099582307246,51.36211358766051,55.43809176239457,62.47002912068792,70.60534453403969,78.66175480524176,85.97087870373915,93.64516863193548,98.81007900849497,98.4294870776513,87.79185173454465,71.73038557906321,54.40139926436473,45.00199775961134,38.64502309247063,38.159229063958975,37.31639945669982,35.69754512817438,31.49353776641759,23.481493707596503,15.222475509496808,0.753697664392914,-0.6572212950663319
2023-05-14 21:00:00,4.100000000000001,55.0,20.333333333333332,61.0,18.0,32.0,29.859808750612515,6.26277855089218,6.5222699613338575,6.840102397206774,34.458082048538216,34.326952936930844,37.14032128364263,41.84753037340834,47.27034303223716,53.296757252272755,58.41143923161232,60.76473325002383,58.75661340278617,38.12367157596876,18.77353445069942,5.507713926316097,3.567525473615628,4.171781531675397,5.799834969265933,7.184521485900319,8.412542432062013,9.39560318427961,9.473058504279214,8.888330473681892,8.42289739007643,0.742280907086982,-0.6700888411055113
2023-05-15 21:00:00,3.0,64.0,65.33333333333333,39.0,23.0,27.0,31.312487952131622,16.953899344811244,7.6609370732813415,5.844203307407098,34.28762376407535,34.31890023041598,35.240431041170446,39.08820518311808,43.810466582371916,49.301838870402506,52.27250805116569,49.78159992617396,50.180598137311804,55.63537070866998,65.6591305520125,78.42456757977799,87.98413360759265,92.80507139009862,94.00754073624461,92.69112025509324,90.93903176821868,91.36353150665295,90.27331062000995,87.83544736941036,86.0827700255392,0.7306444969184916,-0.6827580970759147
2023-05-17 21:00:00,-6.0,45.0,60.0,86.0,18.0,32.0,29.48686705296562,8.076979335170355,7.990786479029227,6.516641075064715,69.09031644389839,69.35338997563734,70.20635467938243,71.82809375736333,67.57840248434891,74.94031243561552,83.16332898160249,86.05127361661596,84.48590568600778,80.50803354831353,76.21980513808285,73.44987575236655,72.75322605364279,73.03364888398572,75.8958180987891,74.92753108665782,71.67920095289891,65.51253818334783,55.591268223724235,40.277434703522914,29.59854745116085,0.7067265555776158,-0.7074868024503348
2023-05-18 21:00:00,1.1000000000000014,56.0,8.333333333333334,52.0,10.0,28.0,27.614121821103637,6.991604146262122,5.736802973033429,4.866608886100212,34.886258354345685,35.02317070566648,38.33625055390838,42.93754179887566,48.63833585859404,54.642164048877206,60.06435966994532,61.78908422606687,56.08254176916806,33.387044390850626,22.416552550384345,16.631914175085072,14.264028067845357,12.97288039644799,12.31582560053864,13.842420337490557,15.554091794022526,17.59222835661044,19.986474025746034,22.753733816749325,24.912404948097162,0.6944521021088763,-0.719538934232584
2023-05-19 21:00:00,-6.0,64.0,39.0,35.0,16.0,19.0,36.707670168732406,13.338401162325493,4.935497364077945,6.642851444042778,52.7567353381322,52.6489555500678,57.48886502575239,64.66195657965454,71.78852303544761,77.70865834041093,78.94774467905795,70.47503123608348,55.985489534745824,38.17609347242124,23.36554556229587,12.759007038107463,6.817948635398986,4.350848301292457,2.7836268434767235,3.103708584560698,4.371906118423976,7.2414030925088095,11.213582109763166,16.732965222575476,20.682680313829437,0.6819721490904629,-0.7313781428679254
2023-05-20 21:00:00,-6.0,59.0,84.66666666666667,17.0,16.0,16.0,64.3868891219303,31.222759843430275,4.496879280435206,5.129704018645721,96.39443326348429,96.59467600520597,98.93641083207152,99.47187549167718,99.51495571786305,99.51027268531868,98.89780315100609,97.94076807260672,94.07961482009557,89.79294201159279,91.71466544331288,95.36673823197022,98.35468119379091,98.33215694645469,99.05618833819614,98.9850925792194,98.42156092097395,97.65362419256601,96.5982503195734,94.10192934318377,93.73733364477314,0.6692903895412567,-0.7430009249440493
2023-05-21 21:00:00,-2.0,64.0,49.0,41.0,15.0,31.0,48.15248272474801,18.426573661213926,5.379864492935534,5.985063819449064,71.21948241904852,70.9701646868282,72.36292727909681,77.7402378688465,84.230002982883,88.48035574733876,83.02048396309551,72.00561463067613,68.57712619965292,69.131704787349,67.22384072536255,60.29540350490247,41.172478424790135,25.558224297285552,12.543592161858061,8.667958743935248,6.613545685043706,12.090452685176304,19.876544297741518,31.418431175109706,39.08688031145646,0.6564105761979381,-0.7544038410927472
2023-05-22 21:00:00,2.0,58.0,3.0,31.0,6.0,35.0,30.34606636500682,7.000686865660655,5.271600408250776,6.521722841759327,38.90934380240793,39.109476801131095,41.864419812712995,46.02064501742807,49.37447188177399,53.02243503294445,56.500433102392,50.07857663211358,33.517981278802964,15.364220408733043,10.613003024416843,8.613885875221968,8.054233112319958,6.758650514025775,5.696730577647054,6.414878234616897,8.348861002057058,12.035857619140376,14.605850243454741,16.464454054246545,13.715540542475166,0.6433365204044917,-0.765583517007675
2023-05-23 21:00:00,-4.0,64.0,9.666666666666666,41.0,11.0,18.0,39.70182375251126,16.889446921553102,6.432021397667648,5.280432852512891,59.95143766111395,60.22884301290926,67.12685069837303,75.07733075684529,82.48626598656625,86.86399478414825,89.04114100425006,89.91493241147992,91.97269522638778,95.61132915802366,90.35116980181084,73.74148573632367,46.204498990988235,27.479504475735993,13.076473273060662,8.94585623787729,7.280272025454939,8.981438976568032,9.192317485058288,8.12737162274514,8.16541309031022,0.6300720909843687,-0.7765366444428655
2023-05-24 21:00:00,-3.0,56.0,74.66666666666667,17.0,12.0,32.0,64.0132635887432,27.30705130982846,5.847692272554908,5.8938659447359685,78.09011360348957,78.25623867469237,80.21818890904616,83.30273764966985,89.11883129311633,95.73452511022198,94.26468046417385,91.620284343566,94.03132181917101,96.43041697754201,97.5528744151881,98.68513158434072,99.15476806069123,99.46754262240405,99.30873635432327,98.78740127395298,98.1125659232222,96.80810466762257,95.88736122334596,95.29797976154323,93.5190177327423,0.6166212130956382,-0.7872599821916922
2023-05-25 21:00:00,-4.0,49.0,63.333333333333336,46.0,17.0,34.0,53.84368117221753,11.77228837349739,5.460447543320464,5.115873348234382,76.79794396651211,76.23969659375615,82.5487672937194,92.03551507344139,98.22210217268197,99.64008072540888,99.4698804442189,97.95835013760484,89.64894280743212,85.04437945364687,82.35256732943884,78.70974967500742,68.91208888835855,50.71550134566829,28.760785488598817,13.349381229664662,3.185082888487488,6.416932032657494,11.135419251970536,17.493629621176794,17.822590062373543,0.6029878670694714,-0.7977503570459932
2023-05-26 21:00:00,-2.0,55.0,57.0,38.0,13.0,33.0,50.60187561794369,15.03939123412022,5.4896811701648405,5.520378616603031,68.81610743685387,68.78335991587534,74.80605403382734,81.24447608293698,86.88436742024615,91.03518063317769,95.40443726070224,99.36318313358618,95.67413007760202,81.24507553162552,74.85140688826905,72.4302414691757,72.40567096509666,68.7237957914332,63.25683487999345,56.76159855566838,50.865403267185016,44.92235137354218,41.180915557866236,39.20817524864948,33.81689042053306,0.5891760872322963,-0.8080046647350754
2023-05-27 21:00:00,5.0,72.0,8.666666666666666,34.0,9.0,30.0,35.19644383052797,23.76748168578635,6.875947372681488,5.556308202403065,38.08063317150222,38.457678481360844,41.24471008523947,46.04987058245419,51.33975597591846,56.93038244401399,63.071496291157494,69.31050747363223,75.64011115962397,79.20991310839054,79.68043806830717,77.42286578555951,71.23396506970124,64.67505144032435,58.200757755930354,55.51110264184964,53.875058477595594,54.85900109561912,54.5782769911787,52.05774260397843,45.98699812496381,0.5751899607119775,-0.8180198708443175
2023-05-28 21:00:00,0.0,77.0,7.666666666666667,49.0,16.0,30.0,33.37602836750108,21.87053634831448,7.675197308605047,5.648456340345099,27.90216317435523,28.145044727716,28.99150574734492,32.27328764970853,35.95509648501585,40.289159350722024,43.79314686649957,47.35643766035157,52.83328114641213,58.28761936096603,63.48217207750698,68.36809216304471,71.34341390235953,72.26859308190667,71.3119925443672,64.28790119730112,54.93914852056246,41.943889808765924,28.654494389150397,14.587669444367476,6.898360646581008,0.5610336262283677,-0.8277930117131022
2023-05-29 21:00:00,0.0,66.0,12.333333333333334,33.0,6.0,36.0,31.632737866712375,8.15460908141381,5.4357820439061575,6.296759325976781,28.54999940110495,28.696612007278034,31.14300107169006,34.49364006335606,37.585873144126644,39.31377648433417,38.577151154281005,29.40798192543319,13.18388779933507,7.992924232407815,9.486647471947085,12.24524691055608,14.285757626074409,14.247529865531064,13.505747162676323,11.826823013322217,10.232871723801079,8.992231494053055,8.574679579742718,8.85018572379335,10.252997213593268,0.5467112728685939,-0.8373211953118121
2023-05-30 21:00:00,-1.0,73.0,18.666666666666668,36.0,8.0,22.0,36.727540264616124,14.352286147526172,5.8760339950421425,6.537674755101573,37.46657275015762,37.92207212248716,40.52272993908969,45.25950902214752,49.35077363916679,53.18393588658774,57.80536840154365,60.63626350085764,55.42840849861054,30.220391094731074,12.33595671350489,3.5831342145204697,8.55061394012631,9.669389888124327,9.751334474195886,9.839985312870027,10.267890806719098,11.238957586458644,11.129270820307676,9.596067908302725,7.873151457052218,0.5322271388474397,-0.8466016020976267
2023-05-31 21:00:00,4.0,81.0,12.0,43.0,6.0,28.0,32.758736676879145,19.575746881093586,8.374715997743113,5.73442351803925,28.456244496208292,28.405579108754658,30.609901028929393,34.03786089113651,38.19870036123527,43.35768623202239,49.25448783415194,56.84794399964015,64.98218023504029,69.7623888852053,66.38629863035243,52.559810385339,25.592752829159117,16.9219594226558,13.933227948069105,13.59815421029782,13.711178833871449,14.72306526662122,14.715878217648068,13.224403058275758,12.15159165367639,0.5175855102531889,-0.8556314858488706
2023-06-01 21:00:00,0.0,84.0,13.333333333333334,52.0,8.0,32.0,33.224360283437846,22.21817686899818,9.215890852452716,5.7475788897708515,25.184981575105454,25.17584317329511,26.562204888574765,29.330102990827957,32.87301643881512,36.77343659897134,41.4952205682681,46.544431032310975,51.83135388505128,56.73817092202991,58.87552857937226,59.13476096356531,62.72420331645132,62.25354932245162,56.726713229206794,34.57555372855517,17.634476765827127,17.757718257488335,16.827238327667448,14.659386561567441,12.791501283183472,0.5027907197793043,-0.8644081744776648
2023-06-02 21:00:00,-5.0,66.0,55.333333333333336,19.0,11.0,5.0,67.66016472401645,34.19822970033405,6.090309727135768,5.909465775441461,81.15794144545694,80.92856989511532,86.8419741210207,91.5705333715619,88.42748676138841,85.4869292370822,87.89327407085867,94.37789769747586,95.76623194466235,94.01439900758112,88.59986829523638,84.58502799583383,94.49028928867692,95.72639426932653,91.60101470360638,82.5233129074924,74.31340906259287,70.31923012237436,64.51787465830809,55.62163868894311,47.541043711094034,0.4878471454423119,-0.8729290708206411
2023-06-03 21:00:00,-5.0,58.0,18.0,49.0,13.0,3.0,38.730744915729446,9.497639306148121,6.6435555272233815,6.618740331704257,38.15908489439299,38.996400414910376,41.4832487468911,46.36454762438933,52.22005940934851,58.20548817178195,63.32507980461243,66.14851940177125,65.97150019219794,40.277092092869445,19.263820586996964,7.918945201739956,9.295699584807346,12.683395261295718,16.251462354022866,16.63504529004731,16.61429254357075,16.09065441357238,15.706120704525784,15.148403138655759,18.48942761123857,0.47275920928627757,-0.881191653407483
2023-06-04 21:00:00,-8.0,54.0,61.333333333333336,19.0,11.0,3.0,54.58319207123542,22.47522818276129,4.312818140183736,5.613845430615734,91.09034662980474,91.00850253598455,95.39795208252629,99.10647901369698,98.4308418038537,99.1683108057187,98.46688123249527,98.63376141624833,98.80454111141378,99.40751344647504,99.6058761364409,99.65456238931787,99.66575809514364,99.4700560489387,99.13588357647463,98.14646284308695,92.9269702608173,77.10733441241841,66.23360897461251,57.89016807207338,58.33459547344493,0.4575313760742512,-0.8891934772070711
2023-06-05 21:00:00,-4.0,55.0,92.0,18.0,12.0,1.0,66.37865956440848,24.63814952837638,4.880350684613598,5.453202854940767,89.81790040370586,89.51400278639358,92.84485260857706,96.72046919687371,93.59935702734555,92.36892587123016,95.00802139758468,98.69459861641992,99.78192019473944,99.73273462864628,99.19532004446413,99.23410607483957,98.6014092037877,99.23233838574468,99.80500457428127,99.34404507030365,98.04139432372742,95.34881397991832,91.28591160097966,85.55434163528822,84.6422978778066,0.44216815196707204,-0.8969321743510065
2023-06-06 21:00:00,-3.0,52.0,94.33333333333333,17.0,18.0,34.0,76.95835189404563,24.808419850523194,5.126340764308934,6.082163484777155,91.18609014189174,91.57295458534578,92.22824840676715,97.63551531030113,98.51657945969514,98.04906122797219,97.84981982218946,98.16654111705343,99.28763371954987,100.0,100.0,99.67047751256914,99.39031777937478,99.35204982193281,99.5883935855416,99.42864796537052,99.64073211093584,98.09223477305332,94.70086834151029,89.22429972833288,86.69212265758561,0.42667408318992467,-0.9044054548343001
2023-06-07 21:00:00,-5.0,50.0,92.66666666666667,19.0,12.0,33.0,76.77977271296584,20.008280200640502,5.757800956791685,6.622169631074011,87.25984798910426,87.64332958640033,87.3159792015636,95.39439243863063,97.63551110822918,94.7888318449553,96.91614819141695,99.45785708189632,99.55152993734872,99.26669850234043,98.8757983474584,96.91739718493788,94.61016770429406,91.60052149753925,87.78295972233123,90.14920656031431,93.68310517888612,82.40494391970276,70.5920027789789,66.3998295436027,67.46885266480975,0.4110537546870351,-0.9116111071930239
2023-06-08 21:00:00,-2.0,55.0,90.0,20.0,5.0,5.0,74.37454876839438,22.30321328075263,6.596339238177282,6.074090126035017,86.61588672902428,86.22214874632832,88.48855412965123,96.35021073350512,99.77618737219719,100.0,100.0,100.0,100.0,99.1658127925381,98.35863406325754,96.68880057376822,96.74244625584778,94.30550449154882,88.93059068037317,85.63264310463097,80.45223957481993,70.92146929335401,61.862633202712004,54.94666710384715,52.599839571679965,0.3953117887649151,-0.9185469991587165
2023-06-09 21:00:00,-2.0,57.0,78.33333333333333,21.0,5.0,8.0,69.17919044473983,20.995548109906064,6.9439173255537,5.975754522088631,76.19311811148854,76.21386246465556,78.93543785372412,85.943873997394,93.41070215606058,99.33089873745622,100.0,97.96925574185332,93.84311428196477,91.58260895475462,92.71075878875371,97.80418885711734,98.94795358142471,93.20527172631976,79.40917455638535,73.8051942459408,67.10607472950802,59.193462751616146,52.66856479218015,51.67894811190453,50.191442901870076,0.37945284372454435,-0.925211078289358
2023-06-10 21:00:00,2.0,59.0,69.0,28.0,5.0,33.0,66.8524755042766,19.47699644616966,7.165617063989577,6.780709925330706,70.20091357846644,69.81142666326059,71.55354771079745,71.12042990113504,76.33644060475521,81.38624116420131,84.09389036407234,83.52076435538517,84.55458048727658,85.47905040950005,87.03807470666716,89.41895592020225,92.98663597385581,93.33178190812967,91.00170347957024,74.58604160592809,58.18085440412274,55.30248251502567,53.81436521223666,56.38567982389103,53.196855933896934,0.36348161248290634,-0.9316013725767187
2023-06-11 21:00:00,-2.0,69.0,49.333333333333336,31.0,6.0,31.0,48.91231522715638,21.73231465179688,7.781360777917437,5.723743413868993,56.377583991306025,56.35153268990729,58.792421703236876,64.92347718454124,71.86709354425669,77.13574854863874,82.97547975935404,89.20153042160626,95.7430681917125,96.52001103609012,87.10129530811304,69.90680552969927,57.807673135195614,49.171377406808254,42.08427616249351,26.461062936123387,13.39373240338692,10.711976197746518,13.65277994553118,26.627991749203474,33.19070350991555,0.3474028211842774,-0.9377159910299093
2023-06-12 21:00:00,1.0,73.0,67.0,33.0,7.0,17.0,53.262920322678845,31.749465524928432,7.558992552723589,5.018586762993456,62.37264164777401,62.42306671918476,64.89820120520884,71.57306935143265,78.55068492202693,83.70827289664857,83.24755447512534,77.62245972650754,75.32773482033247,74.29793993537557,74.73172444373581,77.24950472389337,83.89501418990417,88.10496508266915,89.83381451124292,78.30956905128852,68.45479375489106,64.61925488783969,61.47409933732716,59.56183036202959,54.571592666646,0.3312212278016865,-0.9435531242349544
2023-06-13 21:00:00,-2.0,61.0,94.0,14.0,13.0,12.0,80.62364290299612,36.91735709657462,4.284324911204026,6.157308644488829,93.34170046847754,93.13935390318882,95.22581895796017,98.91119547826875,99.04513503643332,98.20473120968443,98.78312962928729,98.87139377474303,98.75282674151967,98.31471691686276,97.45753549439104,97.02549497987792,97.97140880759741,98.14923249447389,98.58028575947029,100.0,100.0,91.1045381999908,66.6869944163799,21.573753965540508,3.6090857869276007,0.31494162072895193,-0.9491110448902284
2023-06-15 21:00:00,-1.0,65.0,74.0,27.0,5.0,31.0,70.05344094799,30.970508716601497,6.637704751879215,5.80276968005128,83.2884117317199,83.56196720328036,83.96190532941914,90.44602355605468,96.49984776438467,99.29230757493826,97.16071710790409,92.01833605809591,91.63405609633702,93.26298839205243,94.28681893224021,91.17120065386206,90.44090815504988,90.81523998061506,92.21636283432453,91.4165728252338,88.46501722200185,82.45847708445986,75.05469541725577,71.81928209668429,67.89230071906015,0.2821076626819194,-0.9593827529490743
2023-06-16 21:00:00,-1.0,69.0,66.66666666666667,28.0,4.0,1.0,61.01345159166276,30.330755514377575,7.0171442393948675,5.715492635003705,66.54245746070973,66.74121737855975,68.16943342268443,75.31642473827715,83.36979994057182,90.24507375977706,91.42302599032483,90.15841714100998,85.99816865944472,82.5057645498185,80.44084557844741,79.39942022295747,87.23406588030473,94.00375163467652,99.28500412515923,98.13583610704794,92.99300357263948,73.82277853236575,59.9145916831412,62.10516961179938,64.16010884255606,0.26556302780405594,-0.9640935007889755
2023-06-17 21:00:00,4.0,61.0,94.33333333333333,12.0,11.0,8.0,83.60281986999829,30.353416958760462,5.98654429409257,5.810280635896154,91.156905375355,91.20072674285318,93.35315021518919,96.74420658859303,93.62931257342318,94.06923258888368,96.75468506400577,99.10266065072695,100.0,99.76252616950715,99.41249619882616,99.33556789040317,100.0,99.84343257872086,98.92762798414977,96.3215458764499,93.37445665551134,91.67311290150965,91.42352304484825,95.17226533165447,89.75397843863196,0.24893980855376657,-0.9685189578512204
2023-06-18 21:00:00,1.0,55.0,94.0,19.0,15.0,35.0,80.16644518737577,26.48261798387823,5.288522451977755,5.445460990050416,91.3601812328831,91.54760566093593,95.44708994158697,98.95059752208074,97.9379262217532,93.16624831274635,88.09726543840338,89.45324309407322,93.74342195738733,95.52993445930177,96.80223204930896,98.35981358094327,97.79846158644006,92.64019069686663,85.26207923996014,80.92826155717573,77.15867277968455,77.1172963674819,74.88524732400104,69.51637700540579,65.02258560793582,0.23224292400907015,-0.9726578145718654
2023-06-19 21:00:00,-2.0,61.0,78.0,25.0,6.0,36.0,64.63310849589597,24.652095274057476,5.194154533628433,5.844074249006495,81.76955839315842,81.8683435684791,89.0117025367501,97.75315640354606,98.09281555613784,99.29569030937037,98.47032085013397,97.06712734572054,94.45826243007022,93.595033640076,95.25936371407879,96.41112731839351,95.98442839357735,93.68323786298804,90.87432325042457,90.12889508637862,90.27549244737536,90.30866201462749,90.90480250655088,91.86983706685642,92.25214224000999,0.21547731504673012,-0.976508846196619
2023-06-20 21:00:00,4.0,66.0,51.333333333333336,29.0,5.0,3.0,56.29924377769591,20.508943943169065,7.1913869872225575,4.4930166661386295,62.603548532751375,62.65285813371205,68.48413449201492,76.2211196099207,81.48913451626028,81.2920338726762,77.06690959616633,72.34035868176815,72.33041237094099,78.45608785542773,81.42039626086142,74.53110610325533,56.420671750689635,40.06541687163326,29.677881376334547,32.436981449206144,35.94990113684941,40.79516126049381,42.62401289543621,41.810543770164614,39.616113138354194,0.19864794288017112,-0.9800709131432666
2023-06-21 21:00:00,0.0,71.0,26.333333333333332,34.0,3.0,21.0,49.21267513574142,17.009526721973337,5.476281077757693,5.385474969090924,54.38661883974961,54.87687496348682,60.00917551073789,66.92186665417773,74.53401079248638,81.68585721605497,86.72329616393547,74.169491411986,46.15853202881535,29.158191616450896,25.315100819462632,21.264721892071563,15.829092487132884,10.821825747484093,7.012711235727831,6.7526426950915885,7.389845545665209,9.096055149045302,9.43163955912277,8.649221814531895,8.77048429382219,0.18175978759137534,-0.9833429613388902
2023-06-22 21:00:00,3.0,75.0,16.0,35.0,6.0,21.0,48.024842970657794,19.029382626458197,4.81953858188378,6.290311368918336,63.30704209842707,63.653881334970265,68.32102588958911,75.72227494756567,82.9892080430048,85.23655435720922,75.80959529029111,49.94348706340633,21.91823004275083,14.454023142965022,9.877320327778616,6.662111908188486,4.532942998801072,4.126693128896894,4.027705986505918,3.9405762976812913,3.5429612829392205,2.764462906536859,2.348067460296092,2.276470619724269,3.432233815574843,0.16481784665719793,-0.9863240225317866
2023-06-23 21:00:00,1.0,76.0,42.333333333333336,28.0,7.0,19.0,57.667789107835034,42.504657162213014,4.649523579291806,5.300122149366565,93.10022755556145,93.06240840569431,98.32648461404672,99.11377019840207,97.84917359742622,94.48431698901439,94.50143199608291,93.70451311129713,89.39377950647382,86.65087851319656,85.60008886811637,84.9134022058577,84.10659827750978,81.40786597213388,78.6539475864387,74.39980680092565,69.91863399221917,66.56211470715992,64.18897631238727,63.91495671120633,65.18054968246592,0.14782713347053048,-0.9890132145779883
2023-06-24 21:00:00,-3.0,72.0,87.66666666666667,19.0,8.0,18.0,78.64171584654673,43.744555268609886,6.489359758468037,5.114031997098464,81.17881375088683,81.15834998105002,84.22051354482005,90.69950558196271,94.4205741921794,93.99745989895887,84.70958533701976,82.77438155018307,81.40278975970739,82.74383271924796,86.66984363632515,91.37641400512987,94.30723013014304,94.91693961104376,93.3597908172236,91.00376072753035,89.05276471843739,90.11698885213612,92.05414607699889,92.9646339112236,93.83047945029537,0.13079267585675922,-0.9914097417023038
2023-06-25 21:00:00,-1.0,75.0,55.0,19.0,5.0,4.0,66.29448363533437,37.80305912528258,6.870936588770376,5.548886072820469,67.88244170477562,67.9737020766717,70.27336309118337,76.91004391958798,84.49081118574378,91.18273806522032,91.65963313802851,88.99920026630119,90.02102627724739,88.8991679616641,86.43474040397528,82.74109678608997,81.78283642124936,78.21555923782968,72.39715973740155,64.71544438727602,55.55050104481699,44.09182031781677,42.08947617842815,59.00992986808868,70.51881582051122,0.11371951458594969,-0.9935128947338007
2023-06-26 21:00:00,0.0,62.0,86.66666666666667,13.0,14.0,11.0,83.66717971385457,38.72587826724353,3.9344013676033978,5.245839684867718,96.71677703332699,96.59773423514099,98.36062200879985,98.7306033746047,97.09222248741717,98.53662148295348,99.71867936424708,98.61411303895336,94.69668340371953,94.25378343739447,94.52776568283552,95.62110782428036,95.63604745074302,94.30394460585481,92.95141816635956,96.27402262870142,99.05116831160052,98.23572741971147,87.97454336837993,65.82261670057407,46.610980739264676,0.0966127018812031,-0.9953220513156602
2023-06-27 21:00:00,-2.0,69.0,92.0,13.0,15.0,14.0,81.21007848481806,37.194384765856675,4.961051072147147,5.792774826724116,95.00794949230941,95.26706198878883,97.75399456447104,99.19845127978755,99.54980830854922,99.49705994835296,98.93774654491483,87.39864170856607,71.22758753363686,64.42345499107608,61.906360318674636,59.507580395111724,55.173171763296935,50.49368027126957,45.041036808817445,44.99903753896459,46.631543506452104,53.90770994195632,61.5162949934558,68.16329624401456,68.83192349396408,0.07947729992362097,-0.9968366760893436
2023-06-28 21:00:00,-2.0,69.0,88.66666666666667,12.0,12.0,15.0,81.21007848481806,40.38332915672418,5.585932460058442,5.347725307551348,97.28453775750057,97.34972920506635,98.55655580099392,99.10021236934479,97.66372024124401,92.17565275596851,89.52106591223325,87.86834102425154,86.68698049389236,87.4583302066346,87.74664394624327,88.52865458126628,86.20886177807309,84.14745940146734,81.69083332564597,80.01088410717142,78.38159803356844,79.12851077600848,78.30173032523925,75.58680571527549,74.12724986991512,0.062318379354325076,-0.998056320853012
2023-06-29 21:00:00,-2.0,69.0,75.66666666666667,19.0,7.0,17.0,81.21007848481806,43.178547190981604,6.2686263783298415,5.771072038840643,83.16790407371386,83.37153048525059,86.83551325966918,94.21127229150169,99.04326414954342,100.0,100.0,100.0,100.0,100.0,100.0,100.0,100.0,100.0,100.0,100.0,95.16389762773385,80.98284671798528,61.24957627532876,34.47299470726849,15.949139903156903,0.04514101777397193,-0.9989806246941579
2023-06-30 21:00:00,0.0,73.0,60.0,17.0,7.0,16.0,68.44137294700022,29.450548295041504,6.448028441907065,5.6676907312140985,74.49931462266677,74.17343268918361,79.8455959568874,87.39443760513089,91.181583203589,87.16915837995238,86.79834357180142,89.25006051537625,87.28881417419639,82.01058533529499,78.27781457560222,68.36815882903434,43.44774140591181,20.192855578921414,1.6243578844902864,3.277508416567225,6.086421670826468,11.324137954032576,16.602564483806013,21.966368642231362,23.927719868063164,0.02795029824021032,-0.999609314096404
2023-07-01 21:00:00,2.0,72.0,73.66666666666667,18.0,11.0,16.0,68.33135540319206,34.297546881396734,6.274058571872982,6.2089338827498874,75.29997386807213,74.98293099565167,79.45227487815924,86.73368836705008,87.45078711304227,79.41811415189882,66.78997315598264,63.059209138003155,64.51052288917232,65.46558490705867,65.18657578039128,64.68779352732325,67.82014434387358,70.01246218237117,71.61646171194639,68.99108110257494,65.57372053614533,63.130013140673015,59.03166870260809,51.64205744992378,48.69949984154008,0.01075130776352193,-0.9999422030204416
2023-07-02 21:00:00,-2.0,67.0,92.66666666666667,14.0,11.0,17.0,78.23768272867298,40.043510653854085,5.055257026557567,5.338526657624445,90.18699898678572,90.32096499344362,94.62665730365066,98.8171312319617,97.9873767810777,98.62916776569793,97.88654518916631,97.0268112565434,98.15983948300442,96.04643002203485,94.31795212870584,93.28941252570317,93.86698981593608,94.85258564679629,94.5759082878476,92.2430361489282,89.95704558797503,88.63598570713026,84.44251543150202,75.2072316050833,66.20091330609098,-0.00645086419810515,-0.9999791929590823
2023-07-03 21:00:00,-1.0,70.0,89.0,15.0,5.0,3.0,81.28158556761407,37.82204661835775,5.341616100814412,5.60985331748586,80.4529762868406,80.35290233052994,83.50158405730609,90.94513332193776,95.09380783466716,94.15587766107404,96.25377864320822,93.49114374268316,83.29094112469348,75.20574937246718,67.27192339248548,59.80452625154946,58.00770122224913,57.67913323679332,58.67168165198895,56.97088805402429,57.87100095780418,68.95738406614203,79.64388614751857,89.34816734388748,87.12444629588964,-0.023651127245231586,-0.9997202729664083
2023-07-04 21:00:00,-1.0,74.0,61.333333333333336,21.0,3.0,33.0,73.51892767698158,36.909523499057094,7.083391882360449,5.503590318688832,71.48458031607443,71.39844466514027,75.34223007169521,82.66086717812551,86.19166557085254,85.60124262302378,86.99731462379518,89.03835422099895,84.07107207081681,73.4835901355636,70.00352821519364,73.91473622853083,82.94656750535853,83.70589348390864,77.9690135907965,58.23612656371823,40.22170592962483,31.252112965197643,24.316382227072207,20.748219322104983,29.140063760524352,-0.04084439154329611,-0.9991655196610109
2023-07-05 21:00:00,1.0,80.0,24.0,33.0,5.0,34.0,56.19500657655519,35.91364880903416,7.683656748615418,5.2405144753482835,58.112814578637796,58.026028198680656,60.77927120511172,66.45019715843786,72.37585755062229,77.89120549846557,81.18797540061416,80.4575508300188,78.9639562666876,70.17655883546601,63.877894175576245,62.77790513911733,69.4513711631385,69.5068455069924,63.673933937497566,52.76541347212928,41.57940888590134,32.88692496535683,24.792942445738813,17.23440469900345,11.300405209369588,-0.05802556932878035,-0.9983150972033183
2023-07-06 21:00:00,1.0,83.0,31.333333333333332,23.0,4.0,18.0,54.666524747331636,33.14169297828718,7.743391420854605,4.665754866132617,54.94335282581579,54.857525655087024,57.10577896146843,62.710391401236265,69.09290352331053,73.42057421260621,71.64750042345935,69.56009424354258,66.89521411650226,61.964997702648404,54.93242631342874,47.72894042617332,48.49660442581667,43.52871903068602,34.89761362387134,31.615835608392693,26.46820885363997,17.225627914612584,9.255391942927465,2.664240750037673,1.8380040714578452,-0.07518957641475855,-0.9971692572470178
2023-07-07 21:00:00,1.0,78.0,44.333333333333336,21.0,9.0,19.0,68.98371246394646,41.015692047480094,7.752656713736915,5.1479587346133275,65.05359433916918,65.4239243026473,67.47252263648372,74.25287781837478,82.05433516286327,87.32325386672552,87.55231683743949,90.60062442406549,81.8522678267711,73.00247087642703,67.84223994432311,64.8488162380803,63.06599102212337,56.24001159297389,45.173069589589225,29.30382178093367,16.205081262321013,15.54444325326965,20.622950057106042,36.0644142633909,45.23986075674567,-0.09233133369539122,-0.9957283388645872
2023-07-08 21:00:00,-2.0,76.0,69.0,21.0,7.0,17.0,73.70845748055447,43.25757688842594,6.014332848063284,4.943612123065725,92.464471050168,92.21328022270838,96.94709190370601,97.65065313197248,98.05575440989817,98.2836399184248,94.85919635556571,88.28281994012731,79.46869513065434,78.23955393884306,82.43944795609659,89.52278285473362,94.3366613020579,93.01225788186015,87.31361523744978,68.23470209487374,47.77902436363962,27.360638664444753,22.069528567340683,41.08102045667457,52.77127302784561,-0.10944576864891556,-0.993992768446958
2023-07-09 21:00:00,-3.0,75.0,80.66666666666667,16.0,7.0,16.0,73.61393026416867,34.152443026890445,5.90309501584015,6.04793071895311,72.63009055016471,72.33828543841426,76.49542194698256,83.90690798505004,87.92388876538806,87.92112636793185,75.06911330861332,52.80747519125452,39.827704895681904,43.18172912784502,50.24074538701411,58.078495128990646,63.250559493633496,65.19327531511605,65.82681506929191,60.007718194009676,52.113303173606425,41.936272903312286,33.745540579984365,29.22868749725976,33.244196250715355,-0.12652781683868314,-0.9919630595773397
2023-07-10 21:00:00,-3.0,70.0,89.33333333333333,10.0,6.0,14.0,84.1691421001808,46.19025120864547,4.726569755461019,5.497775995524171,97.7165287556528,97.58960191118061,98.86591330436102,98.81184622279108,98.7476753912415,99.47092209016981,99.43567148315661,96.9963952043539,96.05873637001805,95.12130851707205,89.02985220760834,76.64145014205833,63.64336529118577,60.601728532062104,64.81182404738306,74.06118059321474,81.98933523792243,82.07767222722069,80.64736827156695,75.9026931349253,71.47180348428806,-0.1435724234118113,-0.9896398128792412
2023-07-11 21:00:00,1.0,70.0,68.66666666666667,16.0,9.0,27.0,75.76630560203299,35.543677926694116,6.093730100841769,5.483188444779016,79.36612677132659,79.68899942448289,81.13784344887651,88.1411407145794,93.09694547937035,94.32304456997583,93.80753369775825,92.1435836633836,87.46479745090112,83.0607266019206,79.9199343284108,77.47887183392726,77.4509995343173,70.63511788959738,55.47320055063405,32.72221679969506,8.322919211068793,3.8502249817105607,2.2239044480157304,8.364726436787256,18.965578245026027,-0.16057454459499376,-0.9870237158387383
2023-07-12 21:00:00,-4.0,78.0,32.666666666666664,41.0,7.0,30.0,55.92225541850748,30.918893493800674,7.585998181329843,5.837506201776546,56.19901935504132,56.236595710535276,58.282701236079696,63.87659340531938,70.57037178996315,78.08232483263346,84.79460178933,85.42928119307648,88.7386409073717,88.08391705135736,77.81317098991497,59.06279936659152,38.87529504966292,28.209762183867827,23.354724971427967,15.869044952147476,8.947163379634581,7.035619745805922,8.384264207312135,15.521738386274409,26.08246691083397,-0.17752914918703497,-0.984115542601034
2023-07-13 21:00:00,-6.0,76.0,62.666666666666664,25.0,7.0,16.0,59.752411670886104,38.13559310479289,7.038989925913003,5.548810067823913,69.32055403738455,69.3922408313975,71.35265484129522,67.77015959039524,64.14881846485568,65.73358423362919,70.50559994476707,75.47468258431842,76.88251961380098,82.15855170112404,89.34182535647861,96.63722039593068,96.97066653386828,95.2189963138969,91.66731196761782,87.20996597287186,81.54480614452103,76.34120036126521,72.53030561222819,69.51001249086339,67.29888468322557,-0.19443122004766195,-0.9809161537413774
2023-07-14 21:00:00,1.0,73.0,76.0,15.0,9.0,16.0,78.72123950619469,39.83476925658866,7.0933143594672305,6.182215806137001,68.41489221921319,68.39241906957497,72.1382043128076,79.65211224936039,87.92674305183048,90.26898914147654,95.27489720579959,89.71809342659415,84.93457439701143,85.81609312369093,87.03854017174311,88.32361255106393,87.10102968992211,84.05792534107945,77.42126530737313,65.4149197630402,49.29687980664859,29.239729717600493,15.729356009332976,11.957587846304426,22.448179489979477,-0.2112757555821793,-0.9774264960104055
2023-07-15 21:00:00,-3.0,76.0,66.66666666666667,22.0,8.0,18.0,71.20078883633502,38.043384081954024,6.822918838931899,4.650341284430022,84.43345451575259,84.30219282098551,89.01929309545478,93.11775165985844,93.13147589136861,90.65542521376716,90.36676360008768,85.26304872008835,67.10407354007678,61.89866009887548,64.06330859208887,70.41671442052596,73.77098364027546,64.13606007791556,48.637162905014556,39.210836677788556,32.009255151857815,30.089075623932477,28.212826539938817,26.290211712705023,23.518525451188722,-0.2280577712215198,-0.9736476020539838
2023-07-16 21:00:00,0.0,72.0,91.33333333333333,11.0,13.0,15.0,87.24708743787855,49.118452129424384,5.62085582521516,4.920090670798435,90.75276219420432,90.61150312255552,93.52203718661679,96.85867211958416,96.73150987367714,97.61409039209434,96.18346421401084,89.68936223712132,92.49440083236159,92.80290276046372,92.0422615474904,90.27400488372307,88.89895592197452,90.2135827585372,93.56803430064855,96.34137659474325,98.63526195295638,99.65417929574909,99.65229535073446,99.17469133019637,99.01524851895456,-0.24477230089725957,-0.9695805901076308
2023-07-17 21:00:00,1.0,79.0,44.0,24.0,6.0,21.0,69.09065024657151,37.489300457630854,6.735794009568716,5.560693991927123,67.04124158832731,67.01691791206986,70.26810869244234,77.99291265375837,85.74512048942704,86.89454032897515,90.34446874903182,92.60876573347815,86.98294398303402,74.69571615401213,63.94989702854716,55.0328040045324,47.49989007450284,38.13510890412345,27.56658645954822,20.936760451682122,14.073156485487903,8.989544197045882,5.470179744962139,5.015307042969263,5.9608164555023855,-0.2614143985111562,-0.965226663665613
2023-07-18 21:00:00,2.0,76.0,75.66666666666667,22.0,10.0,18.0,73.70845748055447,44.42943909611738,6.59448509670348,5.176630728337955,78.73087466253604,78.83117078454234,80.94932618916624,86.50895091076625,90.27464526122465,90.13443075680281,90.13636934742183,90.16313336571915,88.68247000705037,87.26512845958518,86.55880844324221,84.76564677477926,81.27323289502213,78.82201185361501,76.45457944500023,77.49839538564166,75.96645513850933,70.10771781308104,61.84914757939923,50.19609672458378,45.09210695238831,-0.2779791393987801,-0.9605871111248129
2023-07-19 21:00:00,1.0,76.0,31.0,36.0,7.0,29.0,57.667789107835034,27.190772245811548,7.611587615015912,5.241108140631554,61.083512460263925,60.94678568245163,63.76493407632506,67.55322092956325,71.9011957640605,77.6252621362472,82.37874720383664,76.2580944586448,80.01803092764804,67.24630260228565,58.52987209971893,54.439423084904725,50.21865309331732,42.020433639781594,31.362012419784563,22.415845644080296,13.527754082328974,5.947836780642604,1.7614226287433965,2.3495115312702883,7.682096798007752,-0.2944616217868012,-0.9556633054034704
2023-07-20 21:00:00,1.0,76.0,34.0,33.0,5.0,17.0,53.6895020662446,24.321169793535617,7.947158931149105,4.795812815255658,50.56387568248301,50.47629140879548,53.27979255298953,58.52666916264878,64.4088047794595,70.76234542208294,74.73110457356296,70.72204100785812,74.2133685421664,77.66586259657662,72.56245972190194,61.71279584987596,51.493397457909175,41.693489767639186,31.03681383197317,20.782727062234652,12.773382666883156,9.962121933737688,12.975698026538165,24.14768705590989,26.552212754556287,-0.3108569682435036,-0.9504567035349151
2023-07-21 21:00:00,-2.0,73.0,77.33333333333333,19.0,9.0,14.0,66.06364883160035,34.78541696252456,7.159127924732623,6.150009045336956,60.98264288091576,60.93971948490326,62.431778863818465,68.1615152690977,75.0395462556627,83.56755807038968,83.46113582106982,84.86927008182313,70.65519248317442,59.753919605928395,62.66703282016432,80.3334286169162,88.082050367884,88.73117760210148,83.37231289160695,82.86202954157928,82.81973479286134,84.58506863897105,84.25418746211834,80.15186541147605,81.63693512242334,-0.3271603271220951,-0.9449688462364056
2023-07-22 21:00:00,-2.0,71.0,61.666666666666664,18.0,8.0,17.0,75.85527589243935,33.19699663042794,7.150053773755903,6.068060967634406,66.63775959451813,66.9896040734105,69.4539039250913,76.69118621113564,85.233185715177,92.7383699919073,96.55870275719164,96.16665135755736,94.99304253988787,93.2872846384567,85.4970517416929,70.08236688115518,58.27850735532139,50.33776676255384,45.07080663216675,51.55867910663064,52.8629570466532,29.233853922555973,10.099344836187726,3.768161463265027,2.4538998056946926,-0.34336687399638804,-0.939201357453208
2023-07-23 21:00:00,-1.0,76.0,24.333333333333332,35.0,6.0,27.0,49.95470109719074,22.18818609090128,7.0783631257694,5.841939441786458,47.997679411115705,47.99138909961904,50.422419678001226,55.994964288360904,62.73805109628147,70.1175746869816,75.95841667323695,78.24812433330206,83.8868319025649,80.580761522639,60.864476355190774,33.842182404671014,20.839591941733815,14.394452098266845,10.847226056161029,10.704256042226062,10.389806878577703,9.70535437226829,8.97611245712704,8.071716125436694,8.6439268925234,-0.3594718130884232,-0.9331559438780432
2023-07-24 21:00:00,-2.0,79.0,29.333333333333332,32.0,7.0,20.0,50.39386827036606,31.042036889141876,8.459185052156089,5.209012173811445,50.580595062468426,50.55504635380482,53.82668804326632,59.67046465874179,66.3963103962925,73.63661701375969,80.54108364492973,84.61012841419868,84.31341087298875,86.3473185032704,89.65641955399772,88.54237228004021,74.58824622954477,63.206221072303016,53.34932674444091,49.24525587491853,43.45276481378064,35.17716342328557,27.446530410572716,19.6931647630814,15.264601164628077,-0.3754703786876202,-0.9268343944460494
2023-07-25 21:00:00,-1.0,75.0,44.0,20.0,8.0,24.0,66.29448363533437,32.46141044358827,7.834802754391987,5.261632677014983,60.92902143840554,60.89778635035395,64.30251932214608,71.3369335873571,79.1965704343258,86.52653694240435,89.04126162867426,93.60750191566652,97.9081408429492,98.86239944957939,94.86981818537515,86.06790025375622,72.57410783256833,64.59270409393311,58.38675953521763,50.28751868671699,38.85579764350529,20.759711113973577,9.23197444998251,5.44369214510215,4.4265517045557035,-0.3913578365610259,-0.9202385798054075
2023-07-26 21:00:00,7.0,78.0,31.0,30.0,9.0,26.0,53.97125809200247,26.428151029975275,8.093489331094341,4.694363749571553,50.19150725938489,50.09129697192978,51.88997695118787,56.84698551870759,62.259226392227674,67.50151463277018,70.12177724216023,66.56543358176489,60.394355567123206,59.33203123481993,59.968566956044874,61.00244529250622,60.534750889019676,53.34662822715307,43.092182471469606,37.52718318068461,32.122330623742705,28.018853770066315,21.38340163000664,10.832375790493954,4.507968823518987,-0.4071294853542516,-0.9133704517637858
2023-07-27 21:00:00,0.0,74.0,80.0,9.0,9.0,20.0,78.80034208478955,38.724391574844645,6.170714375299837,4.494636786932869,70.9874212848503,70.89169642711069,73.97372894818211,75.19805613899977,69.2688335521285,62.38407461330778,63.699730817853194,70.72062695777727,69.60014868257969,68.28580730733536,70.356116982301,76.44847332320084,86.4345745942764,93.48965174722478,98.64756223334773,99.15496783051923,98.5789953928768,95.40750431561756,82.21489980153778,54.714192537933116,30.19251687437296,-0.4227806579826773,-0.9062320427107697
2023-07-28 21:00:00,0.0,81.0,43.0,30.0,10.0,26.0,56.330591677383254,40.224811347038525,7.668770704957479,5.348132728093281,64.54361873093708,64.35537383899187,66.235899441536,71.42139413770919,77.50737460255883,83.55463070291087,86.44613875899594,87.99104405559216,89.88545756073361,94.78675358736815,91.89051836934999,78.9292424558187,67.1983024424814,58.48050379052934,52.62971983488099,49.1491266993776,45.09854940735587,40.288172760514904,36.9934183117595,36.45152753467171,42.72711584835755,-0.4383067230125192,-0.898825465016444
2023-07-29 21:00:00,5.0,69.0,58.0,29.0,7.0,32.0,61.01345159166276,34.42675411475128,5.742653892091664,4.5855295526790005,79.0106162311851,78.8203888795019,81.6643994354554,87.86264429554132,90.38557008276001,92.85757355112642,93.52313724526556,96.83134446629386,88.32188616719267,66.91417665973243,53.52541221282782,56.57875084052877,77.14644981839771,91.05155762533494,96.7022357889418,98.3805541369841,99.20924011294656,100.0,100.0,99.92512071771444,99.55755959379215,-0.45370308603134424,-0.8911529104063088
2023-07-30 21:00:00,0.0,70.0,28.333333333333332,39.0,7.0,31.0,47.26884591481678,21.865469326625213,7.878172499327751,4.900569998516387,53.01660220697892,52.79758780601986,55.1795025314665,61.17556933026349,68.66397343830641,76.99538015781306,85.5555710564014,87.89891891026197,87.8497987983527,83.55805880640102,79.4632210437587,76.55985712382481,73.1880853153748,62.82478384890579,49.87024006847244,46.36137097885343,41.497058277967625,32.04936669932955,24.787367624679423,21.865775251340544,21.188097540231713,-0.46896519100763184,-0.8832166493127127
2023-07-31 21:00:00,0.0,65.0,61.0,30.0,8.0,31.0,65.11877527904618,27.787411280143758,6.647265574084851,6.0159000386508525,82.79839233826645,82.8962904240537,86.66996143902955,93.22568586428524,94.49306354099355,87.41582327855689,82.8925649442634,86.07937241137812,89.5089143418435,90.18704547908017,91.87888722566099,95.77965601863984,98.94401983247596,98.68189697802943,94.26272656480077,94.39640391335581,93.4470561459079,88.85463351452171,73.57388200759021,40.66352043521511,20.322386941361657,-0.48408852163897587,-0.8750190302029955
2023-08-01 21:00:00,-4.0,65.0,33.666666666666664,45.0,9.0,32.0,50.17200628072309,17.33052140842238,8.238115427660986,4.949279783558528,53.93610280444256,55.490918125179356,58.00116505435471,64.32317719743071,72.15192502018192,75.8106967542173,70.90500712355453,72.30140740776298,73.82636163291873,71.45335399968599,75.65558511417669,79.6243871007364,78.40603885067436,63.08823356948725,46.210641246818845,35.2174996102827,28.19523740611114,26.7382045891277,26.145743687663693,26.115373844219302,25.25471286243922,-0.4990686026885319,-0.8665624788845385
2023-08-02 21:00:00,3.0,68.0,18.0,40.0,6.0,30.0,46.96300291239815,17.63058145027302,7.7753476739076515,5.024084974875471,47.85717273687739,49.04483851308892,51.88260893322991,57.48602948296065,64.46882676738298,71.95695466191242,78.4406197469833,80.5762968597017,80.77686869245242,81.29829083384934,83.4964872826432,78.39566027013288,61.12190499496455,43.21047670287318,28.937386311447394,26.092870277504606,23.85367953646602,22.710623178201,22.78933873096339,24.251759052557045,27.49060834975485,-0.5139010013093103,-0.8578494977869301
2023-08-03 21:00:00,0.0,70.0,69.66666666666667,20.0,12.0,18.0,58.963380257579956,30.456182005066175,7.36253567887015,5.399230579881815,57.69067273217646,57.479288194002855,60.25802070725359,66.20682362008984,73.61799890135494,80.7372255003052,82.46552530483787,82.09306285506496,84.65410890495328,87.34424442546026,89.88733791986382,90.8530076511377,90.54042615886698,91.45735666382225,92.63350964964401,91.00161529518685,86.68211686330837,79.16152393361865,73.01617392160573,68.27160741067478,68.51731695566016,-0.5285813283559292,-0.8488826652214553
2023-08-04 21:00:00,-1.0,65.0,86.0,13.0,11.0,18.0,86.88945131427035,33.49813177834702,7.045360924759613,5.9778069059216055,74.14380342505277,73.90143666321336,78.2063457455483,86.32871111613099,93.99730518389448,97.75487099378147,98.15542705037487,99.11523259185414,99.7385917697275,97.43451675701624,93.08298972031864,88.86224591039009,89.97087777391688,89.10187964606202,86.6369857096286,72.99345701069325,62.56853033660548,62.092369178211335,65.80765513409614,75.72050580288385,78.72981859178049,-0.5431052396834317,-0.8396646346181327
2023-08-05 21:00:00,5.0,70.0,31.333333333333332,33.0,9.0,30.0,58.963380257579956,23.194694368942105,7.983406776415859,5.950929407082531,58.50486463232352,58.424679170845216,61.34504776684223,67.83034934937645,75.5138073110393,81.24414491232828,85.27450778651493,80.68002796436292,72.64993295225865,67.89339799202367,66.96010627867537,67.32938325806536,70.22404138342331,61.776286755982134,45.62348191103435,25.15773019887654,9.262391042437466,4.273731440688286,4.248306592942687,12.659588797659621,22.4730159274297,-0.5574684374327892,-0.8301981337405212
2023-08-06 21:00:00,0.0,72.0,16.333333333333332,45.0,12.0,31.0,47.57271854969814,17.790748126495448,6.674092182829978,5.470490719718933,48.5903136437662,48.47230743847751,50.851024509866825,56.21013364950019,62.42966925632493,69.91780230731491,77.82480592945254,84.50621341548856,85.75515102591056,61.99578584468263,33.24942380807403,9.993782611851158,5.104955438741389,4.655622122603952,6.213380116020303,8.279486831955786,9.616302475335717,8.821071033146348,7.3091982606217885,5.085848993476275,4.404479117232924,-0.5716666713027052,-0.8204859638785327
2023-08-07 21:00:00,0.0,72.0,75.66666666666667,32.0,7.0,17.0,59.22858008458958,27.889590965490843,6.799994606494197,4.584999007467551,49.99798733293935,50.13682615894842,52.231733483432706,57.71981010477063,64.5479245501368,71.15904011876049,73.05810987082062,73.06660343713463,72.39897518593666,61.67777980890274,52.245984952906134,45.67358387253649,43.401150757534744,43.518485844851135,47.50662697991173,75.90166074774682,96.45945896759031,97.31895313295375,97.33740544343425,95.95841980699873,94.73633037377792,-0.5856957398073508,-0.8105309990194823
2023-08-08 21:00:00,0.0,63.0,92.33333333333333,12.0,17.0,12.0,89.93549089385657,43.55677692905137,4.3631922594731405,5.47450102187022,97.92109611551038,97.80750064761024,98.46695379252185,98.9303830010282,99.4723382240609,99.54310347439873,99.35755880850088,98.42461475090684,98.17763769327334,98.14911240243629,96.21828492337143,91.75685524808388,93.26199670586041,94.886125676971,96.59444405705383,97.2170242665245,97.32526744969552,95.2705427718732,89.75696927428831,77.99668593275638,71.8471368628264,-0.5995514915196489,-0.8003361849976323
2023-08-09 21:00:00,0.0,66.0,73.33333333333333,31.0,18.0,30.0,70.16031972906734,28.59308395078174,4.693108272416711,5.650325174366219,79.21425443171918,79.3347850282007,79.85765660656088,87.00519276219116,95.42360327450106,99.60808393267116,99.64752403929373,98.15830700041352,88.52877124419716,77.1437805444137,69.74268113724742,65.80485697879419,62.13490163376941,55.934677321018064,45.24715669224725,31.532403470385255,15.822752397913401,7.8276800494190875,0.5977965830096722,0.8810980950777857,3.139918174069594,-0.6132298262997502,-0.7899045386224707
2023-08-10 21:00:00,-2.0,74.0,58.666666666666664,18.0,7.0,19.0,61.6515616294066,30.14780646988325,7.601436550024689,5.941442533686384,56.41084350585599,56.56595060203521,57.00199273818751,62.428453022049446,69.37996299322062,76.83600625923687,78.52330533759982,79.8565709633158,79.11043951262928,74.83864752157476,67.69556905121318,58.28182981734492,57.15660662797747,53.160271603422416,44.17934764201401,38.51297048659551,33.80101280139628,37.40761057827028,40.211578818558735,39.634972858488815,49.15023725939309,-0.6267266965083301,-0.7792391467859886
2023-08-11 21:00:00,-3.0,67.0,48.0,34.0,16.0,29.0,67.77336387804566,27.46486000936732,7.461713748173329,5.8015719670049215,61.71494571381937,61.73865864233038,62.245725639879424,67.9782795910369,75.49090836378463,83.71286929156643,90.24077462976014,95.53694240559285,97.31913791994674,91.44251200884916,85.45044461273649,89.57068527979473,93.51895540628682,91.01390147657855,80.24216882465461,63.67412015173498,47.58832432227118,42.45661202816439,39.143248768842476,41.1051330955898,42.08524234401425,-0.6400381082043503,-0.7683431655492202
2023-08-12 21:00:00,-1.0,72.0,70.66666666666667,30.0,7.0,18.0,57.126939972459,25.772362535772796,5.829544253804046,6.436789539889429,60.28703662965664,60.44014559771197,63.16250582160845,70.00438449725496,78.14563592776463,84.63496611653204,86.09610868683461,86.55741450222101,71.7919001837809,51.03811864877308,33.96188086056232,23.468353307396946,24.222602409626994,27.651713043442594,33.31364147409644,37.178438690350426,42.79785921481157,51.391190060150336,61.909417222166255,74.97140634126221,82.72982708394501,-0.65316012232693,-0.7572198192083127
2023-08-13 21:00:00,-3.0,69.0,61.666666666666664,19.0,7.0,19.0,84.10762857656357,33.05912458392758,6.593073295358204,5.618523485409764,86.7456181501995,86.72104439937723,84.76574395031554,71.34761936473214,57.708201573553765,53.18210651967276,55.349671960817425,56.82987534282755,61.27742882549926,66.7571564813736,74.09269029660265,82.73630157458135,90.34085140450274,94.27337447856273,95.25924200815254,95.98630974318243,96.50568281187577,97.01574500060175,93.20396108400246,81.2357402621699,58.74816184731474,-0.666088855860977,-0.7458723993404063
2023-08-14 21:00:00,2.0,70.0,55.666666666666664,25.0,9.0,29.0,65.71339318037325,27.54391169204251,7.249089889405203,4.245040515800377,63.3295128107615,63.376371557362724,65.46715407680989,71.58707262898808,78.93831729676903,84.93383361821229,87.97051684704552,83.1832518812096,76.59367215288249,73.72766162577673,74.61678864563129,77.74855049248643,80.09901457736434,64.91187803305758,40.25102662943264,25.254265835522748,14.009210307035797,13.935292535738537,15.82132306980973,21.111384652793994,28.293886143791937,-0.6788204829862355,-0.734304263829602
2023-08-15 21:00:00,1.0,66.0,89.0,16.0,3.0,12.0,80.99318848895413,35.97069420888389,5.623703690752271,4.469293066251342,85.8818345205165,85.79694371498891,89.41022805356789,93.0468528616395,94.34829922047231,98.58575684257535,100.0,98.64225961693236,80.99568628875159,66.20735149915724,63.60478960356918,72.52410434999203,87.04834266818445,95.07756375500524,99.39679474021743,98.37884837439023,97.36300598869161,97.59693517522983,95.21237528426313,90.34685418908431,86.23241309039781,-0.6913512362094071,-0.722518835873311
2023-08-16 21:00:00,-1.0,67.0,77.66666666666667,12.0,7.0,15.0,83.98355840648121,33.4510008989159,5.970280279389416,5.410603725918573,77.74944451464525,77.35816369609815,82.11369426673362,90.19527920178632,90.89938855970544,87.49638618496644,95.18883834193596,97.65968146378725,89.7140124049424,89.24789292628049,91.63886957237031,93.83623574797221,90.68562589889571,80.85917853392685,67.31200547374472,58.60398312774227,49.40894919407422,42.20341092048062,36.18324482003722,31.693309581661328,32.301800137928566,-0.7036774074790128,-0.7105196029692745
2023-08-17 21:00:00,1.0,68.0,69.66666666666667,15.0,9.0,15.0,81.13817843415875,33.604713204122945,4.347658859411903,4.808671586678237,92.61625323230983,92.05798812271821,97.9106146255044,98.82256719079479,98.8221943414256,99.42406220484752,96.4169308958057,93.0520922005136,91.18429084757146,88.29072099066309,85.60321748973823,83.4433226584983,79.68960644882955,68.81204553572327,54.08988021668942,36.26090531877599,22.106296454690767,15.981970090323703,13.645496071948337,16.12647244927058,20.318554526376985,-0.7157953492826642,-0.6983101158835584
2023-08-18 21:00:00,-1.0,68.0,90.33333333333333,11.0,9.0,14.0,90.13678067195197,43.67557174749476,4.753963224736008,5.585082969932747,98.30668733315325,98.525755666743,98.2578719505435,99.26308152786922,98.96228775749265,98.47019660644388,95.52007052576937,88.28430825072327,80.26806446117388,72.90230497782886,69.39430086799862,73.72259664928946,80.37246540376414,88.66256495568699,99.28742200341044,99.47828445396672,98.7227235985374,93.15542261718484,86.1772701146799,80.56843221159566,80.51352188018053,-0.7277014757264236,-0.6858939875998223
2023-08-19 21:00:00,2.0,65.0,63.0,24.0,8.0,26.0,72.64203146829931,24.263767176803565,6.274109787467241,5.433953058415967,73.62855879949618,73.82785837150476,76.49852711179103,85.2668648055946,92.18152584900915,94.14872144357523,92.43312440498097,92.11687262608633,91.5028307702197,90.7327518582789,86.36002826255938,78.24199901402919,65.91382770521615,50.89834376645229,33.26539744462246,21.73358270261349,11.387559130008997,8.071003093309482,7.713013796130073,13.568096206481428,16.49500572663549,-0.7393922635959241,-0.673274892250183
2023-08-21 21:00:00,2.0,69.0,76.0,32.0,10.0,33.0,61.01345159166276,14.914564771293653,4.8509667246482,6.771192650451992,59.779157589828515,59.48952220298113,62.165988613543234,68.17271067530987,75.95949656441805,84.16152773417889,86.62390838113068,66.09835424742204,30.255013242913886,17.238369357972136,10.09558307583429,6.433574067765398,5.641762493479377,5.600519531546161,5.730289954649975,5.315081585116401,4.705516253883672,3.8887948691203307,3.1944401675988927,2.6387668461365785,2.849497112509418,-0.7621140503891487,-0.6474427960827475
2023-08-22 21:00:00,1.0,66.0,24.333333333333332,51.0,12.0,34.0,46.655185430262414,17.423080060596227,7.411651440321631,5.009195060259652,51.49204283850414,51.27164030812001,54.07027248139471,59.8054605644993,65.99438629178482,71.9727165300635,77.47722064511645,82.77522938477692,89.17757217767671,93.44623915368743,87.27662424669859,73.05836495049357,53.72209596514176,43.02985980552883,35.09204585921915,30.891442287740933,25.94264486210851,20.23791320037665,15.999306983440148,12.789212451581852,13.248940890173829,-0.7731383255706026,-0.6342374393978054
2023-08-23 21:00:00,-3.0,69.0,19.666666666666668,37.0,8.0,30.0,48.91231522715638,20.468324901385092,8.42717181339943,5.352977366445776,45.66847376583266,45.634067327185704,46.5901839799161,50.888948561785696,56.3824232358604,62.553007778540405,68.73492967078731,72.59013618876979,70.39390407217392,73.33819618595685,78.36750653035573,83.00877785734208,83.55333000167342,77.01012635583518,64.73337319827776,44.315305298701865,26.63445251994864,19.785642856062214,17.573973668570794,21.373328846032756,25.7335981286278,-0.7839338166829201,-0.620844401650647
2023-08-24 21:00:00,-1.0,69.0,52.0,19.0,5.0,16.0,58.82995164909111,23.593511427549338,7.774829391264898,4.02483692938751,62.683774615646136,62.61266236587317,67.18612103060462,74.27691535137875,81.23079116708884,84.17787024631193,84.1345596831997,85.29889777444272,78.37762859296848,61.331995698260634,57.92365012675316,61.33555963080949,68.94453171560755,66.36308545871529,59.16365090004129,44.001288246216646,30.595017160806186,21.008201873001955,13.478118220332092,7.746384365011727,7.5451454583322874,-0.7944973291665992,-0.6072676460566135
2023-08-25 21:00:00,-3.0,58.0,92.0,17.0,16.0,15.0,89.7281016911339,34.370660045685135,3.9315123441400277,5.565022466380689,97.7080023773545,97.64679595656926,98.52581121661798,98.94046226532014,98.69811599920253,98.51593948982527,98.58021633333352,98.15982860025461,95.71604659517183,94.85833376383013,94.282380035754,93.97243852306511,91.46283116519142,90.00541651722965,87.85826040058157,73.25906045113649,57.284147968668805,43.97303147632981,32.928291305388406,26.52652939030109,21.61976757624865,-0.8048257371083452,-0.593511190196115
2023-08-26 21:00:00,-1.0,66.0,80.66666666666667,14.0,7.0,35.0,83.92099672973481,32.566256664647085,5.98058889188991,6.211762222701926,76.21231940974991,76.10648443533896,79.04653738175294,85.38274092767497,87.88304814252025,87.03766146476794,88.06162012301087,90.19914155724564,85.53144842392018,82.4098518879131,80.452417876721,80.00778599142495,80.56965466461186,80.55843268760475,79.8381847874878,82.02485115226943,82.51475049118812,78.86804415394202,67.84293537460206,45.4571475105718,28.972217453014654,-0.8149159841660791,-0.5795791048257612
2023-08-27 21:00:00,-1.0,65.0,51.333333333333336,27.0,7.0,34.0,65.11877527904618,19.436908357064944,5.357956710380114,6.69005620942948,81.655584128197,81.29333635052045,86.89727919015323,88.98708902743651,81.21801511768416,76.57670523183195,72.22443899173065,69.2340647621811,66.76730573280364,78.4764766524245,72.90354703487489,52.16113869260413,20.949515974368754,7.2729330194421165,0.03458875136632501,2.0851759559810663,4.34602679713497,6.75874062335609,9.320756591121707,11.918913594133242,15.524672431334855,-0.8247650844733614,-0.5654755126737576
2023-08-28 21:00:00,-3.0,70.0,12.333333333333334,36.0,6.0,19.0,56.853246605940264,22.881361735091147,6.706057210558958,5.709206738552742,64.0126767091791,63.814501175131156,67.81298812461432,75.08229490155415,82.26911347105876,84.52396086954627,84.06533736043443,86.95566913461107,86.05125208959906,82.80900570160419,73.06598723236624,57.35647056288147,34.51822855328216,17.607399237177336,3.782254977616919,2.176682161980697,2.006925202405545,5.673204302153797,8.764022586740367,10.936660384276749,10.653648857632062,-0.8343701235229537,-0.5512045872199277
2023-08-29 21:00:00,-1.0,70.0,62.666666666666664,28.0,10.0,17.0,73.13410574677563,32.04840008034473,6.049277183736121,5.127698507577795,75.5585358777475,75.38736503557418,79.2048082243051,85.70893771804833,79.84503532284708,59.784996229547424,50.87672660581818,53.18430047065961,58.66587144333785,66.29229335159623,74.86672051531734,84.081415440286,90.78505944322474,93.29247897191823,90.6048855254035,76.57345546521425,61.04305959323951,46.00836212022934,32.62660077132511,21.37537262311944,13.994787091015336,-0.8437282590292712,-0.5367705514607103
2023-08-30 21:00:00,1.0,66.0,82.0,11.0,6.0,31.0,86.94143204085914,33.07145549012237,6.34982064965577,5.166995943664962,80.95546433265608,80.86777959758075,82.61005899211715,78.35916789258128,79.77092765658873,81.98830394338059,79.54858131176879,73.09918164066079,69.02380964793643,73.29354906474734,80.35285618852359,83.51157732704895,82.14308516817974,83.67250768776337,88.10589984777441,84.27816126931324,80.53612371202597,80.05608023488202,75.6174397023569,62.447281408739876,61.675767476905776,-0.8528367217694595,-0.522177676659508
2023-08-31 21:00:00,0.0,63.0,4.666666666666667,50.0,14.0,32.0,47.99897869343753,10.957686035127649,4.291238920073881,6.089673487820047,55.895626562347985,55.78716824227825,58.230677778074416,64.19041843477257,71.86757114245437,73.22773521483151,61.006374826113586,42.03711418601654,26.62189901919528,18.357955064802223,12.111901395225411,7.030866656626354,4.247838960984354,3.9940602541546175,5.178820181080894,8.123588770583051,11.10433769056716,13.42355401108057,14.907877719912383,15.149946931888433,14.843908034791351,-0.8616928164028521,-0.5074302810827518
2023-09-01 21:00:00,0.0,69.0,1.6666666666666667,32.0,7.0,30.0,50.76859033508071,18.25109026857404,4.653973047061532,6.411442839585368,51.842024583888794,52.60815961728175,55.771289725066886,61.52766885335009,65.58263706236187,53.609182180305304,36.02425537521984,34.405889795623686,39.67564487991085,41.01392338674868,39.30513671831212,37.173800497510854,35.09771501686557,34.7462775267803,34.57609534380365,34.31088891625843,33.70523004320167,32.289364891486,30.379144890621962,27.62113794764394,25.927028428022663,-0.8702939222685674,-0.49253272872205434
2023-09-02 21:00:00,0.0,73.0,55.0,26.0,9.0,19.0,57.26296650219611,21.63305327978529,5.555365657822411,7.106051091983834,61.45406876922785,61.63254202137798,64.10924195343166,70.21919614349503,73.20026428430579,65.92642541633637,53.757762937766444,39.95041010166523,29.813602261801638,24.58920854974778,21.49783220649954,20.013336609265636,20.821893558121975,23.431960197753497,27.22932666515994,29.102159026989728,31.37605274109027,33.81632436189957,38.24083502617246,45.42037509424946,55.14227912878095,-0.8786374941610001,-0.4774894280028391
2023-09-03 21:00:00,-1.0,75.0,35.666666666666664,21.0,6.0,27.0,64.00100515322764,32.866262054291866,7.038036628582368,5.0876912265876815,60.697545260339005,60.8582997186228,63.206027778448494,70.05483071869266,77.97939759148531,87.28370037523773,88.98031243051045,92.3833862963843,95.2123753267723,91.55720151085436,75.9760207672786,50.7231493246302,41.112244579373765,32.835465347729084,25.885168146995525,21.876859081413887,18.008750459060032,15.14096573280862,12.699997654449973,11.489321449659972,12.236325821620241,-0.886721063082993,-0.46230483047981086
2023-09-04 21:00:00,0.0,79.0,11.666666666666666,18.0,5.0,17.0,62.2760878775776,32.19078115421575,6.042931383626428,6.691451619685152,65.19909787213633,65.11206581536733,68.2319088783062,75.27247680587872,82.11842992055668,83.53533002931208,75.47336956082846,48.05656509069059,31.50065068770045,26.75395980410691,25.4890749896294,26.317541196262162,31.476489634298964,35.97152412270332,40.624560484417124,46.26727377513709,50.54176988749089,49.909969008383555,43.523115712729236,28.947434597525156,16.956482059827447,-0.8945422369764496,-0.4469834295196741
2023-09-05 21:00:00,0.0,80.0,22.0,22.0,6.0,36.0,62.399389337971854,35.16054799152167,6.267565024439563,5.508481864346097,62.98288371316932,63.037649462659154,65.8742845687499,72.08305063856808,79.05760808438619,85.52139929023092,87.65485451173872,85.58962984166921,79.38356230642222,74.4153704679862,63.006736199477785,46.238065215328504,31.749422986994453,20.41362210941439,11.017365863066502,10.309699170457128,10.125902779360922,11.439888849555606,12.102338835704527,11.60032162724651,11.360404299321788,-0.9020987014301837,-0.43152975897147144
2023-09-06 21:00:00,-4.0,80.0,10.666666666666666,19.0,6.0,36.0,58.20002676000418,36.91937405973838,6.1894110913641605,6.186554493119887,59.33803643965059,59.334882749920816,61.42692234556516,67.85818049715547,75.33723086154414,78.15274881638757,72.33317042217604,61.4122703707245,50.05574092390223,45.517645430495556,49.691996432293344,61.44573029907144,68.85597617779709,71.20652613993558,68.31570875650482,64.37570844400307,60.98371614867835,60.525860796988916,60.971343802567745,63.148916322870974,62.884608706121,-0.9093882203647925,-0.4159483918249421
2023-09-07 21:00:00,-3.0,80.0,39.0,9.0,6.0,21.0,69.19708443215043,43.70718926133476,7.049608840982901,5.738749515663063,71.90047662550364,71.88245998017962,73.46983495567217,78.72945019778412,85.2808458320631,92.21009830365831,95.01831919936846,95.20157157959426,97.18414037292482,86.17670767017073,69.85971112272607,54.74427838406599,56.41690236273777,55.98230903981347,52.51876603779482,46.723297322502795,39.293761411852685,29.88011384653729,20.68760421855779,14.012984410000968,9.656106027744586,-0.9164086366943458,-0.4002439388573056
2023-09-08 21:00:00,1.0,78.0,53.333333333333336,18.0,9.0,19.0,73.89609723059786,39.16855118794416,6.188627511645386,6.094326932249385,74.05422101347602,74.22072360408703,77.76644744458649,85.04590511942109,88.60511072209754,92.06655105515534,95.06250267590067,90.70704852850645,79.45807110384375,69.23538435496194,62.85076899972049,59.59267712870032,59.92286409986837,58.37504420326606,55.23896797347978,53.086832058711906,51.9582194034877,55.06562078691021,57.73270311278409,59.329185564131315,58.5361213704416,-0.9231578729647039,-0.38442104726885545
2023-09-09 21:00:00,9.0,73.0,71.66666666666667,18.0,5.0,32.0,68.44137294700022,43.516935519514,6.647789835374298,5.40513293295443,73.62787098881489,73.41172704921465,77.66149472903575,83.27511800875553,89.16570390548976,95.00209614640039,98.93296622594605,98.40652252205375,96.54504054034346,93.21772905597034,91.06115840996122,90.36415471325573,94.28973777985625,97.99434068271383,99.64739296740716,99.23312587585677,98.65862029852396,97.83756756854382,98.20512108758554,99.04958041881127,100.0,-0.9296339319682695,-0.3684843993077793
2023-09-10 21:00:00,2.0,68.0,85.33333333333333,14.0,4.0,13.0,81.13817843415875,40.2397384135833,6.196016554109198,5.0930134675414696,84.81399619783633,84.63486362261546,90.67819846881261,97.12003267823668,98.40210048568088,96.28732740195181,91.672363706199,88.32614545543362,87.71881297041466,90.35913446442979,93.86110593230367,97.31905546597977,98.05323570095003,96.33744754337472,94.10577624591375,97.06064906965119,97.95408070496717,95.86463640874607,94.54164924365146,93.55728186482541,93.58615729922958,-0.9358348973349941,-0.35243871088460327
2023-09-11 21:00:00,-1.0,65.0,90.0,11.0,5.0,1.0,86.88945131427035,36.673742406255954,5.5084919051976815,5.514075945239584,91.19151282625523,91.08463615787909,93.00406083819725,95.69265777490229,95.32064426207674,96.82572411033273,98.0204821254675,99.41681671118327,100.0,95.9759823585658,89.2935045364273,85.24679865550485,87.12016248636247,91.68450719931592,97.12907638506168,98.32735272897293,91.4693358269826,68.00835333502945,45.51541669953077,22.687906047949447,9.771552355470698,-0.9417589340994617,-0.33628873017668287
2023-09-12 21:00:00,-3.0,65.0,85.66666666666667,14.0,7.0,12.0,83.85808060243161,33.76783159836705,4.32768829371281,5.309390038128038,96.92213961147876,96.81178391576015,99.28120732908032,99.55323735063604,99.65602182403043,100.0,99.95954336222356,99.24258621064365,94.29573406391208,86.06831430292785,85.15195076083513,87.00849292812623,89.94518449372087,89.12477970857185,85.8246869463068,72.05894555882317,56.298088711803814,38.98777056719449,29.7325305159491,28.941368484468192,38.07931266892118,-0.9474042892438845,-0.32003923622313857
2023-09-13 21:00:00,-2.0,66.0,91.66666666666667,10.0,7.0,15.0,90.05698160311783,35.92464502865868,5.452990765018163,5.217037807491116,95.88492896722437,95.7134584055326,97.98903023008234,99.96895254902465,100.0,100.0,98.62536679215435,95.79109220283499,94.59617907861052,95.1047053394584,93.43553151396632,88.02556905847257,74.32079352804057,53.62237816284146,28.632454655537643,31.507853805271207,38.67099966633285,57.850520108878854,71.91050480486977,78.59525513790223,78.02475238782478,-0.9527692922168511,-0.30369503751065885
2023-09-14 21:00:00,2.0,63.0,60.666666666666664,28.0,9.0,31.0,67.31731330492019,18.818602930114988,6.0691437145234195,6.206763325755494,67.43315741463996,67.22704775202149,71.39204185686488,79.6682952241838,86.92698801725771,89.6180979479052,92.61358159601724,89.30879197579728,71.6906097354558,50.60923269095756,38.43081402158222,32.435287107977686,31.354379128089022,29.703867763130376,27.804257069834275,29.020306554371363,31.103767512459957,35.209081019771645,36.58760201825041,34.27413472401458,31.11079806377919,-0.9578523554276669,-0.28726097055059635
2023-09-15 21:00:00,-1.0,64.0,77.0,27.0,10.0,36.0,58.1544338545121,15.876071195786741,5.309395123093113,5.7473379844838375,64.17691265416767,65.78754295460365,67.78157006433992,74.87197293150328,80.33120134695369,71.52911910745587,53.85519357522565,44.089066322668906,41.5361815600447,38.025519161051,32.85753397674756,26.430972971186872,19.063519879187872,13.583341838557539,8.679620776583343,6.380086713772528,4.628728791545946,4.061107016656394,4.263848022641173,5.348273716440369,6.521632987303809,-0.9626519747161487,-0.2707418984477642
2023-09-16 21:00:00,0.0,57.0,92.0,19.0,29.0,35.0,86.46251884573384,35.510253476575514,3.9410329614400226,4.627685592963049,88.02530589797158,88.16043693949369,89.49253534349074,95.90893433116949,97.85638137678052,96.76837418059958,96.79013357801269,95.54647792925275,93.6829345710408,92.95882110882908,93.4384004753893,96.00532640203505,98.27865830255514,98.74521014263571,98.58223052305726,91.02164483875389,78.93659510627181,58.883114382586854,44.78740910806153,45.764051445267356,55.92025053441982,-0.9671667297977312,-0.2541427094613622
2023-09-17 21:00:00,1.0,68.0,9.333333333333334,29.0,9.0,30.0,54.52642597791101,16.164141415078518,5.852667442525917,5.998837770214771,58.294665072489,58.38018349452582,59.505733297493045,64.68353938432787,71.28998589407946,76.4036899374258,60.00553008869832,30.863886572515213,16.89954770535202,10.618677857505018,8.836602737161948,10.209644446320532,15.101789851953301,19.772383677569962,24.655633625374566,21.49473344981066,17.652421236598858,13.061278867875984,11.963333558102283,16.93697471399494,26.388163082623638,-0.97139528468375,-0.23746831555846842
2023-09-18 21:00:00,0.0,62.0,87.66666666666667,14.0,6.0,15.0,77.82269412380828,30.8688169921029,4.8495918221738075,5.474453091576502,95.329925140682,94.98946086299682,97.77753258823945,95.6169150694828,94.40675855076911,93.3195406465017,95.17153301614375,98.7710621077466,98.90326354114103,98.80843336629478,99.46316983952838,99.21701173092721,99.5844521620137,99.45263448361345,99.26420075647995,96.86058817772177,93.78886630422897,88.06191868388254,80.65915853749756,70.76419868173132,75.19443895651872,-0.9753363880767837,-0.2207236509605022
2023-09-19 21:00:00,1.0,60.0,69.33333333333333,29.0,16.0,28.0,80.54849897554632,26.391246841804897,6.165920015016461,5.310599107260919,78.59148319644042,78.69863935397419,80.13239093883669,87.4104923323813,89.94879630892343,86.21169130128675,88.00555361672382,93.31488314448706,94.07602504236817,93.2281286416967,92.5852532987682,93.04209846515707,91.10519298908157,88.97769772853043,86.74365430838185,85.94709952029461,85.04923479152278,82.98960581547831,80.36513090596816,75.30797264629358,71.44512964824156,-0.9789888737409319,-0.20391367068311472
2023-09-20 21:00:00,-2.0,62.0,48.0,26.0,11.0,30.0,67.20193505719087,18.651076556498932,5.502718093793125,5.792121396156405,76.98211604296432,77.1101836659572,81.67098645640097,89.27636994329835,89.71236018865348,88.97684733979048,90.85380242693633,94.68174799077053,97.32387185438465,81.62449072578745,54.28256333635858,27.162557072804276,9.75104409323019,4.265021022950219,2.8790866992429853,4.670415875040282,6.779718258502386,9.230836212451868,11.979773259688494,15.052422045186125,17.08286259941493,-0.9823516608469237,-0.18704334906991657
2023-09-21 21:00:00,0.0,63.0,14.0,30.0,7.0,34.0,55.877891212486965,15.122076799253641,6.003920585383103,4.519103431784287,60.24253847802397,60.63925628893219,65.57193038739064,72.47981211663776,79.9377279620976,86.97188254035055,92.24792819430523,81.49721380240624,56.210099048480565,37.063749624627086,33.61527188375645,31.543902053484707,28.635533124829504,24.811389883926736,20.82939684821459,17.57978219052308,15.007544359739914,12.916918138735664,10.913315776591674,8.690956272693622,8.373334531685163,-0.9854237542919524,-0.17011767832049052
2023-09-22 21:00:00,1.0,64.0,6.666666666666667,23.0,6.0,19.0,58.1544338545121,16.236439042786408,5.996343784996586,5.895428994219321,60.37860554169319,60.524847877039015,65.83847573073103,72.8186695568274,79.42589546095454,80.72633864568297,62.06810093463707,41.6893074652107,32.84112600395104,31.761074445798158,30.484748612297295,29.56752281565691,29.20695342687719,30.733490250949124,32.33715924172845,32.70719164291147,31.08799426227168,27.082542262251575,23.047018610577872,18.258156688944684,14.418700180750951,-0.9882042449941422,-0.15314166701312007
2023-09-23 21:00:00,-1.0,64.0,69.0,14.0,5.0,20.0,62.6420155688968,15.65747903408161,6.242579215238018,5.459355362902703,61.28855837386804,61.481384580753165,66.23324888880379,69.7427202456205,73.62854008761136,74.88707662372582,62.26390314085,39.523089018572094,22.233640342643987,23.259398403509056,22.61305833047367,21.421744974248398,19.581821543084533,19.11721468174902,19.400229042692587,21.790363145194572,23.784284740022603,24.712799519990604,22.301558738627353,17.04147478287237,12.398486741309792,-0.9906923101615609,-0.13612033862266704
2023-09-24 21:00:00,-5.0,65.0,40.0,13.0,5.0,34.0,58.2906613586381,20.964567879311417,5.85638687013849,5.443240565491883,68.09952968755562,69.01857164241196,70.93166149556914,73.04450493421014,80.1198472199919,87.27364067051604,91.99323163404226,84.44559071338155,53.138066283459864,29.219486660994942,30.760525642692198,40.775110107063576,53.027431600264094,58.23553457710441,60.30839209957134,51.95742044288981,42.05743346886723,30.135992058193274,21.79143952635233,16.08149174497287,13.990135574392006,-0.9928872135356962,-0.11905873003404988
2023-09-25 21:00:00,0.0,59.0,13.666666666666666,38.0,8.0,5.0,55.30818812306261,10.912583991812037,4.568552728403943,5.9250210164640436,65.99446289736544,66.6695559126524,73.10096236625947,81.70331720119933,90.61914133344017,94.84239752802164,85.29312667922899,61.67841360867141,35.90774277756173,16.10838129120314,11.309973741284228,9.004147787533782,8.485392133653557,6.762713529015292,5.143278575498568,3.915942233724596,2.918237223033922,1.9968428099581554,1.1005009585513725,0.46206833994124963,0.747830218232014,-0.994788305609327,-0.10196189005174576
2023-09-26 21:00:00,-1.0,61.0,1.6666666666666667,20.0,6.0,36.0,47.69042733003667,9.046084696964543,4.29555122881668,6.506662599443558,56.321350151305985,56.90812981471046,62.645334085677575,69.5722423477016,70.51521187995358,58.26186788150232,31.85424328127172,14.359903355931747,8.188136802763474,7.961251113777211,9.13721286846024,10.004840182462669,10.784623007554883,11.221266132881489,12.05599199451806,13.309541047644766,14.503755518319009,15.654157946134129,16.346475851205046,16.857787004354886,17.596040315909796,-0.9963950238187231,-0.08483487790576538
2023-09-27 21:00:00,0.0,65.0,1.0,14.0,3.0,36.0,54.09708539709628,16.508256666289896,5.701042008674734,6.341076369493902,63.16410657287474,63.881913703131964,67.3261312030433,73.7568603961855,75.72100226172174,63.82663244821201,53.51762888478532,50.167943120246036,48.34740323701756,46.133713681988255,41.54853270262137,37.5041359762332,34.13389081936252,31.023922375168173,27.1192904393535,22.654479721065083,18.56784649640303,14.516631376129203,13.069417618614047,12.865455613785265,16.523611975490464,-0.9977068927101168,-0.06768276175455162
2023-09-28 21:00:00,-1.0,67.0,3.3333333333333335,11.0,3.0,3.0,56.438576379041464,16.594725364490127,5.504731500708186,6.292827675115711,66.13680013055908,66.55557421239105,72.83360899214739,80.30304897801288,87.45369023828634,87.23501927917732,63.877578967986345,40.075810449779,31.69969398097379,25.548093607284077,21.050611740306344,17.934533247675972,15.996902287903863,14.446896938599282,12.551772020523474,10.852846315007094,9.559014557652697,8.77103492336096,9.287514954950638,10.77454299013546,9.498923934187163,-0.9987235240803972,-0.050510617185222886
2023-09-29 21:00:00,-1.0,65.0,57.333333333333336,14.0,5.0,17.0,58.2906613586381,16.479345400791633,5.381476504851484,5.489475809983496,58.88015397985751,59.276557768250214,62.955194860513295,67.22120990561982,54.938172322079815,31.166598486253054,22.295603341337706,20.42687757344911,23.53019020776101,40.045141205973,53.78372086953858,60.93676194666598,59.530163632481546,55.05341642256999,47.673129971209214,36.26481834235402,28.281880528890746,24.289138657611804,24.5490118730991,28.190179760394944,36.164003126224614,-0.9994446170919858,-0.033323525711631344
2023-09-30 21:00:00,-2.0,67.0,19.333333333333332,11.0,3.0,6.0,58.561426063854285,22.77803396500491,5.345488491401635,5.873208498106427,62.679448306984995,62.71486449089674,66.8760983549456,76.34777005659615,82.54157861190633,77.15152379430488,54.345036437936514,37.454604925958655,42.417083919232056,54.56686992972498,57.870701435884584,56.94625902012886,52.11831952072481,47.34394717916855,42.815369550997154,43.58150896509324,45.62424891990697,50.470655984307044,52.966573462577706,54.15497034022776,46.15154166975231,-0.9998699583618592,-0.016126573270657762
2023-10-01 21:00:00,1.0,68.0,27.333333333333332,13.0,7.0,35.0,67.88602556705558,21.74366486048189,4.928131194880772,5.904986516094439,79.33808279551955,79.27826014547786,85.94698924019124,94.30021016107256,94.97369041528239,92.80848108906655,87.75110076284666,67.16378225211498,33.46072763097045,15.617727200649615,14.623110943400327,20.044655468177627,30.223186830152848,33.353403149384306,33.13292117532649,23.779034593417553,17.586900728947832,16.517436676995217,16.750435526167966,18.249513704307933,19.319895437126284,-0.9999994220246925,0.001075151282798226
2023-10-02 21:00:00,9.0,66.0,13.666666666666666,10.0,3.0,24.0,54.2407488671668,17.085397710692032,4.578198654538498,6.6250821477737505,58.212775810380954,59.55460455062265,60.52816162679383,59.00749306923071,40.41309898442722,30.04324262519859,27.399240827247645,27.809595342320836,29.311053630037037,30.946326751122527,32.98497746050606,35.16427837455004,38.01499173323789,40.958912811604165,43.913624001434634,45.60355315754731,46.40683763285427,45.82897303312136,43.68904253456547,39.99268957130286,37.795036720411886,-0.999832969770105,0.018276557681691223
2023-10-03 21:00:00,0.0,72.0,24.333333333333332,14.0,9.0,31.0,68.33135540319206,27.511389516747816,6.206460302770468,6.655661683283799,73.58071129663897,73.6973856926474,76.82339939085709,83.92479248326326,88.46272900075608,83.3877893955001,70.78245033801201,58.439492082781186,49.00321088650659,42.85350593324437,36.04186072710272,29.189971450396317,24.273956268074528,22.44581441102361,21.905678157262404,23.026205036662784,24.395150734914463,26.33406369269399,29.249013204526435,33.505240460188226,37.394563656937464,-0.9993706508539969,0.03547255575312556
2023-10-04 21:00:00,-1.0,73.0,32.333333333333336,9.0,6.0,18.0,68.44137294700022,24.977951250029413,6.530249045655744,5.505581541772807,71.09555716076828,71.57442482221516,72.98071107230953,75.46466694246402,69.08961866861422,62.01619721324663,54.112106506990656,44.12013336333535,34.132368939209364,31.621830552991888,33.54218348331882,36.8617745969682,40.364623110728694,39.088049977784266,35.05531301452739,26.59226647339113,19.726295868637816,15.717432194496514,14.852662652085868,16.419852481527734,17.72037171085713,-0.9986126020839734,0.052658056924614005
2023-10-05 21:00:00,-2.0,67.0,58.333333333333336,13.0,10.0,17.0,75.49660715387097,17.875215289755275,4.223145530889955,6.198630228711577,88.29289136604893,88.24074173370383,91.75937085876166,62.573533201596966,33.38809239490736,23.273030903360734,22.61542386855908,24.92509824694027,27.44274515845409,28.791549089260364,29.293415901612008,29.13294084137665,28.674035346447475,28.26778710152913,27.50343898594061,26.45942452213336,24.401706990574663,20.974264750539444,16.57734391890907,11.238902044110814,7.764474444233127,-0.9975590477788613,0.06982797572987089
2023-10-06 21:00:00,-1.0,63.0,77.66666666666667,21.0,13.0,16.0,77.90658589720972,26.501999081237585,4.514541624676349,5.886858532278486,95.31250800793931,95.49101097421953,98.71393284663881,99.25111641285596,99.36997192821539,98.81585126370999,98.4160188693587,90.075295231212,65.37264407334004,58.08623944552318,57.48065153043608,57.4271364940988,52.53366410298739,44.212432341792955,34.46143915350296,29.28589581629551,25.013104348424335,24.08617791326929,24.359709752866152,25.972786848803885,22.527094807588778,-0.9962102997023297,0.0869772313136861
2023-10-07 21:00:00,-2.0,59.0,93.0,13.0,15.0,12.0,93.07262589804716,33.523184380546375,5.618232924192003,4.983833044112817,96.21191573986542,96.60394028448549,98.40422984604375,99.0165414345908,98.95434668815422,99.1474229927975,98.55924755353497,97.4049985506683,92.46258929091911,92.67613661027015,93.21290552549615,92.38389692342881,93.49030795875967,93.62999098695087,93.95305773090806,94.44269681980012,94.52923197633483,94.04033426880063,92.7230803745193,88.73358535712282,86.34185246305509,-0.9945667569706337,0.1041007489354256
2023-10-08 21:00:00,0.0,54.0,65.66666666666667,41.0,11.0,20.0,66.25878005367005,14.014197079878535,6.447974078198405,4.5387826108969405,64.41071106644472,64.41329084868741,65.10073529677848,66.39990715107261,72.52120782181615,80.47420458592653,88.47763878240859,96.16027273411618,89.61849228201281,68.27299200732215,46.337443534210784,32.439910761912586,20.354025309152156,10.06860783236104,5.017025950051232,3.161461244116214,2.54422233116625,4.118019032204694,6.156582217542716,9.334199614842346,11.778614660842138,-0.9926289059345095,0.121193461470736
2023-10-09 21:00:00,1.0,53.0,48.666666666666664,33.0,9.0,16.0,61.214689587282564,13.663075550292543,6.691431031664329,5.668978464043909,74.7481370991606,74.59521162942298,75.9441090760247,75.8845927836917,78.31880900301414,81.97818923159635,85.86807999484508,87.47357822768757,74.4340728624559,63.495233923610996,55.28201999597812,46.525369855312654,34.48949114612708,28.9686491798616,30.59006705403452,34.49689937139483,41.881889362876215,61.5412677755503,75.72840436449691,76.03010373642896,73.0850389661695,-0.9903973200352558,0.1382503109109819
2023-10-10 21:00:00,3.0,53.0,65.33333333333333,29.0,8.0,17.0,61.214689587282564,13.744328528848898,7.406219720591914,4.700290125334672,59.72570098219735,59.703386638573534,59.90313240281685,64.81417075619312,71.86916822872112,79.69972466285812,82.52086879264714,83.06357981154626,81.91449438345316,78.84871239581844,76.08640897256002,72.40938230000086,59.6223331070485,45.97910537369698,33.61752906669711,31.444113436246983,32.47751965674779,44.94047052989959,55.71750135448937,61.35104158939452,56.12721015890965,-0.9878726596350429,0.15526624985999563
2023-10-11 21:00:00,-4.0,53.0,70.0,14.0,6.0,18.0,71.40879858498059,18.7797901207626,6.611508886676229,6.553530210710543,75.38211469139003,75.21001337701819,76.55190725220034,80.7096846571626,81.89375209965915,77.26676075196546,72.46181885399807,72.70326945980514,77.34236569737199,82.95261268764654,87.51107761326286,90.23715226647523,89.90068184467029,90.12341458645514,90.3738500111934,91.53707486730634,93.0086695675126,93.70120214077119,94.11431863765358,94.04331507592306,94.73066603095678,-0.9850556718215013,0.172236243027682
2023-10-12 21:00:00,1.0,51.0,61.0,19.0,7.0,25.0,76.86930614770453,15.004842222691423,7.338319791102357,5.869472224942783,65.8850167831596,65.62498383457385,65.8383496313932,67.5111248114371,69.39913507331357,74.93016904812562,79.04485532249028,81.1606705537369,81.72846404994388,83.06504128778454,86.4675141454049,91.45061888065958,90.73811324145274,88.08134863699854,84.16842323772681,72.46588198082664,59.96402901407153,53.643973203465144,50.21476378616047,51.82527324587607,53.43717943653833,-0.981947190186646,0.18915526872004093
2023-10-13 21:00:00,2.0,50.0,68.66666666666667,28.0,16.0,33.0,76.77977271296584,16.347355180850155,6.589046725603632,6.558215062770759,80.29342641288633,80.4246843244306,82.67323777951404,89.96174885730494,96.66543094017896,97.95055756268366,95.24959363901945,92.62756515586244,91.35358743857923,90.5000215338249,89.61723925486876,88.59544219421795,81.43500379157574,73.78691328707751,64.84266617405852,60.31123852468795,55.91858717904499,54.07661825928999,51.94678438400756,50.036671240868344,47.02187876579219,-0.9785481345802031,0.20601832032517084
2023-10-14 21:00:00,0.0,51.0,59.0,34.0,16.0,31.0,68.50042710539016,18.475635696616063,5.681559177741928,6.109224095749924,80.06493410640128,79.94734268508552,80.91461328150125,87.32566904990846,94.85304491209526,99.8530514361795,99.86457106338594,99.77356927589145,98.94600618424784,96.28810838234496,91.46974627144058,84.78296547877889,84.18137744620235,84.92460815458564,84.00962472585296,82.09211540140117,79.01837893763482,75.45938949164263,69.41928902913332,60.32298203704533,48.08851023787031,-0.9748595108374125,0.22282040779479959
2023-10-15 21:00:00,-2.0,50.0,65.66666666666667,19.0,12.0,34.0,79.77355891353135,19.890164008627988,4.638110269196122,5.911125135482083,91.24299227893562,91.07211528234535,91.39799398853006,97.60633797012743,98.76765959193551,99.65934644195902,99.4038843569362,98.95669749423148,99.19324054844553,97.788869786535,89.57268189673398,76.11759871728407,66.00622106179192,57.17150603149997,47.87210151605298,39.19086733919085,29.50120426024104,27.281091219431673,25.927690035888702,30.065776890001217,34.39831967173595,-0.9708824104813836,0.23955655912092708
2023-10-16 21:00:00,-2.0,48.0,79.33333333333333,24.0,11.0,35.0,79.61328490066256,16.54904924127597,6.157327054531787,5.343601138078698,85.88354377381933,85.93652710386567,87.50686923946547,94.09868714358308,95.37282114891849,94.64099938228053,95.64941442654539,97.17620770020058,98.65887600864174,99.37425775752658,94.32681889317436,81.48781197402873,69.81126203636396,61.73450238536612,57.56638133366585,54.9573899671549,51.140125683405856,44.6538276146134,40.40145940320615,44.348292933193584,57.236029148092506,-0.9666180104000972,0.2562218218071163
2023-10-17 21:00:00,-3.0,48.0,71.0,20.0,5.0,33.0,70.87219052088518,12.180999122983039,4.074152497159497,6.468398899599158,79.58587695325421,79.38721702788234,82.45092682658685,91.07833406001215,99.23221791544046,99.66425672382493,99.35582683102325,98.95000547436094,99.16049126992976,84.28950939596811,58.46650135948296,33.9497422000798,20.07989603507263,13.934665407860471,11.298121185395077,13.31824589511632,15.644593006520477,18.407861074091482,19.960090946929427,19.045827770221706,19.658606582203777,-0.9620675724981452,0.27281126433401914
2023-10-18 21:00:00,-1.0,52.0,63.333333333333336,14.0,4.0,22.0,68.61496211698909,14.5485500855361,5.666385100533063,5.957550950138657,81.39726471880563,81.34803586413744,80.07746392581726,82.2092780864341,81.23155642524577,80.34362694927448,82.79627658443593,89.67266592056369,99.0392237981607,99.36471448457641,91.2070875471657,69.96793335261862,37.48818817473012,22.0215608302975,12.071205805965931,12.502452176874442,13.53104439138669,15.407295349976652,16.373729103492504,16.32665811922529,14.628214395965976,-0.957232443323312,0.28931997761869527
2023-10-19 21:00:00,4.0,55.0,54.666666666666664,17.0,7.0,20.0,63.88756454843504,18.77852998501419,4.455000972387393,5.8141825288280655,77.73887730021434,78.07332858796654,79.58283744720958,83.95655226742804,86.29209397422325,89.77142847172365,95.95124991701451,94.80560635530668,73.41990193582987,45.9406218548331,33.8173232210783,32.21348695373381,42.038599130439984,54.65774697099106,68.86296264210544,75.04235131695309,77.80784718504047,72.83350618619468,67.21316091688713,59.716513348079495,53.89121710388094,-0.9521140536681102,0.3057430764672831
2023-10-20 21:00:00,0.0,55.0,87.33333333333333,14.0,12.0,17.0,80.16644518737577,26.081467681377774,5.11722048116999,5.959698077583525,96.29653858139166,96.52625353734192,98.57112563682686,98.91428970742425,98.52817549888118,99.01725919357825,98.65905460956327,95.64960455598496,90.87231342362999,91.5056902876641,91.82004301530068,90.16558419404556,81.00667256894386,77.69589901812675,78.85651884155006,89.26304686156587,97.90829789856676,98.9145745955372,97.54602665114166,88.99792447176986,85.35384169324817,-0.9467139181463862,0.3220757010206104
2023-10-21 21:00:00,1.0,55.0,92.0,10.0,8.0,3.0,92.95585541243081,31.652289775368413,5.644262047824257,5.722655833969912,96.15428884440567,96.30531162683364,96.1434247181692,97.65928744034385,97.25390411435532,95.3930264836883,91.94106735366056,88.20249522610924,87.69332758472669,92.38703938144155,97.41702105408281,99.31577065094068,99.35955406845059,100.0,100.0,100.0,99.14080766999791,99.27298767903196,99.7067611613109,99.3627100683622,99.48206529085834,-0.9410336347451197,0.3383130181923076
2023-10-22 21:00:00,2.0,49.0,91.66666666666667,19.0,11.0,35.0,86.01500975681384,20.077116987590493,5.238386928164293,5.608794568231825,83.56243262961802,83.79619389953044,83.8157272587674,90.76454819394407,97.3865667433403,99.45705372504217,98.58921572518686,95.9899749432123,90.3879521662828,86.5686947158279,85.82451754675833,87.44476616324566,89.02830082538632,90.16349536826081,90.85475565460591,89.59124076685447,87.12787712108836,85.85900852826914,83.90426647730104,84.1205264465053,83.5175493002527,-0.9350748843515574,0.3544502230989869
2023-10-23 21:00:00,-3.0,46.0,52.333333333333336,24.0,9.0,33.0,65.27873590995324,10.09997870185717,3.8034295034194563,7.322877970847597,83.4783413828348,83.37404482174817,88.35552744773558,97.59295401475397,100.0,99.57585805360185,99.7655286102092,98.84521945164308,86.02596676748739,38.19063666101855,13.46847247804946,2.50145786450212,3.96807839348798,7.010835601059291,10.606645360902798,11.847907920457915,12.537081078822384,12.328182321972603,12.65752435944906,13.555434527157074,16.589060729385395,-0.9288394302558068,0.3704825404820963
2023-10-24 21:00:00,0.0,49.0,26.0,13.0,7.0,19.0,65.65067581632282,17.708894372746087,3.8285993326164074,5.438971579519528,78.85669155881895,79.32319472142282,82.83632456123084,77.735108007914,66.2786855891733,59.776055707562634,62.041021640810314,69.63745518939996,78.7283206836959,87.11077741332548,91.62407902695455,91.96434541161197,86.79043061476305,76.27623491507704,66.412752031512,57.158071578519696,49.280299613579274,41.32143474612436,37.008753843793556,34.95375016588285,37.9141234910769,-0.9223291176290545,0.3864052261209853
2023-10-25 21:00:00,0.0,59.0,78.33333333333333,12.0,9.0,22.0,74.75644072853896,28.96693730249621,5.511651024238734,6.0404299684206215,80.59539350159147,80.92866009004133,80.9383451327889,83.428608196931,82.72996841348774,80.11521125135735,77.65440843984234,77.82154620102122,81.72881285604377,84.25202583390208,82.31524357447019,79.49466181141914,77.41575841903496,78.36265303206538,81.25316800599984,84.46815458507963,88.01353166833519,90.6290509108494,92.60608555970869,94.58727596915482,95.2169551500909,-0.9155458729775467,0.40221356823680365
2023-10-26 21:00:00,-1.0,61.0,62.333333333333336,9.0,3.0,30.0,77.73834933155908,25.32313630557186,5.036183243487744,5.684005108931095,85.6174638281503,87.30230287127162,90.28804648176964,96.30908604555755,98.89443217608445,98.8595321309085,99.20029960440563,99.46395785148341,99.71510164016901,97.21395834936175,83.55725510165111,66.11140231813651,46.7379768199643,30.581124190264315,16.090070741581176,11.741971958483711,12.32577797106294,21.649313927346363,34.489303379584626,51.778079644234985,63.799221974490194,-0.9084917035725082,0.41790288888678667
2023-10-27 21:00:00,-1.0,63.0,62.666666666666664,6.0,6.0,19.0,77.90658589720972,31.506689149726675,5.750104429421571,5.728031478664071,83.27726075736489,84.04869636878357,83.38723150777795,77.67904663324195,73.04376717283264,78.02245640454724,80.13077075966818,73.33222543335113,64.93654956340178,64.97481559336876,68.04426847547221,72.39605885202873,76.46838403476849,83.67248345130099,92.67914010348795,96.56956861105195,98.4311639924384,97.49208395712532,94.57613375645005,90.11949516575052,85.49989803175086,-0.9011686968561569,0.4334685453485363
2023-10-28 21:00:00,4.0,58.0,57.333333333333336,24.0,17.0,30.0,71.93182945989565,12.095544501853102,4.005247103617561,6.2690215890380605,66.97329939625932,66.87752538826595,67.84063700257538,72.50644951391504,79.06283803647874,84.24196434974878,75.94323357005467,45.15007450740652,18.99836115761116,7.926409032136782,4.1379965423888105,4.309126893967993,6.570420608607153,8.697990405085852,10.755815854888423,11.94986879576535,13.22700673525265,14.334307238130064,15.417476513173211,15.96726369869484,16.67073296077159,-0.8935790198239952,0.4489059314938798
2023-10-29 21:00:00,0.0,41.0,84.33333333333333,21.0,6.0,29.0,57.17486225071633,13.735296127612855,4.263283610884138,3.1368291304373503,68.37773246321129,68.35888339043552,71.45657134628384,78.70305279266874,78.29525208370141,73.42587081748451,68.86864411313852,63.97326582441822,63.119773332945364,63.01030314743286,66.53619953753557,72.67887926680923,81.48578777242717,86.62864208005747,89.92747899361576,88.2672236786626,87.26985666763242,85.68140011841281,88.06957047169628,92.9165058599755,92.23043391425728,-0.8857249183835637,0.4642104791518923
2023-10-30 21:00:00,6.0,36.0,93.33333333333333,11.0,5.0,24.0,92.35935927937986,16.69145304475945,3.1376753311438903,4.023390385327051,99.55468582403131,99.1198112686133,99.43963679821026,99.0407447147372,99.7828917310972,100.0,100.0,98.95371729595739,98.038180170825,97.52369221202343,97.55316924326192,97.19002152932951,96.12661302216664,94.59496615211226,92.37851517361891,90.75492611638042,88.80541231719383,89.30885819092397,90.33950087071713,91.70326381807756,93.20996429207257,-0.8776087166898392,0.4793776594606945
2023-10-31 21:00:00,-1.0,33.0,9.333333333333334,17.0,8.0,30.0,58.432882370298834,4.2818277940447675,4.637659344813179,5.032753012672135,60.37735685794108,60.36547269099103,61.633445344040396,67.19598480857259,74.82668947796421,77.88764166842952,70.74882232028416,55.894627621576454,36.672577827632715,25.066417176670626,18.89943427284349,15.618926052086692,13.742159739131344,12.38009632924313,11.28866855659103,12.08466711182297,13.638540867114573,16.54509748345223,18.024243980503254,17.694357639399882,14.945756422186255,-0.8692328164574792,0.49440298420761813
2023-11-01 21:00:00,3.0,33.0,30.666666666666668,16.0,6.0,35.0,58.432882370298834,5.976729304507765,6.821712204102962,6.986628280141625,65.42470503136892,65.13906233130976,65.3432209163065,72.19804075458343,81.63647225469856,90.56616426965196,89.29779650334821,66.73998363991109,39.68997416328761,43.17232341896929,48.317061726014785,53.86492811213772,62.18708310162987,65.69510715830909,67.63021688081207,71.83479361906616,75.81329432644385,78.41490747735313,80.11735976637857,79.56870055234124,57.872590718055505,-0.8605996962501181,0.5092820071573356
2023-11-02 21:00:00,1.0,36.0,16.666666666666668,16.0,8.0,23.0,56.43951040406162,6.961954139635304,6.091850481083992,4.903871592567593,66.74044819523446,67.23289363716948,70.40215560048422,75.56009227472394,75.1122384092389,73.1393374846732,72.58366994935105,73.05811897903921,71.79885246715203,70.05022160441432,67.57866678500564,64.88216828543733,62.21973281956244,59.66526075330157,57.55236857666775,55.435995708844935,51.08032426610082,43.55342776114513,32.351117734894466,17.259914860568166,9.047626078327164,-0.8517119107469189,0.5240103253675756
2023-11-03 21:00:00,5.0,41.0,40.0,12.0,14.0,18.0,62.06519135327816,10.976712158297794,5.456451667426398,6.761254910972329,69.63530074084315,70.5417963208154,70.78296172294877,71.23394075143464,65.85510726148527,60.308155337255506,55.76136275553104,53.015492681455854,54.22311403685368,60.7089316091848,66.72263700751657,71.9648278437993,75.86960318466453,76.13208342080348,75.62478232605947,71.72999571149336,67.99263056987151,63.19416013346182,58.08828862104686,51.16546651406819,48.29921440845387,-0.8425720899866032,0.5385835804920232
2023-11-04 21:00:00,-4.0,42.0,49.0,15.0,8.0,28.0,73.07605006966709,7.584608039631151,5.335426213363649,5.4918367546673394,71.09115017093326,71.1260546195523,72.37644076843873,79.52617508499856,87.73761473558919,92.49833908928716,75.06367115567485,37.20331196114806,8.295253973517575,1.7389794735850894,1.2547209179212102,3.398343590406197,6.269844794006466,9.342905797404695,12.665220413616549,15.716029365416558,18.353709476541457,19.972738495846297,21.030927493974986,21.338626120197443,21.758596030952308,-0.8331829385891785,0.5529974600700271
2023-11-05 21:00:00,3.0,39.0,46.333333333333336,17.0,9.0,31.0,64.38968071494627,7.518298218566749,5.3851987771291565,4.911327550457596,60.99492826626336,60.838221425672224,61.820793270691134,67.92955823284811,75.12304185971902,72.35543147287416,50.46267016294894,28.47231125180173,25.888614166681776,32.88887456558419,44.12335822944147,57.71507934303284,70.16627980009682,75.34851510366686,75.73777808430285,63.813384655984564,50.03943951345629,33.9678633313794,21.1285589829057,10.777927104454145,7.127203737061216,-0.8235472349556007,0.5672476988027229
2023-11-06 21:00:00,-1.0,35.0,58.0,23.0,8.0,16.0,56.29054379593052,11.00483123308917,3.8153802426174046,4.545032813468692,66.81178298287085,66.99976142817764,70.9040487680621,78.5686300755389,83.43512665857772,75.4314796399416,63.70038740484071,62.19060875152424,65.16177183735783,65.54288133523205,67.67571939151742,71.06274048204125,74.63270818093083,78.5393495781034,81.95314929926919,85.61017201681022,87.88710791556895,88.21049730243277,84.06020431847362,76.04735406155147,68.3704984449887,-0.8136678304455991,0.5813300798152042
2023-11-07 21:00:00,-3.0,47.0,84.33333333333333,12.0,13.0,24.0,85.89976760381259,18.59395030586529,6.343318220771544,6.628368710743747,83.67027154441774,83.50213580890993,84.25544875531642,87.09528777841498,92.8970028834733,97.33443795264569,96.79335213631632,92.5316332706661,89.24684629895303,88.64528655315745,90.22613219189066,93.55612803268502,96.58663766580378,98.37358752078887,98.56766272853179,97.77622256639341,95.93284252762527,92.75537171813026,87.6467192440909,86.21393559369615,83.45185151711256,-0.8035476485339116,0.5952404359043674
2023-11-08 21:00:00,-2.0,32.0,55.0,29.0,24.0,31.0,55.839808744354144,4.745396113700269,3.9131627308345642,4.378452389841176,65.7445449869209,65.96620862566351,67.6241288629567,73.77362215772096,78.55921307309328,74.98277316589979,65.70084845466899,54.893910410191474,42.443305394706,28.429420948447838,15.883940048218925,5.731440710057074,3.2701549862970887,3.2063854437284705,5.0442737075829625,6.168389959704506,6.987396320225191,6.762950067718306,6.696354481199829,6.314736566588548,9.241700641610722,-0.7931896839451843,0.6089746507720486
2023-11-09 21:00:00,1.0,31.0,92.0,17.0,8.0,14.0,74.98144418959104,13.637505909872237,1.3082228306596693,5.94086162251639,93.82861280713847,94.12461902999746,95.92245751805083,99.00796727839294,96.33620292999458,96.61087229396992,97.19145398810667,97.49132920463435,98.10571907628007,98.01726081871331,98.97837771646688,100.0,99.9238628031351,99.292505205263,97.65924459028892,86.68919409270003,71.64100153985878,61.88957652444807,49.51742810572528,35.28915052463672,18.419892295054986,-0.7825970017677834,0.6225286602431057
2023-11-10 21:00:00,-1.0,37.0,75.0,27.0,12.0,28.0,69.64178721979476,9.528188470979496,6.090270199081949,5.5595245103736834,83.8251580328993,83.95327098843325,85.08997099306966,88.59599819460125,93.95376781891517,93.41096191537704,86.34661590565953,83.31997604421785,87.05612310466533,90.62386414625246,90.19118700804225,83.27061991595036,69.97859156954107,59.47905218553095,50.048717711185255,44.96166987083134,39.43027147629616,35.12435465586833,29.935131175605544,23.446374027383822,16.23708250855658,-0.7717727365467837,0.6358984534680745
2023-11-11 21:00:00,2.0,31.0,68.0,34.0,14.0,31.0,66.08546573854399,6.700378864901115,5.916789855334996,5.533756597515552,67.7845320311293,68.93066692085141,72.856122820628,81.56594058023128,90.79502643518582,97.4425091193258,99.6976541520672,100.0,97.96993185184748,87.70278967473874,70.93173184933796,59.85576016099744,57.76345883773351,53.86555143057906,49.75052171517261,46.95950727056653,44.86293989585637,44.590205599879994,45.092646105549136,46.028717056925544,47.33631353329274,-0.7607200913564104,0.6490800741100398
2023-11-12 21:00:00,0.0,31.0,31.666666666666668,13.0,8.0,32.0,60.689004006831915,5.517190710887687,4.305883127006525,5.5077462278029135,68.60845156748869,69.25587423008164,76.63133542906905,86.39084925607129,96.6194667480352,99.2644299227062,82.8159985096345,60.908144940261835,47.11706639171863,40.64404972678578,37.82067040320955,35.16526724869753,31.68621501366966,28.42931217182583,24.691745912086972,20.657490067469254,16.704910623745928,12.677716853622467,10.919761249743496,10.50545496182288,11.65884020228591,-0.7494423368521953,0.6620696215153815
2023-11-13 21:00:00,1.0,33.0,46.666666666666664,9.0,6.0,17.0,55.99069532699126,6.896400021578178,4.63748883975803,6.622787844953377,74.14580922644632,74.01224624985899,79.9475610338005,87.38657264386417,91.0431314631548,78.18050643400854,56.70596354960239,46.27025656118088,40.814946896123395,38.30813832624389,34.070175538819385,31.92023224394877,35.90259283536911,48.48430872381254,63.88028851760772,73.91959074386524,81.40058241308296,82.86265193004178,84.02325799167465,82.23887420308154,81.73767440809982,-0.7379428103031386,0.6748632518680403
2023-11-14 21:00:00,2.0,34.0,50.666666666666664,9.0,8.0,34.0,61.108598895036195,6.461828174792273,5.242471229802651,6.66161456742068,75.68940909665811,75.70550577532893,81.93861149101691,91.03223905362353,97.8739485334442,97.8078365717667,86.32780630673324,68.88630733396973,56.2743174993568,46.918014493111556,40.33839306412034,35.462035273118566,32.39782831557109,33.119812297000934,35.261237211616404,39.64512256491871,45.87568646261037,55.03497340948573,61.66013029123194,65.11602646802608,67.64019227085586,-0.7262249146041543,0.6874571793269664
2023-11-15 21:00:00,0.0,37.0,65.0,7.0,9.0,18.0,66.83551651254903,5.697266850421165,3.0178013803565626,6.79532699265339,85.8388411580805,85.43795904755906,90.49451655007205,82.211248255361,57.01214499540838,35.870905040862596,19.730612098998783,10.441575543857557,7.09588167107463,6.319771560230874,6.254316515290789,6.123475702180775,5.5938138498235475,4.499725064095904,3.5610372489177324,5.0268651218753915,10.18172976964366,21.10325756026812,36.22419807613983,56.597960314804716,69.82116455312541,-0.7142921172691032,0.699847677146407
2024-03-02 21:00:00,4.0,40.0,65.66666666666667,11.0,11.0,19.0,64.51853417070238,15.196533927074046,4.402957410753029,6.236288403887659,83.64055532507149,84.16226517452424,90.53832829926834,94.54967938224246,93.84858172542496,94.96801651697415,97.621860119792,93.36761284311756,82.75626932587873,68.52134388176097,58.38088025167202,53.46309801896783,54.188724701086855,62.81052579281678,73.51962758192658,84.90570194703514,92.04717569093336,93.20859087303073,85.9721761455954,70.636799583196,56.82193955016307,0.8755389928586302,0.4831474640149687
2024-03-03 21:00:00,-5.0,44.0,63.0,6.0,6.0,35.0,79.28724892729487,15.276330820409552,3.037259044758661,6.987897589572173,96.33527253624933,96.3062544735906,96.7511489708683,97.0532569168145,98.64340688340573,98.46514075349492,98.04084895732848,96.91499857329529,91.60856907396739,81.98702428360802,59.61747998186754,37.17224440693814,16.403560991387238,9.199022181676304,5.048059602177685,6.305019172273012,8.301208125343502,11.379609235341665,13.12694935014383,13.387495256779571,9.94655683633197,0.8837203473619977,0.4680153284438345
2024-03-04 21:00:00,2.0,41.0,88.33333333333333,8.0,8.0,14.0,79.03781672993696,10.20422053115558,2.1458855200541205,6.211010579182935,97.73856078517352,99.2536349898338,99.74406549287744,99.45876087169353,99.27665374298283,99.52839796525397,82.81190666195522,58.259639624579705,38.5808577645596,25.805071858519398,20.256250769800516,17.037775756109866,15.063918584959499,13.536271832350542,11.549330399381578,9.090882775724902,6.792861399624874,4.532703805907084,2.7691682463697838,0.3473945817647766,1.3204985442359296,0.8916401947968874,0.45274469960737107
2024-03-05 21:00:00,0.0,39.0,83.66666666666667,9.0,11.0,16.0,82.08895972951541,23.07009330488796,1.5089584077924176,6.007158503815864,98.09127828468964,98.15618097779567,98.63255788505037,99.05317465381144,97.3129138942168,91.85276341581708,87.793896446479,86.56557256693803,87.74287003590236,89.1257531477402,92.03137094059517,94.53150236866631,95.78275901340447,97.60638453699315,98.84965078793971,99.16640083257923,98.80977223446097,98.9687919589238,98.37448083194245,95.00939368644593,92.8611429824191,0.8992961915530253,0.4373400963303323
2024-03-06 21:00:00,0.0,43.0,90.66666666666667,6.0,6.0,2.0,85.6650984514215,21.53846001493929,3.3588581794598036,5.950388718362821,95.67420789294783,95.52333851769352,98.8574752745808,97.06501942718818,98.47858807259074,98.17180334356152,98.69378013411435,99.7448524580204,99.86921102248256,99.96652641966772,99.68148091628153,99.67244288600745,99.42005914861211,99.26391481077141,98.49216082930221,97.16503546229124,96.23801340950317,95.04046700372662,93.78182509307683,91.76899547200127,90.57935269658321,0.9066860720977985,0.4218060770826634
2024-03-07 21:00:00,-4.0,33.0,92.33333333333333,21.0,16.0,2.0,75.17979820946917,6.881830009089446,2.428819864764781,5.845187600930222,87.66983682345563,88.12166077693487,94.60930828787934,99.9480565259493,99.89598674640553,95.85334722072577,77.88409845563281,53.83146678430091,35.97881578227932,18.268672470984264,7.215928559894307,1.4865150385002837,2.370361583960234,2.3598049925567377,2.333131116531749,2.8155406882172773,7.047575021991213,17.6189865427302,35.66211639817677,62.028908682509375,73.35087260046934,0.9138076496466615,0.40614723863057883
2024-03-08 21:00:00,1.0,36.0,8.666666666666666,20.0,7.0,36.0,47.598155306373044,4.983590041903701,2.1199040813178747,7.492949275263056,79.07077928513095,79.70896909794516,87.47259936742736,90.67918937284092,63.137437507963654,32.61352033728798,15.24177138581438,7.226388244202502,5.895362056033894,8.576573820707175,13.908876343123433,18.85078877553866,23.34657365658775,24.2995269953712,24.46365120095684,22.157536791757884,20.045254669382487,18.31094813843003,18.365768396347836,19.54890043194963,17.637702645925486,0.9206588168102428,0.3903682146763026
2024-03-09 21:00:00,-2.0,35.0,78.66666666666667,25.0,15.0,15.0,56.29054379593052,6.537803960672914,1.380113086577181,5.978288840968064,98.12831125659423,98.01822804880321,100.0,99.64097451525522,90.12936813540846,46.752173593181936,14.612665531612345,3.844648312867207,2.582753891700943,4.870785340006112,8.125329122817776,12.36942158528405,17.947940231689035,24.883200970674103,33.9799400233763,47.04163920474406,60.84170742037146,73.57430438855835,81.64799597773342,84.57137156320596,87.37064380496754,0.9272375462179537,0.374473674486883
2024-03-10 21:00:00,-3.0,38.0,90.0,11.0,16.0,10.0,85.36368920128999,15.487562969265252,3.9712517683473654,7.295209104824192,100.0,99.94723082701663,100.0,99.54449001773969,99.12129736911878,99.50963835573492,99.80311338955428,99.49450438771434,95.33838293276227,78.14190957124993,60.93063609806355,54.93068949694454,54.05286685236682,56.98297084083826,58.46010840439468,59.08111683461431,57.02786946043823,54.99992509123548,51.16779735183149,46.74640326395764,41.6843601447349,0.9335418911179212,0.35846832151248087
2024-03-11 21:00:00,2.0,34.0,89.66666666666667,25.0,24.0,32.0,72.23098255790376,10.827993765254107,3.991561722067709,7.418533297701081,84.9354246961283,84.92731460420563,84.92407340817628,88.51860101154676,96.19263307692613,98.34446662649752,96.39187529900902,97.1880379835569,97.88056441592545,98.3269140728263,93.02806305044041,82.418356166005,73.98056220205574,68.25229762300535,62.625113713157546,54.48414259666843,43.70399036317291,35.60759702007214,25.32415408466578,21.808304631859354,22.030046980136124,0.9395699859530622,0.342356891994542
2024-03-12 21:00:00,0.0,35.0,58.0,33.0,21.0,32.0,58.72237306522481,10.64518844021455,5.169780786489433,5.413824311123918,77.58709830086123,77.61756993880113,77.92581529343329,83.50491845464603,91.02669233495348,97.7486841460162,98.97821196744472,98.56112606964545,97.33292540232338,92.49037552988318,87.30986288670886,84.16172590408199,79.92673261561643,75.40456070417946,70.47841695108346,66.92446869551256,63.81074708859052,63.21494236799817,63.02192824612427,64.36430916323927,65.44504504210997,0.945320046913132,0.3261441535642696
2024-03-13 21:00:00,0.0,42.0,31.333333333333332,11.0,4.0,7.0,57.320053115540524,12.383536802158483,4.675708161456639,6.753762949426879,82.44381909839761,83.08107346885394,83.87282982424027,92.19967390865364,97.11744202553395,88.81426865745644,74.32733687691874,64.50994051066633,57.00113309809124,41.62583954236562,32.37191832584849,32.94897001317054,51.771809037501484,68.79421013513559,86.1686760442458,90.85476056485163,94.26816386170024,93.22064715217661,90.17814365438753,84.72631667446248,79.02818336026272,0.9507903724625832,0.3098349038318025
2024-03-14 21:00:00,2.0,41.0,81.33333333333333,19.0,7.0,29.0,72.9723905164196,10.205740195024276,5.915436183900029,5.9194457852667774,88.7519956842115,89.87622793522819,88.7119077469276,92.80482804578656,98.12322142675298,92.25519624491217,76.01366626838923,72.08748265419615,70.75963638226348,62.85813356887393,51.35529290820596,38.45851879134351,28.22128755684289,22.369270929355928,18.4710981858757,18.161525559939758,18.32263782276379,19.272362323328622,20.74572865832785,22.741517259214863,25.028188858187733,0.9559793438440766,0.2934339689665273
2024-03-15 21:00:00,-1.0,38.0,89.33333333333333,11.0,5.0,36.0,78.78407930319881,9.619526322383932,6.727418818657532,4.447170557606337,76.0283147220898,75.91937028271545,78.07913770748314,83.2123642799693,79.34731397063864,76.03142489860944,72.95405550516001,68.13564145862908,64.34729707501361,65.78031684538507,68.07178646183935,68.03893259357649,61.08121158289042,54.57950092581939,48.82145293802,40.45321506315426,30.491770222631793,17.72148429412386,8.737108032761705,5.845258171087077,6.4815086860889135,0.9608854255574977,0.27694620226893646
2024-03-16 21:00:00,-3.0,39.0,82.66666666666667,32.0,5.0,23.0,61.79504777899112,11.813187838625904,6.581545749059806,4.166064208244227,94.02876970602081,93.8180938946307,95.42126802493502,98.34783109089878,98.00218442023888,96.31861996223317,96.12132406003069,96.63703298572447,97.88725579606916,99.62958230946487,100.0,98.13025053512008,76.87193106501297,68.49553354187076,79.75785910953185,83.80434639032664,86.55634194480332,84.60000355235712,82.82256223917061,80.93682715024441,80.46506398371608,0.9655071658143364,0.2603764827344581
2024-03-17 21:00:00,-1.0,39.0,81.33333333333333,26.0,10.0,28.0,75.76175741417586,8.666629827450521,7.720709905370283,6.376101539131705,65.08458108161084,65.1816883816582,68.38110142287707,67.51364125635166,73.34479260615045,78.95106538841208,83.03125350539128,84.8303230723527,79.72865314421003,71.00840612609257,69.08731519361352,66.97468772025942,59.83479379677726,49.98077707038935,40.89406056396188,35.604118736983295,31.09743951070026,31.418498383238358,30.895561920043484,29.251356436686148,25.107209463756035,0.969843196967294,0.24372971360968387
2024-03-18 21:00:00,1.0,36.0,80.66666666666667,32.0,13.0,28.0,61.385094678511166,9.242736676270011,7.116295308260559,6.234344203297769,75.64168581653058,75.89479372184795,76.79328021926885,80.32398231160731,88.03900535536113,93.42773140997573,96.4420000302321,97.40133615569778,97.86705803892575,98.18632383470694,97.73077034743856,93.46219243924119,89.56492138714707,87.15946201652346,89.51272366892553,89.72996307648415,87.20862437529215,76.04620609210306,59.56735190394763,40.55864512281802,28.26203253953975,0.9738922359149924,0.22701082094141847
2024-03-19 21:00:00,1.0,30.0,63.333333333333336,41.0,12.0,30.0,53.17162011669168,5.107030788952288,5.704543961988807,7.119852450230052,65.48036729572976,65.45555715351591,66.66239075595412,70.69423903806448,77.36146290439544,80.98266527545682,86.66770545909785,94.19061376678616,97.96180551781491,85.2937705179502,59.48406445200973,41.46371298994579,38.8339994409479,41.558367301385196,48.34705427984586,50.56375674693372,50.094461786475875,48.50207635307808,46.45029354376792,47.71523678460927,47.54031264872687,0.9776530844816641,0.2102247521189836
2024-03-20 21:00:00,-4.0,36.0,82.66666666666667,24.0,9.0,15.0,63.99936441271857,10.211431762003892,7.120191721528074,6.908366883858355,95.68750222027556,96.09002849472077,96.41188170978317,98.09127539486579,97.35933838107796,96.60176798743392,95.3222251830494,93.76376862347998,91.6465443258171,89.1776858624801,88.01495598549549,87.56086017815896,87.01402270220679,86.31589284771066,86.73383854351607,87.14169869854625,85.15716183683276,81.45592091141978,69.76419698085272,37.00346363333387,13.679917828778674,0.981124629771712,0.19337647441020586
2024-03-21 21:00:00,3.0,23.0,79.66666666666667,33.0,26.0,29.0,59.54104264869964,4.19002838232372,4.120694113482115,7.831753547258836,73.56797257140009,73.33315489926268,74.08706117978305,81.22109045025864,90.17918957824675,95.19274572616693,91.88438644376532,86.33734915523738,74.83919140791691,59.46939029065438,45.35291043861363,34.09418942355114,31.58857586873361,31.466648402103985,34.86591261700591,41.05516512022899,48.86869059426752,55.143148976456025,58.6886440020381,54.49107416560869,48.64629385809641,0.984305844499033,0.17647097349152166
2024-03-22 21:00:00,4.0,22.0,42.666666666666664,33.0,15.0,29.0,41.257904462615755,2.758180013265897,3.583488107525145,4.957995996072198,50.997495254036274,54.56950397799895,53.456461617575,59.29659575770366,58.113705329353884,42.67208471651836,24.40796393396411,13.239579293676185,9.611996794933972,10.387174717198397,11.959055456935547,14.002742497992552,16.503928431467795,21.068590942758135,27.272846920154652,36.44612061010517,45.7757285955084,55.568184373360516,63.8076486145421,70.92339579668875,73.80971585039178,0.9871957872910085,0.15951325197263655
2024-03-23 21:00:00,5.0,25.0,91.66666666666667,11.0,8.0,9.0,81.0186359590449,14.078287674159984,1.450115474438248,5.812173859868326,91.36341300011487,91.54539702871362,95.10059956534285,95.47907866363911,95.4485542782257,98.59932367848472,100.0,100.0,98.40028590769609,98.91227050848144,99.44595514437539,99.8362427759846,99.4554875216585,99.21047401624443,97.50508363640515,95.95630529063284,93.88970063575853,92.77874957103697,91.2108248457163,90.53047516605052,89.56123247286601,0.9897936029670716,0.14250832791617088
2024-03-24 21:00:00,5.0,29.0,64.33333333333333,34.0,12.0,33.0,46.43968715775062,2.6142609819936014,3.568864382453441,4.098609843209874,52.958540609558526,54.931963366456635,55.109691163246154,60.57452348041574,61.45561663025503,44.4807438081663,24.10179358036797,10.631670759172533,5.259895511310042,4.245516092115766,4.216715932575166,4.258335870035719,4.227713149217232,4.941739126368769,5.942918890801683,7.098395366116447,7.981160935720332,8.35434785124343,8.182482425020963,7.149866661061149,6.564161618172946,0.992098522791769,0.12546123335273648
2024-03-25 21:00:00,8.0,32.0,55.666666666666664,20.0,7.0,11.0,51.217772617405764,7.928446726766911,0.809352314714135,6.1118028567957285,69.75980205264585,71.6537014076362,79.80332549450097,58.25706793552479,23.41595330743494,17.15888770492044,23.17711388149431,31.527417936031355,39.24752464858356,43.998166906946985,43.07056515608383,41.6242891329177,40.77242774248119,43.17420956301646,44.956472044827336,45.88029476681971,46.708794043304486,47.65245311138065,47.58021875646958,46.31227161018376,40.18401786459951,0.9941098647022418,0.10837701279187609
2024-03-26 21:00:00,-1.0,35.0,75.33333333333333,11.0,9.0,8.0,78.52594355604192,19.013839791902065,1.1135790788106479,5.102222079884833,74.86943650136672,74.81977740948838,81.11503084322541,98.39725202962708,100.0,100.0,100.0,100.0,99.62541730070615,99.42961073122952,100.0,100.0,99.56656605825383,85.49153775479803,63.88129262739546,30.174645022848807,12.567674946821644,10.285328198034813,8.430875048970952,6.6338013146722625,4.140087995786569,0.9958270335100595,0.09126072172931188
2024-03-27 21:00:00,-2.0,42.0,89.0,4.0,5.0,15.0,89.02055807559746,18.993474151397184,2.4043266801822276,5.636497650522431,96.21912876895277,96.05679705250196,97.45859607196739,99.12662772908443,92.50899689668277,69.92685150637432,54.10791024980013,46.43420245594612,41.89717075354172,38.836145627688765,34.803811265864525,30.625143555796225,27.36839765224328,35.80219308175103,51.27401607006649,76.01766351767075,94.97603231628126,96.18323152667692,85.62243776947868,60.912717919595295,38.865104783003076,0.9972495210773451,0.07411742515094437
2024-03-28 21:00:00,-2.0,42.0,90.0,5.0,6.0,32.0,85.60554347335166,20.880585764938186,4.144769141361409,4.287681183690606,100.0,100.0,99.31302221839417,96.8003692810026,98.46055826829841,100.0,99.68209441111567,100.0,99.63781345619869,99.66923591328,99.43925272448858,98.52372803410327,96.3567029807712,93.88859051995144,91.08674760276621,89.90902671963087,88.22565766662564,88.03157707308998,88.35456787553616,88.51907898255995,89.1582673621548,0.998376906467142,0.056952196034039754
2024-03-29 21:00:00,-1.0,37.0,87.33333333333333,16.0,23.0,33.0,69.64178721979476,16.610365790753615,3.157286322669664,5.13332575411968,94.15729632706125,93.87577128460157,94.30767237169212,96.89938047731111,98.46616157783951,96.67114036445653,94.84629816952706,94.84265890847907,93.79369206647742,92.6989206136863,93.11502584059244,95.28652279244409,96.77948960218487,97.49246543923323,96.94210148206362,97.34222978948263,98.6954626757526,91.85659150525632,77.92021639337491,48.86791594079563,44.33590036978302,0.9992088560679753,0.03977011384605572
2024-03-30 21:00:00,1.0,35.0,30.0,33.0,23.0,30.0,47.434384948944405,4.618738761886019,2.173824924083994,6.938511557847356,68.1173324849761,68.32052228498378,69.03888263287091,73.17077424378306,82.29411410746474,87.35448342768164,69.05987046590155,39.48289567086866,20.296853152055753,12.01249618000085,9.143031157632,8.938760388265575,8.496168532393515,7.54612609282429,5.671717590876643,4.005288887554503,2.278761840440463,1.969111072442563,3.111346469472499,6.149485324308823,11.131963322405582,0.9997451236925734,0.022576263041545485
2024-03-31 21:00:00,6.0,37.0,39.666666666666664,38.0,15.0,31.0,45.755952313414895,6.237008047978889,5.234050289190778,6.612317520109005,66.56081239611586,66.84530036279558,67.52080312686788,73.19391347708873,81.53328296758305,91.74388637067827,99.33507392964441,99.14280008463491,81.70512620706616,54.97642036803151,38.77842762697139,34.88834154779338,36.859226261145814,38.40332766934889,39.584968458079345,41.40739771572836,43.82211607267249,45.69646720122659,45.47596641648115,41.32004481053133,32.233677159741305,0.9999855506507186,0.005375731557583884
2024-04-01 21:00:00,1.0,41.0,59.333333333333336,13.0,5.0,34.0,50.47986970636548,9.74780734311357,6.680323131400964,6.48167294277804,92.56606305480699,92.27635171748545,94.4881095272203,93.94046774331156,92.47683995852265,89.84188713790968,90.15823288383638,90.72765267263418,90.98307943486536,91.98800561758745,92.1587524852108,92.5299331642587,90.83674599361487,90.05563258355525,88.31679107337327,89.10377930933278,89.90856849702205,91.20296280765493,81.32848397980858,55.70543109641929,28.97057540157808,0.9999300657962057,-0.011826390691832589
2024-04-02 21:00:00,3.0,40.0,43.0,26.0,6.0,2.0,50.3219360877198,7.2648395423501135,5.3295785485995095,4.953137511267994,64.97613026855775,65.13944413984639,68.59418947487079,76.37976723304665,84.90540872141791,92.64654352105906,99.5160591519006,100.0,97.37840878423751,54.70719053674691,30.699863773285628,20.002835639749723,17.167838382909444,15.147735880293187,13.128143298554306,12.868801443104068,12.59672990016956,12.538880188846191,12.569849825738938,12.485206631066513,17.916756334841494,0.9995786855478958,-0.029025013321975237
2024-04-03 21:00:00,2.0,35.0,83.66666666666667,28.0,16.0,10.0,61.24716817651182,5.539622089481284,3.933055437924644,2.7646139818019204,68.21095228253154,68.11863203396008,69.97802052655253,72.85093696335237,68.31741687953055,63.10297360741707,67.73960246712561,78.69622114236097,88.78710249499407,80.29227770670461,50.21794613261476,22.0257927929228,9.462262878480423,6.421655079735181,6.193915271577943,8.502277875053219,10.132483388118338,10.203071164599422,8.915906629914291,5.8879334926845965,4.827939526684607,0.9989315138848577,-0.046215046983708354
2024-04-04 21:00:00,-1.0,32.0,90.33333333333333,24.0,23.0,6.0,78.263314115119,12.677773912921054,4.057405655080356,5.0619981910900815,87.29388740669553,87.12224578095109,87.34887970853309,92.4165625896135,96.17444013869292,97.32046453208588,98.06266838425819,97.03498235018716,96.01813437561269,95.90543432457669,95.4260151854518,98.74001978174961,99.8409280609108,98.4472758482193,94.33249231335755,91.39559615246439,88.50527890496885,88.76935197798062,88.78868427106305,90.85088572018361,92.58274185743937,0.9979887423155984,-0.06339140486951038
2024-04-05 21:00:00,-1.0,35.0,90.0,13.0,12.0,2.0,81.79219737449081,12.27742913070488,6.446877307969406,5.36891916591153,94.59595726052355,94.46845791746328,94.42025696319516,97.45007840618422,100.0,100.0,100.0,99.05040412743644,98.1886842018896,95.99068122270309,92.7599295716886,92.53944137306988,92.48597356215943,91.18509168176223,89.88536556817994,89.03155897646351,88.01063339665522,86.40644611086107,84.80682139093462,83.40870165373912,81.93776677082847,0.9967506498213929,-0.08054900421874167
2024-04-06 21:00:00,-1.0,35.0,88.33333333333333,20.0,16.0,1.0,75.3759486435965,10.186478717038327,5.8126807267631735,5.80713707038667,83.08426976428564,82.56979592132636,84.27567591172334,90.85677119602306,97.31673872875987,98.92302172918286,99.01024755497532,96.70518901900881,94.18044843994124,92.85906657891853,92.76901055058171,93.45913695349184,92.54194606634297,92.03605676972053,89.59005511780637,88.86357478897763,86.53213839740219,84.81641776297135,82.48147952535663,80.24585168913548,77.83111397061174,0.9952176027737294,-0.09768276782171598
2024-04-07 21:00:00,2.0,40.0,60.666666666666664,22.0,12.0,36.0,57.02904808117887,9.31538222660038,3.4975761486718464,6.718557029907166,76.19320125190193,76.3131389044702,80.56273905565361,89.95496452390051,97.77538970675046,99.32834279546616,97.18494187913723,87.43278887752551,74.1976992181302,62.47927819648136,54.64565757468662,48.415618087715316,43.68927326075367,40.805410598498185,38.80100025678864,39.34364971600082,39.977606209005,40.81055992749671,40.063294775117285,36.95669617305244,36.325217490344805,0.9933900548258936,-0.11478762552212701
2024-04-08 21:00:00,13.0,50.0,2.0,18.0,14.0,31.0,45.95641016611104,10.840698632572101,5.420065943237728,7.140326898697353,72.6547284812829,73.7952187800135,71.36174823450507,72.02270619369409,68.29364997551296,49.96176568499558,30.327695610311267,21.25595362076449,18.108633996940757,21.208723951163808,28.056028949783922,37.498698634629065,45.923345855642665,49.57287147536945,50.19415265529892,46.350246904421645,42.38016350401128,39.99216760477322,38.08655374154908,37.3507334463715,32.902866708253406,0.9912685467787256,-0.13185851571739118
2024-04-09 21:00:00,4.0,44.0,3.0,24.0,6.0,36.0,44.98404900996678,7.342450267440036,4.528244103164883,6.9470677704132,64.26095617415226,64.15782096768467,68.25433238571496,75.91231910654379,82.37548028566417,73.76498025066552,53.23568244513774,31.275427577212323,7.737544094301057,4.251780805295848,4.924691246885662,7.4006994387197,9.513333227809708,12.998732617626512,18.48086549687898,31.167493008318214,43.42293249366732,52.27461502943051,59.03025826214535,63.500091411372026,65.78062277793477,0.9888537064205885,-0.1488903868564548
2024-04-10 21:00:00,3.0,39.0,86.0,11.0,13.0,16.0,78.86914250419294,16.01311508801997,3.5461369234708804,6.314333241095706,90.47204406672728,89.8837404646713,96.52803798080978,99.7406120300696,97.45663822689194,94.81928796124359,92.01637154153008,86.43656601839757,86.10704358384736,88.45046963735103,91.01897031846767,92.50326049328132,90.1730451705741,85.11731235265698,76.52829938504496,65.3209558052547,51.63545947317488,36.52756991064927,23.85013883934342,14.523783420868455,12.024050167987893,0.986146248341595,-0.16587819893463143
2024-04-11 21:00:00,-1.0,42.0,89.0,8.0,13.0,14.0,85.60554347335166,19.734995439157938,1.7766267882861084,5.80204762863749,99.59066450979081,99.46448917974853,99.85458535490153,99.74195888960521,100.0,98.76413530354678,80.26444587357256,58.22522555535913,54.58930438317912,62.554767640486666,67.45577739187618,70.91353619174039,72.62836071544835,73.74098932732532,75.40917926646294,78.48695527197582,81.42967910443603,83.7838067760864,84.51350659927563,82.10987304256861,81.54853144053412,0.9831469737221499,-0.1828169249850199
2024-04-12 21:00:00,-5.0,52.0,86.66666666666667,11.0,23.0,15.0,86.1853171899682,24.474281377564125,4.722000071936314,5.612512892797242,98.456645950894,98.31437455283702,98.40287805941874,99.15491774052778,99.6419616184701,100.0,99.9153176823401,95.81205777783232,93.22556149157796,93.82187446973083,94.38048342288182,92.18943046262905,79.17408491570687,61.523500950568646,41.68595778645328,27.12070138816374,12.855628599153906,11.192614774201635,8.885007525901239,6.066129587044344,3.437829113122574,0.9798567700958665,-0.1997015525660636
2024-04-13 21:00:00,-5.0,48.0,72.66666666666667,21.0,10.0,19.0,73.68651352933676,17.76695640188288,6.77071414394255,4.193166655590373,84.60854127583347,85.14440610915919,84.9349759441828,89.03789953354638,96.78877058651206,99.54571293574541,100.0,100.0,100.0,99.64433141799266,99.1005253791531,98.6712069374753,98.60661012631572,96.90281606135282,88.59736387833824,83.19462615402504,79.91294234552522,82.1914912645244,83.7858285853708,77.6037449430335,61.85240715270547,0.9762766110869321,-0.21652708524481437
2024-04-14 21:00:00,0.0,48.0,64.66666666666667,36.0,10.0,27.0,47.54145841062437,9.390998826717727,5.555406759548383,6.3814506534763265,62.89228258912104,63.07125597494895,63.04574563408902,69.1346651961198,77.21037258194019,86.3631524415436,89.27661597522454,74.90742404829157,47.6095033875821,26.01916275419184,14.313711569193469,12.50054468813118,20.972275230929576,32.84688263301749,48.54896043565351,55.743292983075484,59.46303363033715,51.60124560956224,45.82055386214342,46.270258890450535,53.18813361269661,0.9724075561219968,-0.23328854407545518
2024-04-15 21:00:00,2.0,48.0,57.666666666666664,30.0,13.0,29.0,51.5690137783655,8.084991970452165,7.140762995881041,7.481862434398585,46.537118721560994,46.570161942647125,46.38632538245784,50.05574075796757,55.45997677343583,62.316200789508756,69.16101927889099,70.01022915098285,72.96862746765831,70.75400732785087,62.423107107025736,51.337004916861716,43.48866835950654,38.353256720957035,34.76663804912424,35.49591722252434,36.73890517431065,39.97767538341138,43.7559316819202,47.71163397036165,48.60287936979753,0.9682507501166718,-0.2499809690726521
2024-04-16 21:00:00,0.0,44.0,70.0,46.0,15.0,31.0,48.887749758078726,10.546160728008575,5.708018651201592,5.933895464273211,75.1589758408279,74.95970868688696,79.1609257970759,87.007993792016,96.06389419119755,99.97311388637193,100.0,99.83090634422406,99.2345060854149,96.35163848797818,87.48516807111663,78.99361103505261,73.8695890215,72.49443903412745,71.89026428612873,72.58334193500792,72.8508063989901,72.2046396991883,70.3359785732551,67.3241957039798,63.66516799888349,0.9638074231367307,-0.26659942067929354
2024-04-17 21:00:00,-1.0,46.0,32.666666666666664,39.0,10.0,35.0,41.692220504903474,7.69308930756552,4.876623396477093,4.820340493615709,64.23687734748388,66.92006401834176,68.08643482640821,75.46017625262192,84.34763283742575,91.70069480976112,89.82695661460195,71.71084127021209,51.43986446665835,44.94178844352368,43.38594361537847,40.781094325063016,34.57613326379542,27.093816961507144,18.975860370152468,13.645494668682218,9.133244427196265,6.7256066591209125,5.231558469312739,5.101710334063089,5.034253137655383,0.9590788900341131,-0.28313898122818354
2024-04-18 21:00:00,0.0,51.0,30.333333333333332,40.0,6.0,14.0,42.51492116077322,7.898057895169352,3.19614042545174,6.050849991392485,68.025445484925,69.83540511767103,73.52882101616683,82.44554726808447,92.71925382595926,99.55606085119389,94.11605435985035,62.072865715094686,18.126570690348963,5.0898347113316875,2.2664874511865616,2.6093343016627784,4.34196758392997,6.444775394560012,8.69853777710391,10.656959483402066,12.493856923261312,14.062331410333053,15.872755739483624,18.055420688896614,21.82114142350523,0.9540665500578387,-0.2995947563972602
2024-04-19 21:00:00,2.0,49.0,68.33333333333333,32.0,15.0,17.0,47.700505489440765,16.649975602781108,3.0730635872813417,5.865796072313379,69.06998720256243,68.7509181252288,73.38016117685004,81.57994855997605,91.9128165231708,94.64568667004029,70.56411898455161,48.68709151099554,55.49542212244523,66.51173089943161,73.23218775434007,77.5239364922278,81.93166219367687,84.99179904059417,87.91148099192205,87.81790314490506,87.45661251179712,86.15966843921134,84.97845291765422,85.27778794069056,85.83969130680791,0.9487718864399473,-0.31596187665790293
2024-04-20 21:00:00,6.0,48.0,72.66666666666667,51.0,10.0,28.0,43.795503994398615,10.059915904290047,7.721478185365954,3.134440960756223,63.433754789008546,63.35709406431056,64.3023401896546,69.84852526572844,77.9072904519071,86.34443885805709,85.96329802496103,84.18392577349206,85.90507179845198,90.51599881889359,96.23871759495775,97.74747935592526,86.57760467752782,69.13421449642165,49.05356861615067,34.24495481090585,22.302060946861456,19.873941463764858,19.6771228191826,23.212404234264298,26.030351686066904,0.9431964659565866,-0.33223549871590435
2024-04-21 21:00:00,2.0,46.0,64.0,53.0,11.0,26.0,43.467809689683634,7.799288703623704,7.931803013404522,3.9947554179602545,50.011813372661365,50.26145345207112,51.199026675873704,56.91358614790023,63.47751095161783,68.903679693774,68.20252714283438,72.37433475004384,78.30391141351534,86.22263727990736,94.16523635841328,96.66995557827465,79.42255318073232,58.60842783615205,36.97814752649412,25.108168511359473,14.861282316909788,10.531115957023733,8.600767758703173,11.126665593413147,17.716664687609,0.9373419384643772,-0.3484108069446808
2024-04-22 21:00:00,-4.0,38.0,3.6666666666666665,60.0,14.0,30.0,25.868510272622046,3.706607912788842,6.048075992514096,4.583900396924142,26.324481507591933,26.010693586758794,27.090546994249266,30.19212623282056,33.98320901122805,37.856588447500364,40.40384546339173,39.77337181583122,31.751433904177805,17.797880439942368,14.267435801926082,18.125911798051366,26.620129186653703,33.1510980963395,38.721485535598774,38.794144665547726,37.009609909084695,32.197189123600396,27.579711251694043,22.72999233607538,22.200437187331914,0.9312100364121947,-0.3644830148102912
2024-04-23 21:00:00,1.0,52.0,15.333333333333334,35.0,16.0,17.0,34.74470607625398,10.04325996357544,6.019017715204545,6.03181487500563,46.49578535815355,46.56585282374053,48.64854493524024,54.28685947403314,60.56095338308523,62.77769136562009,65.68780273314545,59.38976122750994,49.79188156989488,44.3616722933569,39.374004135106524,34.57019969758886,30.044700335491616,27.521586403699565,25.891594938401163,26.06570022145071,26.54025113822449,27.845926104360142,30.415487500625403,34.710386083159015,40.90191938219594,0.9248025743285089,-0.38044736628785164
2024-04-24 21:00:00,-3.0,37.0,87.66666666666667,28.0,18.0,33.0,69.64178721979476,16.525483363688217,5.11989469160336,6.670702847107348,88.85653344313346,88.57026279255645,91.80079478384205,97.51561556058371,97.86269826810532,99.59124743948962,100.0,99.97018553816844,100.0,99.69904615150347,99.32979859241964,98.14382187064872,97.93185793613175,95.94832601173644,90.28375780750721,89.57449004690503,88.06173254153806,87.36020048762391,82.39904628156204,68.05738253312255,61.00456534497415,0.9181214482844365,-0.39629913726891813
2024-04-25 21:00:00,-2.0,42.0,4.333333333333333,65.0,13.0,31.0,27.731683956608528,4.418215004753806,5.9518409296974,5.393334079756534,37.13057767659945,38.02101063429612,40.515789755966246,45.339233732358565,51.29159601326605,58.01428669174567,64.58263065126594,69.97147787585516,72.01648835453504,57.833042837833915,32.02273757268991,14.762749254038072,8.824299720448348,9.003410138273777,10.335761389745375,12.87846797136483,15.937452645515723,19.72443664986846,22.00520831291015,23.3708530036097,22.781078480361167,0.9111686353326631,-0.41203363695942635
2024-04-26 21:00:00,1.0,49.0,24.0,58.0,9.0,33.0,27.663325014801938,3.709313601630886,7.227628653849622,5.656622858973998,19.85957038780842,20.039028130491133,22.148955319948655,24.858000061262732,27.960016824576666,31.40106345418923,35.62331934811647,39.54723300628583,41.63375492252748,39.11672207146367,28.42174163837401,20.871590811504742,15.590932577090747,16.74673328217267,18.106213443332518,19.73484462919689,21.105568604727885,21.956110715109737,21.231204542751605,18.96799356175433,17.14135142032859,0.9039461929224011,-0.42764620926777464
2024-04-27 21:00:00,4.0,57.0,32.0,31.0,5.0,17.0,31.457561551880666,7.587288367097995,5.681187371097722,5.876065603421916,33.82399728053045,34.2295437560066,37.78331545179311,42.03369060613555,47.01466686640414,52.454295102194926,55.21947842318718,53.48313190319184,40.800753213954835,12.720813133351989,6.9118768706091185,5.56268289073921,7.566656008707591,10.152259543325584,12.751814547249143,15.088698426748165,17.504811010382443,19.795587202055607,21.4760067439782,22.761807690942806,23.275051511222827,0.8964562582905575,-0.44313223418263453
2024-04-28 21:00:00,-1.0,56.0,69.0,12.0,9.0,19.0,61.61093846002645,26.398961178756178,5.13258782498663,6.16400316486356,65.53609914206947,65.33251667359625,69.85972609188474,78.07034869955298,84.8565438338922,88.32959993415837,87.53226535713749,86.84614545272376,88.98278918815265,89.00810834518761,87.69342955557143,85.89565673478941,86.74487035793236,87.56267610044353,88.57450238200816,88.4977688811143,87.93575405689951,86.15424266225752,87.0175448077197,88.91100141046782,82.11784549447594,0.8887010478292915,-0.45848712914008766
2024-04-29 21:00:00,-1.0,54.0,14.666666666666666,34.0,14.0,35.0,44.7666372767909,8.674939080660195,4.291240821935804,5.61831004850017,52.11764233778268,52.00232732650814,55.68445744350653,62.81200641000565,70.61794911822135,77.6570789250131,72.21224700387728,45.326153345278044,16.285714041727797,7.779439599820609,5.510834432917285,5.788405976495203,6.44438035877821,6.369198976052805,5.89394185852941,5.120676927815506,4.464161844455545,4.302711876260039,4.439115177962649,5.095929833522556,6.013147650622099,0.8806828564301475,-0.47370635037968
2024-04-30 21:00:00,4.0,51.0,57.666666666666664,14.0,5.0,36.0,42.51492116077322,12.690997947902924,4.358033463399087,5.458445341579164,37.67488201095335,37.636227070696066,39.94484085937936,44.65169242837499,50.49533778327879,54.09276062307741,45.67511441822349,23.949846642080974,9.52161744702847,2.962863654113036,6.954376829351556,20.85440292323262,45.7644408117468,63.627506836114456,78.00988361415794,80.07690082565463,82.0937622908826,82.9627824268597,84.00431699854212,85.74165358604787,86.86577493309755,0.8724040568049612,-0.48878539428899265
2024-05-01 21:00:00,-3.0,54.0,55.0,30.0,5.0,18.0,48.487616311574946,13.76677606819226,3.9248220899426114,5.997524116619449,80.49602490944943,80.0070165734598,84.99495404661403,92.48203805268027,95.48101374917208,99.53219418447723,99.63152593030627,95.11518538477746,66.646901169194,31.872093071319636,20.626208491658463,26.551169750427857,48.07942780467175,52.35212925899527,46.223389238022826,32.43888387739746,19.793817532878215,15.434864024960252,13.61557366454077,15.659990897904056,16.410837116243368,0.8638670987837349,-0.503719798736334
2024-05-02 21:00:00,-3.0,49.0,82.66666666666667,13.0,6.0,12.0,73.78637425904542,18.865096097699798,4.489481760300191,6.204275757079544,92.81635034771392,93.00341597435347,97.51953365512207,100.0,100.0,99.43360314543483,98.8407422031922,97.86146591292074,97.86102906886148,97.40329357611631,93.61179626125461,90.02449431763189,90.953868968411,89.71644513815971,85.99649222067225,80.10005574204422,76.04713294926158,79.32876956398087,79.0612617231193,74.27163226275091,70.28798336550544,0.8550745085896932,-0.518505144391157
2024-05-03 21:00:00,-3.0,55.0,60.0,33.0,8.0,1.0,54.72934506863234,14.698458090564289,4.62150967782921,5.638004518904458,70.07303864951277,70.47747195854282,74.76919708677184,80.76703588919813,87.7473762846313,94.29177954743531,98.50092259414333,94.20121761191277,77.09083667213592,54.19460536065416,43.83093370978349,37.18110991976247,32.52394086248874,27.830459481569576,22.405777509749207,17.637979254128457,14.536132729587894,14.142016500527538,20.877165752227654,34.58996946652291,51.770163808689404,0.8460288880917339,-0.533137056031809
2024-05-04 21:00:00,-3.0,56.0,74.66666666666667,28.0,7.0,14.0,57.04404158160562,19.36500202778957,3.630532412056099,5.84690270975596,89.12324037397673,90.45389016954263,98.95183338630493,99.79907634094435,99.31115597556709,98.4554199975401,97.88356674265378,90.09721567543758,76.33013665405038,61.62011946399563,49.91322127999872,40.240391777398884,31.30844310912504,43.170105396685415,58.450776410195246,78.40204846798886,91.31094055090429,96.68466237313325,96.43793565277893,91.06449824536402,81.99938432253019,0.8367329140344921,-0.5476112038402312
2024-05-05 21:00:00,-4.0,51.0,67.0,20.0,15.0,17.0,65.89567123190949,24.75838631834965,2.3921095874891884,5.4458832583243275,97.85408276825925,97.54723230209666,99.85075291689314,99.28588197045727,99.58239545800004,99.54347565026706,92.85796642536593,81.59209978250138,76.70382758592918,81.6327148720402,88.02537608539974,93.8405843717669,97.04925254737344,98.58154360493046,99.01668720663078,99.4339406314908,99.34334818087335,99.37651846346556,97.89175838073535,95.33861932191728,93.21619465692798,0.8271893372462497,-0.5619233046832195
2024-05-06 21:00:00,0.0,62.0,47.333333333333336,42.0,11.0,29.0,49.71902394167917,11.815572737374573,6.3032720916852885,6.04423854023601,48.366801864029796,48.32773051091835,48.42968255207295,51.925567842821316,56.984113022339436,62.0584940991704,59.010490083252854,57.763253560758635,57.553042934338826,50.91948232792588,39.647770461149626,25.915721723113798,14.84870002630519,9.968701933053925,9.097090954504004,11.407928510717252,13.422849816693876,12.499902395887874,10.885585938941404,8.111587147964725,6.150649590610538,0.8174009818249189,-0.5760691233798758
2024-05-07 21:00:00,1.0,60.0,17.0,52.0,13.0,31.0,39.056047127995775,11.986687443233444,5.572453556606348,4.984866793419493,60.41823498116404,60.50273376613136,61.86695226469306,69.09215201271924,77.58685186191236,84.69317674557891,88.87177910088178,97.9061126320901,99.58926124080479,80.8882248007016,53.663709610711905,30.263384835026397,20.47293605379811,13.859062829992821,10.104529568729888,9.686804839333153,9.490069646860103,8.976672252417522,8.30491090242794,7.58465761086669,8.323320255118556,0.8073707443023492,-0.5900444739548627
2024-05-08 21:00:00,-6.0,51.0,83.0,15.0,10.0,15.0,65.89567123190949,19.608113045923663,4.656272113719813,5.4844245742426185,95.09136862967618,95.47728260168044,96.63506841184187,99.09270984531187,99.04811833895249,99.89239617971191,99.53002285442376,100.0,100.0,99.29580204617008,98.25749607563074,97.82450465047545,98.75953597857456,99.81127367295049,100.0,90.91492452713672,71.65660999019984,42.91936270481569,22.50429989853779,23.074922957528067,30.416203527373774,0.7971015927871943,-0.6038452208771035
2024-05-09 21:00:00,2.0,48.0,86.0,25.0,8.0,3.0,68.1533852162,14.159143605713671,6.57968948510695,4.412884534270511,66.04394452453838,65.96138511994711,68.79149918823231,75.8613471781834,83.30545738605025,92.03463589741554,95.86109247297716,98.03125643060187,99.73753642755678,99.50979028861072,93.5029069909364,85.83091536211104,82.99913891241742,81.3654582824105,77.85318825249196,56.571367259898345,33.92515816099837,17.271366218411103,5.734195557792816,1.2724133600943985,0.6638216290989353,0.7865965660866021,-0.6174672802835514
2024-05-10 21:00:00,1.0,53.0,65.33333333333333,47.0,7.0,5.0,44.60602665781027,11.232232561994419,6.660447501847596,5.105473112958967,67.39188062259429,67.24006015673997,70.29432872025322,72.46772482901788,74.70034858757188,76.25444231884865,77.25129581195353,82.25895558776749,85.4067689908958,91.74713308448284,93.29326626610704,83.96369167660356,52.76128257286792,40.755006814441984,38.904717185291275,38.80459523969469,35.98475843754021,25.638870739410997,16.087393185219355,9.355171154455142,5.743458936891101,0.7758587728069828,-0.6309066211876704
2024-05-11 21:00:00,2.0,52.0,65.0,38.0,6.0,11.0,50.14110407189405,11.312257683260855,6.808585210553727,4.090816006975409,76.54722475407131,76.36945300589267,80.04735639781836,88.86068551309492,85.0914866865851,82.89594198667383,85.0206886927633,82.890535706725,78.98248751218206,84.55365801219217,90.46771874594064,92.65413175109056,80.10570061730905,54.19429301934478,24.413890113336496,13.034645476051601,4.9367297774068994,7.567513203811687,9.251743235311164,9.0687843917343,8.034512160124278,0.7648913904341226,-0.6441592666722685
2024-05-12 21:00:00,6.0,55.0,74.33333333333333,49.0,5.0,5.0,43.16456515379113,12.582819781930072,8.204475164549983,4.694851402846524,53.41251813918524,53.2563481538229,55.524188447105224,61.629124229995256,68.88413349485789,77.28379312687858,85.75757098005113,88.57740536001906,85.61939829615788,86.77121878460305,90.96852879045852,94.71962195379699,78.13996620342206,55.9820392055132,32.604504361231626,28.226773192983647,24.11355247006793,22.204563887817493,21.5889050165267,22.84013402801028,25.741162367547155,0.753697664392914,-0.6572212950663319
2024-05-13 21:00:00,4.0,59.0,47.666666666666664,40.0,9.0,17.0,43.80661676241031,16.23927774450382,7.323969429387806,4.955636665176298,51.24483544977835,51.1976670292777,54.798283643985414,61.30062992465691,69.29954067749307,77.87262078094916,85.65992198789476,87.23453129695302,87.62246958282572,88.74643695689743,93.7123239528587,93.27994326535809,72.18281344335384,54.246301774745554,42.09893392579884,50.54119406891747,58.73516930559346,64.60615269611051,66.76334404401538,63.86841403111651,64.59546568665215,0.742280907086982,-0.6700888411055113
2024-05-14 21:00:00,-4.0,56.0,88.0,14.0,8.0,16.0,77.30972304092126,27.67638497480441,5.216398344470593,5.956413753688672,97.19087299555555,97.50370652008709,98.80542823640747,99.39580356416442,98.97941896928742,91.22440720017148,82.22404861821576,79.74368232336116,78.97829406555627,78.71397961817064,79.63538777796984,81.31461426454965,83.98228300525217,85.21558134713268,85.65425761649507,86.82698709745965,87.59798427382819,87.61986944693757,86.52905100434278,84.99372195364317,84.87607679595077,0.7306444969184916,-0.6827580970759147
2024-05-15 21:00:00,-3.0,63.0,79.33333333333333,16.0,5.0,18.0,69.83810002631913,29.9269118002206,6.72420899910945,5.9428350935935175,78.39271286918452,78.66713972925905,80.72936094810814,76.84271660569983,74.87693067945852,73.73180930336602,81.5432301955877,87.81789561271229,91.25905677210723,94.45295156222035,94.80694798039602,91.60359280364399,88.72877539023108,88.23808958556131,87.9989121803337,89.80964227994352,90.29946354335218,88.48187584294226,87.09662859838508,87.4785522328689,87.03180077320856,0.7187918772884232,-0.6952253139408722
2024-05-16 21:00:00,-4.0,64.0,71.33333333333333,13.0,3.0,18.0,67.43214236750362,28.793615351472816,5.809533118688412,5.573887916138463,90.33114803548727,90.35964338090605,94.21163324794617,90.36101251866411,91.83700253202043,93.36070508212143,91.16347752457543,85.53327207167371,78.94793426129479,78.78862316524,84.52476353897322,93.41486277553497,95.62171420420415,97.18265086489566,97.45072073659587,93.94469337898617,88.53500158945323,79.01314842231972,65.46379335348604,44.832629195548854,23.80675580855675,0.7067265555776158,-0.7074868024503348
2024-05-17 21:00:00,-1.0,68.0,58.0,25.0,5.0,14.0,54.52642597791101,26.919680107869983,7.22398444405649,5.3115804214633195,70.32735035895828,69.98645968655288,74.69703520305745,82.8322510639577,90.1943155663292,94.79528060772718,88.0310164802159,84.0042043634071,80.17011459630223,81.00968978218913,84.3262237705463,88.28475588569931,89.84086944542551,87.29056308700906,82.37793319698143,79.37417123360757,71.46732125010703,54.58157160426109,37.3612703048703,18.747539868086672,8.705694860767176,0.6944521021088763,-0.719538934232584
2024-05-18 21:00:00,-7.0,62.0,72.0,25.0,5.0,11.0,62.387687428101856,28.850723344245566,4.3680464698861154,5.400198951099687,94.34004295569814,94.43592849707963,98.86140505281928,98.68008047859027,97.09000050446109,95.8397500811674,96.83066379873928,98.05920977354748,99.15844476361909,99.9056876014719,99.84854170829949,99.50584623584517,99.66243893697164,99.70005578741164,100.0,98.61729598488975,96.2115039089804,89.33564260894859,88.00645795866146,90.95129799035611,92.47551131438932,0.6819721490904629,-0.7313781428679254
2024-05-19 21:00:00,-3.0,64.0,53.0,27.0,4.0,13.0,60.361457330669865,22.141934495323294,4.132560369091066,6.191863691003268,81.58719498400939,81.30332693019852,87.35303356103158,94.0082949199896,96.46377707268701,98.78568032879339,98.4310164093497,94.91169014663774,90.11111400892246,78.83000108815143,65.92896739223985,52.504987093763766,38.95098808425853,28.82307432265419,19.182312628375147,14.603803439569923,11.117307934022545,10.979429781255321,12.290802740770097,15.649935797861783,18.964107034783847,0.6692903895412567,-0.7430009249440493
2024-05-20 21:00:00,-1.0,72.0,41.0,18.0,6.0,21.0,53.11966776632261,26.890394240058992,5.74279675809289,6.306257761490054,77.97149865539937,77.53104536145631,83.22938487141506,91.55494781108243,87.60422863967702,81.23458613855202,81.30359460920187,82.61114845922549,78.91025552486201,70.41600109720343,61.56861716154223,52.24320694246717,42.80709288980283,34.361211285126274,26.614127246810643,26.688859438242428,26.748080970501604,26.74357219076632,32.21294715389623,45.80887859183903,55.85800977716884,0.6564105761979381,-0.7544038410927472
2024-05-21 21:00:00,3.0,75.0,59.0,13.0,6.0,23.0,53.547836000224294,31.675736014369836,8.119163770964926,6.015364504387017,47.04931198146772,47.05418512881654,48.85247763934486,53.85687618559734,58.03081972114925,60.87251651833725,64.54216754824681,67.81626870471678,70.63210325546343,73.02238870188376,75.28318102478923,77.78943468655117,80.65098504226522,84.94816888732167,89.80148072781226,92.65671182425162,94.71630249561821,94.67300008692659,93.17251700501778,88.17723199474659,82.20887225554274,0.6433365204044917,-0.765583517007675
2024-05-22 21:00:00,1.0,78.0,44.333333333333336,35.0,6.0,29.0,53.97125809200247,34.00026344484894,8.122624989955167,6.204969615744437,49.25955898220834,49.34695715365035,51.37080477905518,56.838895352581964,63.345605021845245,70.88682335522178,79.27732327039388,86.46130915275877,85.26790542884271,85.30706855497401,80.76353590018302,70.46264893698736,67.91553177717961,66.21921611405571,65.38900846539296,51.35807616804706,39.68383092826907,43.96224742061494,51.10388756422522,63.26960278624214,66.38825862800132,0.6300720909843687,-0.7765366444428655
2024-05-23 21:00:00,5.0,75.0,53.333333333333336,29.0,8.0,28.0,51.647768838473404,27.742296306166335,7.396028421318317,5.804915600829339,58.39198859145218,58.4409584571951,59.41343516901908,65.2053746440509,72.85071073143146,81.05910107930403,88.53262610820045,90.06031853794529,87.654951959699,85.71156590140964,82.42096893644258,77.84704398095047,67.85370656095084,53.12733314489534,32.973369228848135,17.854184354593503,3.8434957099356786,1.608532980292392,0.30393861756096224,3.3519905948380933,4.963405480895623,0.6166212130956382,-0.7872599821916922
2024-05-24 21:00:00,-2.0,62.0,45.666666666666664,41.0,11.0,29.0,49.71902394167917,16.21418622612274,5.687683345295465,4.3695720128725055,61.150560939979094,61.17620851249159,63.30908027587173,71.19294113758153,80.18017371989708,88.49622752933192,92.98515711006735,97.47791264599621,99.21819623436346,99.41725587857132,91.34763404879939,71.78012056162983,45.60767210877079,28.435359653381315,17.73199437451411,16.124573911525193,15.533439278148068,16.80120491246092,17.940249755283123,18.46715453014066,18.55209297297123,0.6029878670694714,-0.7977503570459932
2024-05-25 21:00:00,-1.0,66.0,11.0,42.0,7.0,32.0,38.500418835809455,10.833468430080632,5.878609422332487,6.085497603186813,40.128588310051185,40.03805912430721,41.71862533409755,46.69954067255053,52.03294644441512,56.98892009206665,61.532125107228566,62.20207587442066,49.002107870243286,25.170479134884125,8.635335371965763,1.8208217447152082,2.864428834035576,3.653223141372375,4.259098232205423,3.768785358275819,3.5262818136474237,4.425342865464252,6.847854423433962,12.046711996202376,14.924102612306427,0.5891760872322963,-0.8080046647350754
2024-05-26 21:00:00,0.0,67.0,51.333333333333336,24.0,4.0,9.0,52.39539990963286,20.50293077787564,6.87389196523074,5.278531104027407,57.969200249223604,57.73169138476777,62.19572965684562,69.43276043306301,76.25851225150049,82.70069291242754,87.71242964729973,91.53668001599861,91.49429463367424,91.45918652605722,91.65370787913514,86.79562378801357,68.92508840217005,45.44829400892818,20.74624534787696,13.485307304012744,8.23292727496614,9.152399437939637,9.24199870977311,7.836193437028202,9.025841638019044,0.5751899607119775,-0.8180198708443175
2024-05-27 21:00:00,-1.0,58.0,85.0,20.0,12.0,14.0,71.93182945989565,29.823375116698344,2.6797075612790144,6.1695378043176845,98.32647052215566,98.21584498425628,99.34311701838381,99.99388185205706,100.0,100.0,100.0,99.43615978825335,96.30503335983737,95.13672956010586,91.84776050865237,85.38027996377336,69.69411893068143,65.91004480957685,66.07811565448591,65.40829200502563,65.06861155224607,65.91598940192695,70.07877133361526,78.69757008092616,86.88840209736685,0.5610336262283677,-0.8277930117131022
2024-05-28 21:00:00,-7.0,70.0,56.0,22.0,8.0,19.0,65.71339318037325,29.216516746674383,6.418416355653495,5.793072919465925,81.70840446723679,81.68859372111558,82.59475126981393,90.08104971449154,94.53090394080111,94.80959874563165,90.22466065955442,86.8840339248101,78.63651522953332,66.72854507011891,53.890777913125184,43.66575147285628,34.87805878427752,26.261929018139845,18.41671906009954,14.923737381223336,12.14178873882196,10.926800878201396,9.618842215479424,8.985282345536595,8.943859340622904,0.5467112728685939,-0.8373211953118121
2024-05-29 21:00:00,1.0,63.0,54.0,50.0,9.0,31.0,46.189749022345836,24.310426620662312,5.86331073342891,6.173128045322023,83.90284717451372,83.65636524130308,87.10494803625159,90.68239057647799,94.13875328677163,94.69027844719223,95.79952521498404,99.22262287390441,99.55191163316387,99.885506107876,97.27206070040093,94.2741982837924,93.56330773493875,93.33268821593876,90.99561873209969,90.52702261788738,88.79450277967892,87.07380159276711,85.59091579714269,83.21850359165974,79.78664375672446,0.5322271388474397,-0.8466016020976267
2024-05-30 21:00:00,0.0,62.0,38.666666666666664,56.0,7.0,34.0,36.38396231137095,13.98122779088684,6.502114679763931,6.104332904925708,48.55921672329476,48.32034008784446,50.97827841291607,56.879596169516645,63.871643631693445,70.05508154266154,78.07989679277158,86.89816706269893,94.9673850926573,89.26959217986271,63.79823413174543,32.946164074653396,15.000468938531263,21.033791317972923,39.60298678759285,58.859294665303366,74.83191114920928,75.62487477414636,76.18802863144786,75.31914001622287,76.30615259610329,0.5175855102531889,-0.8556314858488706
2024-05-31 21:00:00,-1.0,64.0,28.333333333333332,41.0,8.0,34.0,38.17877884264362,15.356167513847092,8.520332756840347,5.8599320669385495,45.13678091086844,45.112130069333986,47.77051593407119,53.26293425875437,59.74158445373388,67.13103936871573,72.90386446625826,76.49976729014483,79.09590671322741,80.25390665453604,84.31068193326342,89.53678104665386,91.05709582943933,75.4399499236944,56.73941454267775,63.83710339235164,71.28323518359979,77.01152530873799,79.9309329284345,77.6054026125013,72.18392672326671,0.5027907197793043,-0.8644081744776648
2024-06-01 21:00:00,1.0,69.0,5.666666666666667,53.0,6.0,36.0,34.718263700348224,14.159481827399501,6.85641143894213,5.612629222876363,39.876946259123876,39.74897882741017,42.67661140905818,47.51627708493232,53.30198489891673,59.92078258190121,67.10194177858843,73.47290016318499,75.23874853223631,74.59163101436769,49.47886072866017,21.393368590164734,10.488855058412137,11.409611386059785,16.281910396024582,22.704597844022206,29.642189316599705,36.57415280555495,42.14289326187108,46.0080042833278,46.03862461320794,0.4878471454423119,-0.8729290708206411
2024-06-02 21:00:00,4.0,74.0,12.333333333333334,31.0,5.0,35.0,38.304780677449344,19.4400211925994,7.398366783012895,6.231042860092072,32.74929529697627,32.78118739628972,34.19716185665783,37.92028676934294,42.332862756961774,47.2447715807755,53.2374254919737,59.20305724177337,63.910248662172684,65.88403767014937,65.4193482778993,62.99089164211429,57.428529186582914,49.71361380664937,41.46529298570265,35.7157004581229,29.877446558765058,25.166662657972516,23.335212478434144,25.709566766103205,32.601019004347286,0.47275920928627757,-0.881191653407483
2024-06-03 21:00:00,-2.0,72.0,34.333333333333336,27.0,5.0,5.0,47.57271854969814,31.61501988166464,6.523315525963218,5.588229138251326,70.73650457082654,70.63265071000711,75.51833167536626,82.66290471388372,88.89150458462429,94.19374831300966,96.6742006662817,96.11908977551768,97.52647647733961,99.48595691159281,99.32029505891828,98.01408455433001,92.9334500303078,85.00192154490036,75.23403081334142,66.83689337228228,58.43337774691919,51.81646535444349,50.460734965025864,56.74201620545265,64.17886842131142,0.4575313760742512,-0.8891934772070711
2024-06-04 21:00:00,-2.0,72.0,32.0,27.0,2.0,8.0,47.57271854969814,23.41290102315152,7.106826789027339,5.232224225794976,54.90568251451483,54.73170815427868,58.72355722211382,65.26024499587466,72.21703633833454,80.70936187188704,87.17359648985872,91.484751222873,92.28664480178746,93.32993231524435,93.45515761053072,87.44234522277465,63.641715308289214,41.03747310812076,20.30227438626433,16.444901488721648,14.457839218744528,17.560171215165667,21.5488511924217,26.84068310085651,31.02513749172575,0.44216815196707204,-0.8969321743510065
2024-06-05 21:00:00,0.0,76.0,50.0,27.0,3.0,15.0,48.17457101146339,34.57883437785495,7.732999936840429,5.651670167117384,63.52685820342141,63.266252767833095,65.57443493318927,72.49531825828272,80.67233518620182,86.88145368532595,86.10236599973459,87.11758446169027,87.21875437550872,87.95913269694191,86.52949233766837,82.69281642905729,84.94427331598641,89.22276368458016,97.0141942092532,85.15443840690779,73.28967278213823,72.3747163640333,75.52088695413752,86.37219513783305,86.88900664652671,0.42667408318992467,-0.9044054548343001
2024-06-06 21:00:00,-5.0,69.0,64.33333333333333,16.0,9.0,13.0,67.99815268764517,31.62605012463716,6.211044329136167,4.9947699717783065,82.55985460316823,82.44326310186361,83.56207406904555,91.99576509649147,94.45180990293613,91.20417120911736,84.02223536291564,71.84677504862917,63.287503022759125,61.26915782935804,64.89450012863375,70.61371897964302,73.4592552338242,75.51879426040928,77.69679450759695,75.49705182353608,69.68537916602703,52.818811968672804,36.25260148211208,23.64071489849463,14.903424636205006,0.4110537546870351,-0.9116111071930239
2024-06-07 21:00:00,-3.0,64.0,81.33333333333333,12.0,6.0,12.0,80.84659363061954,28.076929525050367,5.874254031095291,4.168592648505452,89.45511423815378,89.60110122055634,90.3151523355831,97.69204699243087,95.2438480762013,84.80640074534811,82.01930157201099,79.96679791535684,73.7451697212479,67.1277152537758,64.11780376553119,67.1828598993711,69.66414360484588,65.64267162404039,49.97078698108839,33.602321998642836,17.43655122216351,9.48782698736317,2.779382033341684,0.795337780257682,1.8777585811980764,0.3953117887649151,-0.9185469991587165
2024-06-08 21:00:00,-3.0,63.0,72.33333333333333,17.0,6.0,27.0,69.83810002631913,26.065232313794574,7.234173146830175,6.578691705928237,72.53025424453551,72.59774747269415,73.20478086614317,79.86402862153635,85.63835138196654,87.93842710457244,91.82659553132098,91.40492520271822,82.11947141853098,76.36662312859367,78.7602933238391,80.76711818005015,82.65631496446818,82.60374604924105,80.09325412089761,72.93724753348204,64.61076553968692,63.82403317523827,64.10011830947748,68.6340187425791,69.86565727779647,0.37945284372454435,-0.925211078289358
2024-06-09 21:00:00,-2.0,63.0,68.33333333333333,18.0,6.0,27.0,64.87706300814675,25.784786251603443,6.489392006557032,6.3266999997832025,85.8713839039256,85.91968410957361,85.68345018628371,93.28330585065434,94.51949481126691,90.59044086088916,86.72388978374795,86.65194183680401,91.42272363368417,93.72146975554242,90.60953237444069,82.80531118358624,80.56951946641793,81.9475417224285,86.524250603403,89.9734943386378,93.0092601717089,93.24241311640104,92.32819323198342,91.48256670325983,90.05200177545505,0.36348161248290634,-0.9316013725767187
2024-06-10 21:00:00,-3.0,65.0,53.333333333333336,28.0,7.0,29.0,60.49298141272323,24.563927100475656,6.72470474922215,5.553562559803883,75.96121160013165,75.67940211158898,75.92219108986652,83.30870593076985,90.8762728115873,92.30262323298896,91.39360724779822,91.9577828212927,94.26794284029812,95.93288688303961,97.27364496131558,98.30465567715822,98.45479929949455,92.48940824552201,78.32855399568146,64.4459427462226,49.98403299185287,44.01740983376708,37.93391903704326,34.900441339464294,30.798682285671052,0.3474028211842774,-0.9377159910299093
2024-06-11 21:00:00,-2.0,70.0,40.333333333333336,24.0,2.0,17.0,56.853246605940264,26.539645720742094,6.337262667516135,6.159861801719182,80.0793340183475,79.9984134154667,83.73973923053416,88.41420626315511,89.79336780559476,85.07949543134862,80.52190104805598,81.30773855737682,88.50314523757173,96.90747898683001,99.02336148268954,94.37873235376348,77.92557665389806,66.90003770549853,58.52899000881013,54.57196111015627,49.80043127702772,45.32116663974206,40.187695532393406,35.691513934590624,39.39616193091594,0.3312212278016865,-0.9435531242349544
2024-06-12 21:00:00,0.0,69.0,50.0,18.0,3.0,20.0,67.99815268764517,26.764858434027364,6.842499270689197,5.93674482176086,74.86714617622911,74.46764446259319,78.4114163120281,84.22977889190612,85.43272577281459,90.04798427776257,95.73724166193121,98.13020366445583,94.75792311754185,84.68261258556535,82.55262880119103,86.57676891924511,86.61533903438426,81.13937393791025,69.69642598561059,50.167277188049155,32.86807290912211,25.29408975317301,18.700120887567486,13.377302671883918,10.53110486407806,0.31494162072895193,-0.9491110448902284
2024-06-13 21:00:00,1.0,75.0,35.333333333333336,31.0,8.0,20.0,48.024842970657794,23.567360355823368,7.145417243903033,5.808036665286304,53.968858013551014,53.96007022977349,55.0831359628034,60.474166385092,67.22501311986532,74.96215885461069,82.23558898398849,81.7888656641497,86.32713273386649,68.18291911181102,50.070776674849185,36.47002976669519,28.58760327045132,23.429177223374413,19.658838986577823,22.86632836713319,26.90301178331169,32.43815622796117,35.93244470397677,36.30464298334528,32.2971896298875,0.2985688173637202,-0.9543881083175908
2024-06-14 21:00:00,-8.0,73.0,62.666666666666664,34.0,7.0,30.0,57.26296650219611,33.44653028676282,6.037093388779126,5.476198519732585,79.49383180081404,79.27790851329664,81.43787835549352,84.07340908183274,81.97089946974818,82.60601819325112,84.60022919991256,86.16433851190656,79.80757029421792,74.67253317376594,72.52161459256303,74.00762281128644,79.93297592398811,85.39338631045855,90.78534022022315,93.99805615222611,96.44087693233378,96.9908605151375,96.74627486800128,97.40108092036127,96.41938118259779,0.2821076626819194,-0.9593827529490743
2024-06-15 21:00:00,2.0,65.0,26.333333333333332,53.0,10.0,33.0,43.06846672014498,10.58521196345182,5.234587782265333,6.322820115688497,48.68184272813551,48.5467493511068,51.182059750427115,57.23954096450042,64.37187748444053,73.36859747014448,82.2755605151038,85.32648139995104,67.16526433705593,28.42595631936269,9.273282477309053,2.1090630828591004,3.020654197347276,4.7015873358468765,6.645314506538126,7.144175902559949,7.484341972815301,7.498751487070411,6.976230393390992,5.449757886810374,4.877442957084263,0.26556302780405594,-0.9640935007889755
2024-06-16 21:00:00,3.0,69.0,13.0,35.0,4.0,28.0,37.51073143298754,12.428129568147025,5.4485686157967725,6.132448918244432,44.1464825001164,44.386453032526134,47.72754656357377,53.14462550803181,58.74882753873134,63.95821896136159,64.28284035866334,52.33651996645907,29.303607896432744,9.913948055478661,7.077078832654237,9.575808143207636,16.36494244869087,22.81525615716955,28.969397322214302,31.4579994610823,33.820197438265055,36.30978986827924,38.66665847794279,41.174456837362115,45.17659287499133,0.24893980855376657,-0.9685189578512204
2024-06-17 21:00:00,-2.0,67.0,72.0,13.0,8.0,17.0,65.35826777296575,36.88378937930338,5.178184491842146,4.792171482732199,79.97191400822093,82.17915118631511,84.9419655940773,83.82065046558147,83.368989350351,89.56461458260642,95.73843132226465,99.1983420214781,99.90288365819579,100.0,99.82345573059715,99.65140396664829,99.78382873142363,99.81364904676438,99.57762021074956,99.26523799200932,98.85034899476149,95.61823182654007,88.46521339760241,79.30104122279754,71.11912958740014,0.23224292400907015,-0.9726578145718654
2024-06-18 21:00:00,-2.0,85.0,45.333333333333336,21.0,5.0,19.0,56.86770356640353,45.64717317088691,6.955073532699794,5.680803165280438,72.89678770303718,73.67100207344394,69.42283224026443,71.48353511464093,76.63316983541263,83.28516758903123,90.131308233881,94.25811411856378,95.00192084341121,91.6767080051578,84.99307688584877,75.70499970686066,65.75270972461583,60.5537305309432,55.66441343661466,50.460779168663294,45.59675370201954,40.89519570455394,35.91741386146805,30.35345904949403,25.099867200348907,0.21547731504673012,-0.976508846196619
2024-06-19 21:00:00,0.0,87.0,31.666666666666668,25.0,7.0,25.0,55.21345546749487,53.4601016982603,6.840137223530538,5.514125603029294,55.05964205627859,56.876332694696416,55.459729557928995,63.001309166016306,70.05939790695753,77.64054735210834,85.46697930636921,92.55602818786477,97.16844135045535,99.96979016394984,100.0,100.0,100.0,100.0,100.0,100.0,100.0,100.0,98.88956148514767,86.10766106055965,65.69219542707907,0.19864794288017112,-0.9800709131432666
2024-06-20 21:00:00,-4.0,83.0,49.333333333333336,30.0,9.0,30.0,54.666524747331636,40.75237149156915,7.07911519786574,5.391525059534946,55.909061394090365,56.416004594274604,59.921013494856936,66.36380130864438,73.56155335904421,78.62708214437248,78.28548247712112,73.71788939696997,68.84505747384217,68.67190113538928,69.41379083585412,71.13419534665721,73.36945212577645,76.13427107756023,78.58436539342846,79.01936501820207,79.33273895274664,79.5215324181648,80.81183622850313,83.07478535316005,86.2203429610364,0.18175978759137534,-0.9833429613388902
2024-06-21 21:00:00,-2.0,72.0,56.666666666666664,9.0,3.0,34.0,49.362092716414686,23.075738085350846,6.317222807151934,5.279439616542935,52.79735035926472,53.0268377758487,57.19395605679855,62.98859289359595,68.57746139354458,74.958594976333,76.42136416120978,65.12099297440534,43.047283716400706,24.850826295323202,18.878568918306048,18.23824115588309,22.327602108303353,31.397642538485044,44.21000455865125,61.34387737989713,74.1590961217291,79.35313825291426,79.48679071149178,74.18578489994472,75.48377042904718,0.16481784665719793,-0.9863240225317866
2024-06-22 21:00:00,0.0,68.0,81.0,16.0,5.0,18.0,70.37250898029912,31.454652567473275,6.91039602801865,4.721520397803754,61.193540704222194,61.08332515413707,65.09098651666004,72.29547023740972,79.20555649201508,78.16722658202197,79.77229072973604,82.4890472683149,80.74016964416252,73.00931372468177,65.78933881386017,60.78883186493034,61.80695991258235,64.00795187766762,65.8017406874003,65.9333599929177,66.84190061690155,68.87937036221075,71.41234867621297,74.26093822536133,80.40212163514492,0.14782713347053048,-0.9890132145779883
2024-06-23 21:00:00,2.0,63.0,89.33333333333333,10.0,8.0,16.0,93.186552820053,42.29234856621838,3.7356913736476223,6.224633342107915,96.71226846826983,96.88805315985233,96.73210171569458,98.068472007555,97.81899216197753,94.39899959956911,87.0569465841661,81.43496050522236,71.53858613456401,62.70780152628335,59.813068181588434,64.74294030815369,68.51740050776472,72.13306793795515,75.24535454097943,79.23870675764458,83.56273460023186,88.48898796357626,93.22247651296303,95.93863776314468,97.33953451234522,0.13079267585675922,-0.9914097417023038
2024-06-24 21:00:00,1.0,65.0,77.66666666666667,20.0,8.0,35.0,83.85808060243161,38.0638879235904,5.386536574539333,5.972448152887487,91.06213664838575,90.84354722021284,91.39876530275102,94.44368647456578,94.78558796338558,94.09488056987058,93.4537061068388,92.92178373684438,93.03144500927974,91.63240943104735,87.87349210055494,81.26783977927415,85.91812907350057,93.88890817267199,99.41422236123307,97.28877351558147,89.4034395727468,49.36397109944047,12.511060319953746,7.278152135113701,14.627384003255898,0.11371951458594969,-0.9935128947338007
2024-06-25 21:00:00,3.0,77.0,7.666666666666667,40.0,5.0,30.0,48.32381008232468,22.47424033762009,7.350407802991511,5.7560926939183625,47.82186008319778,47.78252953348282,49.473102093670114,54.19117607162889,59.3156028472712,64.98898896112954,71.20595452678002,70.72021646958795,71.81590152705998,71.49940642565278,59.23913212777979,33.96504100837792,20.507225541119407,13.387406381559948,10.530024977676428,9.62852411922591,8.3705025264804,6.365548880203657,4.864252861951194,4.607623503240527,7.5001592402976085,0.0966127018812031,-0.9953220513156602
2024-06-26 21:00:00,0.0,75.0,48.333333333333336,46.0,9.0,27.0,55.50914990713619,27.63628534353429,7.691393298081508,5.096310813188504,48.52038970251745,48.68011797569305,49.15720196186012,53.97532929263234,59.87096837526978,67.25647674809899,75.20691560393212,83.61474888865945,86.95628479609137,91.78323563763652,92.2592792468879,76.60851180591327,51.29671479381821,31.17434339892935,18.735915203763867,16.22440698110826,15.52632063998984,17.74401436593375,20.379362770720057,23.46904136278073,27.030077019590497,0.07947729992362097,-0.9968366760893436
2024-06-27 21:00:00,1.0,65.0,39.0,41.0,9.0,29.0,65.11877527904618,21.656243645273257,6.5405064931821535,6.23745012376905,56.69661056201202,56.628626096120435,57.781761924647355,63.896987617376254,71.35674787937647,78.9985921847217,81.74952211649764,85.9253584306503,86.34747284652991,76.75732606779331,62.69255897220171,50.52122887398394,40.79066368905533,32.591151624275994,25.842212621762762,22.93050918371149,20.232890105207606,19.303878340770726,19.345469625180385,22.151720389948903,28.712674296929684,0.062318379354325076,-0.998056320853012
2024-06-28 21:00:00,4.0,65.0,20.0,46.0,8.0,31.0,43.06846672014498,15.82185329797085,6.164314021947086,4.127640128791615,52.46684512303591,52.37989762223162,56.407144355614804,63.09790673528678,70.67875851452605,78.26449950186696,82.87400861872433,87.43507928029229,84.08641304092157,64.39948061269835,47.83955018078654,34.80997530080005,26.60213989793659,20.954803946254064,15.796451781704402,12.616919752802303,11.379095169308648,13.464272235943433,18.632451056486453,27.12604131454078,30.45994746538302,0.04514101777397193,-0.9989806246941579
2024-06-29 21:00:00,-2.0,63.0,82.66666666666667,14.0,13.0,17.0,62.51513516831747,35.627804277367595,4.093813005938769,4.78788766467875,56.95777232486727,56.97594467050807,57.94088565642791,59.61654394239756,66.71089542698634,83.72360866202354,94.15835145397105,98.22681861273617,99.36266094476792,99.06066686504222,98.89689665434838,99.0200429404912,99.31598177254753,100.0,100.0,100.0,99.33294718472884,98.87108276856542,98.71202322220743,98.0405938046378,97.86850867798454,0.02795029824021032,-0.999609314096404
2024-06-30 21:00:00,3.0,73.0,43.0,25.0,10.0,28.0,68.44137294700022,36.033608061633565,5.943715897287579,5.507266827526086,79.16246995369004,78.94047654563856,80.83229795605638,81.12477464328602,75.09468516614149,67.89631408469641,59.297378511794776,54.068435732735985,52.46615596224687,55.30094872229836,64.12771029579193,80.35726249844191,86.91615234897453,91.79397801402794,94.52519906556658,96.74200993325665,98.78171795685363,98.02965726214968,82.91672187396968,36.90239325439398,12.28961449321587,0.01075130776352193,-0.9999422030204416
2024-07-01 21:00:00,3.0,71.0,22.0,51.0,9.0,36.0,45.687151586579596,18.490040288184396,7.063396457076342,5.869875152973808,46.32858916878574,46.31942232770358,49.31175023326805,54.78607362907507,61.05698443018894,68.44358589121471,75.24100718158749,76.53884575139861,73.20876727296218,47.1558769456527,34.479869969878045,33.00721198290311,45.85603594736969,51.05256052764332,52.55941866541713,44.07631263693001,35.56868483299433,28.364845738054267,21.53344409073134,14.644823830711355,10.212816055959252,-0.00645086419810515,-0.9999791929590823
2024-07-02 21:00:00,3.0,76.0,16.666666666666668,34.0,3.0,35.0,43.164723830282384,23.53522387076572,8.452153345122,4.5300898456122685,44.40495827157712,44.821329054186435,48.13131646326939,53.22861491407605,59.49092544166425,66.39657482753688,74.26359110958228,79.27390738336878,78.09690234617732,77.22884712019399,74.27535893146222,73.31477425962196,77.50781025042538,75.25325811542066,67.4258673416355,44.77490096913073,27.52327073757434,15.885294402577857,9.17276163778857,6.429038685130589,6.867861305140588,-0.023651127245231586,-0.9997202729664083
2024-07-03 21:00:00,2.0,76.0,55.0,30.0,8.0,18.0,46.450538518744715,25.017525659552145,6.941097237360944,4.3678424727879,41.44827109173445,41.26761992748082,43.7548263100122,48.306917094240845,53.54591497565359,59.21112826136308,65.0834124958106,67.721011092067,63.36972230059167,64.21703356376639,52.44584900099516,33.99189924250805,13.495746317191296,7.489315384325081,8.746420537153696,30.40826893693162,51.399527294000656,70.24416359839954,81.69284926659876,85.41780140875197,83.1220120361128,-0.04084439154329611,-0.9991655196610109
2024-07-04 21:00:00,-5.0,76.0,56.0,20.0,6.0,21.0,61.90298543869783,30.24529003524826,7.610236036556722,4.9675117095936585,50.13421402943995,50.330620188298155,52.28474969543172,58.22574770797687,64.75577245132223,72.51468354340194,79.65942247416727,82.21886507331818,83.69456964561314,85.91157099896778,81.66148150346275,67.51992111317333,45.565143006449006,28.280623198022482,14.794579437307135,9.30469644610572,4.463270891292024,2.162705733566797,2.634530674139488,8.197560676984141,21.469614249214214,-0.05802556932878035,-0.9983150972033183
2024-07-05 21:00:00,-3.0,77.0,38.666666666666664,16.0,3.0,19.0,62.027888304697775,44.72804193473535,6.550595896940745,4.97017933445076,77.74194204297173,78.1562776237065,79.00421951872497,80.2436394203537,81.7256421913921,86.3685310328819,90.06402928431586,94.79416643447144,99.0966991133352,100.0,99.30285699726937,96.68635188885699,90.77065239788399,87.45100887698716,85.5983187580226,83.60684462053368,79.43928471973368,72.31083809025891,58.81439483679305,34.561770986696935,38.05597613224535,-0.07518957641475855,-0.9971692572470178
2024-07-06 21:00:00,-4.0,72.0,79.0,14.0,6.0,16.0,84.2911384408419,50.93069166995512,5.820803365026249,5.5494759313727755,86.1988499400408,86.19109055541223,89.25337018789284,95.6106034590941,97.67702025868596,97.86361269970462,97.9612970903459,96.85297525019324,88.16494533429746,82.26770955231339,79.53594477469512,80.4160820637457,81.36349343051978,80.72135021919671,79.24997828985487,81.64764769214673,84.8262612148137,86.00168769928536,88.33722267344905,93.174532921358,96.33276385158341,-0.09233133369539122,-0.9957283388645872
2024-07-07 21:00:00,2.0,78.0,33.333333333333336,28.0,5.0,30.0,62.15225499128753,34.047663705172,7.922981432436684,5.026638354205735,54.46495842961166,54.5802461775851,57.369564646083205,63.386072119854965,70.78545464263357,79.12692560877356,86.12061233554232,86.98566587454793,89.71684988348902,93.50313046590854,87.98873813450864,75.02527946782335,64.6961392903608,53.704445089622496,41.55663915376045,27.55786709294043,15.487407632862935,9.40013123765137,5.518894135173937,5.141073173821232,4.6814630820167045,-0.10944576864891556,-0.993992768446958
2024-07-08 21:00:00,-1.0,81.0,40.333333333333336,28.0,4.0,25.0,54.389974472437345,30.831298313056287,8.020626412852808,4.539728084564271,47.3206426580958,47.25356117193172,49.28992710748006,54.00575309164368,59.03580816822792,65.54460217034898,73.20665058284067,81.64325495659116,82.76976750926652,85.19306145457772,85.12505172959169,80.27123644704199,62.84126658872597,44.322365705453855,25.893337475595647,14.248736534955356,5.621232404264228,3.7433323895607717,3.1513887256057727,4.228585043739968,4.9473383479744175,-0.12652781683868314,-0.9919630595773397
2024-07-09 21:00:00,-2.0,78.0,75.66666666666667,19.0,6.0,25.0,64.3602354171191,34.80124732363408,8.11204969463596,5.489468128527437,46.274713003328074,46.44074208407252,47.63054127558196,52.450442873368566,58.20147309858863,64.29485716550609,68.9237514151974,70.46273896108015,71.54721306256204,70.26035030410527,66.72306620467677,61.28834281185357,56.158185827874505,55.336612374540174,57.230920328955484,63.361347610918216,69.78020004988652,76.87260934672885,81.38870643895696,80.93446697409578,77.98836025891241,-0.1435724234118113,-0.9896398128792412
2024-07-10 21:00:00,-5.0,74.0,76.33333333333333,14.0,4.0,32.0,73.51892767698158,40.52904445142767,7.995667406426112,4.510292897148943,51.62978142019941,51.395292371267196,54.16454118833825,58.47196076482811,62.43269800446115,67.00626983455616,72.94738103490425,80.2046007148094,87.0084525725007,89.77924296605056,89.14477216498621,82.37084439851388,66.810687585602,63.586534871378284,67.94080364062214,85.5181330309635,98.39043820741686,99.12399163707926,99.06322109923634,97.43604785565833,96.4132505848838,-0.16057454459499376,-0.9870237158387383
2024-07-11 21:00:00,-3.0,71.0,82.66666666666667,12.0,6.0,13.0,93.40623394006474,41.02305113187431,4.6546451440346654,4.664848382176342,97.78094122917774,97.59768382009526,98.76248873510964,99.20386891437597,99.20981111339916,99.48422015840562,97.03942649277165,85.5140643981188,76.80197006196985,73.51683495252472,68.77560284650407,61.175900078569356,50.748505198328,44.50673896940182,40.3825923245722,39.24360838125495,34.16283040272254,19.218689682032032,7.921057239729852,2.009038280937574,0.28790242409413247,-0.17752914918703497,-0.984115542601034
2024-07-12 21:00:00,-2.0,76.0,64.66666666666667,24.0,7.0,28.0,71.20078883633502,35.0066005108869,4.793150420682993,5.248955566787001,80.13716797435497,80.09167398504408,86.81609600121199,94.80123697501325,97.76475863287459,99.17138309949735,100.0,100.0,100.0,97.24083541009676,82.58337550139748,63.715916624540924,44.55949763967308,30.255506958936802,17.533551594356016,11.86356613387303,7.195017947932223,4.975265173759765,3.7594110344008786,3.5113798425513334,6.0795580408710315,-0.19443122004766195,-0.9809161537413774
2024-07-13 21:00:00,-1.0,76.0,63.333333333333336,20.0,3.0,27.0,71.20078883633502,35.97557952000919,7.705977235784264,5.424914269573231,60.254669520109914,60.113772438894856,63.79061704429429,70.05811161189472,75.73930225489191,79.68479344873094,81.57330048282634,83.0390197582666,82.67409746583492,77.58082702296035,71.04985195277492,65.0014360584832,66.77821025134088,65.90600073096837,62.7241026179214,51.52164965102516,41.57536651134045,35.456049820019715,33.3600648800962,36.006781603142514,39.93363937647824,-0.2112757555821793,-0.9774264960104055
2024-07-14 21:00:00,0.0,81.0,14.666666666666666,40.0,5.0,28.0,54.389974472437345,38.51493649616399,7.845217824359151,4.927331479202299,56.950710835250185,56.879266560150455,59.39735066804216,65.6764425346501,72.88491204864083,79.98573496970526,79.56352594103798,83.27339599960665,86.61344097666556,82.97379832626682,79.4670469556812,77.30156503504743,77.9543728294726,74.43365740577582,68.16617203157801,55.92711993038111,46.847895021193445,44.567669172864605,43.97898689615036,45.48414434512928,45.99912450228858,-0.2280577712215198,-0.9736476020539838
2024-07-15 21:00:00,0.0,80.0,45.666666666666664,24.0,6.0,23.0,62.399389337971854,35.14959015560733,7.380858310192049,5.437983342802047,57.048550232603226,57.3628924297975,58.49586203768812,63.77802141830947,70.63370490136303,78.36837524317768,85.52716175705292,90.60083070544815,94.72425924813712,85.32759041089601,70.62691959673494,55.85748998467259,45.88118581421591,35.979738657831916,26.63875325431164,20.56490119807546,14.941867079930274,12.878157582961897,11.269764246932077,10.874132683781486,11.191466278343857,-0.24477230089725957,-0.9695805901076308
2024-07-16 21:00:00,1.0,81.0,45.666666666666664,32.0,6.0,25.0,64.7147091997061,35.155769351508106,6.678963817970045,5.126329802926858,63.72428459424011,63.70005464637318,65.28604294297668,71.4416406607344,78.59152831631364,81.54763596351864,76.15577836684362,68.29422364629933,64.11582755439042,62.13737281451829,61.40861100762242,60.404082370148615,56.30828065035715,49.65393193123742,40.22216080788967,33.47416085961569,27.223504967931312,25.552436754065056,25.31820664206132,28.057127641185982,33.937900293033294,-0.2614143985111562,-0.965226663665613
2024-07-17 21:00:00,-1.0,79.0,38.666666666666664,25.0,7.0,26.0,66.7498450197337,46.79196032161784,7.4090198277535935,5.017920157549096,61.84683738146809,61.97095838638985,62.89248612570212,67.39920377309315,73.19357866577435,80.41143427918512,86.29118679409031,90.07932126158789,92.274651470183,94.0957884406717,94.4451331840364,93.76229859448047,89.71709903087248,85.84690144745896,81.99882383208707,79.0933984796147,74.3973632229881,60.27699587418533,50.09062091911902,49.25811300051314,52.52270804352599,-0.2779791393987801,-0.9605871111248129
2024-07-18 21:00:00,7.0,74.0,29.333333333333332,44.0,8.0,29.0,59.49158469966002,19.850306277555074,7.305796949674806,5.455971439401273,47.93176911233748,48.00354583127192,48.612923461898816,52.795869288673735,58.53535596483327,65.26271387232434,68.16834054774009,56.16613462121304,52.10790600427636,47.517719768369126,40.39019585404217,31.185652178973616,23.62912082025212,17.025780217678495,11.024859284790931,8.924321108123323,7.416499071626122,8.422101380993029,9.556444434500769,10.7515032531654,11.780107661989572,-0.2944616217868012,-0.9556633054034704
2024-07-19 21:00:00,2.0,74.0,10.0,50.0,7.0,29.0,51.50253858578976,23.621267885965352,6.619754154523984,5.587169995925237,55.761622617032046,55.46271016381999,59.407818756149,65.89547645392628,73.70501286271022,80.10415843880976,77.76885102920983,77.38643555644839,78.99947355551839,78.4351650442784,65.81246095959644,44.388230636354905,20.89840523658661,15.068415227453919,15.414862335253032,20.684899013375603,24.361367995030182,24.065595926986692,21.89891435911165,16.868498757176,14.570842320634606,-0.3108569682435036,-0.9504567035349151
2024-07-20 21:00:00,1.0,76.0,13.0,47.0,8.0,25.0,48.17457101146339,23.559296878872104,6.959019741900991,5.517535485115147,48.29598684597834,48.317817960660705,49.96303088720115,55.118096025454676,61.297415709646295,67.99263948889761,71.86609830675282,67.46250836530537,62.9434060623139,54.55538693901636,44.136453461208724,34.011705727860054,27.404813509046537,25.68053470866162,27.10155046322127,32.31359605768768,36.707037663426576,37.715235350998476,35.83541416106456,29.96387027160071,24.18905614163097,-0.3271603271220951,-0.9449688462364056
2024-07-21 21:00:00,3.0,70.0,8.666666666666666,48.0,9.0,30.0,47.26884591481678,14.754803437342327,6.2022618571352215,6.156435862583413,44.03927130233232,44.03858862690303,46.224944006559035,50.922566771936026,56.83291270937054,62.843287693196615,63.7634425154181,56.78312404568786,39.366565242228596,31.288763152662476,26.759730719777885,23.99834264776088,21.14704470110825,19.215033108600746,17.46037702830678,16.67142663817633,15.893439655279707,15.353212385685275,14.524304907484082,13.105626607184009,12.228423033243132,-0.34336687399638804,-0.939201357453208
2024-07-22 21:00:00,0.0,74.0,18.0,47.0,6.0,29.0,46.146604068048276,19.29540903652075,6.708098660741925,4.992340469310887,47.42247453999776,47.46660378452883,50.928341658468376,56.413493849413186,62.761566156947325,70.47749647641295,77.18836996578217,78.95740058576321,75.50928077112901,57.145388278583454,37.88904194438925,22.614172633950393,16.047894281683995,14.672434251553195,14.865100369085708,15.365954489577655,15.403040815223074,14.381761899565229,13.825955458511407,13.671035159798029,14.631565139741868,-0.3594718130884232,-0.9331559438780432
2024-07-23 21:00:00,-1.0,69.0,77.33333333333333,14.0,4.0,15.0,78.40059031443495,40.40516415961302,5.641086572723531,5.221234508905709,94.82737998299253,95.34277313688779,96.51334209529496,94.68496654407775,96.43089167529453,98.2152600874171,99.16725244812497,98.96204477447546,98.73806716321613,98.62261437997978,98.84245544252026,99.95060477511942,100.0,99.96493580397816,99.80541253865063,99.42667180698845,99.8908685840789,100.0,97.37790238293394,89.68194943700445,76.90735553798753,-0.3754703786876202,-0.9268343944460494
2024-07-24 21:00:00,1.0,69.0,67.33333333333333,18.0,6.0,15.0,78.40059031443495,34.78472930998137,6.22039142610184,5.453589496458264,74.70333596856756,74.8343973838819,80.81006636480417,88.87989478628106,92.05721657632712,86.08512895860407,87.66617267420642,90.96841261710712,91.97683104516585,88.83994012356301,82.33807381131363,76.93353640110684,75.30935764461762,76.95926340860116,79.69823523483883,81.85219421586916,81.11952391443906,75.6318996231704,70.45008923003662,65.2739062741257,65.50155555713555,-0.3913578365610259,-0.9202385798054075
2024-07-25 21:00:00,0.0,69.0,73.66666666666667,19.0,6.0,21.0,81.21007848481806,32.46999970212716,6.200582955201144,6.332540580775073,87.52418847578495,87.51845193036625,91.02786199046125,87.27894492995225,81.91002628876089,77.50367869964707,77.70899591422915,79.87600470066363,78.52381858190734,74.85254584819346,72.59518801489683,74.24492571413414,81.54209792180144,87.76992304111349,92.3954638530689,69.09967913651673,44.86786231704638,26.62433118462255,13.755999772605247,11.775057565852935,10.829855355994589,-0.4071294853542516,-0.9133704517637858
2024-07-26 21:00:00,1.0,74.0,13.333333333333334,48.0,9.0,32.0,49.659407487470894,23.758022561770556,7.775906386341693,4.457404646539301,52.046435082861564,52.00986843529258,54.89622784076541,60.26684810500838,66.7234738142167,74.34025861343743,79.92520689590982,75.5960099535241,72.58282036462542,76.43345543156585,77.50837305818204,73.07394142096177,58.386207706798054,36.56653691082664,15.947706710287404,14.526620324881781,13.882728789193754,14.943642914944213,14.982349617233414,13.280859987783932,12.646944764778393,-0.4227806579826773,-0.9062320427107697
2024-07-27 21:00:00,-1.0,77.0,11.0,34.0,3.0,29.0,44.93404929466704,20.751543677905868,6.200821435397723,6.057803031124185,45.640380437341825,45.62176518116325,48.84608754525968,54.004886549625496,59.63441994775012,66.19061445555423,70.4639251209449,63.887396974487665,39.81970105748449,16.933311923281252,12.75404102836423,15.448460411318305,18.69657810178074,23.247723910295793,28.36555987441387,32.139657904250214,34.288656885789045,33.25861539682515,33.962052422427575,36.67479629464563,36.56314934259352,-0.4383067230125192,-0.898825465016444
2024-07-28 21:00:00,-1.0,81.0,6.333333333333333,33.0,4.0,21.0,48.9158905388298,26.405699702529798,5.903345932900937,6.0904035860727825,46.949912983075905,48.215204940908514,50.20048748673743,55.37680002371456,61.30742156180518,67.25910547199987,72.17536514491405,69.88731325287289,50.8405111419225,25.729113937787275,18.1587627439467,18.148137157666465,22.07989845591468,27.102618725825973,32.67940422209524,36.061265120853584,36.711937832479876,31.79610913888748,27.766474212673163,24.776983080100116,25.435853238392653,-0.45370308603134424,-0.8911529104063088
2024-07-29 21:00:00,-1.0,72.0,61.333333333333336,28.0,6.0,13.0,73.32748485196429,22.61921953683897,3.9238079399856503,6.138582397564748,81.84787095469942,81.3082922673856,86.4879645122411,93.70843330607781,98.16342593303817,97.65082866364435,76.37627565963656,35.05624091051233,19.053695301970993,14.840986456260028,11.447763007852084,8.688389523715516,9.890481927917772,9.416756746132846,7.766594825128507,6.040281026529325,4.672495714562991,4.75829932102388,5.1492498897386305,5.899291034349749,7.312997761394989,-0.46896519100763184,-0.8832166493127127
2024-07-30 21:00:00,-2.0,73.0,60.666666666666664,13.0,8.0,18.0,76.03184026638034,40.90359699342085,6.874798185928142,6.207471642729447,73.62297248702421,73.74479623039124,77.57884359091716,85.42579264416061,88.58693479654866,87.47859357913158,87.70591175274345,89.72572037343343,88.8997740978033,80.20581284464716,71.44463896299358,66.38242313835939,73.5885051293597,79.2332336079683,83.71641175700553,74.80689735348392,65.22578750054029,60.837203973625996,60.28400604293335,67.01062903173322,69.98224278262039,-0.48408852163897587,-0.8750190302029955
2024-07-31 21:00:00,-3.0,72.0,86.0,11.0,9.0,16.0,87.24708743787855,47.83110738614059,6.521635921652223,5.044912138095894,72.88919526604985,73.06039910709582,76.45072870595365,84.62467619150345,93.04613709830227,96.36923155778246,96.25486055793968,94.06988725341014,91.61691419037106,93.45858985281203,96.29778928880606,98.21257449236619,98.73264353755584,96.10046032405477,89.3145839046203,74.92565978239418,63.29325988726641,61.979201676110115,65.52465886177993,75.96358044719442,79.4597791230619,-0.4990686026885319,-0.8665624788845385
2024-08-01 21:00:00,2.0,78.0,54.666666666666664,21.0,5.0,31.0,71.40285567925348,40.82723553894288,7.457790369021819,5.19685385508041,58.647961288620365,58.677096079344636,60.784618590617356,67.20958559809209,74.82426241482388,82.49304549603885,80.86721225867537,76.61935984529701,73.23378983175377,74.33914304499851,78.806686659497,84.51323518191258,87.22060903735822,84.59511443461082,76.50484273946853,64.38680336290604,52.752513211947246,46.19881637028957,39.86881649516742,34.70868134933437,28.230685887681915,-0.5139010013093103,-0.8578494977869301
2024-08-02 21:00:00,2.0,82.0,24.0,31.0,4.0,25.0,58.4629559303616,38.48975094728031,7.995046177595491,4.917385690013765,52.45575688078521,52.600825421743714,54.53236272360438,59.50227484774023,60.75338471046394,61.738980709362565,64.52592938949127,66.8131007413684,69.34014688130029,73.35004939930792,77.52939269689789,81.02563423096701,82.74978039860468,85.45287157739868,88.82196642878505,85.5385734117771,80.06059427333093,68.03049564466423,61.106833654280315,60.77520603554474,58.41439077409702,-0.5285813283559292,-0.8488826652214553
2024-08-03 21:00:00,-2.0,77.0,79.0,13.0,4.0,18.0,76.37954483234944,47.86073498655963,5.1806249480718,5.4694009414277875,89.03161737642671,88.86515181853011,86.6454425102824,85.66828618509224,90.56180356505928,93.34712640545236,92.96152701860983,93.19557290285914,97.49723945234742,98.77430553389783,96.52157034102659,91.51151888060001,89.25001165668174,91.8187565929872,99.92060423491532,100.0,100.0,95.233554459471,85.86387478081099,69.91656796520051,54.486889871926216,-0.5431052396834317,-0.8396646346181327
2024-08-04 21:00:00,4.0,77.0,62.333333333333336,14.0,4.0,26.0,71.30206812410943,40.72580603157101,6.6835970770341815,5.493267239079616,81.28977546305202,81.55672758453635,84.37162645600395,91.38447101615729,96.48872882368741,94.20242857907287,86.99846408449835,81.21782587663675,73.20401143050263,70.24233303081867,70.7380144429823,73.87330012115034,77.88508679313694,85.87035375936884,97.72638668204509,91.24545363155922,78.35787633776619,48.33713375936009,26.091804671622736,19.230960794332542,17.523434812220373,-0.5574684374327892,-0.8301981337405212
2024-08-05 21:00:00,4.0,71.0,56.333333333333336,19.0,6.0,29.0,73.23103879949284,37.4294173803446,6.30523541393364,5.444379849317823,80.65983052836371,80.50059243534974,81.66945151094596,83.16680302556819,84.58956249346802,85.1825979477979,81.45053461796638,75.49773382430057,76.00556459933762,81.91082058365048,87.0298482669464,90.34334094128778,96.7854623607144,99.28562397009732,99.18606605908784,99.00770114425937,97.4598337863258,94.47961995503798,90.88507646598435,86.46085976470658,83.07899685489234,-0.5716666713027052,-0.8204859638785327
2024-08-06 21:00:00,-3.0,70.0,50.333333333333336,48.0,6.0,30.0,47.26884591481678,17.112894723127663,7.072741081523711,3.753312177871423,44.76555266349564,44.42488973514293,46.27855146628497,51.03788085757024,56.81562473038652,63.76495431725775,70.75794930416728,73.69616962368441,78.5846302270109,79.58191020601913,68.78587327641218,49.56882815170127,29.39133711226349,19.15311010058829,12.995874627970863,12.292910528555693,10.966245984244432,8.263945197452596,5.914904685536131,4.014475956016785,4.6613274010656225,-0.5856957398073508,-0.8105309990194823
2024-08-07 21:00:00,-1.0,71.0,19.333333333333332,34.0,6.0,31.0,45.687151586579596,14.40204204964832,6.722143534427518,5.486138821929413,41.486811180144144,41.40203999256106,42.9965127616432,47.28944892654845,52.45325340629139,58.37344639116502,64.93775776790966,68.60755758179793,61.20995012678212,40.003513308308996,26.452729181946182,19.30965282043106,17.493837562973606,15.596697500029169,13.723051111312737,12.879608279707682,12.932852558785921,15.228960402437947,19.750405120402128,27.374304967438164,36.38119368974246,-0.5995514915196489,-0.8003361849976323
2024-08-08 21:00:00,-4.0,72.0,34.666666666666664,35.0,3.0,16.0,49.362092716414686,20.43655637886525,6.319811412290201,5.68463639741189,46.4150911399776,47.499756747020434,49.28316554484427,54.52055361529414,60.88693536795932,67.74554611296999,76.1026687297001,78.06903044505124,64.37332749703295,41.45339536520178,27.115346104421683,19.34265990602142,18.724162447535363,25.137461164986906,33.08741583362569,39.4022471295274,43.63126209068953,44.40925688287787,42.38086052205917,37.02318280903996,36.77368229184956,-0.6132298262997502,-0.7899045386224707
2024-08-09 21:00:00,2.0,64.0,87.33333333333333,7.0,7.0,15.0,93.21460091229005,41.53827809626617,3.485153923783302,6.314726490434005,96.51397530756498,96.44296397565407,98.31295029969225,99.26795604473836,100.0,95.335938747635,89.40821555601907,87.18884912160432,88.66313406946583,90.04242931968999,89.57313353739428,88.50772055874502,84.12364919072292,79.38643809676591,74.07274509860396,71.34424229839665,65.66212093419195,54.02960191768754,42.02257840814103,28.57661838757359,39.28050293015908,-0.6267266965083301,-0.7792391467859886
2024-08-10 21:00:00,4.0,75.0,30.0,31.0,9.0,28.0,59.62226929298537,21.982861692361443,5.918667500712552,5.727874869791729,48.52362594385674,48.61764919502666,49.144889132798255,53.1757304093729,58.85641968730128,64.77812727341168,57.718515439592544,39.286810222230926,25.28961976458947,19.18625275115865,18.179747547887494,20.59426810107048,24.853354874615246,28.154211210540854,30.982844685400735,29.956961265156206,28.87076841444286,27.540621977146017,28.583147258366893,33.72873336833851,41.65342879907355,-0.6400381082043503,-0.7683431655492202
2024-08-11 21:00:00,1.0,71.0,29.0,39.0,6.0,25.0,56.99036732861668,21.753194461182318,7.6317972743197755,5.154889474774362,52.323867173814065,52.39688691044988,54.55366022214566,60.097620544048766,66.87885809599892,73.50135718696134,70.46825090557223,69.19117251506356,68.15010240743612,68.81930490344082,68.43192469945963,65.3692986727399,54.61037942202478,41.32210427604746,26.904109122628654,17.497023439052704,9.632357354520659,7.292961032475194,7.690990322269038,12.56463745945392,19.06179932834273,-0.65316012232693,-0.7572198192083127
2024-08-12 21:00:00,-1.0,67.0,41.333333333333336,36.0,7.0,30.0,65.35826777296575,23.608792122855455,7.706071322043363,5.16733003138107,65.18875601579113,64.99261945164069,67.78110109258681,74.54395226460339,81.1188713899459,87.90166237960662,89.82503974601202,82.04621698535398,75.14889769775264,72.80114078074871,73.78707282470214,76.24173486773024,78.79669058872861,72.32425920841644,58.37832398539462,39.22145487958837,23.84994821637883,20.574162309755497,19.246851219746635,21.404974326216056,25.345428104008093,-0.666088855860977,-0.7458723993404063
2024-08-13 21:00:00,1.0,74.0,13.666666666666666,39.0,8.0,32.0,55.370380068334434,22.110725656507395,7.361262413030912,5.364321258450778,57.33230578925672,57.3388182452821,59.42664276010843,65.44138395233502,72.64044052400715,72.080007590263,67.17009823232775,68.22808565393858,68.82325472962415,66.12295076019316,59.17827116452581,47.92395116114015,34.62345206020836,24.13451341725443,15.523316651867198,15.600873969461615,15.627411658453335,15.621638703994867,15.452327041241348,14.7047001636352,14.995187460709476,-0.6788204829862355,-0.734304263829602
2024-08-14 21:00:00,-3.0,71.0,40.0,9.0,2.0,36.0,65.83068248854447,28.11819848292617,8.189631876695527,5.741253329453093,59.63455856009288,59.82021055628769,63.34549117614817,70.51508901914052,78.23021885679447,85.28855527101325,84.60118103069584,87.43132778072766,89.70943021683048,89.47652987099674,83.43387613291385,76.19162988937502,76.03369262873795,74.72709939305203,69.29387226638684,44.51423453910131,22.2717696162899,8.240102060878232,0.5439749308001461,2.526491289708961,4.31615261433674,-0.6913512362094071,-0.722518835873311
2024-08-15 21:00:00,0.0,69.0,64.66666666666667,14.0,1.0,16.0,73.03668274060732,26.772779100032153,6.528126708378635,5.823761423164098,73.7613050225066,73.50772975177037,73.72567464108174,61.517627206092484,59.01930230760761,58.70233419678538,59.078014540135094,60.33357920462803,66.04167361031371,78.07078813425078,83.9831302877492,84.20998408746325,77.3128086657833,74.4787983534558,73.50080951198454,81.16309158022423,87.1132222530462,88.4775230101607,89.86215726485963,90.68916054305618,83.3101185939416,-0.7036774074790128,-0.7105196029692745
2024-08-16 21:00:00,2.0,71.0,34.666666666666664,20.0,4.0,16.0,73.23103879949284,35.60849434662408,6.277799756200925,5.599391538604658,76.65480453802482,76.48896440717667,82.09626732362372,90.44435570730775,90.89876882796894,88.83228810521256,87.47532342087513,83.22850798247259,77.22313875364547,72.94957567783555,72.07615562778616,73.35013891082349,76.4358104922794,77.22666158986058,76.96439306574842,75.76308344618768,74.2725923043976,71.54478441047975,68.94150980796319,64.70760623408489,59.69963498429954,-0.7157953492826642,-0.6983101158835584
2024-08-17 21:00:00,1.0,73.0,62.666666666666664,25.0,7.0,17.0,70.89397217984008,32.57228721300033,6.802461525493113,4.8427751404954,71.47680818006148,70.98013951718335,75.86650446820637,83.50066499244477,88.79991790848437,80.19234739285716,70.74321772348125,71.25922132661951,66.67090364142095,63.28187003945152,61.71083920319519,61.20077729257187,61.55820756298763,56.67591466549903,48.03159962332509,36.70539248601285,29.830315346087893,34.326213115678364,44.062288841025484,59.71659858737167,63.059041339235954,-0.7277014757264236,-0.6858939875998223
2024-08-18 21:00:00,0.0,69.0,78.66666666666667,21.0,8.0,16.0,75.67687268246146,31.374767691969687,5.13871774211934,5.183446601825194,82.99414396367418,83.07655878259907,87.69431975700225,93.26971162994624,95.627006179379,92.23199510178249,82.15186883240578,58.72054454016353,35.90158923082928,30.871674250333935,30.027698216832476,32.338277700751114,40.38967021317329,49.36556607170261,60.062459401637994,72.18428569876991,84.01381293962302,91.95353535718348,96.7825938280272,96.45256393621554,98.52299526361364,-0.7393922635959241,-0.673274892250183
2024-08-19 21:00:00,-1.0,68.0,77.66666666666667,13.0,6.0,17.0,87.04449478950774,40.713465907226826,5.759831667279394,6.259854723802514,80.45883438037976,80.34116191181472,82.47796728392757,91.08085577301499,96.10555579759311,97.67014373963465,97.80315277511605,94.5930700711064,90.8608945602476,89.40268871354307,87.90049277907616,84.34881426429432,81.87756536689407,79.91089987591363,79.77517576979022,78.7723187313372,77.27319659685588,75.26073688890153,75.61498379930833,80.83174058516167,85.32575131997957,-0.7508642533989489,-0.6604565640279754
2024-08-20 21:00:00,-2.0,58.0,81.0,23.0,8.0,34.0,86.51698512948003,33.23487205090877,4.051376757425667,5.687401554746016,90.03075122096537,89.53362825730132,93.38679414794781,98.28865503476027,97.79980658255295,100.0,100.0,99.88251627603503,98.61791591831376,97.06686511672524,96.41917801722535,97.93864492358205,98.84759944067609,97.94943742052409,94.7307362688071,90.28409170118383,85.90466448130059,82.98312755871848,80.4006213409224,78.01205691270602,78.18842093215447,-0.7621140503891487,-0.6474427960827475
2024-08-21 21:00:00,-4.0,59.0,68.66666666666667,15.0,3.0,3.0,83.4729949423497,22.15548185184973,7.036496660982616,4.529039442139459,77.35233295433595,77.30747044139594,80.63619885712635,79.09416633579536,80.3952555399497,83.35062013878229,87.7359045738519,90.19989100409713,84.81165712981475,76.23330021494289,72.6850764455981,73.85034213523546,67.75336893601485,68.16778227100538,70.86267000877261,43.08049409724909,19.582326365912266,8.18598776475527,4.06993865208049,10.78851567938685,17.237440265377835,-0.7731383255706026,-0.6342374393978054
2024-08-22 21:00:00,-2.0,61.0,54.666666666666664,18.0,4.0,30.0,77.73834933155908,23.852601592524138,7.038483083623791,6.149805261926392,74.59318914913084,74.28137540396227,78.13293604142046,82.3304302013758,85.8265155718392,86.67793507234862,86.77505080810015,89.91274107928122,93.1062956205952,89.92129427651022,89.809240679097,91.75078707198803,95.74977843871478,91.27951808073782,82.72840985820285,83.38728159820148,81.68305560406372,74.14576245039345,59.30066653740468,33.5352790595228,20.733980584097566,-0.7839338166829201,-0.620844401650647
2024-08-23 21:00:00,0.0,68.0,17.666666666666668,42.0,7.0,30.0,58.69596764953513,21.18757855405793,6.253464338574554,5.632028762266711,61.83947731121994,62.21651466524464,67.17988806919257,74.38147453914735,81.34263618475151,82.58935879440249,81.25835028425634,80.5311455833842,80.72267493174915,80.56336662649737,70.38052146169944,55.98914966277143,39.90731353470887,32.29147587329567,25.53434686006496,19.921758571418817,16.902234814750297,18.014604407890232,24.036657418603504,35.314330931627694,41.82152391153316,-0.7944973291665992,-0.6072676460566135
2024-08-24 21:00:00,-1.0,73.0,20.333333333333332,25.0,4.0,28.0,57.26296650219611,25.310344016291317,7.63209134840255,5.067495175288603,51.23855266949193,52.297352740658276,55.13017712583821,60.96120483782557,67.65508479153957,75.58007956125583,83.37214674965333,88.28332671922256,85.72626555198664,75.6232278724864,67.22117240190012,59.72441278131109,52.887831746362664,41.17003779748843,30.126653186699166,27.0583570880067,25.105818938213552,24.972873542375833,24.83541379355702,24.72165937035545,24.696304377965117,-0.8048257371083452,-0.593511190196115
2024-08-25 21:00:00,1.0,72.0,59.333333333333336,12.0,2.0,22.0,68.33135540319206,34.796278440216625,5.9107692028812675,5.834386349177976,90.9599348255281,90.63416635616655,84.08335552735004,79.21295500160899,81.47350843819113,84.77693917991411,87.1057005248418,89.89246226729024,93.07854915554543,95.1669404847497,95.8573417712143,95.7677856998115,94.72656376369679,93.69431945067785,92.91738543238847,92.62517345362708,90.9811410870234,87.83474029034505,84.11694881482475,80.23922618032599,79.46374605561132,-0.8149159841660791,-0.5795791048257612
2024-08-26 21:00:00,5.0,69.0,60.0,12.0,1.0,18.0,78.40059031443495,30.61433028645629,7.213786328585757,5.903332089454362,67.1908264950078,66.97173165283262,71.54630402191127,78.66359055937963,85.76215842521356,91.62088915876157,93.070170822739,90.85695530658624,88.46877319710191,87.55786456701699,87.5474743923888,87.40544064679506,85.22843757617237,77.49442816864612,67.6948953296062,63.821353892602495,60.358012661669456,58.607533734748664,56.60894728192179,54.2776914320117,57.512272176876756,-0.8247650844733614,-0.5654755126737576
2024-08-27 21:00:00,-1.0,75.0,36.333333333333336,20.0,5.0,25.0,61.777544009622254,34.79887375170477,7.091642398346759,4.756971593853939,59.337177233669806,59.22574129499707,62.33177220968462,69.03451992369067,77.17989690406519,84.60268116339384,83.36804455817463,85.1257522217119,83.71503693087624,78.6859319185242,74.58683837671526,71.4380293571698,65.9988832639577,58.51815521489024,51.00496292066493,49.98672101904164,48.40558404645166,46.410880867306574,41.434596868369724,33.87194152754839,26.5658244225512,-0.8343701235229537,-0.5512045872199277
2024-08-28 21:00:00,1.0,64.0,64.66666666666667,31.0,8.0,35.0,64.99819801604751,13.279941534276043,4.079871792939035,5.869573830084453,61.35409286336378,61.16938840001788,64.53261273127562,71.52676046559463,78.44069919402689,70.10045695509694,46.751929307293686,26.392566066158402,16.529640616577776,11.952617072356297,8.108413755786222,4.699371141139768,2.196635784033503,1.2122112199212862,1.0181463775568445,3.20870179006305,5.362482225256033,7.26734497371207,15.710249255523722,33.13501970243022,52.59142382761809,-0.8437282590292712,-0.5367705514607103
2024-08-29 21:00:00,-1.0,67.0,5.0,25.0,3.0,36.0,46.80934122332366,10.713928143402994,4.47713383507212,6.930141711003479,51.14499829204725,51.44453725513954,55.54747527574182,60.99351161237567,65.9714470262816,53.218379877544564,27.74299464294713,12.259599045850235,5.762845192422486,5.026528975651188,5.5862765664066485,6.266894950236411,7.108437111676226,8.985811787979634,11.368489307818189,14.362301365125163,17.05829513342892,19.180098171317773,22.263762258778737,26.429602498134287,31.71420834827952,-0.8528367217694595,-0.522177676659508
2024-08-30 21:00:00,-4.0,69.0,2.3333333333333335,30.0,7.0,18.0,50.76859033508071,13.124738254235883,4.886365046763128,6.509208429223814,48.87400718636001,49.426273014197754,52.877866289305786,58.87345465431293,65.64894590187002,68.42511567087213,50.27114200346527,22.896645841924983,6.846140609056685,8.446709154088468,8.507137403571532,8.110587690499091,7.2467752792063385,8.354257124003377,10.331889528869493,14.140271519408934,17.160103544598407,19.00284766797205,18.876107229117164,16.847808242352556,15.373643805493135,-0.8616928164028521,-0.5074302810827518
2024-08-31 21:00:00,0.0,66.0,77.33333333333333,12.0,10.0,17.0,80.99318848895413,43.24167261031135,4.427902162256534,5.26724140688929,97.03806588448035,97.24195421326559,98.90832209890834,99.1819165567361,98.88042489341613,98.87572974405384,98.84155360630882,98.9004446829949,99.12812372556661,97.6817622687464,94.94578709639269,92.18182835450352,95.52438989236444,97.98526546895022,99.54142802967057,99.7244783905272,97.78935511328167,89.8002982521512,83.20753917455134,81.03331477296575,78.79530793423464,-0.8702939222685674,-0.49253272872205434
2024-09-01 21:00:00,4.0,72.0,43.666666666666664,20.0,8.0,19.0,75.94378647886145,38.210773901154674,6.129612389454503,5.932667287483244,87.38566499356091,87.73330193731994,87.62876716535246,91.2892179560695,94.60137098602085,96.25431157938222,97.55372998210254,98.19427511313475,97.10790670035381,91.98092269329634,82.76653954013592,68.19042302550245,47.09968393050569,28.62824407340876,14.217944227520945,16.77758104859897,22.5267426689139,25.8812243505877,29.209453460287204,32.17373148043465,33.11559623205281,-0.8786374941610001,-0.4774894280028391
2024-09-02 21:00:00,-1.0,60.0,30.333333333333332,47.0,10.0,30.0,55.451466031613236,18.198247408968815,5.782771970575011,5.513758073070241,63.19345314326345,63.09979457309948,67.06251935523439,74.76275490250576,83.78402670407613,93.1731797837361,99.5047266362033,100.0,100.0,100.0,90.60796172632931,75.40726707125853,57.5888274415931,48.98975188908597,43.943805982346,43.520882579198705,40.668965436974794,33.03155964595847,23.98114095269089,13.614804088586796,8.507794274056627,-0.886721063082993,-0.46230483047981086
2024-09-03 21:00:00,3.0,63.0,4.666666666666667,56.0,10.0,30.0,44.44106525401361,15.397546914618044,6.28724433535519,6.3004752442077665,53.13715588074267,53.3462968858295,57.28223932082758,63.624184549715636,70.96990050812911,76.10130422663246,77.70586498278196,80.5387949100089,82.30041005409838,76.15291567777747,55.24688525246263,35.051799890745365,19.332338997001248,19.178609879788784,21.319629154242897,25.729858664210308,29.726679814182134,32.397447085520554,35.70652674771428,40.31303543212481,41.76561560631698,-0.8945422369764496,-0.4469834295196741
2024-09-04 21:00:00,1.0,73.0,6.666666666666667,31.0,4.0,27.0,53.262920322678845,24.493411466525,7.462471541727528,5.657602222394839,53.09706227265322,53.264756671397464,58.452388818546176,65.1030860765997,72.58249936080934,71.32945405703428,64.64138644872376,61.46338887888811,62.11487067694532,66.60733012967313,71.37441979476829,75.31733506131657,77.84254529016361,73.18400751030113,65.89985714493082,53.81102563706497,42.49552826307143,31.264491892113718,23.82697581934384,17.54463718400741,17.22647898196863,-0.9020987014301837,-0.43152975897147144
2024-09-05 21:00:00,-1.0,74.0,1.0,29.0,7.0,18.0,51.50253858578976,18.821368847709326,6.505556215094602,6.573946904007631,46.29217780524736,46.489194583233974,50.1344186399988,55.790021109385656,58.3426403008408,57.24467690052714,54.26316784852796,50.324667934332666,47.43753497910566,45.54926658039255,42.82557123784349,39.06239487816894,34.27502319193758,29.538644920587064,24.724049502262826,21.109920700944418,17.5649433907456,13.896885114480085,12.735154662609016,13.237557188098581,14.681999629891695,-0.9093882203647925,-0.4159483918249421
2024-09-06 21:00:00,0.0,67.0,22.0,32.0,8.0,16.0,65.35826777296575,17.14546903567562,5.720685311656491,5.521502257867191,55.05384002296686,55.22967665453803,59.65382002175398,66.61039395831042,74.50089635116464,82.68911541042266,81.7692232109719,61.24619764233117,30.845670577837193,12.02025293927389,16.524513864981643,23.412791996714283,27.50531721578219,24.176247906896492,19.29427234286652,15.151705974182935,11.328761901514355,8.058371555508451,6.285962032881671,5.563369369251601,5.012738603886055,-0.9164086366943458,-0.4002439388573056
2024-09-07 21:00:00,-2.0,66.0,57.666666666666664,27.0,5.0,7.0,70.16031972906734,29.778430407129715,4.5619010053388545,5.548838253695894,85.77065444685248,85.64098432197665,89.97254628734134,99.34094229621485,100.0,99.82727611076515,99.09594778828416,98.82500357263534,98.80163794948261,96.54362979707433,91.45446821787068,84.39840503710401,73.04837117027343,59.86420632424515,42.945190926730895,26.480550115104222,11.653058342142035,8.995764462731989,6.979636594724983,5.993392296555408,5.270352864456911,-0.9231578729647039,-0.38442104726885545
2024-09-08 21:00:00,2.0,57.0,27.666666666666668,57.0,9.0,26.0,52.927762520761654,13.761324874856475,7.356252793713921,3.141671742452769,42.394920613349484,42.53359713253872,43.77957983641116,48.702479788258515,54.58857366484591,61.692756089449055,67.35914525362433,71.78601405500241,74.95556588731279,74.29059125336371,72.02670569422031,70.29487065752981,67.18119298751266,64.63133572522317,61.94933104844389,57.679099064276976,50.926717852964586,37.427469823854445,24.87110519565845,13.456062918003939,9.627623973681262,-0.9296339319682695,-0.3684843993077793
2024-09-10 21:00:00,4.0,59.0,28.333333333333332,43.0,8.0,31.0,55.30818812306261,17.267499485168496,5.468390685280368,4.965539498486113,58.241758277235924,57.96752904204745,62.3012679245452,69.84494505581011,78.62378969226846,88.46241165163514,93.1579940017109,87.8362573540241,73.5391369421017,68.47082651676155,68.260525683644,68.55321070936465,65.56240930774035,61.84204609412889,58.07027785501179,54.062243708606815,47.08021692581032,35.205187742341806,24.279076007769365,14.788931345919462,11.319775868390042,-0.9417589340994617,-0.33628873017668287
2024-09-11 21:00:00,-2.0,69.0,6.0,32.0,5.0,29.0,50.76859033508071,24.99411925112109,6.580460392936679,5.8427529403273555,57.47154382591025,58.25522095384169,61.71992128823813,68.8921428185369,76.67004293046632,80.55560821151666,77.83745509589633,76.41212272100249,72.68427892578214,67.38043720965979,64.02123483900071,62.80200308863261,64.2791371572875,66.47296154918186,68.7526333352644,69.42395301282986,68.3561147369443,64.25409699283793,57.315372315343694,45.82290740145509,37.504011049478834,-0.9474042892438845,-0.32003923622313857
2024-09-12 21:00:00,-1.0,73.0,31.666666666666668,19.0,1.0,23.0,55.23107333223108,29.5015048532654,7.349335678089844,6.097716665833761,49.28939744177009,49.54531310660836,53.28728106366407,59.12017696773931,66.04790317759286,73.5515037146397,74.56867936927117,66.99989866870933,62.31663211258882,70.01344220517322,80.1725803440248,88.25565421577801,90.83137388849634,91.71620814823449,91.61575451335419,90.2782454278159,89.6200573433225,89.68063047433704,88.96177460099705,88.60750368654398,84.76653911734657,-0.9527692922168511,-0.30369503751065885
2024-09-13 21:00:00,1.0,73.0,19.0,19.0,3.0,32.0,61.525035905748084,27.750862967541675,7.402538003759054,5.889201767900342,56.19505507472916,56.53373740578307,60.99283629528729,67.45758188684673,73.3896483053254,79.36511260026363,83.04416139504349,82.36322211503729,77.76000636007069,75.19983334271572,75.73885201680105,75.09735906663664,71.9450818175244,61.94466553360617,49.65828551488942,37.4028791386794,30.34198123230799,31.823159558512376,34.48449909960016,39.0674093548501,28.52146241856951,-0.9578523554276669,-0.28726097055059635
2024-09-14 21:00:00,7.0,70.0,27.666666666666668,21.0,2.0,36.0,54.8099144985178,21.20212738947655,5.670856860867321,5.315554603185301,72.2514558240043,72.71100947817526,80.03581759264318,84.91749555903391,80.96600439368815,80.77452779045588,80.92833692458751,76.20539975714378,66.48157108612202,53.87621904216968,40.557897235114105,28.003801019973668,16.239883551671117,9.120697412648775,3.541477844861222,2.8164736389808134,3.8839596916287853,7.095097609996183,12.49149540075179,20.334984256060174,26.5316671732695,-0.9626519747161487,-0.2707418984477642
2024-09-15 21:00:00,7.0,75.0,4.0,18.0,1.0,23.0,51.647768838473404,14.82493303331927,6.423907410067568,6.044102635238505,35.564413669439354,35.74702074890664,37.9607048510821,41.89541968017172,45.68547641584187,45.385598391665084,42.231832016263105,34.3630944214597,21.2040169114912,8.266362096644093,9.418795611524306,13.850340824755532,21.45752055281648,27.91950139640949,33.72506899963522,36.00896557033339,32.883790513130464,23.076566432582705,15.538973080799643,8.464155322847871,7.785930301162611,-0.9671667297977312,-0.2541427094613622
2024-09-16 21:00:00,1.0,77.0,6.666666666666667,28.0,5.0,28.0,53.83064226424435,21.766099447235334,6.89530859593746,5.564052019068479,49.227392436447104,49.57705092705656,52.833706115012106,58.788130586374685,65.27978952815738,71.27530028949502,70.46688808143165,61.93446613912111,47.86359404465511,34.6663369612882,27.531439242117077,22.492326569784325,18.43610643021394,16.00492208280558,13.506675324448475,11.042647740376266,8.437101472204702,5.838991280371713,3.802919748572251,1.8976685918420753,1.882097278502497,-0.97139528468375,-0.23746831555846842
2024-09-17 21:00:00,2.0,77.0,27.666666666666668,18.0,4.0,28.0,51.93667951722938,20.161951065511868,6.853519900168785,5.636142182649238,48.175492061688914,49.317824106524114,51.47686194957566,57.042195949816374,63.25900123255989,69.4200910085365,69.39155555404685,58.73656147591869,44.02584129376817,29.721330704660076,21.530730069479684,16.335357155462667,13.734612624184042,11.471879313544063,8.930037330902884,6.223362536708857,3.864231739612049,2.0959853712328598,1.3689139711506442,1.6367691113142198,2.3146350007653678,-0.9753363880767837,-0.2207236509605022
2024-09-18 21:00:00,4.0,77.0,46.333333333333336,15.0,1.0,23.0,50.101592293116205,17.365996813958905,6.671590138734505,6.1288984726016675,38.99647665703078,38.87156685339144,40.89501391127136,45.05548733952826,50.70351960660256,56.66846645230977,62.73492410259578,66.16160400607619,57.073223499025715,32.77832050188886,14.93669466998832,4.078761701537498,3.9123008628893445,4.12749705434356,4.375296945906987,3.7609072246396438,3.2088614282369603,3.0226599828466623,2.90570485596954,3.0169435342416837,2.636867419091459,-0.9789888737409319,-0.20391367068311472
2024-09-19 21:00:00,0.0,74.0,47.333333333333336,12.0,2.0,4.0,57.39844888625206,28.591118892957592,7.132468349736626,5.631469106713951,51.83659570153749,51.867997395352496,53.75009795273012,59.66290557674938,66.73813331702057,74.9802352850418,84.6401034945806,95.28546633638385,100.0,100.0,100.0,84.04904987778245,39.79993547912735,23.229772089862603,20.283978327107626,17.021325432419008,13.134369474332527,9.070436555376588,6.954954182864781,7.7281608566305895,10.271647165177596,-0.9823516608469237,-0.18704334906991657
2024-09-20 21:00:00,1.0,65.0,68.33333333333333,20.0,5.0,6.0,58.2906613586381,18.428340008630695,6.4116129843780145,4.765621250709622,48.498411491284806,48.33742678745426,51.56364201726246,56.997190319956346,63.03275563757693,64.2663363176827,64.96193391193373,68.023888648991,72.98462498933652,73.15198129553947,69.87432946009943,62.00617479867153,48.33044253294509,34.126665962628664,20.10054230502903,11.854777799247161,5.258483037508978,1.7796383131544031,2.1704246089323105,7.214639765874249,22.24940161249738,-0.9854237542919524,-0.17011767832049052
2024-09-21 21:00:00,0.0,63.0,66.0,30.0,3.0,7.0,55.877891212486965,13.891037015456453,4.634872634963101,6.234307180206675,54.20084407776841,54.09321623692098,57.86644112061753,64.72540136357107,72.48458400632312,76.96689973156928,64.1511914640098,44.461099484227276,24.633396181350374,13.356641361219305,8.804516413490045,6.90723539211881,5.979641284111495,5.827806150042758,6.425883827364352,9.912154566052697,16.908260946589,30.74070420065393,44.8775719344486,59.95486734303432,68.96978508509359,-0.9882042449941422,-0.15314166701312007
2024-09-22 21:00:00,1.0,61.0,48.333333333333336,31.0,4.0,10.0,57.74234446395111,16.61961512370243,5.163478701132453,5.7027807016580825,56.65990705360733,57.328527809390394,61.03477238575623,68.11129581615918,74.35236982060013,77.52463883546062,82.00107076370332,86.43428778040246,80.77670610872397,57.69600742436316,36.34020223527834,28.430784552527843,39.13942310661789,40.137313612231864,37.47695393292518,26.51389353325189,16.745834149798018,8.986862182148542,5.798932522566148,7.320450569572083,10.81691098963967,-0.9906923101615609,-0.13612033862266704
2024-09-23 21:00:00,-2.0,60.0,69.33333333333333,30.0,3.0,12.0,59.82966211519545,17.810808215604595,4.223242423833931,6.0880219309541035,63.85532026322795,63.96068882413359,68.77812138424991,76.56324440594763,85.22211027714903,94.01298423524273,99.67440219519293,100.0,100.0,83.77492301255698,54.81668290466205,34.905964603444644,28.598681783622332,24.35161400078397,19.95967436011589,15.14429091952235,11.562672821300973,10.718453319160488,12.20353030422778,16.60996628281185,22.9018723879543,-0.9928872135356962,-0.11905873003404988
2024-09-24 21:00:00,1.0,62.0,15.666666666666666,37.0,4.0,11.0,53.66277542833233,13.54478391647674,4.801727591914623,5.331723124069367,51.12175217660814,51.56546467536959,56.40277731651132,63.43781644232258,71.50219459466406,76.47832511300507,66.6703217710576,43.76486162467584,22.498591145885204,13.943110900481672,11.516111143099844,10.543318275959312,10.467922866835975,16.6973340415333,25.012657349377935,37.075044215215364,47.724289447785615,55.83411202675331,47.98139023035953,27.583043440585485,20.118452684626583,-0.994788305609327,-0.10196189005174576
2024-09-25 21:00:00,0.0,59.0,79.66666666666667,20.0,6.0,15.0,72.03484221010554,20.005775802252902,4.0390930129613825,5.872697852659156,61.287782311384895,61.6805066684602,67.53070530528032,75.59824606170535,84.12544170784506,89.69292519178454,89.2746912563625,78.23235857300986,56.6421326869621,30.128276380109003,18.88422141191553,17.540154021667714,24.897621137318843,37.891798027751534,52.38832526353765,67.15762870213922,77.4354354347422,83.51996534431882,88.02698213759939,92.24118474761414,87.66911703227638,-0.9963950238187231,-0.08483487790576538
2024-09-26 21:00:00,-1.0,55.0,87.33333333333333,14.0,9.0,15.0,89.6006397649314,32.71884435096637,3.4006365073489997,5.118919360649315,95.7418339664162,94.83506393101062,99.45187145735167,100.0,99.94064148915318,98.66403473905413,96.6489019855811,96.19927775024651,95.99320837635096,97.24834198402164,98.04823766868415,98.87354414186483,98.81728807326063,99.30850893507159,99.94095819494656,100.0,100.0,99.49680512267066,99.30961529162991,99.08832798191419,98.20908736040353,-0.9977068927101168,-0.06768276175455162
2024-09-27 21:00:00,0.0,61.0,49.0,18.0,6.0,33.0,74.94439692514361,22.752434114796028,5.2262932678623315,5.168656352856112,81.93781485863809,81.88175117047723,86.88495687762526,87.42556810551368,86.73903146260312,88.35355274238582,91.08904521674197,92.98244140639041,93.36758596432317,88.04065094697377,80.18527089061264,70.97334803569494,61.95482105661259,55.831060460262385,49.73491266376607,40.650045046382985,31.194069790676863,23.417853401919405,20.94962046582025,25.05425241260927,32.192881401173366,-0.9987235240803972,-0.050510617185222886
2024-09-28 21:00:00,-1.0,62.0,50.333333333333336,17.0,1.0,2.0,69.72963181723787,21.09194347863062,3.4250445359497967,6.099113965469386,82.40911734326171,85.115846533252,81.10373682761693,85.40107920384563,92.3813129476904,98.55322694597484,100.0,100.0,94.65935946310834,57.78292643192485,39.78747634461011,30.74326658868601,27.519913295842922,26.527033817361694,25.149176439897065,21.316477726393508,17.52058081624152,14.292817996507946,13.641903071236932,15.683903857269573,16.68963639294991,-0.9994446170919858,-0.033323525711631344
2024-09-29 21:00:00,-2.0,65.0,52.666666666666664,17.0,3.0,23.0,70.05344094799,22.93051229351655,4.408569578283293,5.560588954770546,75.44011252046981,75.2895910873073,79.01745550625758,85.72360477492434,92.58825644818393,97.20517247016606,98.23463599750993,87.68272682264002,64.61199026931934,52.00434826645372,44.02176473923413,38.453621382785805,34.71323054236567,31.377308997866475,28.013915822366492,24.676012666802624,21.20593908610606,17.453781119657418,13.60028363285259,9.170974695052687,9.31035664930595,-0.9998699583618592,-0.016126573270657762
2024-09-30 21:00:00,5.0,65.0,11.333333333333334,15.0,3.0,1.0,58.2906613586381,15.917167567159927,4.595785422800667,6.2286799114658,57.3069540531476,60.409688394959026,60.08568458174539,66.85501484872148,74.91455402064705,82.34780248016929,88.3769479496387,84.72489710719117,47.17741389840229,27.289173372426685,15.474781956207655,8.223256120722171,5.292174608717228,5.17702615338804,5.837818301705261,7.031084658535514,8.119139109472288,8.797880806005391,9.652112651000994,10.740946312014877,12.71220890728482,-0.9999994220246925,0.001075151282798226
2024-10-01 21:00:00,-3.0,60.0,32.0,30.0,4.0,14.0,62.13107935157103,14.739431458854952,3.496713895029708,6.540463513295054,68.6149856968504,69.1328627879071,74.14105569595333,83.00190221387429,92.48180750506573,99.5786325994898,85.3636017452831,45.612106380007745,15.72234162327892,11.989611495205496,13.370681269727392,16.57894540072737,20.67881070716229,23.303372584907432,24.75702214583531,22.084739659087337,19.47521978768683,17.155576714038443,15.91904835034647,15.968564660180878,16.368187244988764,-0.999832969770105,0.018276557681691223
2024-10-02 21:00:00,0.0,57.0,62.333333333333336,31.0,6.0,17.0,66.61670186495616,12.80714808058585,4.504922827651964,5.6690837467589015,67.16666781544643,66.94199043926125,71.71618595098542,80.30058319642741,88.86597270571819,95.2251390686366,90.43378126371375,57.8214643177179,25.212447252274096,10.99552830116587,6.542599002847553,6.772505601389166,9.417269432776845,9.997566794119015,10.149706621529651,11.291244210364749,13.673654481901501,18.46029864957441,25.054844199765213,34.15367398745575,45.18466401397453,-0.9993706508539969,0.03547255575312556
2024-10-03 21:00:00,0.0,62.0,29.0,18.0,5.0,19.0,64.75536744234604,20.99457489449371,4.334652695376966,6.020338584663738,73.2171333884103,73.18849188641384,78.06119567017798,85.77417338119373,88.7352382682048,92.55813663123027,86.35513739107533,59.582107229903244,34.41896866076238,31.59014208898317,32.63300387708508,34.44389847453556,34.88357015889553,35.288550899883,35.69851054303858,38.384200021853964,41.196400520195894,43.890617330695456,46.90824973021554,50.17984561349462,52.854398233963586,-0.9986126020839734,0.052658056924614005
2024-10-04 21:00:00,2.0,64.0,48.333333333333336,12.0,3.0,17.0,62.6420155688968,23.467227805559567,6.42632898028619,5.676101956820939,61.01237014131793,62.1693462807826,65.18451589870203,72.3445661836887,80.48199857436386,87.25719492162789,92.72274604526565,91.49056522319778,76.00325080032684,61.93543563823807,53.83399545544978,46.92220417143972,39.903148968069054,39.11835133278972,41.169707339531655,50.22783487674148,59.50555267208719,68.3959539533961,71.34398067285144,66.90815536477908,54.65877849083503,-0.9975590477788613,0.06982797572987089
2024-10-05 21:00:00,1.0,54.0,58.666666666666664,23.0,7.0,34.0,77.13499337887522,11.012007843762168,5.676635709418057,5.892134430448234,77.01681550051748,77.01307700889282,83.7573241058318,90.01993655549379,86.916769791039,83.62443478042525,67.42583548413775,40.10634929350329,19.50412216590093,15.90979982322342,16.630052163173286,16.312916207961003,12.660683021419123,8.424350295085294,4.8949321950922196,5.411919701140329,6.471190656994937,8.358763598368673,9.312175528454555,9.464386614944715,11.9627086043852,-0.9962102997023297,0.0869772313136861
2024-10-06 21:00:00,0.0,56.0,71.33333333333333,18.0,3.0,13.0,74.47077718456157,13.036711061860753,3.7320199311812705,5.813135544579211,83.26006748679022,82.95518498015977,88.84682525472336,94.48633119635772,98.72795234653948,99.58110709611461,87.6440172882202,54.784579092541044,24.36388879160008,9.053953734955096,3.4258926792143525,2.9903223209772767,4.246362357216505,5.862789777646171,7.575247670484781,7.64645663093402,7.29730877835464,6.041682515903391,5.0040230690056475,4.1489400541579045,4.058542457977252,-0.9945667569706337,0.1041007489354256
2024-10-07 21:00:00,0.0,52.0,86.0,15.0,6.0,15.0,89.47084016106763,22.91129027032053,5.600102388940745,5.867370271455478,95.64688205893914,95.77558035764613,97.52008483415801,99.68680644554136,100.0,100.0,100.0,100.0,100.0,97.61055640314027,96.71470981455992,98.79012964383361,97.73351558182152,89.6305777483018,71.2060236249435,52.53572028556517,38.357974101988475,54.964386834515466,67.2880203382886,67.95423213985788,59.203249438334595,-0.9926289059345095,0.121193461470736
2024-10-08 21:00:00,3.0,51.0,29.666666666666668,42.0,6.0,31.0,56.331144445085826,9.151290979669161,6.610745257058251,5.910378665710308,57.117726448438454,57.324476024145554,58.346804848787194,63.91049924474036,71.52370326755016,80.88974731469814,82.95176201075537,65.9759922304804,42.674165275963304,33.943292690504215,33.12425069490846,35.25698391243273,35.09364787596243,35.06851112574462,34.41765103514524,35.560079160912004,34.98874622205136,28.484471030794772,21.680427683639692,15.668697935820731,11.424767221520845,-0.9903973200352558,0.1382503109109819
2024-10-09 21:00:00,-4.0,50.0,48.0,19.0,4.0,29.0,60.81309463361997,13.645906786701168,7.846236530360943,6.397820644758672,57.00147619403184,57.16106929576312,58.61691782811674,65.04588961611,72.92292478654745,82.01653598660052,91.33160893443696,93.1959784776252,95.04276402382102,97.42887430357057,94.25531772699843,84.02872385673784,78.64476238321669,73.66964098927514,68.71779499066002,66.10128241390055,63.830826119385584,62.77755984126963,62.71727798264977,66.6170718249226,70.84355779162757,-0.9878726596350429,0.15526624985999563
2024-10-10 21:00:00,-1.0,45.0,60.333333333333336,25.0,11.0,30.0,73.3837237614641,13.209398472480359,6.877308528203816,5.953697718322565,81.95025135230568,81.99031271086832,84.65101792788147,92.04316288985913,96.75343928154614,95.76455601805056,95.85928262881217,96.23942948877092,95.29443787711466,91.99019095788212,91.19565960367922,91.65705776110534,81.19808799599967,65.35124617624665,45.76676887464051,34.51217224508316,24.28071076093441,23.490531497947394,23.234003440070747,24.769083870035765,24.742891649874963,-0.9850556718215013,0.172236243027682
2024-10-11 21:00:00,1.0,51.0,46.0,32.0,10.0,29.0,63.378905343243986,19.587887456129803,4.6523426767355955,6.118118533270768,70.09315688033404,69.90656387213488,71.7872462406826,78.63751585923924,85.45068102564369,84.15597228462494,73.4506746758279,63.53154696747585,61.53755030642141,66.39665951771299,73.54078343267031,81.17077142141466,84.6710332478572,86.14349709919196,85.90569193284139,84.66467557395106,82.8753331888206,84.37595709063999,85.41678116639538,86.80739148647788,84.8665970429154,-0.981947190186646,0.18915526872004093
2024-10-12 21:00:00,0.0,45.0,38.333333333333336,44.0,14.0,30.0,55.45602520339432,8.472223030599427,4.553383335359322,5.5314459395669315,66.1020379321449,65.81873833064013,67.54431403538406,74.31401379227502,83.26616584640695,93.32338167740438,99.21033938531752,97.31537500531019,89.46432442710544,63.92692425852804,37.83110675229915,18.153013840565098,11.928937597484671,8.614181167511362,7.8809807499156825,6.482258428907249,4.896497718740719,3.6356074495132167,3.5536538787184977,5.422242160031923,8.759048315827368,-0.9785481345802031,0.20601832032517084
2024-10-13 21:00:00,-1.0,47.0,33.0,20.0,3.0,32.0,51.415168522735,9.533559625824036,5.238467263980855,5.140128748696019,60.414500204008036,60.24280547936319,63.63464421386915,71.40107980157373,80.80122307634308,75.16939233071476,46.84179899028657,20.19954507578076,10.062531580606947,8.983814521003676,10.667494207102163,16.222804992639535,31.38886657300607,52.999375901630316,77.30880734682196,80.85203057248967,79.99039604318921,68.29203426427605,59.59334022937386,56.01130733570911,63.47063040869054,-0.9748595108374125,0.22282040779479959
2024-10-14 21:00:00,-1.0,41.0,85.0,15.0,8.0,34.0,92.5233725123107,17.150467339171907,3.522945863039571,5.696551338817043,96.32261072680906,96.23822430350796,96.05889722929292,98.84698551926056,98.83743610760486,99.74091777430182,99.6836867107117,100.0,99.09889298852923,93.14513130711826,76.32454039131264,52.15871470419779,39.18960268241863,30.16479575980663,26.29129296877366,23.540188053271653,20.865528148870442,18.177427179185386,14.608151009367267,10.032188132198334,7.3486204380696485,-0.9708824104813836,0.23955655912092708
2024-10-15 21:00:00,0.0,42.0,67.0,27.0,9.0,26.0,70.2097508066708,10.224586361584896,6.943026592716365,6.140527931952979,72.93999732852487,72.97197412290689,73.11667672277872,78.6069215281559,86.23917428737636,91.71710505942315,94.16947274191025,96.58868118692382,92.92379843523531,83.10795526897549,72.9709351442919,69.83126712208205,61.29496873984651,50.347915824855804,36.695384851214676,27.659487070462703,19.175992866010354,16.018580564290826,13.448445929431582,15.428302198808854,19.184156296466625,-0.9666180104000972,0.2562218218071163
2024-10-16 21:00:00,0.0,41.0,62.333333333333336,33.0,9.0,31.0,64.64676706023835,7.807238565001877,3.7884697406170313,5.513237544007993,73.06992941350802,73.06140847003739,76.69444027692339,84.88025155187285,94.38277825688868,98.4263510272551,90.962474930779,65.0797568595496,37.13054807033116,22.571609940743997,14.543643538718895,9.739723547091565,7.188970393734702,6.497307761928049,7.10840497130328,11.472178214101794,17.558998428140274,26.822960152119023,37.437100907489246,49.67618879360713,58.73898436394267,-0.9620675724981452,0.27281126433401914
2024-10-17 21:00:00,3.0,49.0,3.6666666666666665,13.0,4.0,31.0,53.84368117221753,10.88768117748948,3.6113263313604613,4.8920130377803694,63.51126475102865,64.17457872495727,67.54316203085004,67.18933821412217,49.193424581724706,27.982520411476507,14.934252783340686,14.93606971194773,22.800851085413466,36.46362757516548,49.68660565470035,61.07768152106786,68.52454816442255,63.62955877620951,54.431016406296585,40.11040126911246,28.98184342219957,21.791255251632027,19.753170951844538,21.948166456793352,25.580471561089833,-0.957232443323312,0.28931997761869527
2024-10-18 21:00:00,1.0,53.0,3.3333333333333335,10.0,1.0,33.0,54.43645846023466,15.105750982481517,3.6601922944948533,5.487439853605594,62.20358836034904,62.174084064907355,66.92419216785225,66.59985774262215,54.479039346567845,45.79498540084198,45.640408666239615,46.76792562058758,47.48984317572263,47.953937093451785,46.97669857479384,45.21731014536673,42.366347095998336,38.95850609851889,35.596618171991146,32.97331674601355,31.949249168888823,32.14309254670395,32.103117979632096,31.619116371606616,30.406595743906973,-0.9521140536681102,0.3057430764672831
2024-10-19 21:00:00,12.0,59.0,1.3333333333333333,8.0,4.0,28.0,47.379813807319,7.116043629448263,3.362990508076199,7.662179525444763,46.08362779359212,45.952102973809836,44.91186249820863,33.046706550823934,18.326217717543198,8.407176216074872,4.3603904343438025,3.2078709950456092,2.875703634012729,2.5969333959114307,2.5564264481023935,3.505421512486477,5.478451945599028,10.092272476237033,15.579176546836699,22.300971265209803,28.35063001994067,33.5905367448926,36.675962354380225,38.088334966183524,37.32816832694027,-0.9467139181463862,0.3220757010206104
2024-10-20 21:00:00,3.0,61.0,17.333333333333332,7.0,3.0,24.0,49.566968220769056,21.28684136298132,5.737145126494336,5.725159112379403,46.961207573088245,47.19241345696912,47.88051152852111,50.35128513644243,50.713693685810476,51.52866819411596,57.81813921686209,68.19185197070205,78.61723990498609,83.42581653452118,83.48418959315855,82.19016105575233,79.37299535809898,76.01562000607953,71.12568904113454,63.201367919248064,53.53314692157882,41.97135035574508,31.288392644458536,20.676444478191318,15.49799576168827,-0.9410336347451197,0.3383130181923076
2024-10-21 21:00:00,4.0,62.0,34.333333333333336,14.0,6.0,30.0,60.09670435708345,16.546230260635415,4.6170040301737,6.0216317992430115,60.5435157354919,60.26279023802058,63.73349338307486,70.04399067419243,78.22568675989893,86.59647473967644,89.51125700359515,74.42317173164997,39.401555377893615,20.248198209997074,11.74344739789554,9.145483837902393,11.626146111450941,16.815086988069716,23.033392989307487,29.145047489689226,34.539122211209516,37.61005432563578,38.62440476708098,36.60989338891544,34.92011025301219,-0.9350748843515574,0.3544502230989869
2024-10-22 21:00:00,1.0,59.0,29.666666666666668,17.0,6.0,17.0,69.40099944206084,22.6527076217047,4.70623817232274,6.229534956801598,67.53542938347087,67.57458021021844,73.2751232386852,80.29339221381862,79.04580506862128,72.25268082865404,68.4235692555894,65.5145986938624,61.154795935925236,55.568076015992,51.39434011111925,50.20233587772215,52.63840278594043,61.26124942607336,68.57783577172384,65.72836613459879,56.808482336534894,39.970329896408515,27.091644921512476,15.761162430007507,11.66452447949456,-0.9288394302558068,0.3704825404820963
2024-10-23 21:00:00,-3.0,63.0,14.0,14.0,9.0,18.0,60.22936578777025,11.89860833994303,5.731112867151121,6.67318854888304,55.440170106411145,55.50468000395572,56.67315327715681,59.68963222712743,55.533410443779296,45.67246106231203,31.228903822309178,19.66492002171577,12.859486842723348,9.405588749198754,7.765803352966905,7.278111413459008,7.752256115822455,8.690695648745963,10.14259209291201,12.178537619550985,14.649757718603333,17.466752132297998,20.42615247858496,23.978071005100315,27.432659095985436,-0.9223291176290545,0.3864052261209853
2024-10-24 21:00:00,0.0,51.0,41.333333333333336,32.0,7.0,35.0,60.94755811401487,12.351076354240284,3.9578277738700587,5.3855035226378885,72.87946966191694,72.76604159354582,77.09073616008733,84.25137923409818,87.5208347385986,92.27525208893621,95.58658040326884,95.99490272085855,88.61740451049793,55.34512492014622,27.78023332595393,8.116337845832653,2.505847401763566,0.5644752113547238,0.5212811060405506,1.53424962995079,2.5231389535916184,3.80678078046638,5.725074856019101,8.421327697085703,11.080633865578633,-0.9155458729775467,0.40221356823680365
2024-10-28 21:00:00,2.0,37.0,3.3333333333333335,21.0,7.0,31.0,41.968588614091445,4.0698763544153165,6.374530220470758,3.495037535931367,45.8550866950846,46.63696146779665,51.01074170193044,56.31083540766784,60.890416657876855,63.75494789598684,68.27579568067227,75.6878484632325,77.50222814390898,66.7666319384477,38.37348962347588,16.434724389724206,0.054661060569487954,0.5849678478271089,3.2453415688977776,4.510838001683976,5.054092227696577,5.063016867877019,6.154021142675173,8.099494068780777,11.74910005857093,-0.8857249183835637,0.4642104791518923
2024-10-29 21:00:00,0.0,41.0,40.0,14.0,6.0,16.0,52.629707484595414,11.547946617829108,3.6089559025257496,5.330818491529955,57.66468637255829,58.837136148127456,65.81355404807276,74.57504077711667,80.58656583878265,75.99032142501052,68.04406675406595,58.557025064593745,52.49139767275967,52.50882615272439,59.259926362617556,62.6556655297804,62.64764275353838,54.345947619699196,44.82477583911636,35.324832602153485,29.243295058088155,25.749709866342602,26.32180994940142,29.291895723246895,33.9917928420969,-0.8776087166898392,0.4793776594606945
2024-10-30 21:00:00,2.0,52.0,86.66666666666667,8.0,6.0,17.0,86.1853171899682,24.386009345057573,2.3980678385843355,7.167037646292418,98.04059387738383,96.53762717453537,98.56119918018997,92.93796910074539,89.23799612877869,86.13021819332326,76.97264846796416,63.79796010779878,49.03690567598995,34.98404138213934,26.465304501452554,23.288530267174945,28.325907978330672,38.528819656234546,50.639287573075386,57.28265453871275,64.32973659082731,72.0598445438075,78.24353703798337,83.26941201296702,86.9740857063841,-0.8692328164574792,0.49440298420761813
2024-10-31 21:00:00,1.0,66.0,36.0,5.0,6.0,23.0,65.23879760028751,19.766133832975544,6.1404167152550295,5.170697762015998,64.45137647611318,64.61448246895681,63.99260820613449,68.4149794287483,73.88094587029967,74.19376937980195,67.71883169356973,63.170370307234734,60.74562154702027,54.788968103008095,44.96599601762855,32.4083809693968,20.85931205215921,12.29306763396103,5.50490866910697,3.054716029841623,1.0924638822287456,1.231180374589478,1.9314839300284277,3.792490833657305,5.106440150258458,-0.8605996962501181,0.5092820071573356
2024-11-01 21:00:00,-1.0,55.0,41.0,35.0,12.0,29.0,61.47944503128754,13.834340033885798,4.721643805501007,5.34260887619977,71.09102876379224,71.01146378173524,73.02295229048144,80.47968595178962,87.8146602316056,87.79380287389579,86.72154224482065,87.38790621079599,83.70264475695433,71.73170043992373,56.289459612365235,41.346360413203215,30.804805795696065,22.74089235434721,16.556869012366473,15.333658412388711,15.121619610652411,17.714630637515725,20.518143393504914,23.806710158658866,26.266473019389785,-0.8517119107469189,0.5240103253675756
2024-11-02 21:00:00,0.0,39.0,36.0,32.0,6.0,32.0,52.32021187855719,6.309741317974647,3.5996099804712856,6.252959477478747,63.43778392150109,63.677126066611834,70.28651787371484,79.28738163798641,90.37012431886768,99.13175422118302,99.87825430537444,77.80247514313842,35.82037075262735,9.154072468351329,4.912147230686877,5.115666936863704,7.869050646722521,10.805025886091418,13.653298969973262,15.237308641066619,17.157938222629415,19.560827725508368,25.33223089141588,34.904969722075386,47.238077539645815,-0.8425720899866032,0.5385835804920232
2024-11-03 21:00:00,0.0,39.0,9.0,16.0,6.0,32.0,44.159381286533225,6.750343968441967,4.4008684932198845,5.3328376580572785,57.72414435991884,58.40985776272368,64.52068834940225,69.3620905768175,60.452995815194335,40.04275350791674,29.025794464359144,31.50337937118967,40.368770471806585,49.27667005472215,49.42737999409695,45.83173928408671,38.08146074512345,34.072835735945304,33.118664437752145,39.24313079660243,45.62117293039127,52.268028732131555,52.92856341850396,48.976315566570044,43.09271280451906,-0.8331829385891785,0.5529974600700271
2024-11-04 21:00:00,0.0,40.0,79.33333333333333,12.0,4.0,17.0,52.47526234221016,14.713408150077454,3.093374466954475,3.588094817277772,56.014295900766655,56.677162741801126,63.05626557327966,66.90577620095681,57.37145702681975,47.07401216982072,43.02245199730399,43.128719498035004,50.09083829059612,65.90180833986057,84.3620215215693,94.09072909624696,98.29506363094468,96.83784834679054,94.58055241079772,92.20546357168008,91.30401002402382,91.47722701727473,89.13148187779223,85.75998633175634,77.2749147386092,-0.8235472349556007,0.5672476988027229
2024-11-05 21:00:00,0.0,54.0,52.666666666666664,7.0,5.0,18.0,80.08874672634904,30.751899550212332,3.186520166480482,6.184619091109473,94.09217776034998,94.48119218750982,93.92056809011933,87.91518724704981,82.83929688697059,80.20774255538392,78.07476205408453,75.55454105582761,70.82599978960552,67.27523724050111,66.87034964883568,70.49778223398836,78.15928911964002,84.30190642163996,89.9450702768779,89.17569754496995,87.59829484308878,84.15816757709703,80.70509740081536,76.84066848579165,70.36987956684436,-0.8136678304455991,0.5813300798152042
2024-11-06 21:00:00,2.0,62.0,71.0,15.0,10.0,28.0,72.34075102778552,17.593996039454225,5.000766903763679,6.026683252203479,70.7817829900546,70.838957443563,71.0986520857084,75.36303002713731,81.84960433036774,86.7409143418908,82.79437568873516,68.41540256412783,49.78380331415185,33.491332093586045,21.081964318991623,12.441490388096405,9.185045780397544,6.972994307099264,5.855747931298948,5.022571456469122,4.031254722863386,3.033091592392775,2.121853569991477,1.7714638925629105,2.5876971212700797,-0.8035476485339116,0.5952404359043674
2024-11-07 21:00:00,3.0,44.0,53.333333333333336,36.0,9.0,31.0,59.99357507201959,8.94868220864229,5.335227765512461,5.0672051330155075,67.13001777055887,67.12960900191635,71.04455945431329,79.38990738421428,88.93824611951186,95.87223055792523,99.33091476135931,99.27086245227572,96.90515566971808,81.19341331522347,57.589621506567745,35.37424809816733,26.838531756991323,23.913894666885703,23.16040617428969,21.110046702109297,19.33651460732631,18.376087794700776,19.81922858182739,24.46809364169449,29.73706190437199,-0.7931896839451843,0.6089746507720486
2024-11-08 21:00:00,-1.0,43.0,71.66666666666667,28.0,12.0,29.0,67.5633285740088,10.626838594671037,6.6487911594766915,3.9829445277416133,83.56519309747937,83.28559524037261,84.0730781215508,87.35190216953325,87.79524261940973,88.00225106048752,85.66500090935743,82.54332755810032,85.13102210410267,88.51741713074493,90.36410215569055,91.78329041630462,91.56147940221216,88.7023979692827,80.6677723368664,59.047950842048614,32.143401269105865,14.817665277827615,0.9478174343562927,0.3023424836570032,0.5472577355472132,-0.7825970017677834,0.6225286602431057
2024-11-09 21:00:00,1.0,36.0,15.666666666666666,23.0,10.0,32.0,45.59034867106938,5.696189455044442,3.3533590307438264,4.781780085818566,47.140060315348634,47.108959689562205,50.048699118117156,55.54596484231536,61.52123080847257,64.89537224500371,53.52823808750302,30.82764624478806,12.283824253711817,9.039288981262326,11.268601392903024,15.940610120860388,22.78719648039649,31.27945149535776,40.7119152232156,48.61453810384435,54.898055632641984,57.10274750098362,56.093226728974635,50.628639605934644,43.69629930153807,-0.7717727365467837,0.6358984534680745
2024-11-10 21:00:00,3.0,45.0,39.333333333333336,6.0,2.0,26.0,38.16561867346858,7.831506843058467,3.9201017459156997,5.5605860254969315,24.11616048120191,24.288611791337225,24.50236899587305,25.99235451927886,25.082662345028634,17.792898713232084,12.101070206969682,12.099244416194933,17.08893132029959,23.47308142980401,28.41779437872145,32.419838221025515,34.14875463077525,35.52396310881402,36.48969439068453,37.52486518327414,40.32262691856323,48.048361727785675,59.903151680891774,76.51461765303821,81.12252715009552,-0.7607200913564104,0.6490800741100398
2024-11-11 21:00:00,0.0,50.0,60.0,20.0,7.0,24.0,76.77977271296584,18.808413425619214,5.298935144301119,6.482106061752879,76.65376903594351,76.44478983741546,76.42028886592412,80.730233610368,87.36058073400113,92.98979887356893,97.45128464636961,99.50136214860818,98.11530277469727,93.58747520806364,84.81415399900312,71.01227044948527,60.975322644101446,53.020895546856764,48.59447275076913,46.3974848572671,44.952384365169266,44.81172345286709,43.91033072682681,41.40897189178979,35.68084014209737,-0.7494423368521953,0.6620696215153815
2024-11-12 21:00:00,2.0,36.0,75.0,40.0,14.0,33.0,61.385094678511166,5.980309810994189,4.200078722249306,5.7015123668074725,68.5425962302454,68.42085883100746,71.9884415482562,80.52924395189103,90.34379745772276,99.59671291635057,99.8540838230195,95.65975060102767,82.42099307602273,56.21552065595593,38.07307410808923,24.164196139627695,13.862124442076206,7.291766871904189,2.326944608234317,1.0545123023674412,0.8011376421518844,2.0812595260711246,2.9481080518698186,2.487711092568529,2.3895166787011544,-0.7379428103031386,0.6748632518680403
2024-11-13 21:00:00,2.0,31.0,3.6666666666666665,17.0,8.0,35.0,44.75408733392624,5.090903653753419,1.771887047411779,5.312330252987783,49.536465273700095,50.19191318443361,55.06649376085494,51.52436111519232,31.704734188427448,15.171761001334328,9.186702638484427,9.342059385356402,13.080947522011884,19.174125604314472,26.959357591050814,33.477949936896714,38.629331459649045,39.19023641942976,39.21909883185649,37.27704183340371,35.70138554394479,33.26348266605699,30.730079667222952,27.577729102099717,25.173417281740424,-0.7262249146041543,0.6874571793269664
2024-11-14 21:00:00,0.0,35.0,3.3333333333333335,9.0,6.0,35.0,38.12081650576832,5.009175191400711,1.537847487923244,6.625933532424722,31.595916932762368,31.792229883492258,34.08472453629906,32.005949836018786,27.710068037623138,23.40523301635121,20.488368077745488,20.421118720783866,22.334864140018095,24.85704138463917,27.094723199847948,28.502576046598644,29.21348970406698,28.038089004116184,26.094150898168067,22.80211536985304,19.05016297780956,14.611621518641957,11.280548577595761,8.002250685668784,10.784445856163094,-0.7142921172691032,0.699847677146407
2024-11-15 21:00:00,-2.0,37.0,74.0,17.0,12.0,34.0,69.64178721979476,18.753458283744873,3.1708234539144167,5.656847491012968,45.49868947301585,45.4082681423529,46.92770872927492,54.28375235271482,75.74409866421314,97.63979740216409,96.1625706453151,90.04682500685402,87.06686270057762,86.01878760895562,87.59976971877255,89.8044781861719,93.2451883794135,95.0516974125937,94.62957615503277,90.89749672447113,86.2360261861196,83.15562257642884,81.25048007911442,80.85090789718656,77.02513887335311,-0.7021479494046978,0.7120310787787131
2025-03-02 21:00:00,-1.0,6.0,31.0,26.0,13.0,30.0,49.215890307586854,1.6216497595687385,1.9574636651764443,5.224365032333165,76.07698241436356,76.44596213580473,78.79780404159756,89.38950116801901,92.88091798661662,72.5387801560151,40.651059349923095,19.481264025000687,12.77563118367325,11.245652584892667,11.63026842129709,12.764313564667857,14.501166781319258,16.290928705468378,18.15308279396963,20.423877046761334,22.704221737222326,25.045093707143106,26.90159311192596,27.03959999934385,26.018671191144175,0.8670985522812081,0.4981366284784055
2025-03-03 21:00:00,2.0,14.0,22.333333333333332,28.0,8.0,30.0,48.24272020999242,2.2722645857372816,3.403736783812376,5.383174972746811,71.59412080913046,71.55796563075289,76.18245537139263,85.23288560411109,96.24665086992317,99.29863336645248,90.47815542047056,54.78573736389012,23.24911207576344,12.835256338732176,9.852984194608451,9.837899335412532,10.046026175188047,8.857339326846587,7.1198006990742995,6.627484988701749,6.589720535486824,7.360201762309228,7.958961091870097,5.6259061699214605,4.068703002731945,0.8755389928586302,0.4831474640149687
2025-03-04 21:00:00,8.0,33.0,73.0,19.0,6.0,20.0,58.432882370298834,10.94848249350898,4.8350609164328775,5.8318041355029315,66.01557533464661,65.8743044534817,67.9525555208383,73.51124611771874,80.03504232312461,83.41700564736469,78.9721486809065,73.25497650101548,73.9947595877269,77.84120094213539,81.5075270414966,83.6059891900648,82.84337615444683,81.00376273181274,78.62843028624398,77.38361367058737,76.17839128866365,76.48108848433883,76.95824527706763,77.06303009058378,76.4699997090406,0.8837203473619977,0.4680153284438345
2025-03-05 21:00:00,-1.0,37.0,85.66666666666667,6.0,8.0,15.0,85.30230278358447,21.565151063992538,3.5504294082383923,4.878627427836891,98.45122699209416,98.75997392595028,98.69996212679735,98.83694553723751,98.87022921963823,99.06143352989343,99.48578627559044,99.77813514685602,99.81036674461379,99.89000009316264,99.58780689871828,99.53674328468786,98.76593788640027,98.75731603070017,97.84564686340956,96.47201063001671,95.75275535162922,95.52803095604119,94.86580085889418,95.15524465599024,94.51083479797182,0.8916401947968874,0.45274469960737107
2025-03-06 21:00:00,0.0,43.0,85.66666666666667,5.0,5.0,15.0,89.06684539646703,20.75914317740021,5.490178676575052,6.209349671532122,100.0,100.0,100.0,100.0,100.0,99.26766682269846,96.61480416140911,84.92499809055627,66.73096233335562,51.86696224873043,52.22991825812251,62.70556771295295,70.99146202002635,72.9654624732758,86.08940662549483,92.90724880957598,91.23862988183858,68.71788093715955,37.046595142402715,35.65961070736341,43.27467030697314,0.8992961915530253,0.4373400963303323
2025-03-07 21:00:00,-3.0,21.0,82.0,37.0,18.0,29.0,59.24731935405764,6.539161058824762,2.8438776411124724,5.46266750148664,70.92417475124881,70.7804686366224,70.78550239482455,72.96231170440464,80.50631569878992,89.3255368740165,95.29557875512047,88.40913488101751,79.07231671515238,74.04185013769884,75.79392928617193,82.16176492955566,86.80398901981597,86.03457221197218,82.89341133367518,81.67977462331308,81.13595134924473,85.21416549660383,89.78828810103415,92.11562396539796,92.52700006679464,0.9066860720977985,0.4218060770826634
2025-03-08 21:00:00,0.0,17.0,77.33333333333333,39.0,17.0,29.0,53.49785413894418,5.894658973260329,2.4819362285730784,5.146000944965778,68.1317214261227,67.8507352439115,67.75968612987215,70.88683685266565,78.54247799196192,87.37604126405051,95.0503860438957,94.76967500744581,87.06826444634316,81.4614593714939,77.94813327319174,77.90355269762844,78.23720368983078,78.29114327316756,76.13406160750164,73.02005491186347,68.0637550798556,64.94321922260008,60.76318448013587,59.343505996257775,59.49874732300528,0.9138076496466615,0.40614723863057883
2025-03-09 21:00:00,-10.0,26.0,40.666666666666664,30.0,10.0,29.0,50.24874241031545,4.300939777242255,7.1794985425865985,4.379126080210616,66.30419973744878,66.10571737057678,66.66169831779138,71.38606562796383,78.61871209126227,86.80049170516897,94.06716049594353,90.77978621249477,79.80967763238253,69.98641414696081,64.66714289536938,67.19758087661324,71.73547473786608,71.7185649718283,62.970847445559066,46.997719734456204,27.632163176617208,14.117731930110244,1.0705597674059752,0.398827449223961,0.4119112401187513,0.9206588168102428,0.3903682146763026
2025-03-10 21:00:00,-5.0,32.0,48.333333333333336,33.0,8.0,29.0,51.217772617405764,5.677702790033837,4.670231048019262,7.331568526228719,65.12059845000668,65.04554123353405,66.44564604925651,73.69815858562386,82.16908372402226,91.27008422021453,98.41742368105567,96.91633400116724,86.74593796999265,66.91031907882144,51.657110058821544,42.736913125238196,41.792934125746015,43.25174126424391,46.71995081757589,50.623389156102384,53.68380454759559,54.4091724954332,52.95881815086383,46.630258448247105,38.35495040999331,0.9272375462179537,0.374473674486883
2025-03-11 21:00:00,0.0,43.0,65.33333333333333,13.0,12.0,18.0,64.9013840773809,16.807633053297135,6.3814969188594866,7.696381585839495,70.66271189529978,70.75418875773562,71.22945968657432,73.65636385057904,77.68109507551397,79.4422964640199,77.86583708375065,79.23127932331205,84.76334579450331,87.52434284084913,82.07961696493727,68.83911490220953,60.70491744907787,56.31825625968694,58.336468649283134,63.941085374415316,72.19137079592214,77.26745793629685,82.05278055162975,84.21501671326807,84.51336183273793,0.9335418911179212,0.35846832151248087
2025-03-12 21:00:00,1.0,24.0,25.666666666666668,23.0,8.0,32.0,39.73254152530098,2.7656672206848536,3.2316315629763417,6.713271714006992,48.671293419505254,48.347938684369055,51.305823419356024,57.45377536856255,56.226481724801594,40.785420345553185,20.687654312949586,13.750069346293941,16.410518182507356,19.808595800208924,22.161620065744668,23.446247613168307,23.693770105697553,24.024573583417713,24.327084400761557,26.48618880420881,29.746725197686718,34.96635045020113,40.35062942301512,45.04943392623725,48.559933993350825,0.9395699859530622,0.342356891994542
2025-03-13 21:00:00,5.0,32.0,56.666666666666664,26.0,8.0,18.0,58.287165970981704,7.2334905914273815,5.924416709459815,5.742981359183682,62.01626909911781,61.950147035954764,66.88091330118465,75.11179407543823,81.8552466118409,83.82228749672781,82.71171514446259,81.6495540883437,79.33840759319392,77.99604201578867,75.26014749015256,70.75154841351964,62.607335019768726,50.66664234662333,36.38347316299501,24.779900264067077,17.116378834146566,16.85295879352138,19.509788198473213,25.91418890828002,27.638343643455563,0.945320046913132,0.3261441535642696
2025-03-14 21:00:00,3.0,43.0,26.0,12.0,5.0,18.0,59.85484007345902,11.023039081625233,5.388129235535579,6.697347103686839,59.81594811256219,59.55549787354914,63.49591901006124,70.89327124167522,65.76898587874702,53.907286717511305,40.68984851664963,33.80174479753541,34.40055903480862,41.91505946686881,50.46519644031672,58.766075799509835,63.27300041866296,63.69347201977759,62.20409486904256,59.66679716767976,56.84930696217374,54.12696110282877,50.93483871707155,46.77139200477842,46.297552419634584,0.9507903724625832,0.3098349038318025
2025-03-15 21:00:00,0.0,46.0,43.666666666666664,9.0,9.0,17.0,67.91912714846477,14.795645128265889,4.588322925461944,6.1209223774624295,73.06248817175045,73.19761966233395,77.3009282401402,78.20322149437062,62.3081797788012,49.17190269123346,41.776550278305876,38.57448332173206,40.06345128046971,44.188413662462885,47.796010621136645,50.46201539465256,51.26509666204107,51.200193018959,50.39424129944482,47.84983698087531,42.19482614793606,32.41990729789786,21.94884748556102,11.190631739851238,7.980564147729363,0.9559793438440766,0.2934339689665273
2025-03-16 21:00:00,1.0,51.0,83.66666666666667,12.0,12.0,17.0,82.93855767897502,21.192256665866932,4.622363754943543,6.731779417114427,82.57585674315841,83.62330450677129,86.65184512404863,94.05495422231006,96.19217135997437,89.39423697862658,75.44683070851617,60.600740431986985,49.59972354812282,44.26774860150696,41.42210685328244,40.64530420854434,40.598462045582984,38.93065507154084,35.719205798087714,33.13350569099394,32.369087858509474,38.833858155753695,49.4411093885565,66.54780743129396,78.67992596134891,0.9608854255574977,0.27694620226893646
2025-03-17 21:00:00,-1.0,42.0,85.66666666666667,8.0,7.0,33.0,85.60554347335166,18.269753540189473,4.054289061378401,3.9219962537529245,84.4183015368953,84.55134934125513,86.377604765546,90.79612267428203,87.90197561155148,89.8352931481352,96.99653163978121,100.0,98.83037372779914,95.26803906737345,93.91126629589702,94.81358535228817,98.20027343358579,99.14246803405383,99.29712408504508,99.28932550031912,89.00030024038465,46.72119725777425,17.093933860052086,5.286423649869449,13.49296300984825,0.9655071658143364,0.2603764827344581
2025-03-18 21:00:00,1.0,41.0,46.333333333333336,16.0,6.0,34.0,46.412881602762255,11.075275826311014,5.062443306640451,6.332816488519351,66.34193326964377,66.44533968113134,68.68237942869604,75.05750559654662,72.18672879568264,52.82390170945076,39.16395091231172,35.15956326846083,45.11913756486766,58.96171760347965,73.71234502494775,88.45265331360088,93.35100989170449,85.76646705626455,68.05191285302288,48.66667921111368,29.484881924725286,20.566603405207797,13.953808330278921,12.639532704539574,11.640232511281964,0.969843196967294,0.24372971360968387
2025-03-20 21:00:00,-5.0,44.0,73.66666666666667,11.0,11.0,16.0,79.28724892729487,13.210195872208644,1.9434891387625794,6.777522047209951,98.86674842716248,99.34046745330501,98.85376480839707,98.53631409224433,97.57638228470766,97.71926316539479,84.38793127173105,52.82782231172697,33.9023170593142,22.949619121765767,16.224742140331827,11.651592941045424,10.406623126058857,11.501793077907687,15.131600926678413,19.285723595332886,23.16009977961563,23.70813510584914,23.279433975993744,20.86913134576211,20.281823196518943,0.9776530844816641,0.2102247521189836
2025-03-21 21:00:00,-1.0,36.0,79.66666666666667,17.0,12.0,33.0,72.44566960809,17.2935767542825,4.671925560141069,6.416712832980458,92.4744663090122,92.4995112928775,92.05923393277588,96.43471084117115,98.80362861180429,99.87692173131981,99.51369959935053,99.00017082674276,97.9716168866573,96.37705705050212,96.53185150491507,97.25636514686761,98.41157168127587,99.30586142662796,99.51635286770886,99.34699307310825,98.47924366889808,97.83664992467746,92.55252008538335,80.11044277915683,71.32253718028875,0.981124629771712,0.19337647441020586
2025-03-22 21:00:00,5.0,47.0,42.0,25.0,8.0,20.0,45.47257831386288,13.213856935107248,7.130991490240341,6.97809843385184,65.15345147606244,65.13615527106916,66.64185133319445,69.40566814028223,76.86183843764954,79.73719178131607,77.70005363491445,73.60886304753996,65.96866921903467,59.34377865621763,56.92381541853527,62.12245677766981,69.49860148348523,76.68764999084951,83.19391792780944,85.86480789943691,87.56135518518482,87.92885765787895,87.90537491369778,87.48873225145302,86.49820291044455,0.984305844499033,0.17647097349152166
2025-03-23 21:00:00,1.0,26.0,23.333333333333332,40.0,12.0,31.0,38.28471750892714,2.7033861708179074,2.1329146253103115,7.017967657847636,58.418256466403605,58.30626165736707,61.86914772514004,70.3431134314247,79.70300776775753,83.0623331556387,66.20273298806065,31.56927983963258,9.432902198072158,3.761099858818693,3.499202851367425,5.5149725185211596,7.796531515370172,9.897032162818492,12.137420447410987,13.759496016656984,15.720626833813753,18.075214044162948,21.058048646443137,24.796215234897698,30.98763109057252,0.9871957872910085,0.15951325197263655
2025-03-24 21:00:00,0.0,30.0,85.0,15.0,10.0,15.0,74.8814314109789,13.159900181702788,3.5966446459783326,5.208587419147898,94.00304913233649,94.18707054011767,96.23420724354662,99.17471072090382,98.89538612457002,94.7946327127375,92.93206140544532,92.2859586922123,92.6231946526127,94.6438389791022,95.76622931407522,94.99156777142277,92.69980614809215,91.5010391557879,90.59446893523298,91.66293451961009,91.53589893103596,91.03574209842974,90.03989202341252,87.97224034281085,86.04332733833745,0.9897936029670716,0.14250832791617088
2025-03-25 21:00:00,-7.0,38.0,64.0,23.0,6.0,26.0,61.65903145776694,9.982382381201854,7.282463561962546,5.80999377311791,86.07739001704749,86.04262295354484,86.37723979758901,89.82198292449378,92.56580015667903,94.84346939906709,93.87459852794512,92.19932450388247,91.303750606645,89.48723676866585,88.7108926456911,88.76570234857184,90.55052272338078,91.53426438815379,90.65457119922415,84.5203127405496,76.14817686173048,66.82520930538224,57.17971481676493,50.42472406624909,47.03683843320625,0.992098522791769,0.12546123335273648
2025-03-26 21:00:00,4.0,38.0,65.0,28.0,3.0,23.0,56.735540226924044,8.64070550969824,7.7974102171988315,7.260516392836422,78.71428804694291,78.62572537077945,80.33171240518651,86.02485275005898,92.06249350321019,94.00483299863825,94.8530720402201,97.14250868048131,96.94790692452001,94.4797372516635,89.31889726283073,82.18931079271313,76.84796598050904,74.22770682021572,73.85394764447717,75.52374706861524,76.4923120933138,78.51260828370825,75.52962773388955,62.682111083213286,46.780806622636746,0.9941098647022418,0.10837701279187609
2025-03-27 21:00:00,7.0,36.0,30.666666666666668,40.0,9.0,30.0,43.65830668673751,4.437221202519311,7.462243031202748,7.256065794822791,40.99047954100556,40.724388514137175,42.18574189278414,47.149114701318666,53.17250321589139,60.163484560589986,67.73716794307273,73.6772925879482,78.10352388579503,69.1170156440093,46.76925228981601,19.897819775076027,16.176550632742405,15.293494737150562,16.582157617683105,19.38166742729917,23.228382285781475,27.901740358613164,32.45473575191817,35.04917111036619,36.399251913518704,0.9958270335100595,0.09126072172931188
2025-03-28 21:00:00,6.0,31.0,36.0,35.0,12.0,30.0,44.75408733392624,5.476507093524934,5.200993385090974,3.8861919181509004,49.75056987045869,49.459544703297325,53.539449769816564,60.80174187465681,69.1662355833543,77.12312748186557,79.46028063756626,75.4886681880673,60.833562846009585,54.7041796458147,55.696188422207605,61.21903652608466,68.16846185360667,72.30313456455065,75.1286321462633,72.77949032143502,68.96502732433703,63.614939184092044,58.53243327457005,53.92028927408333,55.5382711520233,0.9972495210773451,0.07411742515094437
2025-03-29 21:00:00,15.0,27.0,81.0,18.0,3.0,1.0,57.54876489575052,10.071099652843778,3.2584299092846307,4.257451289592679,24.59833054608063,24.564337516706807,26.378426015936817,29.937200815257974,34.44799534436028,37.549546641714294,43.62394507629114,67.306706828725,89.26664757138244,93.55053418598361,95.7537548736442,96.97513735587658,97.72147252728004,98.25878811331123,98.4472758482193,95.62998510703518,93.75870720873807,91.5070375948473,90.21200099354466,90.37772683485449,90.96166150545797,0.998376906467142,0.056952196034039754
2025-03-30 21:00:00,-5.0,28.0,84.66666666666667,16.0,7.0,14.0,68.58145714687922,16.717658699384256,-0.6300656231306113,5.630133583288437,92.29561542501376,91.73870420227533,96.12311429267851,96.16668868954977,96.86909429977025,98.64929558115404,99.04832503766909,100.0,100.0,99.84953990166932,98.63616376481728,97.7481082340432,98.22250523507103,99.24297128006779,99.92309880812482,99.86918803675783,99.87123490308409,99.47585700995288,95.16514084492468,84.05904145874263,71.89014840918738,0.9992088560679753,0.03977011384605572
2025-03-31 21:00:00,9.0,48.0,80.66666666666667,8.0,8.0,18.0,85.9575608162361,20.248385093179515,4.324274202757022,5.984766948650777,92.8918875578861,93.14613468867957,93.37918357410531,93.99274284243701,91.01679579313733,90.72791829022431,87.56174283542292,80.94461875730045,73.43185283186004,65.679277805447,57.98397416587363,49.90301527070717,42.08495563759235,34.18820181072269,26.415929768552598,19.90928015544742,12.701732134289106,8.80782196897691,4.9045175744240606,3.1760587981225523,2.827941045763916,0.9997451236925734,0.022576263041545485
2025-04-01 21:00:00,0.0,33.0,36.333333333333336,43.0,13.0,31.0,43.15252899099854,4.08165811960707,2.1894967181859166,6.521295990393984,61.78564268793224,61.900487857122364,64.54314157345422,72.38785489015778,80.82862498709974,89.66555185089693,98.85103990361178,96.74993916645224,63.66420790298227,24.360074702219833,6.3966202469334075,0.3956038223915239,1.7264671923350696,3.0059709538443777,4.544983287547991,5.238275116035053,5.99612559757662,6.693664403021566,7.687852768088932,9.201904631048123,11.098016943436354,0.9999855506507186,0.005375731557583884
2025-04-02 21:00:00,2.0,33.0,37.333333333333336,27.0,3.0,32.0,28.78237336827673,4.469494870282102,3.3872277329014686,4.136679975952705,20.528894728591528,20.755075623411535,22.35633393897576,23.941308965052112,25.27799539310064,25.695296946936462,20.263471660333767,11.741248650746245,7.357895954102357,8.572072602548426,15.784679630581072,24.337725015141135,34.37664713797565,42.326512120648765,50.60986623881364,58.74862197990972,66.3293748103749,72.88714294805942,72.02108892417448,65.20542079217951,52.97867747345948,0.9999300657962057,-0.011826390691832589
2025-04-03 21:00:00,1.0,38.0,84.0,8.0,8.0,16.0,82.01542558809471,18.586439156233283,1.356191635191474,5.767551555535545,96.04008376280918,96.3999633589745,96.52665074039548,93.67056499524071,92.86849821331406,97.62207895271985,99.42744164728948,97.386154639744,91.31261826611411,75.73095791585077,54.120747818322826,32.89199220100183,25.121158028260155,23.92628184730463,27.467476615912645,28.555001852409216,29.21810379315678,28.260770479222757,28.27466969230122,30.777411666199967,37.672559796396776,0.9995786855478958,-0.029025013321975237
2025-04-04 21:00:00,1.0,39.0,58.0,34.0,13.0,31.0,56.88260820539456,6.484104179277696,3.2346934477053377,6.197649682408145,71.49838892809377,71.48933406645259,76.53660190572188,85.01322417835667,92.26575077648556,85.58277025196341,63.101679939528545,41.621985397469366,30.46556146688772,27.233254149827086,26.171198893074273,25.251206125031917,22.317298160612772,17.56939200461509,11.560631140470536,7.120962374983194,3.5021203708429773,2.8854658754889586,2.2826316646424814,4.334513783096209,4.631800676435681,0.9989315138848577,-0.046215046983708354
2025-04-05 21:00:00,-3.0,35.0,85.0,14.0,10.0,15.0,66.58800769310848,18.695245832549436,1.4042666756067916,4.901638075897242,93.27673869160041,92.99611973519647,97.65353184134511,98.88891505724135,97.83306518034793,97.53912127096332,98.33608512780762,97.23346747725128,97.34334089013785,99.7375189529749,98.5184579074966,98.11089279565435,99.77847025823849,99.47980827125393,99.47813879112039,99.01990400202313,98.61282994192605,97.55400759647304,94.21249238357503,86.54072613128523,71.03089501518454,0.9979887423155984,-0.06339140486951038
2025-04-06 21:00:00,-4.0,40.0,67.0,32.0,10.0,31.0,57.02904808117887,8.594610887362547,2.5445017418718616,4.385408872921977,73.69547960142516,73.59460998325281,75.58196804502617,83.53502412565356,91.72307208616037,98.07804121744547,99.97816345413435,100.0,100.0,75.8105033866739,40.9312397781068,12.529554805702277,3.4045016151154206,0.30746589830502224,1.7725973873846188,9.990242396513473,20.332861706699823,34.16198406622902,45.381492700770295,47.24090763700896,38.81568319871125,0.9967506498213929,-0.08054900421874167
2025-04-07 21:00:00,8.0,38.0,51.333333333333336,32.0,4.0,13.0,42.13715193457912,6.150498120467992,6.593758830939738,3.6974647526196045,34.19687192232387,34.26931522475788,35.02715806858223,39.11700729500215,44.31455360942358,50.34430726094495,57.27383422703974,63.95712582208139,71.67567814083563,72.69293331510742,62.30337658393206,42.46915990947398,40.15209195780013,42.07910420082286,48.564751490806,55.212205696394356,62.0491005889327,65.6542924774545,65.59402021908129,57.64752905784432,42.20035824814695,0.9952176027737294,-0.09768276782171598
2025-04-08 21:00:00,-8.0,31.0,80.66666666666667,30.0,9.0,32.0,68.94044916951869,10.141376969159438,6.883339207037297,5.381501525345496,95.97342260525006,96.10012122741058,95.74237784042317,99.36088697122577,100.0,100.0,99.3689023474218,98.67688126479618,99.41963077262078,98.38209344523335,98.25091875378487,97.39493965029989,96.95341175446507,95.64062221851931,95.32991345065186,95.05611799930101,92.0688779741209,86.31955834851647,70.2355934422082,33.69918298414489,17.178212237905456,0.9933900548258936,-0.11478762552212701
2025-04-09 21:00:00,-1.0,29.0,35.333333333333336,54.0,10.0,28.0,44.415732374743364,3.828686587395084,5.547277620976853,6.248991248430823,66.36524739385851,66.10320582180125,70.2094849809643,78.29604416039827,85.75192064743486,93.20655378373183,99.2014969786799,100.0,99.38734438700196,67.26287163003184,36.486041217913275,14.731682408247035,6.484361940197365,5.996171970254893,8.305070473340066,11.307915778209757,13.186251157941076,12.45141302399214,12.052027687708158,11.309646251685574,9.439969994523347,0.9912685467787256,-0.13185851571739118
2025-04-10 21:00:00,7.0,40.0,28.0,36.0,5.0,26.0,40.689449120969705,7.427738966482645,5.5969673369410815,4.776603386610509,33.114435439851235,33.30838859321689,36.10498408349051,40.598956252475524,45.769123652995056,52.05584082380117,58.65396714070806,65.78993376416783,70.52706668788869,63.500460802715295,50.60123855899433,41.5765271911706,38.16956458638022,51.56583513950584,65.5722845388474,73.42467570740871,75.30163056970812,68.181426560645,62.35785323060787,55.53354620040029,47.952761692912496,0.9888537064205885,-0.1488903868564548
2025-04-11 21:00:00,-4.0,40.0,78.0,18.0,4.0,15.0,61.93043340816769,12.787247648618555,4.219614528478475,6.246260121759321,75.64654314484788,75.75766018574447,83.60149048878363,91.36126747165929,96.743537246353,91.58111366249192,84.04034129623122,88.47757473641535,95.37404781982981,93.79439905443874,88.55166140113091,83.9711652752848,80.47190324094404,78.9125612129558,77.51596265698679,75.67625894865368,72.91906382130162,67.6372165414532,62.91921139496372,56.45806738116692,53.670621075733514,0.986146248341595,-0.16587819893463143
2025-04-12 21:00:00,-3.0,40.0,79.0,14.0,3.0,12.0,67.20215564728338,15.478320366933792,4.238454830779182,5.905209074762973,90.01052058970582,90.08624734031682,97.14117979506435,98.39061323327772,95.87745749651482,96.02869225876448,98.3369398747641,99.5567127776887,100.0,100.0,99.25307298758142,99.0933221154303,97.67952424083037,92.44146407187127,86.64970732825314,84.44517398930994,83.31526193143063,82.79583667664976,83.41369067127611,84.61185548345412,77.06989378512979,0.9831469737221499,-0.1828169249850199
2025-04-13 21:00:00,-1.0,38.0,81.66666666666667,14.0,7.0,35.0,75.66610758185435,18.082210758354446,2.6180884195954515,6.1495469934743365,98.3921566481879,98.23260250418883,99.48540420259648,99.36004417771127,99.00593347058081,98.0157521457167,99.25209985505302,99.79083779899314,97.73170506388963,98.87718999588441,98.9744714790925,98.20503081653861,96.95634366337909,96.88744984186108,97.96873170373472,97.0206563196337,95.40365632751528,94.99192695853776,94.25699185425418,93.845892560511,93.52300718393082,0.9798567700958665,-0.1997015525660636
2025-04-14 21:00:00,4.0,45.0,54.666666666666664,21.0,6.0,34.0,53.24146855996227,8.443302993009866,4.390954086217573,6.450611818812788,69.34509005362357,69.1574311738013,70.26614682171603,76.2099113423811,83.6397418273777,87.86806030197894,72.58167633630566,40.89740688347504,20.077131255416703,11.5484301840037,8.521892627386832,6.97909161813583,4.222745753623864,2.0374131765863135,0.20846296340958798,1.594919260241743,3.2817246578425068,6.244962244875251,9.880903543349879,14.420457106773657,18.946662511660524,0.9762766110869321,-0.21652708524481437
2025-04-15 21:00:00,-5.0,42.0,76.33333333333333,9.0,6.0,14.0,82.30698177609096,19.88444641483527,5.11833042664199,6.442098340769313,94.38309234348057,94.93503129180999,94.7132300608708,99.2300106575236,99.97814134608714,98.8994497858127,97.75388898151118,98.29218949864014,99.76371757599328,100.0,100.0,100.0,100.0,99.72693221295025,98.22202683678744,98.4112392750364,97.01886367693487,96.46760547278299,93.03017208056865,84.3893691239774,68.4761279257647,0.9724075561219968,-0.23328854407545518
2025-04-16 21:00:00,3.0,38.0,79.0,26.0,10.0,28.0,69.75656199587253,11.052836032036742,6.738080853326955,5.613160895384867,73.64504828201521,73.51667087956467,73.48851607775966,78.6720921420807,87.95184931807356,96.06778783285407,97.4909742329896,95.57511157733825,96.15874284169853,96.24831417249545,95.08373372605627,94.10367741074324,94.28385152357546,94.10269164599339,93.25190668639057,90.58781242786773,85.54875827737854,82.0996165456194,78.19799890220972,74.64205728663855,70.44010120666898,0.9682507501166718,-0.2499809690726521
2025-04-17 21:00:00,-1.0,38.0,42.0,38.0,12.0,30.0,47.923977159391356,7.506670284411545,5.167929576678642,7.015022432666635,67.93216376630406,67.86410802418196,71.03483212051019,79.68868160099356,89.8764596241251,92.27391668522166,87.41791122107696,72.89632340237934,64.10940510351512,59.92874485923154,57.74591549490762,56.041803471685,54.52037652279444,52.99534128021769,49.859007234990074,50.18165829273967,50.80858561772884,52.69705728235012,52.1138618224225,46.61199422788664,36.06753685965354,0.9638074231367307,-0.26659942067929354
2025-04-18 21:00:00,10.0,53.0,44.666666666666664,25.0,7.0,19.0,32.12256895289613,12.714623677674139,7.166071482344768,4.748810741229872,28.99955335962914,29.03527152115283,30.495425790141223,34.04982350354145,37.51511210811876,40.55840046861419,43.22071958526672,43.975540716247664,42.02419573908311,45.822329050548554,56.8672732718483,71.04310904387006,79.6102849858675,84.51536704524752,87.99545864420605,88.28432285356,88.51790747517967,87.91584196762692,87.29571171674216,86.65630498557846,86.37824005450672,0.9590788900341131,-0.28313898122818354
2025-04-19 21:00:00,1.0,62.0,76.66666666666667,29.0,10.0,25.0,67.20193505719087,22.15267319280331,6.647263012340009,5.809900291989279,64.36503786657241,64.59125890360936,64.55928400025739,69.00964392485945,75.05922579355597,80.77893333551741,86.50830903444891,89.44166428503503,82.67997696981539,64.81014347283491,41.29299904190755,24.138404043860863,13.74825651720685,6.072777710264016,1.7548908795643698,1.8880520635652969,3.927980781070258,9.554411788745483,15.241939539379553,19.00849130340515,21.651513017999026,0.9540665500578387,-0.2995947563972602
2025-04-20 21:00:00,-1.0,41.0,18.333333333333332,44.0,17.0,31.0,39.1422167011853,5.877100160473856,3.9781129535988202,4.279476999457338,57.51446639194765,57.35900056173552,62.9178488499343,71.31214095825669,79.60555525936181,81.32999318643253,74.43650600215233,57.98988161678472,40.875125491349934,29.836702152798427,24.36825142810469,20.916045276829905,18.05292160295808,14.915660591579623,11.5008182637946,9.300167257447246,7.799861799151688,7.851772668219476,8.441418931213551,9.683047901149992,10.315420970909948,0.9487718864399473,-0.31596187665790293
2025-04-21 21:00:00,8.0,52.0,31.666666666666668,22.0,3.0,36.0,31.957929513425558,8.540829699558518,5.052960294174186,4.505968496562661,23.97893934158529,24.086692772070023,26.161447288730333,29.194743001568657,32.5113295794084,35.88235670565301,37.00305856396046,33.963360444618345,28.286811988501366,25.41473376459787,26.342413482588313,25.589484430928906,20.753442786934503,22.569721309611374,28.874793842580377,47.31047934639193,63.8100238158548,77.3649487475707,81.10948660275531,75.23511157863408,73.83214338634404,0.9431964659565866,-0.33223549871590435
2025-04-22 21:00:00,-3.0,44.0,78.66666666666667,10.0,7.0,16.0,79.28724892729487,18.00922086242507,3.078462999787136,5.525873234687357,98.36976763142253,98.03971627217423,97.92275790613361,99.5996118879902,100.0,100.0,96.98034816623998,90.99826040573573,88.99975882123675,88.78847570456486,86.65925119187911,84.06371131667423,85.68296646762626,88.93418217263513,92.41136720575646,89.9193943451706,87.63395764528317,86.5879133849746,85.23706212247166,85.05779409076105,80.82565666928717,0.9373419384643772,-0.3484108069446808
2025-04-23 21:00:00,1.0,45.0,68.0,29.0,10.0,30.0,57.75190996529316,11.81979741501507,4.142518816790229,5.940760783860884,79.01581750009981,79.54775724098256,84.85518427658191,92.63656017034045,97.99815659740966,98.86978225112301,99.43495565742764,97.79618368554812,91.19593953865672,82.13219831042895,77.67975061259573,73.61050419877093,67.81516667353434,58.33524450151578,47.466712195407425,35.575711592083856,24.220510487112396,14.185986614204024,7.5598270688349025,4.347521770061017,5.2033599640392465,0.9312100364121947,-0.3644830148102912
2025-04-24 21:00:00,2.0,53.0,53.666666666666664,27.0,4.0,25.0,46.435552620409545,17.29635953108304,6.432897118876556,6.550374645877865,54.980525884915,54.676858310695934,60.44038399035123,68.08241666336605,77.24841731867564,88.22684130324562,96.89378477330435,100.0,99.08903617453122,97.48127096177899,95.54525276827421,89.89247586196845,77.8033302189166,63.47054595402316,48.86391616131337,44.715594146388014,45.660174362832876,55.217307475388345,64.93934701876148,75.14479282664728,77.59306274707528,0.9248025743285089,-0.38044736628785164
2025-04-25 21:00:00,1.0,55.0,58.0,25.0,4.0,1.0,46.752380807438556,12.918046345991122,6.467194006953164,6.0842783899522,48.996155255077696,50.08365170734419,53.06520886518176,59.2525534721892,66.2110953980094,71.97007439059827,69.46503540505961,55.77010855531815,35.93841029007845,18.938226154483946,8.178914604185685,3.3451864806308316,7.02321100692248,23.676292647797887,45.9719947043441,67.67567733481569,83.85001169990949,88.15291645687844,89.0119717320762,86.38496117310824,85.3364208725059,0.9181214482844365,-0.39629913726891813
2025-04-26 21:00:00,-5.0,48.0,85.0,8.0,6.0,12.0,85.9575608162361,27.80194718309657,4.134336513503812,5.237007200717297,94.00758633708935,94.1194140697662,94.81231048324406,97.97754989049675,99.42520220136785,99.83190414483273,100.0,100.0,99.69378291958081,100.0,100.0,100.0,99.48466025761961,98.61600328875247,98.59606066547774,98.38575231740705,97.77999701169756,97.38858399530055,95.84657495432313,93.29226400985243,91.67684107774707,0.9111686353326631,-0.41203363695942635
2025-04-27 21:00:00,2.0,40.0,82.0,13.0,12.0,35.0,82.1620616690294,16.045704510488346,3.576960658577248,6.763739247330202,92.43183685257891,92.06696772500808,93.50196000863244,98.75800138449102,97.69366079843516,94.57240902553195,96.07185360218772,97.59261074039152,98.45680575433218,99.8331095186398,100.0,100.0,98.36969841102031,79.00137277340187,34.354320431561774,16.139180965408105,4.532341630571838,15.832510238638593,26.55186844159883,28.69127822364318,28.222624282240165,0.9039461929224011,-0.42764620926777464
2025-04-28 21:00:00,5.0,59.0,6.333333333333333,29.0,8.0,32.0,40.47406551142688,13.310501063818307,7.527668341377266,6.045033906545009,53.81717597968141,56.499842040417406,55.22895653083777,59.92426300759318,66.83136917602098,73.37094152706604,77.54292006489177,76.41118879287998,65.69933023230139,44.519872237861684,31.47420631742877,21.910608983691315,14.627806921744863,11.273786169073684,9.108977280873415,10.779272205106615,15.985582375284471,27.026314189156146,40.002563977409814,56.60503453069663,63.80064424143386,0.8964562582905575,-0.44313223418263453
2025-04-29 21:00:00,7.0,67.0,53.333333333333336,20.0,11.0,19.0,40.181900308882184,25.931633240167198,5.536665565803915,6.032896857229694,61.52009027173824,61.644176425111475,62.604266136638586,67.44830944158066,64.30445348252813,50.661983662619434,46.29567314865094,52.75701312444605,63.43653523997481,71.83685629079332,76.73645358708825,77.74332576856635,76.02891614493178,73.87730266914207,70.80223309856179,71.03502480515594,71.41213313592347,73.05649737568385,73.66157746844073,72.10708658794894,74.47953165186901,0.8887010478292915,-0.45848712914008766
2025-04-30 21:00:00,-4.0,47.0,12.0,38.0,13.0,32.0,38.50041415219103,5.987806798779602,3.6161216343328073,6.066264195540084,61.8325989637736,61.55665410261485,64.99191053401474,72.2671193468879,79.58304619066715,83.18280762142078,77.18586742091418,43.8767959417546,10.95080680632635,2.4173291968384185,1.3634605852155564,3.443746003259406,5.094839668812587,6.040986356788024,6.699689315261981,7.8549460967423865,9.229827777864811,10.91825798117943,12.146568441970643,12.654482338693606,12.015703447521263,0.8806828564301475,-0.47370635037968
2025-05-01 21:00:00,4.0,56.0,43.333333333333336,28.0,3.0,26.0,28.79575786563946,7.247959803570723,5.460106361074285,5.5487924487334,27.069227080957216,26.864150650000223,29.05832389422724,32.23719540821522,35.98195042953179,39.92912127248354,43.27231081335057,41.069716118016146,28.757667228298423,15.737533343173268,12.91833876619582,14.475532861931512,17.635332530554837,18.336923550918684,17.948453416139564,14.249121370442936,11.406363179645226,10.409911919311678,15.323979582300096,27.257780495352108,41.32436735972125,0.8724040568049612,-0.48878539428899265
2025-05-02 21:00:00,-3.0,49.0,81.33333333333333,11.0,9.0,16.0,79.69364788361072,22.588008170320354,2.1244408323808748,6.362114664283471,96.22360438252,95.96437336513836,96.55480120876085,97.2824943324996,97.38723215971456,90.79783147858045,87.58102521193166,86.75754520654402,86.16109086077114,82.01340726971974,75.3503739188531,65.22535458842215,56.37292057535023,49.6016342157616,44.704184316578896,44.062755487998665,43.43899151812386,45.265710263782665,46.145046416624766,44.44297880106868,39.865473062787714,0.8638670987837349,-0.503719798736334
2025-05-03 21:00:00,-9.0,58.0,65.33333333333333,20.0,6.0,30.0,53.075888896656885,29.039468769737123,4.446443899627945,5.615437153389839,93.30511852450249,93.21936185433162,96.74035187880703,97.55700248188408,98.31960052734927,96.91825888276014,97.47565446905959,95.65948911875404,90.23521731613219,91.17586256816456,94.69340516986149,98.00847229613828,99.23361670640199,99.1531671213595,99.52645247353612,99.05841828283538,99.00686727673784,99.26486435584442,99.25023565443331,97.81884792737362,95.56103862642227,0.8550745085896932,-0.518505144391157
2025-05-04 21:00:00,-8.0,56.0,81.0,16.0,5.0,29.0,50.75435564809223,13.728570038646723,5.0418038857764325,6.138149499150659,69.25661785446694,69.19175501960065,72.84919354923495,76.19723180658411,78.32104387628246,76.4302132880791,64.5624459927883,46.17600640859049,30.489912721168977,20.85213056581935,13.120699008004491,7.099500477704819,3.6534230511113375,3.0815643727461306,4.218832655505462,10.560236629154925,21.458359517637845,41.04164570788835,63.06960415609372,86.31733682432939,93.75912030251095,0.8460288880917339,-0.533137056031809
2025-05-05 21:00:00,2.0,58.0,58.666666666666664,27.0,6.0,15.0,41.95002379392463,9.8307217745713,3.8040839207423525,6.900687096232183,62.46830726446304,62.920447823005155,69.44180536473594,75.75491697174041,71.73756256652914,55.34088938378543,41.16621617277344,26.376974237531975,11.858611800358732,6.47939732590417,6.552200112623526,7.347423676549713,8.680937170173902,9.246851760206074,9.616956883257147,9.276909343544311,9.068183405931135,8.869201915898852,8.226600412074808,6.925438230932973,6.773685625475247,0.8367329140344921,-0.5476112038402312
2025-05-06 21:00:00,-6.0,50.0,82.0,10.0,8.0,14.0,82.87000375082447,29.048976808872283,3.0549706246625314,5.636931081182662,96.06115114367584,95.23945263460404,99.03174209988795,100.0,100.0,99.54562328927527,96.64605254504279,90.62732420277946,87.2172639516459,90.52359370060739,94.85797712824616,97.39347993269233,96.71164997528285,94.11289040233385,92.10163079120875,94.98797919180983,96.24157407940766,96.1156776283575,93.94715482786357,88.2629122368008,86.46509282651812,0.8271893372462497,-0.5619233046832195
2025-05-07 21:00:00,-1.0,60.0,62.666666666666664,19.0,7.0,18.0,69.51108460852114,23.890800670514704,6.988664660476328,6.641026027858246,78.77847993508334,79.02478769823084,81.4584232684927,88.56999942107916,92.25698095898164,88.12686096712264,74.47447759836638,74.68805371654186,80.01920157110136,85.48249883388304,89.26060906206544,90.2878468270969,92.64743881915918,94.5673126408637,96.38014579891461,94.23614433509233,87.1277688206986,67.01814161163146,51.12541661160094,47.60106364692548,55.35759914606919,0.8174009818249189,-0.5760691233798758
2025-05-08 21:00:00,-5.0,50.0,72.33333333333333,22.0,8.0,35.0,63.25026023393383,15.264578592603872,4.092141602746885,6.212034877007983,82.35128970598164,82.0261728671149,89.12743751434338,94.23870765019893,94.96883112406573,93.54487761837908,87.71846318564067,85.5642756318416,91.91753528962464,90.8841896073857,79.26399870945855,61.19648050764137,39.027342352623705,25.17847259465704,14.292914493748492,13.217774163485075,12.812222747408434,14.249244566651173,16.984072240708116,21.41671435158779,27.621469085009075,0.8073707443023492,-0.5900444739548627
2025-05-09 21:00:00,-2.0,50.0,79.33333333333333,16.0,4.0,9.0,68.38532145801607,19.53890754685709,4.226456717688886,6.168660992401878,92.49912411428262,92.17475879413622,97.70607051300557,99.39002400078134,98.751663068414,98.54470580492702,97.81020403774868,97.99889390776758,97.82639523940708,88.43104570407672,84.63458792120893,81.10551742934241,76.81865712433212,84.44950092391224,95.26502616905518,97.16841964587553,96.92522426989521,91.73625641832088,88.39277236476501,87.35254582950344,86.88923020022902,0.7971015927871943,-0.6038452208771035
2025-05-10 21:00:00,-7.0,47.0,81.66666666666667,12.0,9.0,33.0,82.66194020583201,23.45145065444067,4.454329332734512,5.241364340686647,93.56185313311684,93.30680260739939,95.65583201159946,97.87760290612776,97.44987976232733,96.36976406371205,96.57621391883727,96.97362508406864,97.35728767487333,97.67047255587336,97.24090328609363,96.9753795571622,97.5542305550471,97.89535525697096,99.088192675475,99.62087667194805,99.0048446844207,95.0119729175804,83.52596310787393,59.97220963067767,49.885698646725864,0.7865965660866021,-0.6174672802835514
2025-05-11 21:00:00,3.0,52.0,7.666666666666667,46.0,13.0,32.0,31.957929513425558,6.721206519400859,6.721091758354777,6.361812555891446,47.925188719224494,47.98428416215155,49.1054334264483,53.54276699592545,59.46714151921119,63.223586814594476,60.98597596331229,53.32071572829076,31.9650180310243,13.23632292096309,9.394829411553744,11.141726707730102,13.027162855016963,12.415457911510126,10.648865305476857,8.065220605805628,5.939486583968416,4.894310358254957,4.9239352120973585,5.9164978428791635,7.096388552111901,0.7758587728069828,-0.6309066211876704
2025-05-12 21:00:00,10.0,57.0,71.0,27.0,8.0,29.0,40.14934843554226,15.812853130639233,6.487768976636771,5.052973711033757,45.106572472905775,44.892906814399694,47.558738625715726,51.094680713444106,52.20689405697372,50.1248037049602,42.60279474481582,30.23177871669341,27.18837349510122,49.64142200797178,76.01638387478398,96.05332060620194,98.6397123499707,96.64733197712545,92.28157166255873,90.3814357988069,89.15139283602178,88.9172371007672,88.9210363926391,87.40419988365115,89.20143919343802,0.7648913904341226,-0.6441592666722685
2025-05-13 21:00:00,9.0,64.0,20.666666666666668,32.0,6.0,18.0,38.17877884264362,21.78561872461035,6.682873221926406,5.696012909684473,45.53553608244512,45.4595496238408,49.87492022936783,55.935273787624475,62.64527884027954,69.10988985163539,74.57414641870136,76.31794269216607,74.96496084152635,73.00329649989814,70.62804342551759,68.53452299380312,66.59630233507423,65.35840424029386,63.95949776615526,64.57457131693299,68.8113970838263,79.04712824335716,77.54821981337258,65.68917210081155,55.14139708413429,0.753697664392914,-0.6572212950663319
2025-05-14 21:00:00,3.0,70.0,5.0,24.0,8.0,20.0,43.853748005167624,20.20523327205782,7.460972481370325,5.531167354680611,38.242831979065144,37.87693859511386,40.76241442194115,45.381977169264374,48.05800270954479,51.17819569259824,51.499073087052196,48.358613068906145,47.05735087105153,48.669138563043376,50.15995519384893,51.26592485510898,49.94551912779427,47.30759923158334,44.33917130205447,44.54693939194229,43.384497591073576,38.06211486703888,32.16250607298769,24.716462207778537,17.38015703989231,0.742280907086982,-0.6700888411055113
2025-05-15 21:00:00,-2.0,67.0,61.666666666666664,19.0,6.0,18.0,65.35826777296575,32.877939036487064,5.904357299945547,6.089960095269543,78.73516314880025,78.8525984294344,82.77142718077108,91.9084417436158,97.7637525602026,98.4278614772231,96.86586521696388,88.73980297689448,81.71606220887848,81.72573755869979,83.58644121226068,85.1675982896926,82.59720720719547,79.64328488176162,75.7229722016642,74.15346861707414,69.30079059891257,55.962511574163685,48.226286982245966,51.59713689064902,60.61382589600625,0.7306444969184916,-0.6827580970759147
2025-05-16 21:00:00,-6.0,70.0,41.666666666666664,25.0,6.0,15.0,63.391531070601204,34.86542199150983,7.154921899256991,5.649679604697489,74.82047867873517,74.92447510020966,76.71099486370264,84.53755522634609,91.86595677502237,95.47395316201074,92.5577044505485,88.82672632709678,86.98164869724515,83.99465649523586,81.9415736975713,85.16222637248615,87.28593283201373,90.89617600689517,97.27651760425961,84.45490900783571,68.34179360391694,52.34210857561528,39.71021641559974,38.411317362871614,47.99403271653803,0.7187918772884232,-0.6952253139408722
2025-05-17 21:00:00,-1.0,57.0,80.66666666666667,11.0,9.0,14.0,83.34167836864621,32.127570810056405,3.9769116867956518,5.542364711352243,96.40889645201824,96.62399556894661,96.75485814953409,97.36635599211306,97.4582814614546,97.859216979169,98.67972677839762,94.65208716877213,90.06989506330811,83.02740603224808,76.63061865020336,78.12983452960765,83.03632826381802,87.36610016833225,91.92458698803414,95.92381434127853,98.26872227925975,97.43203890996915,96.30033696253881,95.54872480078635,95.83948709754159,0.7067265555776158,-0.7074868024503348
2025-05-18 21:00:00,-4.0,58.0,70.0,15.0,4.0,31.0,71.93182945989565,24.784965955902887,6.188219217959665,5.780373621061681,84.04343199935835,84.26035835481792,85.93891404038429,89.3398300341986,89.96284167366173,92.90135399187658,90.59525449496994,87.04570683690666,91.36600985248432,94.91560433953255,89.7628548693693,77.77687140898462,75.63947124508866,77.79453191240204,80.29798641834364,80.39413652743856,78.52977139604498,74.09510820838938,66.6642630868385,49.26807823404286,36.58903247611314,0.6944521021088763,-0.719538934232584
2025-05-19 21:00:00,0.0,47.0,79.33333333333333,20.0,11.0,33.0,76.50821320761224,20.662382382170193,3.815866393544006,5.604877528070683,92.91716113727583,92.59530025288166,93.9823760945143,98.16083960114634,97.35479856113356,96.86404275775644,98.22811922436277,100.0,98.96231933655784,93.57228001239915,85.43195154197583,74.33452308297296,68.02541472771016,65.90325981306721,69.31209838619799,72.43002454816782,75.31252739347485,71.43605449022505,66.47338209143781,61.322107034684784,57.428284379187886,0.6819721490904629,-0.7313781428679254
2025-05-20 21:00:00,-2.0,50.0,70.0,25.0,7.0,1.0,63.25026023393383,12.830894448614265,4.306556850470112,5.838003358074892,68.81474133726769,69.12134383982226,72.04981616964905,79.96067293906776,89.33720274038703,97.2826054105978,99.325763760946,96.78886574621475,70.33557922082504,44.56551574309244,31.898841639145736,27.685990466237243,28.69964234376171,29.098403389822273,28.954048670001708,26.24853957282818,23.1431573624442,20.465040202696812,17.997219005440545,16.24292518811171,16.523493124279177,0.6692903895412567,-0.7430009249440493
2025-05-21 21:00:00,-4.0,52.0,58.666666666666664,31.0,7.0,10.0,54.28914239240348,13.53179889890237,3.9651505927339254,6.017407796999621,81.2936700619969,81.24569087248854,84.43296007803536,84.37702404864682,84.94670506887095,90.28366472670461,97.43066196290964,100.0,97.73936189794034,73.85378314119319,55.99083458304889,42.85618608779238,32.06971013190885,26.229166651345498,22.124576233249602,23.401326134868608,24.715675428593382,26.348577110123987,26.921415843421638,26.161998785159902,23.61998193413079,0.6564105761979381,-0.7544038410927472
2025-05-22 21:00:00,-1.0,48.0,83.0,32.0,10.0,11.0,62.991173163220225,13.401054951494674,4.144232810201027,4.842475003200704,78.1260361678725,77.67912358749301,82.60986219625686,89.05387909924332,90.6711248586905,91.4572583444234,90.92359111775204,80.29735305031892,55.898921069424254,30.150448025147842,18.051946183051417,14.079392874759847,19.224786930231836,32.419006461608795,49.336428056609414,68.3596528256903,83.29247330892989,91.6776732458083,92.93784044307205,83.98801691048857,76.11166675989055,0.6433365204044917,-0.765583517007675
2025-05-23 21:00:00,-4.0,41.0,85.0,17.0,8.0,2.0,85.5456278848106,18.11023191591497,3.424870004063948,6.390779933855208,87.82587973450968,87.50870561279986,89.77376922849298,97.28835350320159,99.70140503379518,100.0,98.24561681331457,100.0,98.73619409044225,97.57836131517341,98.02035535427365,99.38833396939643,99.75797893940785,100.0,100.0,99.59751697633399,97.80660737127172,89.00282577297531,79.50955644631671,72.9109213242029,70.32072194444879,0.6300720909843687,-0.7765366444428655
2025-05-24 21:00:00,-1.0,44.0,82.33333333333333,19.0,7.0,33.0,79.28724892729487,17.442621638400997,5.332251775622416,5.679978359054541,86.45631820050491,86.51316148776088,88.60744786023213,96.96936102537403,99.36715969190712,99.59039451972968,99.80360530091983,99.21690277509545,99.33666028471917,99.02321439596217,98.01148502372574,96.67119310257712,97.6521792955566,97.70766379095402,97.60734221099602,95.58657875876662,92.68361183076017,88.83648826741948,85.21279048100101,83.09828520733413,82.78583536931067,0.6166212130956382,-0.7872599821916922
2025-05-25 21:00:00,-5.0,49.0,66.66666666666667,23.0,8.0,34.0,68.26964191902431,16.669557595043972,6.171165723860052,5.933883460900259,87.38909666517588,87.47680232273463,91.97248164139918,97.64565305177643,99.27720366174427,99.58521307224379,99.6266074949964,98.82258244145642,95.43182575202928,93.33426677779472,92.06887457652513,92.11162460031522,94.07250447121062,94.85073119091439,94.33727543947232,87.43839074054469,79.43150292667752,70.22753677153268,61.877871585243184,55.31498445719255,37.76303650894091,0.6029878670694714,-0.7977503570459932
2025-05-26 21:00:00,2.0,62.0,30.333333333333332,42.0,5.0,33.0,42.5918508087253,17.120408559067744,8.467804519870194,5.351929005770045,54.76183347562189,54.66310383657612,57.08520156327135,61.55014080858944,66.6749655461095,72.93696373591698,79.06246959786176,83.4214586089305,85.11156397651203,81.62451664364337,74.4501375549402,69.32795217879301,73.94188426407253,74.7561886562013,71.56037719798115,57.22887765956444,44.14981281525563,35.5673153180842,31.239707970778095,30.663258753752753,33.46908695385379,0.5891760872322963,-0.8080046647350754
2025-05-27 21:00:00,6.0,69.0,15.666666666666666,51.0,5.0,32.0,34.718263700348224,14.821811542220505,9.09713318594333,5.1976587505685,32.356502121115234,32.71003855531846,35.163603240880086,39.21816643822447,44.167468069750996,50.406480836074216,57.004754675594086,63.06149130150553,66.23372689067023,64.71837428421576,64.47287420563197,67.26403240513821,74.7244224896924,75.89953093205935,67.42962886356156,35.35967539169632,16.409913315962005,10.971450214724348,8.679938359073565,8.519963310968677,13.997067811370293,0.5751899607119775,-0.8180198708443175
2025-05-28 21:00:00,5.0,72.0,20.0,38.0,3.0,27.0,33.869781217520966,15.04661062025579,9.320520172756224,4.497935201514137,25.19015989106031,26.030877980400106,26.64931916995749,29.676299964192477,32.898380516795775,36.977785253535295,41.783884149197206,47.584209739694565,54.52830988210869,62.86437743774529,72.54185897933992,84.62742958230126,96.7303846306519,87.09068701089998,64.12694614198281,22.552127630019985,1.2522589323101214,4.100413066962356,5.541363416373823,5.29198383638757,4.4101482198010045,0.5610336262283677,-0.8277930117131022
2025-05-29 21:00:00,2.0,62.0,71.33333333333333,26.0,8.0,18.0,62.387687428101856,25.142692781702277,6.2146692157731405,5.200685066415719,66.7596784113055,66.81358672294438,70.39542976638772,78.54403438998273,78.82511805247623,77.31221729204249,70.3112465071438,56.49276528226631,50.02518617303172,62.30098114282618,79.33799955020359,94.62341561000632,98.15378884902509,99.44753667922933,99.8703918575997,99.98192112256629,99.32355712769301,93.58949211289553,73.3717116917747,35.69921239203261,17.74037705573921,0.5467112728685939,-0.8373211953118121
2025-05-30 21:00:00,-1.0,66.0,58.0,26.0,6.0,24.0,58.42632469788989,28.621799991440465,6.668846562945344,4.168490442109977,80.35966403977729,80.46656376824696,80.65869802668418,80.33184690690753,83.18249931827148,87.18496005481475,91.62846724293011,96.05310298607729,98.95734881915402,100.0,100.0,100.0,100.0,100.0,99.94726115117622,88.80833864624465,71.04995859461188,45.0720086467425,24.58529287885018,16.955201586771373,17.322736812360827,0.5322271388474397,-0.8466016020976267
2025-05-31 21:00:00,-3.0,57.0,86.33333333333333,8.0,6.0,11.0,86.46251884573384,27.398167752984524,4.85377963197587,7.113818066063858,97.68275890963564,98.12811307414842,97.86073226619813,98.73593526130072,99.68570499235818,99.88790056206403,99.37285937286232,92.43132537954966,72.4846217663023,65.90799204018627,59.36553058344768,59.57834929636514,62.8270693575395,65.8677533943903,66.06738543369457,66.3487029226418,66.7839137606327,68.33133286467607,68.41910115930555,57.95511647189365,43.14342742464294,0.5175855102531889,-0.8556314858488706
2025-06-01 21:00:00,-2.0,54.0,80.0,43.0,10.0,25.0,54.58319207123542,20.50318177939883,5.257716193843663,5.4898813167366045,72.05800813565043,72.15617363171212,72.51330809520043,78.37743039938798,86.87264369952764,95.73975197405039,99.13047981593674,98.74907407929066,98.52687813314382,98.34213583963584,97.69415814761295,97.26360134558654,96.58406884912316,95.6008771527426,94.60635123472565,91.2687263508041,87.29707431244425,84.31264046082656,81.18136550929505,80.5088900726599,80.63503240663289,0.5027907197793043,-0.8644081744776648
2025-06-02 21:00:00,0.0,58.0,62.666666666666664,40.0,7.0,26.0,51.057657198173125,19.490690085706227,5.565237364685555,4.720656928344946,77.64943492929832,77.2673818800876,80.78239253984205,89.68902368148373,98.25245021688929,99.88745976703511,100.0,99.89409389306907,99.72147197926307,99.37740613150577,99.1112843812117,96.99712872351319,90.50225477970515,81.86164304875861,71.65213975155066,57.079171820786165,41.099648820412796,25.44572011059465,13.069642664932568,6.037056826123418,7.621213891910164,0.4878471454423119,-0.8729290708206411
2025-06-03 21:00:00,8.0,70.0,4.666666666666667,59.0,4.0,27.0,34.877967554638204,16.43130910902301,6.34267073629316,5.207064254726369,40.53490406328083,40.49537570454439,42.879908108185866,46.991517146515434,52.116810014243484,57.2227925818934,58.909138353426506,54.28462345201073,44.895847868245795,26.806303094676366,18.351786464298787,16.43138266607261,20.97921201275297,26.982478205893447,34.200589669666584,42.19332889647639,50.59333397453648,59.54767579119002,62.36030451338799,59.90248846286635,54.49090902357443,0.47275920928627757,-0.881191653407483
2025-06-04 21:00:00,-1.0,79.0,48.0,31.0,8.0,19.0,42.06527111257702,22.48697106784169,5.618343797367548,6.590849074697601,59.758730027333854,59.45946326814923,63.79954353252262,69.89943997027868,67.74688927436087,62.74976426520047,52.535419938829584,34.129612025512166,16.769527558926384,14.366606673478719,15.405511499292746,18.104817406643935,20.678547853533587,21.990898702663603,22.70106794332855,22.03001479162558,21.043454951814038,19.311799540644657,17.638886065561245,15.800583330650555,14.75881509474998,0.4575313760742512,-0.8891934772070711
2025-06-05 21:00:00,3.0,77.0,49.666666666666664,17.0,6.0,27.0,62.027888304697775,33.20572289525191,8.41415763722667,4.8146083737313035,48.946872453392345,49.00450398333433,50.83214029204532,55.9960912042144,62.089037978582276,68.8463505404574,73.60560647041815,75.09178693619012,77.91024630352335,82.23417162303048,84.48703120320012,85.73642435458855,87.59109877677061,77.83958347526806,59.31774183944307,32.32041739690637,11.486916355179016,4.187565878425539,0.57338498435462,3.1498166585471785,5.6506582019448555,0.44216815196707204,-0.8969321743510065
2025-06-06 21:00:00,1.0,74.0,60.666666666666664,6.0,2.0,14.0,46.146604068048276,31.201784822720573,7.161027147229029,5.540768355907531,48.663878120981266,48.708306678633896,50.72860484066598,56.042555589867725,61.0238038101112,66.8414642561859,74.88036861422364,81.89720444491803,86.17937084141786,88.0482993229289,91.09266584205702,94.78270578407371,99.30614989122525,100.0,100.0,99.45191403552042,95.13935179719527,78.53619045571301,64.35460079563514,53.48263446258971,51.394198129908816,0.42667408318992467,-0.9044054548343001
2025-06-07 21:00:00,-2.0,65.0,74.33333333333333,24.0,5.0,27.0,72.64203146829931,28.952355209013515,7.3933889806910384,4.953054346134901,68.42938847369825,68.60099463630993,70.75888760283691,78.25734439603018,86.30666483085676,87.3410289984433,91.00192318257793,93.47164136096747,95.47499077662334,87.00672356842205,80.12287283309156,82.21088050647595,88.39301765852092,89.3968301647172,85.3668547779236,72.98395826629557,61.357139629500736,55.00723371782335,46.735543895110894,36.36396727616623,28.66832230638132,0.4110537546870351,-0.9116111071930239
2025-06-08 21:00:00,5.0,69.0,18.333333333333332,51.0,4.0,3.0,40.499911320524994,15.821516012467406,5.662567277404095,6.325480215278523,47.48135366774973,47.34719598260662,49.88754606394426,55.13367969436415,61.41438843407631,68.62157921749666,76.18580650775809,86.09612423880833,97.04478032544831,84.00890203613214,46.01023157780703,12.393380068714164,9.826168630496571,11.990545475231759,16.45566086022579,16.109872886704423,14.666626438815403,10.7876868583969,7.771108381746648,6.327808660567504,6.285143143913048,0.3953117887649151,-0.9185469991587165
2025-06-09 21:00:00,5.0,67.0,31.0,46.0,9.0,16.0,43.38394206221143,23.599708585178018,4.723886490420061,4.708023515074157,54.149488093184395,53.672975217924936,57.79458512654181,64.7651401464715,71.57851902370683,73.75988516624564,69.39811065762869,57.70236677159157,58.84039063851893,67.85213658101108,73.44773208776586,77.47913436207922,79.89705655110522,80.35244922929368,78.28319202299137,70.9702371973286,61.62992757539476,49.29174050671723,35.90156270277324,21.099788016690695,11.735437179552818,0.37945284372454435,-0.925211078289358
2025-06-10 21:00:00,0.0,59.0,89.33333333333333,12.0,6.0,15.0,80.4729367073184,38.38020573899631,3.7616265974872394,5.059064745275955,97.02482084689606,96.89221605407813,97.5055464405189,97.3882749829043,96.63223340914573,90.52357556733321,87.73714461275183,89.89809217395197,95.95021173800474,97.78033880507921,96.8414987252016,94.86568482465424,96.04400727479731,97.73247647322755,99.63029360201202,99.3586159507732,99.57845634965511,99.19350721604872,99.21509696928668,99.51605968790099,97.62456634596889,0.36348161248290634,-0.9316013725767187
2025-06-11 21:00:00,3.0,71.0,21.666666666666668,50.0,10.0,25.0,45.687151586579596,22.990439398949704,7.752045359739497,4.339781699966104,56.648062446346174,56.84373277994985,58.79115145482577,64.74851642496563,72.21395762429552,79.5352545519896,81.35768172312558,79.26867084812218,78.33253412239677,77.445540549105,77.19288387911853,77.23681204760588,79.80484285184947,73.77775581311951,61.02652836857947,40.34260193065554,21.19777468032599,9.906451016326503,2.5479292212800906,0.8400703871999081,0.5829487536676331,0.3474028211842774,-0.9377159910299093
2025-06-12 21:00:00,-1.0,64.0,40.0,44.0,12.0,30.0,51.95438421388198,15.965725503115411,5.940514084943457,5.791322637874615,55.0029142217116,54.97871828926052,57.32564739452823,63.9405244017692,71.5640584988298,78.57067398989457,82.59210249695268,88.0888478940825,86.95274503766338,72.44051656258917,51.62177671513173,32.69271113570993,22.995761730448837,16.79820303857915,12.342782386353699,8.426803760463649,4.812124565354084,3.0925269922862877,5.4347823427907676,14.610279286983191,33.41023400402725,0.3312212278016865,-0.9435531242349544
2025-06-13 21:00:00,-2.0,60.0,34.666666666666664,50.0,7.0,33.0,39.056047127995775,9.989814051424558,6.030624668143608,4.756435610164967,41.68658853988988,42.26200214620718,45.23285295753306,50.48994375691388,56.27612988280203,62.22141806473582,67.93477266088159,68.77498801355598,57.61069483436908,33.427657219285,26.0504558981006,26.095560464548946,31.053767862249288,29.55998635823109,25.830563267500896,19.46828409097102,13.899058192584887,9.605770734175776,6.394162132654819,3.6427447880924295,3.010641888332919,0.31494162072895193,-0.9491110448902284
2025-06-14 21:00:00,5.0,62.0,44.0,50.0,3.0,14.0,46.03361253726266,14.006673874063214,6.759076877300366,4.915242284532175,49.6238824240122,49.52613688203884,54.598066903189505,61.098272828150805,68.1251246067057,72.68371368479042,75.18667494905735,79.08142192634175,83.5963142687606,89.68771945424803,82.44141253940657,58.32102299245382,23.175312250121422,17.447368145101986,15.100964499939854,12.325841441645382,9.240011775234827,5.687361008845268,3.5365484515460803,2.458109395798414,3.0469220315414525,0.2985688173637202,-0.9543881083175908
2025-06-15 21:00:00,-1.0,65.0,50.333333333333336,44.0,4.0,21.0,52.101930601801186,21.45026163550654,7.281818303273584,4.586021713940394,61.82311542677237,62.0172880429046,67.4253129837788,74.40391168057778,76.84796474352498,83.09027510094928,89.73951646722506,93.98761596323209,96.35277164465019,98.533488838555,99.83514483919205,100.0,100.0,74.63638406432665,42.615229329872996,15.679147107611518,4.295939394890668,13.401810636229946,21.418390899313696,28.67744016350412,35.269864059718394,0.2821076626819194,-0.9593827529490743
2025-06-16 21:00:00,1.0,68.0,42.666666666666664,30.0,8.0,19.0,48.761371214299224,22.458394149621626,7.869360003105871,4.273571623173017,54.64598934160768,54.44666848765832,58.83464928318606,65.92173225734209,73.82147424703288,80.66485892407943,82.49830374101164,82.47507627449576,84.92697717638646,88.43044815946037,90.46061082896888,88.01866241846858,73.95145455216931,43.89574195367292,14.574434676738726,6.073841444366524,2.162306580961042,7.2556822346122125,11.972064370458876,16.19103594087993,14.578268984144932,0.26556302780405594,-0.9640935007889755
2025-06-17 21:00:00,-1.0,67.0,60.666666666666664,27.0,10.0,18.0,63.01927907119633,29.974670846867184,4.866570197864715,5.1388279256555665,88.28215278017319,87.76919376908077,94.64198843700309,99.05191344219683,99.00370293748051,98.70995980556863,91.0361200658653,72.13574387662528,65.46192628748048,73.98161658608863,82.77028132173734,88.87655694570898,85.37897504833941,72.73699638311884,56.27535334775452,42.5024737882718,29.89710192127037,22.00909917694853,17.725752222936876,17.56341575183918,21.537894062543653,0.24893980855376657,-0.9685189578512204
2025-06-18 21:00:00,-5.0,71.0,76.0,18.0,7.0,18.0,70.68691673630492,37.92825005226241,6.432586897688021,5.8644075396876785,71.1583787651633,71.05611571777531,74.9371141200055,83.07723512774994,89.21211677311969,90.7427422903366,91.09534421301827,87.1424388875073,82.67090958931806,77.06066529730546,71.2161256070033,65.85005739835394,60.197990429798345,51.669729974804135,40.41288885530626,33.82506509273529,28.701989175569604,30.03910124408576,32.3126428809006,35.42938617101998,37.13667329706766,0.23224292400907015,-0.9726578145718654
2025-06-19 21:00:00,-3.0,73.0,78.66666666666667,20.0,9.0,17.0,76.03184026638034,44.952368885021755,6.757009281764192,5.433568043568845,71.33130460952344,71.63319592402945,72.86855950049971,80.7774410475731,86.72828615414127,87.63148163296563,84.14400508688361,81.4340712616437,80.17780091581875,78.14882582546319,75.72952238692105,74.12282036462112,78.2744771457651,79.59302931909808,77.3220997974287,69.1142460850032,59.33646861040521,52.787805884532176,47.02436350755648,44.671195170084054,42.62198754835292,0.21547731504673012,-0.976508846196619
2025-06-20 21:00:00,-5.0,62.0,75.0,29.0,15.0,29.0,69.72963181723787,27.99167755361825,5.778742795854276,6.112933690285712,68.86110301787024,68.66430442000454,69.30170034690207,75.88975131183196,83.89048661605216,91.11174427149729,94.16333363227584,94.45556161730178,95.63596791850738,94.916313077741,90.17410625569352,80.82833102687023,71.2062987043593,61.713250947931776,52.63213905760749,46.22387143351684,39.24026096287766,34.94616427173571,30.409129716008028,28.05739462831895,27.54155865226697,0.19864794288017112,-0.9800709131432666
2025-06-21 21:00:00,0.0,72.0,5.666666666666667,38.0,6.0,30.0,35.19644383052797,14.146791986515803,6.009166390644268,6.877945468167637,41.392717207009724,41.17342494439094,43.36890531403147,47.65984069558082,53.283173739954606,59.44121636799055,66.375882336096,68.62538746273012,58.4036707540455,30.671070431423114,12.064376546615534,2.515210063816898,3.9350933647631474,4.750489358871513,5.435474757577314,6.1300096551616585,6.678790019109101,6.7943185878754475,6.708903761337826,6.23838042673654,5.759085807029294,0.18175978759137534,-0.9833429613388902
2025-06-22 21:00:00,-3.0,75.0,60.666666666666664,29.0,9.0,31.0,64.00100515322764,38.08388797341354,2.849904603813694,6.456064625720379,97.79797853208865,98.24556009239632,98.18997733018495,99.14086999794101,99.43269965355643,99.19801499105276,99.15282056171267,96.52411177463044,91.08921429677461,85.03754707689015,77.02723508315104,66.4909835538836,49.32541990126795,35.63977707476393,23.549071753798323,22.847079414312848,21.111445004414467,14.57392326750138,8.745158460064827,5.348996561167856,9.596345021204698,0.16481784665719793,-0.9863240225317866
2025-06-23 21:00:00,-5.0,82.0,43.0,37.0,6.0,22.0,54.5285079824562,34.43356239543187,6.438299262750406,6.4760289267424325,61.01376196860652,61.25780458687045,64.43471330138836,70.8735629730919,77.5500987261977,82.76591100281013,82.7818537118855,81.19713157049378,75.01250487892527,52.881894891967676,31.544863785863207,14.946519383493104,11.679710335924261,12.439555209326722,15.274426165397776,16.313019587422687,16.233751872113935,13.548324958015176,10.38892829979354,6.709055421326076,5.721948998105428,0.14782713347053048,-0.9890132145779883
2025-06-24 21:00:00,1.0,84.0,29.333333333333332,36.0,10.0,30.0,54.804026317058884,39.46178457484621,7.09013977673634,5.8334024385995065,55.17858148870055,55.299273963873276,56.219228350281355,61.28827211844394,67.61763122923561,73.34327482887925,70.95584123218207,67.96466728034987,61.98874551282271,56.731170112774485,54.748986339078876,56.098635632534545,60.66494282520194,62.56525339873434,62.26896904643346,50.61538595480647,36.569596414002156,21.336423588456128,9.406780697074733,3.3956723461422462,2.946588893907289,0.13079267585675922,-0.9914097417023038
2025-06-25 21:00:00,6.0,72.0,24.0,40.0,9.0,32.0,37.98825301496348,13.14289389371529,5.559761478148905,5.377688859770528,46.99177125510835,46.8914770310225,48.9764617369979,53.79304435554001,58.05588343832051,57.76324632346452,49.07148888354242,30.91818901306232,14.785100947153493,11.646737138204829,11.119497688615622,11.269911576947624,10.00381421066379,8.441988319075824,7.031290252348729,7.909724109423761,10.19405790552223,15.01270152105165,20.049984254568717,25.693722555189442,27.91712161133383,0.11371951458594969,-0.9935128947338007
2025-06-26 21:00:00,-4.0,66.0,57.666666666666664,31.0,5.0,33.0,40.02228196003663,13.970728031401878,6.774983877424489,3.847675189484361,39.47732368326784,40.56319222994726,42.07955482172985,45.89336991992531,49.69497350903486,55.37371940023722,61.35784060015105,64.31461126289494,61.70153335290709,55.545079188670144,58.05927310153328,60.85601582944539,61.872047874803435,48.66175543139051,32.674456975261535,16.90726463280945,6.081283316612717,1.7531840088698267,3.0998021137539666,9.162644502939889,25.07254046873704,0.0966127018812031,-0.9953220513156602
2025-06-27 21:00:00,0.0,67.0,79.66666666666667,33.0,4.0,16.0,45.06790834439233,18.013622468901836,6.237841419450872,4.72626247118366,38.51625265919445,39.12374634945054,41.53477441334146,45.785122592733536,51.20268753611844,56.896157603841665,61.0723031037437,60.84697709587753,52.419556908459455,28.104192617907763,19.96528757680427,27.316573442217162,52.81453628208893,51.59230995473496,46.97951298826978,40.77532580837232,49.39172900196784,78.33748682366065,91.86553454336463,95.47951640580722,92.59923141681152,0.07947729992362097,-0.9968366760893436
2025-06-28 21:00:00,1.0,54.0,88.0,12.0,9.0,14.0,89.55763571220754,33.78905968914339,2.3501201610000075,5.330812777234943,96.74408719306106,95.9846186180306,98.98352620471067,99.42187971240988,99.21752887372105,99.71159752084957,99.48545473497849,98.29903748083302,98.88713667996608,99.81807954130933,99.81582818687137,100.0,100.0,99.62978589766789,98.50766161591453,93.67398300143768,91.02936322926456,93.55463356262787,96.41813215758464,98.64098458624265,97.2061029991505,0.062318379354325076,-0.998056320853012
2025-06-29 21:00:00,-3.0,68.0,62.666666666666664,19.0,6.0,31.0,72.93876680928581,28.273838028836572,4.472319401171555,5.585814330752905,72.02108642775372,72.32678655966173,75.38306530111821,83.4893672243529,92.08250828455287,90.33348183261651,92.7514889025548,98.25952277049208,97.96055206369894,88.00609317011441,69.95925257064357,52.50059943744358,39.954149238770455,29.566021052601005,19.127272302449708,15.201178770483548,11.293870905490389,9.212077973424806,7.193237294189029,5.236109602944137,5.951285987707531,0.04514101777397193,-0.9989806246941579
2025-06-30 21:00:00,-3.0,80.0,22.0,30.0,4.0,23.0,48.768600362464646,37.851935964464694,6.980390812878677,5.647100415333824,56.525416785859875,56.73686991693978,59.228438710030275,65.39206471616936,72.23145319174209,76.46832256156732,81.62329040946464,85.02829817063221,81.84133537291697,71.42579892453982,66.22138292021499,67.35519972688463,76.5186109801022,83.14415438633293,87.90859774250309,82.4049311581383,75.71091521815819,67.76455331794668,60.79436399603583,54.4483439671975,50.22219752862057,0.02795029824021032,-0.999609314096404
2025-07-01 21:00:00,-5.0,72.0,79.0,14.0,8.0,18.0,81.42343163922523,47.788830008002286,5.4001359119343375,5.5229251158863235,91.06953190911543,91.36320808246661,92.91819265862367,98.25840234398382,98.4159324008021,98.48270801823037,97.78749273060524,94.8877756456916,93.12162715728645,93.32256509740887,92.72308578881201,89.70926321743912,92.58675689437817,95.87895937931293,98.79770275266934,85.16948961517913,63.8137715519037,39.78516002650796,21.45576308858928,22.70250448525852,31.02917954196177,0.01075130776352193,-0.9999422030204416
2025-07-02 21:00:00,-2.0,78.0,52.0,35.0,7.0,28.0,50.247981025072676,30.168817780327476,8.36039068334948,5.148127818582632,50.40181722779843,50.49480814354974,51.29687146461259,56.375460346109755,62.46444730880678,69.28960346421327,77.57185144669937,72.74513731379605,73.67068961971303,76.36403584021468,76.97855392948743,72.71968799359828,69.61612625654308,60.00626755891059,44.75731786241753,27.64292469719353,13.325119456388448,9.867301108622655,8.911973197006903,14.04286114404291,17.455277892332564,-0.00645086419810515,-0.9999791929590823
2025-07-03 21:00:00,-2.0,70.0,55.333333333333336,12.0,6.0,29.0,65.71339318037325,34.440203001134364,6.998970358410427,5.503647956037669,69.84045490227587,69.95163750161778,71.86566958015965,78.7485394075409,84.89825648602857,88.57374185800705,89.83157894003642,89.66908686117722,91.22556676611195,91.35458391801357,89.33496035315521,87.56606011801713,86.9870577975922,84.696355344298,81.43080309457056,78.4314816740346,75.46828023663214,75.81191449834334,72.73384404208706,62.118299216655174,41.22971322839181,-0.023651127245231586,-0.9997202729664083
2025-07-04 21:00:00,-4.0,65.0,29.666666666666668,33.0,9.0,31.0,54.09708539709628,22.256654633015756,7.538098672431445,6.084855911326091,59.76451605981895,59.55911740348127,62.74584096178374,69.68243401211518,77.85129521050875,87.03742154277002,95.33786766972982,97.96293937053132,97.99543234575245,96.05135918847364,94.40854767215718,94.59748815360797,96.44394784209457,88.89284800857295,75.66542614470764,56.44132285293581,38.64247449948655,26.513051099679284,18.729832833688917,17.47202578752075,21.444802385641736,-0.04084439154329611,-0.9991655196610109
2025-07-05 21:00:00,1.0,75.0,54.333333333333336,49.0,6.0,27.0,44.627665252677076,25.41288340121332,6.703388451865706,5.2667801603894375,46.84021106697342,46.713801810232965,49.85454838808154,54.97372496503223,61.163187020107976,68.3376200986502,75.9140978061353,82.19878274032646,82.99218292771448,71.38271967847642,50.176191186305154,32.555338897471195,30.15296184923078,35.27127052971809,42.97913967235992,49.48655579720984,54.86970384326438,57.62937228798156,59.321124217726215,58.70484838569077,54.14053330932317,-0.05802556932878035,-0.9983150972033183
2025-07-06 21:00:00,-1.0,82.0,58.666666666666664,49.0,8.0,25.0,56.46565215030564,39.08912054001075,8.092432659869813,4.585686015879112,45.080654646850334,44.94037040168921,45.83027324486783,49.44035538601919,54.20051748627919,60.1576134661272,66.68660404484858,73.12893771606961,77.89115455292486,82.17732611772873,83.7318456807563,82.86487946431734,81.09742125575677,78.67691446674645,73.62023737179463,65.6570540503768,56.567133624003496,46.266312878489096,35.73187468970806,24.64389090827536,16.395150968431015,-0.07518957641475855,-0.9971692572470178
2025-07-07 21:00:00,-3.0,72.0,62.0,65.0,4.0,33.0,78.64171584654673,44.06677868467646,8.149898354089544,4.806059130477547,51.46502244350837,51.47782247463738,51.61485703692319,54.61375405944915,59.31751806908662,65.83788264134407,71.96675265114311,78.0525943158076,82.23165000787533,85.79383979272576,88.80047932865516,91.5231286654308,89.91327400031062,83.72055301349543,75.77605210478757,80.96395456884639,82.99519258763564,71.94728090926891,56.529576078302846,33.525611177942096,19.210749495451036,-0.09233133369539122,-0.9957283388645872
2025-07-08 21:00:00,-2.0,70.0,70.33333333333333,38.0,4.0,35.0,68.10974812297766,25.198561418383832,4.559979467672629,5.830716164960737,71.55909605009802,71.35815207150983,76.3498373992027,84.95355302706817,91.28329648271954,93.04213172541796,89.86848406489666,75.48609333543175,63.53635802261744,49.781460724102274,38.01468939590203,28.06344563168217,22.210059461549523,18.544982341556054,15.483889962773606,13.152602441659209,10.774950623965902,8.680120267388828,7.605269605262794,7.911233335517198,8.776677475333324,-0.10944576864891556,-0.993992768446958
2025-07-09 21:00:00,-6.0,72.0,58.666666666666664,31.0,2.0,16.0,59.22858008458958,24.264034715749396,7.127666253711685,4.9739436337353755,53.6420253766427,53.63790131035581,57.19986496863445,63.21393201705479,67.71314545046467,66.82084887987662,65.37364738814776,65.1342244986011,66.65588947415797,71.33413738466905,69.02287134409907,61.59326777742816,53.024671529825596,45.69414140971303,38.95066915655113,34.96928163756049,31.420434382689592,28.306344302073683,25.493815744209623,22.398545018738314,20.71167418121961,-0.12652781683868314,-0.9919630595773397
2025-07-10 21:00:00,2.0,69.0,75.0,31.0,6.0,15.0,70.47782542093019,32.027574468621225,6.121749419474644,5.649895758691839,72.54407237569845,72.45642319301743,76.65474273162502,77.72314158608002,77.19771931927212,75.54983168901231,74.76238010131696,82.90864164006034,98.62443818377395,93.5380765294193,80.81574858783321,69.20139931069576,65.73860270468317,67.196266390873,70.40261839854249,72.71634870022766,74.20640218877537,74.27438795550039,66.5121816071745,49.25062713084141,34.14572520046144,-0.1435724234118113,-0.9896398128792412
2025-07-11 21:00:00,-2.0,72.0,51.333333333333336,27.0,2.0,19.0,70.79069748395239,31.864672740821508,7.74443129342131,4.961036818432199,64.22010273900156,64.25687414597263,68.84016111001196,75.92901433978011,79.04557097978766,78.54102362291943,78.96173593816452,81.17838404162761,82.88753803501625,85.43075458158224,87.38772031740766,84.9746615427558,74.22924916233733,56.161347003759865,36.44515691316336,25.798204381183638,16.412519767135986,9.694578763293622,5.593692812117874,4.6861190828596,5.823045793391691,-0.16057454459499376,-0.9870237158387383
2025-07-12 21:00:00,-3.0,73.0,39.333333333333336,21.0,5.0,16.0,73.42344683897738,40.75911216125093,6.8156239380576,4.552881984808097,79.97543338846566,80.94731157886291,80.11605249588301,82.22141708686401,82.19063467881251,83.01541569421126,85.26373430402012,88.42802138876881,94.30298181716331,97.3858329429443,93.55811001008311,87.46796685045759,81.69590791791754,88.72477311275773,96.54304472162963,82.81482436669656,59.60526669334929,19.834070746639963,2.5937156407003905,8.593493043225042,10.957339533793983,-0.17752914918703497,-0.984115542601034
2025-07-13 21:00:00,-4.0,72.0,62.0,30.0,9.0,18.0,70.79069748395239,41.61862757736623,5.315418693623597,5.179412816002735,71.89590127865092,71.66644249683837,77.1090805456388,86.01310033413448,91.15141708910718,85.5339868858489,80.1018860528896,78.19331595685684,76.9618902297021,76.8506493363294,75.80759471700867,74.94497709653997,76.07013771954833,79.4911449584372,83.26900773198614,83.21060412080288,80.24841803036608,73.1095243670518,65.93105422193818,57.89891222338529,51.48892919332141,-0.19443122004766195,-0.9809161537413774
2025-07-14 21:00:00,-1.0,70.0,84.0,14.0,5.0,19.0,87.14637408597748,45.890086908801464,6.082205667300767,5.468580702279648,74.2517545265154,73.70562902299926,78.55099721995937,86.14797044207766,91.91397448973092,94.22933909662022,95.15877134337259,97.03346175915351,97.36574087942415,96.77866852732436,95.51794178354479,94.60711788771292,95.12565450305604,95.80810992698392,95.83274080926691,95.42828398355996,94.57996675678135,92.96611992278791,84.21916675936275,64.92406814184075,49.940604841010106,-0.2112757555821793,-0.9774264960104055
2025-07-15 21:00:00,2.0,80.0,9.333333333333334,41.0,6.0,30.0,54.25092267518391,30.819742907106843,7.329181831906498,5.295881788463943,46.444372395866765,46.191808015744286,48.77551577769793,53.3952145831101,59.059442896088946,65.49309627705782,71.02877131140647,72.65168501501509,74.73127611944656,73.88071940925585,67.16208727109381,56.10104212149106,41.171321971794086,31.313476332257313,23.84741426451172,24.66710436336097,25.60327790587664,26.68413488332592,26.236451048829334,23.69892738927916,20.649128224186352,-0.2280577712215198,-0.9736476020539838
2025-07-16 21:00:00,0.0,84.0,15.333333333333334,50.0,6.0,21.0,51.115817511179365,36.896739093415725,7.700209126979587,5.751989247819249,47.53141234680617,47.61819533705028,49.43233719808443,54.27415971761435,60.28199189506777,66.7824797773349,72.98885156322,78.42452619100844,80.40900887911457,82.98259876482585,78.97988181320954,69.31279668324645,56.58724594827941,49.032667562999,44.11177439702544,41.27807393210904,37.12466137582348,30.09331540022887,21.870111141649026,12.429942018064327,7.645049159070186,-0.24477230089725957,-0.9695805901076308
2025-07-17 21:00:00,-4.0,75.0,71.33333333333333,16.0,7.0,17.0,84.47159280722583,53.39770172281922,6.970945736230952,5.541347736047551,69.58792189565415,69.81427007724744,70.88942410658721,76.70247086857776,83.23450953680819,87.7418785647617,90.23708047637437,87.27058907707693,80.32525488281287,79.39168941762883,83.70469940753301,89.49758149400125,94.09895381291513,97.37928287324026,98.55238064601582,97.83675388656273,96.95805413836457,96.36173226807469,96.54282337555908,96.04545189472918,91.76496986396917,-0.2614143985111562,-0.965226663665613
2025-07-18 21:00:00,1.0,69.0,9.666666666666666,43.0,10.0,31.0,48.91231522715638,16.50029632947273,5.670269536401668,5.4493426348076595,50.23150428241506,50.08680993142669,52.145566643224484,57.35454943953143,63.72597976043366,70.70968148994538,77.06852876063306,75.97222191669756,68.38383385861499,44.480305334054904,23.018941641950608,7.90758811634009,4.41512792663359,3.657292545979187,4.447177826076891,6.335620463189677,8.68992396946119,11.677670703210914,14.32174691414733,16.28312141686434,16.6304240979851,-0.2779791393987801,-0.9605871111248129
2025-07-19 21:00:00,0.0,73.0,45.0,58.0,6.0,23.0,45.99392700009288,24.74231220794275,7.967370781451699,4.7829908399086944,35.92453232537361,35.84057091440501,36.88783488353328,40.427142602874966,44.500446481666216,49.07119754497041,53.728271823187924,59.43027194206252,67.4338810370597,72.45418785733641,74.72347163832578,75.31315256022187,76.14331927576121,80.04898280088281,84.07108138977172,78.44001530298245,72.78609156298933,67.12340221063042,65.00856790853517,67.2326759187453,76.1877159433903,-0.2944616217868012,-0.9556633054034704
2025-07-20 21:00:00,0.0,67.0,63.0,26.0,7.0,31.0,78.23768272867298,34.33959722884991,6.5041747660387506,5.053741061113122,69.36281791088413,69.21183017177343,70.47013033551546,76.67923059079354,82.55963030652727,89.9981962145754,94.6839754500964,94.39470889329613,94.18080579578952,95.97139173390754,97.10513920814749,94.62364571363987,82.44770273203073,69.14047822266159,54.33486099473792,54.84800064303812,60.45732459687255,81.23048197008278,93.74714732449553,83.62401705897241,64.3544170390807,-0.3108569682435036,-0.9504567035349151
2025-07-21 21:00:00,-2.0,60.0,36.0,54.0,12.0,33.0,57.603838422320244,16.54593659876245,7.083430493277165,3.719820711403071,62.53840789772988,62.39096952000776,64.43529927065127,67.5646113312956,69.83539169458896,74.69395571868053,79.24905831641297,84.84225411750921,92.4281962929179,95.9221819012565,97.22819851714794,97.36573799238857,93.14565912547042,73.82479583767298,46.22528894028638,26.826599818539126,13.542834813489552,15.536795307908758,17.273871966194854,18.57448385880575,18.32093834602167,-0.3271603271220951,-0.9449688462364056
2025-07-22 21:00:00,-1.0,68.0,28.0,53.0,6.0,32.0,46.96300291239815,16.36896698053909,5.606647423881996,5.812707196019008,48.82348755716568,49.68136364052455,52.44231709544152,58.29491781022418,63.89631636869015,69.03800733591376,75.87154240831963,82.98004396747059,86.25007109663102,74.4411822223807,48.40274407548634,29.46030083012574,23.213773129747878,18.569223289690868,14.19441263504591,11.01090400301262,9.110803461484807,9.572058178663658,9.813414456349802,9.663574820273032,8.525568623916351,-0.34336687399638804,-0.939201357453208
2025-07-23 21:00:00,2.0,73.0,32.333333333333336,50.0,4.0,24.0,47.7239173666059,22.68888488308468,6.364497035702321,5.391203751882138,39.91829746411105,40.57777945663098,43.03849852906588,47.37036646717318,52.75999138897763,58.57550331989027,64.61358523576662,68.83871419116662,65.01638137458644,42.984646877123325,27.93513866953748,22.85531217667725,30.748732426711108,39.873215529272024,48.82425047778662,53.22477201428083,56.92282172502755,58.18574427445332,61.203009346237046,64.95414764906819,72.7326559731143,-0.3594718130884232,-0.9331559438780432
2025-07-24 21:00:00,-1.0,81.0,31.0,44.0,8.0,22.0,52.50833622360448,37.70126082113174,7.301435369943249,5.828860905020502,42.93304389123366,43.06225697892935,43.94055773748098,47.937889782351604,52.94948071589239,58.478337372451506,64.84554530070751,71.37878973815717,74.15072095416755,64.40182981064552,49.47093787772495,36.161488392639484,37.920233826897245,44.707966117433635,55.21538896977369,68.49734546265952,82.46329770071965,93.32129985509816,98.03693049973705,93.47228318554559,82.50911037914544,-0.3754703786876202,-0.9268343944460494
2025-07-25 21:00:00,-1.0,72.0,71.66666666666667,28.0,8.0,33.0,75.94378647886145,40.68185789748518,5.754556504135731,5.503908497090256,79.80256206595222,79.98634414696718,82.92097545857794,83.34402279418968,74.83936874121699,73.78013201936812,72.09498465294286,71.722550010356,83.14678097227558,93.48452577378616,98.37420874421274,97.6326551540481,91.17862229273956,82.25537109182342,70.94293261308403,76.54539578927162,81.92484941942158,78.94341807150714,67.6529760762368,43.915582776215665,25.983264237944027,-0.3913578365610259,-0.9202385798054075
2025-07-26 21:00:00,3.0,75.0,5.666666666666667,56.0,4.0,32.0,43.00991391902142,16.46245590792031,6.223659852013634,5.251676239557704,40.12562098503326,40.18674248743477,42.639359901250934,47.09505157181055,50.1078840540716,54.20620070801733,56.83137366996648,55.797330373147794,49.94584877582784,40.379929901836704,31.214519501950534,23.580932975852804,19.03138703292215,14.913660574160728,10.843868440374868,6.814953077922425,5.2286603290341915,8.05164758094125,12.630766033120297,19.783576781026802,21.701174320729113,-0.4071294853542516,-0.9133704517637858
2025-07-27 21:00:00,-2.0,77.0,41.666666666666664,30.0,6.0,19.0,59.88201402804045,41.10174589204039,7.031792112575436,5.703360542421315,61.47203589965451,61.290152150260035,63.8740454861078,70.1904126544527,76.941249234591,84.0906615714564,92.34953138556968,97.68811792697403,96.95953913700009,93.99433924379386,90.93500225607004,89.88745683289011,92.33205772611677,90.68795892879092,84.9516504849465,66.70635778576569,50.85407400048631,46.51339224220912,43.84314327594173,43.74345038290099,39.949609091609,-0.4227806579826773,-0.9062320427107697
2025-07-28 21:00:00,3.0,78.0,29.0,44.0,5.0,32.0,48.47256086202582,17.58590843468956,5.73683164274357,6.177447741017721,37.03825451191054,36.96540687291084,38.062940197170356,41.41279091485412,45.483506863572224,47.59741559784045,42.513138054679175,32.85569336555088,22.726705308162693,23.853117375632895,25.35124968242164,26.285971376335425,25.942346786463037,25.574675033670992,24.672038398657957,22.78840837069352,22.209252207033693,25.465953581003504,33.34353881179796,47.13835760629723,51.53137708068064,-0.4383067230125192,-0.898825465016444
2025-07-29 21:00:00,1.0,78.0,21.0,38.0,7.0,31.0,55.92225541850748,26.1959160683308,6.161360422933753,6.440375987982528,56.49795374920038,56.44768407079659,59.12186391743065,65.24679206858748,72.41391333901895,74.87618713326768,61.801201533383654,41.13219624474913,28.043862358157618,26.029256863824624,26.58043940445146,27.761086997024314,28.530882888791158,30.92537303814322,34.18449425987672,40.1464530009282,46.07952471174922,49.313497561769886,50.15560278234062,46.07540218609335,36.52910473852496,-0.45370308603134424,-0.8911529104063088
2025-07-30 21:00:00,0.0,70.0,70.33333333333333,27.0,6.0,31.0,75.76630560203299,39.048540184898016,7.0344622639966055,5.609788131248605,63.781625222425674,63.78285893826382,66.60072603954536,69.99659437175507,73.95796408902669,78.72112474922952,84.13578249662993,91.40012994787905,96.94765951747442,95.71653228744908,91.67232660122647,87.38903830282631,87.24512122885483,89.06425302284745,91.73910152802324,94.97961257097496,97.87391934151313,99.76263414591511,99.15805442490719,95.08650728184028,91.99096936752859,-0.46896519100763184,-0.8832166493127127
2025-07-31 21:00:00,-7.0,67.0,70.0,51.0,6.0,32.0,46.80934122332366,17.51522099708244,7.820550797604961,4.227168605406957,44.99016799321309,45.68758957522549,48.380387942677885,53.672222039412254,59.87956050086617,65.68932722538256,72.03195996743256,77.69038960543305,81.17800544148773,84.35473860613028,83.68870715969925,72.75001760001435,47.6844230239977,29.375383376324947,14.586124181420901,10.121739338366742,7.246002377655067,6.885213542130534,6.874683711412084,7.1234078685500695,12.043557410425633,-0.48408852163897587,-0.8750190302029955
2025-08-01 21:00:00,2.0,67.0,32.666666666666664,49.0,3.0,36.0,45.06790834439233,17.149311320236595,6.917541900246971,5.098863375978401,47.95741884610431,48.02996338124672,52.980102186512234,59.125348726283825,66.231977702971,74.75713520003178,81.6146393250568,86.47532305581461,90.91973618152822,97.59075423947993,95.88707718729998,80.65742827445665,53.910783937517714,28.278329549117544,9.519154112648735,5.690930784767483,4.0148843537359085,5.210112140078324,6.561911491117257,8.1039750116508,9.43340023703361,-0.4990686026885319,-0.8665624788845385
2025-08-02 21:00:00,-2.0,70.0,21.666666666666668,55.0,5.0,30.0,43.853748005167624,23.745002902021465,7.2120116688137434,5.900572487268398,55.308286946153,56.039010464117865,56.58396493406165,57.48721149052801,58.32405849732309,61.001040006322846,67.21355057672278,75.79058082402287,86.64389813228989,95.76153780696201,99.50498945948976,99.42336395064098,99.6302209619065,99.49511835269625,99.49242307287318,96.1083468429481,84.14297058429916,61.50772394289059,42.115511520961654,23.668296160767873,16.488710163673197,-0.5139010013093103,-0.8578494977869301
2025-08-03 21:00:00,1.0,77.0,11.666666666666666,49.0,7.0,24.0,48.32381008232468,25.914425351969193,8.485015544854237,5.295341377566226,37.78857563605701,37.6180431185977,39.542571239921706,43.571672675629905,48.5792380422429,54.2391491980173,61.08238583741279,68.69486351381052,77.61409343233352,83.19768096706859,84.99810983154896,81.74641306597623,69.17197510722794,57.67958958018511,45.727106755342696,35.93770360976583,25.834111310645874,16.812982728758513,10.08323212545314,5.818317645350137,4.690521601201656,-0.5285813283559292,-0.8488826652214553
2025-08-04 21:00:00,-4.0,73.0,22.0,37.0,6.0,32.0,57.26296650219611,34.2328693449985,7.554666351645723,5.789865025538456,59.39612019524593,59.46880358207921,64.19934521638449,69.17858513249168,75.57700608272933,81.77802302365087,87.22228579987816,91.01539194172045,91.8810856560551,84.68638863085437,78.30659163525435,75.40139261593556,79.6988939277923,82.44433355295475,80.4880987363589,64.69591602249137,53.78439103676518,50.084877605136754,44.36848978893788,34.9829969364269,25.621306791079412,-0.5431052396834317,-0.8396646346181327
2025-08-05 21:00:00,2.0,71.0,55.0,41.0,1.0,6.0,49.21267513574142,20.1557113967125,6.39746426452104,5.885686972210238,45.42658466670133,46.45004507100493,51.433329798747366,57.013622308311774,62.82396441613255,68.47371226408939,72.12718434303298,71.96846725203,66.45777889824916,56.91361647084584,48.84024518641994,47.749871612529034,51.177472553367096,46.990235932084175,38.56564599447953,23.21578881620573,13.339960443035404,7.739174581838432,6.884036848348495,8.68438867226329,9.597356381434984,-0.5574684374327892,-0.8301981337405212
2025-08-06 21:00:00,7.0,72.0,27.0,39.0,1.0,16.0,53.11966776632261,23.54735699894498,7.294769532237474,5.48879418553138,49.622636822527944,50.46366070297916,56.0631373075403,62.51422983665948,69.93058954992314,76.43576032872922,81.77392893492319,86.7179485094831,91.67041730796666,95.27503215509927,89.8093028902609,75.2292690163019,51.999574721620334,33.219320585058774,17.871473679646233,14.368064840360761,12.671235161228028,12.329150314721835,14.592629694205877,18.936631183537123,24.63487356201405,-0.5716666713027052,-0.8204859638785327
2025-08-07 21:00:00,14.0,75.0,23.333333333333332,32.0,1.0,16.0,49.80730647655911,25.61158747687597,8.405298095837898,5.3481263240876595,41.74516316446349,41.83429540681507,45.778132914196625,50.96348891701453,57.08503131668527,63.651611128890785,71.57616929808303,79.87155922720417,86.89265167692697,92.96674872384133,89.9565697419601,82.96318886985404,70.92407993756161,53.89465395719748,34.08242250625889,15.77329084777912,6.465548006049393,7.0603226411336,7.677879886456246,8.270898867558293,8.283508258072896,-0.5856957398073508,-0.8105309990194823
2025-08-08 21:00:00,2.0,76.0,32.0,48.0,3.0,20.0,53.6895020662446,28.0589988548552,8.659050087792828,5.378884630751319,39.50080417774882,39.70836743127089,42.69125652519074,47.29812056346005,52.672462122430275,59.01343187987459,64.68261139544715,70.20543781435487,75.78962200647915,77.28127329956196,78.67077356371814,78.8754448864049,76.75069534258331,79.51299050616778,82.18255062125192,77.77359782565625,61.527732754024576,29.915317028682605,14.44167633218965,9.768136808400332,7.647885433789743,-0.5995514915196489,-0.8003361849976323
2025-08-09 21:00:00,0.0,77.0,26.666666666666668,36.0,4.0,20.0,55.785085837923,33.216398232110954,7.249847357841002,5.07502695204663,55.976604027289355,56.31460985896497,51.25088179792894,53.878864318899986,57.938035793210766,62.54298543158756,68.72844920387813,76.10020752829459,84.34165555532435,92.2430098117489,92.32346905048112,87.71792450655099,78.26564953286484,74.93122703500796,75.4283194052341,88.17574158574921,84.16276365054397,54.51136580776286,45.11883050421313,53.90666204140285,68.51739974234364,-0.6132298262997502,-0.7899045386224707
2025-08-10 21:00:00,3.0,80.0,49.333333333333336,45.0,4.0,23.0,60.26760290646864,41.89474189847237,8.34339805024791,4.949997147993345,41.58145496601159,41.689235164852576,44.957351689791224,49.87516655953126,55.41948541802042,62.10011252802866,69.61824872163743,78.67147734689947,88.64074339441785,96.63087798660463,98.71187866074419,97.4273494382487,88.24646975693716,83.20501199189525,80.23555922638583,84.35526468754065,84.99708457262207,81.01255453263757,74.85197057200588,65.16003167322457,58.64456966676539,-0.6267266965083301,-0.7792391467859886
2025-08-12 21:00:00,1.0,86.0,13.333333333333334,28.0,3.0,21.0,44.68887220148914,33.002708417768865,8.599475289125394,5.616595354923916,32.16402156065515,32.1766434156757,33.73047856002619,37.13295941081231,41.15930826700113,45.87193732885216,51.12876348286607,57.64893304568216,65.24573691164417,73.6956191684309,79.70652982712699,79.47100363921197,63.72599993885484,53.54160510271389,46.447745559926894,47.99953399641299,46.80854160008827,38.76907493026059,29.84174855767871,20.621351175773086,19.16222046961338,-0.65316012232693,-0.7572198192083127
2025-08-13 21:00:00,0.0,84.0,19.333333333333332,56.0,6.0,19.0,44.38752833451153,32.99315619141849,8.937139675691846,5.313615561383923,29.898883947803974,29.906483956590364,30.484540219761957,33.26979556329929,36.864501690328815,40.98061901083888,45.702633619212044,51.55155995243145,57.17872087280512,63.93793021082166,71.79677619747082,80.4672700194216,85.68090927256243,87.8326773375472,85.64762887720376,82.61626908971694,75.03629203365291,54.380475050655285,39.88583906082353,37.9881032584091,41.13861583496204,-0.666088855860977,-0.7458723993404063
2025-08-14 21:00:00,2.0,74.0,43.666666666666664,30.0,6.0,33.0,59.49158469966002,28.189838588396874,7.165278715104608,5.776941371933111,49.027574634877375,48.6842681272231,51.69763860064119,56.963201151371436,62.34513833304731,63.424884867996326,67.99737001403999,74.50955422793466,78.65467403996101,76.8169299945364,69.23883940081471,59.01613424900456,56.377940868491905,51.328966722138105,42.655545615565785,24.209272108931348,10.71687084024828,15.190454287388533,20.575462078779253,27.20999337207111,29.70131992469617,-0.6788204829862355,-0.734304263829602
2025-08-15 21:00:00,6.0,74.0,2.3333333333333335,27.0,2.0,36.0,34.18669475488951,8.51395420603017,5.24847059813369,6.012859046141812,27.938829361780513,27.984673911913443,30.062720520329577,32.01340290270657,29.04796736602172,20.855720891997304,11.911218438156554,8.1846426932775,5.024465972239329,3.861150295010184,4.982096765649736,6.66918843972391,8.492371988403393,10.22522656808814,12.038353756680324,13.383140148956995,14.348839450839742,14.732826659585793,14.40008050287343,13.00086985319597,11.648935719841452,-0.6913512362094071,-0.722518835873311
2025-08-16 21:00:00,3.0,79.0,4.333333333333333,49.0,4.0,22.0,40.553425717581085,21.11404450038095,8.155871050267043,5.263247413404189,28.17302674796842,28.14731366404329,29.764429136899327,32.94220089031707,36.54832160499548,40.49571390245421,44.91242254553313,49.26032619456455,55.55185944227199,62.89720074971511,71.00374536879971,69.27697024910123,37.09394113008202,19.605920230176338,9.046350302880416,12.579918844504368,16.485484288060253,20.030368397873367,24.450104606630514,29.722464707877457,31.03572345024354,-0.7036774074790128,-0.7105196029692745
2025-08-17 21:00:00,-3.0,64.0,68.33333333333333,18.0,8.0,34.0,75.22266484350234,35.86730956422875,4.339790655729685,5.16647851828895,87.68676089507306,87.44656974010961,91.39102009832797,90.68699354210523,85.99403303770453,88.11992310627231,89.69482945213272,86.92624408009362,82.75270328657818,82.18847141202997,83.29157214291746,86.52853426468013,92.6727879685292,96.06488063303877,97.50992585269302,96.96588524071834,96.70761864841832,98.1126566510893,98.52813877885815,98.5163207383763,97.24195532109921,-0.7157953492826642,-0.6983101158835584
2025-08-18 21:00:00,-1.0,64.0,10.0,41.0,6.0,35.0,38.17877884264362,11.17302511455519,4.240426489256316,5.1275567822563985,43.95530712284387,44.04679168957812,48.16964566320168,53.946384884642896,60.79459574784013,66.63401834278281,66.50487469533724,53.13759135701166,30.71498499552367,16.462335860570164,11.600160076402439,9.686933747956356,9.620928732400401,9.03966351851345,8.25302458509808,7.311714014530672,8.111291679707566,11.328458175122844,18.520654914515973,29.816783661546776,38.30234884151112,-0.7277014757264236,-0.6858939875998223
2025-08-19 21:00:00,-3.0,67.0,62.0,38.0,2.0,18.0,38.66066587184525,19.204863764101987,5.4488540377103325,5.292125204999562,41.829296815695244,41.6742285130237,46.01801045919808,51.056051486102874,56.709108185371605,61.777371111945946,66.5133453165006,65.84272208228509,54.80441321036324,34.0902617838766,21.59913685614884,20.000168342602507,30.963268934204358,48.40820485353178,65.24596861249191,73.49980562786845,78.45242856456032,78.51718485324685,80.18974222897769,82.5701462334923,83.10379776448241,-0.7393922635959241,-0.673274892250183
2025-08-20 21:00:00,-2.0,67.0,69.33333333333333,27.0,4.0,18.0,46.80934122332366,23.873772005744645,8.308440894671572,3.9198768908140558,33.75432161059142,35.16668885201977,35.62646956106403,39.77797409434315,44.57481965680135,50.35233208940407,57.437010297598555,65.40760811872639,75.09729695901643,87.5391598796183,95.77393048829667,99.70414352355057,99.6113876096792,92.47118972454955,85.72597916337614,86.73852812180787,88.00017555966919,90.23562961145703,91.4011602751033,90.57708100822246,76.14246040914004,-0.7508642533989489,-0.6604565640279754
2025-08-21 21:00:00,0.0,71.0,22.0,35.0,2.0,12.0,42.38632854210911,21.33971616491561,7.9674781748156,4.315486938482308,40.75165028828298,40.592156584588686,43.589537675909135,48.58370074342755,52.900161191521775,58.34177579086609,63.96840922205175,70.18449597988408,76.27242578428923,83.51961553159437,89.32427621143685,94.06942200707547,95.38986201512148,76.0433562216354,52.691913849973545,39.56325029844733,28.30404352508957,20.077951799202946,13.208073705512835,7.411509559108261,5.426733871315754,-0.7621140503891487,-0.6474427960827475
2025-08-22 21:00:00,3.0,74.0,12.333333333333334,38.0,4.0,36.0,39.77159708844618,21.66300245744372,7.9094251944571115,4.350904462060387,37.59801280974908,37.441364910275034,39.8236501446997,44.28205455803218,49.45370175320718,55.284664155123586,61.69391888303261,68.37079391606386,72.90643121788459,73.86725220405233,67.25464273463928,54.78853250669985,41.37600277218073,33.050398371556504,27.20881891666612,26.505868821981394,25.926632487640198,25.67673018668273,24.237136788986565,21.060399253607745,15.960857392327815,-0.7731383255706026,-0.6342374393978054
2025-08-23 21:00:00,1.0,77.0,39.0,38.0,7.0,19.0,43.319098678448334,28.479002485785205,8.287870928838139,5.530875399988315,35.029534450710095,35.02953474239682,36.821283039365376,40.83904787073513,45.558224180017326,50.835637440858115,57.082497353216176,63.19885829579693,71.03139821801416,79.15215930559425,86.59569294952519,91.24611759859769,89.45549962530642,86.96265642871693,84.45087105849252,75.31380154414767,61.59340194778329,39.55805093356609,27.789176875118315,32.11820919670153,44.660781711557625,-0.7839338166829201,-0.620844401650647
2025-08-24 21:00:00,1.0,73.0,61.0,27.0,10.0,18.0,57.26296650219611,33.66049148501785,7.089410936758161,6.2449147839244565,48.00173708860809,48.17069129291128,50.7874702514917,56.596700927955304,63.50487247026102,71.2653908570304,77.72796544546136,84.94432697533732,90.32091321265165,90.72064350062841,88.93033802571463,86.25154387507013,81.52643482315395,77.50259363462126,74.53147818185123,71.26453352267859,67.13006565621754,61.06509978244456,59.125696050288944,64.41754419964228,73.6596002808943,-0.7944973291665992,-0.6072676460566135
2025-08-25 21:00:00,-4.0,67.0,72.33333333333333,17.0,6.0,18.0,81.06588268605375,36.604844678529155,6.002677321271164,5.461942982922001,88.34717299049105,88.58512945815266,89.94663054362358,89.67720662587747,92.29000716373623,91.50457554670318,86.01621543331412,89.59140633593475,91.89577618278585,92.3905718909921,93.3961979817374,95.182387899199,96.04551892341688,97.96966621978022,99.8283760238388,100.0,98.76822673249809,85.08079046874609,72.43685924541239,64.4673600038693,46.981559678475755,-0.8048257371083452,-0.593511190196115
2025-08-26 21:00:00,-3.0,64.0,34.666666666666664,46.0,9.0,28.0,51.95438421388198,18.62782901639864,6.626546836779532,5.4197587953778905,56.913513991274954,56.85751612951601,59.37336528088488,66.32183825112911,73.45676968168947,76.02418853935755,80.58191804291452,84.53386828139108,88.3082018015045,91.7389969413091,86.21893208022016,72.68618334146365,56.46106846791055,43.76055367608495,32.94914487270447,24.638661336882503,17.003867480690506,13.412756721160166,12.75675117014419,17.248587065220452,19.742935985455688,-0.8149159841660791,-0.5795791048257612
2025-08-27 21:00:00,-3.0,65.0,40.333333333333336,43.0,7.0,30.0,48.30547325428378,17.07270775967745,7.423866810852307,5.736338186250529,50.286868121963394,50.16513275004966,53.607320446446316,60.08137784331296,66.89323689536577,70.48488645574162,74.89173656753667,79.89432640241269,83.56490367609294,88.15310266481711,91.14931837721036,87.01084338536654,66.04122352360649,50.35526974112301,38.45265772593744,39.40754057112431,40.90336273674532,43.16408652397618,45.5330769138999,47.78708199022959,49.6708887858707,-0.8247650844733614,-0.5654755126737576
2025-08-28 21:00:00,0.0,70.0,33.333333333333336,43.0,5.0,18.0,37.670267622000594,17.892979314532624,8.330244491956242,5.613886698338855,29.907116929531064,29.83923850949003,31.999907260537103,35.49407465406759,39.74094909923881,44.49498378964063,49.854132939111004,56.46187387877143,64.47706397820622,74.21961753206803,81.49648212581077,79.75047042588844,59.09273703804695,48.112472411417485,42.08949766156173,49.5556096311488,56.27282515761088,61.59566940516724,63.66966161629737,61.63797237485261,58.38125765844465,-0.8343701235229537,-0.5512045872199277
2025-08-29 21:00:00,-2.0,61.0,74.66666666666667,16.0,7.0,15.0,77.73834933155908,26.620849114104473,6.818580613662171,6.323301699584883,77.06337029091449,77.1126120711792,81.5399159260656,88.00728941003491,93.17743554967247,98.28428797971735,99.16020147598269,99.10300086191981,95.65721355063708,89.76389614200332,85.71073364213854,83.30587332508249,82.08854390931295,80.74494274062518,79.1040640054653,81.54656419149889,84.90441289923506,89.80928566012315,88.47717699292046,74.81967738945762,59.39272037859106,-0.8437282590292712,-0.5367705514607103
2025-08-30 21:00:00,-3.0,60.0,46.0,33.0,5.0,29.0,62.13107935157103,18.810824059946246,7.956212447958627,5.978750154696843,59.507254003584485,59.27243106048301,63.205932675378385,70.34903648277937,78.10036718522687,84.67318749873579,90.32779403140968,92.0555917542912,89.53610962256649,80.26290240054306,71.98495604324332,66.49741625192114,66.73982310616475,61.79711806193085,53.247899243403715,41.30172333189701,36.82240383257052,49.20211719364024,60.311405852318025,68.25841261665451,72.34660021127969,-0.8528367217694595,-0.522177676659508
2025-08-31 21:00:00,2.0,67.0,26.333333333333332,29.0,5.0,33.0,54.3838618372742,21.46542964025912,7.667442008303693,6.632681585382535,52.30838810155514,53.054051818638605,56.474734469362,62.91154695947202,69.16585025614913,75.39733223985135,78.75478749526377,80.01517045916822,80.55567195425442,80.22787405275207,79.45930684300556,75.20291127734396,66.57437879883736,53.48387716931992,42.69516940002806,48.14520567202697,54.599152251936545,61.821940104330054,64.75102658916381,62.575244571865355,54.96498642686638,-0.8616928164028521,-0.5074302810827518
2025-09-01 21:00:00,2.0,72.0,15.0,36.0,1.0,4.0,47.57271854969814,21.312574532894054,6.481248404207693,6.388445978352858,52.22610623588645,52.185142411787865,57.44261418018597,63.829958570134146,70.47912280059462,76.99950294952268,80.07151308348678,80.4683148869913,78.91269680370122,73.68639916921514,56.013320155818434,37.36253760273828,20.805222552025402,15.908104570352947,13.24474883055968,14.838613916527699,16.34444740771798,17.522904881335762,17.421124658906624,15.768771786782782,14.556060147347575,-0.8702939222685674,-0.49253272872205434
2025-09-02 21:00:00,0.0,72.0,51.333333333333336,32.0,2.0,15.0,47.57271854969814,22.153880921184594,7.76557529631465,4.6952223359941,51.32510634347798,51.197435794407255,54.57396594657183,60.14891319238771,54.32035897559805,44.85173145578849,43.383101744086005,47.97294972854056,54.73095058746771,56.24854508841257,56.34485903263473,57.83502668099004,63.543629841887515,71.91408859322821,81.34568429309047,90.99170910022016,97.64825946943286,99.31871244889172,86.72437819617855,57.51105869324552,30.75838284068239,-0.8786374941610001,-0.4774894280028391
2025-09-03 21:00:00,-1.0,70.0,29.666666666666668,25.0,2.0,21.0,54.8099144985178,26.683869404626645,7.536879101137129,5.974097916109785,59.761689883486746,59.45353378830407,62.24047853286541,63.73958103184171,67.96401360125766,73.7162220131678,80.01673987314136,86.55126835980614,92.08847885106415,96.20883439684206,97.48428524653735,98.06286681428837,95.85665088756829,93.52959844523056,90.5174799478943,68.56731094771476,45.16404569678339,25.764459121839018,12.9601866314261,10.510772495937005,11.81990789853573,-0.886721063082993,-0.46230483047981086
2025-09-04 21:00:00,-3.0,71.0,10.333333333333334,33.0,9.0,17.0,49.21267513574142,19.685204992252284,7.43164899148851,5.520366733797559,50.201938160684676,50.170185806357715,52.35389368929509,57.850258448706086,59.811729810969894,56.16252861701357,54.650344383608605,55.27357656931841,61.99130720266758,63.44560622979726,56.31553141593395,40.689933145995454,24.66168434088397,14.758167185235283,8.915757706866334,11.373235154884679,15.175496233089286,22.710814723206674,28.926009917945855,31.37530223508306,24.98765937242489,-0.8945422369764496,-0.4469834295196741
2025-09-05 21:00:00,-1.0,68.0,64.0,17.0,9.0,17.0,75.58697418832247,30.37845710010615,5.92115146770515,5.056192268092118,75.54688654288545,75.59114493983117,79.2780691086789,87.9249407507932,95.10699281543576,98.16373272867207,98.24152767428971,95.81437117296548,90.50704884486608,84.88269684369565,77.99379686204227,68.14041197675155,52.34328146589219,38.31552861480343,25.12050054430162,19.372260450937937,15.45556292990884,17.590637800452107,21.062429965907842,26.690447863448107,30.902142295757496,-0.9020987014301837,-0.43152975897147144
2025-09-06 21:00:00,5.0,64.0,78.0,10.0,6.0,32.0,83.79480745527607,38.324207848248335,4.917536568784746,4.732875896993664,88.11678125197173,87.66515661769678,91.94895046907835,93.84303677185537,92.95595769911085,98.85231485217699,100.0,94.75572968064519,88.45883112429658,83.28026914752493,82.18548885984671,84.56240758303791,90.45045343410429,93.82565344575443,95.73858609652774,98.36810939651096,100.0,100.0,100.0,98.74949159145419,96.40173137190047,-0.9093882203647925,-0.4159483918249421
2025-09-07 21:00:00,-4.0,61.0,72.66666666666667,25.0,5.0,25.0,67.0860046610338,21.634515215448406,6.1777383949527,3.8740990858454083,76.61780016351628,76.40841665982724,80.9634385870537,84.93132604320851,84.81324490646165,89.79437821655829,94.01694052345569,95.87807745652856,97.19858093150245,99.63637604672346,100.0,92.86995002339296,56.637537790603275,26.841154435700982,4.427037933991622,4.075826430028159,4.7953810632202964,8.158274436501936,11.361835575474776,14.35176462253108,15.0937987532549,-0.9164086366943458,-0.4002439388573056
2025-09-08 21:00:00,0.0,61.0,20.0,52.0,7.0,29.0,45.8769799407876,11.542063612100499,5.998742271052204,4.535985383856849,44.872388268737524,45.29701020512987,48.704773874534034,54.44995096051811,61.07437855842912,68.77223634747094,75.83028685558438,79.58791161677993,77.56628503299781,59.30018644502032,39.21018823211967,23.590025013214284,14.702923505945572,9.254163009006271,5.129201078241728,3.553643459593736,3.696646796789796,6.15093018962196,9.145238191924136,12.994081214582481,14.275257911823616,-0.9231578729647039,-0.38442104726885545
2025-09-09 21:00:00,-2.0,65.0,3.6666666666666665,36.0,3.0,17.0,43.06846672014498,17.426545870313866,5.563883053029199,5.372879651303418,49.41381008050593,49.77893732676635,54.9439915193318,61.13083173310939,68.22470181891906,74.05768043098702,76.88698773466103,68.00446398583513,51.65696792813529,39.00831393229596,38.302087179307534,40.18608163724355,44.359909091818004,43.10001885377106,40.410252675507095,35.28359610115242,31.36627026548158,28.588781787070968,27.373826435564386,26.74293801121171,22.946761055037722,-0.9296339319682695,-0.3684843993077793
2025-09-10 21:00:00,2.0,68.0,12.666666666666666,29.0,3.0,17.0,43.54099847976219,25.42458470296889,5.015965383036665,5.914896640014284,52.530119660675666,52.67636679725519,56.74875092733343,60.55908582054924,57.5905416936987,62.980694605188766,67.6456779430048,66.05332310900587,69.52329725358888,80.23568204636537,87.80433747006825,91.02951114338062,89.44924786610767,82.81257578229304,73.35249320147746,58.33307966740018,42.824883309533355,26.423113742248137,14.709280724696342,6.054010682392079,6.393948213720268,-0.9358348973349941,-0.35243871088460327
2025-09-11 21:00:00,-2.0,64.0,21.333333333333332,38.0,9.0,34.0,51.95438421388198,10.971344921947406,4.805503524697934,5.745268125300691,52.600740729586136,53.69706364721556,56.63896458104295,63.01761307221108,70.8330716382791,77.64948675455815,73.11592337134745,49.475564552960044,19.0107333496424,6.763971903090981,3.662282478113049,3.5342806515403966,3.979457414959523,3.768718983926045,3.3008176865111745,2.7179644575449804,2.243114819879464,1.9421228359969493,1.9812312869506046,2.324227136334156,2.83098599392579,-0.9417589340994617,-0.33628873017668287
2025-09-12 21:00:00,1.0,63.0,2.3333333333333335,25.0,2.0,34.0,42.75117614476716,8.41648173061518,5.109227179916135,6.24015572404646,37.89095704158512,38.296515390175706,41.23977595383049,44.80679471785888,44.657645183768274,35.67093140855448,22.11938226151481,14.030372306005932,11.495712954888631,10.138769956309764,8.253388054012301,6.535680795899836,5.185904440214763,6.2612355925917935,8.813415692766418,14.908543042384665,21.364473352102543,28.053998668917828,31.599731984824857,31.662790133450088,29.95635805547036,-0.9474042892438845,-0.32003923622313857
2025-09-13 21:00:00,-1.0,64.0,68.0,13.0,4.0,20.0,56.01890312789417,22.42652663069374,6.804838114502289,6.049855166393477,53.6159600281901,53.57828378341466,57.01151771314017,63.45843387802647,69.19253789164816,71.51968608040953,70.70655316314132,70.2457992698085,72.2956290958465,81.40088092329091,73.4486656610289,57.60390311395892,50.960638019944525,51.56895722823833,55.16531345485012,57.16342874193449,62.609381298397246,75.05908920704368,85.85146012656749,94.7362420426721,85.31487623727193,-0.9527692922168511,-0.30369503751065885
2025-09-14 21:00:00,-3.0,66.0,27.666666666666668,29.0,5.0,32.0,58.42632469788989,23.135616113554146,8.18435444996406,4.957004568587117,50.949197740150744,50.85062951653033,54.746446197351204,60.83579239650373,67.19562120653066,74.20213781604242,81.0450539813164,86.50677591587683,86.62662801651369,81.20815095467132,76.84995490255228,76.40545167523233,84.18901641176178,87.13202914456039,83.86788854610913,58.36205924297448,37.5039416304493,23.0071024507793,11.407262371658664,2.996971426780107,3.241931706354139,-0.9578523554276669,-0.28726097055059635
2025-09-15 21:00:00,-1.0,66.0,13.333333333333334,29.0,1.0,34.0,52.248935377409744,16.67750981090124,4.791959727568802,6.407021230312275,48.045517644319055,47.931830794310244,52.84603679656931,58.511451143238894,63.392914079759734,66.9531853257675,64.23494210375706,50.06266548239719,30.78168991795754,20.695582047920087,22.37505164575469,26.30954028445458,31.29915992601811,30.797183073369496,28.592348585920764,23.113278034934375,20.082871740858906,20.62522501794472,24.191582420966455,31.088084837706692,35.50153947256274,-0.9626519747161487,-0.2707418984477642
2025-09-16 21:00:00,0.0,71.0,3.3333333333333335,21.0,1.0,23.0,49.21267513574142,19.982005092709976,5.433970419285521,5.758541374960677,50.63310572694563,50.33700384191913,55.3897955645,61.2973523022665,65.9373223333377,69.1619570916045,64.46764731255125,48.7298621308006,30.04317940293399,27.662433790548057,28.02209679824294,29.705999564670275,32.0219882146953,32.7938816972391,32.265252572017246,27.356334009324197,21.61724884087096,14.973033535041466,11.522703365879453,10.586875190242138,14.972989788640609,-0.9671667297977312,-0.2541427094613622
2025-09-17 21:00:00,-2.0,71.0,60.0,21.0,5.0,19.0,51.06373373082498,17.35258122528109,5.753394961184302,6.676451917940314,43.38870760301117,43.210359733978,45.818950496492135,49.741856507754036,52.490892357489514,51.96994902879503,50.55765043557564,45.25764386418879,34.16013507044173,26.62687276354835,23.83782833361675,23.436994322166278,23.337246049221907,22.86940199153307,22.102176312082758,21.39311341732682,20.39373712755,19.60886846116278,19.037128987431416,18.5314423708854,25.187962555219524,-0.97139528468375,-0.23746831555846842
2025-09-18 21:00:00,2.0,72.0,38.666666666666664,27.0,5.0,26.0,51.210522217698816,21.258615853151802,7.6880714831280415,6.145804604802749,33.67625927518647,33.75548389920549,34.69236384709498,38.3503683082263,42.83394820617205,48.01699312234105,54.00332357544123,61.32046051396858,66.083539471448,64.8552672578717,58.179716395756685,47.80037491996778,42.013903514088646,39.077933506064745,38.03432385418129,37.27048359891455,35.69252870546143,32.18639597200305,28.47024925379707,25.141470286710078,24.905011090258444,-0.9753363880767837,-0.2207236509605022
2025-09-19 21:00:00,4.0,58.0,13.333333333333334,44.0,10.0,32.0,43.64681638245789,7.5893403567452165,5.9391393827454575,3.5720020278233178,35.031228800184515,35.03401814277612,36.89877498421601,41.159459997111966,45.9270999326711,50.797792891450136,50.43512970217985,49.298096907156754,32.771424353080924,25.419449136304788,21.58774675110673,18.42815158485165,11.668955585566584,6.743405272722826,2.993698473673767,3.013776335669745,3.5970588310006684,5.335191125876956,6.913963213375368,8.43124762403496,9.722993657686114,-0.9789888737409319,-0.20391367068311472
2025-09-20 21:00:00,3.0,57.0,2.3333333333333335,39.0,7.0,31.0,37.04114069129554,7.176852666443346,4.773450068538077,5.120708004950262,32.074759438874864,32.13945850793465,35.11158313436118,39.133974301875654,42.907698941537106,43.6186489996043,39.97534966104064,32.21846340918677,22.603603138251838,15.717257319746592,9.501938557889133,5.346450849312596,3.3722958777619065,4.915349830411489,7.373392526896054,11.939995064908222,16.245621005527326,20.449159435929566,22.68590158714877,23.271161775858463,22.47585877764517,-0.9823516608469237,-0.18704334906991657
2025-09-21 21:00:00,2.0,62.0,13.333333333333334,28.0,6.0,19.0,40.957938422723934,10.013741689381645,4.780966289391539,6.703776090708626,32.349423991391376,32.368461288243815,35.51124605952889,39.7214047349503,43.514957283078864,44.96964054794403,40.84478094713957,30.318236368354306,18.871877176256866,11.377501081101629,10.024438440479733,10.79792842743046,13.248540418452833,15.860405425601979,18.47690023335461,20.31939853557253,21.857824555883656,22.812533432272065,23.442850616565874,23.596965261821666,25.03071443945384,-0.9854237542919524,-0.17011767832049052
2025-09-22 21:00:00,-1.0,65.0,39.666666666666664,21.0,6.0,18.0,48.30547325428378,24.42797922499849,6.0026020854573945,5.65952447389922,36.50508667736865,36.47399986397044,38.58060323086773,42.98982660505117,46.79415420765839,47.10678390535769,48.67335916410931,55.74388955959325,68.78788848379445,83.61151111929323,92.4495379967476,94.72718176464387,88.12946987675109,79.3186754592846,70.16770689920263,67.61466557548582,65.41771088851522,62.53745851014707,57.75228266463534,50.98317319807033,52.423866053622305,-0.9882042449941422,-0.15314166701312007
2025-09-23 21:00:00,-2.0,66.0,76.0,7.0,3.0,30.0,75.4057685928978,33.802657116602234,6.605489032901075,5.399516275760837,69.02316304014361,68.82977856125616,73.11355325150636,77.66657009363587,80.75313912470256,84.17995917514675,88.78466693466504,92.74887156440596,92.54418128699511,90.61794822215073,88.6321371551306,88.42665086459553,88.85444037913858,87.2530515849715,83.59577176185611,78.34294780621731,73.57004437709814,69.4954908190667,66.98259188097678,66.30380133280134,73.18962777457952,-0.9906923101615609,-0.13612033862266704
2025-09-24 21:00:00,-4.0,63.0,54.666666666666664,24.0,4.0,11.0,62.51513516831747,17.839490247583242,4.248213711336552,6.254158929414357,74.04945688232654,73.9366903179385,81.20604674640973,86.78509860650443,90.7266846652134,94.979878613878,96.78491559038027,97.26903206050402,91.74261247054217,54.185298708503716,24.738292454828446,8.475985330111415,4.131535505455428,5.427679880763334,7.221163078614322,5.773891775550282,4.523965478481632,3.809840144961174,3.729117139650732,4.382751262563371,4.940385101229041,-0.9928872135356962,-0.11905873003404988
2025-09-25 21:00:00,0.0,59.0,85.33333333333333,10.0,7.0,14.0,86.57113244805544,37.209822831530566,3.6347136492808674,5.53336984039397,97.85540343631072,97.43964834239621,98.91690253961501,99.7488957372245,100.0,100.0,100.0,97.65056786313043,94.57825179746378,94.5573467571269,94.06229582282803,93.60078561347171,92.02851425950652,91.07478698834474,89.65842090139815,83.65020248420252,79.13690345991228,84.39619092175315,89.26161182226589,93.01556071832546,94.30839536836906,-0.994788305609327,-0.10196189005174576
2025-09-26 21:00:00,1.0,67.0,35.333333333333336,30.0,8.0,30.0,65.35826777296575,27.518560566724595,6.369382484407156,5.52117137617554,66.6241931839564,66.82576400639613,68.156130532067,74.51958844392682,81.53065444682578,84.21479604875985,82.68995541390034,80.13931559554605,77.34744940617017,73.15874157269161,68.67196746390935,65.55246662802773,64.94975668822988,65.56409276180942,66.85846828609174,62.118197777135094,54.76615662163243,42.82613828832416,30.381522225443618,19.920896077338355,13.502465578012687,-0.9963950238187231,-0.08483487790576538
2025-09-27 21:00:00,5.0,63.0,8.0,24.0,4.0,30.0,42.75117614476716,10.38263888805204,4.628326460765549,4.650444075184428,47.34258780325288,47.14478645400395,49.202946174801575,54.18065307380336,59.75450984353783,57.23611961709219,36.83524490913192,14.331049714841745,2.154095172308998,1.8577152574321898,5.094583493130181,9.790237078489424,14.0544664893241,16.109154444798175,17.070045611523092,14.88682784198242,12.342345181729739,9.186189798050554,6.81615106930521,5.269960784837383,5.039936993649114,-0.9977068927101168,-0.06768276175455162
2025-09-28 21:00:00,7.0,68.0,23.333333333333332,36.0,9.0,29.0,56.5773530853524,13.41788120876265,4.921680033422485,6.4266592265406945,51.135207809964356,50.97073611323033,53.270364220955145,58.46562903270337,64.5953496521015,68.05432331075446,59.46081183821362,41.122380878364,21.741494763054252,12.241347583803883,7.306611028073895,5.174180075580059,4.986073193070598,6.112285725227803,7.908764889869848,10.101179986967228,12.640496494455924,15.490828696898836,18.43829519900187,21.42075655627844,23.433346406415588,-0.9987235240803972,-0.050510617185222886
2025-09-29 21:00:00,7.0,68.0,1.6666666666666667,22.0,7.0,28.0,45.22343125997333,23.145564030718788,7.016653486858482,5.1969780329941235,43.720062930856265,44.56069860145322,46.35378534084189,51.46590779542021,57.65527970233121,64.01253954725799,66.27084750078464,64.19628755029899,59.66116849666403,59.09883779769684,63.29447912821936,69.88351502706004,78.37695389150684,82.44097693735442,84.32138674411505,79.2385997660253,72.35562040070175,63.597270901536284,55.293847532552,47.589603253498794,43.35221371644211,-0.9994446170919858,-0.033323525711631344
2025-09-30 21:00:00,2.0,56.0,6.0,48.0,9.0,34.0,48.79868354185697,8.712972528513838,5.899022236701673,3.676764182715917,43.8596157222392,44.090798881541055,47.4938707244649,53.52205842454041,60.15886011431134,67.28852586288313,70.78702211479123,66.35834669395501,50.7604308604846,27.2957818245085,14.91669290937141,7.651293205867815,4.545760015683477,3.319007701745887,2.50056082677086,2.4049548867386408,2.748770201798752,3.494291562198818,4.75511461135704,6.423656144472514,8.202028977785549,-0.9998699583618592,-0.016126573270657762
2025-10-01 21:00:00,1.0,50.0,31.0,54.0,9.0,36.0,49.83113518218205,9.133132065913895,6.504049483940238,3.069315874428787,49.46793871054694,49.546192175038996,54.82857409512831,61.60708446581628,69.5552473351232,77.94880651320848,80.87715565280782,78.3141790484585,76.87071911214744,79.66616506133992,65.22400701815728,43.59935588950308,20.232738399633806,13.799340531338192,8.883539449257015,5.149418916990179,3.6235898907032458,4.02494063718007,5.85049769357303,9.065339470797076,10.510200154758657,-0.9999994220246925,0.001075151282798226
2025-10-02 21:00:00,-3.0,55.0,4.666666666666667,26.0,1.0,30.0,39.82293095757372,13.609227011088752,3.7628296633350726,6.135535899057948,37.710373172866646,38.47412928854222,42.235932497960974,45.859649695437646,47.501437793898816,39.96064363148368,27.036640599995003,22.50029494813654,28.053166965817493,40.372127544212596,52.15470210496507,59.30505788060866,62.921956933941495,61.11299236339056,58.196463326296936,53.91836335984307,50.54106829102367,47.24043846398031,46.2679265135825,45.88634666867888,47.770422863282825,-0.999832969770105,0.018276557681691223
2025-10-03 21:00:00,6.0,65.0,12.333333333333334,14.0,5.0,26.0,41.43795063649969,16.011626234788565,6.2346183760785285,6.868641738062739,31.85210094316301,32.91623934083322,33.26818089472695,36.349849770769424,40.34812843915154,45.18284396610247,47.23796506494383,42.01501344273549,34.70252262044135,38.17577413476838,42.675703758481646,44.95393001739539,41.458258248379195,38.87616988991024,37.34312418175069,40.709730422289425,45.14677591534639,50.9929521937114,55.61605655497429,58.31511260692335,58.120068086559094,-0.9993706508539969,0.03547255575312556
2025-10-04 21:00:00,4.0,66.0,23.0,21.0,5.0,33.0,54.2407488671668,15.235500078651208,6.351841091900854,6.001007731308846,42.78463869419058,43.09753268395885,45.9492712392308,50.7179390295445,56.15064838131756,59.33097677426101,51.83915190534179,34.001399074241576,18.619718736798813,15.45252665432354,13.780319232807972,13.515401552609378,15.048548890538793,20.162554498829948,26.806145966467838,34.09057537315073,40.56187053149936,44.76188825137028,47.19578558314168,47.80458660490827,47.62097342269596,-0.9986126020839734,0.052658056924614005
2025-10-05 21:00:00,0.0,72.0,13.0,10.0,5.0,22.0,55.091227971046706,25.759292540826817,7.128834451776957,5.363985205960141,45.727221193282794,45.72383557470442,48.88312435621772,53.012722450979666,57.701732417103166,63.862825410408576,71.69337576725628,80.01786457697092,86.7724817259386,90.42931290163142,84.21237976377738,70.13254611752852,48.26767113679845,34.77673926098135,23.346952151054985,17.05270812207744,12.56235164284623,10.810338502686692,10.57194246361954,11.810692713436104,15.554486766333369,-0.9975590477788613,0.06982797572987089
2025-10-06 21:00:00,15.0,75.0,24.0,8.0,5.0,22.0,43.00991391902142,12.395892113127116,7.313710519090269,6.317583752758342,20.74740867781616,22.14001624976323,21.050309263934814,23.111698520476683,25.793394962391986,29.090677285859922,32.39444447171153,34.50092190164828,33.79550197561681,29.292232444992973,24.002146454350438,18.99323809431123,15.017639540693493,13.835191644238588,13.431397192032707,13.967950857307448,14.322035735022375,14.719194319728812,14.971727616438054,14.857800323820342,14.640807699756412,-0.9962102997023297,0.0869772313136861
2025-10-07 21:00:00,0.0,72.0,24.333333333333332,18.0,8.0,19.0,51.210522217698816,29.709736961994185,7.502497708413303,5.890484375697628,40.15318803788048,40.37490176275435,42.0165936184975,46.25837004573092,51.26028307738917,56.389496748776125,60.7037267761681,64.85072759723033,68.65235906494424,73.38193429490565,78.05063550884063,82.22965415027646,83.06868321388004,83.25655423150606,82.52185453688072,83.21754707243326,84.0737848259229,83.90816218467702,82.11714578482471,78.3383071865948,71.62637687545971,-0.9945667569706337,0.1041007489354256
2025-10-08 21:00:00,-3.0,53.0,67.0,43.0,10.0,32.0,56.61807189006417,10.639465848241183,5.521079701702497,4.793638264177519,61.948870693364945,61.80379514601301,65.26964333740844,72.1535950373165,80.18325222107626,80.16578846336435,79.95341257143986,79.67484142211579,76.67719567609363,59.90494199847589,38.184084959496865,18.97220676463974,7.593637656395229,3.3071979557469424,2.004197110543097,4.983427374638158,9.29070090418961,16.243159424726958,22.384051793692798,27.22826873726345,24.98950355419753,-0.9926289059345095,0.121193461470736
2025-10-09 21:00:00,-2.0,46.0,27.0,61.0,10.0,32.0,41.692220504903474,7.310414806160425,5.481548656002283,5.143311283128147,53.701382434852874,54.0018688394335,58.43513107850814,65.11641265995804,73.0651892456565,81.57692136302761,91.481872310936,98.96583741280544,99.63764520301574,95.07800094986163,53.457437624136105,22.73982578985033,3.672381874655061,4.288123638051724,5.381737150171066,6.803774570417705,8.050783128149229,9.249909566118184,9.861164930010066,10.160172015753096,10.753143462198272,-0.9903973200352558,0.1382503109109819
2025-10-10 21:00:00,2.0,52.0,17.0,21.0,5.0,23.0,37.74529403251764,7.344764946314361,4.0071647930405785,6.26697459070127,48.65650125677692,48.94650761100714,51.198036272566426,53.312730573309075,52.938000762278,46.36763837328651,30.380513096780287,14.889488386889324,6.223739942997369,4.566731035877493,7.079287601958836,9.914140598128407,13.056533132287857,15.944869140479856,19.098178793726603,21.935353004105313,24.417912409743067,26.059430028909762,27.62643757567542,28.71304649539986,32.28391337840883,-0.9878726596350429,0.15526624985999563
2025-10-11 21:00:00,1.0,58.0,3.6666666666666665,15.0,3.0,32.0,47.223732167466274,13.432099190933904,5.358776863224569,5.620374196869711,47.941257977621454,48.49694349431518,50.96665146536053,56.58315016426695,63.218033326156075,68.39047797720725,62.38047303116946,48.24442110038317,37.643450440006596,34.219773484877145,35.793773707904165,38.91369844812364,43.76579301627122,43.88349062877903,42.04125620338454,35.59698250777631,31.25738541573433,28.583987190515547,28.19983237282005,29.75598168369445,25.5859213510832,-0.9850556718215013,0.172236243027682
2025-10-12 21:00:00,1.0,55.0,36.333333333333336,27.0,5.0,10.0,54.72934506863234,13.246470615235058,3.561038612496284,6.226104396662544,65.770340729495,66.61901729534755,73.25496488398471,76.4768571661517,70.26676136630746,64.62305144135867,55.53721704534434,45.28488833327092,39.65214506734417,42.2807787341744,47.40800778577241,47.38783170116185,43.12965131615502,34.36153630127977,25.407436344344326,16.991237890309062,12.116176906503053,10.09442923776684,12.247658915328412,17.522557225019046,22.347265583792225,-0.981947190186646,0.18915526872004093
2025-10-13 21:00:00,1.0,52.0,75.0,14.0,4.0,7.0,50.14110407189405,18.121013580953914,3.782904861143901,4.316050674967257,62.01555032157923,62.42517069005062,61.1600743798286,45.37593907046298,35.45066640824157,34.426132293142395,38.31251354261018,40.15412091500291,37.92889996626914,30.599444520833273,22.259567968286856,32.14150014356371,64.05637056643918,86.27517732327624,99.81864112072704,99.58336775704703,99.49601075753306,99.61183893220391,98.91188521860839,97.87658153643365,86.45135069079357,-0.9785481345802031,0.20601832032517084
2025-10-14 21:00:00,-1.0,55.0,75.0,6.0,1.0,32.0,52.62981304343418,21.28474248347035,4.534444308105417,6.098692044892482,48.037934432822034,47.93189320514127,46.838473594430646,43.988287318006044,37.89340374476484,31.819281588571158,25.602082764386957,36.05767946053077,69.06900514216072,89.84431010473828,99.19691252960948,100.0,100.0,99.30026314549866,99.13539606492787,99.12594246436417,98.0105841149294,96.784899819215,94.30657859365262,89.34859544316771,89.6697774566493,-0.9748595108374125,0.22282040779479959
2025-10-15 21:00:00,0.0,45.0,76.66666666666667,43.0,10.0,34.0,55.45602520339432,12.656626973921941,6.2047260502866335,4.686851588081665,63.722015261190975,63.90328933150642,66.5047169932929,74.62596562628744,83.88655191604668,92.05450697068557,91.17656885405108,92.52676082264966,92.24786165052029,87.06756412521341,82.08352256617059,79.73346890980322,80.40867484859466,76.8770741409191,70.99946215403287,65.55491317302958,59.52936172063287,52.790557354048616,48.77020177145279,48.65137738148792,55.89833420436047,-0.9708824104813836,0.23955655912092708
2025-10-16 21:00:00,-1.0,42.0,80.0,27.0,11.0,34.0,70.2097508066708,14.680790552217463,4.8434526166018586,7.119799316984482,87.96853690947047,87.63333252998913,91.34947400662503,98.4349028130369,98.31431525232942,98.11570984545352,96.65662268309218,93.41402325800577,91.74481630595469,91.55493645793943,91.30128432645635,89.39395601489947,86.2354801051862,85.17407216051963,85.82312779814401,87.9335630382154,89.22972573656986,86.41323129734968,80.70926322949161,71.56141471175188,56.95516460813127,-0.9666180104000972,0.2562218218071163
2025-10-17 21:00:00,-2.0,50.0,32.0,34.0,8.0,35.0,53.99275556510238,13.20910674132201,4.888109063068764,6.4389929895891616,71.1909298689799,71.15064002446204,74.76504676845228,82.80669189691113,92.3858744318805,97.07991457317678,96.51092878833994,85.11032736810748,67.54235544624169,58.65387750821114,52.00841152858814,46.70698096154072,42.179743297821446,38.03015509199984,33.48121393625863,30.752519213004316,27.480558802176436,25.359358055009494,22.299811520639604,17.565398067467452,15.398906829690537,-0.9620675724981452,0.27281126433401914
2025-10-18 21:00:00,0.0,54.0,13.333333333333334,10.0,1.0,34.0,52.47998684205015,10.986307842388253,4.532333802509146,4.975700088939614,59.39184091106675,59.315585343835444,63.09640922658005,69.95475360898538,77.54569062227003,71.04737512022552,55.11526427407835,44.758667433481335,36.01760632939652,28.323799595302212,22.52351214238798,17.633518663220542,14.046724521841888,11.423515842354053,9.17425972017461,7.932534615373996,7.3016588987157345,8.235348789735413,10.66090208424436,15.328218652926232,20.734093100037533,-0.957232443323312,0.28931997761869527
2025-10-19 21:00:00,-4.0,58.0,32.0,17.0,9.0,16.0,55.16433895681845,23.960530522670542,3.685064424002298,6.083586669236598,74.20428935282776,74.35040648229058,78.78762800033057,86.89168813470155,87.3981207532887,76.29094918508555,75.74208507483337,78.66018164332813,74.70739032319926,65.03870911465168,57.228200231867945,52.3445663701924,51.4593561291682,51.049304732902264,49.754141491014444,46.16113064603209,43.46736595431551,44.50231229842716,42.87055593297674,37.87099284810278,33.299849445805,-0.9521140536681102,0.3057430764672831
2025-10-20 21:00:00,-6.0,55.0,86.33333333333333,19.0,11.0,12.0,71.61961725473621,30.482772510522015,3.9247338359371775,5.7414269407847955,97.10506034160377,97.05561268989385,98.3812747276178,98.75268709548124,98.0757255429713,95.64298155144415,94.55068389228553,95.87723078108802,98.35218725171056,100.0,100.0,100.0,99.66500750002172,96.17698479320234,90.31916296945468,88.22549436200234,86.09235175866252,85.3667155109316,81.60132495050277,73.8052426204374,71.20137650223467,-0.9467139181463862,0.3220757010206104
2025-10-21 21:00:00,-5.0,53.0,66.0,15.0,4.0,19.0,71.40879858498059,19.904812904289876,4.363357564327175,5.977276277029564,84.42370726302316,84.68207203680052,86.21610986632705,92.63997342357297,96.37390768733319,98.38412861889343,97.48907033013917,89.03856660256982,73.28089457462653,55.893080570225514,41.15593452622278,30.575648225486535,33.58905836902355,41.4203082665128,54.04136315401904,58.43023927576226,61.38681650606148,57.41828888234479,51.2117409846188,42.03038471934792,33.373883225342944,-0.9410336347451197,0.3383130181923076
2025-10-22 21:00:00,-3.0,52.0,83.33333333333333,18.0,7.0,17.0,79.93203780980954,15.284669658219086,6.879241822095696,6.724714883747986,80.47230775560472,80.81179522507149,80.78977154741622,84.30120141071431,86.26359353852288,85.29773770791462,83.91001793694736,78.05250247423106,65.01006710829306,49.835356592527106,36.080589102640936,25.645831378155453,22.517306967403997,21.2691944930591,21.773506194064517,22.95568000116248,24.265728515475512,24.71764444991173,26.29755474356522,32.23436427901697,38.351831152635576,-0.9350748843515574,0.3544502230989869
2025-10-23 21:00:00,-4.0,49.0,53.0,29.0,6.0,20.0,63.121017153336666,14.839873388479715,6.744927476649541,7.193628688180212,85.73290691227052,86.09814842637967,87.3620768093279,89.98983873589088,89.81508012602343,91.23318151101714,93.10043123626637,95.49525111251735,98.50854692300656,98.0678370913054,93.10243240163575,79.54524221059643,70.7678849747763,62.23200129949055,52.97648905524043,45.91305698731345,37.87297401722816,34.94758053193565,33.258848215319254,35.77461141124827,41.767244065818815,-0.9288394302558068,0.3704825404820963
2025-10-24 21:00:00,-2.0,46.0,53.0,32.0,5.0,30.0,60.26919272727146,12.999257151893,6.880798553476863,6.717415157557264,67.3230020345336,67.3810921513879,69.31731479157095,76.49997123923667,85.2727087520994,90.68946434426834,93.54219567727826,96.12005415618687,95.29144981032117,90.01032888346138,85.24152907107641,82.7868873734914,82.90619674261353,82.48680869317258,80.67718050610463,83.04894909411348,84.8204141444382,84.87286443299915,78.03825267037723,62.51851335318338,46.923832546847486,-0.9223291176290545,0.3864052261209853
2025-10-25 21:00:00,-3.0,44.0,60.333333333333336,36.0,6.0,31.0,57.60857456030561,10.463913314968552,5.236829781045374,6.910858453941381,78.1688379343165,78.41845730707468,85.4704310438825,90.80363697135473,91.99258847795205,92.62715108479573,95.43650068752683,98.86058330518638,96.66470866356995,79.94787222886215,54.43664250500304,38.03932687843801,31.998432507887603,29.416905989810655,28.03258198081077,31.444509246708574,35.8172421774897,41.92040632425394,42.12675807690038,36.881258217676816,35.62470275283619,-0.9155458729775467,0.40221356823680365
2025-10-26 21:00:00,-5.0,41.0,74.66666666666667,24.0,5.0,34.0,72.9723905164196,9.771481989700108,7.248844439289801,5.763930407248121,77.80545096972831,77.75484348325297,82.93341386585212,89.95990255166471,93.37472861802331,90.76217901442227,88.07861928205327,89.45001611272187,95.48212440413123,98.4912432565227,94.22377030981765,82.21572217368968,64.34904191016881,50.48350765865042,38.15488556308333,31.914631166087933,26.340630363437008,21.68144155287863,18.788046540197072,16.30707302559951,16.023425847236194,-0.9084917035725082,0.41790288888678667
2025-10-27 21:00:00,-3.0,42.0,67.0,23.0,6.0,36.0,73.07605006966709,12.664932483334594,6.347484492091739,7.502649820985675,84.43112651770846,84.19164168945778,91.82479776525297,96.58081450744147,99.18626971274719,99.67081757849728,98.76032634898392,95.2284478200406,88.63023360891839,81.58130175726235,77.45065557241321,76.31418835412127,77.43526482139754,78.79206787132343,79.3536107118157,77.27044095159007,72.6584421447805,64.12933950859869,61.14936960618685,61.4244778386411,65.96306330981835,-0.9011686968561569,0.4334685453485363
2025-10-28 21:00:00,-1.0,44.0,29.666666666666668,17.0,6.0,36.0,62.46572907220463,12.005898127110122,4.156044430000655,6.888337652410583,74.98884856217352,75.37976035091548,82.36084389922182,91.236591324352,94.96022857036193,92.71150827917945,83.75745944968773,74.83338396862558,70.39205714270966,67.9098693632238,63.989001864726724,59.696277378069254,55.14643304537661,50.073808813493436,44.23990151891735,38.108003668013964,32.586265380442924,27.53901585803043,25.07225767966067,23.20834132824553,24.40618594082033,-0.8935790198239952,0.4489059314938798
2025-10-29 21:00:00,-3.0,47.0,21.0,7.0,2.0,5.0,53.5437614305185,6.474428272302568,3.5079872566632058,5.722318316413696,71.88255213867384,72.22952277232172,76.01964521769236,73.39011466696846,57.631183162033864,34.38119633914031,19.219882945084173,11.95003861137189,8.511903874630649,7.688568874046438,8.293708609078008,8.362286035420857,7.603216137825207,7.0715874783552515,6.738781337011932,7.243841200682019,7.462071823492343,7.412258173829564,6.362448319425878,4.328660998932729,9.286287307391762,-0.8857249183835637,0.4642104791518923
2025-10-30 21:00:00,-1.0,47.0,73.66666666666667,17.0,5.0,12.0,73.58612048734834,22.462019579983654,2.4960032939093444,5.5431239879644965,87.2098107890094,87.54628961344956,90.43499270669402,91.45151824432334,89.65871493636773,80.99830698873961,69.85604693034534,61.16357535407263,61.944758392157716,75.212330096702,88.70445585089706,98.86866098949176,99.32971147727001,99.29832269258976,99.33672728343538,99.20705501501264,98.40500468628682,96.56542040631196,95.1155373337198,92.99211543403005,92.10118029809367,-0.8776087166898392,0.4793776594606945
2025-10-31 21:00:00,2.0,50.0,85.0,10.0,6.0,24.0,89.38298071665332,20.593328438488584,4.772499788822763,6.786695884598393,98.97442787937987,98.580713130779,98.95256637166213,100.0,99.96430550465422,96.0113726846136,91.39055450262593,90.42768329341428,84.9218957612092,73.03455300153475,54.28924166746,45.95281783027215,42.463007500766295,40.21159114141344,35.508165516866036,31.459369040213026,28.602782355030982,26.818670633901625,24.606934741805663,23.023809815556625,20.88053840505575,-0.8692328164574792,0.49440298420761813
2025-11-01 21:00:00,0.0,41.0,79.66666666666667,36.0,14.0,29.0,70.0973330341911,9.171382195596824,3.932854563359645,6.446361592423287,78.5861263206597,78.95429206096239,80.17588746722862,87.29146346772664,94.69204921911468,99.428840677188,99.52506740563145,91.63148549961298,69.45863686373706,47.66424426198193,28.127843024360168,10.461779102095425,4.018929397994017,0.4513153730338242,0.24675100181662415,1.8278008961155199,3.345548247495036,4.228823345669994,4.818148677424854,4.708171118460151,9.51568618138748,-0.8605996962501181,0.5092820071573356
2025-11-02 21:00:00,0.0,38.0,35.333333333333336,29.0,8.0,30.0,59.1517946360107,8.365033007818331,2.58639107646191,6.896989374547473,75.84188010138374,76.55984705592843,79.73869300886638,84.90219127468421,87.43839238908234,91.29329416939682,94.27757297541895,84.13869861616531,59.09861436128039,29.675166939969156,18.711715503979455,16.586391538014208,22.241119959712485,29.902051800776135,38.113673501816066,41.33132270447644,42.56730429513758,41.25014500875528,40.765536909054134,41.28609535792512,44.81824023949032,-0.8517119107469189,0.5240103253675756
2025-11-03 21:00:00,0.0,48.0,60.0,16.0,9.0,18.0,65.52729189453571,16.42685037903763,6.352746940208666,5.31807366877859,83.32230715982182,83.15244542765353,84.77274591451321,88.86878386654135,92.40738238188473,92.60271981715736,88.5254882449102,85.61746781166941,84.46528878319927,82.92788424338339,82.57426045044237,83.02071516158527,81.87178364416494,80.2455845696405,76.79753997929066,77.61089633227736,78.83329239899335,82.07863083466376,83.43369847266769,83.88446577403373,83.12068859802241,-0.8425720899866032,0.5385835804920232
2025-11-04 21:00:00,0.0,40.0,55.666666666666664,39.0,15.0,30.0,64.51853417070238,7.821024578315277,6.722522823262831,7.398457376210544,70.51381234769762,70.57283633108938,71.82734939742201,78.25996170293308,84.99623966914922,90.19206606085521,93.23860655798931,95.20683823654478,95.13041803405976,86.94919577215255,66.98510740724537,37.37417090765891,20.04343983131094,9.783630347400488,8.415434830994721,9.090379965394789,10.254474200638592,11.266854926532245,11.593695776760356,11.086043947876714,6.167979274177503,-0.8331829385891785,0.5529974600700271
2025-11-05 21:00:00,-2.0,41.0,83.0,19.0,5.0,19.0,67.32314941644336,14.38404569837632,5.923079920382097,4.468311603942391,91.36170944625877,90.85602775600886,92.8467641706739,99.73288899849425,99.77819885919853,99.75713416231662,98.55129024653331,97.79964829365449,94.59885053788454,92.49377909517914,93.06462802442003,93.88231391160846,94.26662213524256,92.81885773559327,91.16662812286623,89.59438426628982,88.42656324707094,88.72468143122987,88.00149325336189,86.8958497571047,85.54014254329503,-0.8235472349556007,0.5672476988027229
2025-11-06 21:00:00,-1.0,34.0,67.33333333333333,29.0,13.0,31.0,66.46331801937477,6.633169629562461,6.386878903901268,5.335904360993182,69.24633778384275,69.17784221653234,70.18671515413723,74.77815660523574,79.32851181853057,80.38657213252623,86.4857381435648,94.59122263254038,96.75457671474908,78.16635580613644,53.35803487039473,29.755720370503802,19.705150849700136,13.609456142588735,10.352038943622292,9.005143156757988,8.395999870246802,10.091385265549334,11.630501466148797,12.072703807487208,10.337789612302888,-0.8136678304455991,0.5813300798152042
2025-11-07 21:00:00,3.0,35.0,81.66666666666667,18.0,8.0,16.0,58.72237306522481,11.815586326597163,3.900571636974792,4.108763642533193,78.47863218258962,78.48106830390017,80.21740578200487,87.34703340827814,93.56266377732061,94.96247095937646,94.50710330341167,95.44246618952663,87.48439571980484,61.87007922989751,37.998845306636206,27.77783577718303,36.03430432631427,49.31236235203973,67.81085048279205,76.6322517527665,83.7941913476244,84.89936470341131,85.15457441364454,83.58223778450034,82.46875110423258,-0.8035476485339116,0.5952404359043674
2025-11-08 21:00:00,5.0,41.0,47.0,23.0,8.0,30.0,70.0973330341911,6.944693748273406,4.195668815363193,6.117563754106812,79.62713519349877,79.92094637420433,80.87924796173598,88.77461576001699,96.26204953047359,99.03153118269447,78.3706014224649,36.22086503882016,15.318795771431537,7.750776681384405,6.189774218799027,7.334495386720954,7.2057891966844885,6.173567080302936,3.7979568960549908,2.5283679118175013,1.407091652094592,3.9380441965093724,7.663761280672765,14.310032901561934,21.015628607605873,-0.7931896839451843,0.6089746507720486
2025-11-09 21:00:00,-3.0,35.0,68.66666666666667,17.0,5.0,12.0,63.86799609970165,14.239368422392236,2.6978100379534595,5.692660127284459,89.20395674029493,88.86914656404292,93.60157989239619,91.6862969837262,90.1066189904429,88.072385885894,90.52430798814794,96.86011908387515,98.99636457605831,99.22331407945494,99.63965728262605,99.0229354912558,98.79717620857447,93.6291123236969,83.93206470590006,75.04414747978778,65.17192556838332,57.34028522989547,52.37989237999089,51.1675581065846,48.486155215696954,-0.7825970017677834,0.6225286602431057
2025-11-10 21:00:00,2.0,44.0,90.0,8.0,4.0,3.0,96.24714474151698,27.67399240520099,3.8765686815754576,5.65019649251717,99.61037779511402,99.5603174070938,98.28190912809968,98.6948708299837,97.88084380548334,100.0,97.80377788377677,93.10292552493587,94.2795565800392,96.79960406645297,97.91294906078538,97.50443779592432,97.29142922956007,96.27389345536184,94.86558732532441,93.10055696323295,89.7632985235981,87.36775919183577,85.78406511711705,87.07134122797868,86.4829535961057,-0.7717727365467837,0.6358984534680745
2025-11-11 21:00:00,-2.0,30.0,79.33333333333333,38.0,10.0,27.0,65.95824207809558,6.915701304767006,7.091570235671777,4.276488117529313,79.3472026439297,79.07502070468077,80.8708276209351,80.00738522607186,85.61453765010447,91.59579055729829,94.53623946804092,93.4609344079769,93.86244123030035,95.94703993201882,94.8011364160081,90.97080441248075,77.46555108317453,61.06425552735831,47.18779423885849,36.26270544051306,24.608588378753126,15.425420081795425,7.385378584350062,2.163536025710754,1.1460665474002742,-0.7607200913564104,0.6490800741100398
2025-11-12 21:00:00,-2.0,35.0,76.66666666666667,21.0,4.0,22.0,63.86799609970165,10.477939816583309,6.177220549024253,5.416214094915421,84.76115087497547,84.80441859962598,85.0773302168813,90.11100545755242,95.74647330280038,98.58029601442966,99.80279143417854,95.22077964783175,87.10448281025987,83.59715414812715,85.08498959872004,86.60727586547556,87.24042690354752,87.90436669832552,88.38585182977371,88.1404609760689,87.80508877482158,85.09667302762378,81.24008618237369,76.04079022013832,72.71002674977284,-0.7494423368521953,0.6620696215153815
2025-11-13 21:00:00,-4.0,34.0,81.33333333333333,16.0,3.0,34.0,75.27814700369807,9.36249996635331,6.836729269102358,4.049710699680833,84.57552853653102,84.73116284932668,85.07908054185171,89.49529849426206,97.28794903059246,93.757305136999,87.2473585883703,93.32866899381929,98.4186487952877,95.53188145384449,84.45696700246751,69.803212055649,74.93283807266224,81.01158663311914,86.27629133180609,81.56163596492794,71.62628703353691,50.74971193006802,33.057216757813364,21.97416335459912,18.738990254641983,-0.7379428103031386,0.6748632518680403
2025-11-14 21:00:00,-7.0,31.0,47.0,30.0,9.0,32.0,66.08546573854399,7.645100287504809,6.9827583554887305,4.011442531632052,77.24384845546918,76.85753451633902,78.6733307698395,87.16128741513126,96.74017196541747,100.0,99.72669023642977,93.10105446091391,85.35593005013745,76.60737346469546,71.24509509537937,70.75256679305801,70.21354910090608,68.03207842068807,63.75472426722172,56.991043046145606,49.68601332538007,42.83041233919875,39.039699990301344,39.81069771852781,37.319260007700905,-0.7262249146041543,0.6874571793269664
2025-11-15 21:00:00,-2.0,30.0,12.0,12.0,7.0,30.0,60.54783321911871,4.530789038611604,2.9931164128383503,4.956249934063393,72.42883638837043,72.68132066028645,72.82065414660897,79.84068694241981,67.49663244189078,41.48303162505265,24.383377256917218,16.037955582760997,12.210201488240463,10.825333367740592,10.807489019687507,11.823181032729465,12.958201649135912,13.60146251088756,12.899591538458271,11.091507611483246,8.626096243943937,7.545243364012172,11.56503447600511,30.09541650382308,51.39667192355295,-0.7142921172691032,0.699847677146407
2026-03-03 21:00:00,9.0,32.0,41.0,15.0,8.0,20.0,49.03714864904513,6.4188813606761554,5.588968051437132,6.248028730380772,33.81553046928622,33.609327083536364,37.8218656212733,43.255690121267705,48.92580026993692,51.384740994653555,49.66308594901427,46.05769430083154,44.25547335501481,45.14390833941219,48.20733380200829,51.01957378644323,53.69941778424552,53.64428174663299,52.891891565285434,51.84167383812625,52.85807539934383,56.27100460001305,62.279648997418846,70.26967388156606,74.97516864897645,0.8755389928586302,0.4831474640149687
2026-03-04 21:00:00,4.0,38.0,38.666666666666664,34.0,8.0,27.0,59.1517946360107,7.292636378869433,4.756463336697179,6.608885993794908,54.58190504424025,54.40820161111976,59.66238877778169,67.36899447781674,74.54830660168751,74.80200327243934,65.21648911739872,48.398132122811106,30.908131429441788,19.651040267560735,14.911435955999217,14.356372437673103,18.421695024351727,24.048530474773216,30.565561957139874,35.52180979464469,40.35983330072915,43.354479146625856,46.4541964577352,48.9576558610616,52.42145616033047,0.8837203473619977,0.4680153284438345
2026-03-05 21:00:00,8.0,23.0,75.0,15.0,4.0,3.0,65.04948730534909,1.9636276221441835,-0.03168076069272816,6.12085079619317,50.41865637746136,51.9562133990626,58.912467059641706,58.035523209766474,37.18398432795588,16.6542124931937,8.176282253801476,6.27225762934077,7.9939083238179105,11.793403343098591,14.721414632861352,15.453941344623578,15.011229352168396,12.898799698498994,10.667588117833171,8.13950351282545,6.362607539033672,5.151290121492655,5.884871716219584,8.06971801888698,14.792299355113922,0.8916401947968874,0.45274469960737107
2026-03-06 21:00:00,2.0,28.0,75.0,15.0,6.0,15.0,68.58145714687922,8.98974379233313,0.08004092410144004,6.024659181746843,62.908268049888996,63.783009140446424,73.65767710421696,83.57737050477074,90.43107866781243,93.7080717153099,96.20804944355974,96.86846190122715,91.72775216158729,78.0926168571823,54.750470412061134,39.621295364886954,28.95647082579297,30.17372481754798,29.712996045031776,24.519358505934154,19.00663710593028,12.768878181012536,8.650705293703162,5.129547551043139,4.6793514144269865,0.8992961915530253,0.4373400963303323
2026-03-07 21:00:00,3.0,39.0,77.33333333333333,8.0,10.0,17.0,85.42470360061787,25.576858287987335,1.419779942081753,6.29792638115647,95.38861524964433,95.31271968691895,96.87123790100796,94.20600636054454,92.45852344173369,91.79365549683843,90.11161645497994,84.81103774169414,79.36876788556141,76.55229785124523,76.46798668454143,78.93740243773853,80.82722629389154,82.78726804000314,84.23357620107778,85.85365818654945,85.52754627386435,81.40425852388847,76.52006200300671,72.49296798957917,73.26672888410232,0.9066860720977985,0.4218060770826634
2026-03-08 21:00:00,3.0,41.0,71.66666666666667,33.0,8.0,28.0,72.9723905164196,9.479275764061798,4.911784832642927,6.282979294403976,70.44526597735144,70.5202031500603,71.01311363839356,78.63788885044542,87.89097078589143,89.67229870931959,75.46336980173255,52.73168373175592,32.40765261309799,17.940223499530145,10.35337319696456,12.364752727320448,27.782336950786384,44.07744699304775,60.799169113795536,65.80005035634663,67.7497575278716,61.60053553067235,53.15230440460543,42.37936623703795,30.059738623423975,0.9138076496466615,0.40614723863057883
2026-03-09 21:00:00,6.0,48.0,50.333333333333336,19.0,9.0,20.0,55.896288937760055,16.49873183946525,7.062941079131813,6.399019789550267,39.08073387157679,39.2348745007895,39.53004883389931,43.30409997383896,48.34252316664471,54.25504324459377,60.725642424843265,67.21032766289986,72.62867201617946,76.28102406629868,79.83733765943248,83.13686764671243,82.98932850966906,80.97120812277284,76.96783127475628,72.63511702531791,67.87854402384137,65.41792621808247,64.32770430500453,66.33176102120613,69.84733199943354,0.9206588168102428,0.3903682146763026
2026-03-10 21:00:00,2.0,48.0,23.333333333333332,23.0,4.0,20.0,60.542358687731365,13.64354567847544,6.3188290723286,6.025806173655678,43.03539454430778,43.21619727416305,45.5942796271102,50.634169726356234,56.47930362479886,62.203520523008834,62.49166436431366,56.989158664154374,50.15245050941972,46.55893176088542,47.62423868976372,52.26132063582513,59.76911640565151,67.87796949054817,76.26680966348414,81.17781799850192,82.5451693584698,75.41362325488976,63.992336723436104,47.130430534920656,33.24099541469882,0.9272375462179537,0.374473674486883
2026-03-11 21:00:00,-3.0,30.0,85.0,20.0,9.0,12.0,81.41119792665678,20.91776078576289,-0.4661848767023694,5.586904944148433,94.36958134588455,94.61034518655592,97.26496543000168,100.0,100.0,99.47567154462863,100.0,100.0,99.26423985677668,98.35246782384195,98.32410537006146,98.66390999024655,98.86672602081082,99.06945868254482,99.78544084732577,99.06949423649523,98.65211167658966,98.65675313942194,98.36641409077104,98.54216020204224,96.07419392484971,0.9335418911179212,0.35846832151248087
2026-03-12 21:00:00,-2.0,28.0,69.0,43.0,14.0,29.0,57.69776335246639,9.618365928143485,2.488356287116624,2.906772498702123,68.73802394044384,68.95354001855735,69.23193986116296,75.87017846920435,85.826210665423,96.31977807597694,95.66246791745442,75.75008733248852,43.33226271869783,19.766587993589493,11.543506267402153,20.770093119875728,42.053277251267,63.20627934020807,80.0420749378772,87.60260130510535,92.678908288551,94.03400933822932,95.17394428266086,95.6844310715261,93.00795932242607,0.9395699859530622,0.342356891994542
2026-03-14 21:00:00,-7.0,33.0,76.33333333333333,26.0,9.0,32.0,63.60334542188095,8.035227535328255,6.353967862944812,7.527781610790349,77.64385314301421,77.4339799057179,78.37533219009315,86.23029202523551,93.53024987505061,93.93512382000992,94.60688332824336,96.46049674780065,94.22479770307068,87.45212838759898,82.11136344751525,78.99543209662342,78.61103987457831,77.96687055690016,75.69641114318244,74.20430206281875,71.87602047920626,74.6791323978724,77.06075090356089,79.94489466949003,80.89460517456814,0.9507903724625832,0.3098349038318025
2026-03-15 21:00:00,0.0,33.0,47.0,42.0,4.0,15.0,39.498336966001126,8.099666361756404,3.361011504602801,4.077491985979775,53.71353249143325,53.99001127761607,45.34174330435333,36.632033810040824,39.0130772264126,32.83115276006945,23.575976265594925,23.203485885375432,38.06601578800182,67.73931109918074,85.26048253614582,92.70822350088108,95.70302678350176,96.31115213160417,96.30021484518598,96.02477789110705,94.71291237242666,92.24734903808911,88.11809749042796,81.17325964554259,73.76178729956571,0.9559793438440766,0.2934339689665273
2026-03-16 21:00:00,-3.0,43.0,81.66666666666667,14.0,11.0,15.0,85.6650984514215,21.355026368643426,2.0562513129995352,6.307920852135121,98.35996950892914,98.07329819586481,98.19603192106582,98.87253879354935,100.0,100.0,96.7009304617952,89.67235151712545,88.073849398409,83.72043682106887,74.70049344463382,60.92619973979735,47.28607249293155,38.4225000605847,34.280629146833185,33.62123671302104,31.96873458911973,26.99464804933286,20.586887245828198,13.177089899764152,11.132007788628401,0.9608854255574977,0.27694620226893646
2026-03-17 21:00:00,-4.0,29.0,36.333333333333336,55.0,13.0,26.0,44.415732374743364,4.968222627770299,4.908986633601124,1.2353982796362597,57.76831270219369,57.55724458192566,58.231777241345405,63.78337027020973,71.58533644027028,80.61934054740541,90.10253509393075,97.36403471974212,98.21205537103268,83.2240567055566,55.97071359309835,28.47203951046978,13.775323118889885,5.837193360031188,3.4604533887537556,4.028111067158362,5.252861514987768,9.267359908479182,14.351705666097514,21.87865299009729,30.111153789162277,0.9655071658143364,0.2603764827344581
2026-03-18 21:00:00,-3.0,22.0,18.333333333333332,43.0,5.0,29.0,26.90873053501549,3.0952079447513174,4.190072815079002,3.850679271365761,44.738483454171465,45.27754181339536,49.215823512170694,55.574109405682684,63.290818540408,68.92983976446934,68.50247914280587,54.536566680228816,27.438986772712926,10.067822187292473,7.360217319977025,9.858199272529276,16.13906363540548,24.17795003878697,32.717993838187375,42.673594345749564,52.02489456207269,60.5583046979684,67.26761500034132,71.98190755474127,76.05893255731469,0.969843196967294,0.24372971360968387
2026-03-19 21:00:00,-13.0,31.0,54.666666666666664,43.0,9.0,17.0,44.75408733392624,7.545332113286255,5.884504551350067,4.610466079266688,89.4747292838366,89.66252529103163,94.70233459816568,99.50949454807629,99.68171067836728,99.85204612662396,99.58769687386521,99.09445106630996,97.93291514009009,92.73719962691665,90.15698631852878,90.63725957206017,93.93919339572811,88.83083106841451,77.95067682215185,57.17046703633759,39.278191204631376,26.505073449897537,22.421397643972032,26.713180262883927,37.03178349111856,0.9738922359149924,0.22701082094141847
2026-03-20 21:00:00,-10.0,36.0,70.0,41.0,5.0,19.0,49.684295857041946,11.133602116092584,4.45325323483053,6.216939018734119,72.33833470936423,72.57113850950039,73.74367910234515,79.12961717743579,86.94871879564423,92.70253354997851,93.57954301699186,92.15526123328252,90.75865954294657,90.0067571813555,90.64774440886829,92.10224906200553,95.61803865422392,98.2229674746384,99.15169686344629,98.75052288320191,97.17808933504841,93.18491054187523,89.04037440009661,85.09110173250039,82.3155235941501,0.9776530844816641,0.2102247521189836
2026-03-21 21:00:00,-8.0,32.0,46.333333333333336,47.0,10.0,32.0,49.03714864904513,5.649695552481215,7.317020636947245,4.659447724402119,63.02502851582936,62.8486292412467,63.737820950846015,69.74222634573299,77.90390238229506,84.21326325429294,82.80939960368039,85.0868932851368,89.22828303496036,91.18456301575873,88.33101683723659,78.76084458986952,65.59283520602877,54.81778857063618,46.02011745582902,36.21765316060602,23.529028563647817,12.84499832173259,1.5534052664047573,0.3582322573856002,0.30465616083484154,0.981124629771712,0.19337647441020586
2026-03-22 21:00:00,-1.0,28.0,80.33333333333333,20.0,7.0,9.0,74.67971522599554,8.74814445395224,6.327848344028305,4.216455777664173,88.37879364380188,88.63711117130748,91.69834374872686,98.90978785856576,100.0,99.86004447300314,99.26801751458304,97.41881671525684,96.47235794877973,93.16465738959063,90.49183224329927,90.23797425809,89.59097033357199,89.36835236911975,90.4880347435606,91.28994046727462,91.32690388597668,86.29747428000238,72.97316748030558,48.61573827806734,24.757648929563548,0.984305844499033,0.17647097349152166
2026-03-23 21:00:00,-3.0,29.0,80.0,32.0,7.0,3.0,63.066295048356245,5.9267774229992485,7.112933045750629,4.977921947989126,78.1739079900463,77.78882019667513,82.36804967579208,91.39557146769374,96.64865051843876,98.75320317165259,99.3253954589662,98.8984479573491,98.86189643752635,87.35843705617124,80.8101284891529,80.16342403384066,85.48711171195774,79.88105546783602,66.80030134064042,45.276995371422416,27.30399387672371,20.385197936966108,19.224519902219253,24.676423309303235,27.35782447717102,0.9871957872910085,0.15951325197263655
2026-03-24 21:00:00,-2.0,33.0,41.0,46.0,7.0,27.0,45.090241423200084,4.754341493594119,5.841013578703568,7.484923398569738,59.42464977695088,59.47214485942266,61.83492858202298,67.6858415869252,76.14996597573457,86.14503389294028,95.15657054978507,99.55919819769235,95.88977478903755,47.06565313645761,19.157925258989028,5.681167810595071,6.156561794058873,9.07631280057197,13.824995166591995,20.78757996028154,31.136840949527617,47.92216453488104,61.55760697473658,71.79059972274013,74.98705085242712,0.9897936029670716,0.14250832791617088
2026-03-25 21:00:00,11.0,31.0,41.0,38.0,8.0,27.0,42.812733730014436,5.6467713509838635,6.5565867104214215,5.269192999415782,42.95890598352159,45.10242654858491,45.941912755839034,51.899399062952654,58.29345284403856,62.24205712816895,64.19955531629098,65.95529844881175,67.84005501495236,67.14520190614432,62.802019319254235,59.472410748918634,60.89482056144172,69.07035445885481,78.5849233245622,83.51698757394175,87.23988450459927,87.23871169806083,86.23039660347025,83.72593679742882,82.56204854495165,0.992098522791769,0.12546123335273648
2026-03-26 21:00:00,0.0,41.0,76.33333333333333,26.0,9.0,20.0,79.03781672993696,19.75067335262511,6.476758238383904,6.442985764592617,70.35782944750547,70.4629443357103,70.59791231705582,76.0085714029006,82.69876293983316,88.98330002033703,96.2665307084545,99.2862581007032,99.57986290736434,98.01852617399133,93.83491375669021,89.90121743432933,89.21424640752818,89.26257753126863,88.85491639819803,88.46739845926315,88.15982799660208,88.25886517863309,87.34184201115397,86.8961145471571,85.95347829699533,0.9941098647022418,0.10837701279187609
2026-03-27 21:00:00,5.0,24.0,17.0,32.0,10.0,32.0,41.60705250700035,2.5515581388098525,4.2176460647641,5.8937093977440345,41.819979554882316,41.738042409890376,44.145690099857724,49.42944802493784,55.148109975675055,58.12283543085839,60.852513060462634,53.00771741544832,29.897191458582444,15.618126180652803,8.25152345360314,5.355579681368287,5.017513445526527,5.7528049620629025,7.221516672311321,11.301365225346437,16.301989656762956,22.192449873167497,25.837982153699475,25.464616592020313,20.67108544480681,0.9958270335100595,0.09126072172931188
2026-03-28 21:00:00,2.0,19.0,49.333333333333336,55.0,7.0,31.0,38.850667748929055,2.6125857387782188,8.67996447924343,3.7343704764113173,35.7598989182178,35.88542527544049,40.0726862689619,46.03355835447897,52.878612649849735,61.66014525061695,71.20843129679103,80.31352311180545,86.5720966156606,85.94301729713617,89.23560806664575,92.27981448043153,92.70633069186793,75.81323886856661,56.86238071882859,38.43713380080379,25.164934230230234,17.678130464435736,16.078937409648432,17.612378912440498,17.410955762398288,0.9972495210773451,0.07411742515094437
2026-03-29 21:00:00,0.0,33.0,60.666666666666664,46.0,8.0,23.0,49.199830771940036,8.25311816071607,7.088485533093914,6.669405066661976,69.53108276486113,69.41745410706879,75.15088610134492,83.16041143532918,89.7687765765086,93.73145280410623,96.19929652720465,97.3324777217915,96.89391086781302,95.4347192317306,94.9226912367034,94.55167952141875,93.24612806768846,93.33791172737202,93.88340882212044,95.46685047707084,91.10828512297496,75.10420194027775,57.36269423661787,36.2731359492976,29.946447607676514,0.998376906467142,0.056952196034039754
2026-03-30 21:00:00,10.0,45.0,62.0,30.0,10.0,27.0,60.131691718049765,15.49514051052842,7.286094065278755,5.92574323760761,58.854587528281286,59.03875352161517,61.20932928333948,68.60887457191203,77.37300947710439,87.81020172203424,95.5897673619803,97.08868748809442,95.83213408641824,93.12269911277536,92.38407494272111,94.21187702905733,96.29746851943547,94.76713472584959,89.26926597990209,83.4474500375173,77.08760579273898,76.09407768116537,74.32532689986395,73.62810908799509,73.63500253756126,0.9992088560679753,0.03977011384605572
2026-03-31 21:00:00,-1.0,34.0,75.66666666666667,14.0,6.0,11.0,78.43890448497753,15.744295198991262,0.8306463776286434,5.891701999925082,94.07083120692863,94.04103000082115,99.2168138749628,98.50674484275255,95.78394991002529,99.08629114104191,98.75452118972888,98.4130252532433,98.46377424735391,98.93503536744684,99.46185833144122,99.38545691981226,95.98041133406645,88.95439968289969,79.2730525982052,71.40360564558111,61.57154697408195,49.26133126378623,40.876105910890516,37.955536280577675,42.14922041399225,0.9997451236925734,0.022576263041545485
2026-04-01 21:00:00,-3.0,34.0,74.0,27.0,7.0,35.0,72.23098255790376,9.163909255434042,0.9844481031805529,6.215701545437036,99.09759109157686,99.07051941534723,99.30430246458805,99.3959032252128,100.0,100.0,96.96054780951101,79.26086852411999,46.49164241914919,19.908441639135035,8.762196979388026,5.405780058026856,8.563781642981734,12.89896635819478,18.028798033305,21.709080904680743,24.850302004781334,26.47652745524966,25.7711529240436,22.466979227937305,17.234172233574437,0.9999855506507186,0.005375731557583884
2026-04-02 21:00:00,3.0,35.0,65.33333333333333,26.0,5.0,12.0,58.72237306522481,8.916630250618192,1.6171072371622033,5.1151083492569365,75.84504319818748,78.58435102403503,87.72631479616429,96.48117220942207,99.4809936894655,99.10185724514342,71.0544663950882,30.675564553886208,10.56040497509544,5.787293468390882,12.737544550773697,23.928241015429997,37.30384118061484,48.37505584618877,57.25504721113601,63.037970353472076,68.48543710985469,75.07378885996644,78.77907390069655,81.87810381930616,77.16160782404644,0.9999300657962057,-0.011826390691832589
2026-04-03 21:00:00,3.0,41.0,77.33333333333333,9.0,9.0,17.0,85.5456278848106,19.95678604575566,1.2180211102061347,6.034539973585315,95.59861574823061,96.08183274681407,96.60680782340404,94.07859029978691,93.48869699963768,95.06804347647584,95.56743900042163,94.46024907375669,88.51505485117457,80.01158766241524,69.70056933785058,58.72338522984491,48.46626451591361,40.37921421489757,32.46302890534821,26.675247722302657,19.92623525844246,13.551840941500076,7.682559247789114,3.4384052860056324,1.5545381274979735,0.9995786855478958,-0.029025013321975237
2026-04-04 21:00:00,2.0,38.0,48.666666666666664,27.0,6.0,11.0,59.1517946360107,8.40493759533795,1.518453024178508,4.981428560930502,78.06432623266619,78.4783359346985,86.35836324902448,95.72379147410265,97.18841931227914,69.55097206520368,33.499836351258175,14.982992097373183,7.480709520593056,4.171822238003343,3.8334081100872353,2.9033512954393914,1.055534683632928,6.434504643324479,19.306564859791514,50.52178983735362,74.2657780756285,86.24900376115536,91.47525460551786,92.06845665994116,92.0678535854507,0.9989315138848577,-0.046215046983708354
2026-04-05 21:00:00,3.0,42.0,82.0,9.0,5.0,21.0,82.30698177609096,21.02694077973912,3.8079443037098955,4.740923145267493,93.80052163260812,94.09137124533625,94.27930435233655,93.97406326369324,94.0476069511282,97.1906168665127,99.52554848639893,99.7854467044235,99.55609513847153,99.94234786295597,97.59737802188522,88.39192693828532,70.51292469221319,53.57303191997559,41.94196532158758,41.22673542596292,44.56292922267765,58.52547279037049,73.60671871681252,85.94139391903258,92.8088853197264,0.9979887423155984,-0.06339140486951038
2026-04-06 21:00:00,-1.0,33.0,69.33333333333333,44.0,12.0,30.0,51.377105748623606,6.508340451427748,6.705010321001867,6.387196428342604,69.172271342996,68.97727984129101,70.43926056840597,77.5574607570587,85.021587176297,87.45401894828578,87.09270153325731,90.7442419724528,93.84597204804763,86.4109450527201,71.7797685651113,57.77829542336108,53.94520293731583,53.209535355791395,54.38516856568714,57.315019662964886,61.20996116588488,65.3678974790678,69.92980484429751,73.17564344545092,69.48729418832744,0.9967506498213929,-0.08054900421874167
2026-04-07 21:00:00,-19.0,28.0,50.666666666666664,52.0,8.0,31.0,42.299132042159464,5.3250245086205465,6.639408801154112,6.454971771632881,64.48999999636091,64.23050168929714,69.70449506737938,78.62680537386754,86.43909785401934,92.55214965972795,94.84387519811605,92.67624259331843,88.76179485562186,85.06471781167124,83.03193615886879,80.76185212274633,78.82638730779841,78.20231914507222,76.7038331429121,76.74880229840004,76.5065279850312,74.75191349290263,69.17234030587647,57.225364881293004,43.59390747223624,0.9952176027737294,-0.09768276782171598
2026-04-08 21:00:00,5.0,36.0,4.333333333333333,43.0,5.0,27.0,35.049521143094395,4.543613322676217,3.8559483796779386,5.182330797695237,44.68775589879089,45.9447827264238,51.13465231915395,56.90974781094212,63.5784540527512,71.41803030240891,72.85422586186048,54.92951452014463,28.046528638397454,7.202144116628231,2.836600270865228,3.6257997529815142,7.205643126648395,14.714976392139297,23.129333826558156,33.3347271479369,40.56764839956644,46.59306783629293,44.84422037681928,38.27995352412789,32.87640766873032,0.9933900548258936,-0.11478762552212701
2026-04-09 21:00:00,7.0,44.0,10.333333333333334,23.0,13.0,17.0,37.99760306622656,7.80077096531569,4.244945187033192,6.976725610655388,27.44017206041911,27.657752588807888,29.65097540852582,32.57207940627935,31.29079799772857,23.091543260028836,16.950828194870052,16.502589954414184,19.27378215236009,23.614108545822486,30.897812379721994,39.06835527674351,48.14081104644979,54.53085997190799,59.9624766783735,63.37804361948854,64.91549110116513,64.2304460512871,64.3089457748976,63.24160998127722,67.05941589866529,0.9912685467787256,-0.13185851571739118
2026-04-10 21:00:00,4.0,48.0,57.666666666666664,8.0,5.0,17.0,65.52729189453571,21.22424849205148,7.025988806375422,5.5821080244328085,59.79357745277175,59.853864184378516,61.3599008942456,67.55192700523992,75.73584245655518,82.93866354406426,89.78063812720346,97.04482517910137,98.90845078473369,98.71667029399374,98.675854862443,98.46562171424699,97.57127818050913,92.16938574767684,83.97058177522634,79.96205415622352,76.14844925209422,74.90483224110265,74.37977885324155,74.69432592682405,77.75268175480643,0.9888537064205885,-0.1488903868564548
2026-04-11 21:00:00,2.0,38.0,54.333333333333336,48.0,13.0,31.0,50.004299601696204,6.141953484994492,5.142725414961103,6.984843958128764,63.9558774064368,65.634184786964,68.35419520753227,76.09064052488274,83.59375305957015,90.6631699696846,96.60895950572976,95.3139089936249,83.39899428123444,58.39932128852301,40.82859367667371,29.118749562313045,23.20101562041462,21.791850663110647,21.70146682766853,23.30530271598764,24.81043308968783,25.700034949974487,25.28568512795411,22.806700998035307,19.90211160001801,0.986146248341595,-0.16587819893463143
2026-04-12 21:00:00,12.0,47.0,22.333333333333332,40.0,3.0,26.0,36.913309632454954,6.528355354399039,5.99404627210334,5.2799913835039725,30.73414752160573,30.81994483399085,34.266291288293374,38.56553348799089,43.38739823905844,48.455457475591416,51.252679442204865,45.912016217887015,33.850273395784505,26.09210413087818,29.694646893085146,33.9279568307064,37.67730400074043,35.57943393934504,32.518516237810694,28.268877627035305,25.269306589412732,22.835157471232908,21.171964578593496,19.413584990432394,23.756619822314338,0.9831469737221499,-0.1828169249850199
2026-04-13 21:00:00,5.0,53.0,82.0,15.0,7.0,24.0,80.01061196027509,26.29249348219455,4.75365997253898,5.966489322622135,93.13704471717183,93.49593193231513,94.65847203974666,98.13041815928175,99.28598147047607,99.57125149104237,99.24054063310989,99.69590531214779,99.73910357325329,98.93820331313842,95.13694215063029,85.00288732866291,71.79859974998897,58.03754861378414,45.16837679913904,36.253181162024454,27.090514681202055,21.820964075048916,16.582573804969652,13.651836959218164,11.47532003225329,0.9798567700958665,-0.1997015525660636
2026-04-14 21:00:00,-3.0,53.0,69.0,19.0,4.0,14.0,63.634413360709395,20.556438332318532,5.6547363354382245,4.819976681240831,65.04943084926236,65.2162301462491,68.53807213204533,76.08192532885992,82.53302509680287,88.41713272005887,85.46691407654873,73.35260649696637,57.556191980683145,59.7906418299859,68.29792901160565,78.59079933379675,83.15395781601359,86.16360359437071,88.74598712464261,91.6178324587578,93.63195572797517,94.44491618058078,94.795074923769,94.76670740662442,93.02006820282392,0.9762766110869321,-0.21652708524481437
2026-04-15 21:00:00,-3.0,50.0,82.33333333333333,11.0,3.0,15.0,79.77355891353135,21.33685104975262,4.747284181997251,5.654336751190853,83.94126329119443,84.08950338384984,86.30805453725718,82.93147222530271,72.68479555629396,69.95746299373373,70.35983114386077,71.22501635717904,66.54720973120008,60.10367818207957,58.517005957676574,61.34976150725866,68.81201481329924,77.51662473754457,87.32067450874337,90.31707255672042,88.75797343555418,75.06082739959172,60.24546216723679,43.03413424658898,29.18194195354292,0.9724075561219968,-0.23328854407545518
2026-04-16 21:00:00,-4.0,51.0,81.33333333333333,7.0,4.0,15.0,82.93855767897502,31.22865733251892,4.117982782869686,5.621624839148079,98.2170138129487,98.09559171796333,98.59665011898396,99.35409817270056,98.9130507059105,99.13640538738743,99.90998430958207,97.33849624343267,90.47073349747433,91.26762816746916,95.2967832145809,99.73287131090126,99.6712811558462,99.98338696610438,100.0,98.94004678022995,99.28432216275569,97.32148218066548,94.30002461470839,90.30893996356039,84.16731041875491,0.9682507501166718,-0.2499809690726521
2026-04-17 21:00:00,7.0,55.0,46.0,20.0,4.0,35.0,63.88756454843504,14.08599837956383,4.725789276413437,7.048638044096298,73.71373450550439,74.70121996041156,76.56178119259043,84.78954030068633,93.38234342088411,91.82626966333738,65.53750253845342,44.58049200550752,36.12713736916462,28.870861669579533,22.336246660328896,16.431726390623204,12.957514734300737,10.310260341554125,8.158698800349597,5.79903044767946,3.483516140846124,2.5133763183046964,3.3064930174824427,7.437074398587516,16.71762014026165,0.9638074231367307,-0.26659942067929354
2026-04-18 21:00:00,5.0,53.0,48.0,33.0,11.0,16.0,54.43645846023466,14.894082410287384,2.091473866892286,6.480073370947016,59.852386440103864,59.66103993912749,61.88099863461793,58.1314232978252,35.27624164285194,44.97265130539732,74.16446907175354,96.87536557761533,98.80022870581192,86.62578348134956,70.68435513745953,55.17867132198884,44.28569201859525,34.817647847274436,25.483248108058493,18.195658245476366,11.311509602677058,7.271261733487839,4.812537765272412,4.6076791147156655,5.870684759389672,0.9590788900341131,-0.28313898122818354
2026-04-19 21:00:00,1.0,38.0,84.33333333333333,12.0,8.0,31.0,82.01542558809471,19.053432126714224,2.674742589332753,4.182858940474037,95.66022091877532,95.49768756240738,96.48939910460429,96.52033246460365,93.41340905276157,91.57621697458549,91.48047011978954,91.68207145345121,93.08827091370974,94.83555493656601,97.41232153722164,99.91284859832962,100.0,100.0,100.0,98.73630933410067,96.74872391591846,95.36594442450821,93.65547835026908,94.21983517490602,92.62126949950789,0.9540665500578387,-0.2995947563972602
2026-04-20 21:00:00,-4.0,34.0,49.666666666666664,53.0,9.0,30.0,41.45993528997875,6.175563040166927,7.0667180933904366,5.322232946059506,62.034646436994535,61.93662400832035,65.2668698084668,72.87666954583196,79.69850225191263,81.23242648056444,81.01805447602646,83.02428242464978,85.83572336869973,87.72371488933602,88.7468645694463,88.60785597379862,86.69910822858981,84.20226803961017,80.40362153304524,77.84622434614323,70.40992582514698,54.85879314893302,44.77177365859583,42.36282151509674,43.68616202397504,0.9487718864399473,-0.31596187665790293
2026-04-21 21:00:00,-2.0,40.0,33.333333333333336,63.0,2.0,23.0,29.962205427640615,7.17344460052309,6.274106599759805,6.331107588148487,48.31319820346765,49.550802855889735,52.04115371574741,58.06357179498185,64.3728698547829,72.12098283492668,80.46901173429019,89.31769163887772,97.11221919874886,99.31393328408973,92.1859789159338,76.18102658486578,58.685271874868995,56.46778144556816,56.14486888569862,51.98638136919826,51.66437343347504,59.11886744943797,66.49383385490414,73.59803596367233,65.72804311627547,0.9431964659565866,-0.33223549871590435
2026-04-22 21:00:00,-3.0,39.0,76.33333333333333,19.0,5.0,18.0,67.0805545323373,11.08977417167241,4.823186680581547,6.213533982291236,94.63339823196819,94.13467760954856,98.96833542965241,99.39668964767131,99.65277779764979,99.04185279442376,98.70617665735111,98.77286019355837,99.22174548406308,98.78740778262795,98.97438181502214,95.87687831762341,82.95491372988003,62.041476748180166,37.891994595583604,21.86039515621661,10.653297216527877,10.924655231010703,12.880718774484375,17.197313319170227,18.50937950266098,0.9373419384643772,-0.3484108069446808
2026-04-23 21:00:00,3.0,39.0,72.33333333333333,24.0,8.0,33.0,69.87074217559113,11.605319140166348,6.226151481437947,7.411142836152494,85.26475313942775,85.03100090769672,87.72871544596669,94.40504435176321,94.14810407543892,90.2071434534022,89.91437800131278,93.24818652606889,96.22614123994114,98.34469884577656,99.37667781321935,98.07963365740709,93.78838545755018,89.53755451492114,85.5404325895516,84.80311625158299,82.92647018573054,81.5570508687671,79.81575548493024,78.21295533891741,71.4787038065137,0.9312100364121947,-0.3644830148102912
2026-04-24 21:00:00,0.0,39.0,68.0,41.0,9.0,35.0,52.32021187855719,9.681191462206305,5.005019795900037,4.998113249507026,68.74572757936235,68.99781108843213,72.40217729271633,81.28395800302928,90.85298592431596,96.13305762994972,99.22340451110789,99.13870191028877,93.64677065066316,83.6625444560569,75.11271025019207,68.65597042608434,64.56673580358095,60.26085408810468,55.811618657748866,48.55074567455251,41.11413390102663,36.026047140860946,31.294110617615967,26.99260792759054,22.542677159045873,0.9248025743285089,-0.38044736628785164
2026-04-25 21:00:00,1.0,46.0,32.333333333333336,41.0,5.0,36.0,49.20446645467534,8.340392249033503,4.573184488842918,7.02966635960187,59.61566694962413,59.40656952326386,64.41128344510156,72.44573184200421,81.76553645350425,91.22359308818567,96.71491259801847,99.3563378542015,92.3311398099438,55.25617555529513,30.20935228678574,14.794554564987372,7.930049518537234,6.037550549039359,5.768427686083251,6.855101496964646,7.829842680962296,8.464261681435435,9.967879649574723,13.005675804852364,17.107768593787068,0.9181214482844365,-0.39629913726891813
2026-04-27 21:00:00,8.0,58.0,38.333333333333336,28.0,2.0,14.0,45.4041024120896,16.235841046478534,8.407011811117401,5.9195054448886895,48.60925285480038,48.57281713196333,54.09217135685367,60.545090049173325,68.26290272617376,76.22736121498328,82.30838438122217,85.69138912004658,86.6010091583415,86.47587486524323,79.27027220429609,71.66327580768231,64.68021600146879,49.740784474250624,36.01858681453331,34.51143824538668,37.82149678996435,47.9063427793196,52.68723277976537,53.105918464513316,55.70558801825908,0.9039461929224011,-0.42764620926777464
2026-04-28 21:00:00,6.0,56.0,17.666666666666668,35.0,9.0,15.0,38.40384534716244,7.949773111844593,6.199306972835487,5.373946317436283,35.50371118487073,35.37168894033225,38.997857151848855,44.01443271172483,49.22880661028578,52.681388438552865,52.1092875784046,44.96958094114729,26.137864353630913,16.033034582374956,14.267457806533725,13.486505263303119,11.489035717752518,11.477965201847839,11.919258324960417,13.047242433050386,11.868305424081015,7.001231400068596,4.490693001456168,3.7476258423645943,3.6859422669258692,0.8964562582905575,-0.44313223418263453
2026-04-29 21:00:00,-5.0,47.0,70.0,13.0,8.0,15.0,70.76320315881948,13.050036897426395,3.3525651630774296,6.138817557940682,89.87754758402656,89.6959448387028,96.71969733929483,99.22076344706663,99.63426172419652,100.0,90.14130369568835,60.042606101002946,25.675707091644874,7.878555040827455,8.666580976753208,24.074689958724793,52.018477994128034,59.0836375272809,55.87151736630622,37.32843394583892,19.997019059587505,8.005379545841446,2.164418517951857,5.37459309306665,12.152283478910855,0.8887010478292915,-0.45848712914008766
2026-04-30 21:00:00,-4.0,43.0,83.33333333333333,14.0,8.0,11.0,85.6650984514215,22.454647032982887,3.7681818377553977,6.389137724020212,96.22452627399632,96.46708745080781,97.68019676890174,99.33166084104502,98.9557206266132,97.64943015722045,97.9828824639041,98.82769461816251,98.8678996362589,98.72552345676353,99.25811551063643,98.19517154056601,98.7852132729826,99.07467513856813,99.43929945546319,99.61379751285516,99.62171338188854,99.77197100620273,97.61064506862152,85.71572484278221,74.73527194654996,0.8806828564301475,-0.47370635037968
2026-05-01 21:00:00,2.0,46.0,48.0,36.0,8.0,31.0,53.39291251904156,10.524944003193584,5.472868081154321,5.8548772290690465,66.46560414722211,66.41796504374003,67.8453152778482,74.63829321851472,82.81353644752745,88.36222751926985,94.41440983128919,94.08767827503608,77.95914697623174,66.62384307929133,63.70175651857909,68.76098772870945,59.91398542731608,45.12799646362886,25.05246236404424,14.19307261594463,4.831366074496318,3.6059663057984386,3.791181725515712,6.7213302260307275,9.116346705664553,0.8724040568049612,-0.48878539428899265
2026-05-02 21:00:00,-3.0,45.0,71.33333333333333,25.0,5.0,18.0,62.598006236873324,14.282997778846386,6.105496242329742,5.971382120317291,89.61112889495648,89.11516075257842,91.93962224307454,98.14408956090624,100.0,99.65604303394649,99.75044142536927,99.864379910441,99.84237601580325,99.99757403662537,98.11583305388781,92.46476783144885,83.5223877543379,81.41566824975266,86.35376849177202,71.72846028899454,53.097134583193615,35.110223321003005,22.662374312862262,24.29304641501849,26.619052548017567,0.8638670987837349,-0.503719798736334
2026-05-03 21:00:00,4.0,45.0,65.33333333333333,38.0,10.0,32.0,53.24146855996227,11.00777696073176,7.0002593717005,5.610470884868528,60.57363421709685,60.187535621716336,60.87628013140354,67.00887291184041,75.24989583584748,82.34686409679,85.38946192291496,85.08256325668316,85.22287064460602,86.28652667276788,86.23725113880774,85.40515356228788,87.95330794161292,90.95573065287431,94.08015724236655,85.40749022912874,69.20797515848771,40.398878388756145,16.837378801798696,19.11073266754178,20.586297191606064,0.8550745085896932,-0.518505144391157
2026-05-04 21:00:00,-6.0,53.0,57.666666666666664,34.0,8.0,27.0,52.329590955475304,13.956290266967018,7.127375719837533,6.847843133850079,53.45371871018434,53.50684728924408,54.045042334435564,59.0001475017103,65.4307269051902,73.4586679264518,81.59207787690468,86.66559798177494,88.22667434323986,85.41161083787368,78.62679219392238,67.44055957526388,53.424873643382995,40.33873955784755,29.381372538814865,29.6829420675541,32.87282889789184,42.98331172523762,53.46406685809782,60.3013735546334,65.47742653005126,0.8460288880917339,-0.533137056031809
2026-05-05 21:00:00,0.0,65.0,43.0,33.0,11.0,19.0,52.101930601801186,26.440869750317678,8.350469101146341,6.074162999410325,44.4069756235297,44.3915607212872,44.941339098497274,49.28607712950296,54.69144832126533,60.87607523510822,68.08028524219594,75.36913019802056,83.76062245480162,91.46902887105838,96.37304306252739,96.97248984411738,98.43722359873534,97.34508612817473,93.18803916315527,85.53119652332246,76.69923559198908,72.81175455334333,67.52690548188134,61.77695142045355,50.94123065186583,0.8367329140344921,-0.5476112038402312
2026-05-06 21:00:00,-4.0,51.0,81.0,8.0,6.0,16.0,79.85302117069055,27.413422160932203,5.892548246031036,5.3829908131696795,97.04810671933052,97.03836753492507,97.35210805669506,94.04003714342764,90.68821771701697,89.14236728803945,88.99577352738251,92.26629096180517,95.51728154195993,96.3778635415611,96.05024307151226,97.18832885332269,98.4200513411496,98.85450034370133,96.67876318750463,95.75203616228046,94.23077888355509,92.26058470318065,90.47695706002173,89.03856409719512,87.27435922762704,0.8271893372462497,-0.5619233046832195
2026-05-07 21:00:00,1.0,49.0,48.666666666666664,56.0,9.0,29.0,47.700505489440765,9.5418417413634,7.374539329030071,4.777678742329899,57.33732722184898,57.22414456102884,57.633655349673575,62.70979182874329,70.08018744424183,74.44402205649583,69.3307881016539,67.7500168368658,69.05137547289544,71.20740423634642,70.86638669901278,64.48336027870045,47.846903314725175,29.67925906332422,12.1648185729399,7.284799215139285,4.913049351667314,7.006335730990741,9.026852950421404,9.860034861700449,11.72359009870912,0.8174009818249189,-0.5760691233798758
2026-05-08 21:00:00,2.0,47.0,44.666666666666664,54.0,8.0,30.0,51.415168522735,9.499419333407479,8.064916724556438,5.645905563003342,60.83182898017474,60.6768767332637,61.77731931622815,67.60047958298728,71.20795883774545,71.48043021317466,70.22973184604588,69.40625357012486,71.52079473328827,75.18411450555807,79.64321293011572,82.46271118665362,84.76310255060022,85.36358489029794,82.62464489977945,66.38489523342857,48.45861489163791,35.32865486948978,28.437396256561957,35.237984553399,37.496033031382126,0.8073707443023492,-0.5900444739548627
2026-05-09 21:00:00,1.0,49.0,58.666666666666664,36.0,9.0,17.0,47.700505489440765,10.377983131130039,8.139588636222852,6.01960093223646,38.015632332219425,38.1961249002049,38.95440135639429,42.81925617346149,47.6426798886441,53.35654947983046,59.09424462781685,62.75739006453791,69.08683171839441,74.93058563522256,77.0166120449091,73.33393157042157,59.24236833480532,51.42121909605311,47.907944288755075,48.516843131965906,48.17840924304219,46.45718312983666,43.69549009904085,38.954226609024744,34.62872998826017,0.7971015927871943,-0.6038452208771035
2026-05-10 21:00:00,-3.0,52.0,65.66666666666667,21.0,6.0,26.0,74.0827964382329,20.298148227631298,5.853754620043176,6.380654978645864,88.39344133841178,88.28105294411188,90.80945932840723,92.26506775647778,92.89896985628144,92.75872280316439,91.94425021275943,87.47395508076285,83.08763018749494,87.38347453375766,93.99141296401801,98.75302012226189,99.45301756425586,99.67865094978676,98.54172744626045,97.33268961642763,92.09166945325235,75.71342335420005,54.279228014070505,26.47972234757682,14.378243592407006,0.7865965660866021,-0.6174672802835514
2026-05-11 21:00:00,5.0,48.0,42.666666666666664,49.0,7.0,30.0,47.54145841062437,10.737843312047964,7.518610510586405,4.1893962848150075,78.10330284195129,77.3925822007409,82.11555639803274,83.50541758026344,85.17540706797816,85.39586784823145,85.16672252966202,81.98502471765299,78.91281394239482,77.98472142633118,79.46617128050507,82.5983241322397,88.18012016614443,79.99546714599119,63.15049150304857,38.88276955213456,22.089509876538692,16.79811531879896,16.593141567193243,22.14376281325061,26.607932681366385,0.7758587728069828,-0.6309066211876704
2026-05-12 21:00:00,2.0,46.0,49.666666666666664,59.0,9.0,32.0,45.310257474838735,8.806602749640598,7.37393850588003,5.164637265361476,43.083849984374964,43.00012566807479,46.92751386511598,53.3165286749835,60.139439557481744,68.47112317832278,76.84231191401352,84.60669469576723,91.19305931645563,98.05187417506053,99.69393440174379,89.25194623074894,59.28661953778214,41.07150271842523,28.462208141635287,29.025819780702953,30.608532402399604,33.35173092004414,38.2079802294239,45.60336235694217,49.835025196054445,0.7648913904341226,-0.6441592666722685
2026-05-13 21:00:00,-4.0,47.0,60.0,19.0,9.0,16.0,62.86072531751087,18.039158966774664,4.9200764730462065,6.055348917420473,51.60237383293177,51.470968635144466,55.2495144663902,62.191955677604106,70.71793566925784,83.03839959820941,93.59794351803859,96.75975178544259,98.5653263174393,99.19534020493043,98.89874046109777,96.49788658836358,93.60156029916492,92.49517468756146,90.87325740383136,91.33969402361821,92.12323527775368,92.15213033252667,91.79227041002949,90.58120290020591,89.95701998219334,0.753697664392914,-0.6572212950663319
2026-05-14 21:00:00,-4.0,50.0,75.0,10.0,8.0,13.0,79.77355891353135,23.72581791187691,5.437427418737418,5.846060425437549,96.32612001407686,96.12972111582287,98.63688390246884,99.3712837232616,99.49307422098961,98.36696980606716,96.00384871393423,96.57304328381397,100.0,100.0,99.55120705844178,97.93806707434959,90.874049852572,83.60120024823729,76.98301583501386,77.76196999886658,79.54380386479049,84.63167015013987,85.7550709400814,81.31431597479705,77.72441747354202,0.742280907086982,-0.6700888411055113
2026-05-15 21:00:00,-4.0,52.0,70.0,23.0,4.0,33.0,66.01728897395766,21.319142144153748,6.434644404689286,5.208806756388631,67.99277733366492,67.84789831783003,70.01029305905236,77.92957235808983,87.01150611626974,94.2146042967561,96.77510939016373,97.63902131446702,100.0,100.0,99.31102869596047,94.82342446236841,85.16325862940506,80.36761361812219,78.33747435851375,82.10750367486929,84.59117710775642,81.2351898737298,74.05077852201198,59.08680233060923,50.678943021662235,0.7306444969184916,-0.6827580970759147
2026-05-16 21:00:00,7.0,64.0,34.666666666666664,45.0,9.0,25.0,42.91004821211931,17.07200045437662,7.799767408943005,6.16006200425678,31.567351325162246,31.66355340837435,32.725329654522376,36.312035391871014,40.695984536084694,45.82345454370676,51.485267641322075,57.83095787150352,60.673279702569246,57.62242730165129,52.933479512103844,49.04600966042607,49.919522181007004,49.9908613349727,48.8872333965774,48.08145805712499,47.93278795736991,50.88691324216401,55.88968250275793,64.05991611912896,71.95631537871586,0.7187918772884232,-0.6952253139408722
2026-05-17 21:00:00,-1.0,57.0,30.333333333333332,48.0,13.0,31.0,50.90628243283841,12.571655631117869,5.446283346754573,6.04036325535799,50.92658352322338,50.4590325735162,54.668536847195035,61.6230945977323,69.41040062791268,76.26577149659855,78.60046044441741,75.48731970909266,59.00031418665848,42.762870272205355,31.864627292655605,24.191114668355457,17.747496999061305,12.28120839667868,7.048833115318073,5.666089007274107,4.989576086467145,6.496487991634956,8.480114211929807,11.123022865056305,13.680650687492205,0.7067265555776158,-0.7074868024503348
2026-05-18 21:00:00,1.0,61.0,51.666666666666664,21.0,8.0,18.0,49.566968220769056,27.314359767275896,4.151973597673049,5.440715496286364,48.02551855424236,48.036547647441566,52.58885864622644,60.258414530389125,73.52087243527163,88.10735589396666,97.13186616580246,99.38623526754033,97.30712497752795,94.04162531932883,91.3379420349884,89.9373095891586,90.75093460166269,86.37883851245309,78.46381276047143,67.04944625847425,56.74431898887939,47.93785472179834,38.3539583796701,26.430203931255612,17.297364072983854,0.6944521021088763,-0.719538934232584
2026-05-19 21:00:00,4.0,70.0,49.0,27.0,6.0,27.0,75.76630560203299,37.954958276703906,6.556568916241148,5.040085357272796,69.06857191697662,69.17216869176094,72.10456109551578,78.72566149504581,86.47797997104288,94.78495846564225,98.22789615001497,98.17902154097492,96.56828319920734,91.37995934332523,86.85589514322568,85.92946062825845,86.47014684297515,85.27920537428061,82.70704667472691,75.00390773450717,65.4911492924284,55.44181359258482,45.24295224877258,34.21066436319984,24.65630798721081,0.6819721490904629,-0.7313781428679254
2026-05-20 21:00:00,6.0,66.0,41.0,51.0,14.0,29.0,48.457951009264626,15.982979817922098,5.131911879661376,5.589246617119656,43.63156394019248,43.68881188447769,45.290522368800296,51.14232023254189,57.56936596925384,64.6716979142861,68.39565151075152,60.12697154978661,46.92687999843431,32.35503525687049,21.671721635949428,16.19942384538279,19.09801135767741,23.526302516285707,29.459628426902352,30.185515768491882,29.477781568150352,24.8629241096988,19.964647113147528,14.749055840094153,12.761451663116002,0.6692903895412567,-0.7430009249440493
2026-05-21 21:00:00,1.0,50.0,3.0,54.0,12.0,32.0,37.41366404031888,5.9087319602175175,6.053219442120076,4.3188861520226745,36.151533738153,35.99699268577348,40.227490698341235,45.21429663408204,51.08626354117636,56.11765967496125,60.22341198412384,60.284402162961946,49.44387604801658,27.544593372519838,16.69998638431348,10.91412380686339,9.546154792910334,8.869513144932162,7.997245649731951,6.726584863461042,5.538000304964123,4.56026253217526,4.073299799668828,4.237085301406704,5.935147767324659,0.6564105761979381,-0.7544038410927472
2026-05-22 21:00:00,3.0,55.0,13.666666666666666,64.0,10.0,31.0,38.239799587293696,9.490755923564114,8.33489264786471,4.524857296655299,34.35666848072988,34.47462385759018,38.469327232203796,43.14208151395894,48.26053187349422,53.65441623012261,57.39156268932357,61.14426277015505,65.81266305104403,71.30986238059995,70.86874707660385,62.530626732969,46.19535103444844,28.308247105589256,13.573725531024097,7.1996137554952195,4.233899433433827,4.746321209775601,7.382987380954738,12.290861967732516,18.23446748753757,0.6433365204044917,-0.765583517007675
2026-05-23 21:00:00,6.0,59.0,28.0,36.0,0.0,2.0,33.10462754858699,5.658035759769573,6.789932947943595,6.534035793887507,17.9265914375219,18.232498755360147,20.17584001202907,22.40403339251346,24.527832364260192,27.700267840394783,31.11980705634477,33.05705371091646,31.532803725180592,25.213605058571993,21.534222584881814,17.35241000332635,12.803964934206268,9.54432588040379,7.330616217441524,7.734411109570835,9.647537431846404,13.3736088609194,16.133320230093638,18.605277109503692,13.092826273323126,0.6300720909843687,-0.7765366444428655
2026-05-24 21:00:00,5.0,48.0,87.33333333333333,31.0,9.0,16.0,55.896288937760055,22.086522615793633,4.2870192343961575,3.632996336862981,59.08568397707471,60.15132821116266,63.06194995084324,61.01625947630013,63.66498112828511,73.61331155447054,87.01708646324887,96.03601251009042,99.0493108787672,99.09190556588797,99.03133276289678,99.44390431730928,99.25753619797717,99.96865761321108,100.0,100.0,99.69783170214704,99.14478112993616,98.90539693092207,98.88235119627328,99.48734760142322,0.6166212130956382,-0.7872599821916922
2026-05-25 21:00:00,-3.0,55.0,80.0,18.0,3.0,32.0,83.20884823047453,24.093985527953546,3.7268005645817572,5.981275031214049,92.558418030192,92.40428739676625,96.24603090563275,99.50049739520918,99.12185539746969,99.48100355489508,98.64187232604627,92.36451182113115,85.30412535688802,79.2133217419449,72.73188789297771,65.42705477313704,56.08397594729275,44.80262102399955,31.447621888579068,20.541787527302358,10.367889931857308,6.438475395109249,3.7236134328859785,3.72476619866752,4.944218296075778,0.6029878670694714,-0.7977503570459932
2026-05-26 21:00:00,1.0,69.0,27.0,34.0,7.0,24.0,48.91231522715638,27.220605070231134,8.26936165219057,5.394639862576653,43.50834787302202,43.62343080126737,45.00957970553693,49.7201290058384,55.501179148325605,62.146794853049094,69.56804171064768,73.34672659770997,74.39064591160017,74.48070054907605,75.61490939412847,78.57643649628817,82.2886160395932,84.11596898030623,83.71822090388005,77.01640799122806,69.04450002195112,64.39786531008234,61.57936843308044,62.06043985499042,62.19877264411142,0.5891760872322963,-0.8080046647350754
2026-05-27 21:00:00,1.0,64.0,29.666666666666668,46.0,9.0,31.0,51.95438421388198,17.194056981773546,6.725122873929844,5.583346317281859,45.44073392975001,45.47610336070698,47.009257004729385,52.75300501382839,59.14287823123633,66.65115544049662,74.74412071847937,78.81239422265281,82.24804487923618,72.56365191432316,50.25241617866209,23.00914485858951,15.652804661416411,13.775583988974752,17.844124705503443,25.55836421657004,33.85087620852928,37.50016891565499,39.72508508004452,38.391781616543206,36.88429373422791,0.5751899607119775,-0.8180198708443175
2026-05-28 21:00:00,0.0,51.0,74.0,25.0,10.0,35.0,60.94755811401487,15.599985463154002,5.677416489136355,5.493544146398123,69.886097625269,69.32230420314505,73.60077112902718,83.32966813236557,94.21280858057408,98.44093233306276,98.77495807388583,97.07607640868197,96.42784407603877,88.95324279506202,83.43411589454384,80.91550405743479,79.55439799741522,76.26716881623717,70.9279261613159,63.43079341065134,55.14650606596724,45.87779364326108,38.47836161995478,34.41262896423157,33.09744429459159,0.5610336262283677,-0.8277930117131022
2026-05-29 21:00:00,0.0,50.0,59.666666666666664,34.0,5.0,6.0,63.25026023393383,14.03040463925778,6.911550228925363,5.766293830213975,59.961894689573604,60.040908316162046,62.33221699549155,69.62510605514451,77.84993768745333,85.71542906505421,89.15931910207986,87.89553036849067,92.35250299520091,97.09482658582534,97.59791764458843,92.13236095695866,76.53796669037136,59.32038378359883,39.99268751168316,28.420928958857676,18.967757249970436,20.269447205910677,24.779532300025796,36.70376409076583,48.14661757930877,0.5467112728685939,-0.8373211953118121
2026-05-30 21:00:00,-1.0,50.0,63.0,49.0,9.0,2.0,45.95641016611104,14.381298464094527,4.823498598752105,5.521088890076888,79.56864968603544,79.5503517678114,84.0087960826695,93.05532127168125,98.62214734607768,99.84996186310973,99.68944628187269,100.0,100.0,99.82338639634774,98.57554687038265,96.37676962811521,90.53198590981336,83.15138049997827,73.48991160529187,57.869505917126375,42.28176515567322,29.17337704146569,21.161672282935832,20.670774195204736,24.489923992039458,0.5322271388474397,-0.8466016020976267
2026-05-31 21:00:00,-5.0,51.0,54.333333333333336,27.0,3.0,10.0,68.50042710539016,17.57121539332774,6.336753945675346,7.046898441190929,86.3726258563968,85.77296155905381,89.29329585567639,93.04333134716305,91.88595773642885,93.22586908314838,94.28062933687028,92.33932768121042,93.13317772914093,94.9725260746066,91.33120406226891,81.39961139221407,73.26020579932248,71.28703779333665,73.7708213679724,75.63073283651995,75.51015216526223,68.97485179659625,63.03191123427747,58.007333002519054,55.565267051154244,0.5175855102531889,-0.8556314858488706
2026-06-01 21:00:00,-2.0,57.0,40.666666666666664,51.0,3.0,32.0,41.788437686086105,13.38493379746073,8.778464602926785,5.685285915068585,35.66000605945956,35.44472709245057,37.824346872460865,42.46115700309863,47.639815526707196,54.01429699756057,61.500075317879386,70.30520848563317,79.87416567340921,86.6022572472035,90.15579949683688,92.96773141190428,98.90771216786499,100.0,99.856194031929,79.46931103429814,62.92202027620408,57.690496301586094,56.340038222186436,59.70659435138905,61.76309432336238,0.5027907197793043,-0.8644081744776648
2026-06-03 21:00:00,0.0,70.0,7.666666666666667,41.0,5.0,30.0,42.22934726093345,21.96746673960264,7.749848982092586,5.092021366772801,34.95028852283047,34.94604724554881,37.76044737585587,42.25189780857671,47.58488223718006,53.470684144219035,60.74244471076643,68.64704016455234,77.16853630225627,80.94455172969639,75.90678546416085,66.11026961646243,56.49668312682012,47.12837666130361,38.340166627060654,36.381189946726074,35.41174241038284,35.74388066217835,35.85491623423017,35.57403124344004,34.81672929508315,0.47275920928627757,-0.881191653407483
2026-06-04 21:00:00,11.0,75.0,36.333333333333336,51.0,8.0,27.0,35.67180226340508,16.152544186748504,8.45874830397578,5.855790433763679,22.31341720986816,22.28239779860864,23.343712805185532,25.899222251071976,28.910541795331508,32.32248925758209,36.376365915793016,40.964381954781814,43.74017407116334,49.131316302641274,53.06672128385493,50.87168042604786,29.743451690945054,17.30653067465829,9.90293511141118,13.923162171781648,17.703482833904836,19.35378792809724,19.397237309453377,17.073687663600243,15.56925400978875,0.4575313760742512,-0.8891934772070711
2026-06-05 21:00:00,-3.0,71.0,53.666666666666664,13.0,3.0,32.0,49.21267513574142,28.519450203037575,8.725584578382971,4.837228733297163,39.74344544603606,39.808313030602385,39.65466309800798,41.85690776620603,43.92351098684434,47.028934780556796,51.47122107480643,56.901752715346824,64.10418388784034,72.48045287980074,80.94891945467691,88.7659081607117,91.82290595549185,89.8670704171443,82.53032853305902,85.496605386347,88.66124244624893,91.18432544019933,92.09931038988772,90.31403365659514,85.57950844922522,0.44216815196707204,-0.8969321743510065
2026-06-06 21:00:00,-1.0,60.0,85.33333333333333,9.0,7.0,15.0,80.54849897554632,34.407413955690664,4.484032687904626,5.369711976594113,78.57111689792549,78.61432297714701,80.18656429487262,76.60980629420334,74.5835877690643,78.86716182416164,83.48230705554744,88.18118570174934,92.76258536460837,96.49823453296844,98.89332249666603,99.66067825834813,99.65815259873996,99.57757878270385,100.0,97.79007070826744,90.82300829646341,72.1192066505303,55.43186024723021,45.179275826916026,36.22726534217717,0.42667408318992467,-0.9044054548343001
2026-06-07 21:00:00,-1.0,56.0,75.33333333333333,27.0,13.0,35.0,71.72422019136161,33.02272234433068,5.303032429051952,5.914353443951987,88.34531871244066,88.43760820261633,91.0792297633344,97.63244923354125,98.54028044987618,98.4400720723877,97.42480268941665,96.49582370884805,95.1731162796123,93.71286713535287,92.05883291593247,90.4188567272708,91.17849731479207,90.37486508358694,89.12171301711214,87.45779279364547,85.6513389184382,84.7391229029846,83.08247318982104,80.87523731090893,80.6194605058398,0.4110537546870351,-0.9116111071930239
2026-06-08 21:00:00,-1.0,70.0,12.333333333333334,45.0,6.0,34.0,37.670267622000594,17.203521035604762,6.579293305698631,5.410707625315821,33.5207059134478,33.66680604845884,36.51340213577887,40.783326029552505,45.96368096791538,51.61645430848856,57.632904211397914,62.29405884709084,60.526190518461185,43.065732472299906,21.019566112113313,9.582685321700986,14.352224778236817,27.11675859665046,41.842261970911316,53.60707032889469,62.183615503415545,65.43429296405023,65.32476838621486,60.76180511431441,59.245559086027576,0.3953117887649151,-0.9185469991587165
2026-06-09 21:00:00,2.0,75.0,28.0,36.0,6.0,30.0,43.00991391902142,18.311668430344994,6.270166017039801,6.379166402302483,33.193513402772545,33.39226734706035,35.06506006754513,39.24149382999847,43.69280999467805,48.18826058065452,47.660253306379175,47.1294759529449,32.01923130018072,18.730773773495553,14.619986724442779,17.736082067942803,23.969401432329228,31.53539402641961,40.4533423714144,41.88291719187656,40.44495646499903,31.49746193187391,23.379191755621257,16.742654168738383,14.946454001838575,0.37945284372454435,-0.925211078289358
2026-06-10 21:00:00,3.0,75.0,51.0,22.0,2.0,18.0,55.50914990713619,28.195186276165053,8.159143417667796,5.209599526279933,37.746671758931186,37.87958686815852,39.0390104590603,43.32603464399523,48.19171636863369,53.6308263533547,58.75672218923452,64.77444636925016,71.37397189994232,78.7062107831482,85.68429143976758,89.8136942591541,62.209365921468695,32.18647283474066,3.3677099867933853,7.754810046767757,15.32133977963265,24.563818754928988,32.774889980401774,36.98442073009037,38.91882982123735,0.36348161248290634,-0.9316013725767187
2026-06-11 21:00:00,-6.0,73.0,43.0,22.0,2.0,16.0,70.89397217984008,49.412544960261336,5.917341037018566,4.879064256046872,79.78266026979055,79.8015942947662,77.11195581514778,72.48388723182009,73.62066375154134,77.8556845496696,83.14462757939172,88.48617207521804,92.04722144688903,95.04504030595807,96.6864054613369,95.65632485454057,96.23858386577534,97.51593361689764,98.17856748943792,98.12280093943227,98.31139893763982,99.1150906765139,92.58344704746915,63.84039033825001,36.14398394329519,0.3474028211842774,-0.9377159910299093
2026-06-12 21:00:00,-2.0,74.0,64.66666666666667,11.0,6.0,14.0,73.51892767698158,42.99454708192524,3.6121052796130364,5.195202035861193,97.06882505113873,96.97508390320945,99.70935923360342,99.41491906129431,99.92846159218482,97.30514596950114,92.97107118021381,96.34460955282397,98.46074607624936,92.7306938353283,85.88551115247837,83.00089348661383,83.4091249127862,82.68232563709309,80.89770163794265,67.54553705759129,54.699108777150855,55.998920565217546,56.668900240407815,54.29508453051463,56.54106180033457,0.3312212278016865,-0.9435531242349544
2026-06-13 21:00:00,0.0,74.0,8.333333333333334,44.0,9.0,29.0,46.146604068048276,21.20010139330283,6.933651402150384,5.8469608228225125,52.01757423335876,51.89976434101739,52.7459681912617,57.38018017536395,63.7021337895827,66.77471229990165,56.38930102658033,59.70768129734728,59.87957668804954,52.85786820419538,41.72758737651661,29.51219901109593,19.454614702324413,12.441350460831547,7.95521578541438,10.41594127741046,13.87884015329352,19.679637882872214,24.51920585635832,27.11361875034406,27.9490381005,0.31494162072895193,-0.9491110448902284
2026-06-14 21:00:00,-4.0,73.0,66.66666666666667,33.0,8.0,19.0,55.23107333223108,27.629267489921435,8.249459310406591,5.811805369830816,38.28690371804189,38.254931335148974,38.8618609122706,42.48853031177482,47.198908455965444,52.57850359904103,58.51871410481696,64.07301491230164,64.03359498195384,60.08839954794123,54.309797998260045,47.62553572462313,43.35706652388729,42.20949050975241,45.7781392284353,56.254629561703176,68.01275434684987,74.01839680195896,76.9364900112158,76.21959365169123,76.86525447083545,0.2985688173637202,-0.9543881083175908
2026-06-15 21:00:00,-6.0,66.0,51.666666666666664,41.0,10.0,30.0,52.248935377409744,19.866422144660906,5.870309437388583,5.434059301821637,57.38948983007594,57.46214931781603,57.84765521412503,63.899906393870765,71.21144499328904,79.34056418183837,78.04661540981783,79.5254287916525,86.83945063331578,86.98231470318139,72.68222959348368,44.12861196133668,27.125070645313055,16.70330767517206,12.210164943259763,9.677252788459189,7.154809990306038,5.081880420046255,3.5279013896994544,3.537131286317453,4.294879109266557,0.2821076626819194,-0.9593827529490743
2026-06-16 21:00:00,-3.0,67.0,28.0,46.0,6.0,30.0,40.181900308882184,19.881852746590408,8.190532444744017,6.453760684567489,47.989549505409165,47.995661665382826,48.98775927141996,53.51591571262523,59.72574340387562,66.78987507083873,67.34794334929208,69.246732492948,71.02141997173868,74.40879717176696,76.9434214045118,78.25511405369684,74.54651440908027,65.90569677861855,53.81479915004939,45.3467324715472,36.88284867884459,32.10228871093787,27.745925679658107,26.469072456034397,29.52520931571106,0.26556302780405594,-0.9640935007889755
2026-06-17 21:00:00,2.0,68.0,47.333333333333336,39.0,5.0,18.0,48.761371214299224,22.80378875999767,7.873186659795867,5.743938848605852,54.805658769525266,54.72782999955913,56.315324049346295,58.46532460494402,58.63084543664689,61.65165992246408,67.53096551163009,74.97603841250616,81.07366201532726,84.04115838618084,85.97260601796258,87.71207977973351,87.1319634244912,81.85714164251199,71.46267666486825,53.651689782594744,36.85317558589466,31.050058054552476,30.635257863108805,40.2731271901657,55.50939942244403,0.24893980855376657,-0.9685189578512204
2026-06-18 21:00:00,2.0,54.0,85.66666666666667,21.0,13.0,14.0,92.92620754625617,30.783732330531677,3.9785259211730772,5.155226718411149,94.14233085216479,94.14489593831561,94.23547134386686,93.01408546686011,82.76125609966827,74.73782222699013,72.45345146649632,69.75466981711828,67.39896707413531,68.97492009911798,74.83789569779017,81.60146287049596,86.92424885793157,90.00213603836688,90.93517743639087,94.62015246552731,98.77358237163337,99.16610954876239,98.68598231884089,98.9258339132018,99.1055644073567,0.23224292400907015,-0.9726578145718654
2026-06-19 21:00:00,-3.0,63.0,57.333333333333336,37.0,11.0,26.0,67.31731330492019,27.29965556541191,7.196441808628078,6.1829454363136485,63.662626881915955,63.3836207363929,63.5862516200897,68.48096982171701,75.3613330769497,82.48356262692158,87.60328182170812,86.28159432169589,78.66423422800047,72.07305381380183,70.82301273787141,72.85021918379104,75.01015270063806,76.5833121631345,78.62673112133078,77.9994333735312,76.17019612014064,67.86049078076779,56.63152622656506,40.807706169739845,24.926702504496266,0.21547731504673012,-0.976508846196619
2026-06-20 21:00:00,-3.0,57.0,70.0,29.0,10.0,32.0,71.82828985346084,25.87215583631576,6.9790602237400545,5.2765415439769505,67.57823082012725,67.51926005880816,68.34109940293507,74.79849196652974,82.59427771773176,87.73209782020992,90.09811191039331,90.11178370407238,91.97790581976648,94.46356508852828,95.90329870410105,94.95874928371217,92.08731297290743,90.20005119121258,90.22780123887956,82.11532799543676,72.38904630624616,68.39621596754557,64.96008231204443,63.59098499908804,64.35760167909875,0.19864794288017112,-0.9800709131432666
2026-06-21 21:00:00,-4.0,63.0,62.0,16.0,3.0,32.0,77.90658589720972,26.821762063583527,7.409287958516359,6.222350928875712,64.71339318423122,64.68073317939943,66.28095475132437,73.07227840335145,80.30690435940271,83.11265223898869,84.47422821394285,82.50427730416338,78.40762204736163,75.4914343168064,75.29315758035108,78.40154559957404,82.53981925685527,88.55240669546983,94.80373284082499,88.99985474207104,80.17156783550006,67.10739088242637,55.71643408269246,50.16796318464053,48.770980532871974,0.18175978759137534,-0.9833429613388902
2026-06-22 21:00:00,-4.0,64.0,73.0,20.0,5.0,16.0,77.99002766483804,28.273853378701443,7.8826709697616915,4.597082273592139,57.69626714946304,57.70381853312252,59.92281098892014,65.99734031397062,73.25684196040885,80.7056402725991,87.46185787407961,93.77216814103406,98.2541796420333,98.5591024194058,96.9032836516325,91.54181614537636,75.77563692006558,66.6597362916129,59.256443315479345,51.53512519346758,46.66468276967583,47.512357977087326,54.01013889418913,67.0558824192976,70.10630936249494,0.16481784665719793,-0.9863240225317866
2026-06-23 21:00:00,-2.0,63.0,69.0,26.0,5.0,34.0,75.13039357925139,33.681366758065366,4.20825171133917,5.634944643363239,86.52560310711212,86.57285032644246,90.11428295475666,96.1339519875687,97.9205725577083,97.992075211219,96.06638111984212,93.46466945703456,92.61270106545726,92.17332330259634,91.4672388664685,90.15858346132984,94.32078741906246,98.00141698748016,99.6257305954684,98.15292258485785,90.10759788680748,66.4630434507077,43.52070063550856,24.676304423876516,17.450960519119924,0.14782713347053048,-0.9890132145779883
2026-06-24 21:00:00,-2.0,66.0,50.666666666666664,31.0,9.0,30.0,65.23879760028751,27.011229185458753,7.24833660110138,6.647540664708113,70.799011776733,70.82214868783312,72.57430447092808,77.52046257195087,84.53538680495085,90.5117525835201,94.38182960943342,96.24505227299734,95.5855093575936,91.58880991483511,84.94267421838913,79.06218367410766,86.78722738062898,91.11721428269149,92.79447343193333,74.57143555374603,56.13675493727537,46.88323320976793,40.74247869119858,41.4868443417496,40.22857117750578,0.13079267585675922,-0.9914097417023038
2026-06-25 21:00:00,-2.0,68.0,50.666666666666664,21.0,0.0,22.0,63.14391642044514,25.750476759002584,8.119730435363353,5.328383318900222,54.465969038984156,54.21888737134585,58.02750343430735,64.10466860268637,71.27043246686115,75.83744219339941,72.33004187399462,71.63208666480662,68.69641801102323,64.72746314687267,65.77681046111071,71.20221408007922,79.45553129811677,86.40730591827345,91.70694782940839,83.54126287559671,72.23181217470899,57.35901833496716,44.816409806340396,33.90277069063522,31.920879604835385,0.11371951458594969,-0.9935128947338007
2026-06-26 21:00:00,1.0,60.0,81.33333333333333,12.0,4.0,16.0,96.49647653253227,31.071294212528567,5.794678911223352,6.145532096914987,94.02899532102172,93.63759735582906,98.02168629687127,98.9339794363103,98.9649583498623,97.94674408379778,98.39370053539437,96.05416667473224,92.06273007428527,91.30071832659611,90.10337561130645,88.03814842794237,85.58311771116813,84.7933540506758,84.42456388681036,83.69572899092141,79.36635976188239,66.91997811273178,56.65537445610238,49.344218698045125,48.14154865421192,0.0966127018812031,-0.9953220513156602
2026-06-27 21:00:00,-3.0,66.0,63.0,28.0,0.0,35.0,72.74144419142435,27.466706411181782,7.0594847679933075,5.805811881915912,67.25460066425325,67.09786436937573,71.29383007455688,76.58987884959569,82.24850653888139,88.28160734346844,93.33427658098351,93.8891067470955,90.31495448108127,87.27526446564629,83.54841860392737,78.76152600538654,75.13385622307183,66.001644964015,53.80888870789061,41.90032155121389,30.18428833487887,20.88649309697512,12.50134119597647,6.157903895642206,6.205757639864888,0.07947729992362097,-0.9968366760893436
2026-06-29 21:00:00,2.0,74.0,9.333333333333334,42.0,2.0,31.0,44.473791254469894,22.680518171244145,8.221139118901037,5.853961737932007,44.43360048227853,44.49014639240236,47.73734426625361,52.7338128650216,57.89063270932827,64.63153893968172,71.16722308407638,76.93190659962457,80.00041340588966,80.84762102258058,76.07066117159941,68.67329927952976,60.815032154074004,44.63803041442056,27.59977779081516,19.273962610769757,12.145309629743586,7.655259031416762,5.7048411015772205,6.709768395879507,7.351085488767649,0.04514101777397193,-0.9989806246941579
2026-06-30 21:00:00,-1.0,75.0,57.666666666666664,20.0,1.0,23.0,51.647768838473404,32.901401800773414,7.578801487550565,5.00603411548478,43.65204614642922,43.96610144840496,44.5645709895974,48.577565427691965,52.588130401045554,56.07053786268806,60.921902550132636,67.08058429104456,74.0559547690699,79.49651853700861,83.14250950005525,85.98772981575274,91.39251677431669,96.61757834695469,99.41478156567355,98.51296958322055,94.98769650231326,85.50827388866458,78.88939142722609,76.03953718666223,78.59025531771334,0.02795029824021032,-0.999609314096404
2026-07-01 21:00:00,5.0,80.0,50.333333333333336,27.0,6.0,25.0,76.63566627166244,31.16814841419835,6.6135882189563695,6.568782205814775,53.34442710050923,53.28418836537456,55.441910393220674,61.08581282301307,67.78660433493027,74.30182248812038,69.41515051428902,58.15712266976614,37.052976376024766,22.53201637255403,16.884275449220883,19.075433919602215,26.662562373753296,30.592209497665735,31.325867100202093,26.512279355980795,22.323398498676436,24.054038901943425,22.019773516142944,13.8763370468173,7.028043131057264,0.01075130776352193,-0.9999422030204416
2026-07-02 21:00:00,4.0,83.0,16.333333333333332,32.0,7.0,28.0,60.648410493256414,43.37254143285829,7.638984019771829,5.234435941189125,53.121824786250414,53.10662273507229,55.06805886531264,60.898498288113146,67.83055869122263,75.4950183405659,77.46026601924983,81.80015238456772,82.29116092291065,79.39063719622949,74.65368984366229,69.04529325666711,65.61518186065611,64.81317959674878,66.1093800282144,62.734434194639256,60.167133031491005,60.394140837091484,62.542737981530784,68.04004108122993,71.92792472129551,-0.00645086419810515,-0.9999791929590823
2026-07-03 21:00:00,4.0,81.0,18.333333333333332,47.0,10.0,29.0,54.389974472437345,28.326495134828978,7.699819537158783,5.419595924842096,41.99467616103229,42.11135492135759,42.740180704673854,46.78514022821357,51.83554060598789,57.22192031127452,62.04443149211221,61.823018626837026,64.49972917945685,63.40558713003315,55.77255448075984,40.451178150634256,27.435863225148026,20.78974730339935,20.554385774581192,23.352348108783083,25.671158960852043,23.903290808270377,21.192389719946398,16.652486771520163,14.465164054270558,-0.023651127245231586,-0.9997202729664083
2026-07-04 21:00:00,2.0,73.0,31.666666666666668,48.0,11.0,31.0,53.262920322678845,23.65213847491724,8.11847128513352,4.070036785220355,48.408695129250454,48.30521859463175,50.11197893470114,55.39050032709131,61.735552420675134,69.1646093126029,74.73886102625755,68.19633456535956,64.8091278218322,65.1371813910833,65.61475466412396,63.71233820225901,57.02514727435559,43.28511531611364,26.363141841755795,15.600476623326594,7.3205181895782525,6.090649801304833,5.460630149361663,5.984199297975921,7.571303537400214,-0.04084439154329611,-0.9991655196610109
2026-07-05 21:00:00,1.0,73.0,18.333333333333332,44.0,5.0,35.0,42.69898982567596,21.183330579200526,8.835579761185627,4.6964255473103345,35.08697521389878,35.03740568908178,37.14091741437001,41.264809247662406,45.92098483553272,51.589207054642415,58.117781810502166,64.91486869628443,71.7011243828371,77.04858691649635,82.75232067450362,85.43848545254701,77.9879755170316,49.063735595688975,15.366537735618598,10.918721192941309,7.94708183932966,7.99126699235762,10.863000524564494,17.95636292951589,18.840735867598713,-0.05802556932878035,-0.9983150972033183
2026-07-06 21:00:00,6.0,74.0,32.0,37.0,2.0,16.0,46.146604068048276,23.86374035967954,7.8570501877827565,4.901968673681626,49.021054081393494,49.25012600049518,53.46364510254224,59.44319432802069,66.34899183135283,72.3208085507572,76.44313191353366,79.23354501607471,78.96972151813179,78.02984992267307,81.35646599617814,76.34468855927574,55.14516394015205,29.052794218624573,8.997135265843498,7.00414831937048,6.954424342633766,10.057563725158618,12.169583031831428,13.413722233561543,15.480050965842954,-0.07518957641475855,-0.9971692572470178
2026-07-07 21:00:00,-3.0,74.0,39.0,42.0,4.0,16.0,46.146604068048276,19.659566060560028,7.2377137294932545,5.805723926959086,40.153697280029036,41.07929435980936,43.4514772930854,48.167470273438354,53.29952702851699,57.2910851804495,58.92212841096902,63.3476835908073,69.90962118389264,78.69209760853614,67.17612222413268,45.03242357871459,19.68528538932894,10.731917469286687,6.273912787287891,6.3205521623748515,6.798171908428843,8.070838116114821,8.839277020912482,9.034988969587596,8.541900741105051,-0.09233133369539122,-0.9957283388645872
2026-07-08 21:00:00,-1.0,77.0,21.0,46.0,4.0,23.0,43.319098678448334,23.43619605731845,8.543470114364867,4.381590656894539,32.97408504801844,33.00704834479762,34.50852332334124,38.34182651377364,42.8085106423392,48.32893801273591,54.68558866463442,61.44232638722106,68.47170168876063,76.98879607493113,84.27355218335032,85.4765431696424,61.62802449416379,32.312515932825036,4.690786254344802,2.2519600717616077,1.9716787084442884,8.254233165951566,16.96365938187296,29.215744150724497,32.274725799209264,-0.10944576864891556,-0.993992768446958
2026-07-09 21:00:00,-4.0,74.0,43.333333333333336,20.0,6.0,31.0,66.17933131928622,42.597910633557056,6.421808484712084,5.407209240933618,72.07160588348249,72.25077072191021,74.76227988747458,78.41567969324798,83.38944151015669,87.34971154047872,90.31223732536547,91.22409259818387,92.05393544752242,92.57998621106675,92.15147989639695,90.81429293451055,90.55687031456978,91.3016235831708,91.8230713822149,93.16013019461946,95.11054502322399,98.17088376597292,99.25607004869387,98.37509282442834,93.29977750018215,-0.12652781683868314,-0.9919630595773397
2026-07-10 21:00:00,8.0,72.0,34.666666666666664,32.0,7.0,33.0,59.22858008458958,35.554140395947144,6.907114251899701,4.437086893010989,69.34632456228533,69.61618045338184,71.28423027887364,73.30009411559493,77.87137943190274,82.57367723245954,87.54218133030326,94.54145044860918,98.9997230519419,97.45435875938243,96.5682269721089,100.0,100.0,100.0,98.2863339218182,77.92236768268126,55.04058169209285,35.28072889782996,22.014537684113673,21.12204315999365,16.828279749974147,-0.1435724234118113,-0.9896398128792412
2026-07-11 21:00:00,-2.0,70.0,39.0,44.0,7.0,34.0,45.53305267993813,22.17039157029716,8.21297995440911,4.94249505345156,50.44239306707353,50.272410301430085,53.82083973832642,60.02512840044226,67.27196084944917,75.45667967458117,81.18994312368561,82.48329449842255,79.44912395271082,77.81293389173865,80.37952804364599,85.06948720867497,85.31835998487303,62.677542649632464,35.814328856479584,25.999489162937806,19.105438694048473,18.85125043556544,19.42574592572249,20.939171013747988,32.728511738622004,-0.16057454459499376,-0.9870237158387383
2026-07-12 21:00:00,6.0,74.0,9.0,45.0,1.0,33.0,39.77159708844618,17.60278934576712,7.821118048209127,5.517493319855169,37.15236391515829,37.447778550166504,40.14512520780442,44.55319924026931,49.08455044127422,53.367352936786695,58.62498699916318,63.84343958907128,68.62239770263506,70.06446038825376,63.87114081100045,50.71391716798017,33.08389600009332,22.701019512232648,14.523962694673823,11.035047733444754,8.640385567632663,8.214585829528076,9.616474456587106,12.864929629603203,15.001336710772598,-0.17752914918703497,-0.984115542601034
2026-07-13 21:00:00,-2.0,75.0,67.66666666666667,26.0,7.0,26.0,49.80730647655911,33.269337831378806,7.124834850070011,5.46756854046104,65.29237804052502,65.11601551400817,70.11864021877163,77.19802779435851,72.03432243811638,67.80723801055515,62.10473074277504,62.70218075772236,65.83896742314609,72.70294386229254,79.20165150151838,84.93858322041743,89.97578457666319,90.34272908630246,88.89035559016814,86.1170709668626,84.44293626679496,87.45305939203855,88.87609061286386,87.77772613080589,86.9951470648304,-0.19443122004766195,-0.9809161537413774
2026-07-14 21:00:00,1.0,81.0,62.666666666666664,38.0,9.0,27.0,60.39506710555167,45.63439436599168,6.44914325042311,6.74017586266692,65.50509208113127,65.4982824168373,66.4040931313321,72.72534277329557,80.73709700017135,88.33470367950973,88.55053105429765,79.4175956517736,65.96235200699026,55.38823962303867,48.13815640830633,44.132091821534644,48.771947335333344,55.93690320914434,67.57033256767495,78.29239162028155,88.99403209773702,95.42444335017439,99.39388398055446,99.04761315503268,99.19319480086075,-0.2112757555821793,-0.9774264960104055
2026-07-15 21:00:00,0.0,71.0,12.0,49.0,13.0,30.0,47.421028256458584,24.52495137273393,8.509228200214297,5.3989203329699675,45.3441930050645,45.47575624893358,45.84540921884576,49.46280638672303,54.896789142591714,60.85148061300051,67.47423529130839,74.54634491309146,78.54106966933777,80.94702074179258,83.54025176678776,85.46979940199144,80.79740939044599,70.18835549895608,53.85222203625597,38.118191681866634,23.44109415951918,18.837517465102067,15.849754066824243,17.677467998328474,19.54779661036867,-0.2280577712215198,-0.9736476020539838
2026-07-16 21:00:00,5.0,62.0,41.666666666666664,40.0,13.0,30.0,55.73631566879558,17.918106733339183,6.750459462402245,5.489463398386667,55.30747964596501,55.43411064109029,56.9323914382052,62.892123530337315,70.26883598227239,77.4275746609594,80.30623261487717,80.54706014992405,76.79045445326558,73.88206919662022,68.58403475577907,58.235906626113945,44.571488650412014,37.993861718781964,38.361924448955655,41.04866519788811,43.89475817915177,45.572693367120934,46.19315073969663,44.487882430047364,41.702824766185344,-0.24477230089725957,-0.9695805901076308
2026-07-17 21:00:00,-2.0,67.0,14.333333333333334,52.0,11.0,30.0,41.7558055111925,15.54508558106656,6.917481089887621,5.141594682920828,43.084638717519695,42.87887450018169,44.95869805399549,50.02847162288243,55.64127906070839,61.79446872417612,65.44300629294881,66.3647298267158,72.63250497595462,68.75661527595838,52.01684743419427,30.320380649616208,17.337742724547038,12.911963352513075,12.614660107161669,13.270014853396528,13.77874155871906,14.2596430477086,14.922099095022473,15.870199881676674,16.637858893514263,-0.2614143985111562,-0.965226663665613
2026-07-18 21:00:00,-2.0,64.0,80.66666666666667,15.0,9.0,16.0,72.54211374670008,33.216733436281686,6.216811543504043,5.412569024867602,46.59747145056941,46.77689170949154,46.77483767833894,48.07374773534603,50.538002387665436,55.72953685147215,63.15526500499349,71.57373556008007,79.81627145865089,84.99085578536277,87.14633382615162,87.95884996195205,92.03034562037074,96.60590015483916,100.0,99.42106590405581,93.88745282836189,79.97786240562333,72.87692821451161,81.49543030498984,89.56612650145811,-0.2779791393987801,-0.9605871111248129
2026-07-19 21:00:00,2.0,64.0,21.0,45.0,14.0,31.0,53.95286976616358,18.311542520545043,7.066709630444237,5.564262654411035,47.864032051252835,48.00531283155498,48.859790208541305,54.14604126917758,60.50465015419206,67.81133073287974,72.02479717992402,72.39881762356082,75.11363024113525,78.88827976642894,77.77169964562268,67.26807677666172,43.12152975286209,25.86047312521912,13.970639290024407,9.651673040308758,6.3065452144351966,7.147234640800732,9.07290943838707,13.235883686311448,18.168658778133608,-0.2944616217868012,-0.9556633054034704
2026-07-20 21:00:00,-5.0,68.0,22.333333333333332,54.0,8.0,29.0,43.54099847976219,26.718643815819693,7.9207773114191955,4.989490478586917,46.76457097569276,46.911255608835475,49.061834886244945,54.373867530812625,60.937975724212215,67.67139198940868,74.3731356994293,75.53562735242112,78.60454446867263,79.54454061433907,79.8064868204818,79.9663510711639,79.9367294209433,78.184350905225,75.35579707758843,73.13647745472953,69.73552924923074,64.09414321038528,53.278352349300896,34.72569224547145,20.67179478600941,-0.3108569682435036,-0.9504567035349151
2026-07-21 21:00:00,-5.0,68.0,67.0,39.0,14.0,16.0,50.62023314635851,20.34382821766177,5.786273410838763,6.370110390265107,49.38911534579293,49.25340852857945,51.941520902195315,57.67719696807101,64.2579523405735,71.37641292051894,73.9759543039381,75.79963673512566,62.47340426164437,42.187669297944154,27.484834112616742,18.0129372290859,13.734646738592051,11.237277239366522,9.513395540042978,9.531324970362348,9.988314925579008,11.728698425522072,15.427146558227406,22.15280148296127,40.146944338894976,-0.3271603271220951,-0.9449688462364056
2026-07-22 21:00:00,0.0,69.0,65.66666666666667,18.0,8.0,20.0,87.09558126767988,35.90227806645543,7.582109474825665,5.270107668853367,65.10084551633356,65.13080325594697,66.28010170988586,72.58943089197346,78.94909224156721,80.25040097861914,80.37842595582939,82.73161035065446,85.29872036132899,86.7658494399159,83.71188722827844,73.47910180617738,61.709101880520166,50.58667418649003,41.386776232069664,29.332292767811623,17.270704594177552,8.323206329993592,1.505365490337924,0.49430523692277784,2.493614171041125,-0.34336687399638804,-0.939201357453208
2026-07-23 21:00:00,-1.0,66.0,28.0,55.0,9.0,28.0,43.226431411633484,16.026637580910187,8.074936223462233,4.054613063718179,34.55925260409982,34.23786794476478,36.1057018662258,39.868978815637895,44.64199081941301,49.68611063829605,55.40663467884044,60.024022056269324,61.52780947205528,64.49011007545298,59.719791139834214,50.352278335832025,39.600526275227914,34.68354110131688,32.28132839994765,35.41426368035972,38.558685777839656,41.41929045521283,41.85977884478869,39.256226781607225,35.3649287972439,-0.3594718130884232,-0.9331559438780432
2026-07-24 21:00:00,-1.0,73.0,19.666666666666668,36.0,4.0,26.0,42.69898982567596,17.958096134766286,8.106421116482053,5.34684444115205,29.4616794201483,30.19529867967141,31.563965725552716,35.02750136120393,39.28636501751617,44.12512839126764,50.196276734460824,57.824975653139475,66.40015873506614,74.4576211416801,72.74014799627504,59.73999404344491,34.85484712804971,27.198378189820215,22.94316823880942,21.265506542135718,19.344742457089364,17.198894452854585,15.05099415800745,12.391414673289184,9.681264087635718,-0.3754703786876202,-0.9268343944460494
2026-07-25 21:00:00,0.0,75.0,14.666666666666666,47.0,5.0,17.0,48.024842970657794,22.303300367662267,7.538239974836337,6.082615677395176,35.615310540696576,35.468592811804804,38.1109800904903,42.357161205249355,47.271618103666526,53.12097372988303,59.18815003124301,65.70562161994177,71.36128288306897,76.75468975131051,66.82160839581908,50.65374409052084,36.62475375886319,32.808219995199316,30.868577049301827,26.929070256208416,21.86572716426711,15.951463896346294,11.727242786874662,9.47239558996612,10.874755312921522,-0.3913578365610259,-0.9202385798054075
2026-07-26 21:00:00,6.0,74.0,28.666666666666668,38.0,4.0,15.0,39.77159708844618,16.39001733896847,6.931275127250676,5.7904016647378995,36.51351999558637,36.40490596835117,38.294036918213216,42.68355145958368,47.70626363495042,53.24391729536847,58.38848960482225,55.78871132143368,49.79077475654572,26.069459281080565,14.385007608193614,15.231565443950517,17.63243734901448,17.39873559277905,15.487504146935551,13.091890349271997,10.659775905204887,9.067914449798312,8.023195106307055,7.904887010786369,8.452470627514625,-0.4071294853542516,-0.9133704517637858
2026-07-27 21:00:00,-4.0,75.0,14.666666666666666,49.0,4.0,15.0,39.928747045839025,23.450304391700094,8.317477952396924,5.485471271064137,36.41352814310151,36.50373566709472,37.672966492697995,41.946961953204976,47.027115391003,52.568195575465836,57.50269946464399,61.71190633837445,64.55892917711842,67.19819857504426,68.54229237507154,67.58216648246521,57.47526457882862,41.798819452189306,20.999381652028042,19.47390759428003,20.087534708067487,24.366670225314095,27.23075945926783,26.564236245034923,26.236334736750166,-0.4227806579826773,-0.9062320427107697
2026-07-28 21:00:00,-2.0,75.0,31.666666666666668,38.0,8.0,15.0,49.80730647655911,24.187715109271224,7.468114469633333,5.4071916559825,39.01934243925146,38.98353253670809,40.56722337998854,45.061157594761085,50.488008394980696,56.418192590352156,61.234857026864816,63.929613141135746,58.671358135407914,51.79322939135971,47.139684804004645,45.28869173101639,46.38122840873295,49.23698143720189,53.55761181251631,51.039715063841875,47.86552874225729,42.89216610986239,37.67098986717337,32.25954020300351,26.326230710859903,-0.4383067230125192,-0.898825465016444
2026-07-29 21:00:00,-2.0,68.0,76.33333333333333,29.0,7.0,13.0,70.37250898029912,30.06131237734153,6.818042299088525,5.0830452136994735,60.910756450071325,61.00448423527246,63.982210275750575,71.7854136941274,80.76000312757688,88.69250142993329,92.2373805425013,91.40017304512374,86.32464456721031,81.7584167476997,77.04388565450373,69.02639023566212,46.93945377419505,35.3706470344637,30.56697228427035,31.79585716632898,32.18467891989829,29.029553887980242,26.48398605331055,25.090387715281032,28.799583897183755,-0.45370308603134424,-0.8911529104063088
2026-07-30 21:00:00,-3.0,65.0,90.33333333333333,17.0,5.0,6.0,80.92009306915742,38.44767953446465,5.558498954666026,5.747590180498134,78.02316007090053,78.01488120384347,81.60094424527925,89.73820555224862,95.15376886335645,96.64662856854166,95.27371529327712,85.33820007506546,78.567334456471,83.31472417192658,91.01504150370793,98.76626508797605,99.1608525766341,98.86569223870289,98.35131578406946,93.91261337323758,88.8317302412239,86.45460054423882,82.83978413093966,76.3353638229696,64.02751250098996,-0.46896519100763184,-0.8832166493127127
2026-07-31 21:00:00,0.0,71.0,25.666666666666668,39.0,4.0,34.0,56.99036732861668,32.3803953335185,6.864118689368525,5.214738014150145,57.35239402365925,57.44466744670235,60.40752037479199,67.37771465221203,75.35545957673048,78.66506491964095,84.06958080060085,86.1678263482729,89.74088312803141,92.48149427072036,93.01524914633495,91.18525996232536,83.89140441770559,76.85538599578862,68.77772812639296,60.3489484603404,51.34698376907952,44.791284766847404,42.01100253430168,45.93003601057005,39.50063148377833,-0.48408852163897587,-0.8750190302029955
2026-08-01 21:00:00,-3.0,75.0,65.33333333333333,22.0,0.0,17.0,57.533389096468824,29.448954410773492,8.108959357111367,4.472226734322248,46.7742246842162,46.820236098460285,49.43374184203784,55.149644121328556,61.53525670811023,68.65905022280265,74.88955877313062,79.45589398146261,80.86664578066089,79.05989888968634,77.27511006133753,76.32292834320236,76.66506751732763,59.12205727668414,34.22137981427405,18.906643668522047,7.690975858210107,6.643055887090147,7.0748946548408504,9.937790000918662,15.226592284785548,-0.4990686026885319,-0.8665624788845385
2026-08-02 21:00:00,-3.0,75.0,66.66666666666667,27.0,6.0,18.0,66.29448363533437,36.14301511254692,8.197425678790367,4.41575990939284,41.912392333195356,42.01438380586361,44.10145242850065,48.963898702648784,54.727531509607296,61.66003675790742,69.28832021961695,77.13840714558799,85.3437560241719,87.01567764299988,87.72940275558673,85.54142501606755,76.27188407863882,75.49599746773859,78.69524093047056,72.02485776760781,66.77374642438821,66.1866292331196,66.69102271067808,68.9403400280395,68.15803999243808,-0.5139010013093103,-0.8578494977869301
2026-08-03 21:00:00,-3.0,68.0,89.0,22.0,7.0,24.0,96.6119797418552,49.93073691864314,6.549880707597368,5.577211310926447,72.57305389094182,72.34484925731118,73.82734263900417,82.01366707484821,89.42140323899248,93.00423736115613,94.32601063011673,94.69341720857956,95.71560331877859,96.89829024091252,96.64741713156037,90.50411255460584,81.88362404767133,73.31346195311926,66.49919962510332,60.22412368644993,54.316174463421106,57.336833114115095,61.74357057353757,69.17060019210459,76.8685293465434,-0.5285813283559292,-0.8488826652214553
