valid_time,Target Error (F),NBM Temperature (F),NBM Cloud Cover (%),NBM Mixing Height (100s ft AGL),NBM Wind Speed (kts),NBM Wind Direction (deg),NBM RH (%),hrrr_lpw (mm),1000mb-700mb Lapse Rate (C/km),700mb-500mb Lapse Rate (C/km),rh_1000,rh_975,rh_950,rh_925,rh_900,rh_875,rh_850,rh_825,rh_800,rh_775,rh_750,rh_725,rh_700,rh_675,rh_650,rh_625,rh_600,rh_575,rh_550,rh_525,rh_500,sin_season,cos_season
2021-03-01 21:00:00,-1.0,35.0,93.0,7.0,4.0,15.0,85.17840219002854,14.326395954052279,4.01090708026777,5.0447049687311,100.0,100.0,100.0,99.0546490591442,95.55332192028132,88.36197196786338,79.49750470628214,76.3834341354077,74.65379726158201,74.46919319872998,76.12632983345611,78.93514841709774,82.56212120793512,86.83329754337443,91.76307068124652,91.5937626929611,90.78318405489803,90.24171102820037,89.56193298331672,87.95443784516632,87.35207230724608,0.8584015232918917,0.512978386299228
2021-03-02 21:00:00,-5.1,11.0,65.5,31.0,21.0,30.0,45.48112012087122,3.2382893379942743,3.2653289088101523,6.500517809009394,59.49156192208381,60.796119541940016,63.357803896977614,69.91709858892659,78.19811786513496,81.81382083931896,73.63645777479006,62.54587357776277,57.613522048342325,60.50060366104203,64.02199546934033,66.75452590560552,66.46067454931806,64.76616866718223,62.13793752663356,57.95825433216171,53.37732623063641,47.69159023644887,43.733223495964346,39.18476163752149,37.85813708847818,0.8670985522812081,0.4981366284784055
2021-03-03 21:00:00,3.0,27.0,5.0,28.0,12.0,29.0,40.25587982284039,3.3851358034617105,4.750696894272881,6.458914816747959,52.24592505476959,52.76421764988185,54.2807241423748,59.171152760805015,62.18157299417335,58.399493582280925,46.6846320399503,34.658997150975345,28.065318778545418,21.447701707269143,18.23062008603187,19.315142600217015,25.05585433194067,31.913606859730997,38.563588875814844,40.56920063710331,39.296638461375835,32.87317581308552,25.640986187198727,16.131294730558025,11.822152128816917,0.8755389928586302,0.4831474640149687
2021-03-04 21:00:00,-2.0999999999999996,21.0,75.0,26.0,13.0,29.0,51.732571956161465,7.004375121987864,3.1263248877296195,6.8229008463559575,67.93883152798622,67.61033983804327,72.15661867678892,80.4018552787319,88.95224940809912,90.26079970777275,90.3122318793595,89.95763494247056,89.11072865223974,86.09648004136294,84.287754643511,82.99142273295439,82.10680331460975,81.51180313064137,80.30504345443615,80.0016925587852,79.61249698985286,79.18132448917248,80.56360555880417,84.2913730539989,84.96437086383133,0.8837203473619977,0.4680153284438345
2021-03-05 21:00:00,3.0,18.0,64.5,28.0,10.0,29.0,46.6962942371168,4.218294438484776,5.37931538918402,4.375917194271624,67.97839183257477,68.22319761321687,73.59685945500092,81.65033927040825,90.29747684494454,97.85116732846922,99.07682812071836,95.60655801675759,85.95575446665909,71.35679065227075,68.9403395141099,69.31950586121128,71.84080628376783,78.11286024020298,83.19452934826664,80.14601817480799,76.30680077568448,69.43805378401555,61.22823183626078,50.89114292909286,45.01145438468058,0.8916401947968874,0.45274469960737107
2021-03-06 21:00:00,-1.0,24.0,52.0,33.0,10.0,27.0,49.92073337483988,4.284467010548274,6.631223549770802,5.934019857988867,66.37139436017893,67.76444211348581,74.5014017323219,83.773471720664,94.09692243618231,99.10701626291039,98.48040593432754,88.34813028197777,75.56701678501773,66.26200434283575,60.921129858823754,55.78313482654483,50.539419421948075,47.86826439299307,46.766391947222324,47.44984714619566,49.440050236364655,51.536951155720566,52.95067461413583,52.455721957782316,51.20948745430511,0.8992961915530253,0.4373400963303323
2021-03-07 21:00:00,3.0,25.0,52.5,30.0,6.0,31.0,47.881552774081506,4.60573317120506,5.437035715663453,5.613013649305724,67.29963745994958,70.25384898059785,78.63137419044553,88.58408242806719,97.73250056785288,99.75863310714081,96.18664051593548,71.1065443210439,56.62953558596519,51.32551008310134,51.81621918422964,52.5392345981587,52.07821498156171,50.74862282227832,49.228704336869505,47.58894183433921,47.08567850992125,46.0257438021736,45.04013831140378,42.60126006002468,40.830653324129344,0.9066860720977985,0.4218060770826634
2021-03-08 21:00:00,1.0,30.0,24.5,23.0,4.0,32.0,48.70998721974842,4.687006397757387,5.332021429127483,4.658910400292827,68.14271756385041,74.54901308332984,82.95239401432933,91.97513957140256,96.69852167211708,80.61358317430704,54.65265385440857,51.110150465490136,51.55143445434279,49.996986153263435,46.876792039718886,45.32100752379998,42.250364631028354,37.78528944787312,31.29696077104547,22.904938151235182,19.262745098214364,15.252151817803849,13.74894945006408,11.737496461454269,9.774831584896956,0.9138076496466615,0.40614723863057883
2021-03-09 21:00:00,1.1000000000000014,33.0,87.0,28.0,7.0,33.0,60.96938379961876,8.147930415661902,4.936927622175859,6.368918650101495,74.23276612578756,78.17582158952293,86.51236438561776,93.36147181157709,98.38409969444623,97.4274340712511,90.53129060812105,91.2365104097432,91.37907026157912,90.06151314959969,87.3612949986619,83.85062667641259,79.1875591890108,73.51774101664492,73.203286487509,75.5730075831428,76.05012666519696,74.11445939223987,70.32618974269947,64.04285410504438,53.186435340220505,0.9206588168102428,0.3903682146763026
2021-03-10 21:00:00,6.0,41.0,26.5,10.0,7.0,18.0,52.629707484595414,7.437912227795782,2.353198212069913,6.827088489483157,71.30619468916969,71.48388645469133,41.251900158033486,23.58594379185073,20.866992962408855,19.172303372647384,18.430385174014926,19.265439284756887,23.55168493454724,29.522861879177764,36.19597270920125,42.11510889492216,45.851952883849656,48.17687318132041,49.80097091790404,51.269600038578375,54.68862932428353,58.17577600855104,61.83019364443052,65.37097655951541,66.42569641434368,0.9272375462179537,0.374473674486883
2021-03-12 21:00:00,5.0,42.0,6.5,30.0,13.0,26.0,46.57574460062664,6.678711855287474,7.583551234778474,5.226690120521533,57.93681746728895,56.23760964299191,54.37062288414561,58.11197512809575,64.02314788079354,69.83289265854864,73.45452240975585,72.61373787731733,67.50059250886025,59.41994016189091,51.61796584781335,45.485302269011235,40.14946197473751,35.57546078705276,29.691379740930667,23.02282829827978,18.57874311104633,16.076540787732227,17.6210671546917,21.421203171982782,26.126208657565787,0.9395699859530622,0.342356891994542
2021-03-13 21:00:00,4.0,30.0,42.5,39.0,11.0,30.0,42.642053954001305,4.737555971919884,6.105982672827149,4.8162433296626075,57.72290650613273,57.956314063829815,63.10070803796537,70.40496945893612,78.53874090731905,85.96288261999882,91.55170470642453,97.33068821181125,99.27677854327119,92.59705870609545,62.535710336275976,39.701912398396274,25.52179581419522,32.07257658419081,41.261577785543835,54.02371922291111,62.73975169622644,69.94998247073285,72.0787307085013,72.43574733988277,70.78337600993385,0.945320046913132,0.3261441535642696
2021-03-14 21:00:00,3.0,24.0,80.5,42.0,13.0,35.0,45.59489549082685,3.145081741505529,7.31148869887875,5.805724876716853,59.05274466677866,59.487417709113586,64.39929470481259,71.4098669139741,76.05588255551277,76.11463831871818,73.34893375979699,71.59489491465976,70.3918431661844,69.40425133018978,67.77145009689866,64.73391195341975,60.73083683315828,62.013156406305036,65.67141329649174,74.02290995694361,79.21617799644343,82.46618700496828,81.33433073783,77.48683675029051,64.14473235524997,0.9507903724625832,0.3098349038318025
2021-03-15 21:00:00,0.9000000000000004,11.0,62.0,41.0,14.0,33.0,39.300892364202284,2.1809591218747064,4.671228892012088,4.365746858412135,71.73536730313931,75.67187622351545,82.62584051462784,89.327935478118,94.28142713150524,94.2127042148648,91.24365391136077,92.57571130793,74.79026282823168,57.44831208656292,44.75848537771942,43.54323812097193,43.10924069542062,43.17688692845766,42.788946978161896,41.02954520367138,38.13693593337569,33.91035787945975,28.71672025235962,20.281399269171548,9.221078388966676,0.9559793438440766,0.2934339689665273
2021-03-16 21:00:00,3.0,25.0,33.5,29.0,4.0,30.0,38.109531957535786,6.067804665092993,3.0803650053391474,4.213669414904863,62.30261259554874,67.77357007666255,75.58310279682256,81.89185620512183,89.52560387169078,90.9106316835461,74.22510924091723,62.06509371669184,58.240400173718754,59.26960182403762,63.818174558544094,72.32733749912578,80.18370441708399,85.17578606964,83.74001736218936,77.6880617477196,69.07020021423148,58.39009953668884,51.532167699284145,42.80603360694551,41.78056077375621,0.9608854255574977,0.27694620226893646
2021-03-17 21:00:00,12.0,42.0,36.0,15.0,4.0,22.0,44.655750325408675,8.600747354017265,4.521750395322685,6.6185773511200106,64.13978330309448,63.55107054067496,67.70408988172103,65.64918313057048,50.13199297332318,45.86468548760423,53.14339652656501,55.9149388367736,53.80347491228012,50.71937529725202,48.76884136316146,50.56670112601689,52.93542867838475,55.67280269808165,58.19191954933343,60.04342961360628,59.74150746530278,57.017972585076,56.680475299557074,56.02525249362924,55.96004228011977,0.9655071658143364,0.2603764827344581
2021-03-18 21:00:00,1.0,42.0,83.5,23.0,9.0,28.0,57.320053115540524,7.564194217085424,5.8466367940673365,4.971398896052527,68.62887638104142,67.92934741150043,72.07080989019158,78.36755190515554,80.6331394190758,84.366645858036,92.34974255888926,97.76464599561372,91.21787674269864,70.21894917002598,40.32446628964849,21.060294896811417,7.699985181211068,2.682252747976079,0.1069965727925531,0.5115032436059904,0.9145109549057762,1.097357578249405,0.5802746392143487,0.23591251026735313,2.069080466094928,0.969843196967294,0.24372971360968387
2021-03-19 21:00:00,3.9,25.0,19.5,29.0,12.0,33.0,38.109531957535786,2.6381453317695587,3.8898595420479136,6.930217979824132,54.3693750711886,55.70397293101526,60.37841515362352,65.2282668507811,61.731541607027566,48.5350892962388,32.83891629657511,22.229349927353617,15.82257608201782,12.991866921753253,12.830882742941297,17.708291078799427,23.159792862467803,29.160785109712705,32.811853171614935,35.136484056932204,34.83200396000022,32.96941770188459,30.348510504695938,25.62353312493778,22.214555674953562,0.9738922359149924,0.22701082094141847
2021-03-20 21:00:00,5.100000000000001,45.0,10.5,20.0,7.0,27.0,45.14741444059202,7.621063447797243,5.783702281397108,6.589393855232839,65.73977167087196,54.72884433208547,57.43140731441372,59.95018830105675,60.95064737474275,60.99302574121099,56.91878416719227,41.48903213673016,30.498398437621027,27.909599788696294,32.76346143074379,41.531394649929915,49.35166126730792,54.61217477133163,56.54018328874007,56.63274564624362,54.22323384788774,50.365659548571365,47.54036536602507,43.129849386097746,42.533653990184874,0.9776530844816641,0.2102247521189836
2021-03-21 21:00:00,13.9,52.0,17.0,6.0,7.0,24.0,40.97375672793343,3.6004735156523804,5.831926131292514,6.891515736193384,65.66622188691774,52.01483332981519,31.52528072104025,16.74023648869289,8.041555388478459,5.337173647037047,4.977103532217313,5.220978201653518,5.550110198446238,5.847530935958569,6.227277217589957,6.697575205257657,7.397100683779752,8.441885441634174,9.652287293026236,11.020177439647538,11.687112384181987,12.207301170584838,11.182289748220487,9.75332062940949,7.234836569705839,0.981124629771712,0.19337647441020586
2021-03-22 21:00:00,20.9,56.0,5.5,7.0,6.0,20.0,35.40449356326709,2.8093046155417145,6.452026018064252,7.045168111509154,47.08496110429367,30.492718765689087,18.61271880166095,13.280243541543324,8.769470156104529,5.642820942601931,3.7083874359640667,2.87937181004765,2.611813570808702,2.4718547576461334,2.4266997174254863,2.6564872403022672,3.0757686746261648,3.737291340547022,4.551314686268812,5.551210864973148,6.44301894168234,7.547161893391867,8.013438570103283,8.562044616592894,8.207412781670001,0.984305844499033,0.17647097349152166
2021-03-23 21:00:00,17.9,56.0,13.0,10.0,4.0,21.0,45.08636504061848,6.8929623887650315,6.179335578298492,6.468780243626438,40.952981722924484,41.56825005446066,36.759130965441805,28.3564478233496,26.041506706789125,26.49455366844026,26.698518167208114,26.851572620793522,23.424514564214167,18.41963135752111,12.295614467013356,7.320717267739885,4.813188651210558,5.9966100164307505,11.342208722830144,19.682284991845425,27.79506665156803,37.64655096972492,42.967492783994324,48.6300455675045,51.860056504750986,0.9871957872910085,0.15951325197263655
2021-03-24 21:00:00,4.0,54.0,87.5,11.0,6.0,18.0,54.58319207123542,9.355285872768729,5.71291729678287,6.033050982067059,57.53172031065502,61.364253929653934,66.29074620974247,65.07726271633788,54.41499141332405,32.89913850992475,14.607743958318748,12.53280250646431,11.012958101550458,9.579887123744342,8.203734014728207,9.139684154243852,11.41465370476708,16.151982087498602,29.874842821052887,50.980342905208765,50.58711046684028,45.64156819151682,52.12618351282205,61.13676740658692,74.83933809098103,0.9897936029670716,0.14250832791617088
2021-03-25 21:00:00,-2.0,56.0,72.5,17.0,11.0,20.0,61.61093846002645,17.430138764667785,4.963830803770989,7.040511507347904,84.18987917256572,88.73539955100154,96.59589428693958,99.89933787287602,98.41439124219848,87.23215082328254,74.60773663693571,69.71521562249363,66.24031851112233,62.146701909442726,54.21331785819332,43.984628517331565,32.875619501335244,23.489287568592612,15.760483541122122,9.06579575256739,5.028514526712284,0.5044246573401538,0.24733832680576803,0.7314111513391246,6.322775672408485,0.992098522791769,0.12546123335273648
2021-03-26 21:00:00,-4.0,50.0,91.5,9.0,8.0,10.0,71.08848942637533,28.98924008523801,3.4380437442362575,6.462612725166906,98.39411522765803,97.43731581470271,99.2300844937052,100.0,100.0,99.70170225552673,99.82375857706072,98.98299766483217,97.43484228570772,96.97006585417999,97.71783238500291,96.7560583419504,95.82238422719907,96.94223409236314,98.32165272759084,99.33235242418337,99.31516762528942,94.52017613513513,86.3212029558312,71.58210283205216,50.594898759151306,0.9941098647022418,0.10837701279187609
2021-03-27 21:00:00,-6.0,38.0,84.5,26.0,4.0,5.0,50.004299601696204,7.705609780572104,2.964879673042014,5.797609390200903,88.90862993380661,93.83319065914762,97.46052014315516,100.0,100.0,100.0,95.37961748233916,69.63792785821691,49.029702710817176,49.76478507569429,69.10719191423891,57.51593770488667,44.89449418201205,31.048906502940387,25.69207441038448,24.138843027683162,23.80982580222809,23.250438145902642,21.54397240728073,18.8328070534537,17.32709354101348,0.9958270335100595,0.09126072172931188
2021-03-28 21:00:00,-2.8999999999999986,38.0,91.0,21.0,13.0,15.0,61.65903145776694,16.921128616158427,1.6534522876372677,5.1992964403996575,93.716826054249,96.04589273414626,98.57468002006098,98.43938094124299,96.81521659567362,98.20868963692809,99.35541727928634,98.65884020949811,97.73481059383052,96.55690290019642,96.19684091855156,96.38711539779501,96.63143841021794,96.26288635117997,95.08348006775267,93.25764310733634,92.87652212147522,92.32185370928488,91.99600380553986,91.82170086248065,91.23867466930898,0.9972495210773451,0.07411742515094437
2021-03-29 21:00:00,-3.0,37.0,64.5,38.0,19.0,30.0,45.755952313414895,5.25678055921651,5.020973881981581,5.921031611979917,63.05032682056593,63.5940885943166,65.59386742489448,71.60098163509812,79.83069619299788,89.72634724787136,89.47772195583667,80.7979619673061,71.69461885816625,63.6274100182728,53.810956909133864,42.08755390030775,28.645981154671652,18.568541173815834,10.521988676827279,6.876858951803472,5.376528790464525,5.900408933923688,7.210287662674678,9.326411287511343,11.331735686814062,0.998376906467142,0.056952196034039754
2021-03-30 21:00:00,4.9,47.0,27.0,19.0,10.0,19.0,33.91254131908635,10.602627292182389,3.6051199229675426,6.210199754416203,61.68490666333639,59.73299480665241,63.62158278447643,57.84934444187455,37.341447815135794,28.792388679480613,30.920549634488175,36.525394341162055,41.70535881070464,46.24406971733925,50.09276221426967,53.88948530338207,56.38153647152541,57.459088556331274,56.410439082622524,54.23084577346566,52.245906149852516,49.29620945674588,47.87516316180503,45.328346488678854,41.67365743003563,0.9992088560679753,0.03977011384605572
2021-03-31 21:00:00,-4.0,58.0,77.5,18.0,13.0,19.0,55.16433895681845,14.40462643782892,3.781087862019183,6.889840910374615,85.23812530138937,88.97754579010765,96.40378858868722,99.82344339413764,99.81418151867588,99.23124262922714,94.5974494427395,66.07080882106932,37.20543498572963,15.277840412723872,4.4621997033961085,1.1550538094193687,0.22313055043318764,2.1710355213862575,4.148084231424631,6.517825134150285,10.193693604188779,15.456848871535836,25.695193595199385,40.33891784122868,56.6703235018835,0.9997451236925734,0.022576263041545485
2021-04-01 21:00:00,-2.8999999999999986,36.0,92.0,19.0,12.0,33.0,72.44566960809,18.37105459663607,0.45395647432735586,6.276549002786425,86.30761249393598,86.73360752921596,94.47825438897891,97.604518290264,96.08506218418138,94.40224881902594,98.63437887995352,100.0,98.07544420208018,98.83502786106787,92.02000552149129,82.69116977322611,71.8973609061105,65.61907973397166,60.75716752016687,61.276170353296536,59.590387302295866,55.793464753906974,49.32952486729886,39.45991295682237,56.61340948087482,0.9999855506507186,0.005375731557583884
2021-04-02 21:00:00,-2.0,37.0,55.5,36.0,6.0,32.0,38.46301426466736,4.574456600942609,3.2844063105121406,3.648727493156328,73.03644123874025,77.26391876327891,85.99088736051598,95.09444229114578,99.8578405924508,99.18759722693049,98.55007404005413,72.01631177689156,45.03168508921266,25.162898014887464,12.830038666072083,7.150226039773765,3.8046006606166256,4.6787175400458745,4.805083964376251,3.8896671335941937,2.9065025717648374,0.5682032486010202,0.46258801684282375,0.4957826804222903,0.44657668490356695,0.9999300657962057,-0.011826390691832589
2021-04-03 21:00:00,-1.9000000000000004,39.0,24.5,41.0,6.0,32.0,31.151999668501745,4.94435713049737,3.728054605484293,5.073411140562295,59.73625510576225,64.61448505685492,71.49306972684401,80.38911170064341,84.25104932723085,70.66092697525886,51.01565052450917,38.93749117446192,37.461225515748225,38.004911169478206,38.950504974588426,35.65847430140201,31.674110823886064,26.181290611084567,21.78064613261136,17.233146408914706,11.389596607208086,3.782857806205727,3.8806769144442637,4.758352590636025,10.465860267116177,0.9995786855478958,-0.029025013321975237
2021-04-04 21:00:00,-5.0,37.0,90.0,21.0,14.0,35.0,49.844594244688054,14.752503695358707,2.848982028089322,5.58012623758067,83.80650531892692,86.52396413027805,91.49288596926975,95.2052506549866,92.44675254435553,97.24298119704069,98.05010199094319,98.42373808294138,98.83354136213504,98.45162169190081,97.35928134809751,96.28187084954385,94.8403380445211,93.95831267620535,93.81886847317564,93.23991758651356,93.22449705918923,92.0439066997919,91.04950669651467,88.42684396295115,87.5900165475173,0.9989315138848577,-0.046215046983708354
2021-04-05 21:00:00,-4.0,44.0,89.5,16.0,12.0,35.0,65.02777464481295,14.285621362207488,6.119710405302195,5.320678377642689,90.04896735750516,91.35398377927838,97.39671566922257,99.53472095829208,99.50558215221886,99.4269885853012,93.98084524480848,87.01463683258501,82.51433332494503,81.2422813952814,81.5192468131848,84.25629716955349,87.58449541865627,88.70987374371157,84.15331990771078,68.4875266891174,50.63726373696744,30.407881131851934,19.416449779800526,10.66957335849328,15.222120038008558,0.9979887423155984,-0.06339140486951038
2021-04-06 21:00:00,-2.0,48.0,89.5,15.0,7.0,36.0,65.52729189453571,15.2750959484075,5.463067227786592,6.632418169280838,89.16846257341382,91.27486653522475,96.50284753612152,99.43553843117915,99.72115206407015,99.9708325448186,99.41559133581524,92.436081603782,82.31032092920147,71.99209858354314,64.84280015744456,58.65648766081348,52.969363146406245,50.62685706169003,50.373238481266554,52.64334295268225,53.701768767049295,53.73698706267594,52.904068289365,50.16310871395051,55.91382122026661,0.9967506498213929,-0.08054900421874167
2021-04-07 21:00:00,-3.0,52.0,88.0,20.0,8.0,3.0,61.08142219990347,17.088655568322586,5.245532185758808,6.4591760129668305,83.96329666851594,87.75904986120058,94.01255044146657,99.85496222591081,100.0,98.5472547859809,99.52429560230239,99.4763074216827,94.27838158546264,84.37043855761527,72.91726040370412,67.7294225355394,64.52001270450658,63.65265058872283,62.255286784190275,59.26029271103813,52.989760381814456,43.13813512097455,33.85906035125854,21.11112869855272,20.31769518323762,0.9952176027737294,-0.09768276782171598
2021-04-08 21:00:00,-2.0,58.0,65.0,24.0,4.0,3.0,51.057657198173125,15.779982372040424,5.936140958408554,6.245692478008404,69.67155640787642,75.74116852596681,84.30881105535052,93.40009603614774,98.2493495239758,99.25516843125988,99.78526052391696,85.17739155269261,67.81583950441087,58.70087149288161,57.3211076653603,54.91059074845087,51.11239346320821,44.128103095806104,35.475047868554185,24.38092069467318,19.08746929456059,13.845924395829032,13.719712541129159,13.980146971020282,13.902236374753924,0.9933900548258936,-0.11478762552212701
2021-04-09 21:00:00,0.0,65.0,27.0,44.0,3.0,35.0,41.43795063649969,21.150638598342205,6.881102246827016,5.502347201638772,57.44750814935493,62.042207937307424,69.20959314581035,77.31223223410176,83.0908721143614,84.04875737142905,83.2028008335485,77.49298877762816,79.05034467390975,84.73692957743381,91.05318883097098,93.7393538176622,95.98098162095053,98.38440276717641,98.72864191119692,96.6925404185223,88.3999927574716,78.05006641023716,72.06360258367522,64.28012923337926,57.08100268723011,0.9912685467787256,-0.13185851571739118
2021-04-10 21:00:00,1.0,54.0,74.0,21.0,4.0,3.0,44.7666372767909,17.17031526713108,5.74999443895674,5.520849423386434,45.98598970927361,48.30521043641163,54.06370034733313,60.64632805689739,67.80609079970813,76.68326982448784,86.12627634785825,91.70295534261483,94.82036761170981,97.7993572991211,98.48475513478098,99.72538438759143,98.78151850190633,92.56887832925327,82.61822621623155,69.00197596209775,58.44719364335701,48.2961527910286,47.40440111632045,49.76677091649637,52.96621185850253,0.9888537064205885,-0.1488903868564548
2021-04-11 21:00:00,-2.0,55.0,24.5,37.0,9.0,3.0,38.239799587293696,13.158660750161065,3.6868549556514907,6.950108206265538,57.43054722242734,59.78125862986082,67.63769082206417,76.49064955002055,86.52275274441374,96.61763240778492,99.7241289187855,93.16419930602615,78.55403818067505,62.25555699028638,51.262944138755415,43.11035890583012,35.58418644683348,30.71149386548963,26.680428041986136,23.916351528525635,21.883729908357513,20.14240745585275,19.123631358963557,17.68609579258948,18.25139467952144,0.986146248341595,-0.16587819893463143
2021-04-12 21:00:00,-3.0,49.0,81.0,25.0,11.0,4.0,53.84368117221753,14.884479385676078,3.4754198102699005,6.953182959767023,79.46337762467341,85.21015726305036,94.83998662273603,99.59606417284854,99.04310174442719,99.4796173464478,100.0,89.56199773942932,73.81398959293199,59.657503977113954,52.93938109393722,53.02850014176368,54.00352953188201,53.675175823508404,52.358047834234526,49.55649349787466,48.52499772149958,47.25343684116961,48.37357435514928,49.116366144230234,49.37821366607682,0.9831469737221499,-0.1828169249850199
2021-04-13 21:00:00,-3.0,54.0,31.5,38.0,11.0,4.0,38.07535821649752,8.042529475842079,4.7921524857200986,7.0086541088120695,56.898081981493654,62.15388262809681,69.96974265966436,78.22157036162177,85.87728818724001,89.05136569858018,73.16326818760227,39.75733768300435,19.623922441635855,9.38574560559813,7.763192916156268,9.012468101009787,10.63374820069742,11.951755213718606,12.889720373557775,13.375279117538621,14.625065880392519,16.387986802244782,19.75244412676849,24.053832672781223,28.634964140330716,0.9798567700958665,-0.1997015525660636
2021-04-14 21:00:00,5.0,57.0,7.0,41.0,6.0,5.0,30.184199136257334,8.11710178806844,5.392123140483801,6.554046165652887,48.13512120483241,51.823471184175006,58.217752331381014,65.1474870011482,72.85949681441957,73.80443835247775,66.7231184851426,20.47719137176516,4.423375854671476,4.690356893158498,6.254403286322588,10.601686170415793,16.16412575335978,23.22070264869103,29.924200524822364,36.60007303130312,39.56408383162802,41.240832355652955,37.63786414339137,30.57579077210789,23.5796979776271,0.9762766110869321,-0.21652708524481437
2021-04-15 21:00:00,5.0,58.0,17.5,44.0,8.0,11.0,25.693201623151747,7.4612345435261,5.9623725422433465,6.745702504489097,35.1371392422109,36.75836811701147,41.08682592836087,46.17730969009255,51.76794435421711,50.9232878143266,51.5932259098623,28.57531864704554,15.817194696071308,19.12451501085577,22.996143998542813,26.556808236448653,29.754263838574456,30.965756847028775,31.91504443490274,31.528474688108616,31.211135657109473,30.81785474239476,29.861633985175494,27.91351772141096,25.153584008235995,0.9724075561219968,-0.23328854407545518
2021-04-16 21:00:00,-2.8999999999999986,49.0,78.5,42.0,14.0,7.0,40.47957085382307,8.863818932442324,4.697337829221258,5.9731924915197805,56.946974234607595,59.22381976812346,66.51809865172466,74.9027025032486,84.83581845910257,94.77114405491962,98.40006157349855,87.0689581522378,55.917826067085244,23.463727779217862,13.493832901563907,16.144498957790535,25.11193865681203,34.060228787611585,39.058788223565685,37.37634090285263,34.23273900284716,29.114634103315275,24.798738284807886,19.306206451604126,16.89895645902022,0.9682507501166718,-0.2499809690726521
2021-04-17 21:00:00,-4.0,42.0,90.5,30.0,12.0,4.0,59.71548400489216,12.518786576391722,4.703038218792146,6.283375852167788,82.9278703447636,84.26645227690553,91.3219431222122,97.22898224375975,99.50755724319535,99.5839183259085,99.67686676888498,99.40607132252684,99.57305980689468,99.3842281327421,97.47521689019796,96.35372239724043,95.56627182660458,96.0646367187484,93.79129176573123,86.29208922776567,71.3265995676845,47.935010165871894,41.0037112275528,42.03858743877101,52.12874431891157,0.9638074231367307,-0.26659942067929354
2021-04-18 21:00:00,-1.0,49.0,77.0,28.0,8.0,33.0,49.67531099139325,11.758159281907268,5.902875608851569,6.630407217794389,75.51194342602456,76.20704242762115,79.42088292827141,85.10853371117769,90.68677130526821,95.39306802115819,97.39350774758697,97.45620630183416,97.11287851900012,98.06233471674042,96.89137023462877,78.80520737574489,53.93023077373415,40.444078219615115,31.157321023820877,30.895952176896984,31.904568072280355,34.06956097494365,34.84937861450517,34.86562552399774,32.33915327872108,0.9590788900341131,-0.28313898122818354
2021-04-19 21:00:00,1.0,60.0,55.0,54.0,6.0,30.0,33.26731690221133,12.382589650880018,8.692352096993945,5.927775116207573,45.80523973566192,47.20162646149447,52.46849816982243,59.16330463131426,66.34196050909355,71.32674579472328,73.78967363872717,73.87589491870794,71.68152947941232,68.9598153927628,69.95684789062551,74.07853439175263,79.99723202772381,86.38653351418918,83.1378627894649,65.53944116862249,53.42278951382558,43.168841594508336,37.29841252859542,32.265713161643184,28.58684534323154,0.9540665500578387,-0.2995947563972602
2021-04-20 21:00:00,1.0,60.0,82.5,37.0,12.0,24.0,39.056047127995775,15.889400971012202,7.896724871870752,6.846291162657653,47.2991392074769,48.446101946786236,53.99773651997752,59.36194658431785,65.49089870090967,72.95598028417912,80.43831594098752,86.55258783792009,90.44855197641317,93.49640516466677,94.36118147624838,97.08531082939002,99.01287877612846,99.14065273752014,99.04761847331179,98.05675370857188,92.76518501603678,82.72774129593556,74.20195645328039,63.78288929223477,61.98840411504916,0.9487718864399473,-0.31596187665790293
2021-04-21 21:00:00,1.0,48.0,84.5,12.0,6.0,3.0,65.52729189453571,18.608949823009166,4.286785783415214,6.612616353761186,90.53009813257395,90.78754473951172,95.24620882319222,97.1875090840049,100.0,100.0,99.41052720208907,94.1611750574044,87.22793623731117,83.80901144057358,93.37907036786982,100.0,100.0,96.16263715293708,85.79942575713359,80.71944720573276,75.68124859564614,70.23518056913647,66.34872802271774,61.0123626509241,65.31264667028636,0.9431964659565866,-0.33223549871590435
2021-04-22 21:00:00,-4.0,35.0,92.5,34.0,15.0,27.0,56.29054379593052,8.527338426278813,6.833388064328646,5.647856054940851,82.3683322594416,82.13588645938023,85.38945913458538,90.73054826829029,95.22675159059173,95.41194244073193,94.51518129409128,92.15177756841662,88.17403906145775,87.31245803431862,86.26716015476936,85.07139942606082,84.79699388926592,86.11920016888523,87.88316441256518,87.709055297532,86.99589051956103,84.90104451929386,82.28607909417718,79.29668090939789,77.76100765060472,0.9373419384643772,-0.3484108069446808
2021-04-23 21:00:00,-2.1000000000000014,48.0,65.0,51.0,15.0,29.0,35.55190973109615,9.51976962728547,7.440650362505027,4.479681302289162,46.677653806880045,46.39071173521795,51.43321239464805,57.63532866453184,64.34796109018673,70.68493606719761,73.44673983378479,74.16002028552029,73.35576966831282,65.12221988475511,65.17394223909741,71.26618458355696,85.49938420919565,86.8909867465833,85.35735148406523,77.79476482653517,69.626430626419,61.039341287559765,53.18823579965749,43.94945595590487,39.48419277229797,0.9312100364121947,-0.3644830148102912
2021-04-24 21:00:00,6.100000000000001,61.0,4.5,48.0,11.0,31.0,28.411812511907915,11.621263809312607,8.084680902336755,6.667258299349337,42.223492707655794,43.358721324236924,48.4708928744055,53.511059228955645,56.31676734305837,58.404125679983856,60.6862750557962,63.91737125130125,65.38930162421225,64.37353784888387,64.68518658165341,63.90046722486864,61.95314205844723,59.84130442391166,56.84845262151524,54.12047961552198,52.31020856657103,50.24574697302807,50.00376627356133,49.71227470794657,49.36099309735845,0.9248025743285089,-0.38044736628785164
2021-04-25 21:00:00,0.0,61.0,91.0,42.0,9.0,16.0,37.69347255083815,13.748204845214856,8.99339286242268,5.328709774328712,28.84373261166115,29.2429102954411,32.718638081359614,37.06356958267701,42.420218097030705,48.567613781743226,56.172961983212865,64.8881348656334,73.46441938127116,81.18438519517346,84.0149076022078,84.632316395302,83.01139633786705,83.36927025863534,84.21506302133015,85.82308143665767,87.61982710791774,88.94478644939664,88.3633761592011,85.60333775262377,84.1277827691522,0.9181214482844365,-0.39629913726891813
2021-04-26 21:00:00,-2.0,42.0,92.5,24.0,15.0,30.0,67.4435392579797,13.860137011604293,5.378086104986781,6.962799076903791,81.92465317022743,82.55143548320063,90.31997011098794,96.7070023251167,99.28377618992808,98.81574830044926,98.78116319717701,98.74424525977173,98.79120054834488,97.23957731517594,94.891566259395,93.58992174761654,92.76578985008155,93.80892758475511,95.03713139281645,94.23211086774063,88.52525215017154,74.19860646297361,68.96650939134464,69.0898731973484,77.45812935088819,0.9111686353326631,-0.41203363695942635
2021-04-27 21:00:00,-1.0,54.0,79.5,44.0,13.0,32.0,43.002865327619446,13.044143854604458,5.805734205296563,6.0837063212353835,67.02434345646,68.61831492774125,75.38523592011306,83.81155591417698,92.93516394883088,97.86532837327019,99.41235714654265,99.12729634748823,97.07842389304838,93.5189824375954,89.0182432228826,84.10344465118843,77.36021346456145,65.7600673935606,52.344775070077034,34.96476378688182,21.291798615988544,8.200489725444076,5.078891802218364,6.545872392145019,9.698289762869827,0.9039461929224011,-0.42764620926777464
2021-04-28 21:00:00,4.0,65.0,29.5,57.0,7.0,33.0,29.046898260210902,12.049865924609136,7.151397564566521,5.459489722913801,42.96103865944619,44.499894998869635,50.0380885057075,56.049480051718994,62.648537364180655,69.144268994039,71.86104382304667,74.56814665186532,66.3730614799841,45.701987502757454,35.54958570193361,36.15907397111569,41.75680970626113,42.455910836735434,38.818559011935676,28.367800723694714,17.854977087827358,6.813090110684215,2.9337790332452545,0.5281817239814188,3.655130455391032,0.8964562582905575,-0.44313223418263453
2021-04-29 21:00:00,4.0,67.0,37.5,56.0,3.0,35.0,29.363345588662458,11.77137485983821,7.3303719110891965,5.598041704139738,35.508284297509725,36.171992722612075,40.42322819840093,45.306817365125845,50.542020795159104,54.95553726989919,58.84634612694089,61.6944689862869,60.32035604789798,49.514138678662896,32.489705998368734,21.87945032794981,16.489146628559634,18.253614682788324,22.440508688771242,31.50175881242175,38.28001886198188,42.34059673566594,38.86679619812221,29.845900485501026,21.190662572169455,0.8887010478292915,-0.45848712914008766
2021-04-30 21:00:00,3.0,45.0,92.0,23.0,12.0,1.0,76.32467403297849,17.7284591251485,5.744864192942645,4.9830263754376025,89.6679605178266,89.42549297498519,92.79820646899275,98.85773772434563,99.29847155566176,98.19654303492774,99.0933339862492,99.81209567224295,100.0,100.0,100.0,99.35873728963091,96.28684879449528,94.02320146545684,91.9973490777973,91.87898119834252,91.35290406879417,90.408649077959,89.74807337133142,88.07285360701736,86.40233006249535,0.8806828564301475,-0.47370635037968
2021-05-01 21:00:00,3.0999999999999996,51.0,13.0,55.0,14.0,31.0,24.59322380198467,6.620496866536314,6.9410448987266955,4.904817941272918,39.099614509977904,39.560656403246476,38.24129142081612,41.28171025290621,45.420886864883094,50.12882333946285,54.02778037316328,52.429352111554074,44.657751014207996,33.17364986499458,25.139816271559155,23.605082560696726,28.682928834125654,36.45474244229459,42.76809338727797,44.80550594189297,46.08582118054746,46.1953933820698,47.724632615680974,49.59452316722043,52.20282505278525,0.8724040568049612,-0.48878539428899265
2021-05-02 21:00:00,1.0,56.0,50.5,52.0,14.0,28.0,38.40384534716244,11.771963166276564,7.503909250750794,6.442964603985828,55.178531897964604,56.371134513990064,57.40687615346093,62.7239882296226,68.83801608415551,75.74898030842036,82.01870180093627,85.48589719703041,84.70491385690275,70.4723692717533,54.73309748057896,40.48857602240555,30.36591546824898,29.779794189699434,30.8589398560823,33.7024142612583,34.8646243093757,33.58019489626188,30.79705488868043,26.293999270335238,21.273597931131015,0.8638670987837349,-0.503719798736334
2021-05-03 21:00:00,5.0,59.0,50.5,50.0,9.0,29.0,20.922632632023515,5.664538081095672,6.173613002418989,5.347481163330112,23.855312923172153,24.432995767702824,26.811617424574834,29.726892980399928,33.03002056023488,35.29610897016513,36.20325349780986,34.83462123532489,29.135011514873625,20.739606612056193,15.294036088448944,12.440569095908966,10.519155480491179,9.416509236470883,9.245107089193306,10.17503360955654,12.706377570977603,16.588304070492622,23.404872064694246,32.89200315665132,45.3779400572258,0.8550745085896932,-0.518505144391157
2021-05-04 21:00:00,3.0,62.0,57.0,35.0,4.0,5.0,27.424756746324476,16.102022367317907,5.680247673551515,5.405140411297232,30.107390655397044,31.199155498315072,34.48898248166298,38.739006574125604,43.55005531562463,49.248201232081115,49.16746299065121,39.34193665766223,40.879400607518775,54.66563824216194,65.7708022529664,71.96135120528017,75.86713462542407,78.32898627082642,80.03089032073785,79.51679054319524,81.27423208889667,83.59542530552179,85.41941789931005,86.57707872909431,84.00581941127624,0.8460288880917339,-0.533137056031809
2021-05-05 21:00:00,-3.0,47.0,92.5,17.0,9.0,12.0,73.58612048734834,24.558191705309394,3.0148964586276223,5.197866709933991,87.95777361649077,89.92284820635814,95.0326642118484,96.7816110831863,94.62218774802813,93.5457539364539,99.84709938714758,100.0,100.0,100.0,99.71388986178039,99.20141536732356,99.04707071088906,99.70532607414442,99.6394606979319,100.0,99.22869673317354,94.62222500924517,84.03642714645709,68.49752168211744,71.93207714143657,0.8367329140344921,-0.5476112038402312
2021-05-06 21:00:00,-3.0,49.0,82.5,34.0,12.0,32.0,58.319139258529695,12.186063898605466,4.838951407151873,5.39920556632009,83.57417835753044,85.10410756579255,92.02404377758366,96.72619883481374,98.89395556533557,99.0919330698145,98.46300449178449,95.51937923281726,93.72122095449537,94.00895787669543,93.51217425196414,79.97396993518788,59.73439560442606,31.811826476271637,11.927796965207126,3.841339961040654,2.0514018814725143,5.037402367450356,6.039316488884358,5.997046417310948,5.717286187375685,0.8271893372462497,-0.5619233046832195
2021-05-07 21:00:00,-2.8999999999999986,56.0,25.5,60.0,5.0,35.0,31.294644115244097,9.645842025160048,6.482281374118684,6.994719978808418,50.33849096212643,52.78762054062096,58.50701864927752,65.16834535131518,73.027955905619,79.49402827994896,82.67849748632773,84.63181651536108,85.10234578170555,81.81222949871831,72.16990402280297,40.37838211049841,19.514423264255456,21.814482539430795,24.086056200092823,26.290092725391723,29.405268561124654,33.5376653471231,38.90275057439206,45.85947218024558,49.24016826867575,0.8174009818249189,-0.5760691233798758
2021-05-08 21:00:00,-3.0,50.0,93.0,43.0,13.0,2.0,45.95641016611104,9.601442203543986,5.60944826398721,6.942873328572208,57.54480770580427,58.49818325066298,64.7433619822254,72.28063682161431,81.38802268483158,88.24471731660249,92.12791805779061,96.24734286543766,87.19596154380825,61.34147554336376,35.81530797611093,22.334071918192812,15.472946990642914,17.798245484945937,21.072324779673817,25.66858858700377,32.890422718289315,43.173390642657914,56.54360951218682,74.67247256228698,77.87566666560335,0.8073707443023492,-0.5900444739548627
2021-05-09 21:00:00,3.0,58.0,62.5,53.0,11.0,32.0,34.31184626017269,13.236605824044572,8.055843374498894,5.798659519600727,55.71880381066232,57.648655265622615,64.24759747138361,72.15884328536647,80.43261715289202,88.70882830576299,95.11496861902536,98.46778246070417,98.19295146418244,94.04096212958072,88.25433725602085,89.37238488836469,92.68624894212394,86.13564670283398,71.06819131615548,46.293337950657396,38.35816979847034,39.66725405948461,42.70142086010954,47.04498236637033,36.884185466484546,0.7971015927871943,-0.6038452208771035
2021-05-10 21:00:00,4.0,62.0,61.0,65.0,3.0,33.0,34.96320725842979,13.233499376585877,9.100515189863437,4.171361694276963,36.256568527197146,37.225980150359426,41.52235538606925,46.54279738653907,52.13410197123656,58.73216624695258,66.40584693575146,73.34787539994322,79.56861053468914,85.96504598892221,95.60943922434161,96.41617759808531,92.40121470183679,95.2924870858376,95.98340016195836,94.02822497452709,75.29245032247806,49.01754263631153,25.96978198742388,1.2667680663387109,8.651081428285448,0.7865965660866021,-0.6174672802835514
2021-05-12 21:00:00,-9.0,53.0,66.0,49.0,10.0,34.0,44.60602665781027,10.879993484211905,8.311177058008832,5.129006140322196,56.60324980374975,59.56436818550659,65.97646431499751,73.46060084176919,79.74201123798221,77.86651338263313,75.1027353903476,71.9981641370373,73.75573728248627,78.44165003465983,85.46650233356964,86.74888309323295,83.35274374205218,70.59385607291027,64.02172283175321,62.29437680222395,65.62196963488597,71.28752073281395,72.01596490904964,70.5599911934932,68.47864304252401,0.7648913904341226,-0.6441592666722685
2021-05-13 21:00:00,-7.0,61.0,57.0,34.0,9.0,32.0,37.69347255083815,16.438177796835426,7.916097014381277,6.942994573806742,56.54700338233884,59.75605845026065,65.84429797397789,72.32608912575216,79.6174459433493,85.3462190879015,91.57384290722051,94.74365098208972,96.58879463500337,97.74251771730438,97.15716279681817,93.60196298660102,89.91647255343757,90.70905943471152,91.53747620840845,91.22710940287793,90.78311918257148,88.61129126322051,87.52494666214535,84.0439537972337,82.98348390179284,0.753697664392914,-0.6572212950663319
2021-05-14 21:00:00,6.899999999999999,63.0,5.5,60.0,10.0,34.0,22.43379183634693,7.93936474062273,8.516570332051277,6.925377675266144,24.05936540924546,25.94439485787668,28.7153749580927,32.0889315611998,35.708882934125796,40.11176570167823,44.14275399476314,46.59893884976539,49.65750605745458,50.927678517879336,47.82431944886274,36.65546932236735,27.563367458560872,26.9135525050474,30.147791905090198,36.44642946127922,40.810527206971244,44.17669806677898,44.81357116584983,43.68195106521882,40.76991004094873,0.742280907086982,-0.6700888411055113
2021-05-15 21:00:00,8.0,69.0,57.5,58.0,6.0,22.0,28.525241231896352,13.825880000171825,9.186274975905826,7.39945712579782,27.4049933489094,29.70108563017508,33.05606517392026,37.00544243608061,41.47674985686418,46.679264303957595,52.04147833966082,57.52616084648826,65.0306168836437,73.28236133579412,80.91198380538052,83.52271597883299,84.38062717117664,82.12035542479144,83.21149569988474,87.10454504005581,80.68458282552272,69.0627641095988,57.507315121531185,41.7927275489712,39.71229805974097,0.7306444969184916,-0.6827580970759147
2021-05-16 21:00:00,-4.0,66.0,54.5,44.0,4.0,9.0,43.226431411633484,17.232633869627115,8.678362008891044,7.130386360641489,45.37081139267234,49.57679061033693,55.282978500112776,61.85684350039556,68.6603628803082,75.37088797824006,80.86046215869749,84.39171701413379,84.57425098830561,82.16492073839574,77.35232466798226,76.03181710275075,76.58892489831997,81.64443199587038,84.00582796938745,83.0844659710271,68.15745602332719,47.338967548284764,41.16064464259349,33.62628507842403,33.52416614371216,0.7187918772884232,-0.6952253139408722
2021-05-17 21:00:00,3.0,70.0,32.5,50.0,4.0,19.0,36.25035895404791,17.456386440546353,8.72803311248975,7.181589363914883,40.23649016984652,44.301261929708744,49.19845638349425,55.070606793383334,61.590598356567924,68.77408836215464,76.41935561756917,78.12067163699639,79.12292712481202,78.46718686918037,74.77163721768606,71.8761932616245,73.35219001360521,84.37238637097467,90.04992115285361,92.59719297014034,77.73920275863318,56.42884697293474,49.64994622076597,40.81182629828247,34.41509022216974,0.7067265555776158,-0.7074868024503348
2021-05-18 21:00:00,4.0,68.0,31.5,61.0,12.0,33.0,30.715359778359847,10.509807392973837,8.896964142455152,6.330593588806952,28.91377810488321,31.12125755427455,34.54320355704459,38.54906298992772,42.99244851243295,47.862583686706344,52.8178594678983,53.06158129948977,56.693768888753326,60.64220491890422,60.89634283923944,38.05739251880761,15.267665708893247,6.554239913260973,7.091785176729649,15.256883402461929,22.986175254429806,32.22646899868869,37.088491073540524,42.56404466434635,47.04485924572991,0.6944521021088763,-0.719538934232584
2021-05-19 21:00:00,4.0,68.0,9.5,47.0,7.0,2.0,26.18193897681133,12.015630233512038,6.341176419691452,6.100776194474703,27.35167374227792,30.104062331809565,33.45149955296493,37.29082496081889,40.45744404623453,42.39102467196172,42.86672886646377,40.43803457234877,28.759689086406325,29.505741693882438,38.26290938017914,44.55752264124405,48.48092727068555,50.23598692646528,51.39883200916242,52.44545580379253,53.09321500545583,53.201737795780424,53.40954990847433,52.70325872961899,52.484455046498354,0.6819721490904629,-0.7313781428679254
2021-05-20 21:00:00,-1.0,75.0,28.0,32.0,9.0,20.0,34.344715667251954,21.0935850993876,6.854084732670468,6.53218673307277,42.48673229148754,46.89904013999844,51.85788722307392,56.84866618057004,60.5182538699109,59.119089782901355,55.709100004514,56.77184264422843,58.620150893800385,61.713215882764935,64.63393790108637,67.96946301941948,69.02304845740028,67.94629716863186,62.75258048953092,54.916671797822616,46.6691370383968,36.28762115431919,32.55951518434232,28.587553836950736,31.923512074009874,0.6692903895412567,-0.7430009249440493
2021-05-21 21:00:00,-11.0,79.0,50.0,34.0,10.0,21.0,40.553425717581085,34.76469938855186,7.699571789086292,5.859811270085907,47.51290909674979,51.96591879403072,57.72167058892369,63.89182964406527,70.44418137618106,76.85182163082057,84.21878820167282,91.72197288757789,96.1171831032514,96.48397697315622,93.36943812023028,87.98548979708998,84.88779096614937,84.48148320906894,81.91764802337636,78.99753961329617,82.1160927628904,85.87032062562452,92.08483817676135,98.15298648042106,92.16776769998378,0.6564105761979381,-0.7544038410927472
2021-05-22 21:00:00,-4.0,76.0,76.0,15.0,9.0,28.0,53.6895020662446,35.66424931912385,7.923797415728947,5.175841517205387,49.26233731036619,49.32279180801885,53.414517490572756,59.26928130840683,65.7326170591087,73.33830795185752,81.37518750528994,88.10462015221492,92.63128013714562,96.34326987022096,98.68849478406152,98.05051755127825,96.94952639421092,98.42138771230393,98.58715736028064,97.36100347365813,94.42227624498656,86.69887417741462,70.48811169292217,48.069795348860005,31.78987470143666,0.6433365204044917,-0.765583517007675
2021-05-23 21:00:00,-4.0,58.0,58.0,49.0,15.0,36.0,43.64681638245789,11.392486686743947,4.772392234938403,3.5283760433116185,69.86055401697807,72.83551093588292,80.48542742661647,87.17341950771272,94.05769050628518,98.95044910208483,100.0,100.0,96.04276259213422,73.52682534665563,29.22665188824657,12.687804762902028,3.5550046473813857,2.069350060237939,1.3765047727495123,1.5374821454783998,1.764687290710957,2.0430926483000413,2.8290107913457074,3.871715474612553,5.133695168664197,0.6300720909843687,-0.7765366444428655
2021-05-24 21:00:00,-0.8999999999999986,62.0,7.5,61.0,6.0,26.0,27.424756746324476,8.369576278860817,7.293985150767584,4.232612309603905,30.895510048543866,33.16647025333597,36.877517843958266,41.03244572787728,46.068235558402726,50.79670105363871,54.04535434334391,56.65175781742485,52.120776324874974,37.60755606557689,14.5238502686775,8.081619749137282,4.734706513559809,6.98413845519595,15.072599063320888,26.966430674485398,38.27471360278702,51.056965457231165,52.261737699312484,52.43416073622961,48.275004747624564,0.6166212130956382,-0.7872599821916922
2021-05-25 21:00:00,-1.0,74.0,44.5,35.0,13.0,22.0,41.287754365484204,27.56595566278202,6.461674794478892,5.723356313217246,35.58723958082263,36.76663823548122,40.32926827204082,44.15414479036303,47.260780714202085,51.12115608427739,56.66078190477092,67.68933635811399,81.40224365981636,91.3886044708076,88.9923538513318,83.26640349748504,77.22207291144055,74.67887751354864,71.79492796157663,69.53662512603555,68.08397175006009,66.7771008399458,69.24005030634943,74.01779012736107,81.47654141865091,0.6029878670694714,-0.7977503570459932
2021-05-27 21:00:00,-4.0,59.0,13.0,59.0,12.0,32.0,28.093226742410376,9.269851679766045,4.900015898853361,5.261597853391019,40.28610353235209,42.40102018250121,47.59304628691577,53.5822095507932,60.41837703645294,67.5240349906673,75.21382127375526,81.98668748749934,75.62052840202017,54.28135412719469,21.074230655669776,7.5028789843767525,1.452841675745245,5.250454631427311,10.417278311569374,17.604498155747795,25.803114338899665,35.63891382977653,39.74398774750576,42.427501571258794,33.45621313321334,0.5751899607119775,-0.8180198708443175
2021-05-28 21:00:00,-0.8999999999999986,56.0,32.5,70.0,11.0,32.0,23.306911241516943,6.26778182883513,7.097324244210576,3.4046824995898572,32.57757913638674,35.701887346527606,40.102752893129264,45.04580422830621,51.04564638047543,57.578712876792146,62.974459433698584,70.19678637177375,76.26818174804185,68.07273458934397,39.017773335955795,22.507928239239885,11.464647476938831,9.607436961570965,8.633737817920078,8.22592465265084,8.001353846008838,7.948610194204907,7.1425014105923434,6.133863527084392,4.505454501267215,0.5610336262283677,-0.8277930117131022
2021-05-29 21:00:00,1.0,59.0,56.5,59.0,4.0,3.0,28.093226742410376,6.807295618269289,6.180658976907455,4.072456432359073,29.77422238366339,32.69892030645612,36.70571435345957,41.33982836989027,46.43736681309409,52.414480143912044,57.97376138160221,62.47989049018607,64.132964949532,46.42776088681448,15.640234350674353,8.59392080376464,4.364931713607207,3.185545407652085,2.886311235885893,2.8984361348221133,6.915406148302179,12.11073989109618,15.867523418748721,20.199340013078967,24.18586166356947,0.5467112728685939,-0.8373211953118121
2021-05-30 21:00:00,-1.0,59.0,93.0,33.0,7.0,11.0,38.89359627620948,20.298561629236758,4.239516403569366,5.66881570573528,41.90647603369746,46.70980375618318,52.02565536297499,58.38052664998635,64.28275682855569,69.42792160321771,71.79829614038347,66.25091100924226,63.34914427364963,67.22094656434516,74.03528474341483,83.51905542271305,88.79014280118855,89.6697162480731,88.79418351821255,86.73493854818636,81.69596025841302,75.0669234586866,67.12458144242316,59.78152150296934,78.73074580324294,0.5322271388474397,-0.8466016020976267
2021-05-31 21:00:00,0.0,57.0,95.0,9.0,3.0,1.0,80.32054538831646,30.415678285754534,3.1859116415345214,5.620093919878438,98.283795234878,98.63889351221736,99.85050732639515,100.0,100.0,97.97563755400057,94.24824970842761,90.0187864716408,87.9587966433969,86.28339160815894,85.84922532764446,78.02727608901722,69.65861224328128,64.19089752064902,68.13283355246335,80.39414891919859,85.34206348799977,88.50848867815589,92.75759788953405,97.82588063509645,95.7600787511786,0.5175855102531889,-0.8556314858488706
2021-06-01 21:00:00,0.0,69.0,88.0,40.0,9.0,26.0,43.69760050385263,20.08324199390999,8.735026949352253,6.239152253954409,49.49185425952732,50.95715403750211,55.80347042678865,61.547654918386606,67.88132813763168,73.80847682459834,77.62565906943732,72.01460800477506,64.01436981186546,57.90455998158617,60.944956696475,66.155942092341,71.48803274253616,75.6821695506296,78.51399791915313,79.12539994542868,80.28982828387758,83.0862072588127,84.50847593386595,85.6307305737435,84.42914059541567,0.5027907197793043,-0.8644081744776648
2021-06-02 21:00:00,1.0,76.0,19.0,55.0,7.0,27.0,34.502443372521185,19.580102645121386,8.970658042842192,5.454273306867074,34.84558009827863,37.31838265089949,41.29075759461553,46.124673591700486,51.450981167257325,57.86250856500658,64.97526016962762,73.36421520976874,81.18521834106511,87.20759499856517,88.83140430119761,85.34508634746149,77.56661861373296,64.50751967990237,50.71183660779835,35.78896962482598,30.790475297313975,27.035725051202892,24.529296243792277,21.00057627828446,20.468134451901275,0.4878471454423119,-0.8729290708206411
2021-06-03 21:00:00,-2.0,71.0,69.5,33.0,12.0,19.0,49.21267513574142,24.689809464969194,6.8264777370618,5.579393231013074,59.89085789451876,62.287404079569534,68.91913605466094,76.24970898207415,79.83789247694743,74.05525317318087,57.62554761723273,40.94575005819632,31.45590937693771,29.24442589969386,34.23529047779313,41.74175386173671,52.29854746337057,69.53253097324509,84.1229263720624,94.35423457201698,97.91710312710669,97.80528297739352,96.33109072670109,93.18725135121228,94.00277245391744,0.47275920928627757,-0.881191653407483
2021-06-04 21:00:00,1.0,77.0,51.5,43.0,8.0,27.0,46.60179661221788,25.11692439545953,8.48806535079412,4.779359972740585,47.88128749286841,49.199414635210516,54.37145971131514,60.55475072018815,67.70738443165828,75.68539759712432,75.76246643772365,73.02094447169618,71.2656645888851,70.14664757110089,69.4293229616814,71.68465934418055,76.26392737553694,77.07165527677972,66.89324157448245,42.775181272398925,27.72669000220781,17.77106020739452,13.555619649854442,11.64421465979618,11.382844683803677,0.4575313760742512,-0.8891934772070711
2021-06-05 21:00:00,0.0,76.0,86.0,21.0,10.0,23.0,55.64738458327223,34.80516159280129,7.784257230187875,5.55312576845288,51.21532656196739,51.28536735611052,55.58417598685039,60.67914870258592,65.19753777452132,69.24333499746757,74.14496748893097,79.00039983691268,83.80158219441314,87.15789793257984,93.57120924924381,96.85067614764534,98.50053610056106,97.82426442306577,94.2205214376415,85.18531809955645,73.55235953834412,59.72501745232459,47.97792765043178,36.156641191733954,33.40251156691355,0.44216815196707204,-0.8969321743510065
2021-06-06 21:00:00,-3.0,77.0,50.0,33.0,3.0,23.0,51.93667951722938,29.996754477206675,6.789384780351167,4.855994768987463,56.62739200936403,59.83120266968128,66.77771797581191,74.39417037486976,82.86675585800018,89.39351720867685,93.54652663679545,95.15092779432052,96.23128315319589,95.00386127031344,89.67545782989154,77.77688366991975,61.48834469141996,40.946061497884614,24.703637922932316,13.758721304553347,10.655520246259123,11.028979975187726,14.67360569963298,20.230172916619388,23.62888945214998,0.42667408318992467,-0.9044054548343001
2021-06-07 21:00:00,-1.0,91.0,19.5,55.0,11.0,24.0,38.157600942646916,36.12457323524216,7.676632169968799,6.341374149295877,43.18962784845386,44.29789575292934,48.74271789051433,54.021224626293375,59.99550490225294,66.78682904686025,73.77840262675225,81.00707331199759,81.93004362940619,73.55733471799866,52.07199570764182,42.0762033017707,37.993455356704004,40.42705194787693,41.89398619176415,41.37603722946254,39.59818931416596,36.41416311275764,33.270487148353425,28.97526365991411,27.764128366462042,0.4110537546870351,-0.9116111071930239
2021-06-08 21:00:00,1.0,87.0,42.5,37.0,7.0,31.0,41.783816397723655,35.64268576798232,8.665306702279429,5.5195881540612355,41.25864039816353,42.52287568412975,46.97897426822081,52.08201034204095,58.009063196198476,64.80279088766426,70.06921761094588,67.07350849551149,64.4141230088281,67.42425336332714,69.62063110675632,69.13039009553133,66.64042778984485,65.2998251911943,61.41617550305063,54.70037408147304,48.33829387480103,42.128399960339024,33.79992526684979,23.09154512304137,16.379694113264783,0.3953117887649151,-0.9185469991587165
2021-06-09 21:00:00,1.0,76.0,10.0,56.0,10.0,33.0,28.496180465848287,12.692357161817451,7.636316028315089,3.7190153182118904,34.36029973387706,36.3218465070051,40.1924194125956,45.0640486390326,50.242950695924506,54.43660801479082,53.17697216708015,48.67509630586787,37.85896892927779,26.52448048501146,26.013115877796672,25.24478272826315,23.71926293062806,20.60553072045691,15.989826220925735,9.963790232706431,6.442610825380165,3.7874619893650636,4.38590656255657,5.750685173369812,8.204772574776197,0.37945284372454435,-0.925211078289358
2021-06-10 21:00:00,0.8999999999999986,63.0,25.5,59.0,7.0,35.0,25.40911784173324,6.92557995161839,6.959930494511674,3.4256515075728626,24.64760572441981,26.79738756103812,29.969402414352786,33.46695063037578,37.78765172918146,42.65109112923558,48.02624739284503,54.283238709807925,55.10058703244075,43.69026579804412,18.649779958713285,13.811543114172434,13.820959794780002,20.756464957825123,22.73700503678112,21.94825556352275,16.798548724782382,10.036285129330794,7.037168818363419,4.2987525697734625,5.492015781604195,0.36348161248290634,-0.9316013725767187
2021-06-11 21:00:00,6.0,68.0,59.5,45.0,5.0,28.0,35.93055439691473,15.193721016871212,8.210151042273804,4.632216174688142,38.34576024593371,40.09949574829425,40.17557742070065,39.445076756445864,44.121506234619105,51.04094220812223,57.407717609668516,64.51229801391452,72.21347408102054,80.8193240542904,89.53558554227673,95.06884146620285,98.96711781863944,99.17168820009104,97.4674412794926,92.10523108298158,63.957661256709045,26.270639669495054,11.371424638629236,0.14060216462653702,2.1152223947010413,0.3474028211842774,-0.9377159910299093
2021-06-12 21:00:00,3.0,73.0,14.5,72.0,7.0,30.0,28.032175387299183,12.815857631882217,8.412841177235675,5.501596093542684,30.397522645255442,31.221832061390337,34.59202997693883,38.729708025499946,43.18776052182998,48.65815257500297,54.56620292947092,58.13700553696527,60.89670521658104,64.54242364221777,59.056407106899236,45.31800149214737,26.977674777729582,21.89992721193984,17.47787894407434,14.478544279020047,12.999332210401402,12.134292250619431,12.9722961499578,14.668293898805254,16.003969932749563,0.3312212278016865,-0.9435531242349544
2021-06-13 21:00:00,3.0,73.0,12.5,53.0,4.0,34.0,28.032175387299183,10.852953432280385,7.81710583033366,5.495928171336547,30.89824873776038,32.355093192124215,35.956030642824835,40.061228954062564,44.79962064723708,49.61208140622999,50.1443560630092,51.974125637775636,51.52640892871424,44.867179483588,27.21872212540921,16.982845261551414,9.778834513872114,7.727492656454148,6.449264091895741,6.0931180279070665,5.897257565540192,5.578161960125725,5.376334226901407,5.205902172970224,5.861395666236594,0.31494162072895193,-0.9491110448902284
2021-06-14 21:00:00,1.0,73.0,72.0,43.0,12.0,18.0,38.1466996737977,20.7807734754134,7.556053659874675,5.565965413075685,41.52186820987419,42.74909606195859,46.972586071679764,51.88715108602678,56.09728872780316,58.81028475915847,57.83693170959888,53.54513832229344,47.96402737582927,41.86367689274487,36.0379251036896,43.19396069573957,56.577683039025736,72.09757908917602,84.05743264628718,89.5749497163284,94.03172134274365,97.1838112243025,97.75762809244102,95.03523146061305,92.66353778363919,0.2985688173637202,-0.9543881083175908
2021-06-15 21:00:00,-3.0,68.0,80.5,21.0,6.0,18.0,70.37250898029912,30.738498477566736,6.271254086784542,5.988037843404333,85.17567935116178,86.74408936904366,94.34627462137385,92.39544674050023,84.30684871207184,75.87059516911937,69.76625026736214,68.10880140944502,70.09717609908782,77.34560179486287,83.23211102874147,86.40609081046928,86.41766051517924,78.77989894202484,71.66621723586931,66.8252877842158,68.62668290511955,76.48347608220773,78.05535738232976,74.96934929442004,71.06389414275995,0.2821076626819194,-0.9593827529490743
2021-06-16 21:00:00,-1.0,68.0,27.0,55.0,10.0,29.0,37.35083468017345,14.950961047165455,8.200139182448773,5.812934635271679,45.30836458342665,46.32402832702765,51.93631876228723,57.6668411791894,60.755674027846084,60.52896570164248,60.12645203403323,63.30455516037495,67.17566650805287,66.42684860207571,66.77217116446887,71.19364117901145,79.68754432334603,81.37416182523928,70.32895540533333,40.86772095448101,27.094628049363813,24.55751294441974,25.258822120923384,27.414280447589235,23.575333608259058,0.26556302780405594,-0.9640935007889755
2021-06-17 21:00:00,-3.0,68.0,55.0,56.0,10.0,28.0,40.34111036152176,18.8681529255733,6.877133042514025,5.354496308492662,49.88848770672462,51.71209461528178,57.40520721950877,63.53214655988519,70.60547834394421,76.51544227645682,78.35440562040053,79.57397634607064,82.61485118073037,87.7882041982762,92.17343373051085,82.65522829021285,68.13411763172776,51.19164839292978,38.504378873208886,30.647728300256965,29.138061221551265,31.382192188848475,34.307769939755126,37.31309590038505,33.414421652927125,0.24893980855376657,-0.9685189578512204
2021-06-18 21:00:00,2.0,79.0,9.5,51.0,10.0,20.0,28.95871408997719,20.265790544728187,6.478444427620529,6.812900855922055,28.65896985071058,29.347511377475872,32.18645401976011,35.63313601047643,39.6804447272716,44.23451413884465,45.1965338809256,43.44737299930912,37.48498048897461,31.077687730882857,35.73821773453827,43.259557372295994,53.160171246587886,63.96323803346616,73.36636487979959,79.62587588320865,76.7422940276884,66.61245915325347,56.63291303684094,43.82163679776433,41.57406819854025,0.23224292400907015,-0.9726578145718654
2021-06-19 21:00:00,-5.0,75.0,42.5,24.0,8.0,20.0,55.50914990713619,33.586649135743016,7.690211736715965,6.051640020573679,67.2668966688319,67.61262110638225,74.06334314142114,79.46600784908881,78.16659533060212,76.0691721926944,74.97121139101972,75.53911444031101,77.08479951395027,79.90645598376975,82.44065751239107,85.2428162816584,87.72106766905378,90.75950051130883,93.76957741907488,93.82618397596517,91.0992596746519,84.42913273941511,71.47860486494811,50.484982218232275,34.67255941908048,0.21547731504673012,-0.976508846196619
2021-06-20 21:00:00,-3.0,78.0,38.5,41.0,6.0,29.0,45.08655951191887,28.521700511094032,8.190576316364057,5.220107037999613,50.47679658833714,51.5170001520179,57.169830157193246,63.654615708737836,71.64943663356203,79.83857485843774,83.86609903044057,84.23963909840634,84.09347246505592,83.89337476079133,82.90960581999015,83.48242714150854,85.61102681120776,76.21863003360258,61.7068578048803,40.32388088514313,27.539800399251803,19.750998636437906,15.057236000753903,11.4401086185369,12.079723653817018,0.19864794288017112,-0.9800709131432666
2021-06-22 21:00:00,-5.0,69.0,89.5,16.0,7.0,35.0,73.03668274060732,39.96729353471935,4.7313202479036365,4.868452233308895,84.74117568778986,86.17378946047356,90.68179706581411,96.24760586333765,99.56147703321997,98.59829474969231,94.63161883626337,91.12106869799938,89.32082075526571,84.43753702890653,86.10406716643266,91.87486990904009,100.0,99.72368381317914,99.93446497433946,99.74040386991506,95.53995972020041,87.33116782481486,80.65242297132303,74.36889815293607,73.9111347667915,0.16481784665719793,-0.9863240225317866
2021-06-23 21:00:00,0.0,67.0,33.0,70.0,9.0,30.0,33.0725093645187,12.910451203556853,8.442686649162312,4.1823214564247015,36.96997497390196,40.0792826769765,44.529955851437975,49.776611336256444,55.877404863924404,62.947834544437356,70.22154002592109,71.87555941322303,75.05470611579084,79.81207127686196,85.66446554467039,80.33071250492314,62.60611737110522,29.779889594920906,16.757503338948606,12.735016852578305,11.496018157409193,10.674110610839385,8.527144708077468,5.925709456468516,6.174076259941307,0.14782713347053048,-0.9890132145779883
2021-06-24 21:00:00,-1.0,75.0,15.0,49.0,11.0,20.0,33.061422404276755,14.609045128295064,5.92327579363921,5.549438769085082,36.49621232596109,39.98088723585962,44.378705065428726,49.381497483433236,55.23879755590991,60.79030106890304,63.92092620346942,63.971709916808415,44.82614085883193,30.088090570755888,20.107009774612116,21.57332979886048,21.74039513708754,20.48916884988515,18.056652729820737,14.893225289227713,12.510767876713281,9.52142490040638,7.6265045060004395,5.382991008516141,4.98904586411796,0.13079267585675922,-0.9914097417023038
2021-06-25 21:00:00,-3.0,71.0,67.5,21.0,9.0,18.0,61.27034483869424,31.37075730845654,4.320143879982541,5.956127174226978,81.64465762785512,90.96598694577068,98.37199981328459,100.0,100.0,99.28399002898365,98.04046201768388,90.95193722914317,75.7894248860988,65.32153821604773,59.32658747292153,56.48147957108339,53.21049751550839,48.792795851209874,44.459020682035366,38.93859603627853,36.67906339672927,33.93276665936053,31.114188475912837,27.559995676628823,27.942649347836774,0.11371951458594969,-0.9935128947338007
2021-06-26 21:00:00,-3.0,75.0,97.5,22.0,7.0,20.0,61.777544009622254,35.919517593365676,6.612865925031063,4.990473604888911,61.655462095891686,66.30020509365923,73.61314479182096,80.77212932620098,83.97631466029554,84.34248826366263,76.01176640567896,53.94660197214816,50.882320355068764,53.70813242384561,55.57238595459405,61.18937734400687,68.68675495804196,78.94327984646563,88.08933034487116,95.91988537743754,98.85167026550717,100.0,99.41679112188184,98.74393535742381,97.43078325500576,0.0966127018812031,-0.9953220513156602
2021-06-27 21:00:00,-4.0,85.0,85.0,37.0,12.0,22.0,54.94101424923203,41.63166609559957,7.212392770158798,5.557623481681163,52.89164355560568,54.7872319767313,60.3118451053263,66.66546771471545,72.1349113946734,76.48579942182886,78.91351875991556,80.33467771046315,81.24351877710805,81.02852610729529,75.77522681530667,65.18645325380773,53.29175935320608,45.287957383769005,38.6828984801246,33.654960688525385,32.09754662818458,32.42328099845366,35.21553438658087,39.51150861036513,45.36019388434488,0.07947729992362097,-0.9968366760893436
2021-06-28 21:00:00,0.0,80.0,64.0,22.0,3.0,32.0,64.59707555210858,44.3137355755275,6.763246351476692,4.586694476764737,62.33223318427673,66.94350235151873,74.28269174165338,82.50617935205773,88.2586006941182,90.10757774890918,88.60481045572925,84.65667405693026,84.08271261935755,84.45975594440381,86.03195045266162,92.73852440874609,98.02784815539442,97.74678402771872,92.03672665546785,79.34979149374823,68.46737873284697,56.78240656114282,56.03977724402749,56.8186524599572,50.251280093059016,0.062318379354325076,-0.998056320853012
2021-06-29 21:00:00,3.0,85.0,36.0,49.0,6.0,30.0,47.79489830878926,35.11976899455115,7.88762987850272,4.705044813808079,47.04632764125429,50.378044287965196,55.918528338381954,62.19146813825661,69.41970853490244,77.0996767808581,73.41757992934775,75.12674981757321,76.2063309306266,74.27225727453978,65.02014807234848,61.14413657842,56.72029124192648,49.56105299537929,46.3774344313025,46.98229977414371,50.996070639276695,57.29985035560217,58.764683540339156,59.701974864909424,61.14694198724359,0.04514101777397193,-0.9989806246941579
2021-06-30 21:00:00,-1.0,77.0,73.0,20.0,6.0,30.0,71.30206812410943,43.85794652489918,5.97875344991548,5.929459405422231,75.64279415497256,77.85813058144957,81.0417766045476,85.11983295018707,90.65426255152113,96.55981129756077,99.6389873590169,99.32017004079466,96.92343781817189,90.75856654057345,81.93591481519927,76.72523491608459,74.08595866516323,76.87864015519264,76.70210670291608,72.36754107002842,72.84721638703185,77.26950693145595,83.88560289922908,92.70809699785437,90.40215570495111,0.02795029824021032,-0.999609314096404
2021-07-01 21:00:00,-1.0,67.0,94.5,26.0,6.0,1.0,65.35826777296575,27.511780000344782,4.415299526001527,5.746435254768472,83.76881140776754,88.0139667009711,96.94175431720275,99.26072408533885,99.53263902822216,98.85463906378747,98.59484096212309,98.79154525691331,88.85082131555315,74.1278784756636,65.88180438843331,59.67853363093892,55.02130457456107,56.24250556051088,55.48776787714791,52.61901224863662,47.994196088268495,41.540201239295904,42.58735457449058,46.19612982495408,55.009953221016296,0.01075130776352193,-0.9999422030204416
2021-07-02 21:00:00,0.0,59.0,95.5,27.0,8.0,5.0,69.40099944206084,24.813354606253785,4.054032981590206,5.37315758652366,77.87607745349993,82.88406474393689,92.79224450059618,99.59813033356437,99.13739589115124,99.3023064222477,99.16901945372261,99.47758914553272,98.15915938500981,91.8687372221374,80.82741271949104,77.60301012769807,75.58848605173775,74.22218020368554,71.81661467075388,68.62913938983482,60.566988797472,49.53892809435362,49.02122583467723,50.724989424822596,63.449562809037516,-0.00645086419810515,-0.9999791929590823
2021-07-03 21:00:00,-2.0,60.0,93.0,27.0,7.0,5.0,66.96951913995109,24.14331468389305,3.766158097587921,5.9678600567385605,77.88856031148732,82.42187966666961,92.20866650124653,99.56138766483251,99.24450601199123,99.29997753028931,99.06311970422806,91.8853927544197,78.7680980515369,67.10719975301187,61.38122399998317,59.544367802108425,58.66405361450412,56.09298084873888,59.10608714669723,68.73014713269819,71.51067664546581,70.62101018710575,71.85778383174724,74.29739644287059,66.4701650428402,-0.023651127245231586,-0.9997202729664083
2021-07-04 21:00:00,-2.0,61.0,90.0,19.0,5.0,6.0,67.0860046610338,23.980118185032364,6.133778676394531,4.188027427067486,69.9330062406411,73.33968627036033,79.64111137913751,80.77876830927414,75.36093720789125,75.51089211405015,80.57324682844926,87.94060569660219,94.06477971363103,98.15672671969222,99.52496800907932,99.99639101602976,100.0,99.46565718480961,99.43315430588558,97.6044376075076,93.47472833901196,88.71909750677406,85.76411950550708,82.95881907452888,85.75683479319677,-0.04084439154329611,-0.9991655196610109
2021-07-05 21:00:00,3.0,77.0,12.5,61.0,6.0,25.0,37.35900373746598,18.778686963579734,8.106615632668584,4.520143950176459,36.44824403846959,38.58042120175459,42.72280044880234,47.55819722884212,53.14899005895799,59.499233366648774,65.064807360595,66.76373134475674,65.6281976433814,60.3089844419856,48.61215860486784,44.074487569877235,40.7595575624411,35.42841001762548,30.22632638510585,25.248648132314056,24.338686259133674,25.293568415767115,27.492863154346338,30.17819480724097,29.61440686943806,-0.05802556932878035,-0.9983150972033183
2021-07-06 21:00:00,0.0,78.0,76.5,27.0,7.0,23.0,66.6367864988586,43.2797654175256,5.91478586504468,5.560707563419258,79.55968217724862,80.89242984591067,81.01530747716535,83.33338834096456,87.56616304038522,90.3393637576198,88.9048448061505,88.80930991227902,92.45896973748756,98.02036276758767,91.670005983538,82.39185421367188,71.15731592218985,71.282888488514,70.51987497555665,68.458621667641,66.18570803851047,63.375711755126304,57.83399721023954,49.52047247509771,44.72129472651992,-0.07518957641475855,-0.9971692572470178
2021-07-07 21:00:00,-2.0,72.0,31.0,52.0,8.0,31.0,37.98825301496348,21.62710626237206,5.677501449337264,5.016711361201705,38.914237648689415,40.93467122757766,45.71617716375875,51.34069642949288,58.065785250041955,65.75631742131904,72.09060274609917,71.72393325032583,49.563589045337935,23.234869387951804,17.396876424402617,26.39155955312864,39.93053077668639,52.58301095581637,62.00579429782884,68.28792948204237,74.12506465089727,80.32333099732665,86.5589501644078,93.55549842074626,94.27511890206902,-0.09233133369539122,-0.9957283388645872
2021-07-08 21:00:00,-3.0,66.0,88.0,28.0,3.0,13.0,52.248935377409744,29.379966715772824,5.663821927123006,4.7836129056633565,47.02308957241768,51.093542588860586,56.58717690246967,58.41348633922286,49.384718410216,56.447946117419654,67.97839076756233,76.10459358825084,83.79246128372408,91.16254075882206,98.12743674309277,96.91606383184812,96.731509287695,96.98650980723984,98.05731672977302,99.72880263105904,99.46375246914731,99.53672614115166,99.28927633765005,98.33422425688128,89.9492107430917,-0.10944576864891556,-0.993992768446958
2021-07-09 21:00:00,-2.0,68.0,95.5,10.0,4.0,17.0,87.04449478950774,45.13699734728985,5.130966957470875,5.214499073779044,96.93042044692986,97.79392581443842,97.36588259550417,98.20285397339957,99.10477535998442,100.0,100.0,100.0,100.0,100.0,99.54932938721903,99.08827147004511,100.0,99.65002482619626,99.23430677738791,97.878583657931,97.20879568001668,96.79164324307898,96.10968234733667,94.02972865320525,92.64013344494234,-0.12652781683868314,-0.9919630595773397
2021-07-10 21:00:00,2.0,75.0,5.5,37.0,3.0,35.0,44.627665252677076,17.182194158083462,6.45426653324092,6.13766490986213,50.919511285278,53.766067647622776,58.80012475891275,65.06657488378401,71.51086965506855,73.62165734162954,70.18810508392565,54.449741511782236,41.42575690430551,32.73108774373207,28.08744873638867,22.109120567141694,16.151510119791006,11.35046583854126,8.817256258587646,8.12909127654786,7.951450850996335,7.943174370424478,9.21107511544858,11.112023179203982,13.571822808385972,-0.1435724234118113,-0.9896398128792412
2021-07-11 21:00:00,-2.0,80.0,67.5,47.0,5.0,23.0,40.708611314014846,19.441870533450604,7.71032775668823,6.217636516930691,36.49172601767645,37.83136204528129,41.36403436750669,45.51608369258458,50.26607734890257,55.14386631229645,58.3478664839207,60.35769281518909,60.56533754992927,55.822679199331716,44.111840913136206,34.20878941114813,26.50310229170647,24.844238333884014,25.56701131211562,28.426395826929802,28.997350343693757,28.632515149081122,26.49703877217356,23.026144497458432,21.88040972304978,-0.16057454459499376,-0.9870237158387383
2021-07-12 21:00:00,1.0,77.0,52.0,46.0,2.0,1.0,41.75550790649935,15.645831628670457,6.278102675496761,6.235684698026624,40.465067279778204,43.38876333894477,47.68760574923406,52.91446089873572,59.02063089503462,64.72809293477208,68.15503236563505,67.25282888535651,50.17960715767157,31.393550351937687,15.067062360368313,10.57419376160757,8.062762656160432,8.157807684800968,7.888271809627873,7.37943622229611,6.641998087229785,5.643423859945694,5.628161361273048,5.661725279210079,7.4866500368622235,-0.17752914918703497,-0.984115542601034
2021-07-13 21:00:00,2.0,77.0,75.5,43.0,6.0,18.0,48.32381008232468,21.04342991528197,5.884753144652064,5.705667376507418,48.92730781560775,53.25079591973676,58.432186783708005,61.99952708170946,60.16446135885295,60.48232157359694,61.688385182966655,55.1946138957523,30.51718398577284,15.64351215978219,9.239836876025336,15.756610746534431,23.12302832296457,32.03081174071735,39.723737293253755,47.83833693843904,50.28040635528648,52.73325126313287,50.70992016260688,48.038727471172024,52.0985551120452,-0.19443122004766195,-0.9809161537413774
2021-07-14 21:00:00,-1.0,69.0,91.0,15.0,10.0,17.0,78.40059031443495,38.929749280132256,4.520606806837163,5.972262251531361,86.97218963624826,94.61272366987166,99.66675805524929,100.0,100.0,99.95688263605011,97.21961965744119,90.29915412734033,87.87905810962093,86.63253630947014,85.56272827536971,79.55911989773843,71.74722869936623,62.61074035097067,54.46167368321806,45.639848410156105,43.662309239144754,43.19845528754976,48.55161198047978,55.86235212211833,61.80337781901629,-0.2112757555821793,-0.9774264960104055
2021-07-15 21:00:00,-3.0,82.0,20.0,39.0,5.0,18.0,56.46565215030564,26.732833070018586,7.111522492459892,5.404906596819804,59.043061418944944,62.79537981965687,69.58408833872515,77.54428809742942,72.3510505070716,70.40208675071136,57.786816539449404,52.9982995804132,50.849771742354996,48.43254164601594,44.79219115377961,36.4383542273272,26.90675449379703,20.062362079914717,14.550788354964695,9.896216033569141,7.782052290590073,6.3636088962871495,5.736693482660065,5.102457064037458,4.441281690270298,-0.2280577712215198,-0.9736476020539838
2021-07-16 21:00:00,4.0,78.0,64.5,23.0,7.0,28.0,66.6367864988586,35.08484443072035,6.499336766226634,5.769427853966185,61.35314117318577,63.06262336974072,67.89770686581672,74.15016079120775,80.96865419790066,86.04699281629254,88.1317040724317,86.50265859137639,86.94102522489183,89.2950014709318,83.44242877038144,74.82314467763541,63.7046451495225,49.647473441009055,36.51504392909133,25.30793146679481,18.754899744288213,14.643983810912026,16.016989424105926,19.943242730246155,36.84592134292847,-0.24477230089725957,-0.9695805901076308
2021-07-17 21:00:00,-4.0,80.0,54.5,55.0,5.0,26.0,43.77961106850662,22.32495738881968,7.84791801409392,4.951081753039466,38.30934563737245,40.7710965488997,44.789091735831676,49.873406927986366,55.55240937870589,61.47293683933477,65.52905892217528,69.7834340178373,74.7934726345156,77.8732215643545,74.52981927587011,58.55201639738762,40.71364700396145,24.941736982161853,15.882328721114389,10.799544758976287,8.837460662673369,7.517725565934446,7.279871117590503,7.154329368787882,7.748039153903398,-0.2614143985111562,-0.965226663665613
2021-07-18 21:00:00,-3.0,71.0,92.0,11.0,3.0,16.0,68.22081474275457,33.83788519036554,5.742716772314233,4.886753756753185,75.96753046088406,76.9671859808937,62.52841671686865,58.89319977203733,61.21863051160985,61.39405075804704,58.54732377014433,53.45512520268131,55.28254218986011,62.86548623128313,75.61426879192344,83.65847284276808,90.01113662104633,95.12202568796751,97.59410760603406,98.52100838361535,98.3995291121467,97.49740617163,98.26809469803467,99.27987095822195,99.36597443749436,-0.2779791393987801,-0.9605871111248129
2021-07-19 21:00:00,-2.0,74.0,73.0,17.0,1.0,18.0,68.55087020336482,37.19748241078171,5.456053349695613,5.739770859669456,82.99509718336019,87.25198170868761,96.05001372243129,93.22226899411088,86.0174818717903,83.32340076681282,85.61859153718777,92.06573161777587,97.90455328303432,99.63573143289452,96.91448149226586,94.01876995795784,88.3087269787371,73.18840402814098,59.69976518007507,50.32603252378469,42.86245108533296,35.38967872306666,30.525052072847807,24.76223986373439,20.91243266227997,-0.2944616217868012,-0.9556633054034704
2021-07-20 21:00:00,1.0,77.0,43.0,32.0,5.0,34.0,55.785085837923,33.96911093199444,6.970006719240127,5.6623345069213125,57.768012562062545,59.713835581057396,66.28901461068517,73.79327705565422,79.91217832807158,83.8297107531743,85.3564568084032,84.29924469089997,81.67870211553985,79.30708464708665,77.6953176651675,77.41999121040647,77.37120989075534,78.14667935915595,77.29471902912792,74.19947350337857,71.78452227721421,69.34906073452854,66.89630167616825,63.355571702789184,58.57510249957283,-0.3108569682435036,-0.9504567035349151
2021-07-21 21:00:00,2.0,64.0,91.5,13.0,5.0,4.0,86.837168015172,33.47951066462873,4.913163261128224,5.998503992767712,94.18858560550662,97.54147011901753,97.90672369463347,95.99291391154759,95.73530336279973,99.5795388717811,99.61925908650038,99.55204184095592,100.0,99.87602780787958,98.706204624157,96.27899164587123,90.49133117600962,82.48648850836186,74.96831231915296,69.06563082183897,64.34372331108318,59.16932526871521,58.781741020807665,60.00576275936047,59.62806374963727,-0.3271603271220951,-0.9449688462364056
2021-07-22 21:00:00,0.0,69.0,44.0,40.0,5.0,33.0,56.7155758436795,22.70534665509918,8.030761463311677,5.795045277309014,58.2829582834831,60.71053579482213,67.11913151008768,74.88105699970134,80.07067511694045,74.50404379538837,66.83345924881301,64.85466228818487,66.87963894254409,71.98279915010342,80.14860413635576,90.03762562354025,98.80385724954937,100.0,98.8037385435609,92.44893361437543,70.51520773280149,40.71901285413254,35.0562585982156,33.74499284932224,31.960943599339636,-0.34336687399638804,-0.939201357453208
2021-07-23 21:00:00,2.0,71.0,44.0,33.0,5.0,33.0,52.975883453002126,21.92445147653919,7.207074552206697,6.111912158827555,55.66170372782832,48.995217787034754,57.69511520515395,64.4402352700813,65.24532668799485,68.2915301114637,72.87662550059183,78.39719731646237,80.94570781517037,79.99126234441933,75.1458557639341,73.00405232436114,71.58948944195086,72.40143472572828,73.67719808838558,76.29949126969612,81.48854384463766,88.3739705232354,91.72954054579057,93.01392033451769,82.8229711788164,-0.3594718130884232,-0.9331559438780432
2021-07-24 21:00:00,1.0,77.0,8.0,55.0,4.0,21.0,44.93404929466704,21.602371147479285,8.148633485532239,5.098380354789442,42.14281223721245,44.80499147182467,49.420124549504926,54.65253865889371,60.811101032313175,67.68847204350705,74.93051803551195,76.61642736844189,80.47642043686126,82.2919553224475,75.99729412850516,68.318959940246,54.413417089664684,29.673268677749533,18.15578059678628,15.096611401866888,14.809557253962662,15.26848455921677,15.003676405236972,14.36570008219658,15.350363673231634,-0.3754703786876202,-0.9268343944460494
2021-07-25 21:00:00,-1.0,66.0,90.5,18.0,11.0,18.0,78.15557312319325,38.443556441626654,5.151230835266208,5.68771156757126,86.95654077094498,89.41505714115002,94.8407299993747,96.2883530629684,95.62301517282992,98.04213652512215,98.82384412221901,98.93364964116157,98.66729514291907,98.5840965884787,98.92351084823038,98.76825763907085,99.53604109476848,99.8049360597424,100.0,100.0,100.0,100.0,91.81698210592529,72.9687144434967,35.69232922952858,-0.3913578365610259,-0.9202385798054075
2021-07-26 21:00:00,-1.0,76.0,30.0,34.0,5.0,22.0,61.90298543869783,31.20101232681558,7.552970186012576,5.0502787484850895,64.97374172517235,66.95983329305209,74.21325880255769,81.60521088248804,84.15399590493536,84.68673857937684,86.01594119431405,85.93423041782006,78.04039748659574,63.87507786411314,62.055603996063155,64.82923315896156,70.22997619566397,72.94780878315399,68.53242617517188,54.79920228990428,43.90275542951008,34.024568468127406,27.06112919780391,19.688715012404582,16.405803045673302,-0.4071294853542516,-0.9133704517637858
2021-07-27 21:00:00,0.0,73.0,52.0,49.0,8.0,30.0,45.99392700009288,25.393161899199722,7.892290576129914,6.0322761563364935,47.8269837140306,49.66940861470916,54.8512806347573,60.65693220975047,67.443188538775,74.19218498323742,82.49570343602304,88.08888427889089,92.41554971449679,92.43591202648219,74.01891664451588,61.77916884914404,54.19204643518904,58.087301748424025,60.31777538298873,61.150683765062475,58.15731818172476,51.65694530352821,41.36375798096521,26.048512004881015,34.941403229177666,-0.4227806579826773,-0.9062320427107697
2021-07-28 21:00:00,0.0,69.0,15.0,64.0,8.0,33.0,37.51073143298754,13.546689036150912,7.2894165347609245,5.955702106380861,38.11197730938946,40.334483732589945,44.96531680865749,49.99881647618143,55.50084822859078,60.75393540372349,60.888983894606795,67.62872897215101,76.13632313684995,82.57751384875336,80.50961569650933,48.504737733550215,21.50349394694295,12.801752367722836,9.984705874487444,12.549552762476187,15.0847768173533,18.060267507763804,18.149999346089963,16.999844009006534,15.188690290152998,-0.4383067230125192,-0.898825465016444
2021-07-29 21:00:00,1.0,73.0,65.0,46.0,8.0,20.0,39.61405665086182,18.997755851847316,7.840927142012301,5.3618962161501145,32.52625472425182,33.75065308455819,37.31241279601754,41.45740283201589,46.435336642952215,51.91622932316684,58.58508862903468,65.81853429688121,71.0050404522818,71.29088867748834,61.87647728379287,54.73574168172524,48.601559356532036,45.18357277130387,44.52695374801613,48.02437328309765,52.60311662522869,58.648416762607745,65.41079390813456,72.97188252553615,75.55785256544213,-0.45370308603134424,-0.8911529104063088
2021-07-30 21:00:00,-1.0,64.0,65.0,22.0,6.0,34.0,77.99002766483804,26.95614730343939,6.921177312285987,6.14154750312061,72.01934845387663,72.22667646940943,80.25158071131287,85.9062399789021,89.6036496283243,93.20691809232646,93.48207501763534,90.03703153979919,85.33413836312394,78.15102146940626,77.3827004728538,79.10830988510524,83.8556270115478,83.41066640194835,80.94863800015337,75.4432584181184,69.34286291068767,61.94550419689225,56.066555981281226,50.65757585986661,48.61279703913851,-0.46896519100763184,-0.8832166493127127
2021-07-31 21:00:00,-1.0,68.0,34.5,47.0,9.0,28.0,48.761371214299224,19.142808322674224,8.174912210122624,5.838874343435283,46.833939433371256,48.332226791487344,53.52192948669341,59.799662391320055,67.23086803447042,75.90832896872031,80.42150125671023,84.34838552646599,85.15187759739297,83.42844599406182,87.12285907177736,83.40231863698823,74.51141877481287,60.48827741681971,47.85675097032194,37.44973851664158,29.72316122071681,22.540315014891625,19.28025008057049,16.684560416039442,16.163024983277996,-0.48408852163897587,-0.8750190302029955
2021-08-01 21:00:00,-2.0,73.0,57.0,42.0,6.0,24.0,42.69898982567596,21.863822746591303,8.710779642055003,5.080522350420564,37.62054166897109,39.29819369944798,43.33293120907076,48.39998913905651,54.09534939345188,60.94465977041628,68.35550368473433,74.06207540752459,79.14000751383419,84.73270564653164,89.28280143220871,88.60614986065683,82.76536331909456,69.0840963900605,59.84300036236545,55.10958290618135,55.80519733354237,59.412751063324855,63.652813723642396,67.95893286002095,69.71115950229316,-0.4990686026885319,-0.8665624788845385
2021-08-02 21:00:00,-2.0,64.0,74.5,18.0,5.0,31.0,72.54211374670008,27.018313809913703,6.581676387091929,5.561791360180233,75.40945794180523,78.62777658558254,86.02979236689504,91.27511617978088,94.52706600714163,88.45136277882523,83.21865490728689,85.5034478906783,89.0513924584119,91.60334297759309,93.0375463751638,96.30033492403844,99.07761205128939,98.73645658536834,93.74430120975258,85.69800228540473,79.61116335421222,73.64813296380521,71.5728871499238,69.42842724736562,68.88233526940896,-0.5139010013093103,-0.8578494977869301
2021-08-03 21:00:00,-3.0,77.0,26.0,53.0,11.0,23.0,41.75550790649935,22.74688848858309,7.178953959371616,5.918276174639991,40.72700308467325,42.85627463559624,47.25532185902795,52.76660847700052,58.78936602509807,65.4436741143337,71.74171560362502,74.77775862108801,73.9285156053008,69.4403003381216,63.06399675104338,57.45009651246232,52.047693454332546,46.66381495800217,41.42067321469197,35.50215631384694,30.241578961653413,24.16140460280065,20.56355742375444,16.629470828083083,16.247149810475513,-0.5285813283559292,-0.8488826652214553
2021-08-04 21:00:00,-1.0,77.0,70.5,30.0,4.0,20.0,55.785085837923,29.22376619467554,8.017676001368427,4.638437963798523,50.13642867232749,54.64520989681262,60.47645175296085,67.45311467029765,75.25537252629728,83.50160534248924,90.06283508750175,94.216800672523,96.41052027582408,95.40814549543074,92.53893428525762,92.60560792495063,83.26600562533343,60.419355131395534,38.047950151690884,16.109941596397544,9.973927616525692,6.376093004822183,7.185468644313856,8.80551492293195,8.62419691050685,-0.5431052396834317,-0.8396646346181327
2021-08-05 21:00:00,-1.0,67.0,94.0,13.0,3.0,11.0,83.98355840648121,41.76093632955835,4.133892074933117,5.465932848811252,91.51109611141898,97.9690398971871,98.73318208798578,98.71869436203701,98.84980267665479,98.94510919139935,99.67723669083604,99.69984911922961,99.64889054543423,99.16100395464957,98.37021220242288,98.15005471345037,98.08758074193092,97.35337514140643,92.0256146632757,82.74993004975646,83.22798371517042,87.00780133960502,79.38002543268917,67.87872298291323,60.89153049619107,-0.5574684374327892,-0.8301981337405212
2021-08-06 21:00:00,-2.0,82.0,9.0,47.0,6.0,23.0,50.828531099272766,26.630944535180376,7.217580551653994,5.996926920841513,48.2692714375018,51.42973936263019,57.11734908450994,63.32766197371268,70.086503181224,74.85637078571537,68.98827688766231,70.60106106672211,72.8041143133906,67.92533528019449,48.78361010381934,35.05568956398205,24.596613585396533,20.49088578458472,17.690987802903216,15.621594652038755,14.281583059735567,12.823125075554644,12.229435201703154,11.69936910380366,12.622987594140533,-0.5716666713027052,-0.8204859638785327
2021-08-07 21:00:00,-4.0,81.0,38.0,27.0,6.0,23.0,52.50833622360448,29.323534115665048,8.514482044580594,5.340757193459615,35.98596566383137,37.66675782322933,41.815138195314745,46.42329158687022,51.652033294843314,57.74179970914336,62.3447632278927,68.37547235278358,73.97717738069097,77.49031378110878,76.42679912973698,71.6759729466857,65.69670768437899,62.197716061180174,56.5454557429262,49.96803007425588,47.144931003014115,45.77766478595227,47.208525713401436,49.34793177374065,51.63601695803882,-0.5856957398073508,-0.8105309990194823
2021-08-08 21:00:00,-1.0,76.0,12.5,40.0,4.0,4.0,48.17457101146339,20.94493580287587,6.104227451466807,6.21361007534427,40.682078564715155,44.29813895376175,49.296163753195636,55.25700875287002,61.647755964394605,67.76654109797325,75.41535340361388,79.62449985354267,80.85495145967812,71.6615390376259,50.155130902300094,30.526600572262623,16.523474331747938,12.694171228360302,12.23721974432544,13.912652969494484,15.534938789060392,17.33719651682166,19.141898906885597,21.237475309955606,20.510182594362753,-0.5995514915196489,-0.8003361849976323
2021-08-09 21:00:00,-1.0,76.0,55.0,33.0,6.0,16.0,55.64738458327223,33.344013556965216,6.117777040440891,5.68449320223088,48.53765503724892,53.4661036018232,59.58630993749513,65.36791412532979,67.86378230384554,67.00607707349529,70.22567332041642,79.57670416219477,76.57974802308821,72.45839092615253,68.72270579730981,70.93222525755934,72.6443194572073,74.74855177826733,76.60023183532738,78.7016957774735,79.31699031397346,78.34870865779266,82.93655986638187,88.29885985496992,94.5856471867344,-0.6132298262997502,-0.7899045386224707
2021-08-10 21:00:00,-3.0,80.0,31.5,30.0,6.0,19.0,58.20002676000418,35.085437999386635,5.950636762701423,5.310618129442543,67.08924830547842,73.096797929655,81.56059533954428,89.98710708675736,87.53975461350555,67.4631561704314,50.76255031167813,47.15107079959809,48.81328704329695,52.85558404343009,58.73605583962569,63.10836703478835,66.85224981917976,69.23879485470232,69.23017080333054,68.02840147644417,64.99843460219698,60.43758957472738,53.83544738909969,45.709726598520376,44.22541921622784,-0.6267266965083301,-0.7792391467859886
2021-08-11 21:00:00,0.0,76.0,81.5,19.0,7.0,16.0,76.29328958738,42.49233810896548,5.146606997044945,5.8009224508980095,78.72896727312202,83.60320243146076,92.84796014296964,97.62582630842262,99.40341302846647,98.51861953349757,83.2146655548454,65.84263657640672,60.5883973929816,62.69083400037525,65.83798526839998,67.62081971973217,69.11823000855223,69.99310282358766,70.67041121802417,70.79601023751503,70.34160703839676,68.82449686011077,65.26806856103138,59.7665821232389,58.080709957227775,-0.6400381082043503,-0.7683431655492202
2021-08-12 21:00:00,-2.0,86.0,25.5,35.0,6.0,19.0,61.024495806822586,42.18277525491085,6.669509647071933,6.010858232428865,58.10359250832548,60.41873334608092,66.98611056815442,74.4341902972994,78.33066776430886,79.80538221191173,75.85367801025632,69.34008680525116,62.608250839217696,56.39953474207251,52.32882270485505,51.424342743987296,52.34266132990519,54.66180344695694,56.408660641872125,57.873296602025945,58.162569609923764,58.24546564307222,57.59071222697033,56.4567808740745,49.69562199439726,-0.65316012232693,-0.7572198192083127
2021-08-13 21:00:00,0.0,89.0,14.0,47.0,3.0,25.0,45.13762031694334,33.77759277518468,7.735790383945233,6.259843370530432,39.650302852633665,41.71808914303535,46.22193589983482,51.265899125522964,57.17393934428947,63.2516679134794,66.05668683136352,56.6095282842132,46.75040095291703,40.68827043398656,43.507617658980806,46.34058331582898,49.792371460691434,55.378716039971565,59.4722441631294,60.495092740320224,55.06759141343728,44.040520973344705,35.09193773782439,24.273034882577253,18.71857189706744,-0.666088855860977,-0.7458723993404063
2021-08-14 21:00:00,2.0,77.0,79.0,10.0,6.0,29.0,76.37954483234944,43.119311179839045,6.306593282269638,5.142538032175677,78.80979540164537,81.35702615912855,78.93231223402807,67.8885914141106,66.6204134539874,69.87156804076888,70.36990932622369,74.7297302391758,81.38919867709437,86.16331327313799,82.5319048723215,82.41816955281638,84.26790765898117,86.99739717493351,87.24727811267321,85.0674162300297,84.70309589714665,84.88983050972321,86.10031482639904,88.14807486835672,84.41937496912716,-0.6788204829862355,-0.734304263829602
2021-08-15 21:00:00,2.0,72.0,8.5,51.0,9.0,32.0,42.54287617924819,13.908264654984206,5.707778389934927,5.570110691629422,42.441541276668474,46.41365392575075,51.76743393764261,58.07873995503735,63.99635177660083,67.37607926293138,70.75401682598495,57.59796228206044,35.913723883394944,20.812355758939812,15.214034007043105,14.5332931628457,14.003525033325491,13.564483601786485,13.747122913636755,14.46678438125288,12.895998309620332,10.466629010116907,6.962888008394522,2.5759450979215983,3.3530337127670293,-0.6913512362094071,-0.722518835873311
2021-08-16 21:00:00,1.0,78.0,3.0,49.0,4.0,26.0,38.93342524806277,17.872393868017927,6.316262840360115,6.110276673751738,33.27483411403405,36.206750858303415,40.37377210753436,45.00450833593387,49.563114129868616,50.7850381337708,53.28717956856418,36.31844882584242,29.904288443456835,28.7851842535883,31.219284238602203,33.98537710107454,36.056191738465486,35.98589891131024,35.36122746279941,33.82292359176345,32.68192455523551,30.92417022963817,30.062364568022193,28.92689820002777,25.90178885412721,-0.7036774074790128,-0.7105196029692745
2021-08-17 21:00:00,-2.0,82.0,25.5,34.0,5.0,23.0,42.526798460741,20.697525433543515,6.891633479600495,5.563400927901179,32.59037439302402,35.40974644543843,39.25299457499777,43.73934196942054,48.36881057753392,49.214018898471885,51.17707301726456,38.17314907634052,35.645004533476694,36.636052661679464,37.68171130450785,36.61858896979489,34.523095577099035,31.099084495123314,27.613509027458168,23.50663839011453,19.794764785897183,15.315761007248962,11.974293327920112,8.037784386906207,7.539797057171797,-0.7157953492826642,-0.6983101158835584
2021-08-18 21:00:00,-2.0,77.0,88.5,21.0,5.0,21.0,71.30206812410943,44.66461714415601,6.985462530640915,5.62400987723731,55.00604525039577,59.879536024317446,66.67626605402896,74.33859540249942,82.99264957398496,88.62476332513933,93.03347099202693,92.69337388256905,92.01980022916116,92.02115754500025,92.38776506423964,91.61000763221813,91.49889601902558,91.12817268411297,91.39704474122694,91.58941126648935,93.55641101271678,96.44758305138085,97.73234429613937,98.73289227912244,94.9368311882642,-0.7277014757264236,-0.6858939875998223
2021-08-19 21:00:00,-1.0,84.0,46.5,41.0,4.0,24.0,54.804026317058884,30.37804815984144,7.4911412986327335,5.296332245695681,44.05120915654908,46.46606313742227,51.557426114156655,57.00854400868962,63.62197059328653,70.46076549705008,68.18458665080068,71.82767393831507,76.13886628793477,75.93070927520364,63.8837042035181,49.15179835313788,35.351778136561975,26.531166524432447,20.12424562776017,15.953774547461322,13.059493706462597,10.395979559490936,9.482236487688573,8.735529841610793,8.848854239759586,-0.7393922635959241,-0.673274892250183
2021-08-20 21:00:00,1.0,87.0,38.0,44.0,4.0,35.0,51.543035137902685,39.21091575944715,7.353459045977852,5.201120070177725,49.34876890853444,51.428570851612974,57.167382224737004,63.82448332238181,71.63928700843137,79.85327569863418,86.70010848148202,88.23089064041073,86.45816832520823,82.47801078942871,77.09450022672861,69.44667171952807,60.96356759639148,52.46840879973623,45.36669748028492,41.825512345822865,40.66165617896355,40.53247527092547,39.34322748443223,37.358786119897495,34.18757245099711,-0.7508642533989489,-0.6604565640279754
2021-08-21 21:00:00,2.0,80.0,25.0,36.0,3.0,14.0,58.20002676000418,35.49311977777562,6.290973341103923,5.190532249135148,49.39964789340305,53.19540794339391,59.15120945373823,65.96626561024951,73.26834197347534,78.9023078664393,85.94646966407505,88.34892029254996,84.46515214993407,77.95273580797537,70.1926378057158,66.64437710433647,63.495999286117154,59.71431479936938,54.46198255685724,46.43093610699213,42.1117848311717,38.59797121289478,37.425057245273045,36.52926253750327,36.730121338820474,-0.7621140503891487,-0.6474427960827475
2021-08-22 21:00:00,1.0,79.0,50.5,34.0,5.0,15.0,60.13960745391395,38.61802556616336,5.5081822553206985,5.136903349614606,65.14212462441691,69.35356369818442,75.86656392964196,83.57337825512425,89.47531329583795,90.1475355182687,95.00181263545258,100.0,95.32590697051546,82.27479190303943,63.784045312844796,58.9959354648087,56.78806200234169,57.08500035529712,56.555618630718065,54.69291203843245,52.28719835826049,48.41996923291333,45.35571822971112,41.49472131519866,40.11534186648013,-0.7731383255706026,-0.6342374393978054
2021-08-23 21:00:00,0.0,74.0,88.0,15.0,5.0,14.0,81.56373805333675,42.98134961364593,4.751178844555149,5.66295936059964,85.88984872256451,90.46342863213505,96.82901541574427,99.37315771190703,98.88976083496912,98.07483898928437,98.96583206431431,97.61505159889857,95.39953008983869,87.79441115896974,68.69999359534513,53.5015967107534,41.811218708173215,40.20389890472009,42.776255373409356,50.76079931652615,59.59627213960972,70.24321961248859,76.6623562335825,81.92097837490797,83.47030394496629,-0.7839338166829201,-0.620844401650647
2021-08-24 21:00:00,-1.0,81.0,35.5,25.0,5.0,27.0,66.97441436730708,41.789449555039056,7.041359724367184,5.602842418317005,61.899889530463085,63.530805406355526,69.3331582562675,76.38783432535614,83.29898964597274,87.98810421555079,92.33790117347013,93.1342660525131,91.24808256262659,88.63878278944792,85.3032561179889,82.04934387494964,77.82940696537392,69.68613542840562,59.82707990088765,47.489478911780445,39.923066144307874,34.60517530198262,28.631226870497812,20.503587257487524,19.093315840877995,-0.7944973291665992,-0.6072676460566135
2021-08-25 21:00:00,0.0,85.0,18.0,31.0,3.0,27.0,47.79489830878926,30.479759159891564,7.3134091283639195,5.5586951712411485,43.934660479187755,46.706612200048895,51.42218581047421,56.21860890160115,59.90993140588719,60.56024398852542,62.3753699592686,66.36056513041343,69.09312001259386,66.63292586254781,56.09183742562652,45.078240718449514,36.423934263071935,34.976420839580825,38.20915665468151,45.67609737132717,51.56838128894605,56.76051907727763,56.51108887621577,53.98872275309805,43.80962921539436,-0.8048257371083452,-0.593511190196115
2021-08-26 21:00:00,-2.0,86.0,25.5,35.0,8.0,23.0,55.077490108744364,39.66430298328945,7.960572934682617,5.698352072593342,48.739053907161754,50.784664834632274,55.67207088856413,61.29464157143886,66.343969511151,70.86747649424525,77.00165789727107,82.85312754551121,87.73563731147449,90.60974037146309,90.33020824153441,81.72723202182586,68.68111202927597,59.487017891884605,47.88137208708719,35.83169009037403,25.820290831970627,16.05398484758835,15.100904302217003,17.326046789704975,20.080573971783757,-0.8149159841660791,-0.5795791048257612
2021-08-27 21:00:00,-1.0,70.0,49.5,46.0,12.0,34.0,45.53305267993813,15.301759437745687,5.413558467189613,5.900874542555551,47.370994600230446,51.996296079677805,57.8700911513129,64.57249431749622,70.3221621868533,73.96625947236565,82.49643293342795,88.7832181867426,78.61777395224905,55.82255709547488,29.046378676311218,18.977494967618334,12.279881981574745,10.385326811737045,8.475169158644896,6.2847700182635124,4.603415408201778,2.619166048944915,2.1563592589396166,2.0854394836441115,5.3890595911668715,-0.8247650844733614,-0.5654755126737576
2021-08-28 21:00:00,3.0,70.0,89.5,25.0,3.0,35.0,40.65830242556295,10.435587530265813,5.495875287380667,6.512633823487074,32.802221811063845,36.33155422560325,40.45197362798254,45.20335939902398,50.2311635003373,51.68930520038323,42.732251416982095,21.910580663753223,19.158943173040978,17.159444618701357,15.486551471646932,14.920450974573457,14.434275265998963,14.012341555938319,13.410848143985099,12.596586568927467,11.797466220455014,10.603983472470668,9.846440995344322,8.859556232131496,9.181578514080286,-0.8343701235229537,-0.5512045872199277
2021-08-29 21:00:00,0.0,69.0,56.0,25.0,6.0,20.0,54.66844296879655,29.026785951729195,4.847900089734614,5.253138496751823,59.15036732051545,64.25474576114546,71.79597139678096,80.09729186270725,87.05383922529715,94.09071357077221,100.0,100.0,99.53352693262761,93.18660598073326,81.43526138259165,74.34422108468104,66.23399208926753,56.69572565371712,45.88346218853886,33.26874741591866,27.031207646406834,21.535494360252148,20.72993570917263,20.562631822607063,21.501987368134746,-0.8437282590292712,-0.5367705514607103
2021-08-30 21:00:00,2.0,73.0,86.0,15.0,8.0,21.0,84.35162616146033,48.322083601901305,5.5899731971694635,5.225793610015823,95.21587260223953,95.49094558717923,95.82491920198069,96.71084062845732,96.47951961383846,95.18683778865167,93.8934764714905,91.63189587673082,90.08349643444508,90.10589984662319,89.12547097300555,88.44043153061776,87.2772421809873,89.08366094863904,91.71331794496021,94.62968203786158,96.951359345371,97.79095165531399,98.70426454407895,99.10333740908712,100.0,-0.8528367217694595,-0.522177676659508
2021-08-31 21:00:00,0.0,77.0,22.0,50.0,8.0,27.0,48.32381008232468,24.4118255231538,8.354004368310902,4.755552620193385,41.82128478385787,41.955571165257794,46.41929520535293,51.7815221039709,57.257128941695214,63.77713929811251,70.39013953734037,76.28878309066424,81.350176621426,84.46228183364492,85.56385965910255,79.67338482766354,66.67212206958938,44.18581551237743,25.54527647071764,15.218313033761488,9.677058184481218,8.839715615231553,9.521557736117115,11.504592727244574,13.78646509161771,-0.8616928164028521,-0.5074302810827518
2021-09-01 21:00:00,0.0,69.0,78.5,39.0,6.0,29.0,50.76859033508071,16.747198402752307,5.725232894062762,5.4851460178744205,51.62894319232143,53.51340932001659,59.61853955089169,66.62163011672261,73.29391818321876,78.51902891393372,83.84910983280903,88.92844743840512,80.7238590196855,57.15129255869592,27.3292746591341,13.058719898564128,5.997153963920083,5.854015193288643,5.849886100586797,6.061174453550675,6.006652797181402,5.680151100266555,5.341887272072786,4.9138617456811815,4.606252149073656,-0.8702939222685674,-0.49253272872205434
2021-09-02 21:00:00,-2.0,58.0,90.0,20.0,11.0,36.0,83.40752447232931,30.133284620263005,5.261058850747044,3.552040326360053,88.37002957271538,89.90748060203512,96.25270987844662,98.93906240724193,98.68439298126884,97.2317045251178,93.77236198481478,91.62202739639424,92.32807828714398,96.42550541332079,98.75318957787698,98.6249645642948,98.4078956058046,98.32325236195815,99.1925866200996,99.81378719710229,99.9383442868039,98.92706286382858,79.97626763048339,50.25161623539055,26.624173823223966,-0.8786374941610001,-0.4774894280028391
2021-09-03 21:00:00,0.0,58.0,73.0,32.0,9.0,33.0,69.29036909562232,21.47507851899472,6.636174300450106,4.728332194955788,67.3947978533553,70.60102193074607,78.40155141497301,87.35515830258382,95.01172460582758,90.9884134212955,89.77384376129427,90.49454011402784,91.3831341791388,93.26410382932269,96.51984185391339,98.46849748752973,98.60747605617762,95.69310014265511,92.31773432683609,87.67136529887335,82.7416668588962,75.73331808425384,65.31327380200177,51.31361703147035,38.92203048473075,-0.886721063082993,-0.46230483047981086
2021-09-04 21:00:00,0.0,63.0,48.0,40.0,8.0,35.0,53.80810032343676,17.46222393698095,5.606340915412921,5.3316653309539355,57.00942482878519,59.603838454223755,66.26176603226848,74.16177767893495,83.14648812981787,89.89226564221201,93.6670233515438,92.32799360486483,82.00464813563573,70.77941234781137,65.58429993646939,58.426024560959945,50.17327651215495,40.18206363671629,30.868893411682173,21.793550091339654,16.34593840416876,11.773353818549595,10.794556160908105,10.781284667366153,9.927041705185399,-0.8945422369764496,-0.4469834295196741
2021-09-05 21:00:00,0.0,65.0,71.0,23.0,7.0,15.0,60.49298141272323,21.073221065444777,5.9444377108027995,4.518031017080801,57.63069017431288,59.24686584946674,65.23985862040932,65.47144067868528,56.39804568030714,49.67847032216037,45.460030427411894,36.59227423113759,27.05937561218536,21.84789922099772,33.71540255793494,46.259397481346426,61.10584137943612,78.0958302000167,91.16863388863436,99.05416758281889,100.0,98.98545307014427,99.82154369944146,100.0,95.34774880368133,-0.9020987014301837,-0.43152975897147144
2021-09-06 21:00:00,2.0,69.0,39.0,23.0,4.0,15.0,75.67687268246146,25.492809214094535,6.904670490780546,5.558012867971243,77.85857994950372,78.48870392549141,86.52341097849308,92.155185691956,86.1135237129156,79.4458066039729,73.88401288065532,63.347471236925244,53.01360076281967,47.441698583416056,54.60593349209644,70.54694035336006,97.79066824042067,78.52956436594913,52.181411521399134,21.350320674713505,5.883285730876811,5.933560526198116,4.399581578124496,0.4974899892995426,1.084324685471701,-0.9093882203647925,-0.4159483918249421
2021-09-07 21:00:00,0.0,68.0,37.5,37.0,7.0,27.0,58.69596764953513,20.13254258971665,6.4202244701183,5.647061494347886,54.70117661450025,56.25414193095422,61.9099185229548,68.54252485964417,76.2917448376829,83.45679276934912,82.29914108185208,78.99095570844348,79.0210565751873,80.03153411753179,68.0061708506374,52.12859487546145,36.51598485005996,30.399220047784965,25.078524329060382,20.901245578465122,17.063347676719097,13.13364766282823,12.44922188011168,12.882506535682708,14.54053649562241,-0.9164086366943458,-0.4002439388573056
2021-09-08 21:00:00,0.0,74.0,31.0,36.0,12.0,18.0,57.39844888625206,27.45006160368537,5.796529706354983,5.978709896883468,58.73128679246723,60.35266985285834,66.0434595331326,73.12680787209462,81.8375671389274,88.49077540901717,93.7229082945069,90.18926966466151,78.50719016835504,62.671355021688036,50.70468025715705,41.624614998722826,33.440766670830044,26.61492768106016,20.039092067840247,14.451253086462904,19.727551646721572,33.630990759398316,39.62988126289157,43.33859906929269,41.767563208852735,-0.9231578729647039,-0.38442104726885545
2021-09-09 21:00:00,3.0,68.0,89.5,15.0,6.0,19.0,90.13678067195197,39.42683043929022,5.513048950699748,5.243350731745621,92.49902645954766,94.25803079799667,99.03970427225869,98.80185034088242,94.71600552421152,87.3895939500275,88.24861084057912,88.42372256946666,85.11592655177377,80.60970651010652,76.63399890478357,77.83357803476947,82.60217436793039,85.78194179381093,85.9873696027946,80.82841203090368,83.1145618704574,90.41496257933424,94.54835665779875,96.2514734298507,96.12353944410523,-0.9296339319682695,-0.3684843993077793
2021-09-10 21:00:00,-2.0,64.0,53.5,23.0,8.0,32.0,75.22266484350234,25.556569615041173,6.270717957052921,6.283232126344527,78.10524218532755,78.80046459564915,84.88246296469597,91.98248880309396,97.51660989305309,89.74172312938595,83.93877175478612,85.37281537687765,87.12445160054388,85.56455746631737,78.39517708199017,79.43189730199289,88.13121422087235,92.75238040112744,90.21260551281819,72.62729925910024,55.522755324200766,36.60932536435926,25.890551770170084,18.45257453022208,16.298815304375623,-0.9358348973349941,-0.35243871088460327
2021-09-11 21:00:00,2.0,67.0,18.0,33.0,7.0,25.0,52.39539990963286,18.235103436887425,6.028341738537113,6.111695684967316,54.605841214886475,56.362722968493586,61.045371089484114,67.00546747345163,73.18794100913823,78.97223221566536,83.80990678453297,84.24636570234664,73.66952351044327,56.64611112095327,36.5253340868284,26.240317326842444,20.38949586105202,22.469040195897787,25.654317961937977,29.912700354841675,34.2383043131493,39.193124250988646,44.347638347802906,50.424935984634104,50.20864213776656,-0.9417589340994617,-0.33628873017668287
2021-09-12 21:00:00,-2.0,71.0,44.5,27.0,11.0,24.0,63.51451357434428,30.787176631318825,6.990076924384318,4.738836185285901,76.41142595799721,76.26058456338012,78.97746589762646,82.3556795755602,85.45486273806388,91.09353540182316,95.89483811755412,100.0,100.0,100.0,100.0,100.0,97.4418691086391,55.65168464289955,21.98308588855592,8.126754920080066,2.847230040981574,4.198226947185549,4.957992486251001,5.516362828668277,5.080838365724843,-0.9474042892438845,-0.32003923622313857
2021-09-13 21:00:00,1.0,66.0,49.0,30.0,8.0,30.0,52.248935377409744,18.313722021467946,5.48762467964305,5.36256023230808,59.91606837954523,61.02690641796562,66.00464357764723,72.97599552092177,79.86028833224356,82.85705016552701,85.33405335800987,92.92762924811238,98.31365433509896,91.62646550341138,64.75864233165348,43.54716352868804,27.486984538943926,20.204650103572405,15.767792490513902,14.586433972921013,14.471939897983379,14.886369622349457,13.318485552452739,10.41871296474617,7.799515725667064,-0.9527692922168511,-0.30369503751065885
2021-09-14 21:00:00,1.0,61.0,32.5,33.0,2.0,2.0,51.50848190095141,12.252599494398895,4.152884535762251,5.475216632216741,55.35621738419098,59.95067180534098,66.76787021806096,74.42988146485338,82.7859403773504,88.10881275222133,80.07738347454895,42.333335585645635,25.70268660019117,17.311961645556018,12.62456060007322,9.778864196345614,8.245425326506014,9.178094723222623,11.476980905636474,14.944930999431627,17.639153041394877,20.514951744095537,20.44919855410176,19.60141385780769,14.208164898990198,-0.9578523554276669,-0.28726097055059635
2021-09-15 21:00:00,1.0,65.0,92.0,8.0,8.0,20.0,90.01672550238602,41.559762569776716,5.005114175162273,5.577284445420968,97.36756468212647,99.51040363840973,100.0,99.90342243219537,99.33142760780056,97.63108552269918,91.42658149056399,89.28859494419953,90.20341493690051,93.25561957858267,96.33177594120136,97.97315526919189,98.76271252325672,98.41529492684893,95.61920669868695,85.82726062661582,86.72420659454231,95.53787082268641,87.28781844599732,68.74081180800746,75.03234179117953,-0.9626519747161487,-0.2707418984477642
2021-09-16 21:00:00,2.0,69.0,8.5,32.0,2.0,26.0,52.68671378756085,11.657486876604143,5.161240495155619,6.75504576876213,57.71420207154784,63.47186412403868,69.69147148556004,75.32343898635192,73.81497103730267,55.54805937593531,32.910167838554486,23.05280747053864,14.838408897033773,9.141850117551382,5.4888519840356595,2.9571049920806343,1.3946904698629687,0.96439419923664,0.9156107533131311,0.9749507169027813,1.183047508605588,1.4472043715976586,2.026623579207066,2.862333931321852,4.236540914206744,-0.9671667297977312,-0.2541427094613622
2021-09-17 21:00:00,0.0,71.0,4.0,21.0,6.0,19.0,56.99036732861668,15.312838932870276,4.298635869429072,6.470513879932703,57.36844046265244,59.22688103585833,62.55504952606632,52.92732915632428,49.329174993666804,56.58553126565463,55.582977155541805,44.245413202019506,32.86302143180846,22.153359987594847,12.52849300314059,7.507869751150824,4.044158480389874,2.7094154924425653,3.928588631574352,6.469126482995964,10.255886416100859,15.158698062215143,18.747063418025885,23.04555257996866,25.396510628267023,-0.97139528468375,-0.23746831555846842
2021-09-19 21:00:00,-1.0,63.0,4.0,31.0,7.0,35.0,47.99897869343753,12.750807600245398,4.640584953759029,4.694975435532053,54.728886486215536,57.606047986760345,63.02676601548312,70.3061543749606,77.4519091259193,69.03050025031368,34.702193284187075,17.92252468407756,11.276051216895503,10.249266584108712,13.376824498123716,19.99444859953414,25.896648130314677,30.300379052377274,31.737197009206874,31.448419758775227,30.738604299206024,29.090433339887756,28.255184726829263,27.090428505296195,26.65416342255072,-0.9789888737409319,-0.20391367068311472
2021-09-20 21:00:00,1.0,68.0,3.5,17.0,3.0,19.0,45.22343125997333,15.849567018292321,4.125090037377125,6.01509287530635,44.23304245184264,48.10993661557116,53.33700906698313,45.523718354388805,26.27143704031721,20.1488038129858,18.24881935569529,19.092072958040195,23.59687758885492,29.434967216726548,36.09449228960762,42.324504248312955,48.67102483961874,55.73964314119087,53.681489154952104,48.87884734116605,45.865355363185,42.04553634784847,43.9328301643408,45.920486794520976,52.74638727110562,-0.9823516608469237,-0.18704334906991657
2021-09-21 21:00:00,-2.0,68.0,17.5,21.0,9.0,19.0,50.62023314635851,14.796959707068025,3.5361831169734503,5.954675422146725,60.17026805669072,65.17890586800115,71.54560933260919,71.86881376186179,51.92001536237165,22.9077889474692,5.380054156202556,6.19700432124494,10.554167742116086,14.953608497600085,19.715096079239185,25.325414539079883,29.131650089877187,30.82148674631786,29.983863886834428,27.968523922414356,25.010158548716944,20.773288940088662,16.935156750903943,12.069336940635528,9.18424648421349,-0.9854237542919524,-0.17011767832049052
2021-09-22 21:00:00,0.0,70.0,71.5,19.0,8.0,19.0,73.13410574677563,26.726040114694953,4.831126949891886,5.584380430716863,74.45951814382565,79.1595908976542,86.58789102952763,91.22494940043234,93.73820498325183,92.86394454771377,90.67860311090612,89.39850446688669,81.19909715703811,66.40455674567961,44.49061056320216,32.50912266442057,22.87169242484508,16.387626001777598,12.940331745044546,10.95699864305728,11.469869852484788,12.67142199169394,13.697307824648927,14.669636973100134,13.715828903383004,-0.9882042449941422,-0.15314166701312007
2021-09-23 21:00:00,1.0,74.0,46.5,23.0,6.0,18.0,59.49158469966002,19.922754364195885,5.563545494802868,5.313716008278491,56.47413920961727,60.25039254401252,66.59307403028937,73.73663441135422,80.6746156669768,84.05737573214358,90.74175753582392,59.74307646093193,28.68800303636676,12.301147541634155,11.023985490088934,10.596497118795833,9.938675173876957,8.930360273631507,7.177898411540524,4.893299384348867,3.574672030572701,2.2983907415998512,2.415099544722906,2.747656827517185,3.315259114178992,-0.9906923101615609,-0.13612033862266704
2021-09-24 21:00:00,0.0,71.0,67.0,24.0,12.0,16.0,73.23103879949284,26.17958314540652,5.572131961134301,6.058141338122506,70.34075213517093,75.37829479382306,83.27341791387009,90.09323175482291,94.3715066994507,86.26111519649838,74.28436414911646,73.73001638946961,70.67873155021046,61.98424813575517,46.11193214944833,36.979500715039094,31.222445649638807,31.69943324290522,28.018278767419286,20.250494746075017,15.633180493423126,10.954481529076261,10.6281976386552,10.96513649411382,11.568072843977552,-0.9928872135356962,-0.11905873003404988
2021-09-25 21:00:00,2.0,65.0,89.5,6.0,3.0,12.0,86.88945131427035,33.68839318753224,4.327554962600621,5.979437245719907,93.48448250501106,94.94799112483447,98.2876347826501,98.69047065466272,99.87282779337878,100.0,100.0,98.66963454924202,93.4360833115265,85.72144498014057,81.09190255436204,78.19883697881512,75.52183407596543,72.76257341889696,65.69057586388145,52.99778114134224,37.139016877222794,16.92495983177397,11.495622487194495,8.73799797638751,10.540545256509523,-0.994788305609327,-0.10196189005174576
2021-09-26 21:00:00,-2.0,63.0,89.0,16.0,7.0,29.0,83.7311746969401,25.998114368431168,5.519981939755193,5.323339704437355,86.21503360380778,86.34525516876897,92.08021734766758,94.93859931897408,97.39861213813019,98.25133514017445,94.38290564516026,81.96731579041747,67.02702574723118,56.270310896953724,55.370737440836834,52.69401511140107,47.04399277179096,39.553525398105755,34.75039703407873,39.732584735053976,55.7724153053656,86.11174739759502,99.51109563336831,100.0,100.0,-0.9963950238187231,-0.08483487790576538
2021-09-27 21:00:00,-2.0,63.0,42.0,21.0,8.0,20.0,60.22936578777025,19.298951898671557,7.184841461315606,5.580688609715195,60.15983370141783,59.969223068240986,63.03739746758667,68.36023421329438,71.64925456993957,69.90615789600726,68.19175343459327,70.93755490161456,75.2329628843732,79.3850620280329,83.14049241655913,81.85525337776188,75.44179808076194,62.98707583950919,51.57092889267017,43.63716542304545,36.304970820134166,28.16732067521327,22.876326137531734,17.567057428552094,18.666338398237464,-0.9977068927101168,-0.06768276175455162
2021-09-28 21:00:00,-1.0,59.0,41.5,30.0,3.0,35.0,55.30818812306261,15.013156031593878,5.704840263250117,5.418366043640055,64.29624024705944,65.81659382787116,70.60807589310302,75.55973896927118,79.65403574746146,81.91080878213862,85.15876805063016,89.44730743533434,79.12271075311679,53.84586153423416,33.538159056480765,22.03815693428028,15.184043664296365,16.020215879156435,19.213206073521075,25.76093720012163,33.063489639130175,41.34684720357611,47.95699102428609,54.80776274435348,57.26118285913747,-0.9987235240803972,-0.050510617185222886
2021-09-29 21:00:00,0.0,57.0,45.5,17.0,4.0,36.0,57.184861040309485,15.608988817302434,7.341696031083315,5.250815682608287,64.23135556605854,65.55879487893273,70.79581888275861,76.34638232279052,80.71981865826164,85.825956325101,89.4763806948908,94.64161552356154,97.88864892091603,98.61190546991952,98.26607457829188,77.02512480005223,50.50092353716422,37.381350495720795,31.584037244928275,33.87306016731891,37.826103245171026,43.75726403314219,49.00216726396302,54.81832014101866,50.28325929698099,-0.9994446170919858,-0.033323525711631344
2021-10-01 21:00:00,-3.0,50.0,84.5,16.0,3.0,31.0,76.77977271296584,17.372840666239384,5.713642905956172,5.4521903218411145,85.76547908706907,89.63890763558715,95.37197328290034,99.39784039699387,100.0,100.0,100.0,99.6999517219933,99.77189014063836,99.42492549985054,99.21582572499783,98.62565394669952,99.25768656785999,99.02241921161648,88.73930011947448,72.68824016468731,66.48464613262804,61.710841200804936,58.53067391916491,53.994135343706105,54.483247774878194,-0.9999994220246925,0.001075151282798226
2021-10-02 21:00:00,-2.0,55.0,66.5,23.0,2.0,35.0,61.47944503128754,12.818514648162196,5.383068976264774,5.790720530167114,68.04292464151715,71.20825870313836,77.23851478505448,85.213649547805,94.67122444125245,99.77210226002482,99.76029738056872,80.54937800243084,59.08345890981246,44.29881579282602,39.74492936875674,33.86008382847595,27.795819605985585,22.560344531520535,18.862838326025695,16.155675917757108,14.346435029862617,12.413179688395719,11.246457991755179,9.794058702699395,10.229186205420971,-0.999832969770105,0.018276557681691223
2021-10-03 21:00:00,-1.0,55.0,41.0,22.0,4.0,36.0,63.88756454843504,16.453849610721182,5.363164665604872,5.937376911688204,74.48686110766913,78.60398942349848,84.62403686468053,83.59841645725284,84.3927629285215,92.95312816986339,98.85993651322215,95.44027906896012,80.55037219158667,65.35732210896347,55.29914060025387,49.77390539090029,47.145163420291304,50.280238028988514,56.17584884896123,65.18244168431185,71.99182092642631,78.4084496355265,80.57527075050473,80.431445768717,72.00979258684012,-0.9993706508539969,0.03547255575312556
2021-10-04 21:00:00,-1.0,57.0,5.5,14.0,2.0,35.0,57.184861040309485,9.85986647555773,3.418996622596852,6.303019330542758,68.79151433745527,72.24265935332387,79.07658050773928,70.68244770504305,45.14378629501656,29.140771686089945,19.681590820011227,16.1191035265285,15.531414971511461,17.093691452002577,20.3609053113836,23.214825859265613,25.37899314174758,26.24972201125865,24.848331575109942,21.686366242519036,18.044409029071538,13.273034331630576,10.09549408880072,6.385155868723688,7.1868282068116764,-0.9986126020839734,0.052658056924614005
2021-10-05 21:00:00,1.0,62.0,4.0,10.0,1.0,36.0,53.66277542833233,9.074666603455768,4.072658470000005,6.240609329985527,64.23858894428346,69.4525580685956,66.30986057498755,38.702262930824226,15.78330339774246,17.71745600386528,17.201994439148248,18.845823148960292,19.958020190562547,19.911750791817276,18.851335281934848,17.55605726348149,16.172099186425932,14.995973252606461,13.721764355905758,12.14823440282748,10.944137086698305,9.33963377893534,8.772051588273658,8.174398700842287,10.417001546978275,-0.9975590477788613,0.06982797572987089
2021-10-06 21:00:00,1.0,64.0,15.0,11.0,3.0,32.0,56.01890312789417,12.503132622752439,3.928560725273972,6.831299257296157,63.13648453050449,63.752333330072254,67.16271271674297,51.633374088281016,34.83098537539382,23.671154788772146,15.560854401418354,11.064787815719402,11.43328023565963,13.964272396989545,18.34723843333611,23.03920199160793,27.22845626905645,30.491635765706665,33.47800311054867,36.60220285567396,37.01121406479082,36.425391911703365,34.14488008975744,30.96721742922533,31.342520157732977,-0.9962102997023297,0.0869772313136861
2021-10-07 21:00:00,3.0,67.0,10.0,13.0,3.0,26.0,54.3838618372742,11.57984651339748,5.043701205929254,6.582374468864144,55.8612060185266,53.73765635196913,56.743140224895875,43.74478457272006,33.25996627009912,28.948962792285332,26.554245687680194,24.647489429111545,23.215711069726446,21.798216023326564,19.923325876118973,17.02484331260919,14.727894136708025,13.974989909610224,16.94350614352614,22.74058009581365,27.340575914251563,32.44539106780738,32.25819989000623,30.923781952842855,29.7088332830728,-0.9945667569706337,0.1041007489354256
2021-10-08 21:00:00,5.0,56.0,14.0,20.0,4.0,8.0,50.75435564809223,7.903912059733889,3.4826293512127875,5.202795781150355,48.03640140248892,52.17712146752614,57.70685685282496,56.98693232196326,46.57912944339956,39.41437554705877,31.353077116742455,9.058569548837463,4.623825307131197,2.770231214834436,2.7014877484591193,4.861172599593709,9.306829205600893,16.339133394816123,23.827434317613548,32.75707114801258,34.937659243512734,36.799434254601756,30.95481043166749,24.1871327429665,18.427587388593302,-0.9926289059345095,0.121193461470736
2021-10-09 21:00:00,5.0,56.0,8.0,13.0,2.0,18.0,48.79868354185697,9.130520744557085,3.1267890841078714,5.815302190455991,44.909204230369475,49.24378373083225,55.351695688439776,51.96283398280518,24.867393547940594,9.129358662953992,12.81055471293309,12.880345083377573,13.484540847822368,20.65581407259169,29.805537621205847,34.46064803627048,36.139399400334035,34.22808573666789,31.496010612904346,28.18118390155961,27.175029841207195,25.73648334128766,25.967915383974788,25.96543245574469,26.23589568526038,-0.9903973200352558,0.1382503109109819
2021-10-10 21:00:00,-1.0,57.0,79.5,14.0,5.0,21.0,64.13838211334647,11.821487962526017,3.3405497526948733,7.5170693587074044,66.49939074795911,69.38410183863733,75.0786998952265,62.30186008786913,35.58038188713562,27.723179146086384,24.975268284425812,21.612114217793312,19.536591062486533,18.817154356943078,19.14177588121959,20.15936522328147,20.859424822582394,20.95840879057718,20.66976416474629,20.04213127034268,25.938910495907987,34.397093966915826,49.528849561179136,68.64648413211472,74.11269430086828,-0.9878726596350429,0.15526624985999563
2021-10-11 21:00:00,0.0,66.0,18.0,9.0,2.0,25.0,62.89408489266924,25.969072700500003,5.0430207532556,5.175033099872104,80.0747971630201,85.07932454726708,91.31364957779867,90.90299364056995,88.14582413275703,86.722840315571,83.89059422667398,80.43696514224476,76.87986782714387,73.24792601455636,70.1553159772916,67.8728139561222,64.98116675181642,60.77837966886213,55.88150655154431,49.15873374520274,41.767963397054736,32.19259331267727,23.091543661054672,12.440366427156546,9.426736817927889,-0.9850556718215013,0.172236243027682
2021-10-12 21:00:00,1.0,70.0,49.5,9.0,2.0,29.0,65.71339318037325,34.26862906385258,5.654869711157579,6.351923226260241,70.11409550580926,73.48715600261325,80.61471189353367,81.57222093954205,83.44332420591205,88.31530607680787,92.20985521515806,91.9734362284433,86.85696791840898,81.32071961164365,79.21628325043231,81.3848320199265,84.17441468899888,85.74023094212559,83.59793459054295,78.62147875281109,72.30368768409402,64.22104919995235,62.1786047514332,60.64086195756266,67.51190020297078,-0.981947190186646,0.18915526872004093
2021-10-13 21:00:00,2.0,72.0,58.0,9.0,2.0,22.0,63.63694965420793,27.225917050445606,6.46659342675767,6.920591494995469,58.27473250324129,60.14608609356266,64.04832609815547,63.480667810327795,55.99440939531548,49.70454457870031,47.64897842910747,49.84603899948274,53.819144487112844,58.8593531718095,63.78258058251951,69.35211439924545,75.68892095576383,83.66528398839705,89.87420014496011,93.34650097788703,90.76234721806904,83.72355119008233,76.18798830497278,66.79589014505567,68.46422369122544,-0.9785481345802031,0.20601832032517084
2021-10-14 21:00:00,-1.0,65.0,60.0,17.0,4.0,2.0,70.05344094799,22.111473357866462,4.502588790062553,6.276001536075543,86.96374807212224,89.05208910454293,93.91157328271173,98.60949926331575,99.84607195465406,100.0,100.0,96.40937146267578,83.64659425626712,63.06557167603722,53.18665831093855,40.60380242952777,27.801273911062236,17.419652148006872,10.393034220101383,6.414931215064823,4.766789283276322,4.199943027810791,4.546589771073544,5.338482703382409,6.7971537926298,-0.9748595108374125,0.22282040779479959
2021-10-15 21:00:00,0.0,61.0,84.5,12.0,3.0,18.0,72.23929984287824,27.156369586020272,4.77882031273606,5.2727762036593395,71.6899870010429,75.65239934499209,82.2906045038455,89.95839142429907,97.76682191950728,100.0,99.43570766410805,93.70323088959726,92.6284587224729,95.37489353923341,96.9740358535487,93.98574887059003,89.3382677075899,81.68764548565103,72.28138246010495,59.46364925034783,49.66398356178175,39.18220177131443,34.914338730246136,31.89762368816619,24.306035299210794,-0.9708824104813836,0.23955655912092708
2021-10-16 21:00:00,-1.0,60.0,92.5,12.0,11.0,15.0,86.62496320741322,36.89879677445426,3.743260406893859,5.907843147701308,96.7383526930919,98.48300357422261,100.0,100.0,100.0,99.78942541367172,100.0,99.62266615909678,98.60857374849917,94.35711918859508,92.57023634792566,91.50421058357816,90.56443491001235,90.32826642255927,88.20959116108112,84.72787510005885,82.27453002180854,80.78818643252004,75.1218312281096,65.99546470310626,60.46825194050596,-0.9666180104000972,0.2562218218071163
2021-10-17 21:00:00,-2.0,57.0,74.5,15.0,7.0,31.0,74.56649984076252,18.230967962508398,6.230207004077556,4.715491744673883,86.37207224596295,86.67278948941647,90.94211448958417,93.72654758124574,87.50769999679342,86.61558748590804,93.68271619607948,97.53291405730563,93.2056128629484,91.84899881221969,94.22097705163654,91.28667579062453,78.28148052092878,48.56950872186104,22.470505007723084,11.84507654898969,5.978187272091622,6.014601623939267,6.323655030784497,6.700773033858683,4.9360632627131285,-0.9620675724981452,0.27281126433401914
2021-10-18 21:00:00,-3.0,52.0,76.5,20.0,7.0,30.0,66.01728897395766,15.779115993510208,6.976211181389006,6.353812805496134,76.83130548534672,76.96144212830983,81.36204372768553,90.36849812607078,97.26143008825483,99.53080884501459,99.93178467506851,100.0,99.07637200485354,96.11590233173199,92.10279742683132,90.18818113158181,91.15424163964349,87.24930259092118,81.08626420184567,72.14806798766385,65.87709315579187,61.313785763695904,60.91489287432833,62.393659040072905,63.350551359803376,-0.957232443323312,0.28931997761869527
2021-10-19 21:00:00,-1.0,48.0,89.0,24.0,8.0,28.0,65.52729189453571,13.945805669978096,6.602877131220361,6.83471471697377,74.65289555080642,74.54520479218584,77.2227005667927,84.56574728318441,93.50972026546842,98.35985329550321,99.45959877757872,99.7554294049352,99.99522394695757,99.42187996325914,99.29682567366245,96.67397028965952,91.16412142134537,86.08443142741041,81.51363667667813,79.56857470128136,77.72061083062451,74.2061750368614,72.55689134772662,70.60164745193566,69.74210624474259,-0.9521140536681102,0.3057430764672831
2021-10-20 21:00:00,-2.0,51.0,73.5,16.0,3.0,31.0,65.89567123190949,14.875725505222478,4.840539647744421,5.3978067581943385,78.00500963871801,78.68902640634741,84.90786161336145,90.86821826731767,92.94109145173921,98.47612650957805,99.47805981733089,83.27140581815343,69.05004547512792,58.78621846889863,50.20800368345733,46.4942553797144,45.8533433070068,51.1390949944635,58.10340000193016,66.50204865367645,69.69937192196657,69.84916687070907,63.02609205640478,50.51464435197879,41.51743272349261,-0.9467139181463862,0.3220757010206104
2021-10-21 21:00:00,-3.0,56.0,83.0,6.0,3.0,15.0,74.47077718456157,25.00787507975128,6.0336513509175544,5.315949121014759,79.52721653965872,80.42049028347854,86.92142001254199,92.48856568067293,89.16100592518578,89.43591751377843,96.56925024260676,99.59061123085051,100.0,98.0250240713004,90.40418507663321,87.46548270043616,86.68785210472906,93.37209367860684,98.29273612941813,99.53546457174573,98.91098998085536,96.93156594448543,94.79158040627976,91.75565193421193,89.57996624403657,-0.9410336347451197,0.3383130181923076
2021-10-22 21:00:00,0.0,60.0,58.0,13.0,5.0,23.0,80.54849897554632,23.590054786250473,6.022797374343656,6.063758679615464,83.8650596289778,84.09887271694593,86.8156810318803,88.57436309001699,87.59771259980175,84.11365289283003,83.99895546312254,86.23663795477462,88.79046871083077,89.51353146491333,85.4001294661376,80.04886306220894,73.26832012168447,62.584077485623816,49.519225941074865,33.52879553073745,21.605153833092256,11.902518543846643,9.914927840918644,11.891463941545695,14.849720034869692,-0.9350748843515574,0.3544502230989869
2021-10-23 21:00:00,-1.0,51.0,81.5,13.0,3.0,34.0,63.378905343243986,15.94975783531698,5.080767895187854,5.783016119763517,77.24117790363016,78.97861317879871,86.61744483699681,95.15995466237136,93.7359355514352,79.57705935039425,76.0220332140685,71.539096838062,76.35046724492898,87.05612286822988,81.82852666347019,70.31452369507645,56.912867063395765,49.44898211968112,46.75103249281531,48.990682880987265,53.0101453481413,58.802223762947804,63.10487987747495,66.70210075122816,76.96158106555654,-0.9288394302558068,0.3704825404820963
2021-10-24 21:00:00,2.8999999999999986,47.0,36.0,21.0,11.0,29.0,49.361977681747135,9.84974884860547,5.589234649758232,6.81855088983771,61.6120055385008,60.985805662267076,64.9383239478716,71.63381231256234,78.5784342468762,71.39662386806894,57.99638406107569,50.935787647805675,48.285944068269075,47.73270289269323,48.432061694934085,49.79234344558,51.57886866379028,55.2389620303544,58.57433022715225,61.07818205879314,60.42872432739673,57.27469415779072,56.45500910795026,54.01549815254817,53.457571677271055,-0.9223291176290545,0.3864052261209853
2021-10-25 21:00:00,1.0,48.0,91.5,10.0,1.0,30.0,62.991173163220225,15.469428651464264,4.562665215954501,3.9953583051643404,71.9748676873951,76.455444044789,84.88472194471086,89.80192743719745,76.41530976355459,57.76001944685122,42.81483090635591,32.00596743451424,32.58584922337696,44.68903748237228,67.54885972320373,79.9208523367321,87.91700837309993,89.85699996703244,91.23482639272447,92.61357171751028,94.31812946189345,95.26333064980348,95.93541183095955,96.47131394737426,95.73775989003083,-0.9155458729775467,0.40221356823680365
2021-10-26 21:00:00,3.0,52.0,68.0,18.0,10.0,6.0,63.50695541148772,17.248332868218952,2.92356972055486,6.3365206417498845,78.58613677117583,81.66966048283977,89.94584876724075,85.31049629534164,59.37616120357346,43.04642172867616,49.21449788260216,62.30989904397439,71.96919804092747,72.65094474981674,56.94603339319704,46.983631331736724,39.8907448434577,40.92708795663126,46.88659336986456,57.987833336568976,67.32822243995956,76.88394939364622,84.32059489607472,91.50893892791977,85.12817947868612,-0.9084917035725082,0.41790288888678667
2021-10-27 21:00:00,1.0,48.0,70.5,27.0,13.0,3.0,65.52729189453571,10.38969474583816,2.8671109092310054,5.263037186297204,80.32014256892859,85.0997808352435,94.4492966319952,99.57082510208545,99.79502578737981,99.14040233422567,85.07204643522293,56.03082850146938,37.686763207180576,28.15291433281984,25.841814479053742,22.7722339879019,18.56487621957938,13.143577465163316,9.445421444859837,7.436309854368103,6.381524725004524,5.632849270984675,4.348896874382069,2.6401402564233103,2.151820103757517,-0.9011686968561569,0.4334685453485363
2021-10-28 21:00:00,0.0,48.0,78.0,16.0,8.0,3.0,60.542358687731365,8.402618015423219,3.1393180632917503,6.217901388460457,69.63365713562614,74.37856594321217,82.8504365504851,92.53029629156116,93.46559086808209,66.98900313936737,40.73749982647541,23.41693407855913,15.2366455554372,11.844348148290242,12.080883826742701,13.773911185340337,15.825830345461247,18.352896095326734,19.635370699961527,20.04858454752315,17.947919704154618,14.40784821676264,11.517777394745089,7.67949568921473,6.804305917990405,-0.8935790198239952,0.4489059314938798
2021-10-29 21:00:00,3.0,49.0,36.5,11.0,4.0,6.0,60.678029059155826,8.270485093137317,2.051775389133005,6.351794886837587,78.84065571996595,85.05568751653196,95.85064883867682,100.0,92.46555473220214,44.63425027807458,19.116349319311304,10.745780098441443,10.42086440168092,12.390804268797163,13.91994310988868,13.112819247242532,12.2136109385395,11.694158797694751,11.181118354200922,10.726541447628648,10.671065550683506,10.775910084295125,11.242632292085249,11.785828398059873,13.171734245134795,-0.8857249183835637,0.4642104791518923
2021-10-30 21:00:00,2.0,50.0,66.5,8.0,4.0,10.0,68.38532145801607,20.250496813457563,2.499080614442134,5.2388135795119135,83.270620846308,88.10852723872638,91.78850671021023,84.5105053009097,74.31083476665347,73.86067711039593,72.56305983364906,67.52970442738834,63.276120472098455,64.16537927952722,73.75399609676727,82.51277899869685,86.53378858928508,75.03220754830929,62.221927733461555,47.99740878679174,47.493345120077755,51.973175957183095,48.866525546928855,41.781945437185804,40.860081321701614,-0.8776087166898392,0.4793776594606945
2021-10-31 21:00:00,0.0,57.0,87.5,17.0,11.0,16.0,86.46251884573384,22.643436715382244,5.113446907156701,6.636448296299776,86.22516229992232,86.36577818116791,90.94407613132248,96.21974243332775,98.07125722562628,98.79174299333444,97.7049990853484,90.15335576515596,77.16067407869659,68.70166412567191,57.39953122391965,45.17684818805831,32.55099459983985,24.939173061394445,20.014201836820746,26.44695251014187,36.79241416347588,52.60485724755176,59.99826191852837,58.68802257752932,62.50102122814688,-0.8692328164574792,0.49440298420761813
2021-11-01 21:00:00,6.0,47.0,19.5,28.0,12.0,26.0,53.5437614305185,6.3370236208188455,6.1501316682046205,3.863923465453531,60.87697291999756,60.76761713517927,63.75984302561154,69.34274274609623,76.44313790657243,85.50296293847754,85.70653835052485,62.60228082970002,34.18397462637077,11.196084703592877,4.995297331402144,4.994034851891638,7.734428443200995,7.963698369289805,7.344172512399245,5.485879407968655,3.9050483354378356,2.1749904372364024,1.0499184780762951,0.6683102014065473,0.6752954202619553,-0.8605996962501181,0.5092820071573356
2021-11-02 21:00:00,2.1000000000000014,47.0,33.0,22.0,4.0,23.0,53.5437614305185,8.149501685409435,8.150779313607877,2.947951955573929,49.615936664732935,51.10035439868595,55.535167378578365,58.67909266243827,60.519469519567494,64.04183320129741,68.24994181481954,72.69171778047475,75.38025348154997,76.39319217143536,74.73217796668266,73.59837121996716,72.68348627344088,74.30611219496943,61.36875376371778,38.76524254630498,20.875129870087978,4.6102633209883335,0.46144577574038237,0.07037344944465772,0.4394240339892992,-0.8517119107469189,0.5240103253675756
2021-11-03 21:00:00,-1.8999999999999986,42.0,47.5,21.0,4.0,30.0,59.71548400489216,7.480535006988829,7.893371006306478,7.053930538418682,60.77224026135579,62.48171487468511,67.7532030377668,73.0307688087196,77.75111986725814,84.34731154690326,93.18718532372642,95.45656852541137,72.93648099725765,50.40291734882023,37.3655394930537,42.593648891605405,49.07236830636236,54.69596439080014,56.28996059237621,54.15280696089165,51.284595860067675,46.381793363475175,41.227641011406696,33.25529337829158,35.220429433531756,-0.8425720899866032,0.5385835804920232
2021-11-04 21:00:00,-2.1000000000000014,40.0,61.0,25.0,2.0,26.0,52.47526234221016,6.4197732442548086,6.5083908207406695,5.163892110058839,53.254579625231266,58.48421833933505,65.29946773265803,72.30039570099484,77.23315772659252,78.95987879075169,82.1028381200083,91.176485731851,97.08717429608333,91.466173852757,76.92399835660537,50.747376479988425,35.61131170026376,30.047865131003398,30.878036840837574,33.68845193667783,33.045985929627406,31.51634127436399,27.512045782320115,22.608219632891018,23.729016617444323,-0.8331829385891785,0.5529974600700271
2021-11-05 21:00:00,2.0,38.0,11.5,10.0,4.0,30.0,47.923977159391356,5.568443762151795,5.6569940864167405,4.998612981819337,56.283729884073495,57.86108893879172,63.638854413884246,71.40239453785779,79.85360669628673,80.45769322860714,67.64879968202655,64.65416644679793,57.74912076333039,47.20830015901631,34.46069833349613,27.662690449146314,25.23551210264845,28.325243147261986,29.620987535136077,30.08994775689416,22.66829828622459,12.666725613144136,7.78726543839823,1.472694341191468,3.246780950495285,-0.8235472349556007,0.5672476988027229
2021-11-06 21:00:00,1.1000000000000014,44.0,3.5,7.0,5.0,23.0,57.60857456030561,7.819886817359666,4.276487434984924,6.774349374892225,57.29679385737444,59.44783461221467,62.745145431870455,65.67745491636687,62.42590780492006,51.19792619622348,39.59854734715223,30.378250451776413,25.318834552731516,23.158262491819514,22.729927550545504,22.488592307055118,21.991907751582065,21.32851663248791,22.991958149132923,26.155080216835124,31.36874627680706,37.78887008602218,39.51357518983367,40.23428233701645,40.38170990341875,-0.8136678304455991,0.5813300798152042
2021-11-07 21:00:00,2.0,46.0,8.5,6.0,3.0,21.0,51.26074331474755,5.680113504467209,4.784968642301362,6.210230040646227,39.76720918899145,40.46443464122153,44.81986686260323,45.254488387320436,35.97341239185508,26.309489271090758,21.198475169786228,19.54943967106847,18.56645603972883,17.840096811553455,17.562879908584485,17.459943722654614,17.30701290360087,17.088376698101936,16.079733055426296,14.423557632282105,14.345981119870846,14.66264455812974,19.683116929004065,26.610955807713182,28.250485845595545,-0.8035476485339116,0.5952404359043674
2021-11-08 21:00:00,1.0,49.0,6.0,7.0,1.0,29.0,65.65067581632282,10.48371557468339,4.66872071256156,6.802503381808332,62.25360360629174,65.56785890574916,73.12232342733222,80.93548416681797,81.51786732987183,71.149206737624,55.81633472612965,39.49098937007873,24.943345305341495,13.852659524856772,7.866512711903802,10.870336398821534,15.266334177190044,19.849119103737557,22.800960292300182,24.572913258760188,25.575544922526344,26.627088599502525,26.23656700202907,24.93255176877672,24.61202208325724,-0.7931896839451843,0.6089746507720486
2021-11-09 21:00:00,1.0,51.0,65.0,6.0,4.0,29.0,68.50042710539016,11.507722301761328,4.794773079958057,6.794539302732103,81.8008150073561,76.49682589787453,69.72058005606132,68.91720634908533,74.90376574368452,83.02742248849356,67.50622297904967,26.317262890955668,5.560684020340915,0.038008081620065276,0.829717879830912,2.6209913473272675,6.6312671088757424,17.07038228805792,32.14545791308102,53.217962526174034,70.44205729566319,89.2120583696657,88.13641342041149,78.4976318722277,51.4219073794776,-0.7825970017677834,0.6225286602431057
2021-11-10 21:00:00,4.0,44.0,57.5,13.0,4.0,31.0,67.68252075054913,9.502397589437559,7.928348726246814,6.455534069515158,56.69744325364241,57.94564649226719,63.74793423951009,68.97546434239767,73.38343839164581,77.57353310126658,79.57862611132512,79.48568558513257,79.26589321241939,79.89020338472669,83.76841612624824,89.47202261559688,91.06716246782432,67.34437316500244,42.570973389556336,19.246242452301964,9.837207823803555,7.123657042060478,7.353628042949226,8.417308495791175,8.504955995015164,-0.7717727365467837,0.6358984534680745
2021-11-11 21:00:00,0.8999999999999986,40.0,17.0,10.0,2.0,35.0,59.43489778080264,5.724599713295637,5.673643935614532,3.4586357422607126,55.56301859464987,61.38754879060997,68.80489581940529,75.97705378267229,77.56049317372566,65.51204438542327,48.05150389082279,35.668133674462915,28.50376123972998,22.018136332214354,15.652728988246157,9.74029701299883,5.202214607229435,2.103991007850047,4.310862675527383,7.651502505358172,16.468490794291814,26.264297237241347,33.22601145877864,40.76203228517834,42.030861204893014,-0.7607200913564104,0.6490800741100398
2021-11-12 21:00:00,-1.0,44.0,79.5,18.0,13.0,13.0,67.68252075054913,20.199386549159883,3.3340030825373668,4.622449393398469,71.500832396864,76.93054206334244,85.21144878676817,88.71531370865297,86.76931658006785,89.31160632655481,96.61393937791817,96.30976067171841,99.16023635404785,99.978670898202,99.8870046338917,99.52221385998487,99.88433699071706,100.0,100.0,98.02778944722651,93.92804563799216,88.26856149891651,86.0268051467511,83.39123543839386,83.64450265221929,-0.7494423368521953,0.6620696215153815
2021-11-13 21:00:00,-1.0,47.0,40.5,6.0,2.0,9.0,68.03654806097737,9.868685352189644,5.687093917462762,6.992437084344888,74.34450784560843,74.0214998360653,72.41058444026002,45.78911790239456,26.87180750110899,23.492098964900553,23.950922532743654,25.20499076943207,27.685418528315214,30.662446355211852,40.318328181669955,49.588516288233855,58.00845753901005,62.83466169720351,65.17514577332568,61.886410724930855,58.873634724930724,55.78512078379677,61.27375548127755,73.95148301487964,73.30758600891009,-0.7379428103031386,0.6748632518680403
2021-11-14 21:00:00,0.0,42.0,43.5,12.0,4.0,26.0,62.199324616273074,8.607938695510985,5.017191571289908,5.135097380295563,71.04879820255904,69.32798204543448,70.62790556028025,78.23349623888477,86.21197694578296,93.5587338007213,98.50665263484483,86.68507294194575,68.56857601270356,51.80481064554483,34.0609839846175,19.409611186479736,9.7787285404514,9.960450170374244,13.670099882483614,22.988130694964063,32.03555964546391,41.70944694361139,40.82919384216886,33.608019274447685,21.48623660653547,-0.7262249146041543,0.6874571793269664
2021-11-15 21:00:00,1.0,38.0,91.0,12.0,7.0,29.0,85.36368920128999,10.405399054401787,5.419866052704602,7.487143113696515,91.92293769964283,91.87358379445605,98.61161773955249,99.13047375950089,98.92686678856799,98.2175175466225,94.62344251314516,90.89427184070253,94.21020549247991,91.32309601924354,75.9898992785811,60.71543034076038,50.61616420046491,43.4207575905741,35.030719196718586,26.430813402140384,18.601901803332737,12.963876778841033,10.009075822635568,10.062920893238031,11.888787029704433,-0.7142921172691032,0.699847677146407
2022-03-01 21:00:00,10.0,22.0,80.5,22.0,6.0,17.0,45.25292369035507,5.088013500071646,4.2215194594196035,5.636379963516106,66.92300058696475,71.55402635876949,78.62370993926208,84.02395162987047,62.52248582434241,46.76992332884159,60.61289995096363,75.50601239189814,82.45873551094789,86.0098622997817,87.31898333165404,86.00752059615901,84.60811283537946,84.05052854941181,83.25216367908328,82.56351249945993,81.82975958612444,80.87820133866515,80.03379643816308,76.9409296494191,75.90223139369668,0.8584015232918917,0.512978386299228
2022-03-02 21:00:00,2.0,27.0,78.0,34.0,7.0,29.0,52.69774145438756,4.156356557522152,5.573812255909125,6.270088632308768,57.63515139456473,57.976157767787775,62.75564752572378,70.41468393323015,79.78033443805602,90.82582669193567,98.23890888172448,75.66399796863315,40.9215172331244,15.135061288320623,12.659531262513573,16.263385633348694,23.69846815769217,34.068625421941675,44.500505373860584,54.592481518600714,61.97664671366919,68.52998074281238,71.23925854011775,70.8077623339695,69.54918782197986,0.8670985522812081,0.4981366284784055
2022-03-03 21:00:00,2.0,18.0,87.0,37.0,10.0,32.0,51.24118377381559,2.9423044187046288,7.453156317150455,5.836711633424173,71.11553868975106,73.53236632316526,80.75304621015827,85.61525087727655,85.4647601253701,84.8972352730521,83.2536478117689,82.52936879831408,83.51576300294501,84.37535446823519,80.538070422144,62.84670526140918,41.41849336796539,27.325142778781082,19.955682308478753,19.381866499448076,20.596082135223316,23.409759258140017,24.274886913607403,23.659647082112997,11.543631036992874,0.8755389928586302,0.4831474640149687
2022-03-04 21:00:00,4.0,19.0,70.5,34.0,9.0,25.0,46.86744348491244,2.9615401405757233,5.522781001705577,5.470570041041381,67.3761997633285,70.99611687200532,79.20323892557988,87.37830614452133,97.19201839068184,99.4355503529184,99.43070143946218,98.00969799521572,72.08847963839338,48.361345981355,29.121451004982163,23.41356591352202,21.213466581046628,23.248081999254598,28.31644180140877,35.70273682158308,41.67748651313366,48.67935697010843,46.64210756798946,41.24455842688294,27.208682647489063,0.8837203473619977,0.4680153284438345
2022-03-05 21:00:00,8.9,28.0,27.0,28.0,6.0,27.0,42.299132042159464,2.4531219926870844,3.1963005075146134,6.523123216267848,56.02549584973047,58.376047966667855,64.17718661708913,67.31935038611587,59.8736364377778,39.719091802952924,19.372390438033932,11.505955852410944,10.56148019523734,10.09744612754946,9.652114803213538,9.370559930762205,9.166791226444223,9.116050282990166,9.060179025096787,9.014040825361356,8.617502021072532,7.7132713846819385,6.835211432085813,4.460336232263448,5.378248047643514,0.8916401947968874,0.45274469960737107
2022-03-06 21:00:00,0.0,38.0,92.5,9.0,6.0,18.0,82.01542558809471,15.314680347518635,1.9161251167246223,8.071941781649477,99.83134552328195,99.60778050586404,100.0,100.0,98.57767288160939,97.28911739798433,99.15011722328157,97.40437333099851,88.67827066748782,68.33737670459008,49.165427002266014,34.54444448540473,23.875956842865634,20.11706094164599,16.919821674521966,16.09942949018557,15.964507617430854,16.72005736278818,18.124960626806562,20.530223694297213,22.035293939171897,0.8992961915530253,0.4373400963303323
2022-03-07 21:00:00,-2.0,37.0,92.0,9.0,2.0,19.0,75.5699252652478,17.528738784664412,2.8646531630703485,4.46324541210353,100.0,99.74490960533969,98.61746221463217,97.5672423831119,99.34019848135841,98.69199607736394,96.95263725840223,95.02151828982836,94.96395133436387,96.1413903753955,97.34142377608292,98.58627309673211,97.94906475640032,99.0802961475025,99.23870405323028,99.69647237977827,99.13689360510189,97.58684921342174,97.63014438861552,97.2817366685128,93.190834570833,0.9066860720977985,0.4218060770826634
2022-03-08 21:00:00,-2.0,28.0,66.5,36.0,14.0,30.0,46.27188587636652,3.5004394656427893,5.072995981836727,4.792819285455613,56.932114675864135,57.70735133311648,62.13362782902229,69.17771748433886,77.21272734892511,84.17220374681025,92.81690965483727,97.65250670580339,81.20732701458314,49.04176109559331,28.063110749747818,17.675983254097602,11.833290970264239,9.648995451353102,8.327458591610435,8.385577277018406,9.61769784728898,11.688524603458866,13.858214163745341,16.473329352191975,16.756208128993066,0.9138076496466615,0.40614723863057883
2022-03-09 21:00:00,4.0,32.0,80.0,26.0,5.0,19.0,51.217772617405764,5.367564346825451,4.2582781889078145,4.76351591442888,76.0855553914113,79.78359386182069,83.90589211215772,86.29740096163145,90.30307478777708,98.49973147051064,98.09888964772804,68.27330870910964,43.32350334334381,26.39359371942539,15.212230806098765,13.109220519579914,11.916747188444113,9.546105871722409,7.748065990160245,6.3096892481755535,12.646314944092216,23.180894799974585,44.34833831161231,73.61454341063491,76.85365050773456,0.9206588168102428,0.3903682146763026
2022-03-10 21:00:00,6.0,39.0,57.0,33.0,7.0,26.0,46.08551326593842,5.756590085281875,6.276350893042578,5.749494828147456,56.53515614525995,54.34900971351081,57.53211797620593,62.82241264550573,69.4788543836724,78.06283706562797,81.67269134743414,65.03549740268087,43.999976962720226,27.710020977737265,24.19794276348174,27.588422763876448,32.53495523093737,36.73422080030429,39.16654110765996,39.98706928061925,38.17777604591,34.628690295965455,30.579077850155166,24.433240133603988,27.431185165318816,0.9272375462179537,0.374473674486883
2022-03-11 21:00:00,7.9,39.0,77.0,21.0,3.0,19.0,52.32021187855719,8.29876292378918,6.8191710460094,4.95157406853316,62.013779551918965,60.837369481929485,66.74103579767237,73.18506556250493,73.82603011244174,72.02601512171732,74.85684783109009,81.35362281658043,84.8234622157071,84.24438887410524,80.3954077556116,77.06816557825819,74.10651048015039,73.84156021036758,73.84384055305408,73.76151927878894,72.6033751265592,70.93333953244083,69.41752556165619,67.40517522812677,71.75391029659386,0.9335418911179212,0.35846832151248087
2022-03-12 21:00:00,0.10000000000000142,36.0,91.5,10.0,8.0,34.0,81.86704769689226,20.473439140299927,1.5390346806502329,4.926406837966777,98.2044280004098,98.62626530258218,98.07042792793149,98.41238820782475,97.83502175101256,97.19193893191958,98.16263514679596,99.75747130407608,98.63086758612312,98.04229440267243,97.97936060602133,99.40631618038816,99.22295497037527,99.0453067640369,98.97405483433448,98.76893333150163,98.826595145189,97.60248233735554,96.37802103954165,94.74939466457346,95.07135417495851,0.9395699859530622,0.342356891994542
2022-03-13 21:00:00,-4.0,22.0,55.0,41.0,12.0,27.0,43.214156286744775,3.062944313245082,6.328813391986437,5.84119882889015,57.71102765330368,58.668938391184625,63.82006365888226,70.88509044337574,79.5510709795474,90.24128062359755,98.07698040941652,99.05999778534857,91.58538194178793,69.70745630887724,37.342418358159186,22.528525211315053,15.797068644535935,18.84416450067535,23.821947629053632,32.08611113128086,41.265152867277415,51.530011055064506,57.84986010558678,62.06509339069504,55.96433278302606,0.945320046913132,0.3261441535642696
2022-03-14 21:00:00,-0.8999999999999986,35.0,78.0,35.0,9.0,23.0,51.69392391806183,5.649886193279494,5.05855078562884,5.668556957048452,70.46611598289928,73.41486227052015,78.88618950822132,83.4983464203393,87.83424115135146,94.02888919325144,99.23090619928783,99.08016171406322,94.32856706861344,69.97316871082641,33.55138107280332,17.442983485901692,8.542138900599463,9.290314559450701,12.071329159155072,16.158726925973426,19.11456625992311,22.071132038613232,25.04344009141648,28.615352796641265,33.26272364784813,0.9507903724625832,0.3098349038318025
2022-03-15 21:00:00,3.0,34.0,67.5,24.0,4.0,34.0,49.361915269639454,5.012846520483818,5.301597997673797,6.378430464673384,64.10685847521826,64.29059038500773,69.01167695264905,75.49416408739276,81.61537717209917,84.97128966007085,85.07772283913447,54.1446277212992,27.06672496400045,15.529641542534344,16.729379030268426,23.18762163412288,28.618312724788176,32.30041757625226,34.0637652141993,34.12073978017272,35.82675113076167,37.95122516648898,44.26015068517019,52.381639755947,62.674240227494195,0.9559793438440766,0.2934339689665273
2022-03-16 21:00:00,1.0,42.0,74.5,16.0,8.0,23.0,57.320053115540524,8.838895423596155,5.778297446235336,6.293989401841322,80.23516660210316,81.58676258647425,85.70210522857971,86.56908394766481,89.6406307955561,95.56075975426478,99.23053802012143,99.29524258139426,91.04400889111137,73.27072920695963,47.11193918339229,33.09822966960898,21.978726461119134,17.348088087600555,14.896948597730805,13.635797375125819,13.073447463806884,12.605044777589313,11.287957684294362,9.26328066240143,9.795151780517871,0.9608854255574977,0.27694620226893646
2022-03-17 21:00:00,0.0,48.0,70.0,11.0,10.0,20.0,68.1533852162,16.633067332496108,5.117210025659334,5.667960422988912,87.41377363255235,89.32951164523124,92.90302970602427,78.4262814474958,58.81393231844959,54.74582751453606,58.57990145205062,65.43973220487564,73.22227876563257,80.48115519444366,85.25279036113922,83.47033054890288,77.44139808906142,66.93703345238784,59.032818300465436,53.926878488689354,56.63790990018887,63.21627674177886,71.39985385075249,80.54117631446353,79.7084548933941,0.9655071658143364,0.2603764827344581
2022-03-18 21:00:00,0.0,45.0,70.5,14.0,7.0,35.0,62.598006236873324,13.864681425661116,5.303034040755958,4.7469210474106465,78.11879465917202,78.17080656647497,85.02765565062053,94.1691851010459,95.8538273680858,86.86421267906486,87.90655336682413,94.25848451340075,93.51119637407973,87.84573593412156,82.33647651319987,72.50201349112639,60.93983016131034,53.35776674286495,54.060323348054105,64.07447364336622,70.92107266710431,77.65345047829112,69.58769145868548,57.52564638496784,38.36921579636146,0.969843196967294,0.24372971360968387
2022-03-19 21:00:00,0.0,35.0,89.5,14.0,11.0,11.0,75.3759486435965,16.69732251952155,1.9262631541613566,6.477580692935682,94.19769779782027,98.17966924939054,100.0,100.0,100.0,100.0,100.0,100.0,99.68583793468258,99.029123243442,98.21405903903921,99.02949292544947,99.18586776910077,92.44471694637075,80.42264943044079,62.76963903263494,51.39817612497658,38.489167721650404,33.97557095380159,29.35032050672652,31.6091569795982,0.9738922359149924,0.22701082094141847
2022-03-20 21:00:00,-2.0,43.0,84.5,7.0,3.0,26.0,73.17915644130431,16.910383120543624,3.795921366903077,6.299858631784545,93.72610944818267,93.88005640098179,98.77478948379375,98.52760059572611,100.0,99.66056077145315,99.429237865508,98.45437057686739,96.87234659852261,95.60342936957204,93.01376427604795,88.08955919464337,81.36936570580858,75.25370829998404,69.14389342403298,65.02683876165204,62.04222169464043,60.04387617764382,56.843082562245364,52.2015736409077,46.786336676168844,0.9776530844816641,0.2102247521189836
2022-03-21 21:00:00,-3.1000000000000014,36.0,78.0,38.0,12.0,30.0,54.1022197568872,6.856526583283315,7.773490742128626,6.71086519939332,72.82146663829047,72.70137120985467,73.09692584727236,77.94557326123105,85.24636680889971,90.88985335114687,92.14157764340824,90.31095064633331,88.84768747097947,90.16541962734735,92.95149379080631,88.92698266530071,79.18299958232313,65.09375054814755,53.08993513123195,44.72405481435251,39.16456208033269,35.081758387592934,31.465771804518017,26.948432442183286,21.793322305038807,0.981124629771712,0.19337647441020586
2022-03-22 21:00:00,1.0999999999999996,31.0,69.5,32.0,13.0,31.0,48.873867817148565,7.0502027938828435,5.138071063599017,4.168427329662767,69.37993572077316,70.97637091040187,77.37524776582624,85.18514720059652,91.17404772052853,95.24599005417627,98.49273186290046,99.21588399784666,98.71309560610821,96.21544738895516,84.66073532563082,75.18799157839327,68.24215239275203,67.70360035153426,68.42035847883177,70.00632347501012,68.80266796315253,65.82890529666588,60.088461040742104,50.7278031332691,40.495173350502384,0.984305844499033,0.17647097349152166
2022-03-23 21:00:00,1.1000000000000014,37.0,55.0,24.0,7.0,35.0,52.00828837403648,5.570758020772436,5.320713502378204,2.5606523059081487,68.56738702600677,71.30752175521081,77.44774398157432,85.83654096037931,93.89826191953485,94.59666450179493,73.13157273678932,40.295265276878645,30.439820368288657,25.102641247935026,23.15719688562325,25.41419322196291,27.746404748079012,29.727228961552555,28.19644759029629,25.177052938866428,16.233125427202925,5.9998411797642595,1.91895588960233,0.07461769114700055,0.20789817754682005,0.9871957872910085,0.15951325197263655
2022-03-24 21:00:00,-2.8999999999999986,35.0,89.5,14.0,7.0,14.0,69.41043946889627,14.340757165831256,1.6624791917685786,5.561729265101182,93.78856518407514,97.7009795746029,98.7062028600613,96.3240979174119,94.14601534056833,93.35391990254983,96.0583433058407,100.0,100.0,100.0,99.70430108653522,99.42432470271928,99.2428412712775,97.99314572800596,94.77147228517906,87.78896457742815,69.24759805863889,45.736465510434265,35.63603422597721,24.67751537850967,26.925360492591565,0.9897936029670716,0.14250832791617088
2022-03-25 21:00:00,-3.0,37.0,88.0,12.0,3.0,30.0,78.69852741871944,11.201061147666929,3.387971433079928,3.331698390357527,97.17259446594161,96.64710802625966,97.3159568162031,99.39294346673745,99.85482205566437,99.55560724630304,94.8873964755967,89.3793146330513,85.84428967338845,83.0402402167303,80.29207711055223,77.03782280462165,71.08379143355326,49.15528657872881,23.695433885669146,14.573064673842136,9.59433129190272,11.606495679796197,11.154255443117094,7.802341777435416,4.973804205909487,0.992098522791769,0.12546123335273648
2022-03-26 21:00:00,0.0,42.0,67.5,11.0,2.0,25.0,67.4435392579797,10.589316030737201,5.4750641937868085,5.452585703072006,87.35491227988386,86.81318061872176,87.91095733329259,85.34492001248455,81.36798629646965,86.12128855993757,86.97416449351472,81.62331449031478,82.58623408371759,83.62242696664353,77.00289206614406,67.01960980713855,55.238259877859484,44.63572821110568,34.59156186095923,26.373999646209178,25.778877283641837,41.82387061448215,56.73925006029544,70.0388160224164,52.5728644302979,0.9941098647022418,0.10837701279187609
2022-03-27 21:00:00,1.0,42.0,73.0,14.0,5.0,25.0,64.77438262057736,10.258395551964103,7.580337901089789,6.284574694471103,81.18795963460077,81.04104437245442,83.58627510014638,87.06267174863774,88.2070908665847,88.21499176916433,84.7769839413735,79.04193803728606,73.45548135363201,70.47615204351135,70.093115362099,71.69975222739853,76.14171992919017,78.01063566561398,79.01283093317006,77.86106796546936,75.97409603650418,75.75566817723971,74.66642441639502,71.76579572822759,69.6452348146112,0.9958270335100595,0.09126072172931188
2022-03-28 21:00:00,3.0,30.0,89.0,26.0,9.0,32.0,63.20153459305891,6.731512508972273,5.907539654982517,6.877379597415884,77.59482204524429,77.96868787337328,84.10886451009512,91.09818465225197,94.92965701712266,97.86518342260064,96.53916577408455,91.87890082873913,89.13219171050918,88.50215850094465,88.90455764880055,87.91925301784622,86.5503125128773,85.3923652226179,83.5006059997655,82.1987057583082,80.3225572574683,77.56625317432305,76.44121260629873,76.43132988299142,64.55159484085465,0.9972495210773451,0.07411742515094437
2022-03-29 21:00:00,0.0,27.0,75.5,36.0,13.0,31.0,48.21473669400753,5.4420619992004555,4.772848390771267,5.783833907993154,73.27203162081685,74.4124341414157,80.19401158754962,87.94071464953265,97.41651086914521,99.32924482505975,99.57412110575763,96.4936042274519,85.45605757699862,70.41230969430332,65.60523932688139,63.74973347472562,62.91734436842914,63.33761738438859,64.04766062812693,65.58336661968276,66.61820598167677,67.70561787183414,67.0294493392289,64.49785392517822,61.345696163850214,0.998376906467142,0.056952196034039754
2022-03-30 21:00:00,0.0,37.0,27.5,28.0,9.0,31.0,45.755952313414895,5.7388663482572015,5.0009573515148,3.7824041978454264,71.00658318641916,71.5861611355056,77.63842968659098,85.99022579738194,83.69977191102134,64.81166775974515,55.03626562989828,50.798800966433355,47.061468701361584,42.28348748766707,35.77191587986731,29.10270276342406,22.432250954920235,17.969519504194167,14.429288173708219,12.2659204111358,10.842859281281681,9.743001260952171,10.399281106104077,11.555482985046746,16.195394235557597,0.9992088560679753,0.03977011384605572
2022-03-31 21:00:00,-1.0,42.0,88.0,12.0,9.0,15.0,73.07605006966709,21.224409254908625,1.9183845979925434,5.404612121164657,92.42280380579834,93.32808922329183,99.8872128061416,100.0,100.0,91.35827151785485,68.05076263328587,57.200829144059895,55.535683712441596,57.69978325709757,64.28740840609247,72.15846714634925,81.05323012564415,85.00742889159116,89.24979668323824,94.34749474870576,97.36062773985779,98.46848182062043,96.99687140897039,93.90102011942385,90.46705308652675,0.9997451236925734,0.022576263041545485
2022-04-01 21:00:00,-3.0,44.0,85.0,9.0,5.0,30.0,76.2321444120813,18.05633036995751,5.1102881172107555,6.071625527576829,77.06904921459873,78.4620066784661,70.21317441568772,74.44629733946398,82.17605501290551,91.74116015491472,98.08433820360023,98.57724947773036,100.0,99.50413732987467,97.96559717039382,93.63138255545918,90.6667875928442,90.55129485424864,92.34554534959288,96.03543635645612,97.98473077745815,95.19659556779051,85.4482039828796,64.83173178921385,65.15635375455108,0.9999855506507186,0.005375731557583884
2022-04-02 21:00:00,1.8999999999999986,39.0,14.0,31.0,13.0,31.0,44.159381286533225,5.259428825218459,3.018535987508122,6.28857584619093,63.410120728342534,63.37263297411454,66.56241585361883,72.75216050241671,80.79700587411402,77.20654105525077,58.20484509248129,37.99302839124457,23.493759077380414,13.572151582861725,8.883032873550825,7.244725854633933,7.497108552599596,10.219535918817535,13.04824366440732,15.794995920854655,17.356737589682474,17.722339077735942,16.996965555222097,15.285762631241164,13.836420170594451,0.9999300657962057,-0.011826390691832589
2022-04-03 21:00:00,7.0,41.0,85.5,21.0,4.0,35.0,44.490816841712466,8.668126595249813,5.276450451724536,5.813220250296977,63.553714853315014,65.06056465540031,70.88282450705533,76.69291136401974,70.69856256802389,31.895790992157185,19.604421269019802,23.793327887274486,34.213719454331084,48.689994938652035,67.31077449847794,78.35853861596304,85.64786555300881,87.45594043295341,88.75627325982171,88.63606742602461,89.02899606264685,87.9214282037994,88.79502936094134,87.60136014554021,88.43774264558043,0.9995786855478958,-0.029025013321975237
2022-04-04 21:00:00,7.0,40.0,48.0,34.0,12.0,33.0,46.24947130744444,6.513544913155562,5.6042851300563346,5.958432105708298,62.874609498841984,63.11330102578846,66.77486799588918,72.75411650955978,73.95563712361111,74.49246259877935,70.98634064392103,55.9828618208861,39.304212529246435,26.959788218748887,25.429009840635295,25.95153963671629,27.9628185334552,34.850190821485086,42.8218965867559,51.78236406211047,56.72469359155229,58.45213964500145,54.68075383223957,46.92629277044422,40.057824578205576,0.9989315138848577,-0.046215046983708354
2022-04-05 21:00:00,10.9,45.0,3.5,32.0,6.0,33.0,35.04905895285872,5.151845583477165,5.8726121405645,6.0201058129962535,57.80029029185523,60.91022677230933,67.23887116773322,69.54357801811088,64.14419901610671,44.08695045695406,25.723642087356513,20.78129433881928,19.028817984669555,18.215998451458717,17.64010668147782,18.17646650885826,18.98583547665331,19.664553683419488,20.223265291158114,20.613857957238665,22.4333330305867,25.071133717663933,29.57126520850315,35.93289997387045,38.55414350399605,0.9979887423155984,-0.06339140486951038
2022-04-06 21:00:00,10.0,47.0,3.0,21.0,4.0,36.0,33.91254131908635,4.218205507443557,5.227765403637102,5.202759692208769,50.67407236674689,49.31566810951091,30.830386575621148,26.317033025707094,20.95573698300783,22.8283982224201,17.8976765529197,18.2335464750353,21.872745227457145,26.56762630900562,30.885612489180904,29.712019171966308,26.047596180449496,18.817976469343233,13.589539848833704,9.680489906159309,11.575737920541256,15.752007050426547,21.295891900535526,28.720729392416917,29.81712183671265,0.9967506498213929,-0.08054900421874167
2022-04-07 21:00:00,5.100000000000001,50.0,57.5,33.0,7.0,11.0,37.41366404031888,12.017322002147155,4.247996899011264,4.732103499349888,48.36430740511499,51.79952886161412,57.59157211545153,63.966369848169066,69.87135571344062,72.27489718484614,66.6417245203762,33.91303633624119,17.529777791298166,10.971486023435455,10.072219302161981,17.954680370166653,35.77869641615688,73.57105293473883,90.09440046030348,92.9820064055667,93.16610765774436,92.05911109513744,86.38247982095723,78.70928705667323,73.33783577519984,0.9952176027737294,-0.09768276782171598
2022-04-08 21:00:00,-2.0,42.0,88.5,15.0,11.0,13.0,79.12143462214559,18.53303440849282,2.772173067460199,4.588081008469497,96.45625372416009,96.47211726501409,99.71166216662539,99.78479417993857,100.0,100.0,100.0,100.0,100.0,100.0,100.0,92.16705101303411,70.88740090675951,45.286936167651085,21.00673500256807,9.236271804266122,2.6606393026037667,1.7004767331933766,1.9759919317545864,3.139939759952294,5.857346066451979,0.9933900548258936,-0.11478762552212701
2022-04-09 21:00:00,0.0,52.0,63.5,23.0,4.0,11.0,50.14110407189405,14.655478197697565,6.888000667743645,7.1445709585311405,76.1304313227932,76.33356979117069,80.81661088646386,79.68330854816665,77.56844316978346,77.67637740244602,76.209760407186,76.03224114859593,81.58264907907025,89.2991121276553,91.51625716392572,93.98574795950722,97.06227622350562,94.00158382380528,88.05542448931382,81.99878712364381,80.312351589219,85.6998687319059,90.1516464367614,93.25783378824887,92.61358715218748,0.9912685467787256,-0.13185851571739118
2022-04-10 21:00:00,-3.0,42.0,88.5,16.0,8.0,33.0,70.2097508066708,12.72660608773832,5.622453297116237,6.441016685126701,95.44527286281657,94.58044150116146,99.66254844796548,99.9284887516939,99.9416244677533,99.69228308627093,99.33364898750314,98.67856546608755,99.5352164629272,99.61643328022134,93.80223916948066,87.43730860653052,84.30630633673721,87.6349009865943,88.57261899866,76.97152206471087,61.89202512497823,41.15281164997236,30.07818993535933,27.36028660640863,36.44908384760709,0.9888537064205885,-0.1488903868564548
2022-04-11 21:00:00,2.0,49.0,41.0,34.0,10.0,33.0,42.18725784240723,8.970749011070485,4.927922954400849,5.1383764592881835,65.20834234725608,67.0579414175562,72.89133155155186,79.4838422147783,84.67270905350877,83.01494317557099,73.48073216563165,59.56736825889415,44.497229120563894,31.481038753351125,25.486936216069978,26.24055116906665,28.742572649014424,30.878043249752036,31.737844472849158,30.73624197296727,29.162211324842502,26.701451475980043,24.915896916010603,22.765602019354027,23.007630033715397,0.986146248341595,-0.16587819893463143
2022-04-12 21:00:00,-7.0,51.0,71.0,23.0,7.0,30.0,56.331144445085826,10.687072256135169,6.768961125576604,6.860724608004007,80.4622614458748,82.9356173088212,88.38463262683194,91.38188589070126,95.02455687716676,90.47789517598389,76.97071108232792,61.2291256614195,46.869888890273295,35.479277164965424,26.39513269443736,20.565641210849765,16.278264855283282,16.407795236654987,16.59057040854815,17.19902427157703,17.592237642497928,17.367323840092116,16.12873897297701,13.631464551303395,9.560813819026377,0.9831469737221499,-0.1828169249850199
2022-04-13 21:00:00,8.100000000000001,54.0,87.0,26.0,3.0,29.0,36.548000769516854,12.808114622218714,8.233672132106344,2.2040263320578606,48.38890974473452,51.066349033610216,56.66977281995976,59.84918805903644,55.210144154499496,52.24642787718553,55.49221279818312,61.642273397732176,66.81369182288405,72.02232022056262,77.84425619050124,80.76057773619318,81.30389231130141,82.52942906097613,84.83772676644554,88.6569745405523,90.72302635293623,93.0942499978211,93.44050211153481,93.29476371890844,92.82665164773613,0.9798567700958665,-0.1997015525660636
2022-04-14 21:00:00,-3.0,44.0,89.5,14.0,7.0,12.0,79.28724892729487,23.636498023951066,2.271587896335257,5.481263627246508,93.962035401429,96.28027693110226,98.68427793019035,98.4874317218835,97.17002605269248,97.13198882095423,99.86587199054404,100.0,99.11483299316734,98.89539753596941,99.66407652976072,100.0,99.73587689111235,99.58787167387932,99.87048642155017,99.81234270269833,100.0,99.7302199033285,99.42400594787162,98.85642255957339,98.21370924259071,0.9762766110869321,-0.21652708524481437
2022-04-15 21:00:00,-5.0,55.0,30.5,37.0,6.0,25.0,39.82293095757372,8.69975448692165,8.605578488402537,4.029484490394167,64.25459769115965,58.2207171999711,50.315500852885854,49.917301568179575,50.98602476087998,50.342049576467886,50.04427524601088,50.27826821762924,51.87496583339676,55.126783796164226,60.01236013928373,61.97537574804078,60.15404628664782,50.975556592748596,37.70638775146515,19.97306638744823,10.71181390857424,5.052101092236174,2.9938625268953607,1.1886357652617834,0.6724447288564233,0.9724075561219968,-0.23328854407545518
2022-04-16 21:00:00,0.0,49.0,89.0,23.0,6.0,24.0,60.678029059155826,15.240581933814578,6.068217894893896,6.7603184871359785,74.9431580561423,76.70729531354189,82.64890569812952,89.4384207259556,93.393285425722,95.32733629388821,93.93319634737755,88.70490894372904,87.1073727037405,89.75579578355246,93.21146211077766,95.2259722362113,96.76362991224727,97.93253570201192,98.9141873470462,99.12221996841295,99.56890832169609,98.03014020409375,97.9013685713161,95.99426528292322,86.98248250933196,0.9682507501166718,-0.2499809690726521
2022-04-17 21:00:00,-3.0,44.0,66.0,42.0,9.0,30.0,41.3598401275027,8.506102467023013,8.07657656769317,6.314451011041328,74.2248169482011,76.44491851370374,81.17155600696636,79.55008821692361,79.66321204248071,82.15657498220294,86.8431518686232,91.50907270035114,87.68192748670049,75.20091498326279,71.61179545465707,74.02825346890805,79.07737972282283,76.8501726617964,74.1797123519923,70.41167023991382,65.57310101982469,58.32976310247982,49.14312790918751,37.13908756485888,38.565368257741,0.9638074231367307,-0.26659942067929354
2022-04-18 21:00:00,4.899999999999999,50.0,10.5,36.0,2.0,7.0,32.99421643065575,6.71369547520935,5.837313439791121,4.48876351082468,52.60844210082063,58.36774093927733,65.2491954761955,73.28454678669259,82.30617089541555,92.06090259728008,94.45800382939598,75.28708877078904,32.67352145427814,13.082247922777423,6.482636846120532,8.034425264082149,8.562307838167156,8.329325417306649,8.29030974163529,8.313466032797267,9.765061650386157,11.50662196424718,11.233202247661072,10.552662372023448,8.255295863198311,0.9590788900341131,-0.28313898122818354
2022-04-19 21:00:00,1.0,43.0,90.0,13.0,16.0,12.0,79.20457756623502,24.785290852829387,2.6943388248273354,5.310202752352293,93.6372537148639,94.16745097826525,98.90579140897707,99.57487355060472,100.0,100.0,97.11844150737227,95.39619833973468,95.57527624531696,98.84795481174984,99.97795082144725,100.0,99.16353159927642,98.86778421662247,98.52144100468229,98.7362393508357,98.70121949447355,97.75012343198236,95.41622141823215,91.95616009475853,87.91276439937474,0.9540665500578387,-0.2995947563972602
2022-04-20 21:00:00,-2.0,45.0,55.5,46.0,13.0,28.0,41.52626547593489,7.674964601955989,6.665573599410333,5.647416304930644,67.26475586062644,68.97223926788622,74.69681515350524,82.06434162843382,88.73559380073775,93.72586556598422,96.51946972288167,99.58688816051881,99.46634861834134,92.80989535113225,76.30722025271484,57.796326802747636,44.113465731524464,39.210959438942616,35.88381903546897,33.24658742914926,30.538187695636616,27.016618587682835,24.516225003803328,21.245135522909393,19.32394298762843,0.9487718864399473,-0.31596187665790293
2022-04-21 21:00:00,-2.0,50.0,87.0,34.0,13.0,18.0,37.41366404031888,11.64346147212484,3.3805436730739715,6.034208508175746,60.28156025660659,66.41047950656237,73.59484877088072,80.3543333889564,83.53470448681168,72.37745568484183,44.202231800380396,17.97441589902685,15.41370198018684,20.91069178029324,30.63211961969243,41.48848922823974,50.980973427793586,58.987329407404744,64.4405287679108,69.43400411221485,76.75326722185129,85.12379884163512,88.20883664829216,90.62903431121005,89.24493145741542,0.9431964659565866,-0.33223549871590435
2022-04-22 21:00:00,2.0,49.0,73.5,47.0,12.0,32.0,42.18725784240723,8.947826159933461,7.761128305619439,5.206389649435089,71.36909279989497,74.29611901168587,76.19996289322987,79.74960829514251,82.75774490475226,79.91104258349971,71.9581300913256,70.3367559643714,75.14920677094227,79.46573219521034,81.31880806813112,85.27455522461625,82.54137365543018,69.00204919634807,52.19882191452165,33.29445165416458,26.718031423916166,20.597015336202848,18.138414419558682,15.06053070259771,12.3213856320188,0.9373419384643772,-0.3484108069446808
2022-04-23 21:00:00,5.0,44.0,13.0,49.0,12.0,34.0,25.684889550700063,4.307551277423803,4.8720756919133015,5.887310542604553,43.10604681413231,49.2251840074629,55.494995019434725,62.775609907136,69.04024976447705,72.6616226810735,75.2500643018947,60.359497256440754,34.0683468452781,17.75748775760989,10.193031407399758,9.484276316935054,9.1063569128421,8.927270744819777,8.32178996183609,7.3304034013177395,6.813738987855314,6.301683024136367,7.018421678627394,7.865399252436382,8.230738318028589,0.9312100364121947,-0.3644830148102912
2022-04-24 21:00:00,0.10000000000000142,51.0,14.0,44.0,10.0,1.0,31.7930221298112,6.642344032512017,5.925812209808992,3.077315596345972,44.610536718490856,50.27312115812875,56.326878766542066,63.455127982135195,70.31894991835365,74.93738131920392,77.90754284304352,69.87115642102289,39.3319115354335,18.5339162371263,7.284744052327928,5.334215954597924,3.6897839510149097,2.834637240914789,3.5641590298373833,4.874187017058405,7.22761645216462,10.143189288904267,13.686981172257582,17.924792171397407,21.371380683964368,0.9248025743285089,-0.38044736628785164
2022-04-25 21:00:00,3.1000000000000014,58.0,78.5,32.0,4.0,16.0,40.31191995668551,7.331469948511497,3.2160658358517407,6.498335595638107,61.04408143661384,68.54537392009192,76.28136960861698,75.67088490413907,56.03645721363031,28.65309326202906,10.90326466895508,4.799450827804296,3.5364746357568553,4.4356239689055865,7.050654159696021,11.03184232960294,12.26229688968397,9.415523305321754,6.852980557411921,3.7877957740969053,6.397259643827979,10.4922187092842,14.065479418178978,20.351897218730596,47.304248787523925,0.9181214482844365,-0.39629913726891813
2022-04-26 21:00:00,0.0,53.0,90.0,17.0,7.0,21.0,56.61807189006417,21.70652962785406,3.7426161903164177,5.494612681081044,76.94857193251977,81.87269393452617,91.06752722772168,95.88336580266856,98.15892058178609,99.64172182305249,99.723368628356,94.80072711979848,85.77619253200872,76.48725524146168,69.82447694463495,63.19176125752415,57.147612773952176,51.92709424938171,48.72522652788398,46.89509524576832,49.558485743061226,54.5774979664669,65.35308176976031,79.49159155221948,86.40017219914233,0.9111686353326631,-0.41203363695942635
2022-04-27 21:00:00,-4.0,47.0,89.5,13.0,3.0,3.0,76.50821320761224,16.95262096926631,4.961603517832217,5.710605194483328,95.30028309654325,95.1536417630962,99.47924508657752,99.90626529722661,99.97487242939039,100.0,99.45526005997452,99.60636095286544,99.97805011149362,99.6603940045113,100.0,99.81746067126787,98.32975290986599,97.54783346144959,85.86330107885551,46.6016004113247,18.552886700968163,5.3720934382817385,0.5962117827438159,4.650284301304121,6.733750323681234,0.9039461929224011,-0.42764620926777464
2022-04-28 21:00:00,-2.8999999999999986,37.0,89.0,24.0,15.0,34.0,69.64178721979476,12.412580765318204,4.625734233771813,6.699165372573777,88.04309988514322,89.16916656915043,95.17129476426327,98.70794067264052,98.48586865637593,98.26081594818326,97.90695176566705,96.18327067216288,93.74907503804042,91.09931589220119,91.42330617995493,92.53626503987913,94.73018064618827,95.93387742865448,97.65799376415947,98.1724571532007,97.11400244570893,93.75681311992477,80.79408830820618,55.488331079629724,47.897371906136264,0.8964562582905575,-0.44313223418263453
2022-04-29 21:00:00,-3.0,40.0,89.0,22.0,13.0,35.0,67.20215564728338,12.18500193931415,5.521924623945613,6.042718189752492,89.86345108117447,92.87721303955804,98.87242329190528,99.19427041593461,99.1801121674521,98.37555655667468,97.9316240326862,96.45931077413678,96.59259398853153,98.44405154856584,99.13273624659553,99.37152718217364,99.49033600775114,99.52456493941457,97.55766459550917,90.71429276067634,83.9074863625815,75.9653121190272,69.57136811968807,60.84076322617696,58.326507430812725,0.8887010478292915,-0.45848712914008766
2022-04-30 21:00:00,0.10000000000000142,44.0,89.0,28.0,11.0,35.0,59.99357507201959,13.72574002407132,5.136265539418817,6.615388768762408,83.52157942824078,87.51898968035907,94.27744983515761,99.83559234351848,99.51243598613677,99.04403788565781,98.72705337467495,93.78108939118019,90.94448703757888,89.60234596609126,89.72254967787812,89.77324770418026,89.33037276591408,89.60911731193454,90.49130137461707,90.65271743634322,89.39082101661126,86.569448248481,82.58125769173617,75.05811625249379,72.16785190079143,0.8806828564301475,-0.47370635037968
2022-05-01 21:00:00,-1.0,49.0,80.0,31.0,7.0,36.0,51.72228049821772,14.620026335319796,3.852748865681066,6.701200220662775,77.80663729880996,82.39231003823147,89.75471313826114,94.56048493990923,95.94103817982094,98.28115864914935,98.56328174026959,90.48374668180118,82.88303015963446,77.2343712981147,73.93352936410719,70.25490005975804,65.74639153820345,61.52677033532955,58.75728030453401,57.29348493035658,55.71278965607983,52.73340667807489,49.45742207163627,43.754157331764965,40.62490425555283,0.8724040568049612,-0.48878539428899265
2022-05-02 21:00:00,3.0,60.0,27.5,44.0,2.0,13.0,39.056047127995775,12.702429333084293,5.325127096516604,5.9353548537828935,61.00658369283468,66.17394446786716,71.39426666172955,77.50435778514996,85.15045252548727,91.08098856700433,89.89506542326437,73.71724485070474,54.82737222811702,44.75423274178086,40.942452161887736,42.00640167807684,43.07791655737126,43.18436769199355,39.2739207679602,32.77199054276945,24.862693317748246,14.844024344217111,10.713307649992068,6.157068909609947,5.57376455542483,0.8638670987837349,-0.503719798736334
2022-05-03 21:00:00,1.0,63.0,4.0,44.0,5.0,18.0,36.545992074848485,14.59014510171045,5.700000921458312,5.327198519713638,53.36365592485404,58.34093983479449,65.26848218434607,71.6214169153139,69.74447740273938,66.22593178041633,45.97420392207919,46.09545476321774,48.24975762039473,52.20712818468112,59.16207741755946,63.66020122684116,64.79655045070636,60.26197669539803,54.61444911060862,47.95191217344877,41.67446342118559,33.60305184172911,24.705602753421022,13.170180916902337,9.596860901544092,0.8550745085896932,-0.518505144391157
2022-05-04 21:00:00,-4.0,49.0,90.0,16.0,7.0,20.0,76.6897482950498,23.90546427769928,4.12740846233899,5.209760883875147,92.35995860359894,96.34582874659985,99.50260833754974,99.04628185606269,99.55059782372766,99.67068259446715,99.3361806218288,99.6151244315651,100.0,99.53020120399685,99.62452335146264,98.56003581368874,97.5779332022666,97.59829641196173,97.49336411814184,97.06855322178842,96.33454704648202,95.19570140077145,94.13809610603353,92.60176608577294,91.40332127576204,0.8460288880917339,-0.533137056031809
2022-05-05 21:00:00,-0.10000000000000142,55.0,11.5,56.0,12.0,32.0,29.859808750612515,8.651682116097922,6.327911932484659,5.5599288469792185,41.54510293634434,44.08057511084112,49.311212057457446,54.99455593588475,61.88819255320194,68.10689913392814,69.36265781702782,70.97961340275847,60.421116386249594,42.36262679096316,26.074025444966225,27.793644446015197,33.18304217127481,38.788654133829326,40.98872967353419,39.88764391269274,37.96062361920834,34.83313838410116,32.84313305285046,30.167474099499735,28.623454164927274,0.8367329140344921,-0.5476112038402312
2022-05-06 21:00:00,-3.0,49.0,67.0,58.0,8.0,33.0,31.46241488320061,6.966603290697473,6.649945696283355,5.0122559263367945,49.144916033600346,52.52160939800312,59.03025206679754,66.08665321175422,70.9630656676549,72.60199601677209,77.58202892164822,86.51967193452931,93.28212677082186,87.66020693962416,62.232950912817785,41.48288260359039,26.729225166510588,25.70681322003531,24.87125540426282,24.112280509922194,20.632059539026404,15.382427624113415,12.442532980228558,9.184888122726367,9.277312732362383,0.8271893372462497,-0.5619233046832195
2022-05-07 21:00:00,3.0,52.0,2.5,48.0,6.0,1.0,26.973178124492524,5.230656250371477,5.977458533711736,5.351412222095153,30.070819946543647,33.012488505343555,37.03240030134451,41.61965029370129,46.753060285449415,52.31844078354507,54.02678521566521,59.649665414779086,42.50844602740925,26.14466508304769,19.357515202316993,16.65124821226852,13.196547154210766,8.325227852166575,6.147599902486153,5.194553401735845,6.726256849163334,9.360773874455033,12.606445919028086,16.91651225731239,17.12244762141732,0.8174009818249189,-0.5760691233798758
2022-05-08 21:00:00,7.9,60.0,2.0,43.0,4.0,4.0,23.92072286758129,5.890902224195176,5.531984075517549,6.126243445096809,26.444119845700094,29.158417121704616,32.416304224835116,36.26220772967084,40.930380600851215,44.57944457461976,42.58085344632233,26.145063916845412,10.529908813612506,6.553677577098917,10.505048460080065,12.179899593510275,13.569739516064272,14.657967003453166,15.224604675703535,15.582542815730188,15.349055624094229,14.733597541279925,14.896226498463797,14.96377303463178,15.883851293754084,0.8073707443023492,-0.5900444739548627
2022-05-09 21:00:00,9.899999999999999,66.0,2.0,52.0,5.0,8.0,22.882684580244238,8.620983863307655,6.651413697283023,6.499544524434504,26.068903190945957,28.662613787073916,31.875936165552638,35.52252807024136,39.12067976839906,40.81302939887975,37.110024407813675,25.242939705149013,17.6724434054971,20.26783958258869,27.035168892861044,31.015062088287905,33.88672123260956,35.566608510858586,37.05112787652132,38.67544932626586,40.135941635309166,41.415489897013266,40.89440513482509,38.51897836873238,26.952038112369202,0.7971015927871943,-0.6038452208771035
2022-05-10 21:00:00,3.8999999999999986,68.0,2.0,38.0,6.0,10.0,22.25194806396674,7.879624584562087,5.232572098996676,5.363552618289942,29.39900372051773,32.53987006621253,36.127692497286,38.53055706312901,39.04982926986714,31.073820913292245,21.001722147847794,20.13502391804032,23.947262419795166,24.29190039641725,22.992057290445807,20.24843851952601,17.320499677679724,14.102887802051564,10.670647943174144,6.851738669865072,5.501254368105848,4.02377806663513,5.159903173585715,6.563417277513708,8.071943789747948,0.7865965660866021,-0.6174672802835514
2022-05-11 21:00:00,8.0,73.0,2.0,32.0,4.0,22.0,22.990707945494567,5.791317656477582,5.384646412072009,5.990693499517862,22.581642852390214,24.769193855938504,27.277434397566015,28.26593626264362,25.628742989748986,19.552174058932717,9.556573389072637,12.4482243593782,12.073944509954531,10.173635905721099,7.304841629818891,5.663009651930341,4.256522093616702,3.1035839220769788,2.8459853771116275,2.8037161783233198,3.8193495317005484,5.150940683906686,6.308583654961114,7.554136548901881,8.045390105507982,0.7758587728069828,-0.6309066211876704
2022-05-12 21:00:00,4.0,79.0,10.0,42.0,3.0,34.0,19.599987673041003,13.99487489532758,7.154606809520569,5.623703061492723,22.658874363947596,24.813434236946684,27.46211657714844,30.656591486265484,33.91467875587,35.380194273538166,31.6763102214227,22.06409198675769,21.282663075221954,23.504267359164828,28.19508779732486,33.91570315878594,39.48461660336758,45.0727026234307,48.42957192311141,51.304340332497134,51.41933988078784,50.851693049723536,47.49874528605723,42.59591458655764,36.43693684905831,0.7648913904341226,-0.6441592666722685
2022-05-13 21:00:00,2.0,85.0,11.5,47.0,10.0,23.0,28.786564130293495,22.142793293673122,6.515980313927068,7.383865416976077,33.23764960836095,35.46878035917336,39.18926899703302,42.74797788112543,46.30479380607777,50.32475618195175,55.172100897223466,61.24361979614758,59.96528306644229,48.84521118828625,26.987651302944776,19.125020997252758,16.262176536353074,22.277275878224188,28.776927984696503,36.169493256503124,43.767861621436055,52.245889613431714,57.50710967939583,62.25468584339521,57.27837184404454,0.753697664392914,-0.6572212950663319
2022-05-14 21:00:00,-3.0,80.0,66.0,37.0,5.0,2.0,36.457669824103924,33.62374380821575,7.729861737718679,6.250391334677161,45.4014517881758,48.06569323914211,53.592021381093446,59.59557855984566,66.398571809549,72.86864603472652,79.52620048113124,85.37648710009177,89.33112389915853,90.79246860393877,89.48273896632539,88.93630017297582,89.2501643081116,91.69106593599801,91.53880566866329,88.92552387403941,82.32452464120344,71.80074057561613,66.02624370583983,59.62870206456421,62.05510904189816,0.742280907086982,-0.6700888411055113
2022-05-15 21:00:00,-3.0,59.0,92.5,16.0,8.0,13.0,69.40099944206084,32.16539549893216,5.206701851796645,5.657458926712076,75.924597104153,79.55339874537557,86.79334863684616,92.31943151990191,99.76603650086548,100.0,99.75810011611118,99.82855035646149,99.5889531554149,99.58776652775983,96.06930216905984,85.68888686796244,73.46459850377617,72.35747703255086,76.4360407071687,86.86424324189888,91.80673053803457,92.95222591230349,93.05276199000743,92.42563760605013,90.79155831203921,0.7306444969184916,-0.6827580970759147
2022-05-16 21:00:00,-6.0,67.0,60.5,18.0,5.0,15.0,60.7543368911074,27.57014454963956,4.41773127628318,6.178984185188603,87.24538755241909,89.12717012625558,98.96886138840753,99.50188573705536,96.77054119486652,91.65750869555387,88.03199036482432,84.45433441463578,78.81032285569115,71.41282250787351,63.951666460920585,57.645855699222935,52.364975192866616,49.13666826192865,45.65821129562091,43.29481164744674,40.90350750667102,38.80415576529146,32.474030973182735,22.001567155711573,15.494076520072655,0.7187918772884232,-0.6952253139408722
2022-05-17 21:00:00,-1.0,63.0,53.0,45.0,12.0,23.0,47.99897869343753,20.057928728374556,7.668595924738311,5.551126643843924,61.23052491044244,61.83870933972288,65.4218220617997,72.16322821044074,79.2813507185717,84.68427904306328,87.75276808806115,86.76642696565352,86.42526077913011,91.09354789795792,94.6771405180549,96.26868880744917,93.5448151835109,87.32960404741648,79.53348822645442,69.70990036545197,59.33449513086975,48.59919358287417,40.00241379366338,33.54431036090067,29.425172500067116,0.7067265555776158,-0.7074868024503348
2022-05-18 21:00:00,6.0,59.0,5.0,53.0,13.0,32.0,26.950873856462703,7.385245867072973,6.367605614695496,5.377046875212821,37.31549154325957,38.540446547280254,43.059372290614526,48.45623251203385,54.60426445853162,61.40596584507272,64.83062527172162,64.57679278949414,49.897249040848315,21.762558281151616,8.313076838172721,3.5345480502222206,3.375504755090671,5.616234618160014,7.534641298384813,8.806942243162734,10.483043084165944,12.64061544859712,15.474224394897343,19.128949798705815,22.70922320991401,0.6944521021088763,-0.719538934232584
2022-05-19 21:00:00,0.0,63.0,72.5,53.0,9.0,17.0,28.729711933850705,11.06639650065744,8.36674591613879,4.885346034255252,27.20450088453008,27.87885418849424,31.20852971541625,34.84214209500977,39.264550446820515,44.173702591394225,50.086349270255724,54.0072071686423,57.496155569283815,61.47130039391466,60.7279979478564,47.424047341965235,28.13859802626819,27.20883924115548,31.03891525243685,42.482785285344235,53.2617169496646,64.55874413146279,70.2505420445327,74.0219246651551,68.69437523851222,0.6819721490904629,-0.7313781428679254
2022-05-20 21:00:00,-1.0,63.0,69.0,35.0,7.0,19.0,46.189749022345836,18.63887107536558,4.089684675398086,5.486333910158892,62.41678943859634,67.27483706489991,75.61882381435879,84.41805356493796,93.16568737885378,96.70228104067871,85.11289364752636,50.837913912967615,33.07082404800138,25.146430392739326,25.450784756671602,33.44063071792065,42.7926941532687,50.38059249785319,55.18886003226873,57.77091087063877,60.811322313285785,64.02578529226966,64.18828041054125,63.61757329368305,49.430885998653295,0.6692903895412567,-0.7430009249440493
2022-05-21 21:00:00,-3.0,66.0,74.5,15.0,10.0,19.0,65.23879760028751,36.25827878103698,2.726634944994812,7.350984752149614,89.99444179950278,96.08238916746201,99.59975732613515,98.17923322123619,83.19299815954298,76.01195700978516,75.04469369694398,77.33445763988594,78.14979929055939,77.02186053376202,72.2904883896913,68.35864248696484,64.62222638054998,63.57249873443991,59.84859891292136,52.613627237138935,46.38517515264034,38.749570716309236,36.0445575701928,33.49244811892863,29.66340554063943,0.6564105761979381,-0.7544038410927472
2022-05-22 21:00:00,-5.0,72.0,78.5,16.0,6.0,19.0,68.33135540319206,38.43686735534324,5.560606586605042,5.733219719420626,90.41178585079984,93.84498988301138,99.19141210920507,98.96087121130469,85.5698938499129,72.1736680652217,69.5367232443064,69.21896596973014,69.82240336229246,71.26086537780533,72.83206245599555,75.18244947139283,77.59148515078297,78.27647282021162,76.18311213542945,70.7874832732497,65.79681413272807,60.003505652435386,58.21313460319563,56.542921362802176,58.400313865022156,0.6433365204044917,-0.765583517007675
2022-05-23 21:00:00,-4.0,60.0,26.5,47.0,11.0,34.0,33.26731690221133,9.1140615156469,4.4003916928672,3.489561678801833,52.35719704425935,58.15758930600001,64.9370061655283,72.90144774985647,79.95413383548754,84.72801646332461,91.56446538295884,92.77128245811306,48.25810647972605,25.16812378095804,14.452483068677749,11.978068010924803,9.311998316139821,6.257943940074097,4.410848590623346,2.8571680931953494,4.033589741395363,5.572451423626306,8.562267305844964,12.082428274678412,15.711197664602455,0.6300720909843687,-0.7765366444428655
2022-05-24 21:00:00,-1.0,64.0,62.0,60.0,2.0,10.0,28.888395872512966,9.43796083512713,6.850592900257296,5.113723932582768,37.60647151230383,41.923056479965716,47.05986843121151,52.87762860078935,59.8454512720004,67.58334452699046,75.76197331498348,81.81760641922075,62.51889152217017,34.40082146065604,6.769061018023474,3.8516875680365095,3.064460220390597,4.643852444824653,4.2662157585223115,3.177442144374247,5.6987939623116715,9.233892585928825,32.202745673563356,61.56356650140277,76.01792143976233,0.6166212130956382,-0.7872599821916922
2022-05-25 21:00:00,-2.0,70.0,22.0,63.0,5.0,26.0,28.681804060120115,11.850124270934925,7.276285573663913,5.961103370991273,35.937022539124,40.07981421504244,44.47892178521229,49.64907168707562,55.677472093528934,61.48844814735014,67.53949436926881,76.07154345376298,77.57222622404048,59.58408614898825,29.553083599464458,18.05277376158162,11.670255942266326,11.528148757928298,11.515481775168707,11.388225210060266,11.444901266751335,11.585953638073034,11.574559555886307,11.319573090350575,9.670299333522363,0.6029878670694714,-0.7977503570459932
2022-05-26 21:00:00,-8.0,62.0,90.0,24.0,11.0,18.0,51.657661196293624,27.22106151349514,5.541445624077759,4.535890331796121,64.64550130519292,69.28690830704895,75.53325036053425,79.05600627745886,77.24617380936691,70.82758056650623,59.743009050496944,66.50122665406269,76.20521043637181,85.20525317539814,91.53231212294268,95.51940889489514,98.64333368119316,99.26344316314733,99.97933599047539,99.67477138547174,99.21067931290835,98.67332482727274,95.04928360151149,90.38014127094823,91.29634075517455,0.5891760872322963,-0.8080046647350754
2022-05-27 21:00:00,-6.0,72.0,83.0,17.0,5.0,21.0,63.63694965420793,37.41482694193046,5.427300671720934,5.769598472178029,84.50689576052193,86.65023337075812,79.86377956196655,76.85257770086706,79.80033367168755,85.8581224857015,90.88495240304499,92.59893028420704,91.15473755960475,88.46935822636117,86.50709344878513,82.99627970503558,77.61245396497527,73.0281496465855,68.26227776133035,64.65925892006693,65.84386215527903,70.25828367018492,77.36462147274696,85.72415946688038,90.394982959227,0.5751899607119775,-0.8180198708443175
2022-05-28 21:00:00,-4.0,66.0,90.0,17.0,7.0,30.0,75.4057685928978,35.4081148550115,5.947044983456119,5.345599195157496,91.9723543567737,92.22164046979715,96.12292931094706,97.4869983424915,96.6682645031172,95.93312327781929,95.03238656068159,95.10277449137911,96.23543755443737,98.50546206838274,100.0,100.0,99.4141376615592,98.85823310002515,98.85070975930368,98.64282217092688,98.48519229800391,97.23796794766591,96.89983514127162,97.67403305138514,98.81610849146298,0.5610336262283677,-0.8277930117131022
2022-05-29 21:00:00,4.0,75.0,34.5,45.0,8.0,28.0,34.344715667251954,17.52763242984771,8.084311302436094,5.537421762527942,43.279160088573434,43.963165501624374,47.51403659276626,52.037098584238606,57.222393536975545,63.27021052314821,68.58696005981862,67.26559722128059,63.411806524063365,57.714360266750035,51.41965791802862,45.854954305681225,40.045490969683875,35.7436391778328,32.75576867446213,30.958803096768666,31.493181881299115,33.02380822926974,35.58496159202566,38.46809854559232,40.71654007490305,0.5467112728685939,-0.8373211953118121
2022-05-30 21:00:00,-4.0,70.0,81.5,29.0,10.0,32.0,47.26884591481678,32.502050553884196,6.02241976925479,4.6152833279424925,82.00365050777226,83.94941910064333,84.49344818423509,92.57629098823773,97.89033853031809,100.0,99.17957612010402,96.64600182976967,95.95237919429516,95.7724491363213,98.58860754766341,99.22322258610157,99.0830847013427,99.35579801845076,99.55078743671784,100.0,100.0,98.37659050204435,98.18901376778048,97.7841058546045,98.55576929235916,0.5322271388474397,-0.8466016020976267
2022-05-31 21:00:00,0.0,62.0,5.5,55.0,11.0,36.0,33.5918275095068,10.200310427155157,5.630721047484045,5.100236676156071,41.74683811444808,44.16408951005401,49.022762178132965,54.76935692316084,61.63764958890934,69.6062379588541,77.68138520656711,84.60144069741145,83.87861036912997,69.20930725344661,40.50133771918299,26.474418065211808,17.33267790303125,13.003790131402479,10.482977460240738,9.14971816589068,8.44678166108337,7.759636282874367,5.9113856554415,3.319223527814398,1.5102542129126768,0.5175855102531889,-0.8556314858488706
2022-06-01 21:00:00,2.0,65.0,15.5,46.0,7.0,34.0,35.44835505459154,10.811542055882583,5.74320451805563,5.947109428906838,42.07215584584813,43.96551223590781,48.91446085242622,54.415852340660464,60.858118885644664,62.190842317324446,61.66438158680266,40.512025857223946,25.28977952720637,21.928747213542596,23.415983710084344,23.249516277549066,22.332968013983397,21.132966075889613,19.932116386888925,18.523365411695742,16.625865247253568,13.73369163553523,10.23611381658568,5.38023773392672,4.724452966721703,0.5027907197793043,-0.8644081744776648
2022-06-02 21:00:00,1.0,70.0,5.0,47.0,4.0,36.0,31.032316793653507,11.430516925345099,6.313913912512288,5.614180714245431,32.43640108315592,33.32160437559092,36.85915578763972,41.246005023140114,46.14587114933058,51.982578827562584,57.4471498636985,61.528935540720084,55.213688563033834,38.392862690778564,28.48330741662764,21.715664175152085,16.418939394720912,13.625063083557393,11.180472970288333,9.513577460660319,9.281052696698465,10.050035084654239,13.896524829800613,20.037966173999926,18.624291747306604,0.4878471454423119,-0.8729290708206411
2022-06-03 21:00:00,-3.0,65.0,83.0,28.0,5.0,18.0,50.17200628072309,24.071630206426644,6.625124562047888,5.584161318042847,73.03003186287782,72.40925098073306,65.94602339583055,65.94955092626482,68.48853888031653,71.55639892180228,75.58854782376964,82.93286304626875,91.5708129542154,98.99758403626387,99.08386742761937,98.2935620335368,96.98628209902176,97.72485594732849,98.05443650296178,96.3823687277623,96.55558455930114,96.54046038704928,96.57727746739688,95.1820040991039,72.02632956272029,0.47275920928627757,-0.881191653407483
2022-06-04 21:00:00,0.0,65.0,60.5,29.0,5.0,17.0,58.2906613586381,21.693317520932656,7.509701342559498,5.591636081168093,68.55633368923067,70.7218156846497,79.19986090935481,88.3404372962267,93.34534677040568,95.55281734917027,95.61008629921727,93.1011645753636,85.4388893962083,74.71535120415282,73.68732397285666,78.70848432116958,86.75524453475005,87.50514052506131,78.87416837573957,58.20533913030452,39.954396323410975,19.925123258829956,9.300761223343079,0.17591740006626755,0.1861057305641732,0.4575313760742512,-0.8891934772070711
2022-06-05 21:00:00,-2.0,63.0,54.0,41.0,6.0,28.0,49.8705481833715,15.595245111536498,8.376709947818998,6.280543368629525,53.54128088463038,55.33639780857846,61.01198599900092,67.43721288597827,75.02431656523983,71.79411239805744,68.4766928772924,64.15303332851362,59.58132851641137,57.97490790065085,66.98622043550195,72.44380313224445,76.53524121093893,77.43564528501771,75.76018760240521,72.2007878163184,67.55508987427278,61.11626243312641,52.51687162342977,38.93164432099937,27.99264068713616,0.44216815196707204,-0.8969321743510065
2022-06-06 21:00:00,-1.0,66.0,38.5,40.0,5.0,35.0,46.655185430262414,16.51718632852144,6.0552893773954874,6.386801637812827,62.30245821156769,66.69414462922882,73.92793299224041,81.32573932392665,80.16516372897054,78.55906847689195,76.3728830484587,87.07613620318564,91.32716697146597,79.39905112365922,49.817438088109775,41.83816157478872,36.70887502449986,33.18646010035303,31.10590870661521,29.7448396284084,26.9119400706422,22.527651569354312,22.163072809454164,22.199932506814317,21.45454909654054,0.42667408318992467,-0.9044054548343001
2022-06-07 21:00:00,0.0,75.0,36.5,47.0,7.0,17.0,38.46249485249697,25.163022705526316,7.331145086689506,5.0013332536351305,45.86270939784304,48.25690143571989,53.12433168015096,59.14848228960422,65.96265016786819,70.50613369098892,70.97933152572462,62.61630451604769,62.49344585555725,66.56566633490849,70.73609224006181,71.81375776297855,71.25291052254529,71.00212173661026,71.75496452740062,74.11744417040268,76.4903938914667,77.47088802521064,81.44710652824035,85.45001864882038,82.22052596618443,0.4110537546870351,-0.9116111071930239
2022-06-08 21:00:00,-2.0,61.0,93.0,14.0,8.0,17.0,80.62364290299612,33.1759662321464,4.8964577769103865,6.084301410414035,95.71650611255538,97.53020807277514,99.35996577763648,99.29111304762529,99.15035833504078,99.83826400610742,99.29326529957562,97.3234526740884,94.25144686086723,90.82463984288678,96.16026263411602,98.72912099673302,99.87052273489233,100.0,100.0,100.0,96.51508338105745,88.15395575515481,86.12271571820557,84.37995608436746,78.2631970619553,0.3953117887649151,-0.9185469991587165
2022-06-09 21:00:00,-2.0,63.0,91.5,16.0,7.0,8.0,77.90658589720972,28.534236530518488,4.94596980699396,5.864324105436808,86.01513565733657,86.17843982800933,93.7995440297283,95.97081212286511,96.18061336284222,93.38355833452486,85.75065871112712,81.44098147814711,85.57482686913444,97.00654744014471,99.87222583938691,99.56217723895757,94.30216301162693,80.50980818044083,61.50876021220494,36.71150242731808,17.38250294174092,5.145944674462212,0.03122340082759906,0.030122814502668516,0.3066057789368452,0.37945284372454435,-0.925211078289358
2022-06-10 21:00:00,0.0,69.0,44.0,46.0,12.0,25.0,50.76859033508071,22.71412493499618,7.554448669628214,6.180708892210535,56.1172190294793,56.47072869309277,61.74380910937584,68.24905948434267,75.54156112207174,81.53640255661469,79.96449192442414,76.54596273457878,76.88781942071418,81.36317594325419,86.22378135430341,88.61729382864492,88.87533410357203,83.44549678126387,75.4800633637542,65.29776556807477,54.14195008645499,41.73842279219462,33.221746382655965,25.60451338114457,24.883279414743015,0.36348161248290634,-0.9316013725767187
2022-06-11 21:00:00,0.0,74.0,59.5,42.0,5.0,27.0,42.85466916669138,22.7553773845231,8.565192566090456,4.943103151921865,47.095193267819106,48.67232975114285,53.872306451029154,60.138900356767735,67.08115338468673,75.05589911425614,75.79707176234322,78.82837658051778,80.37610013006045,78.37974789508166,75.22958458827382,75.00082861348572,77.35652015611248,84.61727556655998,79.37678797559067,57.26132032111669,36.66051352948169,17.32611503184194,16.279562874390475,22.035568116697288,28.471525805711877,0.3474028211842774,-0.9377159910299093
2022-06-12 21:00:00,1.0,78.0,43.0,49.0,5.0,18.0,37.51600687661515,21.512806372181068,8.826967141108556,5.650822927133625,37.83554697799498,39.65146471850819,43.77789852557666,48.545099951945865,54.093154177717565,59.73202102621856,62.83779544361532,65.72923235764372,68.01593773418631,68.99577205787281,69.71392576692888,71.01092929997337,71.90914469952048,71.07059436566267,62.792545305492055,48.48019667606714,42.89151249840931,40.29975997213353,38.2822621147609,35.59704294769947,30.390987183921954,0.3312212278016865,-0.9435531242349544
2022-06-13 21:00:00,-2.0,64.0,87.0,16.0,5.0,16.0,80.84659363061954,30.192310326909094,5.77693931249614,6.283357493678696,90.9951027185398,95.67821024216131,99.6805520551272,99.74082588127983,99.08607290173484,98.46065527010892,94.18081481805156,89.15539510651834,82.17777111714712,76.99667150541272,87.07822600540148,93.00356440635258,95.26416307057868,85.6936587397813,76.24637805032314,67.92543073906265,62.497914847619654,58.31683002631286,58.64369292505661,59.1232591476914,51.7353485622798,0.31494162072895193,-0.9491110448902284
2022-06-14 21:00:00,-4.0,64.0,79.0,16.0,7.0,1.0,72.54211374670008,29.41264047676956,6.2477500319121475,6.103881170986465,83.88407604835794,86.56912056423322,94.18842716649813,98.75404266450846,100.0,99.61215531141586,98.17487871811294,95.22045047732051,94.47028686307458,96.03759424333265,99.53692343385369,99.85768873838569,100.0,100.0,98.83761115191548,93.91932571560193,88.78127051416669,82.37408906128164,76.23305786316202,68.07393026734171,69.27437654544931,0.2985688173637202,-0.9543881083175908
2022-06-15 21:00:00,2.0,77.0,6.0,50.0,3.0,7.0,38.7768182157348,21.620846586241193,7.724102411173431,6.449965096533829,47.966570561334656,51.837046333396785,57.600241929737784,64.52125971000862,71.46830429888857,76.83732769607758,76.60390492893127,77.46852381619956,75.49089056008877,66.90546692558995,50.214206383982386,49.32382135836681,45.93572834778026,35.33104792619328,31.665528478294675,32.24284061310132,32.86283722662076,32.828211299530516,36.96703795129637,42.26190807911942,46.61272880500772,0.2821076626819194,-0.9593827529490743
2022-06-16 21:00:00,-1.0,73.0,67.5,34.0,13.0,19.0,38.1466996737977,28.057175989138937,5.694229528167173,5.49149063615995,49.365455455620165,51.0340476117223,55.7946850691214,61.69483611097009,52.11798287169051,41.258590672378745,36.23890557114955,41.5328198763713,49.38416729176478,60.46420747425287,79.7827772061781,91.33529302679955,97.98970513070286,91.72042631692327,85.49316748241328,77.51569733537282,73.87087922033263,70.79433228759085,70.3815396165746,70.27681666461689,68.20123368675488,0.26556302780405594,-0.9640935007889755
2022-06-17 21:00:00,-2.0,71.0,73.5,19.0,7.0,21.0,70.68691673630492,27.454936597004025,6.92092389728459,5.798030369321289,74.89821773377332,75.55381564115142,76.11226967105978,71.38356261102716,75.50354829704314,79.42759995263357,80.62828502381004,79.73920142614183,77.19682564108645,71.134957046464,65.66167659228658,60.50606353512779,55.229180044696214,51.24000264281614,45.53405193874688,36.513758406356835,28.29117349085259,21.778580447048395,17.806040700351417,15.651897395481695,21.746631113276273,0.24893980855376657,-0.9685189578512204
2022-06-18 21:00:00,1.0,57.0,94.5,12.0,6.0,30.0,80.32054538831646,27.31784402059565,5.135545770066306,5.671874208373141,88.68751250314418,88.39681202736426,95.24543144173323,98.36730978742499,99.43735315223057,99.67766765400754,99.77146542608176,99.56124252877224,97.02779290235488,92.57143459217917,94.51881440972588,97.255380526963,98.34300262007744,97.07510363108044,96.56550668561884,97.8570660658831,91.76121516956098,77.29473081980707,66.85377502647889,58.91065172258354,50.309440414412535,0.23224292400907015,-0.9726578145718654
2022-06-19 21:00:00,-3.0,48.0,94.5,15.0,11.0,34.0,82.73169797508024,22.52512252873904,3.995571246595079,5.5303840465046035,90.96824106279774,92.8741409448334,98.81671673243738,98.45873068201966,96.96114736513326,98.22373487431967,98.77134480942414,99.04670941914368,99.41691090066433,99.29723089277775,99.41904671135393,99.5639139712462,99.79511287452777,99.54139639171656,99.60909015613433,99.39842105682838,99.45300517676557,99.51665725788587,97.22002165495837,92.1012072209933,89.1699194071582,0.21547731504673012,-0.976508846196619
2022-06-20 21:00:00,-1.0,57.0,68.0,32.0,9.0,35.0,57.184861040309485,15.836638727282047,5.525180817902878,5.955773399678756,66.90017081223552,70.98394889061571,78.91268171437406,88.14163321617417,96.40797456042203,99.23764628486312,100.0,99.89000140616905,92.67748082809129,82.85052417705964,71.78812777696355,65.32043883018729,58.44642608525689,50.06100679174672,40.16955570400704,27.57345675580682,19.42602670775444,10.852264692235957,8.90997952958533,7.683654095113666,7.153808866802068,0.19864794288017112,-0.9800709131432666
2022-06-21 21:00:00,2.0,69.0,5.5,41.0,2.0,13.0,38.98000826885171,12.368186723055265,5.272459272565822,5.302050094268015,43.08188829622448,46.607658128825825,51.281272962392244,56.97675992339447,61.44557748074394,63.5669565972942,59.62138293642557,34.983604520700176,18.862583859750913,9.783183193802843,6.332888984729592,5.434064059531728,5.8805003268765175,8.52549950341343,13.840510237866162,21.111209515162862,28.90780336675934,38.63959705824561,43.2463156309646,47.49440650669173,45.891033625080354,0.18175978759137534,-0.9833429613388902
2022-06-22 21:00:00,-1.0,69.0,33.0,40.0,10.0,18.0,47.116170975474176,12.290212099973118,3.436154915565259,5.529659263643717,55.39878903526238,59.785337198720065,66.39668937943598,73.70855383801123,78.69618473044898,77.26894797955656,49.16942537212689,19.558464181669237,10.484255773815208,7.39974286807543,5.691365489043079,4.772494950089704,3.835918337961814,2.8675629293939195,2.880104953197867,3.514626873361633,4.274258848148409,5.167189339957975,5.17292895642376,5.020279708618033,6.768139006871762,0.16481784665719793,-0.9863240225317866
2022-06-23 21:00:00,0.0,72.0,56.0,42.0,9.0,19.0,51.210522217698816,22.414548275952402,6.167693459264164,5.125713450954924,61.32026911731313,65.47880852710229,72.60474305151571,79.84035836865846,78.9544618320685,78.87357692421055,81.10973138586347,77.85229984419631,70.60797651892024,56.26818773265019,33.5214629938268,27.440420764060143,23.824827330596847,22.561715982249705,26.64947947839743,35.68161682004211,46.85922006516358,61.094479690325876,59.719310732810996,54.96597858054222,52.471087074364384,0.14782713347053048,-0.9890132145779883
2022-06-24 21:00:00,-2.0,74.0,30.5,39.0,2.0,20.0,53.405642578269166,27.972960357732713,6.758753951890237,5.263214611467611,52.39062664608022,55.49848619440593,61.712896986669186,68.7001913746529,75.90441125613947,78.129229566952,75.70485720630305,69.6948653150825,66.26378717099838,67.76116380009259,75.8524255681165,76.87859494996015,74.5457818208326,70.32091851377375,66.65510573995836,63.65763407383132,62.71240944555005,62.69236840108958,62.093071258372134,60.43066611293867,57.30189522589729,0.13079267585675922,-0.9914097417023038
2022-06-25 21:00:00,-2.0,82.0,30.5,46.0,6.0,35.0,44.084441261416295,29.145578808548937,7.379099276364502,4.8517146881227085,55.94587419146413,60.032202413108905,66.37559761732932,74.20945953921962,82.30730164630012,84.52311325104982,86.04683197662754,84.91380499696668,76.7449905640254,65.73516147583807,56.46624688049072,42.80435345967876,27.7550998494113,15.567600344376494,13.267438359174022,18.736509215091303,24.246960520069035,30.635953014224064,29.164693245687218,25.18889990279998,17.376238829481313,0.11371951458594969,-0.9935128947338007
2022-06-26 21:00:00,0.0,85.0,34.0,40.0,7.0,17.0,42.98457641622917,27.575665506907928,7.178836793981814,5.448295732541215,52.1439716061741,55.16775156465615,61.047976828953935,67.29821826124397,73.80201522021171,68.49099319639649,72.23811871575843,72.4880583363543,64.97174843846693,52.297187064601225,37.56448982676477,29.298600428645678,23.44069439179618,21.854375615831838,21.4232483416741,22.02293943907511,20.802421194885596,18.421665801802853,16.218869553919774,13.253202955714984,11.263387527545095,0.0966127018812031,-0.9953220513156602
2022-06-27 21:00:00,-1.0,71.0,94.0,14.0,10.0,21.0,78.56176830966571,45.11914183244143,5.029634811370556,5.4641568701082335,91.15700288102944,92.92200768338373,98.34514120151655,98.40877576720443,99.29515489793039,99.89484935163178,100.0,100.0,100.0,99.81122497644328,99.35353825537968,98.34908951002329,97.07990295802765,98.47499449789657,98.65292973007381,98.35693561797805,90.90265986660975,77.0397980240953,59.25594560281604,37.17531409177441,31.25765271295223,0.07947729992362097,-0.9968366760893436
2022-06-28 21:00:00,1.0,73.0,25.0,58.0,6.0,30.0,39.61405665086182,18.961831662743347,7.887036853754152,6.37147317000403,42.0169735790191,45.21815213363761,50.1550452763605,56.09659663552353,62.82954970208038,70.0880112899573,71.54290484604475,75.350945058597,76.90987322806365,75.2315201248036,69.19618970364537,56.1053424312726,44.18691641183671,41.27010403699669,39.03103683726849,36.659547273885785,35.42428640891237,33.7243400435155,30.86899539555189,26.438494215434023,20.254692920433087,0.062318379354325076,-0.998056320853012
2022-06-29 21:00:00,1.0,78.0,27.0,61.0,5.0,21.0,37.51600687661515,15.308966884518483,7.230357621561079,6.6559910187088205,35.94957042653852,38.850990094390255,42.95895192806373,47.93770386326093,53.440526888994135,59.511627333078174,61.970458960446564,63.63997322516156,53.78380153888622,39.09504138858182,23.41490089163666,17.410330572334967,12.687906168942956,10.131551165875898,8.905401106688808,8.54578731808053,9.197768283209184,10.307521721001967,11.281967383213116,12.480601059738955,13.89765051066368,0.04514101777397193,-0.9989806246941579
2022-06-30 21:00:00,1.0,71.0,43.5,47.0,6.0,34.0,51.06373373082498,18.95755241706175,6.43417444417333,5.066681373894694,51.91766160485783,56.242405022678895,62.86483767686229,70.08531427302671,75.69764892518688,77.4612577174222,81.84970679984356,83.18699357802498,84.87364263332212,82.14505182371758,69.49849061262053,46.339361972950215,26.465469865428403,13.320004481449832,7.126239474800153,5.812034675304294,5.13591871382524,4.547909537420726,7.304604482666146,11.28648530875175,18.1154177038746,0.02795029824021032,-0.999609314096404
2022-07-01 21:00:00,-1.0,81.0,57.0,40.0,9.0,20.0,48.9158905388298,33.98164906741211,7.721507068084885,5.677939193712705,53.81743238320441,55.591020532969246,61.1883497913982,67.95188952015027,73.83589115704457,73.77840319097629,68.26689156700556,67.01791357894268,70.45779662330789,77.29354731991658,87.39882792854132,88.26748689468141,83.33137918568225,66.54793095357425,54.261371957718794,49.0952277033747,47.617489573745694,49.2077754347083,58.36705543366172,71.94832397434485,82.89808738153698,0.01075130776352193,-0.9999422030204416
2022-07-02 21:00:00,-2.0,79.0,32.0,53.0,10.0,27.0,46.90289649083249,23.534621297351677,8.77257666106499,5.805483506285894,39.52109006448216,39.626394933697256,42.54335411417657,46.78013939093149,51.67825295864116,56.75565373597492,61.311341050923986,64.46661864762676,67.60077133423702,73.63888521042135,83.55286393666161,82.31724669549186,69.94335724660519,39.0262803611744,17.376090355517153,12.933383902479628,11.086959190663244,11.47394874767964,11.411931517944389,10.763603143501875,11.307869157258366,-0.00645086419810515,-0.9999791929590823
2022-07-03 21:00:00,1.0,74.0,25.0,48.0,7.0,28.0,41.287754365484204,18.94892365547241,8.871609696541059,5.052132067163745,38.85037818418638,39.808671480391446,44.07477232374175,48.840836295120624,54.40539047226986,61.096038486849224,68.13076881046986,70.86803820296096,72.79742410626523,75.71495119764097,79.48468754291498,79.99243623634938,77.83515165983911,70.18503658763127,56.36636414452239,36.94831057311941,25.65173384487719,17.578551974920625,17.70124755290491,20.496094205496192,22.74779509702831,-0.023651127245231586,-0.9997202729664083
2022-07-04 21:00:00,3.0,72.0,31.5,68.0,10.0,30.0,35.19644383052797,17.892308270104703,8.237116604679791,6.558699516454554,40.15934110149082,42.75202574613136,47.50657487227062,52.785804319971994,58.91907042762378,65.66276078127173,69.18901733615576,72.85506872271765,75.2886246236613,74.73859070919512,71.2205494768582,68.83295371382862,66.78448706977629,64.38212248350844,62.66068611128923,60.594955937467496,60.50536319371304,60.57717511349354,61.63108203876983,62.002100360606036,61.73072008411861,-0.04084439154329611,-0.9991655196610109
2022-07-05 21:00:00,-5.0,74.0,71.5,30.0,6.0,26.0,47.87462530153812,28.828963838778304,8.112866500346541,4.448696084917563,48.40189765645732,49.651863977861886,52.41399781817005,56.15373538493426,62.01739895539418,68.95525530700041,77.22510136953298,86.32195487631543,94.95991858692156,100.0,100.0,100.0,98.67450368815264,99.90900007276153,91.53352001435715,73.45982961949399,71.49277139002143,77.9487793887098,83.38640094140149,88.93490863296199,90.2243055302994,-0.05802556932878035,-0.9983150972033183
2022-07-06 21:00:00,2.0,67.0,54.5,38.0,12.0,36.0,56.438576379041464,20.49018973291057,5.862287864029508,5.974460509874925,73.79886320688063,75.98041437120854,83.03096589438708,88.20894543500863,85.53776789841359,81.15930939694958,83.40175126478876,87.8748176907242,90.5027213053905,89.00079756804983,75.8514571828442,57.22882861455842,37.32524496921093,24.926851808502164,15.689902901493511,10.88059875522368,9.265654147380381,9.58211351832815,10.715353475009177,12.242365147703175,11.937603326487254,-0.07518957641475855,-0.9971692572470178
2022-07-07 21:00:00,1.0,73.0,49.5,56.0,4.0,26.0,39.61405665086182,17.615827107386664,7.824517024130652,4.716017886671523,39.784233910945446,42.05132795576227,46.70306630136712,52.130608197070195,58.10219264882972,65.52121889721188,73.85778022716548,80.81482978455142,86.29393865206463,89.53273294814115,88.39621304157913,66.38371937086718,40.18154304888931,18.337012425719,8.638633206781934,8.329444230496287,11.42093265733423,16.56003764187371,21.437778121795127,27.613744464784553,30.408270389239572,-0.09233133369539122,-0.9957283388645872
2022-07-08 21:00:00,1.0,72.0,49.0,19.0,6.0,26.0,61.397964442270506,26.902097906732678,7.26063533621272,6.079270172425143,65.49837693823869,68.18222223377111,67.65431642344649,72.31730254185823,75.32391698533549,75.72804059117777,75.35808990140586,73.27864526749188,71.08821479764961,69.58076772113223,70.21469116355404,73.69815336143519,77.95682258211045,81.61464846692532,85.83971757029347,90.72435724950645,86.85749018407466,76.38365582007219,51.127698700549665,12.00056269030699,7.658724366018451,-0.10944576864891556,-0.993992768446958
2022-07-09 21:00:00,-1.0,70.0,10.5,66.0,9.0,32.0,36.25035895404791,15.153799623776882,8.011011665296794,5.051133705584975,43.09925092558638,45.84933988577693,51.17838933631198,57.04114131304638,63.80254955077371,67.7174568938539,63.76165555080798,66.97444760192157,72.7373866149572,78.80336943625694,81.06415534040256,70.55315479015472,52.74307823178243,30.11358789974316,21.232181790877767,20.65930851552065,25.6469165859503,33.92038382417797,37.32724702699235,40.4572199169601,37.69248406365211,-0.12652781683868314,-0.9919630595773397
2022-07-10 21:00:00,1.0,76.0,5.0,60.0,6.0,26.0,34.502443372521185,17.24697383499601,7.326401065891716,6.504697774975152,37.421915841220695,39.14628911626361,43.487142436525374,48.45464172981394,54.089633680067074,60.57962590121214,61.05054773503939,62.333128818910275,54.41420805900255,44.278430507232315,42.22424202964814,41.53464832752304,40.88756287188126,38.963504490849544,37.76684038583913,37.18989394341782,38.38842955047354,40.26095747745947,39.213293537217005,35.80363812802364,27.489880801439252,-0.1435724234118113,-0.9896398128792412
2022-07-11 21:00:00,-1.0,81.0,51.5,44.0,9.0,21.0,39.40101558954868,27.486631002498424,8.201852509266988,5.346012818922667,34.01749598797472,34.57612906038784,37.582029308498406,41.50567988169821,46.11916943278975,51.50098950617051,56.2754512716528,62.70938760072428,71.43280422178009,82.37927592486865,90.013494905784,90.57524981778265,85.63972108603313,77.60269603010332,71.3960613307704,67.90178318556065,64.23341819727945,58.72906010595618,56.97041186733362,56.62396950549827,62.95184950689009,-0.16057454459499376,-0.9870237158387383
2022-07-12 21:00:00,-3.0,78.0,41.0,32.0,15.0,19.0,55.92225541850748,33.57660462598033,6.931664615251998,5.464553931638267,58.09145519330438,58.49623827439815,64.41441887998516,70.86550847910212,75.36899692195756,78.67810205352671,80.67004049190125,81.9485891740499,80.91686761175066,77.04820574552403,72.19042127705183,66.0753547026459,59.14379580903446,52.41691060836887,45.04905616231797,37.93016642070397,29.69878528499962,19.469135342287053,11.129083148315475,3.301751782523945,1.8901527088027021,-0.17752914918703497,-0.984115542601034
2022-07-13 21:00:00,3.0,79.0,24.0,46.0,6.0,30.0,43.626542446037185,27.967426175805763,8.266117014546762,4.766783704689166,51.760734471297724,53.60418833603548,58.18245277205742,63.311588813153485,69.77709002113481,76.2731900909547,80.92846343965053,83.44512100521376,86.36882411115567,89.21449576118454,87.04775951219122,79.66036777508812,68.93667962408878,58.48517077079145,46.20620498484559,32.71196167773914,28.635421627066098,29.582052819533995,28.729844732527653,26.065128570887314,21.094818123305824,-0.19443122004766195,-0.9809161537413774
2022-07-14 21:00:00,0.0,71.0,76.0,12.0,3.0,10.0,68.22081474275457,32.55486249656497,6.284147470361425,5.5538291045205455,85.45834639732173,89.76014088264802,90.37398101963068,90.33937368357535,90.41606847287949,91.23005300793102,85.82248333780451,82.54735261006878,84.4373678315086,88.89162324151545,95.6648870180959,96.42989659310773,97.71944100342711,97.6378442411263,97.61845104332878,97.63413891022259,98.04238505091024,97.92002218942744,97.515007589615,97.24033933350809,96.89613200089731,-0.2112757555821793,-0.9774264960104055
2022-07-15 21:00:00,3.0,77.0,16.5,55.0,7.0,30.0,40.24187217806167,21.727073449426175,8.734003134103459,5.402615187795201,42.58689565111262,45.19879595825634,50.06312611018158,55.509302417108856,62.00719923138935,68.43152635773534,66.16506879213229,66.01158419733414,68.43781850807666,71.45814763174117,73.8409606274215,72.75799916082272,72.50790056124075,77.39735927450796,69.65061955435512,53.04895627244666,40.802803388507606,29.07727063277679,24.149689528170505,19.339006898059303,18.30326092068259,-0.2280577712215198,-0.9736476020539838
2022-07-16 21:00:00,-2.0,79.0,28.5,33.0,7.0,25.0,40.553425717581085,28.219656380836444,8.74680771464484,4.420473939572707,38.167573506810996,39.17738932830521,42.84975856000434,47.30292544790066,52.71018668883315,58.76615330723756,66.908650011917,74.35182564737886,85.16614023754194,95.99713243322397,99.47839374474047,100.0,100.0,100.0,100.0,100.0,95.10296173059857,83.01222230384802,57.48385983994167,27.541897122094344,21.84067694443231,-0.24477230089725957,-0.9695805901076308
2022-07-17 21:00:00,8.0,82.0,19.5,38.0,6.0,27.0,42.526798460741,24.01664120445481,8.796586318598331,5.697024327535221,35.249306573319735,36.61809232845456,40.25419575950141,44.45751904298048,49.174945342557045,54.55589345641258,60.09177344506264,59.38470214646061,61.688266319345,67.08412763773525,71.43955196238218,70.76453916596546,68.05604795620309,66.36901039120148,60.3094318961228,50.09322953621948,38.45093091635049,25.0580687492925,17.424311353958363,9.463279193304976,9.461935895405059,-0.2614143985111562,-0.965226663665613
2022-07-18 21:00:00,1.0,85.0,71.0,40.0,9.0,21.0,46.14141879111695,31.133381618396662,8.762963862556028,4.508863615515049,40.67324874514174,41.56779448466997,45.729746172172476,50.347675866524646,55.55771462575726,57.073889361506666,60.11179742297734,63.14209047299241,67.77247333675919,74.70872197926897,82.1559855903798,86.28620231000467,86.08619222371749,76.05764016462929,60.40342787349251,39.62211499272822,25.615600743792776,15.171820426782043,11.22476836201541,9.318727710614763,8.427898914828502,-0.2779791393987801,-0.9605871111248129
2022-07-19 21:00:00,4.0,79.0,54.5,33.0,11.0,28.0,60.13960745391395,37.86535026387452,8.122877704649293,5.691730795820313,57.64997034254938,58.46231550333414,61.243577698345966,67.49347502613338,75.21709689900418,83.58070670913273,89.75522964663809,91.52733478093127,96.20446030757121,99.34175453574558,96.32926538275642,90.04447754723583,81.34509351111616,80.81377842343358,78.62773833126656,57.43880690225459,39.369641513619534,24.782437918423888,19.13079633231947,22.321979612202153,26.126703713893505,-0.2944616217868012,-0.9556633054034704
2022-07-20 21:00:00,3.0,81.0,11.5,50.0,7.0,30.0,40.86340188879654,21.82087807957494,6.110341044963485,5.901781868569038,46.5542741980281,47.07845091686311,51.364676912271555,56.94949745124259,63.65524298000129,70.96430814980697,72.88653742685466,58.741039637961954,37.98208281399643,25.13136490879263,25.00983574532715,24.488933226867697,23.027480865793144,19.695522438987386,16.09645907242387,12.801381423730811,10.460775172636112,9.031071708370414,8.649867799774176,8.830805691624656,9.899354148746516,-0.3108569682435036,-0.9504567035349151
2022-07-21 21:00:00,-1.0,86.0,73.0,35.0,13.0,17.0,53.2114535861824,44.151004698502696,6.617291323921635,6.4318494195589215,71.41497800039909,71.66916836477138,78.17235942433295,83.58013336754091,83.70020078787753,83.52023501082498,82.9062631350472,76.87192747066784,66.78183336826586,58.47919257649616,55.18097021108176,53.35863153189754,52.9742335183043,50.88722903018591,47.813407928749996,45.09182257838743,48.111109225429665,60.152053173171346,74.46087506809954,92.26932277275206,90.26127434421332,-0.3271603271220951,-0.9449688462364056
2022-07-22 21:00:00,-1.0,85.0,20.5,54.0,7.0,27.0,41.47860169409498,25.99498406493943,8.16187851167006,5.379193826771254,41.37838146751599,42.22367758284115,46.15527346962375,50.64015271564474,55.87508542999292,61.491725220751725,65.38612468402806,65.16147801142439,65.76610594151778,70.29222477810434,68.38189430211295,59.051466783524596,44.98256043541639,26.54857670682903,12.515372017761617,5.777325622147075,3.9291016544303616,5.928800791989733,8.047828861556852,10.687005512035913,11.344977853541328,-0.34336687399638804,-0.939201357453208
2022-07-23 21:00:00,-2.0,87.0,7.0,50.0,8.0,23.0,37.544129752912134,29.671978404968172,8.624619910918959,5.315336645626679,40.71057118072978,42.141411381096994,46.216064287021815,51.001364732046675,55.4796753548751,59.57145982816295,63.62894311028416,63.58111912325194,62.91785382072588,63.568795336365255,65.94454039978264,66.26430515306079,64.64376558894361,60.53670553390196,54.45179339085623,47.25483116212796,39.36254330388359,30.481473725027243,23.17544190078979,14.880274917175946,12.217007768958746,-0.3594718130884232,-0.9331559438780432
2022-07-24 21:00:00,-3.0,88.0,57.5,29.0,8.0,19.0,44.98847319007457,41.49509316971284,8.493466758266836,5.902111697120344,42.708659160129656,42.954932818226496,45.9524948833498,49.87463898386131,54.58748193191452,59.710113551505785,65.67131484296091,72.30123561708841,77.27208620103751,79.05224244567601,75.4996966738264,74.9062516023596,76.40419403903014,84.78647963490673,91.3937420674521,95.14039723533826,97.57778671358443,99.36272927542257,99.42074530936694,98.17738345699217,77.93930026045741,-0.3754703786876202,-0.9268343944460494
2022-07-25 21:00:00,0.0,78.0,80.0,23.0,11.0,23.0,68.98371246394646,43.6930599153921,6.603232767888494,5.960316431688616,73.89048288443497,73.9622584890616,71.59726170847198,74.32100920216288,78.65868283119268,83.92659376369917,88.83621961516415,92.78713497035419,94.37940591253648,93.73533753113202,92.98856685455551,92.55725203838443,92.6794002113695,91.22314796761025,88.65043334893117,82.99852425499878,71.32910899455175,51.835553587197495,41.09200212350257,35.3443547403351,45.82754874945933,-0.3913578365610259,-0.9202385798054075
2022-07-26 21:00:00,-1.0,77.0,35.5,46.0,8.0,27.0,44.93404929466704,23.62866353092329,8.24496355053202,4.0486219449358005,43.00467729067954,44.650009175926016,49.50927214963233,55.08765778927819,61.669509825359384,68.46106201308318,71.64787067141928,74.05812626231723,76.94629415247621,81.18351853880836,84.23972588891124,83.00838945819822,74.44479396285966,44.760593215471076,25.941163803089946,15.7603840160155,12.943021823651096,14.013294511655372,16.350214028910074,19.78117625523176,23.82641208192494,-0.4071294853542516,-0.9133704517637858
2022-07-27 21:00:00,0.0,80.0,25.0,57.0,6.0,28.0,42.21952961285212,25.379993190588564,7.350167865387735,5.715050964546937,40.826731087800006,42.27213364323716,46.868825159744375,52.192270684097174,58.434035620527936,65.44806440710306,68.65983619333811,74.61358362763323,80.00637930744323,79.9486916707415,70.10561733755357,54.97351605732065,39.816706669941524,33.18657970903273,28.476339283505435,27.355264041533054,28.946352381397567,32.17570955722165,36.10438893981664,40.68333568609541,42.111769931750445,-0.4227806579826773,-0.9062320427107697
2022-07-28 21:00:00,-1.0,82.0,29.5,48.0,5.0,18.0,44.084441261416295,31.361699144848735,7.652890829063063,5.114214327892904,42.043104593323335,43.353900636749536,48.03688429400166,53.441685331845036,60.006878346431236,67.35404530225794,75.67427488940639,82.84064766148467,87.61904451822248,88.89468049470594,76.54227157595119,70.21649266089152,67.48684726702433,67.72952991722313,65.63178459092975,59.7398414055081,49.84527936024397,36.26474706511109,24.46367458466714,11.62233053945854,8.38123554171362,-0.4383067230125192,-0.898825465016444
2022-08-01 21:00:00,0.0,83.0,19.5,53.0,7.0,21.0,45.84229838516558,28.535520641904704,8.404885249057287,5.017192070057473,43.7280191737711,45.40993309270209,50.12195600934609,55.56403809776953,61.42495832754962,59.161649769492065,64.02263476844723,69.77637509163438,73.68707172851289,75.56710476391471,74.09505675601586,71.50580599636864,65.96643226993683,49.744122576392726,36.57858896513639,28.32655675347714,26.065107118537384,27.50691165134264,31.078388928695805,36.02455160916273,37.98071530000763,-0.4990686026885319,-0.8665624788845385
2022-08-02 21:00:00,-6.0,80.0,43.0,28.0,7.0,22.0,58.20002676000418,38.76217198126734,7.452138054250421,5.730360783056727,46.13350897909816,46.78387028979962,52.00553269664422,57.768197480411956,63.93250000248778,68.23404633538686,74.89538519595482,81.55544822980272,85.0484795778158,86.17416977816313,84.27507240207062,83.29699606959429,82.94826606489019,84.80283521331668,84.5749507270917,82.0714698461776,78.64879245605132,73.56905963348005,67.74852585122815,59.63731872158571,54.34229557962581,-0.5139010013093103,-0.8578494977869301
2022-08-03 21:00:00,-3.0,78.0,11.0,40.0,3.0,24.0,41.91059707033888,15.282435277138047,5.4338072387236895,5.880162590680942,40.0256537893085,42.14857778258156,46.89136341123595,52.17769501180268,58.36057387111635,63.39343108236963,57.319261692673784,32.70365013813185,16.026931287551516,8.084875148140567,5.275277760363144,5.615178597294912,6.90075710274093,8.490166364410456,9.657293814704573,10.37740593721273,10.494872997203482,10.138370704494328,10.6047468532005,11.377223937184308,13.507290804154328,-0.5285813283559292,-0.8488826652214553
2022-08-04 21:00:00,-4.0,86.0,52.0,33.0,8.0,20.0,51.40112274719271,42.8652448895938,6.931696104558379,5.801070654260064,55.135797484474026,56.41945797238892,60.423001004792965,62.462483851784675,61.220729372475176,61.484409846624075,62.82313849993597,67.32506894167001,71.1540409427327,72.83670144181475,73.64450773392647,72.14773111908069,70.49199685519496,70.5862829623647,74.71165216258355,83.72713479566069,90.48042568766597,96.58884079118359,98.0158287200985,98.24432115675572,93.99400333812251,-0.5431052396834317,-0.8396646346181327
2022-08-05 21:00:00,2.0,79.0,67.0,31.0,6.0,35.0,58.06776774038548,31.548223793345425,6.511237107319601,5.347213329320519,57.671455062313115,62.89842574304476,69.70396804823912,77.54470432558766,81.58319657003837,85.22175478735583,85.87941420658512,84.8155035769341,77.20794453902458,65.88249730657188,52.61091406007936,42.57226917315299,32.41384073824241,23.808687030048425,20.733793303527197,21.703749948554943,25.278296200823704,30.179649026043847,28.643249990645604,25.414384863357895,20.95325564614505,-0.5574684374327892,-0.8301981337405212
2022-08-06 21:00:00,-2.0,84.0,14.5,38.0,7.0,21.0,52.931724665809284,26.865190002963406,6.2240832559134756,5.75810830110404,47.719631020452155,51.71580211757399,57.371114930468266,63.21028212137818,65.78930806536086,67.74633164176775,66.64598763498063,58.95934700274752,48.64554240780187,37.680174535440116,26.41480952475482,23.265791235978806,21.363748150993274,21.468499646392985,20.883056691584176,19.567542646461515,17.64115786230406,15.040159227736574,12.350491833084956,8.936795322906926,7.028708629917192,-0.5716666713027052,-0.8204859638785327
2022-08-07 21:00:00,3.0,86.0,43.0,45.0,10.0,27.0,55.077490108744364,40.181388670995496,8.560937994430118,4.567567531740999,44.04074360949217,45.78498848908655,50.75844197487018,56.06754347866031,62.50246272289348,69.11666290310524,74.53472324318808,74.61307739612042,73.68103286003512,73.98516582941947,76.16014645654788,75.53755379948691,73.40363152094655,70.94070955493214,63.743298479974634,52.51802726959417,46.317191085813874,42.14759710727417,43.28580863492833,46.37857475118425,47.17822966404518,-0.5856957398073508,-0.8105309990194823
2022-08-08 21:00:00,0.0,60.0,94.5,11.0,4.0,6.0,83.53809250668525,44.042332110208896,2.806257566758382,5.040838900061226,93.90317325745622,98.57616204111594,98.66154170377445,98.76713186636043,100.0,100.0,99.76170794582629,99.60354553869209,99.95008386823493,98.36353423717988,96.83513845430649,97.33659416812034,97.75803997810858,98.70172005468567,98.86076604622234,98.82052586323182,99.13078167260223,99.11072238843903,99.29951592757985,98.70552675151025,98.1161058944514,-0.5995514915196489,-0.8003361849976323
2022-08-09 21:00:00,-1.0,63.0,93.0,15.0,7.0,3.0,80.77268735476473,29.45340772887986,2.8628149852209863,4.840524332748033,87.67276837811134,90.57825603303057,95.88810361747181,99.07256756304544,99.96669784201252,99.87714713644651,99.54697680914435,99.46764606907365,99.26469896549546,97.26360673543675,87.5109513245534,74.8922962224993,62.766248573384956,54.012698190161935,43.95659066354124,33.09077079889563,24.338760652686858,15.521689112724877,10.725732982773984,5.7983834578822115,4.475410407174858,-0.6132298262997502,-0.7899045386224707
2022-08-10 21:00:00,-2.0,70.0,73.5,27.0,2.0,17.0,63.391531070601204,23.45613451141486,4.317893517982648,5.582788808629698,61.27955457053466,65.25109908501982,72.03168703785263,80.11590189168454,88.12185475777528,97.32854462409134,100.0,99.62813892206299,91.93647274565271,73.84430545900308,48.74638258735863,32.19803083185843,19.351768124959644,11.44862533936893,6.82726603893221,4.528825912475779,3.787408289176592,3.559829379331935,3.5649706219084103,3.545515353760637,3.341797633256961,-0.6267266965083301,-0.7792391467859886
2022-08-11 21:00:00,-1.0,74.0,81.0,33.0,5.0,20.0,63.88019287066453,28.555483349030503,6.775167732900182,5.313208939422725,64.51985638783775,66.1138154898897,70.98007102738688,76.96457599796798,83.47033879116185,87.79999127137688,88.02317623393182,83.72645630913064,81.91798956500581,83.4255445330086,82.63357454666537,74.14630146252063,61.327568840293225,42.86290715458293,28.375733736677866,18.668740103275127,13.504315654264024,11.043367707769814,10.362003325748628,10.196505342689616,9.621802061262766,-0.6400381082043503,-0.7683431655492202
2022-08-12 21:00:00,-2.0,72.0,36.0,33.0,5.0,34.0,55.091227971046706,20.862370162866124,6.314243019267091,5.727088369949577,59.28331571231206,62.907088367691046,69.94961811976981,77.3765983990946,80.84223809117476,82.70222185736124,81.82761513267607,77.74612740295348,74.69239364403904,69.3284413763516,58.78939793724791,36.50138465016989,17.820969071239123,13.365753858602728,11.51149171010534,12.345853683398033,11.907968862028378,10.723768768002213,8.364841927178071,5.011242085422687,5.549770951196758,-0.65316012232693,-0.7572198192083127
2022-08-13 21:00:00,-1.0,72.0,82.5,38.0,3.0,35.0,53.11966776632261,19.93817642668438,6.81997864151947,5.356989641669911,53.80983994783455,57.24267808922582,63.58654741588307,70.29908987116204,75.84586234726731,65.35441926446526,68.8992418235287,68.82301617375524,68.470101909381,66.433432131179,59.633581905787324,38.05281771612841,20.68746812462656,15.098834938925714,11.269302178002928,8.536509574525725,9.95201868017939,13.099506857728132,27.222841391848046,47.36176318251042,66.5435580030174,-0.666088855860977,-0.7458723993404063
2022-08-14 21:00:00,-4.0,69.0,55.0,31.0,5.0,34.0,67.99815268764517,28.45142497759631,7.575441513775684,4.866174879036736,63.48424243243444,67.44133278840582,74.71896693272575,83.12523596514288,91.10481423738159,93.03507929011491,92.96601346229869,88.33889159149916,81.0125281017973,75.09997377697671,76.66565005511295,81.62864302071387,85.83591860806132,87.22200159695561,77.7583770427611,60.856936882787615,52.20637379263179,44.374659264435884,43.59726530113821,44.33782531964154,40.34521939192626,-0.6788204829862355,-0.734304263829602
2022-08-15 21:00:00,2.0,77.0,16.0,45.0,2.0,28.0,48.32381008232468,23.79715029926097,7.993063305412272,5.871486019965978,44.059935771811105,47.045713346414395,51.939187062953884,57.81020475009393,64.58794942765294,72.25207437342122,80.51477917168332,86.10947404513988,81.74456070238213,73.23075856078981,67.328351121336,64.0436305239069,58.969940232297326,49.992202005689016,39.960901579432615,28.522400463089532,24.32697720032034,22.016334878417833,25.42064762532677,30.91392665130333,37.535789122147804,-0.6913512362094071,-0.722518835873311
2022-08-16 21:00:00,3.0,78.0,42.5,32.0,6.0,6.0,50.247981025072676,26.638540709613448,8.387456348024331,5.0809259811146505,47.04273588663514,50.84099075128397,56.36326053308287,62.91264763135571,70.48210389270473,77.6008868928988,72.76904387125558,71.40394828022599,72.56555913404837,73.34782461928185,72.76717408516103,72.98326433928308,71.80714589512624,66.62079316113712,55.23610254572999,40.2431139078769,38.135976930990076,38.77900946896641,50.32833914254827,65.66905266510258,65.22115027440945,-0.7036774074790128,-0.7105196029692745
2022-08-17 21:00:00,-1.0,63.0,97.5,19.0,16.0,3.0,89.93549089385657,36.37958773106918,4.453415565214634,5.848065330237204,87.04945188808101,90.07276773021239,93.21048024369854,97.64217735836277,98.47328765188252,97.8268288377361,99.12699419084836,99.47818596754668,99.8537122062166,100.0,100.0,100.0,99.39448064233487,98.23281471808941,97.89255446165338,99.1586770652449,95.20538697662914,85.84478465166472,77.87734374111344,69.01877210474545,62.77263579227691,-0.7157953492826642,-0.6983101158835584
2022-08-18 21:00:00,0.0,64.0,97.0,12.0,4.0,12.0,89.97622922345559,33.86159127204662,4.9076474449229055,5.720386540722691,96.26817411175298,97.92753858374687,99.66585259364011,99.53792963602885,99.7418917189988,99.2957168986083,99.49617049089477,98.88020428952883,98.5689457964482,95.14375678098787,97.75963063788687,99.65021302236704,99.59472477721353,97.56169766146945,93.10855353302189,84.89730703275085,73.70368015240267,57.91783851602248,42.09430367669996,22.91484887727668,17.449439516277803,-0.7277014757264236,-0.6858939875998223
2022-08-19 21:00:00,0.0,74.0,57.0,28.0,7.0,28.0,61.6515616294066,32.269377312573994,7.305198116588368,5.192864259931767,61.788185396993164,63.4218009889822,69.68826691041154,77.06063633485972,85.15653663605536,89.34818675655592,95.94307958223504,92.21430976177908,87.79311546014868,85.71740042638888,85.35470391163241,81.56924350821491,76.72210455767178,71.94843063641653,68.51522554835594,65.73247658378834,63.0736831267446,59.49639777391626,56.58531857483041,51.911311630255376,52.061555578344155,-0.7393922635959241,-0.673274892250183
2022-08-20 21:00:00,2.0,83.0,8.5,30.0,3.0,26.0,45.84229838516558,30.32752670135768,7.963543149546254,5.899702928372061,46.423043094812506,49.247442926758,54.29692884883972,59.59001346722652,65.96850308478525,72.18391027068193,77.58653840713471,80.26030654054857,75.87414725060611,66.6114335977998,54.76734920347136,57.21039879702494,60.4172443473714,62.936900417408104,64.26232756753149,64.46204997284599,61.85798924527507,57.4402986028762,55.51765034873974,52.038673589925665,42.124991217645416,-0.7508642533989489,-0.6604565640279754
2022-08-21 21:00:00,-2.0,83.0,37.5,33.0,7.0,18.0,49.209015523499446,26.06790915726987,7.9544339037494876,5.537843352793784,48.34526649302407,50.24065988845867,54.86455610705063,56.90244963480444,58.85759650046813,58.4370121758637,56.44828518481456,56.42755279083844,56.73183930083029,56.67979719409802,55.80830918623416,52.711774223996436,48.35644242833898,42.8994613487359,36.908238063306165,30.321005777719513,25.37724914169615,20.304275143240787,18.322244852552387,16.24451685496726,18.016345942034384,-0.7621140503891487,-0.6474427960827475
2022-08-22 21:00:00,-2.0,78.0,67.0,27.0,7.0,19.0,53.97125809200247,29.07735882417144,6.7124803754436675,5.75972588116887,57.43058360315311,59.7386051488218,65.55773261459898,72.80834741161102,79.79511518932622,72.51797883831729,64.37679692710338,44.128523365019205,33.52324072976952,31.28201260855053,32.63316082260262,38.88909624190332,47.28730169063506,57.505716807795494,65.48015123708353,70.82820370711434,73.55934404392902,75.20599193639028,78.92883568190214,83.47675619165895,82.5174938589293,-0.7731383255706026,-0.6342374393978054
2022-08-23 21:00:00,-1.0,66.0,89.5,15.0,5.0,3.0,83.92099672973481,38.46959153371382,3.879137780845055,6.051014558255214,97.17496369122726,98.85641535621966,99.32409127035741,99.75701886661244,99.53030383366422,99.33763659826906,99.50842405945203,99.75446817495327,99.53776727689461,97.32474740813714,91.28228866509565,85.38564641393077,79.68224408079577,78.44335174558982,76.78600974119274,75.38922004034745,72.37468517066333,68.27766676720441,65.13848143304197,60.58278615018082,57.79673847170517,-0.7839338166829201,-0.620844401650647
2022-08-24 21:00:00,0.0,72.0,68.5,21.0,2.0,16.0,73.32748485196429,39.74720370794379,6.769512538255338,5.458400981267954,61.902058416199694,64.42841913047779,71.400272516815,79.84787807481172,88.83252282750007,95.42594044784687,98.5915933962462,97.52912612645235,95.40355914384214,94.08001250639991,96.64814366691225,98.4564540940335,99.14736877524301,99.31925564548209,99.94090703393522,100.0,98.06357624035684,91.97065622255526,75.0144699912625,50.24661439112072,39.04235693475873,-0.7944973291665992,-0.6072676460566135
2022-08-25 21:00:00,0.0,74.0,24.5,43.0,5.0,32.0,49.659407487470894,22.308387632580374,6.152399569309865,5.741781502268123,49.640513561745124,52.9508319049029,58.79879848374292,65.41098195951355,72.97277059300313,79.19141820347598,74.0576073804379,65.52103430355292,48.88076240645937,32.44232325257343,22.86668799109845,23.31720001397932,26.639806655349663,33.04835495691802,41.08700774663352,51.01528268932864,57.362756705469465,63.8238078108546,63.6098479316009,60.32063270644821,57.69134891845523,-0.8048257371083452,-0.593511190196115
2022-08-26 21:00:00,3.0,65.0,93.5,7.0,4.0,2.0,86.88945131427035,38.05774988240422,5.045690804739228,5.426706141460744,93.86240667867796,96.57781356745535,97.9561632275348,95.808254285745,95.11282795678946,98.4756065652402,98.7340415846727,98.61730229125212,98.08561293956087,97.75043223799729,97.9495901750764,97.10992821306516,95.91780976741497,95.25324403603032,94.85923413984386,95.94828100162192,96.37090815006773,95.78401382988811,92.77990876074404,87.92253904423436,83.44856599623407,-0.8149159841660791,-0.5795791048257612
2022-08-27 21:00:00,1.0,69.0,28.0,38.0,5.0,34.0,54.66844296879655,16.69854496014691,5.298847750324903,5.918719262747698,58.38462455241715,62.66207655003869,69.20225317432411,75.95979963375052,76.13939987495426,73.51902629346505,75.76120123482146,76.46246156134578,66.25947922910773,46.30568881016349,20.245456241789682,9.614511624436657,4.006538732702742,6.573557144333033,9.303452751678167,12.25737537196297,14.276608942129904,16.177730751121498,18.206994824864303,20.434620393378182,19.089194853153096,-0.8247650844733614,-0.5654755126737576
2022-08-28 21:00:00,-1.0,74.0,14.5,37.0,5.0,22.0,51.50253858578976,18.075923146052947,5.013151679886607,6.232905798448079,52.50748176405398,56.210664197190894,62.459398629234165,69.00711043006883,74.77461131998547,72.7797567993737,57.86423017910067,30.922988344529585,18.759877967630853,14.977326428628421,17.122239050062444,19.909935285651432,22.043020397580385,22.374401963964903,21.319649154257462,18.929302015098727,17.322471774777195,15.516105269501224,14.590738240986445,13.39879384293486,11.123563255566006,-0.8343701235229537,-0.5512045872199277
2022-08-29 21:00:00,0.0,81.0,59.5,29.0,7.0,21.0,58.331755493830606,28.671770544733903,6.466111251415879,5.446481624173621,57.90362845681165,60.26792833580351,66.25767927878212,71.75648460904989,75.44876614508601,77.90043347783454,78.30639227693051,77.19352773842164,72.43632306439254,63.157672068895586,47.12955516606536,32.297196160610916,19.17252896100779,13.56302229163677,9.686293141331106,7.545625008695962,5.657368745473598,3.554367111888068,3.023448145547887,2.882593792838531,5.409780235889645,-0.8437282590292712,-0.5367705514607103
2022-08-30 21:00:00,-2.0,84.0,17.0,23.0,9.0,19.0,60.77429405187472,42.28784783932134,7.1124258552371185,5.547638414698806,59.39313756931245,60.633494599388904,66.7853443739328,73.63484105054634,79.73162350543298,79.94642273332498,79.181288625943,78.63489479166732,78.59687816101382,77.42340749037464,73.64283652141013,70.70192469380083,67.04464148213378,63.69200195871302,58.472375019182365,50.868008269321166,42.21461296695447,31.28884549862443,22.06231791806729,12.511037265344902,8.52767142066561,-0.8528367217694595,-0.522177676659508
2022-08-31 21:00:00,0.0,71.0,85.5,19.0,6.0,18.0,84.23031123420772,26.832656691868955,5.69744155508646,5.689073570491965,81.41824892337918,82.016402013691,89.76034509224388,90.37264948472989,77.77005710313439,69.34327018383063,69.12984379322982,66.63051837421324,58.881974573522314,51.00733702520027,45.76037583734401,40.55435509980325,35.35764993539375,28.963384691788725,22.05826378380141,15.395462514706445,12.026001327043701,12.625096569917654,13.558611070126625,14.590843685806698,17.093289180056708,-0.8616928164028521,-0.5074302810827518
2022-09-01 21:00:00,0.0,68.0,39.0,39.0,9.0,29.0,52.54132558106587,20.552604841372823,6.283464189115645,4.9885464402944955,52.39221790892624,53.62598985237006,59.24657794926641,65.85103259850004,73.90360516305068,68.60918939777699,69.06776064210126,77.01397933703697,84.99127947288748,87.02119628868728,83.24049788869603,68.42171940110241,51.97690464605109,43.873518023674706,38.15612938108489,35.05960249874257,33.15279997632475,31.504597267246098,30.562676739984312,29.085463131670874,27.04502220593931,-0.8702939222685674,-0.49253272872205434
2022-09-02 21:00:00,1.0,69.0,5.0,37.0,4.0,27.0,45.37847930932192,17.2636059207363,4.219577433677553,5.8231014264560415,47.66286687712285,51.321097586722274,56.9292025676014,63.287212213731124,68.45556796011978,65.17876056284825,52.90310414648277,39.067342699721955,31.249342305878276,27.119271268610373,25.884189523508372,27.926026218931675,30.360473272699657,32.959857222494314,34.3946664166572,35.2942787829957,35.492007372714134,35.157593662550454,32.304568613219594,27.637514724213517,20.751190822025144,-0.8786374941610001,-0.4774894280028391
2022-09-03 21:00:00,-2.0,75.0,47.0,23.0,6.0,19.0,49.80730647655911,19.88568103078765,5.885289274667932,5.82247964494279,44.560559729850546,47.155499876168875,51.884651403531144,56.91842072829636,56.983681479015516,51.52935272080226,53.77359544211274,60.19585971100735,54.351907505143295,44.32646606769785,32.985599193506026,29.472944294062874,26.862118524104524,25.76648741114828,24.331064169580397,22.39602478039291,20.24033059839786,17.30504074465635,17.424781017313425,17.98406989380074,23.803792292478814,-0.886721063082993,-0.46230483047981086
2022-09-04 21:00:00,-2.0,64.0,68.5,17.0,7.0,34.0,67.43214236750362,26.406725731571154,3.9068630235280866,5.444519360399956,75.63997292722647,82.33649725565735,88.96288815480357,88.91736032404525,93.2726062893816,99.2199405414627,99.94333542145662,95.62676886989561,88.48878036462364,83.09752458611854,77.8391825860893,65.61498776683703,52.229702180850445,39.5004289529802,31.61013618996232,25.826343837933436,24.336829566765825,23.317795667643235,25.08624156332404,27.21734772383058,27.850744475867316,-0.8945422369764496,-0.4469834295196741
2022-09-05 21:00:00,-6.0,65.0,91.0,22.0,2.0,6.0,60.49298141272323,22.785709491815552,5.290423464605135,5.849697802281329,56.23104888229358,61.64343821106496,68.47216368844869,76.96968651656765,84.64227257099044,73.93782966923553,34.41853420974604,16.397976205402117,22.35034162211358,37.86130631709261,61.02601175898912,85.76431003903144,100.0,99.06930860166872,95.00321809761961,88.60820986135383,76.01625620539484,59.838830055748446,56.21325193532658,52.977232264929754,61.913146087106085,-0.9020987014301837,-0.43152975897147144
2022-09-06 21:00:00,0.0,69.0,5.5,31.0,2.0,2.0,50.76859033508071,15.496074194310951,5.633155906342626,5.825743594691419,47.38794764787461,51.318823299769235,56.84023862769,63.66630889176209,66.80244548428576,52.161399750785264,34.71181616541503,32.376672527479755,32.971536080800824,33.882847764135974,34.54770392058559,32.52934804699144,30.91745210422559,30.196918025854703,30.394466578827164,31.147874092721928,30.801863697628278,29.477039597990817,26.634301053704835,22.285037064228515,17.575245411417825,-0.9093882203647925,-0.4159483918249421
2022-09-07 21:00:00,3.0,74.0,4.0,35.0,2.0,27.0,47.87462530153812,19.823429462967045,6.425849182018772,5.352651267029387,49.179432308671586,52.20106846496753,57.90012503990919,64.35323335728441,70.97317272702236,75.6396679912093,71.38919935645089,58.91841803358563,50.78868648100612,46.72065294890381,46.47378180915987,41.74944329305214,34.4056236290276,21.595013490242327,14.335412970330372,11.75553028441149,14.726979718213515,20.67883292247719,26.376375421784466,33.303891613360555,35.01650815695818,-0.9164086366943458,-0.4002439388573056
2022-09-08 21:00:00,-6.0,72.0,67.5,29.0,2.0,22.0,55.091227971046706,25.015775199618226,7.59587211010731,5.79965823298331,52.144004206999114,54.46113520921693,60.68448067326971,67.50105238934488,75.04842540307742,82.47769861349047,86.42328739645083,90.39835373247878,87.95612999198374,80.39477215257358,78.4911392038679,71.482663103736,60.71980260812996,48.43006150453248,44.38475266430044,49.26314659722745,52.087565669195634,53.400219344168235,55.619606703987714,58.2381436585982,67.6771192987049,-0.9231578729647039,-0.38442104726885545
2022-09-09 21:00:00,0.0,75.0,9.5,26.0,3.0,1.0,53.547836000224294,25.720412281187084,6.234194124971502,5.435293264114443,61.77812609777297,66.22843702053817,73.80761080897473,80.2597119187724,82.84537688465205,77.66330352562912,70.7765406118023,66.72841818212243,62.67266354096217,55.93308922373311,44.55654438523303,30.90590347610202,21.382449288837222,23.182193486474773,30.823859712745694,44.44070215051001,54.34717781276671,64.20949277682094,68.30313700809927,71.93836944477675,73.82479166524718,-0.9296339319682695,-0.3684843993077793
2022-09-10 21:00:00,1.0,79.0,3.5,25.0,3.0,31.0,54.11135105682001,26.852751741040887,5.3065672719366495,6.806797836729968,50.986819452709774,54.950181079381636,59.89447228576397,64.83607286135837,69.725610353822,63.47760089365643,39.76286721808632,40.83581682636594,43.51362271017499,44.69598213174065,41.941925568789465,38.51405344422206,35.94075330672407,35.63350500017782,38.043383176853716,42.99779419248739,48.54925918509911,55.30684390597218,54.26740734765927,50.58880897762717,40.189506135214465,-0.9358348973349941,-0.35243871088460327
2022-09-11 21:00:00,1.0,80.0,8.5,30.0,3.0,34.0,54.25092267518391,23.35876318249418,5.982010419314232,6.916009496582227,52.547860788581914,55.659953946886276,61.955972057940535,68.98149357425754,76.68634572595822,80.29272648665598,72.68911941298371,54.021417562580496,26.254770463778183,4.351277585002328,3.3639680347611076,7.469384400222416,13.196285501942473,19.12775260700584,24.08114682449698,28.253069045450818,33.55170482820927,40.11000755120822,44.371028888129175,48.015842530845006,43.58751088631168,-0.9417589340994617,-0.33628873017668287
2022-09-12 21:00:00,-2.0,79.0,31.0,32.0,2.0,33.0,54.11135105682001,32.130409279242265,7.28434671142387,5.563425087657923,49.595337243098506,51.098248423727185,56.86386192762897,63.218288887486295,69.94090230214765,77.47075849167985,80.90335549393973,80.5734793900047,78.79893931456098,76.14224148229296,67.55400219640067,51.67085813568022,34.376121170893974,42.80637179263184,52.16622272327286,62.15262551132472,74.55653351134971,89.69558315384394,91.09794244512288,86.30565680990163,82.85046106462195,-0.9474042892438845,-0.32003923622313857
2022-09-13 21:00:00,-2.0,74.0,73.5,25.0,5.0,17.0,68.55087020336482,33.688127204957894,6.7870278085015805,5.030327845632434,58.9298281210222,59.9535480481014,65.57150088965582,73.98924351891127,83.24556745257972,90.38025873245074,87.12025041675672,76.64794942011484,67.38414604404693,63.434253955723705,66.3864101355359,69.06724833983485,71.69142385694907,68.30120468994652,65.66901204363667,65.39097030334739,75.90373434381542,95.34278041135542,99.9083833273501,99.73289405188652,98.47543282882178,-0.9527692922168511,-0.30369503751065885
2022-09-14 21:00:00,1.0,69.0,48.5,29.0,14.0,29.0,67.99815268764517,24.766107395281026,6.231342822388628,6.403103397702198,63.749395210676084,64.09386772044807,67.52782690893916,73.95494678413125,81.5474337882217,90.88846358378356,96.8430326797113,98.02564970673659,92.46347154669556,73.60640597370033,59.322646212703624,47.92726167799148,38.410248657203674,30.355108152965123,23.18175702231192,19.572449590707343,18.010825246386993,18.752989621144604,19.935021533118082,21.29355193505564,20.535261558856728,-0.9578523554276669,-0.28726097055059635
2022-09-15 21:00:00,0.0,58.0,29.5,49.0,18.0,30.0,43.64681638245789,10.783278046370164,5.391079830249155,4.884704313271553,50.96833558768671,52.34458530823388,57.38548874380092,63.6565175386703,71.49756413340124,80.29464430470892,82.24269756117091,77.18717492459469,68.2420127278315,59.0364255595031,51.01555912923866,37.94797776253526,23.521099497711806,12.429585096557094,5.5702839896759695,3.5138160274522976,3.898197561483438,5.740189753816747,8.536127690846444,12.166218893514557,20.967421838977316,-0.9626519747161487,-0.2707418984477642
2022-09-16 21:00:00,2.0,57.0,5.0,52.0,14.0,32.0,43.48654088234562,9.662183166867536,6.100232498697872,6.125932086110506,44.27728739043707,46.39533653211233,51.358935398003794,57.360593744396226,64.48604736871489,72.80944294243567,82.58816672159858,83.35103160474837,66.76374061627362,43.343339297795076,21.090605838228537,13.591039111120306,9.962736745324936,11.84653640835312,14.449381017016425,17.89319978355504,19.40746997320465,20.47878898083666,19.501612240542833,17.45854906375459,17.352198484130305,-0.9671667297977312,-0.2541427094613622
2022-09-17 21:00:00,1.0,63.0,34.5,32.0,6.0,28.0,44.44106525401361,11.810054693531425,5.59988723082993,5.582599217330333,42.97066235311865,45.751632554601166,50.66982205929337,56.03409320053753,62.55105216565572,68.16953501137752,66.10643154929173,55.96738439755514,45.13591985523703,37.37658848522834,34.03475969722428,32.618818019339365,30.061114517768832,25.121108627278343,19.163303474543195,12.060543228565251,8.028727810574393,4.10701933411525,3.37916509408867,2.8409317610534854,4.10823413401185,-0.97139528468375,-0.23746831555846842
2022-09-18 21:00:00,-2.0,60.0,54.5,20.0,4.0,36.0,45.71985091173706,6.600875918958747,4.786992962701783,5.74350706141717,37.323065529305396,38.41872302611849,42.04990065323164,45.86184033988941,33.090033877562,20.20763310962213,11.015445126876392,7.626099543053268,6.71790331136166,6.848175722674715,7.016900598670849,8.56644340512114,10.416435973832858,12.235051151433614,12.885433558577287,12.271925753282927,13.056472693439607,14.391607064240741,20.614077432144935,29.322817364742733,37.843523664939084,-0.9753363880767837,-0.2207236509605022
2022-09-19 21:00:00,-5.0,62.0,47.0,29.0,2.0,11.0,44.28316618676782,10.295673791888147,4.970918880403278,5.479169607244889,39.27530395322121,41.18316389094698,45.4244972811464,50.935751330669696,57.01144922283979,46.64341164496656,29.306147583609782,21.49759204158059,16.406536041863852,12.217756764927183,8.13174032834043,10.543039353378694,15.544076379026922,23.75583423342447,31.00084915502288,37.486389464227685,40.416384432468774,42.1146854941432,44.059311812409526,46.36977037536427,41.048613956158,-0.9789888737409319,-0.20391367068311472
2022-09-20 21:00:00,-1.0,50.0,95.5,15.0,9.0,5.0,92.80574990264651,27.095012905473524,3.3447052422089256,5.966605030412434,95.00000782805176,98.01130281537068,99.78717448946304,99.81089320861662,99.4277417919828,98.76172143738998,99.85602994455473,100.0,99.74578247013565,99.33573904807322,99.09476144379867,99.32234159958846,100.0,99.72599970579458,99.28758938416098,95.20937650731555,88.04730476402273,78.72240720409779,78.35180578109832,80.3142476490394,72.9821165247601,-0.9823516608469237,-0.18704334906991657
2022-09-21 21:00:00,0.0,59.0,77.5,12.0,2.0,31.0,83.4729949423497,21.60504563127256,3.169559349949672,6.217601257073179,89.1325391926966,92.2005315555509,95.46740691973636,98.50873053243208,100.0,99.72827436786801,83.03423595290002,74.96545410217482,68.7999191001919,61.93850876053082,54.098828236816075,46.815915335397705,38.30810047108494,22.525177204782214,12.791665374507948,13.40309168021453,15.585911332209342,19.066392973427572,25.413571225539815,34.483144053067925,35.725482482030266,-0.9854237542919524,-0.17011767832049052
2022-09-22 21:00:00,-1.0,60.0,95.0,9.0,4.0,23.0,89.81180460792064,33.33643634553855,5.721282191563353,5.097453585891933,96.42161154179252,95.53122639930986,96.00088643155648,95.0775826758048,94.62707050399564,92.58815877349691,88.72552008444771,85.74759092761703,85.16792493278416,88.72569324125337,93.08580106145547,96.5875038789948,96.65792805127892,97.82095054525495,98.6880899015472,98.90462306999494,99.20791490694712,98.95811302797964,99.1082231068389,96.45770953688995,93.67948255221711,-0.9882042449941422,-0.15314166701312007
2022-09-23 21:00:00,-1.0,51.0,93.0,34.0,14.0,34.0,63.378905343243986,13.640978146094465,4.815986960126432,6.135243251101521,68.4868160951721,69.01068202255956,75.00357937497785,82.52715776823938,89.98875970397943,95.84818654702899,98.42739122156358,98.88929185546239,89.00084878880769,66.80763293954085,52.624474327746896,45.54269174652752,42.376157630137676,37.15033611311143,30.610436591215358,22.96086990443678,18.06795749900727,14.957728552973126,14.165515655728747,14.275635266516884,13.442190768962606,-0.9906923101615609,-0.13612033862266704
2022-09-24 21:00:00,-1.0,59.0,34.0,36.0,18.0,31.0,49.26125840715532,11.932189553139686,4.818347330048299,5.98175307049171,56.3238530130444,56.63041046825408,58.39128019396613,63.764099238842164,70.41930035358263,78.21248690897636,86.54216370871929,87.59221172055298,71.44693259189407,39.786090722598836,22.826008981079042,11.448029183777043,3.568379525530635,2.2331814339887015,1.950840291584287,3.4697177463152853,4.756650749847387,5.705435572637407,6.069720333208549,5.886889445205694,5.3941771061203765,-0.9928872135356962,-0.11905873003404988
2022-09-25 21:00:00,0.0,64.0,63.5,22.0,6.0,20.0,53.95286976616358,19.47862668330041,6.969736857350446,5.427021115163163,57.85927887481888,58.17394460535652,62.01777320157243,68.70884458844732,75.66935600470009,81.23373763284238,82.61630386757535,69.62097009509296,50.74641547714145,41.72246119055415,41.736399949225095,44.65356018843498,50.49998202831822,64.4542495753327,77.68373063965433,84.22219996788307,81.19109870211932,67.26912146559931,56.261164357786264,44.32115790112544,41.321478430734466,-0.994788305609327,-0.10196189005174576
2022-09-26 21:00:00,1.0,65.0,44.0,21.0,6.0,20.0,75.31445549860848,25.360333717545853,6.781471381056546,6.752892314290189,75.28069903213934,75.23928484081075,79.56237764305199,84.47648033407128,88.09328808804521,90.99226717124739,93.51117461544709,90.09041155268667,83.01618479339159,77.9751488975291,72.71810300863443,67.90702591865583,63.696665002083286,62.244048948913466,59.813578824816226,55.87525736500608,50.61046211095872,42.70260974100694,34.794093124438355,24.36412988328281,19.200669015786676,-0.9963950238187231,-0.08483487790576538
2022-09-27 21:00:00,0.0,64.0,69.5,17.0,6.0,17.0,72.54211374670008,22.29421439350532,7.356940285011529,6.545789576256019,85.44565118426442,86.95150845189285,88.02092851120601,85.24574926830347,83.91409147172868,84.93239060394296,87.47350193524554,88.94469538259098,88.19890709449058,85.8710725376578,82.73222567278977,72.67653755689231,57.03014362504678,41.891420290615535,26.497598819013945,13.96311792214684,11.039045132739975,15.859910452593104,25.135260381887527,39.14876096023926,53.38045657856334,-0.9977068927101168,-0.06768276175455162
2022-09-28 21:00:00,2.0,62.0,45.5,20.0,6.0,30.0,64.75536744234604,20.125937400731978,7.235923464745934,6.581201507595641,70.50953617959594,71.76885398030292,78.21625072262921,86.0581858558364,93.99842652221733,98.11617118145838,97.56773087714235,90.85924667591898,79.99717878901687,73.17695175841901,83.2124208340048,86.08430521211355,81.5989656796271,58.62801879419794,43.879299946563755,36.52190044639617,34.827339505959785,34.684871033272614,34.66440249771237,33.31667316091399,31.213640764562978,-0.9987235240803972,-0.050510617185222886
2022-09-29 21:00:00,-4.0,55.0,39.0,35.0,6.0,33.0,54.72934506863234,10.968331663539576,4.920981010097326,5.693123735328455,59.59093593339667,63.42724187124951,69.07693757652727,74.4759253784113,81.05178228026405,87.71503067220424,90.66173812199291,79.49740419583755,47.03430619138241,25.950932399856836,12.87429805997835,9.865892831956312,9.195342065354497,11.318627358430783,14.988294994595073,19.895917288754667,22.12598693039985,24.578130441424527,25.21552745303176,25.76575536946919,25.80067481958198,-0.9994446170919858,-0.033323525711631344
2022-09-30 21:00:00,1.0,61.0,2.5,15.0,4.0,23.0,51.50848190095141,14.60407739569819,4.8539724962472865,6.227835948950338,56.83813001497997,54.885684788769765,56.77788077279058,53.343508096147154,43.18695039123689,25.745289083427053,21.9287726463392,28.410464467681184,37.490906375389734,46.22632872686487,53.78010757451318,56.78203162875478,58.34959122741079,57.001000054282,54.52634900156488,51.08672803937014,46.897964605468005,41.3389818304322,39.76764522593454,38.005546394333464,36.99771592385465,-0.9998699583618592,-0.016126573270657762
2022-10-01 21:00:00,-2.0,60.0,86.5,19.0,5.0,36.0,59.82966211519545,20.180906144118076,5.386785450016643,5.1251810951996095,69.40417032950718,72.61753415960877,77.73292347857661,85.16456390753892,90.39359658232819,93.99226959599471,97.86462320787551,98.96387915026202,98.54075616338591,94.64515879495308,88.04381596155538,82.73805789174114,75.37430625903045,64.26970530682384,51.772272704550836,37.509869997686415,27.236579739998824,16.363613485316336,13.22315961173181,10.637858737717337,14.076047365264449,-0.9999994220246925,0.001075151282798226
2022-10-02 21:00:00,2.8999999999999986,50.0,14.5,30.0,7.0,1.0,44.12120699263476,5.959609167960339,3.490810326900484,6.541416806736196,46.91104216645058,50.48533585529289,56.10202965037215,62.9399629716719,69.98815748461135,65.8060254362384,42.023061914779454,17.57145668345544,7.955125513470468,4.692213139346963,4.604654254660788,5.741557069094955,7.228124046729461,9.15322846560894,11.635547645412876,14.783069867271417,17.189940188262426,19.93935566831829,19.705089550739423,18.64788630201065,15.566705384310877,-0.999832969770105,0.018276557681691223
2022-10-03 21:00:00,4.0,54.0,2.5,11.0,1.0,32.0,46.59422643583257,8.359214259853195,3.6348032131015997,5.289350822055118,45.02516017414573,49.17468161606322,53.85295652392974,50.9898017097928,28.92059696224979,9.602179830380573,7.98261055774344,11.821628028249313,17.684890845213243,22.76607469083631,27.01639578272726,28.373166868976767,29.01187136267603,28.65613921937206,30.538011976037318,33.19985040868568,36.48584129891048,40.455291358291646,41.33693247476117,41.989439909518794,39.13273072285648,-0.9993706508539969,0.03547255575312556
2022-10-04 21:00:00,7.0,58.0,40.0,9.0,3.0,20.0,49.107602398074,7.975870252268925,3.6847907830674247,5.8868019123103235,53.74431029486573,54.28188309663524,41.612228107543864,23.089142206354225,19.56286125968861,15.346304922333367,12.003391840393398,10.1765848303245,10.281044877624806,10.919021859225806,11.871796929971765,13.71776418309615,16.32683715310449,19.997328937348303,24.347184217539613,29.36927002406906,33.95422557612691,38.99541621747019,40.71770655238156,41.77047337648146,37.126954866142185,-0.9986126020839734,0.052658056924614005
2022-10-05 21:00:00,1.0,63.0,23.0,10.0,1.0,13.0,58.017639995610125,15.469237783100619,4.523258548717899,6.318169179167697,53.81824950595201,55.527304351820774,61.98514857748844,74.27039104736838,74.07319680741546,60.07513859035002,37.80884726849204,22.62275828723412,12.464780389011802,6.727880564693188,6.356356975909698,8.385439228249487,12.655769976348196,21.987203382392355,37.47431229734377,60.4982647009223,73.51692885270334,83.15574773697698,78.46744703399447,67.71466348554922,60.82074117339796,-0.9975590477788613,0.06982797572987089
2022-10-06 21:00:00,3.0,68.0,15.5,10.0,1.0,22.0,56.5773530853524,22.4365234925722,5.7870053711374565,6.830350593504276,59.75749107482562,60.94389433558168,65.33492086445813,65.57988114192526,61.47692845713215,58.78143671284206,58.34837307123226,59.12142152596845,57.68341129485572,53.60630415568364,48.20526117610059,46.465656136804974,47.082501297975824,51.82925281739732,57.208487462931934,62.98058897943108,66.94190585004797,68.88755479325994,68.73580391294098,67.22154140570512,66.32664333220607,-0.9962102997023297,0.0869772313136861
2022-10-07 21:00:00,-2.0,65.0,73.0,11.0,6.0,17.0,65.11877527904618,23.192497446880665,6.657344280008783,6.575554545311294,65.54308287761489,65.42833454078756,68.72271910347216,70.72543752382528,66.52583329638794,60.01415385403109,57.76662802433676,58.70431581675029,59.92923126762094,60.36053111246197,62.949617330198784,65.70918884734407,70.41598375939245,81.02142039651591,90.05182599153456,95.1558040397393,96.26554745090714,93.56490592279887,85.49421528624359,72.19928184460348,70.2496227011992,-0.9945667569706337,0.1041007489354256
2022-10-08 21:00:00,1.0,49.0,4.0,24.0,6.0,27.0,43.95860445689687,5.222854595038743,5.368342370718576,5.655755381822452,37.41303316918215,39.116472750270425,43.60691415863206,49.125594786490346,53.50765643057518,45.51111834227927,30.202838852023973,18.09178899263369,12.90060662861914,12.18779355802207,13.502762537151305,14.093302628303517,14.30209594340735,13.952805197328416,13.457475864572574,12.824680967747243,12.696312989985234,12.814500692120228,14.974683028315386,18.226979608538333,23.997065328321952,-0.9926289059345095,0.121193461470736
2022-10-09 21:00:00,-4.0,49.0,72.5,20.0,9.0,27.0,65.65067581632282,13.1959667929921,6.870220859729338,6.095080640985418,77.98869397291642,79.30197879400058,82.93222685976238,89.01877910283591,97.46955028797474,100.0,100.0,99.41023921620392,99.4765397203747,99.61508787177335,99.2595044326046,93.95423503525363,86.24023921841872,81.68284677722237,71.80467534114521,53.4207107570182,39.89686984621735,27.472777526238506,23.050171420000957,21.21899075659517,19.714849739371594,-0.9903973200352558,0.1382503109109819
2022-10-10 21:00:00,-1.0,49.0,19.0,19.0,5.0,27.0,45.79565437652251,8.025325707635565,6.262285693250271,6.0608865601382895,46.522245969881936,48.245354104169174,53.109340337094956,59.70824779188016,67.11490222645452,73.95686675012733,74.81180221486356,74.55210419094477,64.20614907205882,50.41851837076051,37.21288099849535,32.31659993655401,29.98622328025825,30.901525033441242,33.90782752557848,37.96103506927944,41.71112004771022,45.84653153727531,46.20605551465773,45.08613066409906,40.734606630972955,-0.9878726596350429,0.15526624985999563
2022-10-11 21:00:00,3.0,54.0,27.0,11.0,6.0,23.0,48.487616311574946,11.041290480180228,4.813189340197869,6.0854621810466965,47.42744865155331,47.16267318157556,51.234129179621576,56.69759111304982,61.61904830207081,59.235525726488284,41.05893311325598,30.503253598735437,28.80764710551049,30.775578656731767,34.67939314565517,36.724240536252026,39.0249912471548,40.91861742077584,43.47176208292489,46.592517030963165,50.19879099726009,54.56184705484267,57.90140418277545,61.53854496062705,62.646716183764816,-0.9850556718215013,0.172236243027682
2022-10-12 21:00:00,1.0,61.0,51.5,8.0,4.0,20.0,55.59417457887699,12.723573644406784,5.251081821629021,6.21036578169447,56.43996125014418,55.64315434022168,52.8341809529956,53.49573763352167,57.185695443866344,58.487990263584564,56.08986404674911,50.9393164194756,44.57226706039179,37.38864431398946,29.282835935745723,22.05575976016288,15.340260520959994,10.441107731982283,8.441212587543024,8.284334814175722,9.537361667879699,11.394289650114569,13.605981029460725,16.780081340474677,35.5549692888083,-0.981947190186646,0.18915526872004093
2022-10-13 21:00:00,5.0,63.0,42.0,17.0,10.0,16.0,60.22936578777025,20.134139011843963,5.612598721691766,5.445924521778333,59.811846042156894,62.60640665381116,67.58824311074386,71.54486968806818,65.1221968834875,48.94420599746086,40.47353961997574,51.70411553957736,68.73401911654177,78.31152483921612,74.56173960356514,66.98695111647693,62.64590611746566,65.32758469944825,64.60232539478,60.826733483546526,56.545055193954575,50.5858469105876,44.65027698242239,36.71335056017132,33.11679037530152,-0.9785481345802031,0.20601832032517084
2022-10-14 21:00:00,-1.0,63.0,93.5,21.0,16.0,14.0,83.7311746969401,33.17184914776018,5.12091625774157,5.026955291970941,87.24453054302056,90.86539392289184,94.1756891103115,95.07432618240203,93.52719572577627,88.0500039458748,80.46012340685823,76.5440029463524,78.09249565478524,83.05234142486879,88.40370989499382,93.65694205489325,96.589548818543,97.72033003368487,97.58946366732965,98.46806790212031,98.06755590264396,98.51519299906747,99.1576909855494,100.0,95.38817345679942,-0.9748595108374125,0.22282040779479959
2022-10-15 21:00:00,4.0,63.0,81.0,13.0,6.0,17.0,83.7311746969401,28.26852879280334,5.770950387163999,5.579929375434166,84.9988569776169,87.14858817198257,90.20157398732434,92.25594438512567,93.94273738941756,80.72215252560434,64.69731226899697,70.04863873584904,78.84002743239786,87.23090998722161,94.18331700888969,93.89745302867725,90.55443775911489,83.52134058787932,76.88161095945408,71.37865823888735,53.50112029296202,27.62974756343511,16.216740405826883,6.6351651198240065,9.728819328142588,-0.9708824104813836,0.23955655912092708
2022-10-16 21:00:00,2.0,60.0,5.0,13.0,1.0,33.0,59.82966211519545,14.475813386184242,5.670260647374151,6.08569451610308,66.86812505534144,67.26471255141199,73.84032592292408,82.35357497766029,77.84259921593868,70.75103774314498,63.19539602336208,60.25470016699873,56.16289611731927,48.31216961194489,41.0787519496865,33.66068246703917,26.394854902730376,20.362138264770007,15.446518053377048,11.84557483013945,10.198566260171653,9.372030349430878,11.779719301565688,16.138428593776347,21.981923701470674,-0.9666180104000972,0.2562218218071163
2022-10-17 21:00:00,0.0,60.0,58.5,13.0,3.0,13.0,62.13107935157103,17.150750341180313,5.690035620281564,6.336564131005056,82.66822587314105,84.72721482630004,90.85781837469361,95.28003115995011,88.09019811380378,51.34635741566556,37.11443268972657,42.183865854395854,53.48088719782314,63.32385140004704,64.99311148960047,67.62002212558554,69.98033628908188,66.41303712903047,60.8369172058293,51.69676282577613,59.04221641980326,80.80884005610969,83.72621572579287,76.23320099065404,70.37544382208549,-0.9620675724981452,0.27281126433401914
2022-10-18 21:00:00,0.0,62.0,92.0,19.0,15.0,14.0,86.7316845637647,33.316379745771556,5.5601640938385675,5.983926493146924,86.82820187019765,87.55064750214837,92.38015202183794,96.13439141259005,97.54491251428092,98.73027097263896,99.39441783470852,98.59145476265654,95.48367555026407,89.95470459857557,92.33740347651596,93.81406496168951,94.35345575414985,93.49371618500237,93.3539450805408,94.32015148636582,95.09438698338,95.8109738107067,91.57792235567774,82.9358984006829,78.42013433520133,-0.957232443323312,0.28931997761869527
2022-10-19 21:00:00,14.100000000000001,58.0,43.5,18.0,9.0,18.0,61.87217012818393,13.872815154030167,4.932342306503942,5.615467685154226,63.390634741483524,62.76535969733398,63.1100421648259,67.76540516003806,67.76898667178071,46.7947283658113,24.609450099374865,17.179425342797604,20.393425966766863,28.580117088292152,39.58416875627618,48.38204273148632,55.07174294445629,50.49421484734521,47.09575488116269,45.27590141716543,46.94413752231268,51.86447983203934,55.163162069391234,57.33972750931756,52.11489722334351,-0.9521140536681102,0.3057430764672831
2022-10-20 21:00:00,6.100000000000001,52.0,5.5,22.0,8.0,20.0,52.17862386930955,9.33552662854841,5.511568758029885,5.765467807776486,65.3614994214016,64.07075105121052,66.83472750691587,71.72897750470483,73.6059965632896,71.30448410722785,66.1588986823943,55.230872116416016,40.054467468570664,24.50351532827077,13.957501546550338,8.969946125915158,7.563887818726972,14.63976006392341,23.422304286106435,34.49761655434999,40.94880122527441,44.68681656539504,44.24290801909406,41.15212563607352,38.885835501056384,-0.9467139181463862,0.3220757010206104
2022-10-21 21:00:00,6.0,53.0,2.0,10.0,4.0,20.0,48.331274919997306,8.980693219061784,4.427092474740598,5.417742664270373,60.28034453356854,56.67720885410432,60.03767936246326,60.46240603002846,46.351669405271394,40.834760681548445,43.716523230902595,35.056858362384034,30.319352433224157,29.53556363206214,32.36731410420007,35.09019572454602,35.469798983070696,30.371932783937716,23.387337582044296,14.630856929669728,12.014548357448625,10.735278809222933,14.054834098291341,19.092277681778206,17.723594774316222,-0.9410336347451197,0.3383130181923076
2022-10-22 21:00:00,3.0,58.0,2.0,9.0,7.0,20.0,55.16433895681845,9.509531467133446,3.8542546126666464,6.562033680466399,64.9172555610645,63.98049467319963,64.86824136948738,45.05648182932725,20.12081693033289,14.173811826304911,16.078986973130295,17.894893611261374,18.507279167916316,18.370531027312946,17.569007294025702,17.400830710970695,16.68069171796132,15.435469440199567,17.28625757870099,20.97205735412621,25.96392695697064,32.279593648000834,30.8170253181267,27.44006244790719,21.214603877706057,-0.9350748843515574,0.3544502230989869
2022-10-23 21:00:00,0.0,62.0,60.5,5.0,2.0,20.0,57.88027759399017,11.631959842430923,4.910963531122681,5.748060618686988,49.73848317872418,41.053763546538086,32.560621659002834,28.40469548415589,26.149046710562217,26.102074770571214,24.79930496411904,21.67909927659963,22.789687296962065,24.77614557261934,27.38128793904351,29.190618264933494,30.661165232659442,31.475508226307486,31.77970659911128,31.76524276697577,28.897461553844217,24.852734830103234,21.948594273007064,18.109010231565883,12.992028055312407,-0.9288394302558068,0.3704825404820963
2022-10-24 21:00:00,-1.0,58.0,93.0,5.0,3.0,8.0,77.48256637144449,33.075554375930864,4.176159574794624,5.785060291881954,77.79920065168655,75.6794863108808,79.72242414165382,85.48666876602447,86.49864255515016,91.1831117277861,99.52789763531797,97.96820618751121,89.9430894502954,86.28823119783756,85.55587215593647,90.81616238598359,94.79671238331733,97.82456574371268,98.9951061306274,99.91142426736943,100.0,100.0,100.0,100.0,99.04886392547986,-0.9223291176290545,0.3864052261209853
2022-10-25 21:00:00,-2.0,65.0,82.0,8.0,4.0,19.0,80.92009306915742,30.471518149770073,4.475240182640803,5.917179291531915,94.67946024057207,99.43320938762635,99.65498791711211,97.41417137818858,82.30320287462312,68.10305633288378,60.59674515839618,59.91517218014214,59.8342539534984,59.87399552072892,59.837879066947195,61.44924962625898,62.07888699696542,61.18646780821177,57.09298959598348,50.41475233352051,52.145227541846886,56.0010634246765,59.66898811836621,63.586982736509746,52.59348204321799,-0.9155458729775467,0.40221356823680365
2022-10-26 21:00:00,-3.0,65.0,93.0,8.0,6.0,10.0,83.85808060243161,40.45609505006993,4.92745245661216,5.3933221399943605,94.75361866698428,96.45596289975387,99.38166925272243,99.41029633857909,98.46131549298221,90.82739677472179,86.69070349912093,86.20909492113236,87.68321805732832,89.9412473349183,90.97113777641822,91.1361852011989,90.53997411470338,95.29364593403376,97.91102108221563,98.46924437125662,98.47858915766255,97.94226006849888,98.52082994970361,99.52556043138432,98.02811827191668,-0.9084917035725082,0.41790288888678667
2022-10-27 21:00:00,2.0,55.0,32.0,23.0,11.0,32.0,52.62981304343418,7.431876555440632,3.0085889904551757,6.371717468972032,66.46507037125488,67.40148150207659,73.64509164390078,82.71739516455786,92.09602567760331,84.6620371060283,32.840040355662815,9.812453579963709,2.5263167583739663,0.9941576124871275,1.739359992179775,2.1647990281074985,2.424577390132593,2.3929931157720516,2.432516088601762,2.5530777419072073,3.175227394225905,4.106332135190866,6.375436152581966,9.440585024340894,13.713475168894554,-0.9011686968561569,0.4334685453485363
2022-10-28 21:00:00,1.0,46.0,20.0,6.0,1.0,28.0,49.20446645467534,5.3078464195502075,3.6960049361820766,6.392795249503405,61.11690692231555,67.52233280714502,70.57351215839829,51.14857739311343,26.408230263828614,14.959437270267504,10.85993339758237,8.609718708838653,6.805370508608682,6.066266714595603,5.830644772328791,6.357603789611888,8.574070147073876,12.109464669932445,19.580498914526185,29.21547791093665,38.089836604367036,48.268405020072095,48.36647501554868,46.87530605718766,42.426378035884035,-0.8935790198239952,0.4489059314938798
2022-10-29 21:00:00,3.0,52.0,7.0,5.0,4.0,21.0,48.1743939184296,7.723369253352922,3.583542901622,6.332591042842877,63.66286496998813,61.40557440029251,43.35337428500681,31.018824337204915,24.91137091227927,23.681170157542187,26.53215321745888,30.805615279608478,31.6557011998644,30.64344527928687,27.827001796010308,24.27847325132693,20.348379291286285,16.653148485239175,14.188029600011474,11.779018793735684,11.85230088330144,11.876838160190491,13.354819380387397,15.42658290289716,19.439656339309106,-0.8857249183835637,0.4642104791518923
2022-10-30 21:00:00,3.0,55.0,20.0,4.0,3.0,21.0,52.62981304343418,10.023288037453959,4.980502424506805,4.744232969986342,57.591571526255294,57.576788755217656,43.28671121187331,32.40606700915919,23.973068450279793,20.7144672347155,23.916283268535786,29.069846671224838,32.44072431832799,35.607753831302055,39.1747342910882,43.231038141313846,45.869706899681375,45.57470798319431,41.153257712089555,34.49874012028921,26.852383005108504,18.227386071772106,13.069576432529859,7.596384185307832,7.327421499084835,-0.8776087166898392,0.4793776594606945
2022-10-31 21:00:00,1.0,57.0,22.0,4.0,1.0,18.0,48.95341107803787,6.8334315955246065,4.874831772080034,6.506276758582209,47.27766692408697,48.18680872940047,46.80425840871275,31.77344847839338,16.772645841248615,12.298048297123708,10.204680432072841,8.73337292419489,7.937984541893997,7.461527435241118,6.905628905748334,6.920114550511987,7.677568996994955,10.701414584220323,14.151140076566282,18.335089605978798,23.14082482018172,29.080786020077554,40.74293748150507,56.574026320603856,64.01814935416664,-0.8692328164574792,0.49440298420761813
2022-11-01 21:00:00,5.0,58.0,42.5,5.0,1.0,22.0,61.87217012818393,24.452609919107548,5.349128080699279,6.196272403076829,69.25422682552153,69.36167040717295,63.319702236546895,63.37952407193226,82.86832450393943,92.21565546879447,90.7286718159327,89.46457618588187,88.88561560827,88.96958930002555,89.65957837636708,89.4591854151612,88.38670700762903,86.94564849883159,84.63450468998059,81.99169096071091,78.62018905993342,73.51431254283037,64.54093865924047,51.81604775111713,38.220069404177195,-0.8605996962501181,0.5092820071573356
2022-11-02 21:00:00,9.0,48.0,1.5,12.0,7.0,33.0,40.313950460575896,6.104086588788258,4.319311471606323,5.540315821813974,38.78906734672671,41.64652801934636,46.22638564806131,49.475295492430696,41.813756196787345,24.826362752580824,12.043422693980881,6.3227595531329115,7.527616346030033,11.965287817868353,18.691278926167744,25.4182395306704,30.94527991644238,34.6082908848158,35.493722812767146,35.62469078200413,33.31206576367501,30.168522668490816,27.514431510221755,24.014177889076286,24.341168089664293,-0.8517119107469189,0.5240103253675756
2022-11-03 21:00:00,3.1000000000000014,52.0,8.0,8.0,7.0,21.0,46.27635891221943,9.980771431243339,3.992333091675082,5.695776996079575,49.820846966570485,48.714976890946886,34.542321260215736,26.039333546505038,24.118826956473193,25.62615534102544,29.8179183487359,34.67004511237238,38.43010325417011,41.277604489338216,43.692484838393504,44.5709928100408,43.747153798764195,40.055797171366635,34.93852312409045,28.393399802808283,24.241030960847425,19.156405701066276,16.01517512937644,11.951606450345542,9.846534758692924,-0.8425720899866032,0.5385835804920232
2022-11-04 21:00:00,-1.0,61.0,15.0,6.0,5.0,20.0,51.50848190095141,12.042569570971999,4.710543377292566,6.701874357815984,48.97137982506533,47.308952558752814,41.72657097440014,40.57074682043442,37.439433905843025,30.342292326044333,22.285999755949394,17.29768253329496,14.908169360020516,14.38602346982111,15.57990911068559,17.74767423478261,20.224330820167427,22.747048758215733,28.94429190095766,38.374348118968776,49.72744959685392,64.50060365122975,73.27133058464767,82.48231739140618,80.831417611256,-0.8331829385891785,0.5529974600700271
2022-11-05 21:00:00,0.0,66.0,32.0,9.0,6.0,21.0,62.89408489266924,20.23405797341546,4.605253317329818,5.859929311003994,70.96107875489301,72.93669455202328,76.22736458600195,68.89896008187583,66.01316316686697,64.19239144293661,61.756304204217535,58.565826521132045,53.439301362233024,46.762638109267094,39.27914230212484,32.44086973349032,25.908761779027568,20.632896005402284,17.740199513779473,16.326968940285923,16.40716731876954,16.92567751182405,16.88761718157348,16.537183009784822,15.914459896504042,-0.8235472349556007,0.5672476988027229
2022-11-06 21:00:00,-2.0,69.0,71.0,17.0,12.0,20.0,63.26799955196621,30.32729401391408,5.699839001871749,6.585125542059102,68.60418986755144,71.44658714414983,78.50102316935272,85.37923826660477,88.23416651409501,87.04057387970387,80.91208576719295,71.51284550697586,62.81349188523132,55.108480663908885,50.66261275906112,49.91065842740291,51.04154914201218,56.1704057518953,62.165143760181465,68.91657682871562,71.6329655240421,72.74458768453441,69.10124225003766,62.25487775024503,53.07008616098637,-0.8136678304455991,0.5813300798152042
2022-11-07 21:00:00,8.0,58.0,7.5,36.0,15.0,27.0,43.64681638245789,10.397692774996948,7.493459085350597,2.040213721766602,50.50285273385858,47.7141826164874,46.03164042921518,48.04691012670883,52.77182496445631,59.841231891248526,68.37495966958606,78.63287064896105,89.35528246793044,96.92171581152186,90.19517648454925,60.9546288126047,26.33924949926027,8.95173195452801,0.33147413163055006,2.1634930784471136,2.367084987917664,2.1111671930649836,1.2037778320266017,0.4450506045912373,0.7277559961755025,-0.8035476485339116,0.5952404359043674
2022-11-08 21:00:00,-0.10000000000000142,41.0,16.0,41.0,17.0,32.0,37.491102242919474,4.918395485098817,5.693460593103393,4.2625817007997195,41.72807690034471,46.74137489005025,52.70546365197792,59.54419682986378,67.65929010319158,77.67502124908451,88.23865002165839,96.07805575437573,78.19426722014748,55.50267977241899,35.91057552227269,27.858939250785753,21.84897125405,17.175963450292777,11.69192757166134,5.906535708490416,3.900830414299468,1.0547044977061149,1.2145018087230361,1.3980609063787128,1.436534616991754,-0.7931896839451843,0.6089746507720486
2022-11-09 21:00:00,1.0,41.0,33.0,6.0,2.0,20.0,40.857748846870756,8.666404997670238,3.440717320314576,4.408164285912379,42.51769406230979,47.51448263263739,48.98928110864746,30.748709226589867,13.611870483259755,7.985424856613102,7.094193751193484,9.721906098056987,17.41208353378867,31.892801955973365,47.84764325395715,61.28053681562159,65.69563230483344,64.39221688073326,67.9927524610084,73.33707016517718,81.43221674062727,90.78671786224139,94.48784958015408,97.67100652843914,95.60321007880704,-0.7825970017677834,0.6225286602431057
2022-11-10 21:00:00,-3.0,54.0,36.0,7.0,6.0,23.0,46.59422643583257,23.399510984146044,4.4847839888667504,5.601212649087632,51.618288006083176,48.11030536773296,52.20121664661727,66.02241101159932,77.48298351287355,91.88357268109844,97.40075926168622,95.20153736313007,92.52195892184464,90.96061331530953,92.11721619891135,90.06376075932513,84.49343805024195,73.89660437113916,60.785795982045975,45.295518736827724,35.95734024982003,27.965883183918894,26.649902988093533,26.299189775657556,30.25284639521455,-0.7717727365467837,0.6358984534680745
2022-11-11 21:00:00,1.0,57.0,71.5,4.0,3.0,14.0,57.184861040309485,12.374710043597561,4.142100934802953,5.9319295430759675,66.74050643436101,62.09461971282142,57.494295983440956,44.54025510281572,31.041401507168075,29.682016242846675,34.3386485054931,34.38071995372099,30.99549060755045,26.888658031551284,25.36776593632769,25.30845761791528,25.545866894649873,25.937215939481316,25.75417315469839,25.30608120316612,23.273515604143135,20.00457446601075,16.126528381970317,11.115206576215881,10.413460450446694,-0.7607200913564104,0.6490800741100398
2022-11-12 21:00:00,6.0,54.0,86.5,15.0,12.0,33.0,77.13499337887522,28.86932933464615,2.215807016355991,5.4882870443889935,92.36060960891409,91.68674014932175,97.89091911166653,98.11218322421065,96.70624875961002,100.0,99.04844859154967,95.9526746966138,90.39458690763902,86.38653196801019,82.98129520795086,80.61318740151322,80.41224612806114,79.4035688009884,76.88228961042232,70.18047197427424,61.02826948663015,47.54525716898871,35.13406825557454,23.452766367421248,18.417840024788553,-0.7494423368521953,0.6620696215153815
2022-11-13 21:00:00,0.0,41.0,93.5,12.0,6.0,7.0,79.03781672993696,18.678405062029782,2.2960262641518656,5.5812033032824,94.86995699942727,97.1682415317551,99.49557368891072,99.87646983364142,99.85403172624477,99.92171542548306,100.0,100.0,99.8839910902284,100.0,99.3156586155505,99.39851562633885,99.3408661686814,98.71611552761564,95.7307574668728,85.09959657592874,80.67454708488222,80.1965728682268,69.47027079077166,50.68821464154385,52.542261902011475,-0.7379428103031386,0.6748632518680403
2022-11-14 21:00:00,-4.0,33.0,62.0,19.0,10.0,29.0,55.99069532699126,5.25854444427732,3.7233038531067937,4.605831075569583,69.64710385400933,68.5161730147175,72.72391445185434,79.65245799271673,89.0878022445445,94.9169358660011,80.95694879796133,72.23246251695463,59.951181403256385,46.90424375809632,34.616273738641304,27.01843359313823,20.230705180727465,14.033529257334894,10.551231774102094,8.350658879963369,8.979664801330548,10.48182325281509,11.422301488698478,12.5994155196021,12.936945118153542,-0.7262249146041543,0.6874571793269664
2022-11-15 21:00:00,-5.100000000000001,33.0,44.0,17.0,2.0,33.0,55.99069532699126,5.412937785678073,2.911907085178112,4.476238425959344,67.85924140345688,71.28077264392807,79.51607500562437,90.45856348611312,88.83655164448427,69.56972133484128,51.46212240762246,43.930707183686266,40.154862676358945,32.95716564155017,25.90967486829144,21.98201287812991,22.231574919207038,25.048409693859902,27.91194864883164,31.017605419091467,30.44223949679929,29.34825905581277,22.627826028604435,14.875122886064693,10.383972389750255,-0.7142921172691032,0.699847677146407
2023-03-01 21:00:00,-0.8999999999999986,33.0,74.5,18.0,5.0,26.0,55.99069532699126,5.322617477046753,4.21740380891256,7.510708224458144,71.99129007192705,75.36231534486083,80.34950487186417,86.33521112463303,89.60218137061577,91.10477640383132,98.68624291416478,98.5444154358822,84.04579695961122,52.16132148610465,16.303345498988897,6.582896901975702,2.4292991158473414,4.731000857229181,7.9515972976580125,12.635749052851367,16.966606690898285,22.01010576328547,28.038375408871246,35.7852169357175,46.03912131037146,0.8584015232918917,0.512978386299228
2023-03-02 21:00:00,1.1000000000000014,31.0,91.0,15.0,11.0,9.0,71.90457510563841,10.234127844624586,3.741009948337871,6.535787072007092,91.74738868623788,92.42278642333983,96.14768971789822,94.73200578818695,93.46462180246783,93.90224303467441,95.71420708180024,97.59594061047207,97.13935442732084,96.88394454369175,96.09326408551773,95.17308479550432,94.39034303722539,95.23093676756868,94.79451314477888,95.01880989627742,95.08675688276134,93.12796915988109,81.15556032688414,55.74212384346876,31.372057712644295,0.8670985522812081,0.4981366284784055
2023-03-03 21:00:00,1.0,27.0,4.5,24.0,11.0,33.0,44.07517599881153,2.762027796794618,5.661542200796963,3.956498033805657,54.84436967075857,56.88896318311817,62.097287618529876,64.42600395627375,47.839419288870594,28.965280974784136,25.74611136125613,24.90985519442466,23.748221320136757,21.95841915771621,21.12614304163972,22.57063745043046,24.539612297423563,26.43938792220616,27.286894330235366,26.64416425875829,24.997852696975016,23.072029067327293,20.343689342183975,17.649923372386624,12.880211069560508,0.8755389928586302,0.4831474640149687
2023-03-04 21:00:00,2.0,30.0,89.0,18.0,6.0,1.0,50.897250631998794,6.181265760463107,4.231408944104802,3.8163502594551493,62.91026598974791,64.66814654416592,71.10696083509526,74.04183665060673,50.63812816511985,36.64838281405325,38.881504669589475,34.646818924670555,26.458334945453473,20.68959308294003,22.19135638974542,27.674589888661615,36.261018127521524,54.61128540552508,71.05506811810733,83.42177637670008,87.90322852551459,85.76943865653776,82.4324263964801,76.71123675159616,77.38748836224453,0.8837203473619977,0.4680153284438345
2023-03-05 21:00:00,6.1,37.0,6.0,16.0,16.0,31.0,47.76135245846435,5.399146293620621,6.313313317530605,5.489017974908742,55.51261204687709,55.08837986565162,57.36160737613128,62.31570365254375,66.74506348509782,60.3654705433028,50.00387744684191,48.36723223217127,52.19460350649571,57.314524282414546,57.66174925636716,55.09611924336577,49.95056940093182,43.68081504858354,37.45130126732642,31.828656961596945,26.34908220011018,20.546967094347185,15.740033651709195,10.038235855841743,12.151585413705233,0.8916401947968874,0.45274469960737107
2023-03-06 21:00:00,-1.8999999999999986,31.0,89.5,19.0,20.0,32.0,58.140798581869355,7.788177589934587,4.98914832911954,5.271222909933676,76.57684142513288,76.5180315799409,82.43067807732163,90.35506309173063,97.22864753353228,98.84597134152241,98.0768291725142,98.52260505077854,98.17610121157094,96.33682935998242,87.97225813343182,74.20820901286035,55.14294273476603,41.708612443297355,31.33145315189539,29.818174147780248,29.045993985927467,29.084611369141655,28.530096246861696,26.903697581625792,25.939093709491956,0.8992961915530253,0.4373400963303323
2023-03-07 21:00:00,-2.8999999999999986,36.0,82.5,12.0,9.0,3.0,66.71207269168053,9.372268933575947,4.985286301606518,5.588114002376142,97.82046373654465,98.04096800238598,99.12769172981093,100.0,100.0,100.0,100.0,100.0,100.0,93.00861043900667,69.70365135035749,64.47512231901631,71.68331020500062,64.79065595510278,56.43369111313659,46.341739163076156,35.59407493739083,23.0731716309657,16.179833298875536,10.950687520890941,14.02433610807452,0.9066860720977985,0.4218060770826634
2023-03-08 21:00:00,0.8999999999999986,38.0,71.0,17.0,12.0,36.0,59.1517946360107,6.18318991312216,3.8329412499196605,6.791920856368661,70.33754932503187,69.92605880243029,73.58172872016286,79.98841433929367,90.01891522896386,98.48517079358963,98.6540729967933,73.80805235234578,44.16895426045919,21.79243045535674,9.595988295998051,7.343682900782516,7.138578159790204,8.99187839916601,10.231826278850699,10.641272691984529,11.600020641238801,12.979140815224275,16.246436181120096,20.796630558371184,25.66118344212732,0.9138076496466615,0.40614723863057883
2023-03-09 21:00:00,3.8999999999999986,37.0,64.0,21.0,9.0,35.0,52.00828837403648,5.400399665209254,5.924480586941032,5.853330563716863,64.03555722341278,60.889594840524296,60.978842738068174,66.58562519938918,75.84279488561663,87.21166629109715,99.21862270478888,99.1429488609425,73.7948213154947,42.683305013323576,18.076140742119858,14.658209631040087,13.969187799021423,16.55443288826745,17.774179126536996,18.263929961751497,17.742608999340263,16.45252223279953,16.452281292499364,15.910885372805891,18.85025223821664,0.9206588168102428,0.3903682146763026
2023-03-10 21:00:00,1.1000000000000014,35.0,86.5,23.0,9.0,35.0,56.29054379593052,6.1772667879025684,3.896832829558619,6.397719965023531,71.11013627521814,72.72860121877682,79.26381666059325,88.42308644075474,96.51614531257754,82.62362970359386,59.365474945953736,43.41275236119066,34.04369214378399,28.19063839101348,25.025074808936715,23.245991022823837,21.963299154001817,22.270969929796188,22.62551009468707,22.938938268709393,22.97828372952609,22.451998043498488,22.641812115203763,22.348372472189343,24.076009682279224,0.9272375462179537,0.374473674486883
2023-03-11 21:00:00,3.8999999999999986,37.0,48.0,15.0,8.0,1.0,52.00828837403648,5.518563884357404,5.089032988407924,5.118180475332111,74.18970764707993,76.44933566880269,79.67622106499047,81.63858488421454,85.69503443960483,91.157291267834,93.62259932828508,59.876553989672246,28.42310618979499,11.700268910527074,16.15722622710905,16.523643752954655,15.427463348425588,13.496312353964864,12.907590905025135,13.51248790058189,14.899892388609496,16.821794419877005,16.85903330567537,16.251641043425852,15.300729896344334,0.9335418911179212,0.35846832151248087
2023-03-12 21:00:00,2.0,40.0,57.0,22.0,5.0,3.0,50.3219360877198,5.351969168027488,5.28507575333524,5.474325846401423,71.34032397442083,76.09459243657881,84.31819741629197,91.35797147448078,96.81107648516304,78.42264815353734,37.31986930646916,24.850623004280358,22.068635484707944,23.581083126202902,28.069300320811365,26.690606671430277,23.711167771783927,18.905082023430257,16.450901062787647,15.427707218738174,15.230370150775977,15.29131115262477,14.514493835867567,12.80316066010943,14.01178032089809,0.9395699859530622,0.342356891994542
2023-03-13 21:00:00,7.899999999999999,41.0,79.5,14.0,7.0,16.0,52.629707484595414,5.491548866936437,5.941267258840286,5.076905053093936,61.02677731929845,59.841685219955,64.27395335950223,65.37608465798294,49.9727350165411,30.00451859766981,28.969530880017285,28.014338155560008,25.41932649045616,22.27534776232219,20.34553631011783,19.973513550238977,20.05348331420172,20.51272894024077,24.66297009714608,31.856236715883707,47.34412735880056,68.33438144864134,79.78591897965572,90.91207719195408,84.04366245479511,0.945320046913132,0.3261441535642696
2023-03-14 21:00:00,4.0,36.0,91.0,15.0,18.0,5.0,56.43951040406162,11.299945252549229,4.47796201640922,5.153787516404282,78.5972277775776,79.20406470964679,84.82515643622348,92.28004714701153,93.3235673074393,86.2932883128952,85.85382571864498,88.66734214746151,90.26242097433101,91.53733833784256,92.7229666846533,93.08367693307787,92.69477345333969,92.46936182906535,91.94586971473844,91.19615811606772,89.97097572973745,87.6135543296388,86.38030716794033,84.65917096909645,83.82779041393727,0.9507903724625832,0.3098349038318025
2023-03-15 21:00:00,1.0,35.0,90.0,19.0,16.0,1.0,63.86799609970165,9.436808269855979,4.751502357482903,7.4339697592838245,77.6151115369925,77.89070562289251,83.50171244494658,90.27330536752633,96.87718844150916,99.43678976310515,99.16696992638396,98.55903769571813,98.74389872920453,98.50112920852592,93.29910031836205,87.20763551050806,79.1179489183885,77.56143186164593,77.94217238540831,83.02441987111628,86.86093100065693,87.56325920933782,84.86367790508392,77.66912394998184,73.82645385203467,0.9559793438440766,0.2934339689665273
2023-03-16 21:00:00,1.1000000000000014,39.0,60.0,19.0,12.0,33.0,52.32021187855719,6.896775677961353,6.502706776969776,4.966792286313,69.0109697756774,68.24799912323769,68.8407262148282,73.2530039700702,80.30301376416288,89.9797460603801,96.3132235896208,94.88025639964772,86.4332338068369,75.80267212547062,68.39024775426941,61.53592015840432,53.695997304564436,41.44136752824895,29.30449362323953,18.507139583768016,12.714907815862277,10.75432048808658,8.714145351587527,7.179671415253791,1.4554760943650733,0.9608854255574977,0.27694620226893646
2023-03-17 21:00:00,9.0,42.0,76.5,8.0,9.0,16.0,50.63721527239783,13.457211657534907,4.511457146882887,3.8768870142491663,67.81150564533294,67.49946992522761,70.3098882756944,55.459038079786815,46.924007519174324,63.24982187661088,79.71679922195976,84.52173747671111,83.473405895775,79.45415370996079,76.87981472636287,77.91841702907485,81.64245091470181,85.44852892973525,86.88275283599663,84.76500810120262,84.25665116747606,84.87766711088122,86.56540237790765,87.55423634649595,87.87798977946828,0.9655071658143364,0.2603764827344581
2023-03-18 21:00:00,0.8999999999999986,43.0,48.0,15.0,6.0,28.0,52.93678851797571,8.970272784311266,5.212401591040492,6.452885191198154,68.40883519767715,69.68507234249999,70.79481483265144,79.49206983194658,90.35945495740503,89.88953930672045,72.42568514172436,67.16958891263883,80.29583346694479,93.51376774876977,82.82269527433733,58.45590576713607,23.468200705276022,10.657759091063369,2.0375967837818467,0.5621290545761778,2.600030419435182,7.016175674577593,12.5411081082837,19.96011741644464,22.834642404114934,0.969843196967294,0.24372971360968387
2023-03-19 21:00:00,4.0,30.0,60.5,35.0,16.0,26.0,40.774840778775754,4.4167333928909605,8.425281663520517,3.385407302663853,73.95749543906557,74.10372975195536,78.44968988003714,78.45154730533433,79.20517392649663,79.48475077819053,77.05069805623927,72.92702292242164,66.52022355591878,55.26582796670281,56.139169571833925,61.28139845182879,71.3840683843072,71.00683976191418,67.42009145881576,58.66582582743332,48.87974539136504,37.992123041646174,26.533624159737084,13.81666702476609,2.541320394737524,0.9738922359149924,0.22701082094141847
2023-03-20 21:00:00,0.8999999999999986,37.0,72.0,26.0,13.0,25.0,45.755952313414895,5.904066792688403,7.172257914714931,4.6193410181885595,67.10288889003753,68.3565325089319,71.09900627907952,73.4843588407475,75.6206903931578,78.01399556766174,79.49247717244208,79.52036723909355,82.33526098759955,84.93563096783538,83.30094424077494,73.8862590196379,62.313113548382184,47.29375957257504,33.61459477128611,19.908344116758453,13.989203984005186,9.67880366361291,10.65041764792256,13.304110773844108,14.166091697892702,0.9776530844816641,0.2102247521189836
2023-03-24 21:00:00,-5.100000000000001,37.0,78.0,19.0,12.0,33.0,52.00828837403648,6.505691756363519,5.482402012802958,5.718862057959892,67.8770312876008,68.46102544798492,72.821151512771,79.32977995786355,86.10716152849778,94.31340067336615,99.0148142462692,91.30298776981223,77.4795562245812,64.06832758173037,55.03562636713097,48.26139103645,41.56018258637664,34.95721678135698,28.1439577978352,20.938214167677963,15.009794505348854,9.03673631853896,6.440779675934872,3.1288091763437667,4.279791356798405,0.9897936029670716,0.14250832791617088
2023-03-25 21:00:00,1.1000000000000014,39.0,79.5,23.0,6.0,11.0,48.08603019284964,5.348786981702858,3.1311034455865925,5.269346221093279,76.44742946619245,81.10388617279955,88.1146883507895,95.40406644273101,85.32866378754403,41.54109507993034,23.41690433934039,16.29510912454274,13.267594961391888,11.330289945279993,9.77810446596729,7.7096154251814015,5.683082328627041,4.153169404239937,3.8408658553960224,4.222697511251925,14.38311939477318,30.87126924824136,50.81280012245208,73.58558552610357,76.89237943983123,0.992098522791769,0.12546123335273648
2023-03-26 21:00:00,-2.0,35.0,90.0,14.0,6.0,1.0,69.41043946889627,10.74013025741007,4.694229156294732,5.78167916597376,95.43363315737788,95.91674518828562,99.12278492182526,96.98152055598608,95.77357661711524,96.11491693415782,96.64911874017767,95.68660829557518,94.10204310772514,92.31375754011044,90.92310623161165,89.67586808282977,89.18282612380088,87.87327301349617,86.46323336956338,84.4591264782944,83.31048871768661,82.38145188176048,82.10516480231014,81.73087328521889,76.88105081749741,0.9941098647022418,0.10837701279187609
2023-03-27 21:00:00,-2.0,41.0,79.5,10.0,6.0,35.0,59.57550414737721,7.547166894098731,5.886651435871726,6.410570716084567,78.96359386779874,82.30328181001096,84.73108520120286,85.48745764345574,88.41417722565565,92.23646901534687,87.63031559764688,85.60163234423543,82.18058851818293,73.71553390691595,57.328969025329,43.41293527146813,29.662397663026834,18.6452898425754,12.122959658138164,10.043421087341176,13.819423314770079,21.21442818946959,27.048514303546444,33.982240642563866,31.2937716152684,0.9958270335100595,0.09126072172931188
2023-03-28 21:00:00,-1.0,39.0,60.0,16.0,6.0,34.0,54.559046363824315,6.9236873186768175,7.017067424459576,5.20682127948138,76.34133006853767,79.4253636429184,86.71052102471467,87.47784657811279,82.88255907123579,82.69853573202211,82.74907252884896,86.52191265864508,89.65013734932808,90.91121371221978,84.83301701369012,64.44879356190306,43.531889999426134,28.528253172074013,18.235633518728967,11.89116997084778,8.997476637580716,6.930474887244577,7.33447187736076,8.284269879056438,10.059794126933678,0.9972495210773451,0.07411742515094437
2023-03-29 21:00:00,3.8999999999999986,41.0,43.0,20.0,5.0,21.0,44.490816841712466,5.813555438623258,6.967404999167909,7.795436717836901,58.19291761487438,59.877190550608404,65.49014901372884,71.81906779669882,78.12320405229181,82.50748084074483,85.12157041697421,70.47299479954631,39.76903786496832,18.139533194247264,21.310303952119778,26.069384354057462,31.389225801477572,34.64471619356543,38.72666606501778,43.46878720782053,43.94075367115667,41.21528213414636,35.701878386628685,26.676576359494785,21.133638036421868,0.998376906467142,0.056952196034039754
2023-03-30 21:00:00,3.0,27.0,75.0,39.0,17.0,29.0,44.07517599881153,3.804941410419142,8.244606385909018,4.989659899358286,65.04489071757594,67.19104118301567,73.7357693297436,81.22716247079016,87.55241035945065,88.36983083264477,85.84921168562327,84.09562633167823,84.59938171260889,85.90700503183108,87.74118338312155,88.54553660661725,85.1151503800153,72.97187955052364,61.793150164909406,48.85108158941496,40.51953997549462,31.419175783369063,21.80682204512699,4.638413075261691,2.046529781562363,0.9992088560679753,0.03977011384605572
2023-03-31 21:00:00,7.9,39.0,62.0,28.0,6.0,22.0,38.80348464334315,6.1536612780643365,5.431448780782739,4.646022158564369,58.27624074387394,61.706483013258996,67.80205976562856,64.29153516815566,47.20209206860233,36.38800064313793,37.96290383373269,39.064587350934815,40.13624762424094,43.01244475529765,47.46620126929159,53.46075577475169,59.61799864549354,65.51679558678686,70.37809149336117,74.36327649697162,74.24871597017543,72.46970804795293,69.45677620892047,65.39604186169737,67.8958190952774,0.9997451236925734,0.022576263041545485
2023-04-01 21:00:00,-1.0,37.0,90.5,6.0,8.0,15.0,78.69852741871944,17.2152861350917,2.067811959169538,5.513655288576593,97.44973484291481,97.79160672832752,99.7661711575857,100.0,100.0,99.8767400871826,98.71279263701203,93.94064511363548,73.4068901758531,55.21223139966106,48.60964810807036,51.9048334254109,61.10624951526123,74.27354416576091,91.13153717367626,96.5405059689336,93.74693504402613,65.47934775679114,35.510885318652015,8.61696767538663,2.261334746482647,0.9999855506507186,0.005375731557583884
2023-04-02 21:00:00,3.0,31.0,4.0,40.0,19.0,31.0,34.187711115756706,3.295350818702227,3.3365237942954504,5.5794614452777935,53.07048987868712,52.731767564518826,54.23089656459058,58.93387960853281,63.43353235447843,59.439406869738534,45.028853107143284,24.767947271236775,10.079234639760148,4.611934354048203,5.17603486220691,7.934799483086853,11.9378802799799,17.30362723893627,22.45336164843797,27.054926850464767,29.600676893694704,30.441741081710283,28.727431987525847,24.808372559453368,21.488733934442468,0.9999300657962057,-0.011826390691832589
2023-04-03 21:00:00,3.9000000000000004,39.0,82.5,17.0,14.0,19.0,44.159381286533225,8.774608181485444,5.9457924934574,6.127315187208985,47.54916556554668,44.57320212254691,45.06936331285911,48.542593748605334,54.17223285437803,55.790326905827335,54.41188178423821,51.336625400809766,59.251327877874346,75.09919525428865,87.86518268066212,92.88397878777701,94.71507414831653,93.01625697067927,92.24923135314951,91.6815023522937,90.80287282756335,89.35198630502268,88.054860980407,84.52853772647096,82.25019122069692,0.9995786855478958,-0.029025013321975237
2023-04-04 21:00:00,5.100000000000001,46.0,51.5,20.0,10.0,29.0,47.22173369622937,9.434128047384648,6.454954076302456,5.172517688371186,64.75093027321125,65.16429904245985,69.81768999776706,77.15636496225872,84.4097390580872,90.65437265279928,94.76606207888587,84.14285162286963,72.32440516793942,60.969582521242046,49.401550987780304,41.13074893461586,33.687713542000886,28.361059116224453,26.90423813423371,27.891622250714843,33.92038798828721,42.22066756983727,50.461142751251295,60.42806059026243,59.26441149763887,0.9989315138848577,-0.046215046983708354
2023-04-05 21:00:00,-5.0,33.0,86.0,12.0,5.0,5.0,53.63976214041921,17.183576385144505,0.06921593133019642,5.068862650827463,95.0459188929047,96.88965588204024,98.6080437958546,96.033601575655,94.54117777093624,95.99700671006516,97.10942555600923,97.09996706663537,99.0493225436946,99.7259181044841,99.79971316212126,99.70363414963767,99.61244696480726,98.8741573956154,98.38043236218394,97.3541046569339,97.2650225968223,95.5928105183379,95.18086610021128,93.73153497518402,92.54625888902434,0.9979887423155984,-0.06339140486951038
2023-04-06 21:00:00,0.0,46.0,82.5,5.0,9.0,23.0,65.27873590995324,18.20221845231097,2.005663510250739,6.058812435428421,94.38751956715595,98.57261103165558,96.14819893552311,87.4296555264655,90.63812297986361,86.70891524113866,69.89102493566774,52.90150494083712,44.68041728860403,42.54589138211155,45.53089677718767,49.00248931898491,52.57016367965753,54.14861903683869,54.05042393749142,51.54606892871448,52.41694731006421,54.673451020760936,57.16066594590716,59.78031235702915,57.7520289939332,0.9967506498213929,-0.08054900421874167
2023-04-08 21:00:00,6.0,32.0,76.0,39.0,13.0,31.0,37.60430703487808,4.560402243894616,5.6403934215075795,6.041634076912703,64.76365370797024,68.38485727081701,75.44323416581148,82.6328781193422,88.1640807326154,88.9772652005879,88.2908718408531,98.4674994794133,99.68252769319102,80.61253477659135,55.5739722635907,39.35056873652857,32.68469524788387,32.654228691925596,35.88582133351259,40.44698227058198,43.162602300756674,45.39484336989162,47.12866475036907,48.13448670283906,47.679154536954016,0.9933900548258936,-0.11478762552212701
2023-04-09 21:00:00,8.0,43.0,19.0,22.0,10.0,28.0,36.2408087412482,6.391748442674137,6.82011406130967,5.325239011780418,50.20794169073949,52.785181563686635,57.860510536675825,63.23184495141917,67.99010899104518,65.67916669881095,56.426513678620296,47.41086614110524,38.36605395010333,35.22126271198143,36.863487620826795,44.016206725330015,50.18110745198599,56.17966660627918,59.868907458972764,63.716964271082986,64.36094812882507,64.97663945982356,65.85457284515954,65.60757346860362,66.06418094740172,0.9912685467787256,-0.13185851571739118
2023-04-10 21:00:00,10.100000000000001,55.0,3.5,11.0,12.0,24.0,38.239799587293696,9.500872117189958,6.9879857293364305,6.354457224640041,48.37810854280687,50.622478952054685,49.52827958557055,47.976123755109704,45.16220919933372,41.51619740697127,38.47350549204781,36.74462505986591,36.362513886544505,36.82321347624023,37.45540112328593,37.532765911267596,37.26314145940632,35.50429045543174,32.47303974487639,28.248520013174133,25.82243328628419,23.332847972279133,24.436096187861466,26.202195715353817,25.680253992784223,0.9888537064205885,-0.1488903868564548
2023-04-11 21:00:00,2.0,56.0,82.0,16.0,15.0,22.0,45.08636504061848,15.002731346649451,9.21374693069233,5.234950160013969,28.56356936390822,28.489853742889064,30.86898306082223,34.06015574970215,38.00647783886468,42.81138284919245,48.537822078782774,56.027869696012935,64.72136660441338,74.05905560313532,84.65969358480072,92.58480906913375,96.41183227909477,94.7775111710491,93.12097505361176,92.67455343310348,92.76139060338275,92.05390443113235,91.39105822802173,89.20377392937664,87.61768714145339,0.986146248341595,-0.16587819893463143
2023-04-12 21:00:00,1.1000000000000014,47.0,69.5,21.0,14.0,32.0,51.415168522735,11.037783292045114,5.492894866924357,5.58836923309554,65.08553013084462,65.90899280000374,73.64991312774175,82.19131176191206,90.71312604866478,97.65293524652222,93.26330517796336,79.21112195759004,65.25811680358768,54.76032125550587,48.75260345534487,44.343020568506105,40.6383368984056,38.88536918902255,36.742594617001565,34.88405146483372,30.796663402995634,24.881237692193714,18.32526332915893,10.804906298785905,10.107886283239925,0.9831469737221499,-0.1828169249850199
2023-04-13 21:00:00,7.0,61.0,31.5,8.0,9.0,23.0,45.8769799407876,20.513813804211804,5.864360393954951,7.880395319095003,41.28076243122149,41.38739038576449,44.18828836815868,47.72707550733672,52.062381559445456,59.50943194950816,67.37191451116837,68.37445056950361,62.562428570943055,58.602474747175684,56.75104416382719,54.67980243984042,51.661883743895906,52.43976201608359,54.903551889504755,62.40781296417578,70.56141072042566,79.87605381305156,81.42701981901263,76.13198203812136,58.9867151646693,0.9798567700958665,-0.1997015525660636
2023-04-15 21:00:00,4.100000000000001,61.0,26.0,17.0,7.0,13.0,37.69347255083815,14.588187588812438,5.973462314643772,6.489689991395533,35.40859685033412,37.71767648385577,42.2178099916319,47.32438174360387,53.09279068594016,58.58693353565503,64.29745242455307,59.785831582697966,63.15138230127809,67.5094504207015,63.92346823068162,51.05170015312544,35.47063069224499,21.409148827256296,13.099883939597659,9.696595762422215,11.370894034980937,15.592661698035185,21.222484768183243,28.900063702098954,36.673996670834185,0.9724075561219968,-0.23328854407545518
2023-04-16 21:00:00,0.0,52.0,86.5,11.0,6.0,10.0,63.50695541148772,18.675486111176085,2.5345405045575147,7.165856542284685,84.86105272745398,89.1560289535488,98.8829920961646,98.7045949706456,99.94180478868405,100.0,99.18922252996641,74.33982791333838,53.682911182364435,40.47293383024188,37.972610036688394,35.35191993654758,31.577242930620976,23.839289975521446,18.293661933645897,15.600015591023345,18.00861319353719,24.263448320936863,27.654807449071058,30.190494991739985,29.149778381148643,0.9682507501166718,-0.2499809690726521
2023-04-17 21:00:00,-2.0,58.0,84.5,13.0,11.0,11.0,61.87217012818393,24.692569336318595,3.9447362788018516,6.042690192879462,89.81024797706527,91.06664343253053,98.79286403857029,99.62012827287191,99.776088640953,99.44158468798288,94.43837631546327,88.71426736792255,88.17100386401408,89.82477963224702,83.05541681907526,76.34101632233435,69.23868857651703,63.58610137239974,57.02572671987478,50.478172732590444,46.25578385084408,43.47941881331509,48.813312105564876,59.65899563712128,75.27598613940371,0.9638074231367307,-0.26659942067929354
2023-04-18 21:00:00,-6.0,51.0,79.0,22.0,9.0,23.0,60.94755811401487,17.69383523758485,6.494129143191277,4.49024310405808,88.40701938960446,88.9463963095495,92.36012624946954,97.8516028151326,100.0,100.0,99.61128947717938,98.82852684256594,97.7922511711848,97.85963995587572,98.48903363197886,98.5775118552738,98.03271743388886,98.08223322866746,97.4239287135109,88.15042307203312,71.31442431434058,50.71900607372204,39.93853625102498,33.681189279487896,26.90440398347485,0.9590788900341131,-0.28313898122818354
2023-04-19 21:00:00,-6.0,48.0,82.5,39.0,8.0,29.0,45.634377192086376,10.852161462539183,7.313440125544039,5.4785909386705445,71.89509712699797,73.27740642948118,71.55959017647487,73.77947514143358,80.01362528470392,87.39589577314187,93.4617183649364,95.62116607743903,94.30631693659296,91.53216686722043,86.21884973114355,84.79233306251778,85.67696098969604,87.4684659090395,84.78850488780142,77.06805872490928,69.39992291027718,61.50566932939206,58.23902066015319,55.74400019521416,53.168767217190606,0.9540665500578387,-0.2995947563972602
2023-04-20 21:00:00,-3.1000000000000014,45.0,83.0,39.0,11.0,32.0,38.16561867346858,8.677233968805025,4.659017309901867,4.187527732598643,63.841616769516094,66.93109712871404,74.32822049152115,81.84856084082173,88.70376239375226,94.85427251608373,99.55387943965356,99.78306031299617,98.27518205467604,87.23389524992459,69.32330352453022,66.20126283640617,60.81964126805346,49.1998372130902,33.194542469537794,13.860922226594752,8.033347793352151,5.078856365338067,9.10444748517377,15.208427981628283,19.46183371055624,0.9487718864399473,-0.31596187665790293
2023-04-21 21:00:00,-0.8999999999999986,54.0,34.0,35.0,6.0,9.0,36.548000769516854,12.232113141197287,3.7194253490095988,6.023152905457307,53.778864839879205,58.52631194281417,65.47665193876176,73.70351192494122,82.36586990415324,88.06730850630883,78.08957025278104,36.823276878642616,20.043612556885982,18.543274504744723,28.293833248232968,42.416378560331694,52.94189037062188,57.09518686752314,55.95618400039746,51.15629754129791,48.00332567073611,43.56649897005011,43.94757262755464,44.59904378437701,47.95059276982038,0.9431964659565866,-0.33223549871590435
2023-04-22 21:00:00,0.10000000000000142,57.0,68.0,33.0,9.0,13.0,37.04114069129554,16.818438183739193,4.260287382540124,6.216006687510265,56.82106736401399,63.4460435001436,70.95847071972933,78.31313746152705,78.9652031731059,69.25180501489656,60.03559023313119,62.40514866083221,60.66770966702638,58.80035795794496,56.34565437257315,56.917881614072996,57.914109118065205,60.27922341223797,60.94698515096159,59.839229925935335,56.71013033507465,52.29992941606795,47.96746146271617,43.22715360654412,42.59205634077304,0.9373419384643772,-0.3484108069446808
2023-04-23 21:00:00,1.0,59.0,37.5,38.0,10.0,12.0,37.3680528699157,13.810586548456639,5.141981344468047,6.289485878572742,50.37159970625068,55.392614661930985,61.80282777216583,67.56687515864219,62.363591599718006,63.85806877616572,47.429199296999855,25.3175152317986,15.70802443814535,18.073768810688904,32.598632416331306,53.612977313704846,70.87429375013599,76.25824081558395,77.19620489237205,75.33984451069917,72.46886436941861,67.33045672337387,61.82146495975724,53.14568026915395,35.46518875276606,0.9312100364121947,-0.3644830148102912
2023-04-24 21:00:00,-2.0,51.0,86.5,32.0,9.0,10.0,48.016972517908656,8.888560016220532,4.8521552527693235,6.333354721776581,66.95887275739423,73.08523863373686,82.31021062903886,91.13802434812395,96.36222658828514,98.0681498679012,85.03506499325213,48.16931146801004,31.267678291766345,22.91819006604137,19.21080482114139,15.21937449317243,11.496205629714837,8.468783985218534,7.242786092773736,7.126980897394085,6.814705761020693,6.293182517529681,9.211503419327562,13.944691468500977,31.198750633218037,0.9248025743285089,-0.38044736628785164
2023-04-25 21:00:00,-2.0,49.0,81.5,25.0,6.0,12.0,56.04183886239225,11.75418520075364,5.831378906807218,5.612829308988721,82.35559224325182,89.49962372634525,89.48978196795608,92.64048872591572,96.35503239603625,96.9215793486219,92.48196382828469,86.60599750452586,88.3845353626557,90.50463603149116,93.12785075635179,94.08329894795308,81.88897634188307,51.05334547461432,29.6977883951287,10.842072109317899,7.919249869590568,6.815625683861061,9.424796182605185,13.048588184429704,12.766610830278227,0.9181214482844365,-0.39629913726891813
2023-04-26 21:00:00,-5.0,53.0,62.5,33.0,3.0,20.0,46.435552620409545,9.461744989461813,7.095976024327843,6.370534588244089,66.18578428518003,72.93239755575962,79.60312385120243,76.18170737276677,74.5732254591274,73.81308037166134,78.93960987888855,74.91659926049567,70.271217874462,68.55931155099447,67.8918469637005,36.189377396928485,16.6839150436706,14.801751764875954,13.58494468087478,12.436585811649332,15.02652015788308,18.74167890217941,25.52516772106725,34.618841147857,42.47669053763289,0.9111686353326631,-0.41203363695942635
2023-04-27 21:00:00,0.0,57.0,54.0,48.0,6.0,35.0,35.56859734982677,11.366947865742087,8.70373029622168,6.452451323947011,48.65850828903346,53.28567412540929,59.696881776132706,67.52916388746014,75.65556105730916,84.1836610870565,87.33108082711723,90.10686250433005,84.21630104141325,74.15621557385353,61.184752194661094,65.06022858240405,69.71561897814759,74.73563579874302,66.50429541786193,48.15004633704423,34.93303189069689,19.34393836304226,19.85906834896027,22.702727951421274,26.050795607335875,0.9039461929224011,-0.42764620926777464
2023-04-28 21:00:00,1.1000000000000014,61.0,15.0,46.0,5.0,1.0,33.4297176709647,11.725104635958775,7.3127679620318755,5.7768093634896225,36.84727155914091,40.35141527974153,45.22884901177764,50.755360787673624,56.952458131088,64.61551840730795,72.32197791986754,78.42504244225368,86.3403807435466,90.72714659572125,88.99243832785768,61.31894088483616,42.36306327542951,35.14737799627329,29.550749547442205,23.77436893045489,20.528194057518242,16.54076900436434,14.608683633243324,12.09622560217839,12.402115677686089,0.8964562582905575,-0.44313223418263453
2023-04-29 21:00:00,1.0,62.0,53.5,57.0,8.0,16.0,33.5918275095068,12.550973906205698,7.265323399174718,5.2802413194051985,44.2476303578934,47.802835673981726,53.41696173393178,59.97789591075773,67.13089493868468,74.60127130139689,80.49016942259574,82.69523121898374,89.04671076365969,92.83751903390655,88.84329058212653,54.189006573619956,29.13240911496558,19.173940110381917,13.522212647271257,9.83033638652124,7.548368826483859,5.210795372131611,6.630860807919758,9.390683682105452,24.723991052019496,0.8887010478292915,-0.45848712914008766
2023-04-30 21:00:00,0.10000000000000142,52.0,87.5,20.0,13.0,12.0,44.444918096622715,18.653048867737684,4.310782065434471,5.940900769830505,51.90257664115059,51.465615347244075,53.97532402321824,53.61264313524905,48.49023889529955,43.290416134590785,40.469214172305605,58.58668052654396,79.17657295968642,94.05584533155823,98.5518200892619,97.8083408642489,97.53748961769607,97.9824542681157,98.82085987258971,99.89784391594833,100.0,100.0,95.4295659164661,86.48436587803239,84.55470265784102,0.8806828564301475,-0.47370635037968
2023-05-01 21:00:00,-6.0,52.0,91.0,15.0,16.0,13.0,74.0827964382329,15.942864431415348,5.175082458727249,4.6646991926174755,90.34952074355164,90.55257537771642,94.7942046252587,97.98799568807155,98.11869504534202,99.06153100375424,88.70844816867594,59.66329219191743,26.152974994982454,17.353284778498328,30.56753107853619,48.35257352843133,55.86182533395176,46.939310941994634,31.523037513004965,18.91449041052163,8.94522268374006,4.245742056602507,2.182439344349809,2.3818284736757995,2.930525123707914,0.8724040568049612,-0.48878539428899265
2023-05-02 21:00:00,-4.0,54.0,77.5,13.0,10.0,9.0,56.76064916568728,16.923197642758577,6.495908492268356,6.685717867104548,82.32303833279444,82.71525903989469,90.39954358810795,98.28072767576347,99.2079550597772,99.29880550500071,99.47766318777333,99.76421378623554,100.0,99.5458642838761,95.66981864055393,91.24175411561573,86.76134909950144,69.58073579881228,50.936491906261374,41.90683085644175,33.94181530958438,26.744301474905523,25.689102218294696,30.059501079998295,33.77790342285838,0.8638670987837349,-0.503719798736334
2023-05-03 21:00:00,-1.0,43.0,91.0,21.0,12.0,7.0,64.9013840773809,14.160099929296027,4.272641337536351,5.4522452556341765,86.23509953639096,88.65497151529682,97.35507894937598,100.0,99.95771886843767,100.0,100.0,100.0,100.0,99.68172384767993,98.38584167060841,85.74818326676194,68.91505868434419,61.599070690904824,57.79389915456389,60.75222007017075,60.81044747957317,57.3945368242947,49.27125537301274,36.31438583972551,28.15641963711314,0.8550745085896932,-0.518505144391157
2023-05-04 21:00:00,-2.0,47.0,91.5,17.0,13.0,3.0,62.86072531751087,15.523065256052757,5.983882373402724,5.344449138501186,81.07297240684622,84.33833541272553,92.54315993355834,99.31018123947341,99.2129088490881,99.08674143616877,99.54206967303739,99.75787124836594,97.38036826222948,92.80892512460403,92.127501405973,93.4665905761711,94.87680637739243,95.88732022216571,95.14266559813194,94.015892137071,93.28672971086793,92.07127842742278,85.13498301786684,75.04448206441829,65.14783887507909,0.8460288880917339,-0.533137056031809
2023-05-05 21:00:00,0.0,60.0,37.5,45.0,9.0,34.0,34.63816253787311,13.723320389351585,7.162313049677163,5.348005989442812,46.92512998573992,51.12743370517159,56.86719598222075,61.19529234068368,67.02887217639429,73.63998643437125,79.87088186258575,88.00865803638581,95.13520192736858,98.30157077611288,94.22663083430542,66.18587441082,48.273335887873195,45.99745872239957,42.34996867165003,37.279328670933445,36.11974958973687,35.50637317269398,37.59820664346493,40.63470912067446,48.57886747663001,0.8367329140344921,-0.5476112038402312
2023-05-06 21:00:00,2.1000000000000014,68.0,13.5,75.0,12.0,34.0,27.255796943958455,12.471519626794429,8.563487068094446,5.1249151600338045,30.496568157206532,32.18880480015395,36.03874264389592,40.278836819667944,45.20212612963101,51.202275413354705,57.678478885511375,63.42791186910988,69.48564239822032,75.42609062922448,80.60173597192923,68.25790635722021,50.16273212536506,35.05904224624226,26.174535054101263,22.807240358706856,22.254678183618037,22.840243501225537,25.01618531805893,27.74076513640343,29.992297557492186,0.8271893372462497,-0.5619233046832195
2023-05-07 21:00:00,6.0,69.0,13.0,76.0,11.0,30.0,24.297344702180528,11.319879464964973,8.615193898511558,5.7869988987141285,28.172351183528406,28.581353031814473,31.854442617115623,35.70285428429557,40.16211570850363,45.37636177947346,51.30081127346947,55.674940930071614,59.03812194395945,64.61310824555089,64.60236644591242,53.04253966329727,32.68920308289972,28.783802926310326,26.622782887554987,28.830375300440775,29.004609888108103,27.20764637125604,24.349095862417,20.345547575287352,19.15719920435144,0.8174009818249189,-0.5760691233798758
2023-05-08 21:00:00,2.8999999999999986,52.0,56.0,76.0,15.0,34.0,28.149686930960367,7.280185717942654,8.65401258892819,5.307462487835321,38.0176214956856,38.9546637580089,43.337778639537845,48.108205913432414,49.575707285790436,51.25705594941409,54.68906756076554,57.61594285608438,59.48745152134226,60.93314114006456,66.95856434005705,74.12825968774855,82.697664473968,85.45485334145118,87.79439492398517,87.7556136023361,75.39132199399424,52.48674677159708,30.710179886506527,8.075368396907072,0.9415661444710381,0.8073707443023492,-0.5900444739548627
2023-05-09 21:00:00,-4.0,53.0,43.5,85.0,12.0,33.0,21.873523598623116,6.14061488828787,9.405812281619163,5.36449065277028,24.94765270623049,26.47469802922513,29.779195700044568,33.67118234476859,38.26558109252218,43.68351624034413,49.85406511532447,57.21650356513489,64.84449448564119,71.80926250325001,76.80057696774463,86.53128553448678,87.02237405770018,51.335648586823915,28.8437810306523,17.848159781075132,16.050141921089526,18.15666261335716,18.86957830356786,18.522557455634264,17.884779494750173,0.7971015927871943,-0.6038452208771035
2023-05-10 21:00:00,0.0,64.0,56.5,69.0,11.0,31.0,24.53376095699518,11.779258177509773,9.017656632258822,5.133607617236034,28.581487015110806,29.726010230623128,32.93636264668094,37.05613140430119,41.72776017281333,47.3852541108981,53.66878733948439,61.074098449914224,69.65921333771668,78.65241376046797,87.84235790131628,94.74973006070636,95.98700935812975,80.24021377184943,65.14994635386938,52.179144404768365,46.09250669527241,42.95934482831666,41.321629854933896,39.47627592022905,37.4773011527685,0.7865965660866021,-0.6174672802835514
2023-05-11 21:00:00,2.0,73.0,27.0,64.0,7.0,31.0,24.90168333842139,15.532904050201171,8.28016858448666,6.722231871049384,31.89879385218437,33.36163928412807,37.15585373844582,41.650247673774274,46.85654098635708,52.53383074002006,59.07521720176604,64.72183774115634,71.26260777440805,77.64308375380176,79.02871959752757,62.7676133618963,44.516542891710905,47.03744441651276,50.531576010949884,55.4541446904681,55.76090896014853,52.3914040251833,47.24577683465394,38.954297674995736,33.3908468429446,0.7758587728069828,-0.6309066211876704
2023-05-12 21:00:00,3.0,69.0,70.5,17.0,9.0,27.0,43.69760050385263,23.925419871098136,7.875012195456046,6.522731217069292,55.61783677469607,52.362966003197144,53.10495812320539,56.114866804277405,60.05741644278317,65.25591822475121,71.42931635022234,78.93396920264786,87.61403059243848,95.50646780553663,100.0,100.0,100.0,100.0,100.0,100.0,100.0,100.0,99.25170647617162,93.57459937762742,92.8656799890027,0.7648913904341226,-0.6441592666722685
2023-05-13 21:00:00,-7.0,50.0,83.0,35.0,14.0,32.0,51.874970116438256,12.62974254689276,6.870937768955388,6.509827864224425,74.59846367513356,78.01113463947102,86.37634101769024,96.83967341688788,99.95504498591477,99.89153256787611,99.17924675047279,98.33802536748276,97.91662475891103,97.891753364214,97.85582176049455,97.90617841644207,98.66492034471143,98.66594482642718,99.40918725504281,97.77822260292979,84.2478691791305,62.2709742875439,51.89639232654649,39.525649017612196,34.05759196417647,0.753697664392914,-0.6572212950663319
2023-05-14 21:00:00,-5.0,57.0,15.5,65.0,14.0,33.0,26.63427482835779,7.755641953616661,7.4070829062044625,6.5526005410562025,29.046301142344817,31.403786716390663,35.04053083816323,39.636935623951466,44.64324663842281,50.5283498122794,57.34535035320428,62.6545486281725,68.00487112052306,65.29250770164845,45.49458370665734,37.92837556007824,35.10567250119656,37.934496457464974,37.93401647935808,34.54984592679315,30.903844884253783,25.47592053648417,23.709304559834077,21.512496950994535,26.124755532083494,0.742280907086982,-0.6700888411055113
2023-05-16 21:00:00,-4.0,51.0,92.5,25.0,8.0,33.0,63.378905343243986,20.13401267998944,6.103529844859596,4.924683629816967,90.51812086861739,91.07550811476277,93.2835848444231,96.68206795661173,98.4973206104399,99.21562713614267,98.99450253096309,99.01591836340872,98.72095260326122,98.84793544024379,98.5771081827863,98.59476546363032,98.61946123981235,97.12698081542538,95.22370904831503,94.37845728365222,93.60300337126922,93.91784506689152,94.24670244859321,93.57987271032563,93.2683229864113,0.7187918772884232,-0.6952253139408722
2023-05-17 21:00:00,-5.899999999999999,45.0,67.0,62.0,14.0,33.0,30.79811313515014,8.266240939209743,8.354421283367621,6.333406508847059,57.52912846042989,59.297507584162155,65.57769881091187,71.27827613326423,78.10716106308585,85.97737194142759,93.32635614458889,97.3386918192958,99.32322173079021,100.0,100.0,100.0,100.0,98.50683941595834,92.98650046798517,85.63731433820818,77.61936551192137,68.65971794327108,53.94576390199174,33.98864193629756,23.139838062866446,0.7067265555776158,-0.7074868024503348
2023-05-18 21:00:00,-2.8999999999999986,56.0,5.5,63.0,9.0,28.0,23.306911241516943,6.300102294603439,6.561233430456827,4.858492471647139,25.849291462549377,28.616219837422907,32.03029180055666,36.235519484213235,40.81928158615708,45.905802673512184,49.87034382034042,55.88603898394082,57.589491571412545,47.138187206353734,28.347160851298643,21.806840653308765,17.68540677513124,16.69798543571394,17.82429679789074,20.060001739582656,24.92031454466609,31.046680858717735,35.84492990660355,41.29089379841888,41.597649582205165,0.6944521021088763,-0.719538934232584
2023-05-19 21:00:00,-1.0,66.0,52.0,42.0,16.0,20.0,30.39751307789247,11.98020687134363,5.190687181647884,6.394466454605017,43.672981100708895,47.88548365937547,53.618792120813275,60.070460174177256,65.35898019662174,69.30407789403529,65.61008739968487,42.28998862884269,24.219244346581657,15.131349526924634,14.668435178187957,16.147883620679487,16.72264764620281,15.096756172399989,13.652383342388847,12.17298192163856,13.361948641184105,15.402455979572114,18.850875761171125,23.499755997355408,27.171351087158573,0.6819721490904629,-0.7313781428679254
2023-05-20 21:00:00,-4.0,68.0,85.0,39.0,14.0,19.0,46.96300291239815,19.85410092201777,5.472406417842968,6.466358726675086,61.01399674870552,66.65897539793517,74.4726946693718,82.45226905884158,85.4797459532132,85.27091131883527,80.76367513111575,87.60548323187865,76.07862972355385,48.1316606869942,16.251334999628465,15.916539654752393,20.665768375545372,31.65686237200494,37.20589390783734,37.63397630672313,33.56144552451845,26.82557352646984,30.899014158635406,37.693228025638845,53.83263684731675,0.6692903895412567,-0.7430009249440493
2023-05-21 21:00:00,0.0,66.0,35.5,47.0,12.0,31.0,46.655185430262414,18.970570752474543,6.138048827842851,5.767941957790595,72.78070083601249,74.4471940569282,79.61516003118248,79.87801755235672,78.16616200438699,73.21129992365427,64.63292154050427,59.95255922960611,57.448124662478364,55.14492022053085,50.96836272357501,48.44415951461219,47.26014167981452,50.19820296609424,51.92982483994758,50.96211505711058,46.86484167030292,38.847056635405295,32.180776492425224,24.3586714355666,21.453082643533474,0.6564105761979381,-0.7544038410927472
2023-05-22 21:00:00,-3.0,59.0,3.5,49.0,6.0,36.0,25.849974582228814,5.0506122777938,6.533179730291014,6.168544163415403,21.474709086070956,23.70727139606138,26.516655023247505,29.62592593348889,33.287939578545355,37.24321240840492,40.532806086571554,42.48642227393553,23.98357282690926,13.987954565004221,10.689640718819852,11.807308094649283,12.223736236817059,11.67889496886859,10.827769961740591,9.519491625867762,10.494972457050109,12.006625266653469,14.553888739720724,17.19465852833652,16.343972534752297,0.6433365204044917,-0.765583517007675
2023-05-23 21:00:00,0.0,68.0,7.0,58.0,10.0,20.0,30.715359778359847,10.419049530636478,6.766561996895654,6.123279930696056,34.52651062601678,37.89758303591115,42.30592889530184,47.46914335272733,53.27436021617352,58.22351477456525,60.049775110953206,66.23366704103928,50.48445076515318,33.65250503829632,19.37697561177432,14.83672637230902,12.756447477794291,14.540067041072561,14.92809200632317,14.65462421835156,13.921426829576925,12.615924089911282,12.247905920756065,11.737263677212898,13.466987182300166,0.6300720909843687,-0.7765366444428655
2023-05-24 21:00:00,-3.0,56.0,91.0,18.0,9.0,33.0,64.0132635887432,24.838779825108443,5.61050910824892,5.696186254277569,96.7947254639777,100.0,100.0,100.0,100.0,100.0,100.0,100.0,100.0,99.02181601114926,97.31121761388519,96.61632564199398,96.73862506336654,98.32731748853645,99.48956080566849,99.92395977823254,99.50801665791964,97.39563944548296,94.82933773811064,90.4271276441243,90.0900292856187,0.6166212130956382,-0.7872599821916922
2023-05-25 21:00:00,-1.0,47.0,92.5,27.0,14.0,35.0,68.03654806097737,14.705585798415049,5.5803134033910835,6.785726599103156,79.32344349183929,84.2615978711147,92.75712229907481,99.65675765027109,99.93146791463913,99.62095427620103,99.04300281519349,98.78675927380041,95.58971320720516,91.12069341412547,86.72188064862102,82.37507700827294,79.08524600001033,77.44903770361236,76.3617054444088,76.4251678794539,74.68826721261607,70.93540902494088,67.81705258011627,62.80004517592045,59.54121316255336,0.6029878670694714,-0.7977503570459932
2023-05-26 21:00:00,-5.0,57.0,61.0,35.0,10.0,33.0,50.90628243283841,15.931392209125695,6.435850810658802,4.487435555144881,70.59298527868654,74.14798989211069,80.09990850461388,83.8800378026747,87.3476689658893,89.95849741021225,87.54506414311132,79.9687789151782,76.11378960817459,75.58398962492473,78.59441359852302,87.04507567274945,94.36791983537645,97.4325893746013,91.34200762451687,82.15552235306792,65.25840901577232,44.806050614967035,29.54440613660928,11.203452345694851,13.277772731726726,0.5891760872322963,-0.8080046647350754
2023-05-27 21:00:00,3.0,74.0,10.5,45.0,8.0,27.0,32.90371758307909,22.7408784903436,6.681869446693145,5.345604657593665,43.38029574665809,46.64524797670659,51.725749444987514,57.099346000302845,63.17919079673161,68.55895965069237,71.64380305393846,76.48712677493732,79.27054932011576,80.78080058446986,81.38423784026945,77.15876952799098,72.25198073323367,65.19128322891302,59.078741663095116,52.82632520266037,49.960880550049566,47.517932194794184,46.011594208584405,43.9820600342013,38.47908766509259,0.5751899607119775,-0.8180198708443175
2023-05-28 21:00:00,-1.0,77.0,32.0,31.0,16.0,32.0,35.98711693349871,30.056667608711702,7.5011705900980195,5.254901816926245,54.20607733813383,55.99995473099932,61.89254998579059,68.4999015319849,73.36697102329528,75.77839178027112,75.97736871331574,78.44840989446276,83.3952786261505,90.04478401235784,94.07794304812775,97.70298992829734,100.0,100.0,92.9278022464417,71.37597583909856,43.77321118587529,12.303650965842397,2.843506475536805,0.4271833685903909,6.1366149730256145,0.5610336262283677,-0.8277930117131022
2023-05-29 21:00:00,-2.0,66.0,6.5,48.0,6.0,36.0,29.20521588546048,8.74214679821646,5.387411502228224,6.5828651613395746,30.257997174320746,33.13272106834321,36.822129625564685,41.2959475336098,45.91486741379228,50.056636205603155,53.096850802312076,49.62935694843717,31.83577031798362,18.4656003588675,12.396150987028488,11.294273719487158,11.040641597938748,12.11088118621828,12.863616861919835,13.321429031280873,13.270029241063238,12.879171785069163,12.220198220474174,11.004873642027139,9.864817794418412,0.5467112728685939,-0.8373211953118121
2023-05-30 21:00:00,-2.0,76.0,24.0,47.0,9.0,23.0,30.777560150880344,15.245134641249706,6.314674292199856,6.2521919840015325,35.91239621292173,38.71554515684119,42.98900363556365,47.93148117199018,53.23899699079245,56.72250984939458,56.952284878209014,41.98238633382783,18.969379305446868,4.462977845176658,4.522107055281624,10.584000326971154,18.8167731080769,29.706300424969527,38.535461269311575,46.38072352827871,46.97539351919121,44.807780921801076,40.84854579217493,34.76803901220924,28.80950194779515,0.5322271388474397,-0.8466016020976267
2023-05-31 21:00:00,-1.0,86.0,12.0,72.0,7.0,25.0,28.938443399914725,19.38709096278275,7.90553198572409,6.386550421523017,31.732316664987625,33.53681798737154,36.74948660715184,40.63319958022462,44.69064149531773,49.065758853016895,54.1056124793147,57.89506286140136,56.43664255079936,48.27447551185276,31.913466543296288,24.9441472355323,20.45847270881054,19.262877117259492,17.528956161858712,14.883151672992822,12.9524243031342,10.823124980066572,10.281920612235524,9.812827298645768,9.133759132549192,0.5175855102531889,-0.8556314858488706
2023-06-01 21:00:00,0.0,88.0,23.5,60.0,7.0,30.0,31.467653378542742,26.391387210107272,9.219288656958865,6.364647943884989,28.79660510559509,30.081453459510115,33.11836211046247,36.64957690106353,40.60964925660896,45.379721020507816,46.32802845075527,48.27846865269322,51.69588374950004,56.599316463646865,62.10384303546792,65.49998334600062,68.1094122617679,69.56682153474006,68.66090553435873,65.14487486797462,59.508179141594475,51.82286151541287,47.444897561658294,42.33992100162115,38.616117148582255,0.5027907197793043,-0.8644081744776648
2023-06-02 21:00:00,-1.0,60.0,87.0,24.0,12.0,6.0,62.13107935157103,30.19975203678094,4.203539479688499,6.259290414731288,72.38873042126087,79.22579539854397,88.78220536442963,95.31135875239326,94.95976176262143,91.10612760250974,91.85352496840443,96.27819997781839,98.90792085670216,99.566907644731,99.23127752453523,100.0,100.0,100.0,100.0,100.0,100.0,100.0,93.35790971585067,78.65497486763007,49.51141304633792,0.4878471454423119,-0.8729290708206411
2023-06-03 21:00:00,-3.0,47.0,94.0,25.0,14.0,4.0,62.86072531751087,17.632392485436352,3.817391679970736,6.386820358992859,77.63449066716969,84.23748368046638,93.50060530052919,98.39226017775009,99.41887324346811,99.74603152171026,99.77718707956991,99.9758188895298,99.53778586053146,99.6144286719729,100.0,99.14647132497495,97.13164529444069,93.78847351834513,94.13235853026961,94.83502708011942,96.84046878233607,97.92310682025425,93.14399119692392,84.1082551359072,81.78990268352007,0.47275920928627757,-0.881191653407483
2023-06-04 21:00:00,-2.0,53.0,90.5,22.0,11.0,5.0,68.72892973226459,21.909138741945576,4.549278788297606,5.9730391273659675,83.32408816148926,89.88003330370609,99.06278295811957,100.0,97.4158337556332,91.24360857833693,92.11041790013941,98.21180783068469,99.9050466519647,97.12108260054286,90.0507384145569,85.4174230469226,84.95616895110484,91.06730062951536,94.25639591302331,94.53485564910689,90.47833199455971,83.81158072130704,80.97772807497977,77.11184325755312,70.5658679966611,0.4575313760742512,-0.8891934772070711
2023-06-05 21:00:00,-6.0,53.0,92.5,13.0,10.0,2.0,74.18056166948126,21.817286644659248,4.7003419191131695,5.674703410028996,86.61795572355719,88.25507213629221,94.68392001541993,99.83963478912422,99.09845345580524,98.38325339262519,98.41392375784336,98.7555552786407,98.97706836555959,98.93281697324984,98.7360039055147,96.8814819216895,92.52169332549136,85.01814437453673,76.22971790634739,66.32474314262063,50.75638292257825,28.974304837811044,22.29524604631936,21.256050809722712,21.837015326194297,0.44216815196707204,-0.8969321743510065
2023-06-06 21:00:00,-1.0,53.0,92.0,15.0,15.0,35.0,80.01061196027509,25.10046562667487,5.329702346653682,6.087655518032627,93.61684980290458,93.07886670320079,98.08474542920938,100.0,100.0,100.0,100.0,100.0,100.0,96.3257541801506,96.27010887177605,98.39540985657855,99.48678128027582,100.0,100.0,99.87793410446906,99.42399109927513,99.20315036408212,99.29340202202302,98.35256228331708,97.89250303367862,0.42667408318992467,-0.9044054548343001
2023-06-07 21:00:00,-2.0,53.0,90.0,16.0,5.0,1.0,77.04691322237959,19.56055148171619,5.823752543377488,6.228539491191121,87.85072177585354,88.20465305888307,96.49137892213922,99.59455603492849,99.47012846612378,99.48416002701191,99.40525152630609,99.26846391775462,98.49802760309558,99.48891692279557,99.52904404692082,99.33020189639473,99.454568167775,94.89447030998247,89.25035493367372,83.14479574176819,77.59198178330304,71.72434080353374,66.96729620910361,61.33193534970894,56.49022602394203,0.4110537546870351,-0.9116111071930239
2023-06-08 21:00:00,0.0,57.0,79.5,21.0,7.0,8.0,71.82828985346084,20.64850285223459,6.627382181081135,5.976333636428768,80.44755730625975,82.2723027103402,91.05577362707774,97.42540718172198,99.54586098222596,96.27603193909714,94.23666934940384,94.92939180613047,97.28697334969748,98.44058454311856,99.98210384872348,99.3685111599351,95.38096625620925,86.66185003801404,82.27061180826662,84.55457642462848,84.69260864104861,80.89745544072323,78.94053801152887,75.2032851632548,75.90345372399028,0.3953117887649151,-0.9185469991587165
2023-06-09 21:00:00,-3.0,56.0,81.5,16.0,6.0,6.0,71.72422019136161,20.304161129418127,5.844968183983333,6.424383839439931,88.63681701382056,91.35157963075297,98.87503870796363,99.04028703996559,98.88392649712024,98.16221578781881,96.70081478866179,94.05913113521481,92.87099499784061,92.22733605841718,92.97152476155381,90.65545511473856,86.71118026626685,85.42979920594881,83.60531287431915,83.76724224153892,80.75256841356402,75.93006086912469,66.9123583748656,53.14217174942014,42.89501665865237,0.37945284372454435,-0.925211078289358
2023-06-10 21:00:00,-2.0,63.0,63.0,27.0,5.0,29.0,60.22936578777025,20.49794522361653,7.33243835505171,6.5524385517456,71.31292409752838,72.56187384843727,79.09501358269941,86.24757659733457,90.35749082360009,92.13593055026821,89.47423073530963,85.92604749357172,84.3197441732646,85.80080350047285,85.88041539773212,85.10701687073946,82.3552700660878,79.2749804627423,72.77424708503179,60.30674562849949,54.270590329288005,54.274656925346385,51.97728492572092,47.480462436531354,45.6422939524259,0.36348161248290634,-0.9316013725767187
2023-06-11 21:00:00,0.0,73.0,24.0,30.0,7.0,32.0,42.69898982567596,20.37180779558752,7.527476188031481,5.899004643891387,55.90632103112141,57.62866567590152,63.380757010571465,70.0498937855466,77.08062320438292,80.35691359632978,80.43305556278408,76.87540440258617,67.95847154375161,56.035361520833696,56.367859471677406,51.51196417897389,44.75026796070614,41.397540182422375,40.16102174266698,41.93557248912398,41.8499067973547,39.990126028831675,36.02151421936132,29.432864727046294,25.422945642608536,0.3474028211842774,-0.9377159910299093
2023-06-12 21:00:00,0.0,79.0,39.5,49.0,5.0,23.0,40.553425717581085,26.121377236153783,7.569618411277893,6.25712505775417,47.701591717925766,49.26187834267505,54.0712410651739,59.92621474222943,66.86096214477615,75.37471830294416,71.6000718722578,64.37608657017851,56.29882699252532,49.357543669151546,47.30169694185108,49.380522660813384,53.988841141547795,59.48683844327529,66.10022992817525,72.69404799803878,76.95586806849339,79.12991804318828,77.6038461410503,73.35454144926291,62.24257619503697,0.3312212278016865,-0.9435531242349544
2023-06-13 21:00:00,-1.0,74.0,92.5,21.0,8.0,17.0,53.405642578269166,29.222767429911848,7.313131144075809,5.267507039416317,57.56937799660383,58.3547239806513,63.260839689247646,69.85294905544274,72.55558851162095,74.78719170700592,62.88782528253145,56.11513882499578,57.420332114792686,56.706772175224465,54.4452374334597,51.375185671439795,48.14497118236935,52.36211298467398,61.04722148232603,77.69624459526781,88.81990601008962,95.70110515931447,99.53033028502259,99.95978218473235,97.55462926084184,0.31494162072895193,-0.9491110448902284
2023-06-14 21:00:00,-2.0,66.0,92.0,13.0,5.0,13.0,78.15557312319325,27.932905011007687,4.885257808655378,6.5556816142885115,94.82970234021667,95.04901485034341,99.34959436497583,99.37248439894584,98.98597829336268,98.56123689274257,97.58447995978881,95.57047808187654,95.21733500187338,85.98539709973517,70.9845939834957,51.937545788719085,28.293356255396606,16.96837176038159,10.229899326626835,16.7492314250134,19.566839225825923,16.193068803537827,12.735865392834228,8.976743785576728,8.703093986146998,0.2985688173637202,-0.9543881083175908
2023-06-15 21:00:00,2.0,69.0,63.5,32.0,5.0,20.0,63.26799955196621,27.242563305310345,7.285601769301472,5.821087786433719,66.60646640586305,66.54916504959438,73.19812433211699,81.11695738829548,86.27296222248457,86.77212907710829,86.84736472059258,85.54099489027801,84.33347405784016,83.28376977316793,83.7542062787263,85.18580354288892,86.75942110618902,82.40015612176605,74.05785883743641,59.29741941012735,53.41704402009802,59.86343023963936,56.93491927575999,44.25657046840806,42.56891761681155,0.2821076626819194,-0.9593827529490743
2023-06-16 21:00:00,-1.0,69.0,57.0,35.0,5.0,1.0,58.82995164909111,26.788396085437242,5.821826996364556,6.201846880627585,71.18671565512717,73.06125266404153,80.53192596054056,84.49087159296444,86.45104796301594,87.24829143098066,84.56085757261785,78.21834543018043,75.78061718874119,77.27645276275112,78.12552423127322,78.46046318688657,77.32419986339544,78.87813517339742,79.24528655772129,78.46651704863552,75.4903684494586,69.62454487475773,64.73570395680375,57.9560579275635,53.92550966252963,0.26556302780405594,-0.9640935007889755
2023-06-17 21:00:00,2.0,57.0,93.0,19.0,13.0,6.0,77.39637891920374,27.983760234075334,4.676653455302706,4.820167838719338,86.7279699380538,89.30133690395532,98.15450490392783,99.81974776618556,99.76719088235843,100.0,97.15387868794676,90.7240355669474,86.95686843582504,88.3004678950041,94.47246791456728,96.27090987065343,95.82424532893819,93.43596547338136,91.7169663956299,91.046858667827,91.12825083967664,91.59567121504406,93.54093868774046,96.51670291691403,91.44725372931775,0.24893980855376657,-0.9685189578512204
2023-06-18 21:00:00,0.0,55.0,93.0,11.0,11.0,1.0,80.16644518737577,25.591350356989345,4.177133393073827,5.80186768616194,92.57404271706133,95.01593640743752,97.22175867941117,98.8832831091471,98.46531365439436,99.0844315423439,99.32486352892468,99.90573680294818,99.76171108721377,100.0,100.0,99.74346931988578,99.6693117847896,96.08372744601124,90.52387122327312,82.01282298855543,70.25647829865376,55.80664122566355,47.0220285712779,37.79854332324171,41.092194691163044,0.23224292400907015,-0.9726578145718654
2023-06-19 21:00:00,-2.0,62.0,82.5,30.0,6.0,36.0,64.75536744234604,22.09483533690079,5.934248875166109,5.437386724733508,73.13691923370486,78.66855927347984,86.9553423397601,94.76994645906271,96.90434188609728,90.51155649506799,91.83111714940489,96.56548722266297,96.00571881216185,93.0374451050654,88.14125874415615,83.20970466832695,78.20866698636996,73.32307799252068,66.92422932733945,58.859613866759645,51.34387451692513,41.66674848685321,38.427313005945386,35.001164540490045,46.47006421103615,0.21547731504673012,-0.976508846196619
2023-06-20 21:00:00,-1.0,67.0,46.0,26.0,6.0,5.0,56.438576379041464,22.520040841452772,5.750255539349055,5.751674643119359,74.82851419443158,77.61472866459337,79.72852455923272,82.41623233285488,85.4634162786894,87.20387561924353,86.26136924914289,86.38766880909017,89.58794667739313,90.04339956490634,85.80889944133575,72.63094881784758,64.43193700395443,60.44483341121706,59.968414574252826,60.003548909104424,58.652684694026945,56.258441667473726,50.802423686770446,43.37516385111961,38.65680134704483,0.19864794288017112,-0.9800709131432666
2023-06-21 21:00:00,-1.0,76.0,1.5,42.0,5.0,26.0,40.08550567861075,15.142541831314345,5.905827578109816,5.451515820096926,47.43479746189499,50.84179885359894,56.13162343452917,62.13718952655979,68.79402056206297,69.94930756726036,53.27951506786637,23.15506683639341,21.950102748023497,21.519819541737583,19.596167566092692,17.14484110601258,14.834143250364166,12.601594542925584,11.497425110807391,10.705619704939641,9.508164971311936,8.062985322503664,6.614206380877118,4.876855372985258,5.541026675420013,0.18175978759137534,-0.9833429613388902
2023-06-22 21:00:00,-1.0,80.0,2.5,43.0,8.0,23.0,42.21952961285212,17.54635977965703,5.419335044902542,5.858685826372965,50.88950390538999,53.78091503620899,59.54769842587668,66.17379724336392,73.57522138355152,78.7156855721795,68.85112497159949,35.615823457526865,17.041013121568156,8.16963801679218,6.65134557303554,6.399265895787163,6.024390441905867,5.219269271300422,4.198789131819111,2.9990843750174996,2.365662544908309,1.7465776113850962,1.6131882347847335,1.5235269250797827,1.7941833615923348,0.16481784665719793,-0.9863240225317866
2023-06-23 21:00:00,-1.0,83.0,5.5,38.0,7.0,23.0,42.67980812077554,18.770227152313545,6.070239574390582,5.922329321816717,49.04073681750516,50.6165199569032,55.69774962487486,61.58837776453757,68.21779269723017,65.86141312856012,65.81477022156682,38.98297277085342,17.206265529253777,7.038352923537476,5.692429962707827,4.674184017369075,3.7776628808027284,3.075813155342558,2.6494859095631167,2.5810243722097823,2.609365601433029,2.705314892609729,2.5283314410416793,2.2012415105777796,2.9893561886215974,0.14782713347053048,-0.9890132145779883
2023-06-24 21:00:00,-3.0,79.0,85.0,29.0,9.0,21.0,64.4789184655231,44.2838003517193,7.30307395533806,5.160596332162846,64.21599824196012,66.2233206937507,72.6475721923084,80.47842332076293,88.01494625570359,91.63465338499589,85.97862789854939,81.52879641734403,80.17640063875379,80.4686232492357,80.59324840973206,83.0477948683508,86.48845452228687,90.38056509887052,92.26646851704474,91.23351309252612,91.58103087630266,90.87402794249996,91.42439018185694,91.88658571522265,92.34592725922298,0.13079267585675922,-0.9914097417023038
2023-06-25 21:00:00,-2.0,80.0,56.5,33.0,6.0,36.0,56.19500657655519,37.3343302520153,6.601483281534959,5.405657318145685,73.96486104622923,72.53352054560452,75.39071025121649,80.69703024325273,85.75827605903955,88.37887351346339,89.17119475365784,91.10875874931153,92.90381411767548,91.69574739380579,87.86774168319556,84.34309832560494,79.83582016592445,69.75946260188098,57.97519787558399,44.57834282839518,40.773899312026465,43.306285129413666,45.26467473387171,46.56670464634185,47.5011298447762,0.11371951458594969,-0.9935128947338007
2023-06-26 21:00:00,0.0,63.0,95.0,16.0,14.0,10.0,80.77268735476473,37.65319907322391,3.372635651773224,5.615802250928313,93.01186892020587,98.2677448998175,100.0,100.0,100.0,100.0,99.3583287604923,98.61324395004685,99.21294273150752,96.68978292379947,89.65099262181614,87.43245819866074,86.36649184312873,86.4644323551912,85.13863925435342,82.01600659973593,77.41642648052434,71.46376120483596,63.03133313646531,52.16232017289805,42.28885111721304,0.0966127018812031,-0.9953220513156602
2023-06-27 21:00:00,-1.0,71.0,88.0,17.0,11.0,15.0,78.56176830966571,39.74871366339905,5.247459008912469,5.670324071769024,86.37077888256812,89.48612545297212,96.8844866516096,99.24602833468295,99.11684909508016,96.01405693455945,84.07301090850363,73.3722288925127,67.10750923547793,63.7872057432107,61.73693611136846,63.7244450929977,68.08905722721886,71.16232429289491,72.51382243382083,71.08026088599365,73.51579574123068,78.41895216264953,70.16682461490456,54.45918948743773,61.6742019800227,0.07947729992362097,-0.9968366760893436
2023-06-28 21:00:00,0.0,70.0,91.5,17.0,12.0,16.0,84.1691421001808,43.96105461507904,5.718564767084193,4.95528120286337,89.11325144853119,92.21261588865045,98.7161826389058,100.0,99.81322658368495,98.28455249593998,91.28335023792441,86.39524721405965,87.49296992097496,93.00685595638132,94.42281914735142,93.86629953944137,92.48123399889707,97.7766364908094,100.0,99.83802582399872,99.61220369448394,99.20336100881465,98.35288126874799,96.94448270852742,89.81708084834979,0.062318379354325076,-0.998056320853012
2023-06-29 21:00:00,-1.0,72.0,79.5,17.0,10.0,18.0,75.94378647886145,36.50413026916451,6.568530053844548,6.271567049305184,75.08730064040603,79.02808160760723,87.07133853882037,93.95001438062913,96.06721218632558,94.84372317731955,91.76646838352227,83.81811085589644,79.26010225262617,78.6247524782434,80.37276086014943,84.20936662260894,87.18331740087854,85.6320707455475,80.21079824495065,71.1336728535207,62.595272327307285,52.38131387149198,47.54343055552282,42.63895936858186,53.01446164780042,0.04514101777397193,-0.9989806246941579
2023-06-30 21:00:00,-2.0,77.0,57.0,31.0,7.0,18.0,62.027888304697775,32.90789549516832,5.856040239549673,5.477455165522829,82.42804986763005,87.56253890017508,91.57052217022503,89.23520715134836,85.07114511810198,82.34548370239165,80.731818110092,81.90613765107653,86.92091973489187,93.86136905250734,99.25680442411763,85.93785075047954,70.56728070175849,55.48005522670951,44.55730286042817,36.042269714277815,26.474778699470896,14.991673287588418,10.318086099655813,5.409948542757668,5.94781658207715,0.02795029824021032,-0.999609314096404
2023-07-01 21:00:00,-2.0,76.0,57.0,27.0,10.0,17.0,66.40910847963103,29.86971757705203,5.963855316565519,6.659351997219226,71.2080241526196,76.50553299941359,84.41057656656395,89.4560727753712,91.37561464972677,94.24957951418624,87.72800273617293,75.53622403348412,64.59270056309936,48.84132494801024,25.259845399707903,18.46662212381959,17.18688757614186,24.3137911795727,34.17345929193292,47.35122915793944,54.84918885523914,60.70635702387761,58.10699893205192,51.87481116448501,42.00270114515931,0.01075130776352193,-0.9999422030204416
2023-07-02 21:00:00,-1.0,71.0,93.0,21.0,9.0,19.0,78.56176830966571,38.98995196330864,6.194303604734577,5.289576221214225,75.99087373474502,79.52527717259959,87.84660739665743,90.72228288786715,90.92329728872909,90.8193537314995,88.64495845543787,84.73179035786444,84.31513616715208,87.2801298363821,90.90973327680668,94.157535414784,97.44628038261273,98.91759069847768,96.30945082195855,90.79641611988568,83.45376661928016,73.52662659440885,76.4552039548087,83.22793633556255,86.61953386250457,-0.00645086419810515,-0.9999791929590823
2023-07-03 21:00:00,1.0,76.0,75.5,22.0,5.0,36.0,68.76831510279386,41.399514260161,6.070742943131223,5.495756839969333,71.64581433820575,73.87132964746208,81.8305204616538,90.29381713424553,95.76937197690178,96.1305259656478,94.48914630550416,94.58101316119885,90.27514047566997,82.43130033825643,77.84671452244781,76.70341824240853,77.0576153430585,77.98589100308439,78.6841484007313,79.70139095906336,78.88085317571286,76.68597302561993,78.88582506736417,83.16826848139915,80.59227306177571,-0.023651127245231586,-0.9997202729664083
2023-07-04 21:00:00,-2.0,79.0,84.5,25.0,5.0,25.0,64.4789184655231,36.62234164194953,7.638120290003403,5.414613692211933,60.56585074073257,62.994733959663364,69.43564530024157,76.93165344185337,85.84696175818415,87.99798306194232,92.2848697456881,86.5016654421984,78.95542003692651,73.72841078993046,72.50312444044542,75.09582612889854,77.49526982252858,71.95344471234087,58.69873595648293,38.72020938888709,37.27860139482163,47.07565766918789,60.06449259430012,77.01273051723095,65.7667795182602,-0.04084439154329611,-0.9991655196610109
2023-07-05 21:00:00,-3.0,82.0,25.0,37.0,5.0,2.0,56.46565215030564,33.82017430406199,7.971672477466858,5.112810646215912,59.871980107796794,62.39006467808168,68.85514448792456,76.07350517811847,83.8806990214653,84.70077151276891,88.41485958342835,82.05472290723102,74.2847436536949,69.14133693411853,68.00135158121545,72.07117512636422,75.29470179674837,67.02928749153581,49.550268387034606,24.86523256943793,14.14789017708098,8.413830958663866,8.610212336875858,11.212480619412933,12.054160423558184,-0.05802556932878035,-0.9983150972033183
2023-07-06 21:00:00,1.0,88.0,49.0,32.0,6.0,21.0,48.23456982046533,35.0704707033629,8.256862772403624,5.052670022199237,46.79773470636895,48.21577168818496,53.045150552090014,58.970754176090864,65.75649619848282,73.474694153191,77.13236727650012,73.87767439738344,67.87208623601107,62.97165485743012,63.98069522081394,64.27925265499594,63.96793330963192,60.898239355571505,54.442908313291525,43.98647798009506,33.11650266031092,21.305694211170287,14.321918449969473,7.781992854333576,7.480015397535504,-0.07518957641475855,-0.9971692572470178
2023-07-07 21:00:00,-2.0,84.0,43.5,25.0,8.0,20.0,62.887328235813854,43.358171380253715,7.946044096117235,5.072584356003861,61.456554880629724,62.8707854265797,68.89214034563915,75.60645340276605,82.15101536359902,80.65612184692868,79.99548134222118,78.71478212425725,73.2555489771508,65.103241611256,65.73012309593854,70.38007635823438,77.71534698164947,76.97144369598855,69.32585685018013,52.845434980167006,45.91814302556498,45.896495335264234,48.10968231221281,51.50972228576591,51.20241540423343,-0.09233133369539122,-0.9957283388645872
2023-07-08 21:00:00,-1.0,82.0,56.5,24.0,6.0,19.0,62.644407454277065,37.11213587634678,7.46588766257597,4.972577152198495,58.76908808293909,61.414590233190744,67.61945020808025,75.4161797025268,84.19081805224002,85.45087705458137,90.15276263029584,82.94113751895388,73.06944719761343,67.59802845824753,68.82654045387511,74.10893492843493,80.34778759567041,82.46097863213494,75.84110177135577,58.198168427269714,39.416708011590515,18.97614874897682,10.99036783595379,6.363482874886266,6.213510881049965,-0.10944576864891556,-0.993992768446958
2023-07-09 21:00:00,-2.0,81.0,66.5,33.0,6.0,17.0,60.39506710555167,32.99827263546411,6.689256737462548,5.83969117420543,61.15068837840525,63.848478863132776,70.7228995645049,78.48310664879284,86.59649400263648,85.06724133160655,77.59806749514622,61.19778253371647,44.34777977602021,32.81244860315486,35.90934188477835,42.18363924778257,49.641826159262735,52.433427615492455,52.94743135781674,50.6576920507261,45.99029110773029,39.60010058199271,41.58699262178845,46.353033870478924,54.99945884080266,-0.12652781683868314,-0.9919630595773397
2023-07-10 21:00:00,-1.0,77.0,77.5,24.0,9.0,13.0,71.30206812410943,43.503342666200275,5.589037176080456,5.583484089055668,81.60772250792361,84.72190130111052,92.87472691621119,96.42099798272925,92.6106378372215,90.09081794340923,88.38445691338951,86.93812366444516,84.0437279277537,78.53395171278488,72.00213426411733,68.51910576928182,66.90602052450313,69.80710117086608,73.02866823605227,75.82112566364668,78.94417055363084,81.79612539757726,88.91989201305094,99.13610819046403,96.31334593875025,-0.1435724234118113,-0.9896398128792412
2023-07-11 21:00:00,0.0,72.0,79.5,17.0,6.0,17.0,81.42343163922523,34.22102569095523,5.1723690308282295,4.8749813826070145,93.19960389658553,96.30174840964646,97.78310597889183,98.53177498539432,99.2486978098528,99.1782546259043,99.78512132312159,98.64788917060875,86.57805827100835,60.72310730468386,48.64746578958983,43.83473471474177,43.95761890045176,49.69763621143452,49.7950248213138,40.659393703395004,29.612070335210518,16.660444706113207,20.786392643260506,34.43188330844914,38.97559424644998,-0.16057454459499376,-0.9870237158387383
2023-07-12 21:00:00,3.0,80.0,32.5,26.0,6.0,26.0,58.20002676000418,32.6306125776811,8.119273929660126,4.899825842191825,50.90241560889063,53.06716375053306,58.33388978370541,64.97805787257211,72.2354006043706,81.13047076047363,88.3634592640557,92.26513874931605,93.71450954754253,92.41319928467918,83.02713263623102,75.94873792782886,68.58262087735937,65.30532955688663,53.76070884854908,32.8159928629876,19.723427276798258,10.470693265107105,12.520220237269283,19.144749842005996,18.480333495269015,-0.17752914918703497,-0.984115542601034
2023-07-13 21:00:00,0.0,81.0,75.5,28.0,8.0,16.0,60.39506710555167,39.863624689712324,7.30086061960393,5.475648267169803,66.23315144529877,69.21541777301533,76.62671793484664,85.4925817682735,88.01460311559029,92.75115947263689,97.42934488828536,95.81204930654116,94.8208419789737,90.10142780710598,68.07968262315711,62.03959206540139,60.7934175691658,55.603883378290284,48.1347406502298,38.380143633834486,38.05216811531264,42.56755915532381,43.39732923177396,43.0316275003143,36.45241507062679,-0.19443122004766195,-0.9809161537413774
2023-07-14 21:00:00,-2.0,79.0,43.5,24.0,8.0,18.0,66.7498450197337,41.27153781529439,6.7305132423905025,5.947468998057296,77.34520940049356,81.29431716273186,88.50279505763258,91.95490392418459,93.24426774105066,93.46241004735857,91.65091812427178,86.70895894217607,80.23256926000755,74.74187192589343,72.40788551611395,76.58575901225161,81.7540801283941,86.4132350967655,82.01603344352033,68.58158810844247,58.8652056436246,49.78624060279302,54.21941814345228,63.07614755409601,73.42371802803355,-0.2112757555821793,-0.9774264960104055
2023-07-15 21:00:00,-1.0,75.0,72.0,19.0,8.0,18.0,78.87902635768756,40.00074746542209,6.636758494471085,5.022827091387673,77.67622345900682,82.8851029922783,88.8168190776783,88.06307429088369,89.88521619241625,91.59986373954429,93.55974488403542,89.40525480256831,80.04248956897244,72.9442336916833,78.73115106905188,84.5524077783811,87.05419752820264,77.22604958898701,71.74901620896969,69.48126584549975,62.99060703994106,53.92021689440602,43.042086003708675,29.35127673452726,21.966532543068507,-0.2280577712215198,-0.9736476020539838
2023-07-16 21:00:00,-2.0,73.0,92.5,18.0,13.0,17.0,87.29701227058099,49.10513892199915,5.768852411427758,5.155910519901829,85.57347856319207,89.79443212212098,96.54162165256194,98.76694610836032,98.31916558305839,98.97040737935497,98.28543628068961,94.97159416698038,88.90741914770966,81.9672998798721,83.88100513505069,86.8625511418034,89.90598292517573,90.34283501634923,91.84760029088874,94.83999516365908,96.36910075935866,97.50768307532502,98.82052709937655,99.03445304391954,99.04462752865288,-0.24477230089725957,-0.9695805901076308
2023-07-17 21:00:00,-1.0,81.0,57.0,31.0,8.0,19.0,69.3030177548944,39.77372620050377,6.759864096179989,4.761906881982292,70.31176803080497,72.75743803683937,80.609656189835,88.53652504609792,90.34078972763659,88.20946794095946,85.70220964518047,81.81744890981255,75.29520180054948,68.55787551098656,73.52249909613977,75.76144905905116,74.68626165132426,60.39408225062582,46.437961557280275,31.95340892161448,21.059569553403396,11.667931959038134,8.506845064169704,7.669361766742036,7.862971185417638,-0.2614143985111562,-0.965226663665613
2023-07-18 21:00:00,-1.0,81.0,75.5,24.0,9.0,18.0,64.7147091997061,35.559356935555364,6.997410703861635,5.303008232755131,71.14387997314667,74.46593708214752,82.22006305180949,88.5613280429823,91.49706050732908,91.97204286710634,90.7363476749333,82.8116766433985,73.17096419459017,63.833783173263846,61.37172109393021,57.49997190205808,51.22964671712753,39.247419447694156,26.502614355128113,13.438874083778495,6.807744215696243,2.8284847332635676,5.017510297994743,10.282826170447624,11.916218207633907,-0.2779791393987801,-0.9605871111248129
2023-07-19 21:00:00,1.0,79.0,39.0,33.0,7.0,27.0,56.05889507838373,30.931242711017347,8.013979394060314,4.815540917194437,58.3577611857639,61.39272188655038,67.77683882964979,75.07403135427259,81.98651270155506,86.16711446124665,87.38053055814058,81.88435490576023,73.28741428780299,66.39282042756733,68.11300666834667,74.11701385003487,80.5551661961172,77.75665227969067,57.7687505275096,25.31967487753784,10.73901964941144,1.9018437827230732,1.1207665990261442,3.19886240280852,7.089228643214519,-0.2944616217868012,-0.9556633054034704
2023-07-20 21:00:00,3.0,78.0,5.5,44.0,5.0,34.0,48.47256086202582,22.036139575340083,6.941148676109404,5.579422763720047,47.62010785121756,50.047974815764206,55.52114439232152,61.46375264614733,68.58189779142904,75.94367362492757,76.71254366163865,75.92110502578583,68.25955601977924,55.17923538577205,43.05456385149921,35.273618284147474,29.115903129884877,25.8346103544416,21.544096451934468,15.98707685009174,14.258312457774453,14.086040208314603,13.888730891037548,13.533283041329838,13.903587266241885,-0.3108569682435036,-0.9504567035349151
2023-07-21 21:00:00,-1.0,78.0,65.5,36.0,8.0,15.0,57.93497644811754,30.372186713622543,6.46469574617826,6.646421002243933,61.96077109689687,63.81514966844621,70.7706533214293,78.42143102919236,82.18662107026226,80.67528244464968,74.95113405218147,69.9630582047021,65.79769273046968,59.36531408097196,45.85289646283646,38.51417496136087,35.94784816924966,46.120454643438336,52.35389116576895,50.11856277816634,52.255424567156375,57.80934040830682,66.18412956861107,77.29796372617211,81.5115654250873,-0.3271603271220951,-0.9449688462364056
2023-07-22 21:00:00,3.0,77.0,47.5,30.0,7.0,19.0,64.24102387606231,33.0500440287363,7.64830440628543,5.907323909264154,55.71364391203597,56.94646948004286,62.691873965394905,69.55725065162024,77.4611869504222,85.55145850428458,88.35976536233652,87.74563555598304,86.21015793967055,83.93047957549487,85.80713330738608,87.35527935402501,88.45231646832613,76.91003978046723,64.55792268002227,52.39069266698435,39.537946987152765,23.107698080496284,15.432751418318514,11.845259253965564,6.702762523415057,-0.34336687399638804,-0.939201357453208
2023-07-23 21:00:00,0.0,78.0,48.0,40.0,6.0,27.0,57.93497644811754,30.647390702473327,7.57957368146973,5.2049794163789365,58.064767818719154,60.54453130304241,66.9509746392053,74.63793615560836,83.13187627622558,89.80580669647563,93.4512113499787,95.60342444154361,96.02749322824576,93.78519938577597,88.23150820143034,78.44058847686945,62.124819702433435,36.22246315400347,16.989630042127345,4.210653045371241,1.3091129787759879,3.970135148538863,6.022460169357795,8.23846726861454,11.48082503869756,-0.3594718130884232,-0.9331559438780432
2023-07-24 21:00:00,-1.0,83.0,22.0,54.0,7.0,23.0,41.171795453464874,23.228716420552292,7.986488629046925,5.6507767078960764,41.54660035339811,44.39723827438271,49.102316567486426,54.14764861115864,60.17096924220359,65.85617081383984,65.47852972489969,67.00244735960447,69.30530750014445,67.07666981660108,56.802599872990825,45.09486374401877,33.16125031978155,24.92870776285657,19.271127797165363,15.588318165143727,14.408013422503126,14.023753085464898,14.96928673356761,16.32681975329384,17.199760752042817,-0.3754703786876202,-0.9268343944460494
2023-07-25 21:00:00,0.0,79.0,44.0,27.0,8.0,23.0,60.13960745391395,38.772592437532715,7.032660735065809,5.414893832134767,68.17360585737255,70.4030342094075,71.96090767354946,79.2062766704834,87.78366327224357,90.15340248786295,94.1561961409441,94.0005237641558,94.34218829394155,94.38169655301466,93.86311831754114,89.42315991769517,85.07465806779881,85.56664338385757,84.64590261902646,82.46740003798365,80.519990666056,77.2948643998439,67.28882005041852,52.34360448568982,47.883158045223254,-0.3913578365610259,-0.9202385798054075
2023-07-26 21:00:00,-1.0,81.0,33.0,40.0,9.0,24.0,48.9158905388298,31.680155237980415,8.232775716634714,5.286794800354354,50.360612445904216,52.84607357014528,58.36101181712423,64.87013056160073,72.11000991051048,79.90027705159733,82.09416560042368,84.41523905212304,87.35947313639741,86.79954586316909,75.01646463301314,70.59754364892422,67.46419962116092,64.18887219999982,53.048028791186766,35.793551336340656,31.53731511363911,32.5854727663428,32.18606612109846,30.421358365519204,21.38069282913899,-0.4071294853542516,-0.9133704517637858
2023-07-27 21:00:00,-2.0,73.0,88.0,22.0,8.0,19.0,76.03184026638034,44.02160545273364,6.119211468302584,4.790773916067863,69.15284031545963,71.45297905118501,79.16011115947992,87.29942503016481,92.46348007617954,97.42367060618368,96.06421682801084,95.95522656858857,95.33128798990596,94.26734295050319,93.55672535013784,96.13308048600692,98.99578848495774,99.50035828792626,99.77893090051114,99.05427598438018,96.667139395418,92.34593736014598,88.57666208496127,84.41335078594595,82.6583266991787,-0.4227806579826773,-0.9062320427107697
2023-07-28 21:00:00,0.0,82.0,55.5,24.0,10.0,24.0,58.4629559303616,42.36683217243064,7.675632606337339,5.796868461207583,57.47604491922402,59.01829009838948,65.08876535842246,71.9958443439274,80.02349505624308,86.47639426945274,88.48089920055752,92.04377669570263,88.22520789922491,74.33904748959273,67.50844591296492,67.96044548699759,72.73796882251756,74.80016375261404,75.89870071811131,76.15545044928712,78.76515354194464,82.93855361707588,86.63682935243962,89.35198246480363,90.29536327308952,-0.4383067230125192,-0.898825465016444
2023-07-29 21:00:00,-1.0,73.0,64.0,40.0,8.0,32.0,49.51100320358757,25.488579073665267,5.975846516587868,5.873972321790612,47.562422042056006,49.023231900550805,54.617843565179435,60.961208619903964,68.08576948840978,74.95546586178214,77.74429849270405,72.70876020964432,55.3170928074914,32.73787604391233,27.781904357655918,29.036236034430303,34.36356171161123,49.2039670513604,67.2091582249331,87.00376487080025,96.027418799098,97.46758600550221,95.48639363960882,91.52021757684001,90.32365688537254,-0.45370308603134424,-0.8911529104063088
2023-07-30 21:00:00,-1.0,72.0,13.5,60.0,9.0,31.0,42.54287617924819,17.87727475802334,7.518165203379998,5.6521983109507685,41.98272445028597,43.357608588623606,48.25213621392684,53.843034574565785,60.580927699817735,67.85608415292403,72.54418021600219,74.68830978950079,75.7171456829034,74.29106329185704,59.619321553119086,48.29324852382721,40.021401246434934,39.02337497100827,37.3547486612999,34.184705591893824,30.435899812980534,25.00649312150151,22.23028085936968,19.796061041505034,22.067170034085148,-0.46896519100763184,-0.8832166493127127
2023-07-31 21:00:00,-1.0,65.0,52.0,25.0,6.0,32.0,70.05344094799,25.963013926000265,6.5670704466752845,6.54658913898899,77.55321504119799,80.08730614892369,86.10425978199221,90.88320719201229,91.93313105847703,90.81272234161119,91.28882092409013,93.3795705446081,96.32191166583975,98.96266816901267,98.44906273210616,94.75557629274533,89.43215217946715,81.34938346417101,72.85825758125763,63.823661580218605,57.52710786519659,50.77990772506871,45.90565607341319,39.944483218398226,37.90423927669785,-0.48408852163897587,-0.8750190302029955
2023-08-01 21:00:00,1.0,67.0,45.5,34.0,8.0,31.0,50.47135080410152,18.276581305221818,8.406825567561974,5.865306425326613,47.98028666115211,51.75236654516022,57.12787235079288,63.30299999781549,70.58034762459394,77.75400883753449,81.58186677917061,88.6791994774117,88.09468515409566,83.47413609313828,77.49950921940378,79.49119641076548,82.6921938686514,85.67136772030244,71.6548860306723,45.3592984682344,33.24408002569593,22.954016926543137,23.00342384054624,24.710004897297026,27.612268791860522,-0.4990686026885319,-0.8665624788845385
2023-08-02 21:00:00,0.0,71.0,20.0,56.0,7.0,29.0,42.38632854210911,16.051274266809347,8.442540527804391,5.334920358061081,38.43898218914622,41.871698476623656,46.52166932825208,51.96594591113725,58.3468138357103,65.48341537623544,72.60625185313474,71.81750062537449,72.14250359980699,73.12617595795348,74.51035673428724,69.53593615774716,55.324426233483216,29.55673116982669,19.141473441301464,16.18063676464105,18.882184581735718,23.715730576516894,26.8204943041651,30.153511009793043,26.514736527067186,-0.5139010013093103,-0.8578494977869301
2023-08-03 21:00:00,0.0,73.0,54.5,43.0,12.0,19.0,49.51100320358757,24.136830792629343,7.696401983864512,5.3257447557567374,44.52975783752381,47.40088078682195,52.4198124412068,58.40592327997909,65.16087758652375,72.01020560110099,68.11533952272455,68.84934717448232,67.51878021090191,66.88820957632447,69.41994737213773,73.51843716029792,76.75023881974889,75.23321200752802,69.79037532776617,60.800789306695236,56.32738878928767,52.459946114364506,59.430648720851096,70.27296277228704,82.1889630030058,-0.5285813283559292,-0.8488826652214553
2023-08-04 21:00:00,0.0,65.0,90.0,19.0,15.0,18.0,78.0730224173594,32.56761832012561,5.468540170192669,5.844391300890312,82.72309535692625,86.51146970517074,95.27123583786057,99.78739613446386,99.56871860559377,98.7077338776907,95.48488636593152,93.16218311424603,92.88180358989212,92.53370527831682,91.48493541752127,91.14200330290979,91.13050421488079,89.4218971033981,87.42871261434964,83.80407462359246,82.57421551727033,82.02169829554482,81.8252141598878,81.0474432774929,77.5132361351624,-0.5431052396834317,-0.8396646346181327
2023-08-05 21:00:00,4.0,72.0,39.5,31.0,8.0,27.0,61.397964442270506,23.72603250608238,8.08903866295607,6.226297324243058,52.6779713756251,54.98690120006183,60.76374768768673,67.08015889080119,73.94860047217632,79.14713597953535,80.0033786445324,84.42830069328043,79.61574681088246,66.51954096564873,64.57746856259926,65.65697558025434,66.86890293646269,63.27125452584927,54.287702489477375,38.331693991812486,25.427275415942326,11.360885297701346,9.704395279121066,12.826736554823906,15.76610997827465,-0.5574684374327892,-0.8301981337405212
2023-08-06 21:00:00,-2.0,72.0,33.0,40.0,11.0,30.0,55.091227971046706,28.254570722533344,7.593256938010209,5.609876354648281,60.47674864690056,62.425604961981826,67.98337699674804,74.07866807737918,81.39052376327633,87.7977196944168,94.29116613897129,97.64769254550049,95.87998986801851,89.99864243578621,83.36180265099425,87.99360471310113,95.59307081381004,98.50605655564429,99.2984379114493,96.53794639882098,73.7661435770919,33.47401700225448,20.432547603377486,14.833502335758869,15.773473510212426,-0.5716666713027052,-0.8204859638785327
2023-08-07 21:00:00,-1.0,72.0,79.5,28.0,7.0,11.0,63.63694965420793,25.003598872419264,5.859922716902431,6.091357967467134,56.85867597995989,60.414633324955204,67.49783921617532,75.31177963662856,83.68694640367777,87.5571213368236,91.96815385481595,89.44153060273005,86.94697559111208,81.72142334709639,68.32438229722148,37.39081346614186,14.971738336384366,10.682037959023788,9.643224607046532,11.803021207852517,15.031715412055663,19.593863212387628,25.273964356451312,32.70758033534812,50.46377809613772,-0.5856957398073508,-0.8105309990194823
2023-08-08 21:00:00,1.0,63.0,94.5,14.0,16.0,12.0,89.93549089385657,42.39152484012528,4.486076295303807,5.24475131330183,89.72584578096442,90.85553577081869,97.71516989172564,100.0,100.0,99.7755008190799,98.1684943948963,96.69445245888804,97.43798727175727,96.85335420013817,96.90723060998904,95.89415798737909,93.64515618021761,97.0948913089692,99.8489532598243,99.3777101455675,98.97336039320719,99.02756372259734,99.08813837468381,97.73343986538411,96.57747714224597,-0.5995514915196489,-0.8003361849976323
2023-08-09 21:00:00,-1.0,67.0,85.0,28.0,12.0,31.0,75.49660715387097,32.69644776635875,4.9286722363111135,5.101757221975973,79.3013078472862,78.8272712239544,86.5651563728763,95.32352878696875,97.16650762306779,96.21717505765562,98.1239138276242,98.58476767966565,98.91623930875848,98.17540010808074,98.02533962109915,94.16036940527272,85.69130319800287,74.02691095282225,60.96672065241806,47.9038011122496,33.65121530450787,18.357230466232615,8.631454834597836,3.316892262057129,3.1464187750402313,-0.6132298262997502,-0.7899045386224707
2023-08-10 21:00:00,2.0,76.0,49.5,34.0,6.0,25.0,57.667789107835034,30.462639826071804,7.412683750307986,5.629563889913054,57.07514570648018,57.83409365941594,64.31018322956554,71.4553931556708,79.7390662866226,85.80381068984626,88.6811440180661,84.70962256586473,75.33687892835945,66.59376175742926,66.51372830135242,67.42538179294789,69.9902491322195,69.34730733918013,66.6889660606392,59.98425160168984,52.34081307564124,43.0234702227841,36.414789512664335,29.987562221877194,32.39225274328032,-0.6267266965083301,-0.7792391467859886
2023-08-11 21:00:00,1.0,70.0,52.5,33.0,11.0,28.0,65.71339318037325,27.556758444978833,7.468997734017894,6.546804867503534,65.63195985011959,65.59225714683078,69.5119565754889,76.31673957183631,83.81877136764669,89.81081243452607,91.50178236011638,88.88011346797212,86.22055840255403,82.56559740040271,79.6164412311508,77.69312617797776,76.10932462641475,67.885444790471,58.544079852518124,51.12866117765367,44.18160383957688,36.85178395034844,43.47972106739,64.37317977696748,62.6140431257867,-0.6400381082043503,-0.7683431655492202
2023-08-12 21:00:00,0.0,73.0,70.5,38.0,6.0,23.0,59.36035569550202,24.154970965580954,6.016079242298672,5.516122912584887,60.97976179961459,63.97451341951537,70.75912022609371,78.64591200533536,86.8978814556727,90.5485251604274,96.05241789065,89.23211908061623,78.79252200509984,65.56445483722734,43.64287066348745,30.903786406157845,21.49440168587499,15.418857276596432,11.22441060318344,9.433839807192903,11.343351998236495,15.748325625790521,24.611284711061028,37.10899292887465,40.21727499239221,-0.65316012232693,-0.7572198192083127
2023-08-13 21:00:00,-1.0,69.0,89.0,15.0,7.0,17.0,87.09558126767988,34.11634189770892,5.972743459334841,6.133810405275338,91.33362753877019,94.25255853154941,92.11861716271255,92.40105899233593,91.75160399062233,90.46065024261355,83.42570926507892,79.25142190991073,77.44685649223125,76.18967088191266,77.42200289336287,78.67516881552007,78.24063603462062,70.60104696150242,63.14755321537761,56.690647174379436,48.77221133519243,38.46719013221186,31.426818852352035,23.61855397688189,22.0874944189219,-0.666088855860977,-0.7458723993404063
2023-08-14 21:00:00,0.0,72.0,59.0,31.0,8.0,29.0,65.9474334617324,30.30651468902281,7.023158014791139,4.803611288233124,68.82131076760228,70.66758101958577,75.82243889215738,82.46012422807696,87.4893673228755,90.61829281132664,94.74398373571742,92.4501393141134,87.78033268548997,84.89783520094979,88.96340202428088,83.58810997981246,71.8775680987573,57.48368125474093,46.08911331167085,38.43448433673824,32.66386107099966,26.88825139110668,22.099158920815658,16.233804908974545,12.538143193165418,-0.6788204829862355,-0.734304263829602
2023-08-15 21:00:00,0.0,73.0,71.0,23.0,4.0,5.0,66.06364883160035,28.213235947659555,6.501876274094795,4.8696147042056905,65.71757610715207,68.50451063095903,76.20822534755706,84.83064855874251,92.07979492152523,93.1174155626864,93.51756627990427,92.06320666010821,90.22442451489576,86.96065718866281,83.1206755616022,69.95336394551782,54.8365501386707,43.1136639728227,34.30267789085089,28.99567021470452,24.016105323107777,18.765776870689127,13.45255144936837,6.979875422035237,5.549329425369912,-0.6913512362094071,-0.722518835873311
2023-08-16 21:00:00,0.0,73.0,53.0,26.0,6.0,16.0,70.89397217984008,34.23609108950908,6.9760091601711505,5.644150189113027,67.13167626649528,71.25759812823266,79.27425004634597,88.55412655605629,91.31592896929628,98.60086042130926,91.93422904252346,83.65205718072983,77.00476589675256,74.35512672831376,77.02454127514864,81.62001286681887,84.57939704364892,78.29378569890937,73.97120376370277,70.82002543522296,71.36286203479571,72.55290207973904,78.41659705542283,85.58303072155073,80.70247747644434,-0.7036774074790128,-0.7105196029692745
2023-08-17 21:00:00,-1.0,73.0,57.0,23.0,9.0,17.0,68.44137294700022,31.53867547070325,4.946003552853639,4.884789159176435,80.2388844647568,85.6610936015166,92.1246569903546,95.80636162984169,94.18994626082366,97.16495505584099,99.844464471595,99.60969357677433,93.07991079921176,80.09099907366223,64.3812140356532,58.325623421455255,51.91273000509242,41.35438645294473,31.878575646026707,23.212151631547858,18.344896289485096,14.459991836378864,13.097292214356177,11.995687597160783,12.846345006746152,-0.7157953492826642,-0.6983101158835584
2023-08-18 21:00:00,-1.0,71.0,90.5,19.0,9.0,12.0,87.19687542298927,42.80329111676681,5.3042137844425445,4.8514508938483765,92.72748440444204,94.5571167137862,99.24472341848556,99.13561594141235,99.20588978255094,95.90618548035458,82.0193655344871,70.8056527621503,70.95962987288964,84.45838774516805,95.16131818044661,99.48453434374312,98.92352596810056,86.10125430850346,73.63081960248311,67.70847259524261,62.64285190510173,58.770328386763794,61.75514052662299,68.78931127065013,67.37603140625073,-0.7277014757264236,-0.6858939875998223
2023-08-20 21:00:00,1.0,73.0,41.0,38.0,8.0,26.0,61.525035905748084,27.600414675102147,5.653714744704892,5.653164101698862,59.17587207226891,62.33251944869307,69.25694611830139,77.1990558861123,82.5397392282692,79.46723907619298,69.02003571112458,58.95134781978142,57.070324310896716,60.579205569670236,66.32583469201296,67.5364290260883,67.0893386275452,61.876561452760996,56.43714379576694,49.22781332981799,44.62818458506668,40.21298057932614,36.85497844240807,32.6860789517831,30.96621274883532,-0.7508642533989489,-0.6604565640279754
2023-08-21 21:00:00,1.0,69.0,47.0,37.0,10.0,34.0,54.66844296879655,14.647360079391753,4.889757536911113,7.136973190187633,57.526492020637306,60.95434704281707,67.3185814739223,74.55311150381108,82.07811013713014,89.84496935846053,85.54897990319378,41.780167553429,19.07353753901107,10.188817227491223,7.733775121708115,6.486033484612738,5.544171488643493,5.041166134857844,4.6828404729357285,4.387392963149945,4.101920296660206,3.6649668927825654,3.6287556769103015,3.625076920096025,4.623175048644833,-0.7621140503891487,-0.6474427960827475
2023-08-22 21:00:00,4.0,65.0,17.0,59.0,11.0,34.0,46.500535080020214,15.36987352258953,6.2049997446238825,6.896825674238608,51.54351404717058,54.814035563407415,60.947032664033394,67.95154669301382,74.63466643534356,75.0064398949575,70.3478159110158,75.45011119429644,80.081563880325,76.69229089478675,61.415584232965884,42.963401966788496,31.70805394593349,31.764271225026203,33.78747772527769,37.21810700498851,37.34734458579915,35.76301271881091,32.91158032290282,28.170805037107506,25.101188781197557,-0.7731383255706026,-0.6342374393978054
2023-08-23 21:00:00,4.0,72.0,32.5,34.0,9.0,29.0,47.57271854969814,20.097949471347444,8.141235492674989,5.7336892907905765,46.9298915463816,49.69123691264431,54.953086162181684,61.24460033785011,68.3573787062935,75.60737300089059,77.55872603632719,83.47612701648016,81.30698132926409,72.91669379477325,63.95789096581599,61.87214273977069,59.17941796669438,53.868164450971754,47.71166397360621,40.11185623716748,34.16468885742124,27.290639139910223,22.329325307737953,16.50931568560872,15.468189372263508,-0.7839338166829201,-0.620844401650647
2023-08-24 21:00:00,-2.0,74.0,6.0,36.0,5.0,6.0,46.146604068048276,22.17259596660987,8.212911429195684,5.392293158382893,46.32904697406809,49.96990048880113,55.2204773705945,61.22641141294758,67.84557632662342,74.01907612938379,73.39494435023511,75.70999614270984,76.38864268823093,73.22466172325205,62.54620602571384,60.66389724541482,60.60711032017245,63.486470299118146,59.721419712446234,50.170861154350554,40.37875515447391,28.270586663841456,19.467785947009116,9.265664378098286,8.804544435681558,-0.7944973291665992,-0.6072676460566135
2023-08-25 21:00:00,-1.0,58.0,91.5,15.0,15.0,15.0,89.7281016911339,33.557858572890495,3.6611515744652077,5.84970065321689,93.06463962335295,96.2267537716929,99.74862388639241,100.0,99.77947570937074,100.0,100.0,100.0,99.69979743341125,99.49361176699605,99.45528149949399,99.61665011646667,99.66654029053615,100.0,100.0,100.0,97.62294927815427,89.91783784977908,70.52718178512553,43.20188266295285,37.768488193283154,-0.8048257371083452,-0.593511190196115
2023-08-26 21:00:00,3.0,69.0,75.0,18.0,6.0,35.0,78.40059031443495,35.17748754406001,6.279074406713169,6.701336365548189,73.76722440496812,75.69967634176913,81.40468521940132,87.37089599947635,92.11819365666706,94.9670390706008,95.66138255826361,98.44661790926865,100.0,100.0,91.8072680133987,87.15356075040968,85.79667057520494,89.61822529216936,91.58250360740799,89.87403728867766,85.34578542927433,78.796639707687,76.53785396652137,74.43424150437046,74.21497630671941,-0.8149159841660791,-0.5795791048257612
2023-08-27 21:00:00,1.0,69.0,42.5,38.0,8.0,34.0,56.7155758436795,20.393370976022872,6.357986789216334,6.584487469415246,61.234336826764334,64.88678282559611,72.167804186788,80.51737056112651,87.79454256363812,89.64001058115923,97.38668749662011,99.14504075239971,89.78653787592069,69.10714229334963,46.008756921216374,37.65967877788432,31.69647044567958,26.41926851533047,21.110168655349057,15.885226964782884,13.404132663573536,11.848785268162509,12.68108828042199,14.492142693451266,13.156387037623999,-0.8247650844733614,-0.5654755126737576
2023-08-28 21:00:00,-1.0,74.0,4.5,42.0,7.0,21.0,46.146604068048276,16.564687166287413,6.613956476071293,6.017863692901161,46.82863428765384,49.84793983771982,55.262956755186856,61.32701997119947,68.2646329787575,75.47628103170699,74.04105594552134,66.14524485414124,42.751859205648486,21.490793981517164,14.227275566213951,13.884822565720675,14.378975590124382,14.53442207419795,13.724202121218946,11.88235052324844,9.94131408497361,7.618035870488765,6.670019344124778,5.734087691533261,8.231718801722907,-0.8343701235229537,-0.5512045872199277
2023-08-29 21:00:00,-2.0,75.0,45.5,32.0,9.0,19.0,61.777544009622254,28.060216988662003,6.2324012261005945,5.479420744950896,65.95226951532793,69.52933905112124,76.80050977435263,84.3791085817883,86.30178397294472,83.13919772632651,77.18903804844206,69.48480790943009,62.347414081727294,56.21950261993221,54.325517411377966,52.50789208061166,50.448664686890396,46.72054860317547,42.50788578452423,37.53333231974931,32.264968041420815,26.046601145240743,19.987397369127528,12.861104008437923,12.85835707053186,-0.8437282590292712,-0.5367705514607103
2023-08-30 21:00:00,-1.0,67.0,92.5,11.0,5.0,22.0,90.09699938049968,33.256890065359265,5.883379397357715,4.777506549834729,83.60001239845538,83.50150330717922,86.0181700073743,73.1168892783909,70.54330018000975,72.41274731087745,71.30196304749178,71.51276535327456,76.90383251811737,81.21308903032711,83.90335909090115,83.91874823169073,80.76818600313622,75.36162240130858,66.08274799935975,47.65117680547139,36.967463343650714,37.2957089468225,55.21998987990189,88.44165225473833,98.90763235680879,-0.8528367217694595,-0.522177676659508
2023-08-31 21:00:00,1.0,64.0,4.5,48.0,12.0,34.0,41.278376632321795,12.418488001080572,5.822852746302528,5.432768084938064,47.6054661553128,49.95403239389888,55.536156138017155,62.099266380762415,69.55364314042927,78.16803722787793,86.51175023571159,73.23777422300296,52.774409195252446,35.54427157802466,26.476592775700407,20.333894625755946,15.099989596251683,10.522747309860888,8.453345292025856,8.857341862416938,10.798008367176235,13.737450902173777,14.314307100440502,13.970764807822173,13.276037043682976,-0.8616928164028521,-0.5074302810827518
2023-09-01 21:00:00,1.0,70.0,6.5,34.0,7.0,29.0,45.53305267993813,18.911641881186874,5.14513085287465,6.111738148571241,49.44880689730846,54.44732828281567,60.51899034495229,67.50030179249534,70.30315073175386,54.28397644123416,30.343460303518917,26.200791492810172,31.72628387407963,39.08727234443125,46.93572067550132,49.75814954790688,51.01975722794446,50.17730687446904,48.76733261837108,46.93227078273456,46.06392941990789,44.56131363991472,43.240680887045826,40.62040464765151,36.22850575430066,-0.8702939222685674,-0.49253272872205434
2023-09-02 21:00:00,0.0,75.0,56.5,21.0,11.0,21.0,49.80730647655911,18.64036440703652,5.574454360888037,7.214181350461625,48.880326364885946,51.00211724271474,55.86343168686868,61.49244003675679,62.03814094345748,38.63709103629363,21.08349858672678,21.47161338906268,23.53752290027018,24.029022236245414,24.969766427591455,26.074119692404125,26.935543236995947,26.50228105641532,26.722750546747516,27.796990249637858,32.335042309339826,39.42920937393875,47.13732386486687,56.317349820992156,61.64351754726418,-0.8786374941610001,-0.4774894280028391
2023-09-03 21:00:00,-1.0,77.0,37.0,22.0,6.0,22.0,62.027888304697775,34.2454793274529,7.259003324573719,4.931543056462538,61.720650325953294,64.07218920634436,70.71514493324679,78.77987467684855,87.77847527429795,93.98361254801706,97.28236928975511,98.77099606027123,97.80461801006724,92.80879410980086,80.96505415780658,75.84298373792308,70.90677708271667,53.48517181974163,37.750302134532284,24.984835027114446,19.06841929025222,16.954785930183856,16.12287388079546,15.654307962655405,16.22705181193927,-0.886721063082993,-0.46230483047981086
2023-09-04 21:00:00,-3.0,81.0,16.0,32.0,4.0,28.0,58.331755493830606,27.977010024350932,5.968731095757571,6.004976622479502,52.555792512037016,54.51688121731409,60.34000645069612,66.90448082301877,65.59995357411019,51.79612115134075,43.56314769661943,41.17298403655929,39.830225627643514,37.617469818470354,38.18872454836001,41.27582826486123,45.5495893482528,45.59830214549738,44.025417047899445,39.48827941792189,35.224190641918966,30.19134722602593,25.367341051220542,19.700628764255352,17.9318311166701,-0.8945422369764496,-0.4469834295196741
2023-09-05 21:00:00,0.0,83.0,9.0,31.0,8.0,1.0,54.666524747331636,28.24682602511952,5.269994078161022,6.2521154219744615,61.21642980281193,64.06606781806515,71.11341615149756,79.03536356976464,87.23007975764136,86.31495220925459,75.15951737391016,61.085701360865365,43.017461731489995,24.415927209887546,13.797250259601773,9.921172464584233,8.899666261761796,10.362735105533458,11.709435822751088,12.791119703188391,12.78221296446901,12.015101078466001,11.149277023578968,9.989648432683664,9.615090105781952,-0.9020987014301837,-0.43152975897147144
2023-09-06 21:00:00,1.0,81.0,6.5,33.0,6.0,1.0,52.50833622360448,26.183246354917685,5.614324879298709,6.590695683764962,49.922527597534945,51.474424323927494,57.151590604165236,63.81051725495265,71.68129725510836,78.05063089549735,71.92737389518459,46.2936446784828,23.13891219762558,13.533832273494294,12.99060871376084,13.935294795121164,16.067354560636865,19.789221263017403,25.0586996352885,32.40979272962587,40.436308640559936,49.90287126796701,54.85899122862218,56.7761540139923,51.92065279107918,-0.9093882203647925,-0.4159483918249421
2023-09-07 21:00:00,-2.0,82.0,24.5,27.0,6.0,20.0,64.83182192304785,39.719504058444336,7.036112578030128,6.049802929361284,58.77247262085131,60.3118361352664,67.04172086487429,74.51453448522174,82.90425529331775,90.01458750921766,93.42877794611701,97.05368676070077,94.53192441666913,80.53851358496475,62.22387088663051,52.97200304885602,49.50518462914852,44.8867459078387,39.22841384535116,32.903659760508184,28.24625798997178,24.76008689035803,22.16169792907982,19.753575038785886,16.97149797400651,-0.9164086366943458,-0.4002439388573056
2023-09-08 21:00:00,-1.0,80.0,72.0,16.0,9.0,20.0,69.19708443215043,38.07748993319155,6.372779412286891,6.269647618801124,72.64908841900012,75.60565974836464,80.61592611443437,82.51458122570375,82.4607312035685,83.45011697957064,78.83612007260213,69.73570654226774,63.895715923321575,60.831319992471386,57.56362870421109,55.37419392772546,53.53318729990877,53.30369876451543,52.66299765275586,52.33037413228576,53.184012398412214,54.42244864119118,57.856954899239184,62.451615233495495,68.18023948374667,-0.9231578729647039,-0.38442104726885545
2023-09-09 21:00:00,4.0,75.0,54.0,23.0,9.0,29.0,61.777544009622254,24.294596168892998,5.590953491449301,5.892773192945833,60.40328190458668,64.89850053107995,71.97552965721276,79.77074234807391,80.02587328701279,81.466526477694,80.40875143887936,71.21794516462465,52.2660674228089,34.02244639884094,24.31003412896598,21.207406957510408,19.939077293104194,22.045863487033415,24.227495804138062,26.280874757732875,25.008715238783918,22.035399314869604,17.680740503305064,11.619623668782452,11.593132400758043,-0.9296339319682695,-0.3684843993077793
2023-09-10 21:00:00,-2.0,68.0,91.0,9.0,5.0,4.0,70.37250898029912,34.52232839595642,5.668778460846302,5.2495955494536375,61.081101705636996,64.57576688238547,69.35004333621426,70.8805494734715,63.04027921742894,70.40963381471525,98.5298373778053,99.48411094535287,95.42255894204553,91.87835885219589,91.16943748874867,92.09542889034908,93.52830059228388,97.00857091762087,99.25371882526942,99.62494942794616,99.85697281534044,99.47532514397692,99.66104547640732,99.20235182985125,94.68407023312398,-0.9358348973349941,-0.35243871088460327
2023-09-11 21:00:00,0.0,66.0,90.5,15.0,6.0,1.0,83.92099672973481,33.85514106435239,4.9922976559208685,5.570184998951413,87.72930653696189,93.3101568256866,98.64522106037047,98.84514719073505,98.5027474381427,94.6453659045377,95.77847126837874,98.75467448827627,94.69120675613813,89.67047011989506,87.5603291652966,85.22983386968347,80.58633852997292,72.1344126671889,63.93737117678903,55.4011964237213,54.4407374176303,55.62441980264919,60.71613058427031,66.82078355864999,58.34191184974209,-0.9417589340994617,-0.33628873017668287
2023-09-12 21:00:00,-1.0,64.0,92.5,12.0,8.0,9.0,86.837168015172,34.996741025682184,4.564175905787563,5.2404439391261,90.40072364078956,96.46968756830483,99.64837828432627,100.0,100.0,100.0,100.0,99.60462043998257,97.70941445555131,96.0915233519385,97.20802075003175,95.9992768934071,95.58779966303409,97.27605769730636,90.56877877188812,76.3020079228844,51.96852718580469,21.1911731273974,13.24348249721383,8.888712591487531,22.377223897472934,-0.9474042892438845,-0.32003923622313857
2023-09-13 21:00:00,-1.0,69.0,90.5,13.0,9.0,16.0,87.09558126767988,33.8444587864319,5.771981570581202,5.575672997348573,87.80204173800695,91.79492636190591,97.59325370012203,98.59347224574377,97.21426568963392,94.63707480254071,88.86716238837482,80.90922306063433,74.50116084810699,73.18238837788257,84.69089102987685,88.88948036687411,86.50467619640433,66.0178576341157,49.399806448790045,36.635534521119055,30.8520403550932,28.34654973010598,27.546983841001865,27.064084225804447,19.930088509437617,-0.9527692922168511,-0.30369503751065885
2023-09-14 21:00:00,0.0,68.0,51.5,22.0,8.0,28.0,63.14391642044514,20.946229088186964,6.8933143106063435,5.653548475065802,58.851284780005074,61.31029477104736,67.55597983901764,74.96630870763386,83.05543880847183,83.8719248925225,85.85577763139067,90.59475784861664,86.39320701569085,72.8006643846216,56.46031956650882,47.54096668713126,39.254767450228414,26.943361843035092,16.750273889222406,9.229016836652347,6.12317791600753,4.948629188932982,5.6282824524870785,7.134297248473829,7.411423762967035,-0.9578523554276669,-0.28726097055059635
2023-09-15 21:00:00,-2.0,65.0,83.5,26.0,8.0,1.0,58.2906613586381,14.86767835379361,4.642635448125005,5.998089164730352,62.904629604808484,67.23716654469186,74.72989294134591,83.12633257905134,84.27249076975913,67.64475494542049,46.18284181356453,34.29202941312987,27.88225102729584,22.901004426111246,17.669277789334153,14.520347954630038,12.6385625923723,13.007541087788782,13.467220250703171,13.966681536651793,14.20635598821608,14.208201473272405,13.435003259809559,12.18473879391288,10.305477923254982,-0.9626519747161487,-0.2707418984477642
2023-09-16 21:00:00,0.0,60.0,93.5,13.0,24.0,36.0,89.81180460792064,41.18006257873057,4.221446308663683,3.966937224337007,92.43899292009988,91.3186768744476,97.034998826452,97.34617375637835,97.40167761930398,98.32913309060741,99.15321616539417,99.03103056905907,98.50540031766332,98.65765035968596,99.39551675760512,100.0,100.0,100.0,99.91840789786043,98.95514558016801,96.93964672091239,95.56722371449831,95.93480103377672,97.76953178696569,98.82525879648868,-0.9671667297977312,-0.2541427094613622
2023-09-17 21:00:00,4.0,71.0,13.0,16.0,9.0,28.0,52.975883453002126,13.682499170845894,5.553650122502979,6.007954800625724,55.75334967141242,54.24598857879324,55.33496593344302,59.3276474961108,57.32015387873734,42.142165083203665,28.438434294454446,20.634056076459338,16.909709254356102,15.587432877860113,13.43792553239627,11.499195963965146,10.075365358536644,12.804862887182338,14.614933573645484,14.653917340825181,13.315024471332382,10.788662088022873,12.616611676430056,16.895017162656607,24.68571364411373,-0.97139528468375,-0.23746831555846842
2023-09-18 21:00:00,-1.0,65.0,87.0,9.0,7.0,17.0,72.64203146829931,26.78318324984113,5.82668471441795,5.310826491694091,75.08613139670783,76.29416497473981,69.11794292694697,53.95590254372258,47.05583087790474,49.3117425024972,49.198995648334474,54.11892153772144,63.84189120267989,76.3398234806692,89.23016010291892,96.20472762026905,100.0,99.60841595018911,96.63935599692493,90.50333377294758,89.40606351716195,88.63746338605326,90.89649305724969,93.18507306871899,94.33413490461785,-0.9753363880767837,-0.2207236509605022
2023-09-19 21:00:00,-1.0,60.0,92.5,11.0,11.0,25.0,86.62496320741322,28.93492974255244,4.7976859228535575,6.842849742993013,94.37706767215515,94.28098468229939,97.56220837002128,96.7331699522142,98.15708193192704,99.19323469139977,99.6812311641377,100.0,99.7970952066176,97.83393057000443,91.47695296860162,84.88563585144655,77.49398910075955,78.64191957671451,78.45214859436689,70.11482492220958,54.0199702411237,26.592737312322047,12.29963510213498,7.304164342892426,9.663964849944502,-0.9789888737409319,-0.20391367068311472
2023-09-20 21:00:00,1.0,65.0,50.0,25.0,9.0,32.0,65.11877527904618,19.844451492246183,6.62533929892441,5.458378119761028,69.0794574589525,71.53760547615093,77.8203291139932,84.78210216709691,90.7065540421623,93.77518028014276,84.20667224968872,80.13769105994028,77.11366593518652,72.72109643623236,66.51275225796408,59.00521356149575,50.904430087559795,41.3319325808318,30.822810689721823,19.60168802996127,14.595230745164825,11.297289769717645,13.645076579039559,18.179706013360224,19.560456829214807,-0.9823516608469237,-0.18704334906991657
2023-09-21 21:00:00,1.0,60.0,40.0,24.0,9.0,35.0,57.603838422320244,12.942364301874282,5.403607020812749,4.107771239243744,64.43051532745324,68.14613273359174,73.99047745508426,80.9233161354084,90.25171522890115,96.37429661047003,87.62392826472745,53.80236221359146,35.28212147899929,27.802894573644043,27.20652984341377,29.941490440416533,29.914445235351323,26.30864766464931,21.549834950988227,15.737543642597979,14.288862558621156,13.096956984825677,14.10090573743375,14.804079808755107,12.485068045903757,-0.9854237542919524,-0.17011767832049052
2023-09-22 21:00:00,0.0,66.0,1.5,14.0,7.0,22.0,54.2407488671668,14.357910743106126,5.305337024132511,6.013673412953783,62.23524282010522,67.46795930679211,72.67344386615247,69.83948126900957,54.65570246371412,33.51848289797274,20.214976560099014,22.24182600757872,24.035713635158416,25.80780518286016,27.889689037038057,31.64234739204092,35.442938678891316,39.65903111073818,41.21030533949705,42.27028451294219,40.58058016343624,37.92603304815659,35.19800964836052,31.323956757338422,28.261117875733984,-0.9882042449941422,-0.15314166701312007
2023-09-23 21:00:00,-1.0,66.0,57.0,15.0,7.0,33.0,65.23879760028751,19.364051095946746,6.157781143162754,5.912699499475907,64.54911431661124,68.00037058232809,74.4307644184862,79.17036751231245,78.9442593918933,70.52039424406821,53.47028119402203,34.063379403362674,32.6454176720552,37.21122605568893,45.87097265503427,48.417657509611495,49.48619364826344,47.55840532250649,44.05510967272158,39.13421869888876,37.99674035629925,37.14734123486646,39.91077264566311,43.05511807285517,40.93271756020975,-0.9906923101615609,-0.13612033862266704
2023-09-24 21:00:00,5.0,67.0,13.5,18.0,5.0,30.0,52.39539990963286,16.56915446095582,5.56249163939395,6.000839500800444,57.04116014621277,59.953066512348045,66.22259792847086,74.30419953401747,84.11999728247714,93.41677605147821,93.41707668139112,60.74668760272085,37.04490480557362,23.910843940666552,19.55586247701654,20.871956797651446,22.511585585430513,23.9877452333651,24.65192068806548,24.745056801265683,24.865000948181702,24.6070627059671,23.43815644008661,21.55835465649605,17.974801383245612,-0.9928872135356962,-0.11905873003404988
2023-09-25 21:00:00,-1.0,58.0,37.0,23.0,9.0,4.0,59.56031115516402,10.724474820724062,5.165558832462479,6.180220517603773,58.70644100385487,61.970500702718155,65.43328103205714,69.80196368177543,80.81595864169057,92.39196908342822,94.88261134328891,77.69984803002656,42.380961628674406,21.387799292907214,8.049009187213993,6.487116283242838,7.168382988808066,10.05386786948472,9.386675880621112,7.537840497753965,6.707010916711884,5.56361602686981,4.186880492101,2.4244510043461767,0.8745707504305175,-0.994788305609327,-0.10196189005174576
2023-09-26 21:00:00,-1.0,62.0,1.5,12.0,7.0,35.0,49.71902394167917,11.979565192132217,4.231944768875083,6.361391671307135,63.40908348217758,67.91681960954834,69.80088616270777,57.703425574743925,36.41986571691704,22.070497052700013,18.202329753858766,20.35247253503548,26.403230284060346,32.724448299220626,38.81156101672975,42.534155041852785,43.446069032195474,41.739356868164904,37.15576781811356,31.121505898940477,25.78493834125722,18.7923133455762,16.008324061659888,12.817138206355061,13.210607817121032,-0.9963950238187231,-0.08483487790576538
2023-09-27 21:00:00,-1.0,66.0,1.5,10.0,4.0,35.0,52.248935377409744,13.231334964511136,4.891919103101549,6.772942797038637,61.56426279364117,66.71543259616153,58.00338761042839,48.89066813830227,51.08592179704756,47.57857809469172,41.71490649061778,34.83073151609531,31.02282655765202,28.65129242816982,27.21845338596808,25.98554202638546,24.348257553086018,22.1882798946791,20.459703873396784,18.497554054315028,17.81457362489379,16.750492155633815,16.517523658709397,16.19469081156522,17.429873169220492,-0.9977068927101168,-0.06768276175455162
2023-09-28 21:00:00,4.0,68.0,1.5,8.0,4.0,36.0,52.54132558106587,11.49439327979701,4.951582932358163,6.419587120077527,60.21965598114932,61.63614828760312,46.106545273607914,40.34627325680726,36.56823112333059,31.576586538367398,28.259854763740684,21.67421551441824,20.724482185206544,21.039416255763214,22.275198785986532,22.20126053935797,21.255149218544275,18.981657964405237,16.608449185354672,13.502367233838047,12.473102225360666,11.173001767905024,10.15313367629727,8.65661711232138,7.588520362688662,-0.9987235240803972,-0.050510617185222886
2023-09-29 21:00:00,-2.0,67.0,45.0,13.0,4.0,19.0,58.561426063854285,12.829950649050135,5.153820105451807,6.249844075431066,52.389641425796654,56.23560427642421,62.077663350839984,60.25483715337023,36.83819244512584,23.236436504821356,21.656808555553685,22.470904236691833,18.62453900991613,15.796139024525658,14.310056012497025,16.072078100248582,19.020043156590344,23.882163579050673,28.619485478382984,33.65087205742604,35.67294192791828,37.49179013251652,38.98728045735736,40.13237238366629,39.58967724981735,-0.9994446170919858,-0.033323525711631344
2023-09-30 21:00:00,-3.0,67.0,11.0,15.0,3.0,30.0,58.561426063854285,14.65534720926354,4.585053276837858,6.102953855206888,67.91091469566737,74.56593494097945,79.26821471190314,46.15014527345987,38.477379598877,30.067440709071704,22.481219423097123,18.687376084728548,18.067873737433324,20.020267545911878,24.51804759877191,29.453494798343073,32.713756260993016,32.75642093177577,33.584186118100675,35.121072306763764,36.09594442576374,36.61548608828824,31.656036506418506,24.118518885067047,15.821479069805362,-0.9998699583618592,-0.016126573270657762
2023-10-01 21:00:00,0.0,69.0,8.0,15.0,9.0,35.0,61.01345159166276,21.746632998045893,5.182519784851256,5.786957320037447,69.60259613459039,74.42853035032266,82.31877501565279,91.42683884205202,94.04925862513824,84.87333144272365,81.22091852532508,77.19548828579437,64.2679224501624,47.404485267203086,28.85939275462002,22.160173146992403,18.127330042778713,18.80839869124027,19.56412594519702,20.313723758588488,19.988977155278267,19.252726277508764,17.892889122694363,15.867088749283159,15.840072428414361,-0.9999994220246925,0.001075151282798226
2023-10-02 21:00:00,1.0,67.0,6.5,10.0,5.0,28.0,52.39539990963286,20.219600172982844,5.129089610106933,5.991869065927918,50.21977307515988,53.68164650845456,57.91390473027699,45.071369674649254,44.63348224972969,49.65717394541998,49.773836011920835,47.922412939410236,46.96434299844437,46.33229352658198,45.79528810316511,46.42448767816018,48.63074562667425,52.76701537533498,57.7476719552162,63.46928837464977,66.43842176886318,68.46311113806178,65.81601761912307,61.289351585284365,53.79162184341894,-0.999832969770105,0.018276557681691223
2023-10-03 21:00:00,1.0,72.0,57.0,12.0,9.0,35.0,65.9474334617324,32.04393823916344,5.124705601229669,6.872915115900182,73.91295362407999,76.7906321683926,79.88516800060559,83.73270301765233,88.09209987178087,90.65751340003982,95.89863669641345,99.04912322097907,95.10358898009623,83.2140881331098,65.42399390795524,57.08927555201056,50.73959245807848,48.87524854139818,45.75187953720649,40.98495234186443,36.29043915509305,30.347445234813584,27.87836805821663,25.20199931272085,24.93277776757748,-0.9993706508539969,0.03547255575312556
2023-10-04 21:00:00,-1.0,68.0,41.5,14.0,7.0,17.0,70.37250898029912,32.129825054273965,5.177382931546634,5.767686018048144,67.79477075410782,73.86101768257194,81.87388442493845,89.38501936985391,87.44586044999467,79.85300452087462,73.76132762752269,71.94987199880288,75.6411438325975,79.97559421935824,84.00179569791449,82.74235919651187,80.21263669548347,75.91289626140961,68.85829912219427,58.91731106672389,49.325399657338295,37.2177918363007,31.207340247253136,24.11127054030828,21.298533842889157,-0.9986126020839734,0.052658056924614005
2023-10-05 21:00:00,-2.0,71.0,57.0,15.0,11.0,18.0,65.83068248854447,19.85231044523661,5.0997257503346445,5.9508616748607235,79.34911499812345,86.54253175876146,94.37906328549793,77.7854772810073,47.2078428834497,29.606492716669848,22.598743083532156,20.95666738428131,21.432135400256787,24.087675195893176,29.14449999127654,34.86482816050398,39.91467273316057,42.574282408201285,39.79197004184542,33.40974786514654,24.923056169789167,14.432987603722985,9.935961394487089,4.99486201255129,4.906698806038832,-0.9975590477788613,0.06982797572987089
2023-10-06 21:00:00,-1.0,68.0,63.5,14.0,11.0,17.0,67.88602556705558,24.866251282379018,4.675349686287478,6.270600730369223,85.37931390067762,91.01498576125576,96.95977756410001,98.87426579543778,100.0,96.27686740975359,67.53808081170575,49.07786290371923,43.98408952055882,43.92749218897541,45.93262971806112,46.085058327232346,44.61234484826161,41.557485176644406,38.385792425387834,34.694912579746024,31.914558583363345,28.03999512982963,26.284481315459512,24.123629014341596,21.833461495469518,-0.9962102997023297,0.0869772313136861
2023-10-07 21:00:00,0.0,64.0,91.0,16.0,12.0,12.0,77.99002766483804,28.68425607400569,6.630013360237531,3.682541621701136,76.93346541667418,79.36983803982663,87.39698875778042,94.63727704022986,99.0868033094732,99.25745120809528,81.51167873434318,68.08816052630871,62.57508983411254,61.39027867535132,69.67431533363208,75.88613913997247,81.86687881337119,86.86259678224698,90.71665387352503,93.96450556324258,95.32347504541481,95.47146137700872,95.60688560933157,95.13590576303514,94.43644274326228,-0.9945667569706337,0.1041007489354256
2023-10-08 21:00:00,1.0,57.0,64.5,18.0,11.0,22.0,71.82828985346084,13.056176827503345,5.700813150091844,4.476522396378772,70.60227826625065,72.05565209633377,73.5551412271714,77.9592515754196,81.11196528127813,84.40993875090524,83.46889045197877,71.63293657009095,49.703756085078574,27.74577633699794,21.959106666427548,19.274848770002205,15.883851791804446,10.354806043776758,4.7273402097888795,2.139492701746965,1.3967404968555417,2.986916507823827,4.91498292765511,7.301719060262338,9.986006315496326,-0.9926289059345095,0.121193461470736
2023-10-10 21:00:00,-2.0,55.0,50.5,14.0,7.0,20.0,61.47944503128754,11.727575731761702,7.129444130520595,4.554802117347904,66.54088316208033,67.21802432721911,71.21572310139312,62.37948941974749,49.265564530748875,51.35747302772767,59.40394152503799,65.74821429953604,70.82087778899766,74.53757461765218,74.96302477894862,65.64696590642166,49.01403792368136,25.6596163722463,12.153782007423342,8.7991271610347,9.644053339777786,13.564502400785242,14.449626803445298,13.533434308871616,19.664305783107473,-0.9878726596350429,0.15526624985999563
2023-10-11 21:00:00,-2.0,56.0,76.0,12.0,5.0,16.0,66.49796581661417,18.055318661111645,7.086617674796419,6.016730143209858,65.29802310616478,66.19921872255908,72.36263595785523,80.74221452890868,82.64361099556531,81.22346283908296,86.80123916573406,89.0145613552915,88.84262258384432,87.1721368620016,88.07589740975386,88.47771907010483,87.6465060258416,83.38550125352529,81.26186488353876,80.29111202900421,81.94551017771676,84.603992152442,86.86731287337918,87.5937151113804,76.12145037565772,-0.9850556718215013,0.172236243027682
2023-10-12 21:00:00,-1.0,55.0,58.0,10.0,4.0,23.0,71.61961725473621,17.15913360240502,7.300006931892005,5.829604269347074,74.07981275256604,76.41451786116895,84.58364325426162,89.70500553440104,81.56466236263434,81.02520383327929,89.14561745807848,91.01042840655039,86.98186347973488,81.24749144509364,83.67847349668608,85.57628377089225,86.90824945912323,88.26219400070835,86.17670292376431,80.81180467010027,73.97346492605347,64.31498850113911,52.024847483631035,35.47871132871215,34.07124238442714,-0.981947190186646,0.18915526872004093
2023-10-13 21:00:00,-2.0,51.0,75.5,16.0,12.0,32.0,76.86930614770453,15.644871720943327,6.689700447182308,7.257309395317043,75.88372539627217,76.13088343496388,80.77081401071591,86.4570852516755,88.06847023004595,84.81976637990118,83.37571518474628,86.54867259063904,92.12359960862686,97.54009940238788,80.31128183741981,68.98527644648793,60.419612002749254,58.453220566991114,57.85422793790714,60.9915445560908,62.2273194415365,60.94039237328699,58.764128933027735,54.73733781420593,52.275364246765136,-0.9785481345802031,0.20601832032517084
2023-10-14 21:00:00,0.0,53.0,64.0,20.0,13.0,30.0,63.634413360709395,15.23866632964525,6.519388583117067,6.6333607751841255,70.2468273818855,70.44241983219972,74.09516238940324,80.01769925521295,85.0428364378176,89.73236886308365,93.10790982390435,95.53164260943046,96.89824088618984,92.57214597396558,83.37685815883371,74.28087398808579,64.83388614066477,60.606560746768245,55.46115221368275,47.980437995066815,41.37834941695982,35.130876774789904,30.239960838583468,25.61421981442426,24.92635690033103,-0.9748595108374125,0.22282040779479959
2023-10-15 21:00:00,-2.0,51.0,73.5,8.0,10.0,1.0,82.93855767897502,18.864465982444692,6.323315858108714,6.075650341712593,87.76079886075824,87.67231970218457,90.25026165456347,92.6737042397908,94.04269916896405,93.91657157366419,95.1442485501738,97.40459090594143,98.57358861811709,99.65686163244219,99.3857528990842,98.32485169822712,93.29511363225691,92.6937184745822,90.48489194418697,77.48607959555801,71.05101319213837,79.99712724143535,82.89616584746132,78.83408880280652,74.67180009932125,-0.9708824104813836,0.23955655912092708
2023-10-16 21:00:00,0.0,51.0,90.0,12.0,9.0,1.0,82.93855767897502,19.039792393519317,6.3654376661935235,5.883501372090112,85.185285268949,85.13572920377638,82.43075555837775,88.74522983290258,95.93024176720897,99.07592250392483,99.0582152065145,99.20422102454435,97.85199419451844,94.63300463487369,90.62006868409533,88.60067272799948,87.49861169420618,89.21538055952877,89.87336093798027,89.33424241272667,89.59672747002068,88.95172820076931,89.49790688823322,89.50108426933478,87.84556364568374,-0.9666180104000972,0.2562218218071163
2023-10-17 21:00:00,-4.0,50.0,60.0,14.0,6.0,35.0,68.38532145801607,12.907306323401203,5.115107230976535,5.730764398585831,73.6427685073013,75.56106442430863,83.13955209045886,90.33969823854949,95.21315686484164,99.03389196182206,100.0,100.0,93.69225378683392,78.06547125464334,57.715706639708785,44.739526020397705,33.4144163374926,24.24576263144502,18.245222087252053,15.303479405943381,15.283698065819115,16.88719688284793,19.112693047212012,21.862203050087818,24.191850913565364,-0.9620675724981452,0.27281126433401914
2023-10-18 21:00:00,1.0,54.0,52.5,11.0,6.0,22.0,66.25878005367005,12.427025048813274,4.517416927891845,6.710885988131031,74.55771896657497,76.87537633409362,79.42714610732978,79.03732182997753,82.35232654169235,91.23305395141752,95.55150727757707,86.12250789256132,62.804004447668106,41.47194975859782,25.887036030918274,19.003477889289172,14.539858132751432,13.624265976730692,13.161384647340016,12.931405384214528,13.569192911905933,14.350818438608059,16.789536462164246,20.08898184242691,23.03033377231025,-0.957232443323312,0.28931997761869527
2023-10-19 21:00:00,1.0,56.0,25.0,14.0,7.0,22.0,61.61093846002645,14.458709263241763,5.1518890391328265,5.773234278626956,58.24634136391923,55.3980774834472,59.3930363392961,65.20002500852542,72.69088476651264,81.12370782266781,87.4311683312973,85.20626764051383,69.43692062657826,49.17484465530561,29.341437466974064,18.947520928941568,12.449055080341585,12.861771333989779,19.368142733295215,31.753882359268232,44.1876855545648,59.079284717313605,61.96662830175734,61.35328683132734,54.66297971809687,-0.9521140536681102,0.3057430764672831
2023-10-20 21:00:00,1.0,58.0,76.5,11.0,11.0,18.0,74.66171995626145,25.03301414698242,5.58727240664723,5.689218559930938,79.54134853393087,80.97177390682036,86.70175670786035,91.99652782078849,95.11129273708593,87.81824573982922,79.31526945275384,80.38634928954257,84.43403244978757,87.20699923576119,88.51347671512967,88.69499893857797,88.5051925300975,90.24651131520396,92.53774882019584,94.64804325236791,94.95409043545115,92.92590201116703,88.43335137302871,81.61161450541466,74.46859429055586,-0.9467139181463862,0.3220757010206104
2023-10-21 21:00:00,0.0,58.0,90.5,10.0,11.0,6.0,83.40752447232931,30.40744302393641,5.24510219273326,6.158118173494085,89.399422062456,89.51265092137966,92.04164204217626,98.04313657992378,99.23841078569008,99.30748878160688,99.25380046948793,98.85292638418142,98.40938763439642,99.35472555612661,99.19291879493301,97.14326029352561,95.19232350785371,94.42209400334906,94.12213907358017,95.57463397112846,96.65275078280577,98.58304070001972,98.55871676216245,96.0428832014294,92.71886785395198,-0.9410336347451197,0.3383130181923076
2023-10-22 21:00:00,-3.0,51.0,91.0,11.0,10.0,1.0,79.85302117069055,20.25489657783227,5.396687642270369,5.922974802426748,79.0870996112507,79.9103956226032,81.65430755335744,87.3313512202539,95.66429288315632,99.64982668614759,99.55947944464035,96.03137884633432,91.6061872941283,89.79106733763477,88.28774433134153,85.76346084639178,83.1487607747329,81.30253286524834,80.5534854884143,82.06651522298844,85.13104189267281,88.82935874241396,92.74600720800072,96.74445331756493,93.78921138084128,-0.9350748843515574,0.3544502230989869
2023-10-23 21:00:00,2.0,47.0,48.0,11.0,8.0,35.0,60.406080813372064,6.957036580019259,4.477882715156506,6.411106810753555,65.07350082405905,63.59132759487829,67.17883414473121,75.15287202495098,85.26791485275041,93.02936527143595,81.76079281638535,39.33934947239197,20.668547785192708,11.929516887472982,8.33355620666208,6.874657887576281,5.999404423052313,6.007407118843494,6.557298665130319,7.539817834512257,8.887787329343308,10.67799613006464,10.96460410567426,10.970864188928784,10.500398879392096,-0.9288394302558068,0.3704825404820963
2023-10-24 21:00:00,1.0,50.0,25.0,8.0,9.0,21.0,63.25026023393383,16.98507098856593,4.028742675710733,4.900356052893538,76.36696692103683,78.53678775202232,78.93372343670359,68.31108266000643,59.931948070017945,54.511941795224125,51.507203609014816,48.97348787824837,52.14696796805372,60.8152646468152,74.96138620918337,84.93661726971766,92.5521565572948,97.56675451569708,95.80801489246934,90.60318769772184,77.69364340452529,63.38976577739967,55.012705142900785,44.21178265791631,35.12225039050944,-0.9223291176290545,0.3864052261209853
2023-10-25 21:00:00,3.0,60.0,79.5,7.0,14.0,21.0,69.51108460852114,27.961067607346422,5.176805462786866,6.047126717494637,79.97544784093348,79.78744569052061,78.14661863646795,77.34088340316339,76.95208455389914,72.78154960824669,65.78458422200343,63.96592380678751,66.50786721491123,71.48161896741975,76.50893842517169,78.92695165627771,80.45949203081561,82.17974817320453,84.06580997743566,85.30024480574734,87.44554921228372,89.87522746855554,93.27988933360787,95.28388235103995,95.41278211054505,-0.9155458729775467,0.40221356823680365
2023-10-26 21:00:00,-2.0,61.0,77.5,6.0,5.0,1.0,80.62364290299612,25.861275915531937,5.212829317697143,5.409823076762659,93.01425932389685,95.09620281188266,94.26398324228362,92.6388681025268,92.11406626334579,93.61077211750067,98.39622910462481,95.97851464919968,94.0200480796723,93.38889720085164,92.48848306269161,85.58827934844723,74.53765098283218,58.20928712226302,41.61877203182573,23.902882896123153,20.075310248269666,19.03381291018058,27.654665023142154,40.322225431267874,49.532370613616315,-0.9084917035725082,0.41790288888678667
2023-10-27 21:00:00,0.0,64.0,65.5,6.0,8.0,19.0,77.99002766483804,23.817050913393267,5.898559209197443,5.119131952644745,81.34255996008707,80.78981781848051,81.24063941664407,69.81156347606449,60.98645185813098,56.46721133260121,55.30055822702958,53.52756155009924,49.07419701324772,41.619310337107414,32.748601758693894,30.207637228087762,31.250575989898678,39.58328081372214,57.947049849503486,88.75918516759928,97.79013963440454,96.89280701944381,89.14625147871774,77.89432897848901,75.52304333530962,-0.9011686968561569,0.4334685453485363
2023-10-28 21:00:00,2.0,64.0,51.5,15.0,17.0,28.0,64.99819801604751,13.224680896388579,5.138730039439082,6.200876877234432,67.14865197203099,66.84343637145392,70.20076788966172,73.36067393541904,68.44903480893565,62.927938488968394,56.64102974984119,45.9191619709823,32.56554412284537,18.71473625362043,8.898855089992166,3.8995914486661127,1.9903631745855233,4.443686608990436,6.64585808543592,8.341142001381307,8.675852215754995,7.828936896323237,7.0516068647199805,6.096106394627149,7.33883141513718,-0.8935790198239952,0.4489059314938798
2023-10-29 21:00:00,-2.0,42.0,57.5,21.0,7.0,30.0,50.63721527239783,11.943039605176752,4.205578764888028,4.067411172419584,54.14098038566257,59.07677840564548,66.47244204366044,75.35775990278051,84.83588987316719,90.94578541995658,82.5171418680853,41.01773541021876,36.94990643058125,46.95518035672484,63.462452290801,64.99814812772834,68.13275978711195,74.78640549230072,81.10486018046088,86.98613448385468,91.67771899192189,95.59349436181515,91.03992612048448,82.44179511651787,67.27189207766051,-0.8857249183835637,0.4642104791518923
2023-10-30 21:00:00,2.0,33.0,91.5,12.0,8.0,8.0,85.0529781387836,16.46755088010492,1.8936207514428225,3.8963318219389036,94.0739942801405,95.41625158381237,97.135616194739,95.42770909475354,96.88678290106994,98.14462209314834,98.30064750592723,98.17491992058343,97.81303325019526,96.52608833573339,95.76644804463679,95.00688848784543,95.09180158017423,94.63601594433297,93.82512424641439,93.05692943858578,92.89172445426969,93.43049334969695,94.86409443871221,95.80643212802855,93.36875317948586,-0.8776087166898392,0.4793776594606945
2023-10-31 21:00:00,1.0,34.0,12.5,7.0,7.0,31.0,56.14093955848753,4.33371700885703,4.593298132451466,5.83093159657722,56.867989332938464,56.39487889486041,60.61416628370132,67.10864733293647,75.21704185507274,85.73573635383585,86.75397373489074,41.84362377521949,20.777373973045485,12.706227162063069,10.860523028210741,11.076425981885693,11.794210882548427,12.911276630952443,13.688573005364942,14.205601877693807,15.712258759422685,17.730362787055505,22.570525647329294,29.032504159327686,33.788563011968186,-0.8692328164574792,0.49440298420761813
2023-11-01 21:00:00,2.0,33.0,39.0,9.0,9.0,35.0,51.377105748623606,5.039073390388298,6.815693149172327,5.822188144661007,56.09186351422305,58.35373619736303,64.38607680347063,72.55121389540268,83.29467783126448,95.07504418492165,98.90401230078574,78.93350573113325,49.967433310654464,31.199538405461848,30.77206357771411,33.33932445554176,36.31333567876393,38.69163074873303,43.00006221371453,49.52143722584796,54.427058714711386,60.074842880650905,56.51493056698425,48.55945992693827,29.559570565403526,-0.8605996962501181,0.5092820071573356
2023-11-02 21:00:00,2.0,36.0,3.5,7.0,8.0,24.0,51.85141206964299,5.688613025380405,5.933216343750387,5.172129530282992,48.66923677564566,51.98624703785968,57.53644285216852,60.61775075429553,58.51480536144283,57.654906373534665,59.111470651729945,59.47346018898671,55.07631069080689,50.40270367385814,45.742043562713505,43.7883566797085,43.759803732614564,45.1228578413439,48.46714251577712,52.31461545129794,53.7275538370683,53.893030801454536,45.99140729243176,35.65477223064485,25.433185512649086,-0.8517119107469189,0.5240103253675756
2023-11-03 21:00:00,3.0,45.0,15.5,9.0,13.0,19.0,51.105736755920795,9.60548661278096,5.905153451420516,6.797239008927852,53.616664964602926,56.71294965428294,61.953910108844376,64.99048275877757,58.522943207965206,50.39890971495531,50.04117146159385,54.87705482542964,59.03584395084306,63.01529554064438,66.30564308529297,67.27274170864325,67.95398876614372,66.95882352927607,67.95237691293568,68.92003600868792,69.81235722230326,70.1587065316842,70.60681015790124,69.54299620459244,68.76000237934547,-0.8425720899866032,0.5385835804920232
2023-11-04 21:00:00,2.0,48.0,47.0,10.0,8.0,28.0,60.542358687731365,6.641185169301621,6.450353317262089,4.967678206845071,46.58887377018537,47.742108989247335,52.28018202651909,58.04313072548774,65.09892282626114,73.40637855823488,75.33436162710562,53.889768858596796,29.583165565896643,10.681909555999155,1.5275444312231217,0.28676128907828596,1.1966906974917064,2.972489944667729,4.726114475854973,6.756357801898913,9.337416027934907,12.413533144345731,15.334093776191482,18.80887594179701,20.825538041668384,-0.8331829385891785,0.5529974600700271
2023-11-05 21:00:00,2.0,41.0,31.5,9.0,9.0,32.0,50.47986970636548,8.424307140157904,5.943115934960314,5.467670595249641,52.43690044957523,53.865587105290466,59.549514919875435,66.14850185010079,68.15928290549766,66.88713519840968,72.04088473631758,65.27432736320307,51.45549296365669,41.45813128524855,49.18266254008931,65.59191581152456,82.53024330813429,90.49666873959954,91.58084827676088,86.10574849499866,78.77383679884065,69.24198014959478,62.93036923433909,54.66074317985924,46.62195031557616,-0.8235472349556007,0.5672476988027229
2023-11-06 21:00:00,-3.0,35.0,57.5,7.0,4.0,16.0,39.84096888786588,5.139656410555202,3.680475548989427,4.498299812555515,40.579540393842436,43.433381029488714,48.417688879096325,50.019059599182604,38.74757628946174,30.485723547092007,17.687000509917464,13.305550944160583,7.241130226338884,7.770993055233198,15.853687943822722,30.702695082914328,42.737023945774915,49.96995126372282,50.964881074949,48.57038474865094,49.05335690384426,49.60243931295195,58.17237912412684,69.37857666759948,76.03179291593963,-0.8136678304455991,0.5813300798152042
2023-11-07 21:00:00,-2.0,49.0,91.5,7.0,12.0,19.0,89.33864672100307,22.070238226264316,5.660140278875903,6.9236193260346495,95.59149957253116,94.7047823091988,99.13761162310226,99.4626272872187,99.70362362227915,99.71433301470547,100.0,100.0,100.0,98.72239797907812,99.34007831886112,99.27978499886608,99.79164777579352,98.86353660221491,95.72458500519,93.96535514671332,91.63816148438266,88.99534641546992,87.5387035198148,86.21718370867808,85.586009913426,-0.8035476485339116,0.5952404359043674
2023-11-08 21:00:00,-2.0,33.0,81.0,22.0,20.0,32.0,55.99069532699126,7.131669265259815,4.877757871471131,4.662808378668168,68.29357176467435,69.5972368658722,76.10911557914602,84.15175284428975,92.78623850494783,99.03879719319609,99.54947573156159,98.76382211112434,93.3612228467359,85.08843730348329,80.81005252624786,77.9552008729124,75.21857746783965,66.7288227561862,54.308630321939745,38.20565958894925,25.027051232743975,12.88944832376664,5.995139060495334,0.180278830660904,0.15938010547768078,-0.7931896839451843,0.6089746507720486
2023-11-09 21:00:00,3.0,33.0,90.5,12.0,6.0,14.0,75.17979820946917,12.524798353098788,3.314774329166655,5.244599886707238,77.72634897316023,79.65648050275203,85.82095931939429,89.09135261719479,87.61936413045277,75.78587141304666,66.55353905269477,68.84232335679137,80.80018540839372,94.5262251401216,98.62837028854089,99.55037586355225,99.2183258228507,97.91871766233089,98.38240032790002,99.6943215408678,98.81263274051835,93.58537100405029,75.75739305235109,47.101819095267004,38.008912351168746,-0.7825970017677834,0.6225286602431057
2023-11-10 21:00:00,1.0,39.0,50.0,7.0,9.0,27.0,67.0805545323373,9.214088600055566,6.758353242997749,5.726952472953001,79.71407054447147,79.09360391856909,81.33983347069585,83.23130231158854,86.25875517891333,82.26953895500499,78.91561522120537,80.71103225759191,85.66733423088712,89.38068779887031,85.35165227058592,77.56984331255813,69.43158855820474,67.42044044104483,64.99697657797738,62.560819059817455,58.212042374385575,50.65066749964077,42.10819205387876,30.22183153442351,23.93106375237672,-0.7717727365467837,0.6358984534680745
2023-11-11 21:00:00,-1.0,35.0,70.5,9.0,10.0,32.0,58.72237306522481,6.37261278771471,5.932739933254471,5.482388790269407,67.26238934980114,67.11089925845273,72.88108375901378,80.68867687445118,89.7391151039846,96.88977472098608,99.64939922540619,93.71123183678243,80.42990035799255,69.98861356266801,63.540524886741444,59.6286524067974,55.6245401371644,51.487165286412875,48.010025046016125,43.73132593081165,40.30301362982748,35.488087085635236,30.78643179290789,24.156477632651484,20.770316999757036,-0.7607200913564104,0.6490800741100398
2023-11-12 21:00:00,0.0,33.0,57.0,21.0,7.0,33.0,58.432882370298834,5.931534088746693,4.913278438278626,5.052255410764522,68.62770587551816,71.87892915879262,80.92703067615929,92.35846173933257,99.44873322244261,96.82811871388782,81.66792497750961,58.51442215985906,49.33849147098988,43.834184796858835,39.962331656801545,37.63092278915316,35.05502417944568,32.51036731001273,28.918744819615384,24.367877262906184,20.199873648480587,15.104863920250864,11.592521910264644,7.393764299961063,5.545740086616998,-0.7494423368521953,0.6620696215153815
2023-11-13 21:00:00,0.0,31.0,57.0,20.0,3.0,2.0,60.689004006831915,6.11252726691987,3.6902688070729988,6.000812530048916,73.70550028251219,82.20629792967938,92.56898583862701,99.44860809604754,94.53076105248559,72.80905166880252,49.834905333043956,39.116415563847134,38.97730130882087,40.61041211761114,43.615744787836945,42.57833425710349,41.557088899952106,40.04778805956349,37.3492669735594,33.57358090623082,31.67527324530362,29.327292669909866,30.465766689353195,31.348511752162704,32.81138270031674,-0.7379428103031386,0.6748632518680403
2023-11-14 21:00:00,1.0,32.0,57.0,21.0,6.0,35.0,58.287165970981704,5.824982445076349,4.381665821810311,6.222040963597473,72.62439809129583,79.63429542691279,89.97037918672612,98.78864121972966,93.80382527858784,73.25476822044446,54.37664908230253,40.660307604767084,35.93361611689667,36.41102290961551,41.12860826129176,46.182717889373755,49.29992563235456,48.737511456895255,45.967247078718344,41.24699790672115,36.29421598062394,29.32432763068165,26.414036118775286,22.93649487330024,27.250950833973075,-0.7262249146041543,0.6874571793269664
2023-11-15 21:00:00,1.0,36.0,68.5,5.0,8.0,18.0,69.52641425000522,5.9997988709342,2.354248231989395,6.830347030711913,79.76063234728655,82.36358951946566,82.77004396285554,81.09186340215253,68.67999349893502,45.4891521679302,27.59730733589047,17.539625850912277,11.756425345034193,7.726795739880714,5.051780280256285,4.829215445682324,4.062145617126707,2.2866121159468222,5.568519002613121,12.355382456779848,32.56532468451064,62.21394587178357,72.17653999036891,82.41766406868592,84.24367538929218,-0.7142921172691032,0.699847677146407
2024-03-01 21:00:00,0.0,23.0,20.5,38.0,13.0,26.0,32.790797069851024,2.066961748604157,4.263609762954325,4.635306563852666,44.00400564869584,48.44420271143603,53.668209594436014,58.33600921868105,57.85529711831215,51.14451622970483,40.860696165432664,26.943461445804413,16.09110408855032,10.303505662504971,7.699130174068175,8.990392480127497,11.024989274726398,13.715738187628032,15.454636507992076,17.110502792732557,19.73700239230433,23.092817908771405,27.054791511999355,31.713875600379733,33.55967338780827,0.8670985522812081,0.4981366284784055
2024-03-02 21:00:00,1.0,45.0,62.5,12.0,12.0,21.0,53.24146855996227,13.445200704522506,4.519761096107136,6.390638714346556,72.4209800524049,71.76414287504873,72.30898528069979,72.60744787199829,76.80471769998378,79.63159365194757,81.00067451444303,82.6819885195828,84.93989166260906,86.13545530047713,85.7904219492261,77.8388379950542,65.16887995982552,46.816311331282634,42.76041425248871,42.37274597462332,51.88179285253719,64.223210874136,73.58514971605608,83.72302067920336,85.98930368471439,0.8755389928586302,0.4831474640149687
2024-03-03 21:00:00,-5.0,44.0,83.5,5.0,7.0,1.0,82.45021129950267,17.83979414921637,3.6999787867781286,6.463589928195995,96.20145240931535,97.82909656187556,97.27225874518604,97.60474099456943,99.17077598772372,99.2512291986386,99.46141045673536,100.0,99.89470579638972,93.42167621596336,79.91428024119325,77.74796823162619,73.93553861808803,65.95196387277755,53.61745914628825,36.11614300548041,22.20719765036883,5.591428379242016,5.8967732236707135,8.549980490854017,11.907197333570513,0.8837203473619977,0.4680153284438345
2024-03-04 21:00:00,2.0,41.0,51.5,19.0,8.0,12.0,50.47986970636548,7.264284955531097,2.0197036353261826,5.848504978659078,73.72207774268593,80.50126285645042,87.77459692955671,64.38984224626728,42.60684028504862,43.52265958012701,46.858259170180744,46.4788423158074,39.23875317019179,32.72060290936897,26.680637286387952,22.90681432194651,20.20343213164116,18.011454102961213,16.154243376150106,13.853428925337202,11.953894091404091,9.636150677996605,8.282310589647183,7.2137503262530585,9.678529317451417,0.8916401947968874,0.45274469960737107
2024-03-05 21:00:00,-1.0,43.0,86.5,12.0,11.0,18.0,70.32158817003713,11.62173702441956,1.305226218718849,6.33638883166201,99.59839759935794,100.0,100.0,100.0,94.77649170881011,73.24617672952415,52.66954943276063,38.81522980319267,31.01571247550112,25.233587320977673,20.785021568245725,17.557534027477114,14.414500463742957,11.78018800101634,10.920058044049291,11.061956682799883,16.115481895091396,23.494793219858046,39.15879798580003,59.70678568191371,73.46626072334035,0.8992961915530253,0.4373400963303323
2024-03-06 21:00:00,-1.0,45.0,89.0,11.0,7.0,35.0,76.32467403297849,21.18386355652897,3.693179353336889,5.75973953297114,92.75156710744264,95.63114208322392,97.57221411400485,98.48744264806489,93.88427827944403,86.42716400078521,87.58544690497747,96.88754565437769,99.33674484060434,99.68100248837261,99.77100501413246,99.59327282040594,99.91430542387731,99.4183156498626,99.66326429066653,99.18853170467746,99.06866429406098,97.71971101619584,98.0375054471408,97.16347946854425,95.82269199843752,0.9066860720977985,0.4218060770826634
2024-03-07 21:00:00,-3.0,35.0,90.0,17.0,14.0,2.0,69.41043946889627,10.27946886757768,2.620045659978658,4.773599274781878,85.61977690339539,89.64060453111726,96.28625899378758,99.46213865251508,94.95044280444588,91.42065221196066,93.6264107823163,95.00243087118616,89.73464037012332,74.03700034861829,47.505101748221335,20.260971562093573,2.5400698193070883,2.6996357225012195,10.915783930892994,25.80372084687445,47.38280963669791,75.43387666173984,80.6001775770785,83.93670861273038,84.38886865566312,0.9138076496466615,0.40614723863057883
2024-03-08 21:00:00,-4.0,38.0,5.5,19.0,8.0,36.0,43.99287920390652,4.298926397441072,2.4999817152651373,7.768258276252943,70.36572142672092,71.64465801563253,77.82381752307883,78.22957286292987,60.283250281279535,34.35686884748359,16.233196804348466,9.01217424852824,5.030653107184186,5.262338391661788,7.994650639321814,14.161188801056761,18.71945029606754,21.807262907001537,21.50100086591434,19.79324573227354,18.636445913616086,16.615061234004493,16.891221502045646,16.844928946304652,17.315351135706265,0.9206588168102428,0.3903682146763026
2024-03-09 21:00:00,-5.0,38.0,77.5,18.0,10.0,15.0,50.004299601696204,6.864728272451265,1.2404147850068714,6.779225097857865,87.62935489910363,96.9491953156234,100.0,88.09286555996448,42.92148741483228,13.343096398426896,4.024494584481809,5.214301876677005,8.801105227102521,12.645545779383646,17.529468649905173,33.26527224428047,45.7362343634553,51.12414835312118,55.693494537950485,60.13574665504251,69.83813332199708,82.6313384945955,81.23862892995392,78.21067851307389,79.85133602853789,0.9272375462179537,0.374473674486883
2024-03-10 21:00:00,1.0,38.0,89.0,13.0,20.0,12.0,82.01542558809471,17.76111228598195,3.732237497172039,7.0609146538241365,94.68541074619604,94.62078381224195,97.50165456552705,100.0,100.0,100.0,100.0,100.0,100.0,100.0,100.0,100.0,99.28619029682234,92.42865232479046,78.4187712729568,74.77950946389417,70.65298573256993,67.93908123343422,60.02622967293117,44.60687079173641,32.76475431711803,0.9335418911179212,0.35846832151248087
2024-03-11 21:00:00,0.0,36.0,88.5,19.0,20.0,32.0,69.52641425000522,11.274671523618073,4.518995460106703,6.655465395120193,82.64953860781425,82.79563514717968,84.51490752266805,91.6571229065937,98.45960960990888,98.66484120068075,98.3723346416989,97.89596692897133,97.38945171193369,96.95202082345087,97.66080783466168,98.77154699575881,93.7223166014605,87.16215369759519,79.1024199105869,79.45951218143358,78.1613094798897,73.68281630749105,62.154103862645485,38.723621806179125,24.697435643423113,0.9395699859530622,0.342356891994542
2024-03-12 21:00:00,-1.0,37.0,86.0,21.0,19.0,33.0,61.52238143071751,11.10906372283836,5.075883147875472,4.86421139001339,85.29405322024256,85.46872085205118,90.4420489235653,96.09124923040153,99.50476332112413,99.47666322579033,99.83387249141316,98.94679682616358,96.51484185152938,93.00888883284976,89.58756049307497,87.36715102733785,85.95405561128938,85.58718491278081,85.93975521485046,86.90377305909436,87.7226470825114,88.85009065064658,89.85818865123301,90.11797027158663,88.56158213285467,0.945320046913132,0.3261441535642696
2024-03-13 21:00:00,-1.0,44.0,59.0,15.0,6.0,3.0,57.60857456030561,9.987636124763897,5.3331720214511495,5.7792933791042564,68.12605430693277,70.06662801715942,76.93315823247528,85.76464461305339,92.93043245974458,99.78699434467529,98.47864253433319,81.09304500934047,68.00105906379892,60.650927355272636,60.09924166621119,60.24731503490487,60.032566336483114,57.79930637756168,53.20190517112794,46.483962137473775,36.46857477030098,22.8900143294824,18.00696927321744,13.981896251512662,16.402050366524502,0.9507903724625832,0.3098349038318025
2024-03-14 21:00:00,2.0,42.0,84.0,13.0,7.0,20.0,67.4435392579797,10.901918709998515,5.443768448913765,5.718109927447119,80.50346477892495,85.60704473328344,91.25948033309425,88.77385071226233,90.56720714112625,94.65168289301474,99.62275565162562,98.62393272665862,99.2425392440451,97.26781049748026,90.27852541967988,82.57434286078987,69.07012777791583,44.68118289770879,27.523651058295368,15.433941372425783,15.68798959841096,20.080293178705848,23.505965116521978,27.523147053407186,32.96893785626741,0.9559793438440766,0.2934339689665273
2024-03-15 21:00:00,1.0,43.0,76.0,18.0,6.0,36.0,62.33283619284437,11.630789566458214,6.731113092484815,4.839540151486142,66.20753058152829,67.0377656877259,74.22126890209647,83.51317672408086,90.55974663470967,96.93382400728639,99.33089944314975,97.3432745497238,94.77278601760426,94.51953614425446,97.29804743854915,99.67438232350264,98.80274077523985,90.34464088265433,81.89248421933657,74.2730379903751,67.65911322207458,61.980777435614286,46.79114867718217,24.58872785359423,13.75099428095713,0.9608854255574977,0.27694620226893646
2024-03-16 21:00:00,0.0,43.0,81.0,20.0,5.0,21.0,57.464623081886245,10.387747320238411,7.232533090940805,4.342626096100215,72.17880267671406,73.79671324555277,82.98237118481413,92.81846668708364,99.42886761043225,99.8968892248145,99.66532607901368,99.27598777060295,97.79976238312543,94.93435531679579,94.94472457862535,85.36789614844851,68.06152619882317,48.07723930822482,34.801144482331466,36.92624186167036,46.810716737733834,64.6812372464705,70.80617262130643,72.05203392111518,71.47040095131351,0.9655071658143364,0.2603764827344581
2024-03-17 21:00:00,1.0,38.0,88.5,13.0,11.0,17.0,85.36368920128999,12.836690715082737,5.41977560520149,7.331178790070065,98.77911839566264,98.24839523252238,100.0,99.79305229836754,99.51667622349277,99.783843819751,99.65780232887239,100.0,99.7727051603973,99.35047431176187,96.93998470712033,92.10837111820541,86.39745967799675,84.2349247148401,82.49612949298873,81.5836436424211,81.67344792255552,82.09999256269064,82.43208192228596,81.87717886290112,82.2256345321392,0.969843196967294,0.24372971360968387
2024-03-18 21:00:00,0.0,40.0,79.0,25.0,12.0,27.0,59.43489778080264,9.020630318940274,7.522225916751715,6.781509961498781,75.52903403198553,76.61021271911655,80.71070446323554,88.02148276948341,92.6989207901992,91.13415763918229,89.88475082237302,92.84263488372473,97.05825827537264,99.96113898318038,98.04800647222012,91.80130346651907,81.10287367671953,77.46367901855693,75.06730091167054,75.96660625257773,74.08519184183963,69.78091330608194,61.86318250896355,49.12884349070741,41.89758309187221,0.9738922359149924,0.22701082094141847
2024-03-19 21:00:00,2.0,37.0,79.5,43.0,10.0,29.0,49.844594244688054,7.376226561474672,7.93532250812252,6.839406596604047,64.32175102618216,65.71514814459528,68.12221234241358,75.29878615436499,84.05755284608914,90.9434104772452,93.73502277621644,90.71414117866496,90.07937814476081,92.30403721342803,91.38359579924057,88.69447961086784,84.35420556550145,70.74541509352946,55.55556829532484,50.227762835109104,46.04201978285109,44.904458744808615,44.7412857155282,44.642703728847785,44.966611321718666,0.9776530844816641,0.2102247521189836
2024-03-20 21:00:00,-2.0,38.0,84.5,18.0,10.0,16.0,66.95834263745293,9.04671688532872,7.5808830144545585,6.153727405803029,81.69233376935699,81.96322344754753,88.75337445042922,90.7696176327984,88.07848288688798,85.2320481821506,86.828421906822,88.09009202084597,89.65663232563955,90.48065259903481,89.30013763159667,88.32216481170964,87.52948935140394,88.03849956717099,87.67927211608797,89.3586314321857,91.10581952175667,93.28441679687414,89.31671368016843,79.06083438532664,76.88432526688761,0.981124629771712,0.19337647441020586
2024-03-22 21:00:00,-2.0,25.0,8.5,36.0,16.0,28.0,34.72936779491939,2.2754620635153384,4.219397598823207,4.776547302479223,45.34694719042317,49.19767367856737,54.773429391293995,61.59183800201613,67.20204401340992,61.62956161885131,43.47433665230833,22.469919143591063,11.063600081574142,5.747254494871393,4.783868975940754,5.499976251247796,6.417229518868443,7.46730164491953,9.79040874335039,12.824287334777898,18.275934894807342,25.318303328896878,34.95012088772396,46.66230632863745,53.95829390081448,0.9871957872910085,0.15951325197263655
2024-03-23 21:00:00,2.0,25.0,89.5,15.0,9.0,7.0,74.37285626685674,12.047259599692886,1.5793117570643944,6.212643802797064,91.76214289535542,95.28683303728779,93.94110648232018,91.8656453374771,92.17398368285131,92.67936331368452,92.48483918557217,97.54405115342803,98.14827929421413,99.0866136621061,99.16605083575674,98.67118393076272,99.34014651196024,98.50853597410203,97.53965300428973,95.84967420272734,94.78079113733364,92.26238427915479,91.36714047703151,88.58016166689544,87.31133639709098,0.9897936029670716,0.14250832791617088
2024-03-24 21:00:00,6.0,31.0,39.5,33.0,9.0,33.0,40.94685041964383,2.7348273197910338,4.16921054595455,3.4472981897191155,48.94885862592545,50.28497279041739,55.722605512001586,61.69871310380397,66.77002693229029,65.5229169088235,53.39130581910627,35.938531039656816,22.755632117926716,12.279566066609021,5.275648446399011,4.1704196334946815,3.626510419426591,3.5990536289341986,4.50736045393835,5.4897030301925644,6.8915429517862545,8.509871192669207,8.965548166631553,8.940339962580685,7.756656678697562,0.992098522791769,0.12546123335273648
2024-03-25 21:00:00,7.0,36.0,62.0,24.0,7.0,9.0,47.598155306373044,7.407479681167947,1.4058499336841714,5.480123658388694,69.23329424880407,76.87550855083617,86.43313613999234,67.92996029264022,30.250304549771776,14.057716038927271,15.065442668845947,23.451775970403148,34.630880392752424,39.46213590828598,42.05688753129833,41.62082547536483,41.61210530589847,41.543011951603035,42.09412102562787,42.51062545059621,42.84540936237281,42.52197796792286,39.62898206168399,35.38192336729886,29.65808045497182,0.9941098647022418,0.10837701279187609
2024-03-26 21:00:00,9.0,39.0,83.5,11.0,11.0,7.0,64.38968071494627,23.441725941413686,1.363027825525521,5.643951852510097,65.6880190198157,64.46605143579299,78.79789369805795,100.0,100.0,100.0,98.86846958067737,97.63541383312564,94.52001267101859,92.56399463278346,91.43292250208295,92.7913688226777,89.75059455154894,84.07536386796461,79.0805253996877,73.39699986524849,72.02803350755677,69.94507018470651,68.50910454595147,65.66343084999802,56.69072408688538,0.9958270335100595,0.09126072172931188
2024-03-27 21:00:00,-2.0,44.0,87.5,4.0,6.0,15.0,89.11284690636657,25.338120382594894,1.7321638774524732,6.34371304973575,100.0,100.0,99.66460540178073,99.51423012086306,99.32600737051065,97.91608627416876,87.12473389757197,79.75710904682049,76.9745570307591,74.90912937095612,71.32600787485318,67.94348252109391,64.39249477933777,61.72944727076687,58.84929299831945,56.27647078809669,57.12213602347469,59.879906519062075,75.55569420710059,97.85813325309066,78.57123282948221,0.9972495210773451,0.07411742515094437
2024-03-28 21:00:00,-4.0,43.0,87.5,4.0,5.0,33.0,85.6650984514215,23.674084440625467,3.352223143355201,4.661259670623543,100.0,99.54639907376021,97.52471858722808,99.07616854461564,98.91956318046518,99.4627718890297,100.0,100.0,100.0,99.22475803005992,98.90717131996882,98.17943558608596,96.86232192531564,94.56628268999859,92.42213157837436,90.82897296409874,91.60261961444806,94.219388140309,94.51162943995152,94.20819505797891,95.08415528930486,0.998376906467142,0.056952196034039754
2024-03-29 21:00:00,-1.0,37.0,88.0,10.0,18.0,34.0,85.30230278358447,20.48499800513144,2.2607287339804767,5.3796889924603395,99.00648622795887,98.69485204040707,100.0,99.32882010302198,98.77146390366902,96.91120454227034,96.46559228754852,97.31597924081503,97.65680433813321,97.0704917340245,97.16643768384253,97.03275845988567,97.00179731224418,97.01228970742356,96.59213525165104,96.29316167238676,97.15488878286878,99.20536063447548,100.0,98.52328603576419,89.19217162615391,0.9992088560679753,0.03977011384605572
2024-03-30 21:00:00,-5.0,36.0,47.0,36.0,19.0,30.0,47.598155306373044,5.023236530694063,3.5415597068022038,6.2625477054491,62.15969209046103,62.02971807601488,63.55645039125092,68.93832662358676,77.4976214699556,87.86647741726861,93.5195304243062,78.37856166438364,47.08693213407923,26.104727580068047,15.234060780791387,9.317841741533462,6.4468589406726755,5.452171315770667,4.962313835614587,5.350760034813716,5.717740522130138,6.027495144582535,5.765007684923831,5.189816044390814,3.127918879746157,0.9997451236925734,0.022576263041545485
2024-03-31 21:00:00,0.0,38.0,65.5,30.0,11.0,30.0,45.92100706216534,6.954448928127613,6.452540250778458,5.926665776015342,63.249148346877206,61.50675855795959,62.72137156866119,69.37805110770748,77.02092704642116,84.67619439383938,93.09045666031994,98.50883068113762,100.0,98.07148038157403,80.21623216624131,61.80596649112607,45.9322904246605,43.835793869287414,43.44026303805373,45.03619261648794,46.539678126485846,47.33096059887592,46.68678490745894,43.81690877618855,37.18543975286597,0.9999855506507186,0.005375731557583884
2024-04-01 21:00:00,6.0,43.0,55.5,20.0,6.0,1.0,46.73806078172681,8.437533648908559,6.122988153514277,6.475955147232324,62.42926876485184,64.15282976556162,70.75679228376129,78.43255098439806,76.98294912036413,62.3650423109386,49.0952785904888,49.280865314277136,55.96864510783304,64.66254236328581,73.04153077417848,77.42015758052074,79.96976263406175,80.38401487742405,81.50600568842651,83.26104182992232,85.34700014670085,86.86266680598126,78.74251705448106,64.15406201496943,46.626438252087645,0.9999300657962057,-0.011826390691832589
2024-04-02 21:00:00,3.0,43.0,17.5,27.0,8.0,36.0,44.820161015758345,5.710403472520957,6.636583655102467,3.5579987856386848,59.78604761506428,61.55493935349996,66.33857028335197,71.90860083836597,79.46189347652579,87.98882912602896,89.3086310687558,59.891816741245684,42.836719352268474,32.72440445917858,23.689349640398934,19.084727674771816,14.238665704831538,9.75167768134849,6.183770601899602,3.260844290351503,1.0173569091511494,0.4882828358165384,0.508554504543418,0.570798055576131,0.4664510941331238,0.9995786855478958,-0.029025013321975237
2024-04-03 21:00:00,3.0,39.0,69.5,38.0,12.0,7.0,48.08603019284964,5.873135051210567,4.59246711417658,2.79597038123002,59.65807562147224,61.20471532570837,66.3346771269449,73.34559011442906,79.94855863703893,82.44909488293204,85.91015588658881,96.53924180969243,90.82496169743428,67.54359585341554,36.61788526244406,17.98297196197495,8.236932188191355,8.12918752018934,9.309967002254458,11.276564151007229,12.57874487915543,13.747175278915682,13.800162001146656,13.391966069699613,9.664383360525445,0.9989315138848577,-0.046215046983708354
2024-04-04 21:00:00,-3.0,34.0,88.0,16.0,19.0,6.0,75.27814700369807,13.260880398909237,3.934060036541355,4.662374576386031,93.54184980991249,94.22940285878896,97.98619990860338,99.69435688586832,99.62196286409599,99.57097972825942,99.00647982022299,97.63131720500711,96.60733548303392,96.46198536885865,96.97316768100191,97.32052623249497,97.09294613602634,98.68593319545742,99.05542859782017,99.86319706953142,99.25268393360491,93.77902350775848,69.23148144956126,24.878091847981104,11.06528237431478,0.9979887423155984,-0.06339140486951038
2024-04-05 21:00:00,-1.0,36.0,87.0,10.0,13.0,5.0,78.61248334703966,11.347362693600923,5.413489327351238,6.331304777084931,92.03504178990562,91.43205722864704,96.96832473557603,99.19604689261247,98.78462850405016,98.70664814247644,99.57082194408447,99.821010835664,99.91676526913628,99.49125486655387,99.72351508263614,99.63057393992239,97.74271077883758,89.08915269617292,79.79361841074943,73.75514323171834,68.24827626209523,63.96545899485333,60.06713704424547,56.00479439499109,55.64940588738252,0.9967506498213929,-0.08054900421874167
2024-04-06 21:00:00,0.0,37.0,86.0,17.0,14.0,3.0,69.64178721979476,10.205489935522158,5.6097820513466345,6.309065190446466,89.9876655296681,91.37908542717207,93.25452008834894,95.56430195474975,98.98263996874093,99.28282766181998,99.44808988745818,98.77150101594427,97.31563306095204,95.84792261633774,95.77347375501348,94.74745663154415,93.10531712029933,91.18200021947766,89.4335868478969,87.82146371161836,82.02683960757533,70.82486231945556,67.53196238040175,65.74059752544179,72.09688746839412,0.9952176027737294,-0.09768276782171598
2024-04-07 21:00:00,2.0,44.0,57.0,20.0,11.0,1.0,50.95014746640681,7.510482485450341,4.438828088621633,6.178903986458972,68.20599594285292,70.56268031967326,77.10238950336074,85.43395427815335,95.43333123818847,97.5994369698576,70.25367596700832,39.086024706476934,23.47331833158993,18.231802843478917,19.743944758536333,22.242396886974085,24.079603761138515,23.84102893907634,22.337434010759168,19.652781529246592,17.57064705528278,15.096281839275886,16.948076473228664,20.29179505113179,30.420096118655277,0.9933900548258936,-0.11478762552212701
2024-04-08 21:00:00,15.0,55.0,1.5,18.0,13.0,32.0,38.239799587293696,7.421669021597388,5.494884832800631,6.478001955902091,63.113311873825616,62.87095114911132,59.933516575247936,53.761993831908164,45.23101214153758,38.1864753562902,32.395533146266324,27.56056384135814,24.36594351164727,22.383567896330415,21.899543186565598,21.44692374804412,21.220526973977417,20.304160678700008,19.543066460295485,18.542609234370662,18.435704180971,18.55733127404578,19.404728742095664,20.376665999404015,21.027955437798774,0.9912685467787256,-0.13185851571739118
2024-04-09 21:00:00,1.0,46.0,10.0,39.0,7.0,36.0,36.74575542682205,6.5633455752014305,5.791064810710602,5.588996763462529,39.706199308181965,43.04670079756853,48.19195865091046,53.45681963259773,58.46370793723062,63.74184046647128,68.61992140050846,76.25182305202006,76.9989247016624,56.42023508762421,15.65587157812386,9.179104151673737,7.695070621240882,11.65452473826978,16.074864377691316,21.246206698981236,24.924663938020363,28.782832920998246,30.1827803211417,30.792745694116462,30.083902353526437,0.9888537064205885,-0.1488903868564548
2024-04-10 21:00:00,5.0,47.0,69.5,16.0,12.0,18.0,53.5437614305185,13.886834711573595,5.162443198387683,6.448400707522801,63.951879693800485,68.54444419499822,75.94610996977146,80.22602037503884,84.84302524729156,80.69459696766069,72.09662123443566,69.19683304261262,70.45433907925269,74.40642538910687,80.71406141480166,87.87482906596695,91.34520947342865,87.23415230656592,71.17687498346876,47.376967197984484,35.19923036416913,21.317590112668984,18.563078389821058,17.190307081225914,48.11795394287367,0.986146248341595,-0.16587819893463143
2024-04-11 21:00:00,6.0,45.0,88.5,12.0,15.0,15.0,65.15355752540944,19.644939001148067,3.0466160220416096,5.317651698963,85.1470022613021,90.54326443774487,97.52842702464076,100.0,100.0,100.0,100.0,99.67591467533167,99.25536305799912,99.63782897388236,99.542969975147,92.69852138687459,78.26569678920195,54.519600785329494,42.643585457780375,35.32630633517937,41.117292482272305,50.69860276445137,58.687982665115314,68.14235044339979,71.47234023457843,0.9831469737221499,-0.1828169249850199
2024-04-12 21:00:00,-5.0,55.0,88.5,12.0,20.0,15.0,80.16644518737577,31.83061270423073,4.126249016960424,5.948179005391875,94.05405317552325,94.03358849203077,99.34110966216456,99.46860347931458,99.3286386582057,100.0,100.0,100.0,99.65937013866808,100.0,99.5319864551023,98.86208625404306,98.66646828806293,98.9109889686021,98.61419807419554,96.66553027861352,90.37082163451198,75.57428843663887,65.44497108327953,56.88903630759414,69.13966807000931,0.9798567700958665,-0.1997015525660636
2024-04-13 21:00:00,-4.0,57.0,59.0,24.0,11.0,16.0,57.184861040309485,17.95110432921516,7.026903681917877,6.23918602526098,79.31645454052556,79.05216406898568,84.44696809547403,93.57608634319713,99.89232425441061,98.8363817290206,88.66026527390972,80.66124186655756,80.72829414280874,78.7813230798885,76.6507594038306,72.07275508831997,64.20132493750812,52.532729091935025,40.42072777861604,39.99104098812367,43.01753535559101,53.14857801320484,56.514837208076315,49.98608943836725,50.44120771649049,0.9762766110869321,-0.21652708524481437
2024-04-14 21:00:00,1.0,51.0,54.0,28.0,10.0,27.0,42.51492116077322,10.226893273948644,5.7523325700572405,6.179169985748691,59.91197588752374,60.35369063678817,65.17497498554727,72.37204053901507,80.30833581110886,87.51720520432586,95.55849303834327,99.88150750108758,89.67116740676539,60.20464998457031,28.557609748599106,14.882826410470667,13.00438883511048,28.33073376124385,42.99599975749963,53.753363917329644,55.84777590345457,48.78296494595264,48.366719239645285,51.44333537320136,57.69762094567267,0.9724075561219968,-0.23328854407545518
2024-04-15 21:00:00,-2.0,53.0,55.0,32.0,9.0,29.0,50.295251009208016,12.936615442493276,7.9420869565485495,6.218392791560639,62.03580194632359,63.26228009647284,70.45030333181042,78.23685952414912,83.05849615372023,84.81053052022422,88.65614507865503,94.2644244980737,97.17810620489249,94.40102977524059,87.52053823276427,82.47300078965564,78.19642755821489,68.12537749876435,60.20348552222898,57.787651842535524,54.26851513716385,49.09608875905829,39.04580395025508,24.65183941039476,17.076068580609906,0.9682507501166718,-0.2499809690726521
2024-04-16 21:00:00,-1.0,47.0,63.5,52.0,11.0,31.0,41.85770461036793,10.905871407391714,6.431478715673373,5.679289222882694,65.54137231111791,70.57726510384116,78.73842166454746,86.60183946683945,90.816385661733,96.60443571578361,97.93984054320082,93.24961144732308,95.15007351875623,98.71116954160196,99.07658609380987,83.52125325058682,72.28687388739952,68.97084130536717,68.58483786841838,70.50365954542059,70.48348069754917,68.40592376629215,66.64919640250349,62.047402982816976,59.39000966228932,0.9638074231367307,-0.26659942067929354
2024-04-17 21:00:00,0.0,48.0,45.5,56.0,11.0,35.0,37.080480243501846,7.894921430979105,6.075696108964696,5.835976379323353,43.79185569953311,48.359982429899134,54.503760052269065,61.67955969710858,69.48719504792597,78.25875980519805,83.96726088733688,94.7357154436646,96.16613376397454,74.73237505912975,40.82390174384541,41.73770104031489,43.843751131395855,45.9867758473745,43.352908187522054,36.565113342425704,27.424288606309926,15.91940974213304,11.688779840238373,6.825047624772666,8.873216205554723,0.9590788900341131,-0.28313898122818354
2024-04-18 21:00:00,0.0,55.0,19.0,50.0,5.0,6.0,35.24005054707355,8.104563000855574,5.68572231864337,4.395043073419336,39.17235266918612,43.641210258155766,48.928563680929,55.31898510028456,62.31492620442049,69.84182882061573,74.92445120488217,82.56806124161164,46.165195432375775,19.41873448512708,9.893112208711276,12.581228896401681,14.839450997659554,16.452613315997652,18.637141047304752,21.270384017610315,23.902300137662788,26.765318916232662,26.51419062973262,25.797942695291525,24.652344735137845,0.9540665500578387,-0.2995947563972602
2024-04-19 21:00:00,2.0,57.0,36.0,49.0,10.0,17.0,35.56859734982677,12.181490991920272,5.361571283969032,4.837631101620829,53.345144713451695,57.75734944478028,64.61282692837183,72.41438160064199,79.47966824608041,79.50682854544749,76.02979818349486,49.50001721322263,24.75849914363812,10.369638049177246,9.240127501119257,25.568728117016786,44.41103388969347,63.61693795473109,72.86600183402022,74.05334572358908,67.65018988012446,57.33125709409119,46.92045914627936,34.73356229315894,31.55451929577408,0.9487718864399473,-0.31596187665790293
2024-04-20 21:00:00,-4.0,48.0,85.0,24.0,8.0,20.0,62.991173163220225,12.498350282149133,7.023040595252884,3.747321929400822,83.16534895469417,84.0864550952755,74.44640491203579,59.03820020642836,47.33398996111664,45.73668402636354,49.230410440416186,57.70951670534404,71.3928141433014,86.13394295466938,92.13930623253968,95.89515500424473,97.66776879239495,95.73280401221832,91.33691086935158,83.23474942092443,80.13650810695832,81.01861590045735,82.16893716251623,84.05067649705066,86.79640314131922,0.9431964659565866,-0.33223549871590435
2024-04-21 21:00:00,-2.0,51.0,64.0,52.0,10.0,25.0,37.57967403026121,9.294640370217511,8.282331911813941,4.744815082603341,48.39776355708741,49.35572241255192,55.27100067651307,61.81991297176267,69.52273788984222,77.83981025992337,84.74096774230856,86.92355603548944,85.54180304711801,81.80801755270022,80.30114214476541,80.36727802399841,81.14007235981512,78.0844363915218,69.12343688668595,53.013937492065274,42.4834187643224,34.15674566431479,33.63428911924032,36.75535461345077,42.214786370993124,0.9373419384643772,-0.3484108069446808
2024-04-22 21:00:00,-4.0,40.0,9.5,64.0,14.0,29.0,21.833409955909563,4.434363723020325,6.100359747998984,5.082895558894425,36.511004108526194,39.9297483840179,45.275682402539545,51.49617244030246,58.493405002211865,65.86273128334751,70.94492358420703,76.92226838602616,71.62069700266872,55.544004433224394,34.292171648709804,30.527631112773218,31.544070712379952,36.177716777295785,35.941941023958904,30.80313215542283,23.872619520429666,14.858963912407097,13.091926222794342,12.638898060792677,18.033061069543184,0.9312100364121947,-0.3644830148102912
2024-04-23 21:00:00,-2.0,55.0,5.5,38.0,15.0,19.0,31.13147892876856,8.142975267581813,5.593436477572746,6.1501102500623315,41.35202269452149,44.623192959119784,49.95116005284374,55.824243524673314,59.28476442927148,60.97188345642799,51.87897483338546,41.15163533143399,33.847672003199605,29.508273689245883,28.11400888558441,27.925330255634524,28.037401821320966,27.53546233802223,26.474269598931826,24.665313031266862,23.752395256340165,22.954015546121433,26.622496032949083,32.25450167799604,38.632570016301884,0.9248025743285089,-0.38044736628785164
2024-04-24 21:00:00,-4.0,46.0,85.5,16.0,10.0,22.0,67.91912714846477,17.287827940446366,5.935652803745264,6.730233462519495,88.23676031904996,89.16624001835136,92.63926962820122,97.64831959511527,100.0,99.465868787875,98.9554877137492,99.43469855493944,99.70731042520013,99.29732101741848,99.25805301894806,98.75620744525047,98.31689275282056,97.5279554948097,96.98613643563331,95.65317021075269,94.21978740942887,91.49382312417487,90.11314962549959,86.77172907692538,88.01124592548952,0.9181214482844365,-0.39629913726891813
2024-04-25 21:00:00,-3.0,43.0,7.0,63.0,13.0,31.0,24.405715738343787,4.274452470278136,6.96993330349297,5.32393374022815,33.03312341074711,36.609426437276746,41.108039294036104,46.379578188326334,52.073743999383005,56.1807486699368,59.863276449485106,62.72153369319917,56.0021342657234,43.597801959852525,29.21805878154106,23.666197138823247,19.65094337469557,17.803033611997648,18.790819405896407,21.113479386028196,23.839148940841394,27.065397756236415,28.845620449608443,30.92606810635918,31.803048108882514,0.9111686353326631,-0.41203363695942635
2024-04-26 21:00:00,6.0,49.0,29.0,73.0,10.0,33.0,24.278245831691013,4.130387166447303,7.380783741999118,5.862988848613129,26.70832097457455,29.797531595685594,33.509785235262704,37.60327765675491,42.13129437961537,46.003114094068145,49.9808605414218,57.35772351500192,61.63144612015164,54.68862127314236,39.401062279521355,17.993130297619803,8.558625829484546,7.088105868568713,8.83471283709094,11.36911798995175,11.705566230293277,11.736496605207973,12.487939095309523,13.609381713997982,15.719772052071912,0.9039461929224011,-0.42764620926777464
2024-04-27 21:00:00,4.0,59.0,9.5,56.0,5.0,6.0,28.093226742410376,8.047530023533696,6.492889114677016,5.147268683296538,28.663578904336195,31.85897561122708,35.54010869309782,39.92050078215738,45.13376463358285,49.59296332658692,53.63186023575486,58.08240639764376,49.78217927140713,39.8001521726344,30.023402313789155,25.778034196862045,25.5139476326635,28.628828122979243,30.954694515409216,33.34956079037725,32.17797362177141,30.363102179059304,27.720255489145952,24.21710872640525,21.818076537411528,0.8964562582905575,-0.44313223418263453
2024-04-28 21:00:00,2.0,58.0,76.5,23.0,11.0,19.0,43.64681638245789,23.91667247298798,5.205037751470638,6.220195810354657,51.50643956284804,54.32676761005434,60.35230668665896,67.25110424297219,72.92162117214664,78.90243149556444,86.45110814930293,93.16736482433406,96.41035922276004,94.93236565922444,90.77199383979071,93.84361156743375,97.8482456323821,99.82442526532648,100.0,100.0,95.47243118415317,83.42822794601872,62.92167225837149,35.45509663292439,24.718096188244925,0.8887010478292915,-0.45848712914008766
2024-04-29 21:00:00,-3.0,53.0,33.5,45.0,15.0,35.0,41.137590975447,7.039014798584773,4.300607302130807,5.216573227559211,49.83358237532343,54.553337960651284,61.19384872180109,68.98226136882609,75.79031176233569,82.30757166293034,79.95376836991099,47.758545558481146,25.822657533768258,11.725770721006405,3.457947592925149,1.1494839745565522,0.07835594112283589,1.21530871835249,1.9002718557329095,2.5836115817149214,2.9758273131298982,3.3159170805380898,3.0627433104821065,2.817899407346155,4.726390145475377,0.8806828564301475,-0.47370635037968
2024-04-30 21:00:00,-1.0,56.0,39.0,44.0,7.0,36.0,32.61485219652436,8.936835282528708,4.492236411049605,5.360423236692119,32.673267073630505,34.67289603781087,38.852993602390676,43.74049139114317,49.28029482020694,56.04448222276165,59.840267860817264,50.55634392846736,34.36164091636115,19.836211185922124,9.71217862498733,4.086649484012267,0.9237490697348161,3.291826507755032,12.95292080234544,30.764917822349908,43.001626190871214,53.67823113277217,57.97165689651228,60.757483518177246,75.25858514116794,0.8724040568049612,-0.48878539428899265
2024-05-01 21:00:00,0.0,60.0,32.5,55.0,5.0,35.0,34.63816253787311,10.578337127717507,5.833087261522349,6.166342364442459,37.70083525680416,39.68691601857079,44.34446580818379,50.09209450163126,56.517728089696064,63.33743054053037,69.21608924224235,73.86956131747738,66.16113567578239,48.45364618244654,32.02691618280232,25.351755762835243,21.37723758781845,17.52395067051719,16.116862834147234,17.144234206772232,21.540250579039423,28.68212109546528,32.61807366708021,36.13990485112901,34.35873865374044,0.8638670987837349,-0.503719798736334
2024-05-02 21:00:00,1.0,58.0,74.0,33.0,6.0,9.0,49.107602398074,17.143554745898008,6.652513224611251,6.187553780108608,53.49737797743811,57.50448032953326,64.37286058365892,71.92261747657909,80.5161137606149,90.42548816201732,97.36444328280203,97.7333283765357,98.39136535273428,96.86752527519928,90.76908223714545,64.46697988336453,46.970221376653996,52.89652060417799,60.47272374260232,70.06593488292596,73.75802030706143,75.14765601007737,79.10278421864594,84.17105634150445,87.82550917246367,0.8550745085896932,-0.518505144391157
2024-05-03 21:00:00,-1.0,58.0,61.5,36.0,8.0,4.0,47.223732167466274,15.587995622682731,5.398376466069689,5.859924085760814,59.22506280345521,66.05944357262308,73.82401372470812,82.84283265215353,91.53177498324108,97.79811305891194,99.95084922513358,98.7361341133348,85.92148125609181,75.52644631568567,67.06467571416722,59.36445673752368,54.00118383463537,50.01144958194447,46.042949715607534,41.37907512320829,35.449341453431614,27.65571482586883,22.38306893624099,15.784389099335844,11.837306527211268,0.8460288880917339,-0.533137056031809
2024-05-04 21:00:00,-2.0,57.0,77.0,32.0,5.0,11.0,52.927762520761654,17.7883800711803,4.40776224955588,5.555979087456063,65.82140040699052,73.75544390950371,82.85482037528654,92.68998325217055,98.81388124447176,99.47000742845418,94.16758645618538,83.80981302644632,78.56260867587967,73.46522416099583,67.15545313873498,56.80020449958047,46.56739476977816,36.565791489572334,39.80482570506193,46.21931947087021,64.3571713954412,85.43469973470546,86.75410992254277,86.53609144214556,80.15442219068345,0.8367329140344921,-0.5476112038402312
2024-05-05 21:00:00,-2.0,58.0,73.0,34.0,12.0,19.0,53.075888896656885,22.603392621733196,4.6383515206526775,4.91589144998983,65.19335307359819,72.45689513506565,80.82495338709687,90.50453287976549,98.38581925752354,99.17096244407267,96.38328514553098,78.24693951867712,57.78926322337822,56.704666078874496,71.84540243105816,79.35074379931831,84.99239659109875,86.72935028394694,92.12559313650982,98.78853217397955,99.48107536084645,98.68391712021607,97.70668379154077,96.2719731562055,94.94721713344565,0.8271893372462497,-0.5619233046832195
2024-05-06 21:00:00,-8.0,65.0,38.5,46.0,10.0,25.0,48.30547325428378,18.891470629343875,8.115096558713262,4.512409667257567,61.52926785870053,63.12088582692379,69.94119563762096,77.88544048683107,84.81641229902178,87.30345184636161,91.10600159656296,96.80513398692032,98.77120241121189,96.30388853478902,81.74879797943483,72.39255690647947,64.3426457191336,53.716934323068756,36.90889010401121,12.453876810498747,2.4993740108665117,0.2785733177418588,2.2115090992067423,5.567556015679252,7.802247231265536,0.8174009818249189,-0.5760691233798758
2024-05-07 21:00:00,2.0,60.0,58.0,63.0,12.0,32.0,36.058854368282454,12.042932920709058,7.843806676452675,4.739073165448288,41.57175449406626,42.16105005195724,46.705639337858315,52.266628727964545,58.81382799124108,66.17161099585766,74.71121942090117,82.18432273891601,88.61074054381831,92.36341585396096,98.17984217528762,84.6198858059178,57.74284936932552,40.54396303139638,28.54650197658115,25.586104789455867,23.086375917032647,20.60388443517463,17.67902585779326,13.518973368368082,12.164836220984212,0.8073707443023492,-0.5900444739548627
2024-05-08 21:00:00,-8.0,56.0,85.5,33.0,7.0,13.0,48.79868354185697,17.99380007087328,7.219670788534069,4.0807196290608525,50.46892627584908,51.58601919495705,57.54917642499343,64.74290858360119,73.23971072394967,83.25575112772748,91.6977737407164,94.81341655372366,96.48660725599242,98.78930229691476,98.0650915073369,96.36938828834246,92.93365138508449,90.90770658908795,89.86985597196636,91.21971373447987,91.45032697684088,90.38989607959157,90.13242378615894,88.56776909211956,87.39428085825388,0.7971015927871943,-0.6038452208771035
2024-05-10 21:00:00,0.0,55.0,69.0,49.0,7.0,7.0,41.463913645264455,11.024119781560751,6.479823662625269,5.772820054921147,58.22666493831278,59.790789376707274,63.464004811342434,66.34681713843949,70.53727301451002,74.90226913602382,80.61466556832494,88.39467041804576,95.04425693295808,98.85875560871709,97.86821936042115,75.83716002811674,53.66584805570449,42.5389685947156,34.811403443219746,30.35718830376454,26.21687002950331,21.354291135592103,20.734274416987517,21.483592677318786,21.40035616685423,0.7758587728069828,-0.6309066211876704
2024-05-11 21:00:00,1.0,57.0,53.0,55.0,7.0,10.0,38.567494205342264,11.624304722476994,8.263526864707838,4.036906384010932,51.6546707110536,54.24845255234817,60.97194306489291,68.25303660841008,77.02403359773227,80.2450005155254,81.63862619855541,81.3948579435088,81.19886398851902,83.88013155275281,95.25325853501239,97.12315412533337,85.94230743963416,45.00853044488124,24.640297601234415,17.613797371939672,14.070724092570758,11.62142535049214,9.275309953758368,6.415712013179236,5.395428774995429,0.7648913904341226,-0.6441592666722685
2024-05-12 21:00:00,3.0,59.0,66.5,58.0,5.0,3.0,37.3680528699157,11.52040848043571,8.497106374057731,3.915878910352413,38.2955283148376,39.985034208064654,44.60500612933055,50.28419151510667,56.555629922531914,64.09084725260723,72.86106670615303,81.73355749908916,88.44035421559347,93.10549931602175,93.2671946475547,90.57649443761501,79.54462251572689,43.96434510015343,26.15348178595446,25.08523485508872,21.287979384241343,15.166777780944706,11.04621076799423,7.283793573250074,10.157422498029575,0.753697664392914,-0.6572212950663319
2024-05-13 21:00:00,1.0,65.0,44.0,72.0,7.0,20.0,32.75165148071837,12.698006485545733,9.023954991695055,4.155228421891546,37.73540226941247,40.356851840945254,44.84758310524001,50.17065987111451,56.503939862592524,62.92262980778389,63.024149918476304,66.05340820256991,69.74786664563936,73.6721973650959,78.32475501148659,84.35429379261062,87.59741321823294,79.6720082036554,50.54017324461265,14.123278442184855,5.749915592592846,5.052939535302121,11.43542450784205,21.741025894374,35.31122171961263,0.742280907086982,-0.6700888411055113
2024-05-14 21:00:00,2.0,63.0,71.0,22.0,11.0,18.0,53.80810032343676,25.431593573309275,6.723153957582966,5.798154038848419,51.187836330198536,53.902066943916296,60.50702477244203,68.0817474783307,77.15509011899016,89.68491710972626,98.50827415456413,97.38812984326363,97.00828887092004,97.54957330930813,99.25786333823423,99.57486931518122,99.40881688281122,100.0,98.25946549639507,94.54566900478916,89.38958418688998,82.63658458346993,79.85780357394744,76.42653935707206,80.011432691079,0.7306444969184916,-0.6827580970759147
2024-05-15 21:00:00,2.0,71.0,60.5,37.0,2.0,23.0,54.95084226417701,27.76559849802901,7.81401986282758,6.025751151236367,48.34769742085615,50.3928560972,56.25166219865728,63.09061906714852,69.7528917565397,76.38819227366432,83.97784221501433,88.2380612232371,89.80204644742928,90.47349110764644,87.75432534474153,86.8239333082753,86.57665742396587,88.81649264961169,87.6019414879606,83.40488377733617,81.8695268795089,81.38600953390348,80.52299386689235,78.16997888277987,66.10709136928817,0.7187918772884232,-0.6952253139408722
2024-05-16 21:00:00,-3.0,67.0,55.0,23.0,3.0,1.0,60.7543368911074,26.153445314451954,6.99934282436935,5.061517303412357,70.6383436546459,75.32875442980901,83.73952569203188,87.52265738480504,87.6434846268893,84.75393175869024,83.6200356605341,79.5993593543788,72.50058783148586,66.93764398693108,72.15671769044604,82.18205864887162,92.53611548048451,96.15954136959796,95.24353588663314,91.37451316964965,82.88027461095393,71.2274457566044,54.76579875959283,32.30800382304455,15.679329307482625,0.7067265555776158,-0.7074868024503348
2024-05-17 21:00:00,0.0,74.0,41.5,50.0,6.0,10.0,39.77159708844618,22.991374609577242,7.95709906129658,5.067951886875987,42.859098995597385,46.13656468448317,51.36778753973316,57.29974089980707,64.3540479242759,71.83282978334594,76.56294403935314,82.07459247892707,86.4953431231358,87.7029246234494,83.09382244402632,76.47018606964811,72.3974780658801,74.60344561760844,74.89871232403654,72.63837114205613,64.25052156867785,52.173976631855965,35.908915617244915,14.995338559781132,10.312105912681975,0.6944521021088763,-0.719538934232584
2024-05-18 21:00:00,-7.0,69.0,87.5,35.0,6.0,13.0,48.91231522715638,22.339125312352866,7.409343425279984,5.877180232471723,49.72179854140693,53.91396759147731,60.140740444433646,67.1657082146118,73.94274120030477,77.01062759604386,78.8475321004259,64.55350134294156,54.59372033233705,50.77679924150039,53.723141373198516,60.74032071933284,68.30079899001981,75.40731761510312,83.04434474977579,91.9780100684726,88.20820488452611,78.20408196552471,73.97482959049523,67.91039836238566,76.40392873724451,0.6819721490904629,-0.7313781428679254
2024-05-19 21:00:00,-2.0,65.0,69.5,29.0,4.0,12.0,56.159353339441054,22.95360305554705,5.055125086692618,5.3353027064240175,72.21483547430088,78.05842431894696,86.64602442797235,94.48552427046432,97.92146382424536,99.41530573189685,98.06201238289674,84.5867613645879,85.51409716111439,89.69655884089278,89.73103103062043,78.68703146967185,66.48966638986926,54.382660607252916,43.53377517057861,32.31924149658515,25.275868664310984,18.21131160664432,16.070700372823286,14.27135024515139,17.572425088716702,0.6692903895412567,-0.7430009249440493
2024-05-20 21:00:00,-1.0,75.0,30.0,38.0,6.0,21.0,46.298807793176586,23.341880025553237,6.235770243790467,6.72697923887866,56.56937362957638,60.215163345940645,67.22580749492862,75.16314134322815,80.6177241558045,82.2602234053399,71.6716426360987,70.55677827660993,69.05648876590121,62.929462986727444,49.097468437262044,36.361500808710986,25.528102963768895,24.47135066991822,25.32373250769463,28.655728833801124,31.84661079542942,35.62215222924961,37.90781563747305,39.39578379847778,42.365158516071155,0.6564105761979381,-0.7544038410927472
2024-05-21 21:00:00,0.0,80.0,51.0,47.0,6.0,24.0,43.77961106850662,30.586260235828505,8.72885618130675,5.2920194643767084,39.406102540611684,40.477487462721896,44.54083246215351,48.878010748221996,53.43599355667138,58.24125645927191,64.73721255152785,72.42319878113395,81.1865222382207,90.06909641260202,92.80095556708645,95.50494359666551,97.1696715334965,97.42314547115978,97.39639729456162,95.2817024990506,86.99323858737473,73.65620306778689,57.95264025907905,38.40744081232816,27.243862374785287,0.6433365204044917,-0.765583517007675
2024-05-22 21:00:00,1.0,79.0,51.5,33.0,3.0,24.0,54.11135105682001,32.563019108487964,7.8096422993159536,5.911657905240072,52.37428422784641,54.24426262868485,60.427776529769986,67.52577231502815,75.2991449498321,81.33853118237406,86.09468869387989,88.71222267941198,89.05970939197854,86.25378981854719,79.53747968081099,73.58794515197171,67.57378476734742,65.87329713229953,54.19092721050711,31.619354361464758,22.89137638890426,22.08447394722439,27.5042185692971,37.19091723925839,44.61970877223742,0.6300720909843687,-0.7765366444428655
2024-05-23 21:00:00,-3.0,75.0,73.0,23.0,7.0,24.0,61.777544009622254,35.01324483340167,6.526570277831958,5.830479609699313,75.40939646416332,72.73679244426272,67.79095958047544,68.88935240320598,71.28180046809973,75.31435750112256,80.27941854001078,85.40703850916704,91.4372262610098,97.30844692531674,99.58146120653934,98.17305424315441,93.23322725440616,83.66827057968791,74.87737910200714,71.03237030092092,66.53302589649326,59.87976868050517,51.0316214850956,37.82538069566491,29.730675883498094,0.6166212130956382,-0.7872599821916922
2024-05-24 21:00:00,0.0,65.0,62.5,34.0,10.0,28.0,50.17200628072309,20.612815012875224,8.100819858100573,4.880559336651179,47.512863139179466,47.710862550978014,50.665413706201704,56.07827791315667,61.55564966205578,65.77514314126354,70.32777435773197,75.6680657601837,81.59643679805086,88.14651455909089,93.92361992009067,98.0069578972405,99.57572035692664,94.15843188448144,85.1616579499114,72.97682289894215,60.25423051928431,47.629550631244314,40.51379103785832,36.005355928880576,35.34941635262142,0.6029878670694714,-0.7977503570459932
2024-05-25 21:00:00,0.0,68.0,29.5,61.0,6.0,31.0,37.35083468017345,12.793694876671616,6.855805032168503,5.376314371159527,37.99767212713402,39.394332603258306,43.8148024732438,48.9695446344353,55.131496324637475,62.328646323769895,69.59926139081142,77.79223823243474,84.52341122665203,84.70761625798077,59.99132671236197,30.713761846239645,6.152745719292799,2.7539084258917446,1.4548871154994396,3.1877146286609634,4.017092522965271,4.202148318892418,4.724004851662415,5.505507141413999,7.779649043373384,0.5891760872322963,-0.8080046647350754
2024-05-26 21:00:00,1.0,64.0,68.5,35.0,4.0,11.0,53.95286976616358,20.616210761565327,6.878794038220212,5.490790447610678,63.41371874459571,68.65361481780808,76.04628216156763,73.94116749484641,73.77669499271478,72.51099723519458,65.9968387550395,64.80170419575808,67.20917199564126,72.51849147127267,80.3090145392238,88.56556383578086,96.25029948955851,99.39118173851827,98.44795515594241,92.07067998315178,77.78490347575567,59.6202593332282,54.25006557360928,48.71079140765184,46.216265749083604,0.5751899607119775,-0.8180198708443175
2024-05-27 21:00:00,-3.0,62.0,87.0,26.0,11.0,15.0,60.09670435708345,25.81086301529804,5.717231695741955,5.867444337350654,59.834532095095916,64.57356264384663,71.24917666044055,78.7653462383603,80.10549977411604,76.05250751258941,84.33964765044037,93.92836318816205,94.15718837036397,91.08777811097795,90.2691054738867,88.32439760376698,84.49994434069403,76.49578596052959,69.42347522983707,63.37319199008357,51.502594431068715,34.87883533454508,39.36839067859792,50.23164209038299,72.39270820751278,0.5610336262283677,-0.8277930117131022
2024-05-28 21:00:00,-2.0,69.0,81.0,15.0,9.0,19.0,73.03668274060732,33.08742138032303,5.746305048656377,6.681882047589632,83.85696503528374,84.19524000521771,90.69801878873622,95.92648491970007,95.55503466043011,91.73352348214041,85.55115020545028,79.86697331621045,73.65407465418026,64.91565678541585,53.99349841407107,53.558616145260544,70.2524865299973,65.34834259404822,57.33896143852027,49.66081244454811,49.89698202600723,62.66265645969875,72.14772954715207,79.45297507342217,83.02975634913012,0.5467112728685939,-0.8373211953118121
2024-05-29 21:00:00,-3.0,66.0,45.0,56.0,8.0,30.0,41.59709377958029,12.768738089732,6.2275524954148285,6.719550153346099,48.065427966917674,48.96154979292257,53.77938973655515,59.54086480626927,66.26450308609937,73.95510267992765,82.97601461224212,85.59497055538405,70.07606024156149,39.117652553597296,13.257534817985182,5.304422915594176,4.520071433171937,5.81398861574565,6.533318124405508,6.33203307712272,6.4642599122227224,6.973264346053592,8.179240619502114,10.067358915301101,12.678548634849468,0.5322271388474397,-0.8466016020976267
2024-05-30 21:00:00,0.0,65.0,53.0,67.0,5.0,34.0,34.07638873874004,11.38428486207852,7.326811469264508,5.626053474821871,38.186019756236526,39.91007902906508,44.09183502003475,49.21289990634145,55.1206064081086,61.745871115474124,65.6364919350598,71.7920469417232,78.34406267298633,82.38854058933863,76.79349874122855,44.92900151128823,17.181167775586335,9.766509010185487,8.069291269855619,12.26233901811137,16.901415163508318,22.48888891177532,27.90000570430835,34.13588084777748,42.94807116829638,0.5175855102531889,-0.8556314858488706
2024-05-31 21:00:00,1.0,66.0,28.5,73.0,9.0,35.0,34.23731239654262,13.34028275464499,8.981240504860603,5.988726678567267,35.33454944276654,37.223354766653564,41.44999204881047,46.088007493345565,51.930578081344,58.6255053544461,66.39597589404751,68.18018430801386,70.55914088845493,73.0910637390792,74.66868814336146,78.16569773202423,82.73347445237714,88.61087967963452,84.18976985796635,69.97088490709812,51.39875582910135,28.265652067423204,16.95007762539524,5.169789490682343,7.041497987572627,0.5027907197793043,-0.8644081744776648
2024-06-01 21:00:00,0.0,65.0,17.0,61.0,7.0,4.0,36.868995001419705,13.624063907487603,6.677561711882877,5.087905329711157,45.64688640839265,49.60203376974403,55.283823409996266,61.630464086678096,67.62132355445934,74.46215875611587,80.97305087141308,86.17404445463734,88.6769758614738,81.22729349493811,63.46547451161455,47.48815684947424,35.79653513417206,30.11628524052592,24.63107198602068,18.851301447771704,13.482021073620068,7.0867354345870766,6.322750217579712,6.3620801717788416,17.307504919834496,0.4878471454423119,-0.8729290708206411
2024-06-02 21:00:00,2.0,75.0,3.5,52.0,6.0,35.0,31.82067507504857,11.900826461793082,6.921803451348693,6.178383354052309,30.20908566956918,31.24990398226057,34.254773411521626,38.09657776194764,42.43714049961751,47.46857541499699,53.11291428955948,51.56906478766431,35.91786591842032,15.101576324019378,7.918633736171654,6.040299315547475,6.200754792770134,8.18602012915184,12.201122872137663,18.97337504602786,25.987301077521842,34.00638052401363,32.6665726507092,27.062742312464373,20.82889689857163,0.47275920928627757,-0.881191653407483
2024-06-03 21:00:00,-4.0,68.0,66.0,21.0,6.0,7.0,54.52642597791101,26.726456558215098,6.329116408895662,5.00598467949086,69.99530905467925,74.52588277590111,79.99921746556922,83.64697087307127,87.57195565899647,91.88811476570122,95.20008466264348,96.55293129602892,96.90243377526565,97.35642307284887,99.51871215073474,96.29505790446495,86.81580603600693,65.33627920700346,46.69048638667343,30.610118656353386,32.194621220776334,42.45161309015735,47.97566016459171,53.424035338781074,45.95165410445797,0.4575313760742512,-0.8891934772070711
2024-06-04 21:00:00,0.0,75.0,14.5,52.0,2.0,36.0,43.00991391902142,23.107427935652286,7.24749431155856,5.598440594972319,47.633831852425594,50.794885129022525,56.425702779328276,62.91194157666475,70.11382924470986,77.6876898854609,79.27878334966489,78.47370936419728,78.69853860772187,81.02033376063802,84.43828642575207,65.77920464036492,46.93386708886427,37.273120753145314,33.30813719733703,33.76730603899586,33.65112760274111,33.152293518312945,29.7767945992501,24.09329867507459,19.30406898379657,0.44216815196707204,-0.8969321743510065
2024-06-05 21:00:00,10.0,79.0,33.5,54.0,2.0,7.0,43.626542446037185,23.722011120539047,8.244412563855963,6.272854204699504,35.04121023851652,35.960702282942755,39.66321170061288,44.04395736561205,49.03205375285826,54.53259560169229,57.531312739324115,57.53555395066468,57.55372800450452,59.761248692144754,65.61204961527206,70.16286442411477,73.37517996834535,75.12310457809347,74.50765209735572,69.43835727825186,64.02110055916982,57.559058132665186,53.80281369776807,49.89553524483898,51.13661822370028,0.42667408318992467,-0.9044054548343001
2024-06-06 21:00:00,-1.0,76.0,57.0,41.0,8.0,13.0,51.79248207523655,26.82194395102738,7.346761381975468,5.455327636491589,57.73498854530333,58.529584934594034,65.16588116505804,72.40330774186342,81.198239278535,82.93013732730249,80.37747526195864,76.84519079583539,73.46735038351434,69.6089032109861,69.23944057794945,64.68261261049359,55.43467126220325,46.86420308717136,39.62544768726346,36.26945649856476,31.07651061927555,23.5161127785579,19.53222962774796,17.163568840752074,14.513260786169301,0.4110537546870351,-0.9116111071930239
2024-06-07 21:00:00,0.0,69.0,78.0,19.0,7.0,12.0,67.99815268764517,36.5342032333311,5.694154960864567,5.163463801542843,76.13115698591537,76.23954940045172,81.44906260232783,87.86429596272653,91.09460692387535,92.17335049077606,92.20689719655414,95.17651573150458,100.0,100.0,100.0,100.0,99.53194346738027,100.0,99.91892379068581,99.73253105143702,100.0,100.0,83.14981608930648,46.58427583166301,21.7364112374603,0.3953117887649151,-0.9185469991587165
2024-06-08 21:00:00,3.0,64.0,76.5,13.0,5.0,25.0,75.22266484350234,26.683963954314667,7.025743314599196,6.170785072526694,72.70449019492989,72.4313606001411,82.71936935450256,91.54727842807226,92.84182689119383,88.19138331606361,77.33490414128778,69.52532670238072,72.205817967044,87.29809881110111,96.55967818751326,100.0,99.41750987934714,97.15574059555497,93.31054298843826,80.31697166491273,69.32238054412213,61.45564133313394,59.221330378209245,61.190795097477825,66.01631789511089,0.37945284372454435,-0.925211078289358
2024-06-09 21:00:00,0.0,63.0,88.0,16.0,6.0,22.0,72.44168796129061,28.038512264844986,5.900713726916858,6.12559714860898,86.6885789094499,86.76359505396267,85.6140283726314,88.08624742836953,88.55372036811701,88.7575599445348,90.6404973495731,92.14496011428875,93.78511350473121,91.03276616344749,88.6011806965977,86.95185031434235,86.64105137305413,86.32402791137179,86.64438736945033,88.85522249501011,91.57609687437979,94.31969094479818,95.32822152667015,93.74325637320513,91.40538988359619,0.36348161248290634,-0.9316013725767187
2024-06-10 21:00:00,-2.0,64.0,73.0,30.0,6.0,28.0,67.43214236750362,27.187671236829,6.554613915642463,5.92373495044706,79.4940281559604,79.23309307566659,86.65902450908585,92.03184765299953,93.39556539548394,91.4518986915628,89.45804952645516,87.84623575993096,85.64651269875097,88.3753620759514,91.1370798304373,94.71899855441472,98.43547166533332,99.31303306504961,99.63815325043026,98.32695819895723,95.13578527248352,89.45606193201003,82.7871466377782,74.37325187469168,70.051327179491,0.3474028211842774,-0.9377159910299093
2024-06-11 21:00:00,-4.0,73.0,38.5,34.0,1.0,2.0,53.262920322678845,24.45225144305628,7.591428742210969,5.376935620228942,60.31348706328773,63.05202925891925,69.54547519369903,76.62384913836107,79.5869685484653,81.39472767514351,79.12473666881982,77.63208476853067,77.96809476940052,80.42291923018091,85.71263679223739,86.14134615897953,80.19354803002118,59.278753417639344,45.37702614235995,36.98828635000623,33.058624557963576,30.142424435598436,28.661377727868093,26.523884637278638,23.676261202303778,0.3312212278016865,-0.9435531242349544
2024-06-12 21:00:00,2.0,72.0,42.0,44.0,2.0,19.0,55.091227971046706,24.1102959017,7.934227115497294,5.910684863786362,55.37748518821971,58.04553702145907,64.20332910216638,71.31671752929054,78.36133967836521,76.07348039349266,79.07868315107231,80.29720426329602,80.98071436715902,80.57529494500308,74.90056211364742,74.52837511652555,74.33567814955985,70.36503359151347,58.98304027346731,41.75852054746676,36.790426370469056,36.61469355415186,35.93145551448549,33.972481905970014,31.54060001740106,0.31494162072895193,-0.9491110448902284
2024-06-13 21:00:00,-1.0,76.0,30.5,52.0,8.0,22.0,44.78108457497471,22.320055650627374,7.030762998283695,6.097798578648007,47.97733989382542,50.01287649080414,55.39914476703274,61.535394261091945,68.33482854945123,67.08428378664986,71.71010431702811,73.63057541776442,72.75647359234641,66.8530427563367,53.33846026447912,42.79844769400242,33.50521379461103,27.450736774104435,23.116311853336676,20.944044654950844,23.488007873715365,29.57800085245001,35.04852130973998,40.87375533179461,37.48378928366915,0.2985688173637202,-0.9543881083175908
2024-06-14 21:00:00,-4.0,73.0,80.0,25.0,8.0,24.0,63.75884189409329,27.196412057993403,6.972584111700312,6.180375543982569,70.29212077771561,69.64578630330885,62.360225529032355,61.890636566207824,66.81585800894479,63.285034875479425,57.779357582799186,55.44635834591516,53.69402202614513,50.422265249816725,55.55057550023521,65.35878474186815,77.50204034318826,67.53153130752484,65.13034285059739,77.6413889298979,77.15704775167107,64.59214501629887,46.84974166040355,21.601604121342305,26.486464844874806,0.2821076626819194,-0.9593827529490743
2024-06-15 21:00:00,0.0,64.0,25.0,55.0,10.0,34.0,41.278376632321795,11.342428970571737,6.047128467770223,6.4892577971196514,45.66694680930806,48.23620370046173,53.647225663247966,60.055329511349385,67.21549120976998,71.91516300851706,77.9540981301079,81.61737997897745,69.0869872856464,43.671008802263664,15.006248054770325,5.958027929697118,2.0717251007024866,3.1447041919162206,4.032151854223211,4.766185451290933,5.34075711441457,5.953680662743006,7.011916272487903,8.512659541172148,9.802126229548314,0.26556302780405594,-0.9640935007889755
2024-06-16 21:00:00,0.0,71.0,3.0,62.0,4.0,28.0,33.71089265797102,14.037472251398247,6.967719152856061,6.210713298119469,35.19903618053861,36.80597581365825,40.721928077671606,45.51192514055295,51.233246861485284,57.89928340462869,65.1263093579182,70.06489387984946,55.14934270396073,36.62843970970331,19.839783842584037,22.165281566173984,24.97547413349393,28.14462878445277,31.053111623429565,34.2578233029893,37.37770148161215,41.259127257524206,45.146124164677765,50.05045908569603,51.47996097754613,0.24893980855376657,-0.9685189578512204
2024-06-17 21:00:00,-3.0,69.0,86.5,11.0,8.0,20.0,56.7155758436795,28.394919171848663,6.55603484214649,4.386558191683755,56.063860690812504,59.627539538603315,65.91174636056635,67.7991472625048,58.59531868084245,45.25752141299939,41.030757535620815,44.70361012267002,53.674672260287636,65.43771005968405,79.01135157571207,87.65548860116695,94.53608750708744,98.39139618507674,99.50855545320651,98.71419864719226,94.79335355792348,88.19605258257262,81.51650173943251,73.10259888865681,62.702353721509176,0.23224292400907015,-0.9726578145718654
2024-06-18 21:00:00,-1.0,86.0,38.5,33.0,6.0,21.0,55.077490108744364,40.00587832933802,6.943994375134337,6.295918313535879,56.76055638594948,61.59631866655256,68.30353965515944,75.26244237322021,80.2466244103336,83.56162230340837,85.17333430663231,85.25424741131292,78.09039897432356,70.06493450611686,63.510637836542905,56.68391338670181,49.37931325007499,41.68360253994437,36.2327865414227,31.986759189148156,30.04679889529594,28.57196034326624,30.107127349235114,32.523854634476194,36.61155494962933,0.21547731504673012,-0.976508846196619
2024-06-19 21:00:00,-2.0,92.0,14.0,37.0,8.0,23.0,47.17409566059272,46.94171748439636,8.203683860690427,5.624495462127473,47.694979138707374,50.91886732903716,56.20118747558155,62.30315350787463,69.05267281513187,76.11149283718174,82.58413410628935,82.76027865642688,81.82123283960316,79.38551080570264,75.88931030930374,77.13084384583985,79.53466987986488,82.72661790325827,79.68035093059596,71.57086214261402,60.423717543613705,47.017932009648625,39.89368133372122,32.10834134458909,34.291291112321495,0.19864794288017112,-0.9800709131432666
2024-06-20 21:00:00,4.0,86.0,37.5,45.0,8.0,32.0,49.645076458934945,41.889356690204586,7.607320320768872,5.705917260820096,51.21708113750881,55.349527072103214,61.34998452368868,68.05392572819554,75.72053093827613,82.85034422364721,88.22425916912823,88.48248545179473,91.17181069840086,89.8068118572858,80.13666380514988,71.83103554325547,66.89396060512038,67.67575665086024,67.90267158734906,67.17494732086922,65.1028355224278,61.99095800063918,56.698604083174374,49.447770466565075,45.57156096199436,0.18175978759137534,-0.9833429613388902
2024-06-21 21:00:00,-2.0,76.0,44.5,59.0,5.0,32.0,35.829619810885625,19.424891345014238,7.429944659913741,4.478335038985204,39.498154548177475,42.96669892243438,47.67648863843277,53.24068565478004,59.23697660596717,64.04683588195773,62.79885734309316,64.31988083073377,55.84329102853458,46.614642489734564,39.97237191138128,39.95206767553982,41.159413434702955,45.27600937378946,47.65322836073989,48.76087542366654,45.716170709180474,40.686735503375395,33.97215319548851,25.75488482208586,28.63864850215647,0.16481784665719793,-0.9863240225317866
2024-06-22 21:00:00,-2.0,76.0,69.0,48.0,6.0,22.0,48.17457101146339,21.930057815724968,7.949372464988087,4.911817099875263,44.23796675752451,47.0635744662696,52.25995943860345,58.028549245248605,64.87572362002064,71.79005853879121,65.67004548806294,65.95578000871353,68.47437008931675,64.82162834276228,43.94501321953241,44.636223744195156,50.30035522534961,55.32501609859418,51.902970622540636,41.36382915525928,28.49329494070243,13.325028162812233,9.08869650111233,6.651007013688927,14.024992210813835,0.14782713347053048,-0.9890132145779883
2024-06-23 21:00:00,0.0,63.0,90.0,12.0,8.0,16.0,86.784579864808,42.134103717642084,3.689569550988288,5.611021370147766,93.94310269342282,93.98918818921815,99.38187119829652,100.0,97.31620444197293,88.31400876282123,80.53824636339804,77.07459551634825,76.09320037042215,77.23310033002264,81.47937441432875,84.98835431528205,87.06562792465492,86.14780640469503,87.17471229193218,96.0209194320242,99.21309446761073,94.25153934665515,85.10592962320234,70.5761304474163,73.90267998717582,0.13079267585675922,-0.9914097417023038
2024-06-24 21:00:00,-3.0,65.0,83.5,16.0,8.0,4.0,80.92009306915742,33.0100888884264,4.459312541913271,5.965127804499427,86.62314471651504,86.95012267575525,91.46962740102016,92.47782710633966,92.66264426341571,95.7003741159323,98.27598240728123,98.39511065397558,98.80955332903775,99.59204513884606,91.1557058111886,85.04511751820853,84.50664531182508,76.55377329943603,68.14261433774527,61.92097295272036,52.10891582724886,37.14419392239328,24.209495022006138,10.752816215027906,7.182299866355374,0.11371951458594969,-0.9935128947338007
2024-06-25 21:00:00,4.0,81.0,2.0,55.0,2.0,32.0,40.86340188879654,17.195392602937094,7.348523397242639,6.207284931184056,33.4499364262776,34.14298142992463,37.35580186170841,41.424012191173304,45.95917670468272,51.05159064026387,54.91915331343497,58.273124638061624,58.64178163776845,51.78147045893009,35.99373417880447,23.10925593808851,13.123322339842172,9.08168492171202,6.233129120251524,5.791117693237506,5.8272757703076845,6.303074535524106,6.474239545549453,6.4353004070437105,7.690470972692926,0.0966127018812031,-0.9953220513156602
2024-06-26 21:00:00,-4.0,80.0,43.5,36.0,9.0,27.0,48.768600362464646,28.739365224959503,8.101406238932924,5.0142178886712925,48.364335636316056,48.506321439278196,53.39898797162598,59.16186095793049,66.04977615730292,73.56796798695818,78.97538848762629,78.92078989799765,77.11742317561931,78.58481494795097,67.70658103474875,59.228987697111265,57.524106189667826,45.20554324042675,31.983409426647835,21.498813412668184,13.990970017924937,9.34212674685057,7.398573636779661,7.213558314094662,9.177406535637031,0.07947729992362097,-0.9968366760893436
2024-06-27 21:00:00,-2.0,68.0,62.0,25.0,7.0,30.0,67.88602556705558,26.4440139873874,7.1794243893091805,5.91481061238511,72.68385505737649,73.43990933136962,76.72238790520079,81.19664492684574,86.55666011988636,91.7252264261312,91.98429323823073,90.68049009455996,91.96077591532318,95.05519363023154,96.606143205738,94.47835667864696,86.92721475638753,77.56330659072212,62.71179702007566,41.11710538523414,24.226777226205172,11.031539645719473,7.5600265038262195,10.612233368571722,13.577441324808404,0.062318379354325076,-0.998056320853012
2024-06-28 21:00:00,0.0,68.0,24.5,63.0,7.0,30.0,41.914085316361906,14.181112986554716,7.948931734686704,4.261489804082565,45.03014192855059,48.34337626034409,53.7055654941754,59.695807408912124,66.38033090746858,70.9487005805249,64.29097175280619,67.47590467444687,68.4640972690357,66.11130608070545,60.127448543433026,50.39495773310816,35.661299617494166,16.270275857825077,9.274959133878827,9.433682077545843,8.116714032717013,6.145226279568005,5.565015542096764,5.050492290854409,6.006446171778751,0.04514101777397193,-0.9989806246941579
2024-06-29 21:00:00,-5.0,64.0,85.5,21.0,12.0,18.0,56.01890312789417,33.59006084456807,4.712686723571189,4.350762412334535,64.51835807107365,68.08737369015401,73.11451534777376,77.35982922375102,76.22934181473863,69.56212089609495,71.7681060688149,87.36234066025622,95.82418669023593,98.97351288726793,99.38746328352167,99.27829136156666,99.36732458336601,99.57825434572,99.60138973573031,99.81525603585165,99.3035740838074,98.31871708266917,98.10625620283562,98.54331462463645,98.87285747122428,0.02795029824021032,-0.999609314096404
2024-06-30 21:00:00,-4.0,78.0,56.0,28.0,9.0,26.0,62.15225499128753,30.985312291335667,6.5986640974325725,5.059151817479198,72.99345234576764,74.20665182449466,78.52948322859027,76.5068126476132,67.83375511739274,62.11510587098874,63.861110258343565,66.84698301543041,70.35673391389714,77.33292121800136,83.117448246354,75.9136582878358,58.52319039272048,56.50051518619581,53.78910784893116,49.82353774032568,40.80951384864524,26.307241368565375,14.772784861580385,3.018598504543008,2.71243079194606,0.01075130776352193,-0.9999422030204416
2024-07-01 21:00:00,1.0,75.0,5.0,54.0,8.0,35.0,39.928747045839025,19.8717160709535,8.07474713532526,6.206941617763263,40.571080633731185,42.9018539166098,47.46866368946461,52.91146746182401,59.32664391246257,66.34243340001788,73.18548122748412,77.75956267986932,79.62765500932785,77.625116931372,71.2213800154952,60.58089109575964,48.82092150677026,39.31723505615851,32.05862391164379,26.431534098818915,26.81742920631632,29.552014664391272,31.097769260522973,32.51323493555198,31.056579729488398,-0.00645086419810515,-0.9999791929590823
2024-07-02 21:00:00,1.0,81.0,5.5,51.0,4.0,1.0,36.613869522076754,21.55817289173558,8.819703736202896,5.036660422238484,35.66430492242094,37.64089408874618,41.70507398611531,46.49800244788617,52.264291834648226,59.10606641137082,67.28276236817216,76.10735766111438,79.95845796066509,81.09718970544495,80.0826652248229,68.53411048566743,54.50827062411728,39.43604632970052,28.425140468267507,19.025463276798543,19.9731913823097,23.07687265497463,20.125339004954636,15.492949519182094,11.236852969368027,-0.023651127245231586,-0.9997202729664083
2024-07-03 21:00:00,-1.0,81.0,46.5,47.0,8.0,19.0,37.984924776350226,19.22192187560643,7.080124501177246,4.558650593744113,34.70127334819961,36.429022459183166,39.949115602407744,43.889302551784255,47.76144955995327,48.65025397225517,50.11350803678827,55.16017356662453,58.55881775922176,55.69786663362196,43.932052380062636,23.264765338807646,10.144850908027083,12.324002893324744,15.02819015331206,18.316348874189302,21.567221001190656,25.052319255360356,32.271116266308134,41.709357918390374,53.34499995606888,-0.04084439154329611,-0.9991655196610109
2024-07-04 21:00:00,-2.0,77.0,42.0,26.0,8.0,20.0,59.88201402804045,27.716774628306602,6.128876510263637,5.1597600509204256,60.161565388081215,62.97170124032282,69.75163132780497,76.53912872878688,80.16469733325803,81.26190191567166,80.22493477823713,73.92925641007754,65.14061912614609,55.043211126958425,43.839540527593044,34.659508671096326,26.844800693621885,26.402119031291605,25.382615142719224,23.35071819442546,19.386103596351507,14.010391341228049,12.391356608039535,11.94858417819306,16.526526083665395,-0.05802556932878035,-0.9983150972033183
2024-07-05 21:00:00,1.0,75.0,69.5,20.0,3.0,12.0,76.20658896526173,38.826309497888445,7.6076178147475595,4.947787494708273,55.6643193590439,57.507629190971855,62.49620080286855,68.89041953376132,76.21288547785569,78.37604860077754,81.6262332704485,87.90430113874363,88.90827541281537,82.79820511324479,82.61893171874746,83.24639872452873,84.47585804173741,88.81923806489836,90.02101144621037,87.6675818083147,83.44979770193504,77.53212348403,70.40713878054075,60.65607714478549,47.987876142369295,-0.07518957641475855,-0.9971692572470178
2024-07-06 21:00:00,3.0,71.0,85.5,19.0,4.0,15.0,87.19687542298927,44.15678728427288,5.483640000541885,4.978636446945785,80.82700367052587,84.1546298265316,93.34814649085585,98.99081117633632,99.62118804542716,99.36382986865776,98.43291894357168,88.65274300776153,80.57890445747763,76.77403286662614,78.07917581832328,76.6120747267195,73.13170482446152,74.3011547860847,77.84103400149141,86.59584828887292,83.14784125891923,70.37032227417224,53.83114987473564,33.52155423057365,35.56392882184555,-0.09233133369539122,-0.9957283388645872
2024-07-07 21:00:00,1.0,80.0,41.5,29.0,3.0,28.0,62.399389337971854,39.785890376401014,7.696943518418349,5.0563263264798595,59.27871181694175,62.476943129754005,68.25455230581086,75.60928344308849,83.56601446886772,89.90406051268815,93.9254249695915,95.23462858064916,95.93444945509579,94.76905737688168,86.26340287156789,85.46085648095217,86.80398133181313,95.78903300147142,97.90599505531823,93.70473544958935,82.01165475898901,63.67114404187285,38.175660659330774,2.226647203485008,4.516551592825737,-0.10944576864891556,-0.993992768446958
2024-07-08 21:00:00,0.0,84.0,65.0,53.0,4.0,23.0,51.115817511179365,30.890537282201972,8.165457295298662,5.0742236768516715,44.90570314211949,47.486870186156814,52.584921950664075,58.14807326802401,65.06329008943568,72.05373772002919,71.2132887831672,74.50833384476574,79.6942134823231,81.33828831157565,72.97301034252935,67.45553729794726,59.5505472972961,46.334284530386185,32.14697616346164,17.436510670307744,12.613656060487768,11.492136279189337,13.091649450314685,15.783437551934002,16.694781832471783,-0.12652781683868314,-0.9919630595773397
2024-07-09 21:00:00,-1.0,82.0,88.0,31.0,7.0,23.0,56.46565215030564,37.535312325070024,8.08827206688746,6.113071201020607,41.992286791274154,43.34363950188619,47.893123804145596,53.350487342809416,59.33860582057582,66.55473649779026,74.80798530129343,81.04449012929413,85.6630552101595,87.85494380027755,82.52472844597385,75.92200716574209,68.19883126646613,66.6937492799656,66.60843682291258,68.58450245028709,72.16958141920209,77.43557837101174,82.54922158738121,87.02589075659837,87.87570478489683,-0.1435724234118113,-0.9896398128792412
2024-07-10 21:00:00,-4.0,82.0,76.0,20.0,4.0,28.0,56.46565215030564,39.876671561748935,7.635403747356232,4.977544743239444,45.86684511930811,47.060529384137666,51.61407210046225,57.1663373122435,63.918826612671644,72.25530025781318,82.21657549345363,89.03352931317484,93.88635269437684,96.66195369065065,91.53236514173338,71.27567874836144,49.32671288624942,52.72320202659232,64.07733680294034,87.8688757182476,97.80154252921346,99.51803078711437,99.04311469794392,98.6925778717228,98.12704222908383,-0.16057454459499376,-0.9870237158387383
2024-07-11 21:00:00,-1.0,70.0,87.5,14.0,6.0,7.0,90.21564106074594,44.0646009778718,3.730708604122977,5.448091263537293,98.31072998924685,98.83696389401672,98.98384295312572,99.32717226061503,99.28844081432415,99.20225043711956,99.25254635305083,99.52888611090246,99.57811787977398,99.82062008574853,96.85396059068844,81.5118277605637,61.91621824593278,48.21193567319655,38.51291492839179,35.29493470564654,38.465011797396286,45.79257576160644,47.92320602807687,48.06766078171654,28.640861393257026,-0.17752914918703497,-0.984115542601034
2024-07-12 21:00:00,-1.0,77.0,63.5,21.0,4.0,26.0,79.0351509846267,36.84757881860226,5.558908370311918,5.049134723326373,74.67967943405421,79.3460972274261,86.30625357188117,94.46572693552233,98.05705725161788,95.7960389422872,93.98620945512222,91.23643959082742,88.22417797047643,84.51211555699608,80.53627959745509,64.75220542859851,48.009062843414235,31.61007339664349,20.161604619109195,11.506429801425199,7.478831128733498,4.484224983256534,4.603322514695767,5.450302534441428,9.22542691082987,-0.19443122004766195,-0.9809161537413774
2024-07-13 21:00:00,4.0,79.0,52.5,20.0,5.0,25.0,66.7498450197337,35.41135946720911,6.242789874140031,5.111869289212427,68.24033731162352,58.90992328229113,61.22817839184363,60.96649498226411,59.55710108421722,59.44444587253045,60.55464286706941,62.773470567216435,66.1493416900097,70.72073915521462,76.79385211578607,83.05126049447756,88.31463134000384,89.59602720050731,89.67875788408186,88.81467425763155,88.90753102849649,88.85887167884579,91.2246510399058,93.75219223645239,97.99172983090499,-0.2112757555821793,-0.9774264960104055
2024-07-14 21:00:00,2.0,84.0,12.0,37.0,6.0,27.0,52.931724665809284,37.08612085960702,7.894076358012319,5.004519187258755,48.57963252764954,49.47372283237648,54.309874534525704,60.184862372251146,67.1905755569876,74.73997083452139,81.6917875947191,85.10185770441309,82.96046316797413,77.04234333891714,73.60642512234968,74.24149762960872,77.27668307537436,76.49673657612645,72.34562464948844,65.00250509331876,61.47388739350953,59.00449785758353,52.880775917043096,43.17460242564072,37.96662733278675,-0.2280577712215198,-0.9736476020539838
2024-07-15 21:00:00,1.0,83.0,32.5,38.0,6.0,22.0,54.666524747331636,38.603175132728964,7.760430657020365,4.740752871109039,50.24980601059962,50.49891842743607,54.59117214791098,60.06839634850854,65.93770422438064,68.88145995445478,68.66638949171656,72.19261125737559,78.50573422422828,84.09645562529406,91.82785658223654,96.6741117146154,99.43199757449236,99.47569102722423,97.77064888540087,91.4369085706156,74.8221098066719,50.062304832959335,30.677162912941057,11.355481289890568,10.12293800694329,-0.24477230089725957,-0.9695805901076308
2024-07-16 21:00:00,2.0,78.0,66.0,29.0,4.0,24.0,79.11259678664938,46.745074594746754,6.406570785020132,5.1558886623449975,71.72180124962213,72.79901348620493,79.94850258393629,86.55212584936493,86.902933819951,80.80117891637057,74.0255163380975,71.92483882627978,74.00187516269908,77.03108522319778,80.58846665056336,83.66541337285544,86.57748530931234,86.5645563668357,86.69964491715983,86.30697813780593,82.58311718509506,73.56175729036775,61.96698381386413,46.146459172312994,47.860092626554334,-0.2614143985111562,-0.965226663665613
2024-07-17 21:00:00,-2.0,82.0,53.0,25.0,8.0,24.0,62.644407454277065,47.71533128123105,6.733148439629946,4.837349938853267,73.61967521976504,74.09373473425167,78.16550642580428,83.3139950122398,88.80506202281006,91.32445563463277,90.14781048956823,85.66987229458259,79.58639170908762,74.43372417729603,75.2191757450171,78.88593304856332,84.56782925184578,90.85848073892994,95.27593166913331,97.47718875105826,97.68120421596495,98.36189934939267,91.79397121996287,79.51679054319524,77.81417099410581,-0.2779791393987801,-0.9605871111248129
2024-07-18 21:00:00,3.0,80.0,41.5,36.0,8.0,25.0,50.5392550224599,29.27351378917462,7.668113921457375,5.58194382360201,56.61338410615452,57.47589876385454,61.481190447753484,65.60146467262228,69.60062372277123,74.7389672603647,80.65399095337162,87.19700989819576,90.26924703816579,87.35927447019675,77.0056422876225,63.453947802582114,46.99696146587256,27.339771465555433,12.204859829649092,6.55756266709303,3.9760025319653307,3.9397507260401574,4.824494242780855,6.353680970551906,6.6157368710055895,-0.2944616217868012,-0.9556633054034704
2024-07-19 21:00:00,1.0,78.0,6.5,50.0,6.0,27.0,45.08655951191887,23.28225961315578,7.81439337829105,4.884919868707714,44.687246415140386,47.302460888381674,52.31035702425413,58.16632842247026,64.69345353004734,72.52874301607379,79.64555340439529,82.42802328837222,80.47872039377863,75.89951240228653,73.1006707204479,57.35050381993252,37.28152609991412,17.63852131021588,10.282955156329947,12.759271741151078,17.55809602886837,24.28474525707824,25.81843163677855,26.128448565429217,23.52226120621771,-0.3108569682435036,-0.9504567035349151
2024-07-20 21:00:00,2.0,79.0,14.0,51.0,9.0,23.0,46.90289649083249,24.50981299153007,6.918295451730478,6.141269736963796,46.76269927506995,48.78576521385898,54.03058935813184,60.04641496059764,66.90948870164269,74.44305037588687,74.5983358535002,71.80734288267149,63.04327055691273,49.82141550823019,38.070525196813584,30.95632623065138,26.869190370690976,29.4439347451285,32.51327401126843,35.85482818443339,37.14506162976442,36.870681346868665,33.68608772485162,28.31158038171765,21.27959601840566,-0.3271603271220951,-0.9449688462364056
2024-07-21 21:00:00,1.0,72.0,4.0,61.0,8.0,29.0,39.456126613797835,14.863693056722235,7.021546770112962,6.513470224200259,37.566596791725864,39.82828061843097,44.31886947505745,49.51055524868912,55.53771200378601,61.803385941809644,66.42300187294438,71.53094931433989,63.15561561512487,45.498935798977705,27.8286948122793,22.351138642202713,20.37262256328091,21.143585496196163,22.099436451073856,23.18836769231565,24.008628523401534,24.72484239855792,24.89042165973614,24.52497672473264,22.614567100749667,-0.34336687399638804,-0.939201357453208
2024-07-22 21:00:00,1.0,76.0,13.5,65.0,7.0,27.0,43.164723830282384,23.302523620586495,7.8384307031657405,4.786073962034576,37.8074975462963,40.33230669149785,44.80455227366936,49.91873915213497,55.7931179628052,62.9884147294145,70.84682628738354,77.03003920356586,81.95063731718119,84.74584731227193,83.12859768524717,68.91495416938658,57.46379069839661,56.19522207118622,56.47948120705535,57.447945113148215,52.227076186820284,42.888136871500286,32.81456652527198,20.65100855067436,18.294766194445906,-0.3594718130884232,-0.9331559438780432
2024-07-23 21:00:00,0.0,67.0,90.5,14.0,2.0,10.0,81.06588268605375,30.738111840972266,6.434043481190188,4.9709480873023555,70.34178141378283,75.50265439090911,81.62830388899688,73.0908546282238,78.10211080311245,81.73191822145691,78.3570941352669,80.27725526373243,89.38968809568553,97.53767416361238,100.0,85.43843888598262,66.06797703528903,48.05399060050804,43.515911516467085,48.05158625670791,65.0327218921533,88.37315173075967,93.87913282029616,97.65407444210534,91.06492325765245,-0.3754703786876202,-0.9268343944460494
2024-07-24 21:00:00,1.0,73.0,50.5,29.0,5.0,16.0,66.06364883160035,32.07065748448677,6.564782020975258,5.581579278366079,60.911016996026454,66.13385193234457,73.51026806906911,78.26280433063907,72.7718801413878,72.0737517174113,71.12723632327655,75.50799996093353,79.33087410283743,84.85612319648388,92.43282931803489,90.65386027637334,91.09835056458616,95.50205848110858,92.99740844984245,85.88493379492556,76.88659678646822,65.22131126097445,60.41215586487721,54.93740209571438,54.45396480793166,-0.3913578365610259,-0.9202385798054075
2024-07-25 21:00:00,0.0,67.0,87.5,13.0,8.0,20.0,86.99311245324768,37.26515311453793,5.469693875423643,5.6082851721722085,95.45259570853253,98.67266165060313,99.15847457269876,99.15926313512003,99.5488484278528,99.1576077665032,93.65977687369849,85.48194884532053,84.45072214563012,90.59030652253722,94.65375728068821,95.3045642299363,92.3863901690681,80.34466674498357,69.29011050321931,59.51431675026689,63.24947746213523,75.93624735372246,83.83105993025812,90.3297143840505,91.67630019048913,-0.4071294853542516,-0.9133704517637858
2024-07-26 21:00:00,1.0,76.0,13.5,43.0,8.0,34.0,46.450538518744715,23.99475661991917,8.355080215951592,4.050717659227151,47.915832825742314,50.329264120507965,55.72810624086517,62.29596721886546,69.93730392258843,78.7296577233797,76.42939647848614,74.82168486721463,77.54936856167717,80.69103884499566,79.9880516728107,85.79826742406217,81.45995886238646,46.34341833714495,27.173774974266053,17.915343801553995,15.197500808537484,14.788156336201544,13.659502264084267,11.7152636836142,10.647375539154403,-0.4227806579826773,-0.9062320427107697
2024-07-27 21:00:00,-2.0,80.0,9.0,60.0,4.0,24.0,42.21952961285212,22.84985661944079,6.5426347598153045,6.1892156313014555,45.159870693784065,48.349333032665314,53.40835081674551,59.32414789005074,66.57980523206504,74.36720057526462,77.58934493699368,79.81326318964719,80.7100286208919,64.48030018296555,25.875911042679366,17.12465669754115,13.219862779521504,11.957461173824676,10.876941924992984,9.791785093931328,10.93512335311527,13.08001079675144,17.186890487421238,22.81446678044195,25.88535960978496,-0.4383067230125192,-0.898825465016444
2024-07-28 21:00:00,-1.0,84.0,6.0,39.0,6.0,21.0,45.99208513330199,29.98025153981172,5.88445625146275,6.776734553737349,46.32722539623451,49.719265743648634,55.08862046040348,60.9375177057522,61.63390080050173,51.75421350609321,38.96970224720312,35.09980476031856,37.533326454774496,40.99816476615843,42.59040932827529,46.76294696892466,51.18968487128309,54.667068404537424,55.8432435661935,54.26673054506853,47.64336652475207,37.84653484624892,31.471926176723542,24.37518893659538,30.202714567217793,-0.45370308603134424,-0.8911529104063088
2024-07-29 21:00:00,-1.0,76.0,45.5,30.0,8.0,17.0,59.752411670886104,22.62631797095073,4.642463020403628,6.121228045997473,64.4812095669823,68.8470461618353,76.45591198236772,84.87214198673037,92.28538573127135,81.99607551226852,50.61000709501522,34.78511233987191,24.91277676936648,17.560181859768985,12.397938366901515,9.98340537277333,8.41667453209519,8.111239671258605,8.160455997753767,8.523904153555865,9.27791614485388,10.265467715834777,12.767589072995495,16.24913308591806,16.781895490324654,-0.46896519100763184,-0.8832166493127127
2024-07-30 21:00:00,0.0,75.0,58.5,24.0,10.0,19.0,73.61393026416867,40.97945132360033,7.190658550936237,5.559745878281768,72.86490625557687,76.63567528886007,84.25360575494963,90.32893279220345,90.74237270277523,86.86814148578212,85.20329186948555,85.96923953135064,86.37128243218473,85.85616892778933,86.43980767662792,88.42724870303351,90.63548823813436,94.6737784551979,95.93147482459446,95.91469349345199,87.86080281313058,75.21899827812317,72.92343183782863,71.96363191779884,70.31011317634349,-0.48408852163897587,-0.8750190302029955
2024-07-31 21:00:00,-2.0,79.0,72.5,32.0,10.0,19.0,69.09065024657151,47.1261060391909,6.6453407738109025,5.130632871191457,67.33801344786626,69.93302328368966,76.88120051175905,84.81695231173573,84.3663463846463,85.69552928223364,93.2554620915124,97.49176106486108,98.35019668840445,97.93376998991991,98.24006863995477,98.7445595671242,98.80451382093466,93.81338427527717,87.60852273459221,78.86461255116328,71.03479993860581,63.00305312676808,63.96366452938448,68.74868343546613,76.59853751257306,-0.4990686026885319,-0.8665624788845385
2024-08-01 21:00:00,2.0,78.0,67.5,27.0,4.0,33.0,73.89609723059786,40.48820978042447,6.584613525404198,6.044738257886382,60.64959620805954,62.28039534061386,68.68667803641367,76.21053059124627,85.4676877502605,93.06786366206468,90.23769290912917,83.06768484784412,79.20329758572059,79.22592923815525,78.42705088711848,69.96668986986182,57.77201142417226,51.704246605717415,48.75576554953812,52.002197615732925,54.90621890713172,57.56893686287155,55.45981418298124,49.99854051916785,42.80749404477996,-0.5139010013093103,-0.8578494977869301
2024-08-02 21:00:00,0.0,84.0,31.0,32.0,4.0,23.0,54.804026317058884,36.836861877910124,8.22450544785183,5.314885086689031,42.236284431660444,43.78738490331423,48.245692811242805,53.32535861548281,59.284886856571575,65.95781162612614,73.42668476689856,76.33582218704392,78.87684811869678,81.57679643825286,76.50194966055317,72.74302415287003,70.0569397446056,72.7834428853248,71.87664447339398,65.94849350866274,56.28107014916611,43.33740009410349,40.16389969314628,39.804793514701025,38.65070319384543,-0.5285813283559292,-0.8488826652214553
2024-08-03 21:00:00,-1.0,81.0,55.5,30.0,5.0,20.0,64.7147091997061,38.086644589791455,7.149215579189441,5.1239479871675355,59.2873401548581,60.719509215308754,67.13800399098979,69.68176274628485,60.31100245352409,59.8985625459959,66.9027966244925,68.9101715419955,67.29748746237665,65.76729606760199,65.11420735371848,65.49694654531872,66.34764402942295,67.8670754984815,65.84753245348965,57.46207532638514,56.782252671225095,62.60197306934005,67.19672390563449,72.20593160482538,70.22171411601195,-0.5431052396834317,-0.8396646346181327
2024-08-04 21:00:00,-4.0,80.0,72.0,20.0,3.0,25.0,64.59707555210858,38.13342526995007,7.468275212905406,6.051800558450269,62.57088905942556,64.48495051799519,71.17959202259156,79.30629353705717,82.75272212006244,82.15923514813517,79.35795079716988,78.08611008325457,76.90135493420655,73.95209418094278,65.37060934721549,60.5784463182942,58.649393594885545,60.679825753014484,58.284564519872795,50.19508786702519,45.55573073298458,42.70385923979656,43.724484433541676,46.444366377321664,55.132629260993546,-0.5574684374327892,-0.8301981337405212
2024-08-05 21:00:00,1.0,74.0,49.5,39.0,6.0,29.0,49.659407487470894,28.735647728879837,7.754962475967647,5.341427691902988,43.31245705349256,45.28680227514116,50.185369697052515,55.776725472299894,62.14360296060715,69.50446808030864,72.73782452453618,73.45895720688283,73.48005302483602,71.48827380532039,68.58307647507715,69.06909362596465,70.67620674375583,74.85015736562603,79.17822630771238,84.3005860695445,88.63309176433906,93.48988596998215,91.73638991632973,85.76649347880718,80.47437453707377,-0.5716666713027052,-0.8204859638785327
2024-08-06 21:00:00,-1.0,71.0,75.0,53.0,5.0,29.0,45.687151586579596,18.998271374232935,8.496408777184746,3.4177301771033095,40.62815481003655,41.95801825862551,45.406836520938796,49.772053452779794,54.61850106022372,59.56431784725549,64.70750316038728,71.24500737486424,78.09350367139069,85.86532453262298,94.70100776757849,100.0,99.51299162474521,72.68131099219227,44.803677871200335,18.066440857928487,10.325439602559626,9.431948007431496,7.6757333218283,5.358552951453315,4.012020747143611,-0.5856957398073508,-0.8105309990194823
2024-08-07 21:00:00,1.0,73.0,17.0,56.0,6.0,30.0,42.69898982567596,18.90367300630452,7.813338517727935,5.221694158470403,38.2893390131346,40.66203642203118,45.128216482075224,50.205883075046366,56.09501201253354,63.25143248594486,71.12940851705841,77.16773720492627,83.06154352757602,85.26984729012754,75.59919687742519,54.95125150137689,36.375366270376034,32.446096873283224,28.292933429692813,24.0210100468242,19.396846155237792,14.009845111888517,12.062990825019696,10.636188822832862,14.65985920991134,-0.5995514915196489,-0.8003361849976323
2024-08-08 21:00:00,-2.0,75.0,45.0,56.0,3.0,20.0,43.00991391902142,19.789110550776265,7.329907402381129,5.268354717339326,37.791551021119915,40.87169308158511,45.397396141578994,50.56035461671651,56.21506528212347,62.32198816324912,66.39690839598198,69.87886822957536,59.67097382696461,46.458708007650905,34.133434699767434,27.004082887966806,24.16370329945139,29.152273583108613,36.825927396385936,46.639061708231736,49.56876991924009,51.297416974710465,50.02992971191797,47.97150389499506,54.587702375074045,-0.6132298262997502,-0.7899045386224707
2024-08-09 21:00:00,0.0,62.0,90.0,12.0,8.0,13.0,93.15833267030894,41.24255417361206,3.067648778533879,6.206582085485151,93.30507607428432,99.15407820386197,100.0,100.0,99.8748581040124,99.71018160154867,99.98298960511872,98.73903989562696,98.93601718446531,99.02562240198806,97.56790327640594,90.15390322253292,79.83291274637399,64.5098580095627,54.629304538309576,47.27952227031465,51.50723999156065,60.59914996210939,70.76861342132722,83.30252558212574,88.96093401890337,-0.6267266965083301,-0.7792391467859886
2024-08-10 21:00:00,1.0,80.0,37.0,44.0,7.0,27.0,60.26760290646864,33.518431865597705,6.678029208317298,5.463073320576733,54.07216501661141,54.913158904422886,59.99673891578381,66.78240987592947,72.2509781886117,74.86436056306351,77.44768317617071,78.65373785289155,77.6901773651767,74.84974698675329,67.22647203674121,66.88380306533114,69.595348244852,43.53687212268038,25.141027062884508,24.160847105707404,26.08558369590067,31.008152592088113,36.634612255856084,43.339141482023805,46.11848801236321,-0.6400381082043503,-0.7683431655492202
2024-08-11 21:00:00,0.0,76.0,28.0,42.0,7.0,26.0,49.95470109719074,22.80989697969139,7.548702609761137,5.188434360071056,48.12829281084851,47.603373348397696,48.76871117002346,53.392255975653136,57.95688415951072,62.26243504719244,65.8413582305515,68.23091635078266,70.93706517664971,74.26898365002494,84.1845886703031,83.59851516780284,74.56215952935979,47.923723720901606,28.907326942231087,18.895156667809744,14.148506913320317,12.156108599243671,16.881929560188535,25.631856519718717,34.20681279327185,-0.65316012232693,-0.7572198192083127
2024-08-12 21:00:00,2.0,71.0,33.5,38.0,6.0,29.0,56.99036732861668,25.07451164050716,8.384748395691224,5.12562537205431,49.453834257150575,51.08324361702024,56.94869957654951,63.504525851886626,71.51437135626581,79.89792439370082,89.53940798407996,93.6131847551995,93.60555352296905,90.53882597822863,88.28882028063487,88.26552267930704,89.59000251245926,89.61934335253733,73.46151278946482,40.97226781308368,28.08450009364605,24.04012176737912,23.056414050451266,22.71723348847517,20.744867067980714,-0.666088855860977,-0.7458723993404063
2024-08-13 21:00:00,-2.0,77.0,17.5,42.0,7.0,32.0,48.32381008232468,23.463908283485036,8.350593544252456,5.778744843164753,45.53027757864068,47.313494288683984,52.531873081512195,58.66709582212456,65.75636990888356,63.149660555358544,64.8670097886168,69.10031513426456,71.86177921055385,72.07748990665561,67.62972020319603,64.65705482963179,60.13106106071528,49.191749947767285,37.5501432933157,26.105921971570943,22.027789979201255,21.629844978915507,21.844064715540245,21.789993287353866,19.58459167108544,-0.6788204829862355,-0.734304263829602
2024-08-14 21:00:00,0.0,72.0,61.5,28.0,2.0,7.0,63.63694965420793,27.090869373801556,8.142571307274235,5.541857482196131,57.816421466643405,61.40865329337848,68.3096551902355,74.46328071511331,81.06703733277674,86.65460147908857,89.23174705923256,89.2718921619545,85.70968937142851,80.22360952150287,74.15035547560461,80.99135609829537,90.81585098151174,96.43187291000216,80.55242616340223,47.13536374294324,28.742572649014424,13.558384751230529,15.876731983490366,23.917991705505408,29.355952948924603,-0.6913512362094071,-0.722518835873311
2024-08-15 21:00:00,3.0,74.0,23.0,39.0,3.0,21.0,55.370380068334434,21.830649499126807,8.146211222076662,6.300504423975311,39.754538062222416,42.51959915337204,47.26185737503845,52.700370904217294,58.91607666880218,66.18990404061105,74.15013098277863,76.6535697244966,76.52319591057395,72.60098368076189,61.89065867173811,51.37617159140954,42.743622110376776,43.819097769299596,42.74375165302624,39.946772555779035,39.03169128010829,38.51860868549291,38.033413616468586,37.52351642790528,26.57392632070023,-0.7036774074790128,-0.7105196029692745
2024-08-16 21:00:00,-1.0,76.0,16.0,46.0,5.0,20.0,51.79248207523655,22.264845399053257,7.417440440716542,5.501616681062379,40.9979378477062,43.94584982408426,48.90384500204444,54.50439087556681,60.78020091684694,67.45746695432966,68.63642963825718,72.86914529337703,72.98314933861339,69.53735598842168,62.95893669718762,40.761019812249295,21.16792717920441,12.892365546788534,12.236526429424746,18.13950336801686,29.68302001184601,45.631869617700204,56.52473075155804,68.60908364884665,64.08815019331651,-0.7157953492826642,-0.6983101158835584
2024-08-17 21:00:00,1.0,77.0,36.0,31.0,7.0,20.0,53.83064226424435,24.549400769505315,5.911742289179847,6.4175734788221295,49.02670224559202,52.17199295128353,58.110841108215084,64.23413803414233,60.99001158243876,60.96387522979031,53.911040105435035,57.409368698070566,53.572978864249464,46.48606776666809,40.59135541506786,38.260866291050576,37.10848071013888,38.91872938104174,40.19409421897359,40.66354647157191,39.653384268368065,36.77509364614004,32.167146116825336,25.680204238497957,19.43055000870982,-0.7277014757264236,-0.6858939875998223
2024-08-18 21:00:00,-2.0,71.0,81.5,25.0,8.0,18.0,70.68691673630492,30.58518053433777,5.166630965255593,5.840804673281662,72.62227119547399,76.78206620069383,84.65351192981583,89.22670004399245,91.60242443628422,97.09273862319931,78.53626134783343,54.116945937456876,45.200801788416655,41.812328307968194,32.44688783656166,30.10739622939497,34.590963711125575,58.12511322306988,74.37601969046146,81.9727659932754,69.82311944772614,44.978933372780936,54.8620650249399,77.1808397404384,85.88699543504137,-0.7393922635959241,-0.673274892250183
2024-08-19 21:00:00,-1.0,73.0,75.0,22.0,6.0,19.0,73.42344683897738,39.949863637245436,6.164555074338918,5.510717272305959,66.68820285682209,67.70230739971261,75.34625062923372,83.59155796505739,85.82993424892452,77.96842205458422,77.89959599675265,84.0570201345891,88.50946407094547,90.24923566141226,85.96414537937206,83.94453727691395,83.39568035140177,84.46474593603192,84.13997681072512,81.8057035829597,83.10495988452396,87.88447158617893,92.28192011336775,96.59171001559554,92.46789225072091,-0.7508642533989489,-0.6604565640279754
2024-08-20 21:00:00,-3.0,61.0,87.0,19.0,8.0,33.0,83.60281986999829,34.01696920731528,4.1925902533828605,5.737634347157444,86.48027028543669,88.33198101545361,97.18521342894718,98.40223073706662,98.11292748914181,95.48230649498535,91.56774536635109,89.61248326771495,89.72098392135013,91.68817122321512,95.67384958444865,94.05359244181135,88.39333385484696,81.9605494635683,77.02049507671805,75.78934062307073,71.66473966639359,65.99504444439756,59.884512010970106,52.532961869228465,49.59474762552391,-0.7621140503891487,-0.6474427960827475
2024-08-21 21:00:00,-2.0,61.0,85.0,14.0,7.0,7.0,86.67847979175714,25.10503622088271,4.860569476843098,5.251010593753151,91.34025571582619,95.31339473244755,99.18097053530445,99.3427522543895,99.63341636225593,99.56915205246162,99.53762726660878,100.0,100.0,100.0,100.0,80.95546246835816,50.63504738989667,20.883744391842754,6.065119400237685,1.7875162344188973,5.480453926535234,13.99327910974724,20.210721243099083,27.52674965849293,27.077052602251257,-0.7731383255706026,-0.6342374393978054
2024-08-22 21:00:00,-2.0,67.0,54.0,31.0,4.0,18.0,63.01927907119633,21.70340513312256,8.322197893380723,5.5743414642312015,53.42968460075062,56.571940258482364,62.84260801401453,69.76275480825923,74.9292225966481,77.17305487922722,79.01614393490897,78.87975570590949,76.6016591845969,75.71125100477765,77.35560686638291,85.76141066305163,94.5154315789828,99.71131374534976,85.21841128993479,56.72675650530563,40.20890194871058,24.16295443037892,23.130166406520242,24.99815015314727,31.16802741604437,-0.7839338166829201,-0.620844401650647
2024-08-23 21:00:00,-1.0,69.0,29.5,37.0,7.0,29.0,56.7155758436795,22.23373767033613,6.666221203100094,6.073189738837256,54.70888775618893,59.60911152928106,66.30488821660853,74.41726805627998,83.33966503540596,91.05628802850293,91.3417499342288,89.28972177000249,90.23751826630802,89.97860690141867,84.37799206905252,60.77999970513122,44.365799531510156,38.81457562336356,35.874159767420196,34.333477665681414,31.225676950418357,26.308614705015742,22.312942083668204,17.337835209717458,21.430043568099812,-0.7944973291665992,-0.6072676460566135
2024-08-24 21:00:00,-1.0,77.0,20.0,36.0,5.0,28.0,53.83064226424435,26.640622724182965,8.067660541764338,4.979088862639088,47.271704220462055,51.22420272901256,56.56375727872537,63.17219040411769,70.11991861572872,76.31150000557109,72.72902393297849,78.57824781576547,75.21732403158299,69.98257216978227,66.91248235868794,67.82010156609293,64.87685572743874,54.21609544154562,43.73563222890293,32.98088588930088,28.292193403169403,24.732666066421274,24.675906941175963,24.989892737818835,25.274499119530457,-0.8048257371083452,-0.593511190196115
2024-08-25 21:00:00,-1.0,78.0,34.5,47.0,4.0,23.0,52.080362399061585,27.043501789288786,7.781865013605572,6.290242590812032,41.13592770400893,45.07186725071775,49.947080124377045,55.48764928443762,62.20330205010976,68.88377377651916,75.40683293711822,73.15968112108983,70.99425125368055,66.24503290228012,58.23550118026374,54.607510152167485,54.05778144470651,58.9510472499725,64.21778046527821,70.09397428770619,71.80230465528622,72.05854391865981,70.1340097363066,66.15562579514118,55.524560573030655,-0.8149159841660791,-0.5795791048257612
2024-08-26 21:00:00,0.0,76.0,36.0,33.0,2.0,20.0,57.667789107835034,26.47391775848276,7.5704609378564305,5.769907062318489,58.060563632390014,61.21387893442214,65.8548025616638,67.72922114353031,68.05184391517972,69.94292057175515,70.47832485109501,68.16229570119894,60.77804060995249,54.526422704857794,54.34576836436938,57.65095821100108,60.00975086272099,60.6502442489818,59.670746519253996,57.62097700278927,58.70381465621847,60.841408602920524,58.85178918435196,54.199135408900666,46.14921428228214,-0.8247650844733614,-0.5654755126737576
2024-08-27 21:00:00,2.0,79.0,22.5,28.0,7.0,23.0,52.22353196842017,26.063004271737665,7.419182768348869,5.073834967921955,45.64052420889906,48.32819633192788,53.59544061197502,59.761720754313075,66.28139513888485,71.27596920225055,72.8126555251454,71.87234607055956,68.58097446310497,62.30580046067771,55.147084868752195,46.75580900026436,37.81150104273915,30.392369985787166,25.11770980701103,21.810378343823075,21.358050527581586,21.809747804061367,24.79162341151947,28.947969071875505,32.91704751802215,-0.8343701235229537,-0.5512045872199277
2024-08-28 21:00:00,0.0,64.0,19.5,43.0,11.0,34.0,56.01890312789417,13.005734251577644,3.436585345772087,5.949055326518392,54.56387002765739,57.96878391166121,64.9959616480853,72.8729349133232,81.61378629050418,85.41935525275294,78.64054132508758,54.98606975039182,35.86627813292085,22.65699395816342,13.744007991612477,7.7326381344563755,2.927879324309342,1.0752065041646295,0.11485256262754842,0.6534426934053383,0.7870403295915133,0.8744462292285217,1.2159025206623086,1.7443186548642533,9.536414086083113,-0.8437282590292712,-0.5367705514607103
2024-08-29 21:00:00,0.0,68.0,2.5,35.0,5.0,36.0,43.54099847976219,12.45852820582616,5.199989042603394,6.7150689070221015,38.70407379945888,42.96979595714861,48.085394744236204,53.739493500272125,57.630663162746565,52.45366447595593,35.91421594078203,14.028893668195055,13.343928939356317,16.240904397320787,21.231985213408542,26.46142247287199,29.187916196956863,28.627615829549736,26.097282313421992,22.149324149143872,20.55236158665422,18.478369077853017,21.643662974099215,25.613496839289983,30.55428336945435,-0.8528367217694595,-0.522177676659508
2024-08-30 21:00:00,-1.0,72.0,2.5,37.0,7.0,19.0,44.16467907446139,12.234058108994788,5.501828462039346,6.139567319910209,38.16989935376478,41.98999277544804,46.905898512887774,52.36032560247865,56.59653710427026,46.821455158949206,21.99383111316587,11.673953095616707,11.853855053026352,13.468326915799997,15.774978825538785,17.5263889225841,17.986837763139135,16.63059282271071,15.223874913036056,13.639090691896753,13.867491525970246,14.332857177517036,14.059595794640328,13.468166407672527,12.074514644225696,-0.8616928164028521,-0.5074302810827518
2024-08-31 21:00:00,1.0,70.0,61.5,28.0,11.0,20.0,65.71339318037325,29.81103880088321,5.200468576121116,5.541290763961985,62.124636926022866,65.80892185271067,73.68493512831459,81.8144300721417,87.47474746906589,92.64074583059974,90.79053779985858,71.47483436428035,55.68984546467984,45.769510000963884,42.227310864549324,43.399159985726435,45.98712002944455,50.682090044460956,50.97267582892505,46.48742688902024,46.42757493932162,48.26871781270182,62.24729990126332,83.83384846645487,92.6409110404404,-0.8702939222685674,-0.49253272872205434
2024-09-01 21:00:00,-1.0,73.0,56.5,21.0,9.0,19.0,76.03184026638034,27.452340497921835,5.20795937664272,6.535599205299006,75.6400244405994,77.09071302886153,84.70540647580698,86.91135496847305,86.7871258268379,82.98636762219668,72.79140731251618,65.2881566465886,59.67336341933533,48.93529768783157,32.049819674863514,21.242823144319825,14.534164693189561,15.060936194927008,15.867244560939453,17.219908822643216,19.20672941141316,22.145336606960694,25.184449909745332,28.648481500625046,29.971702310790597,-0.8786374941610001,-0.4774894280028391
2024-09-02 21:00:00,0.0,65.0,30.0,47.0,8.0,29.0,48.30547325428378,17.092841716527325,8.344137876168089,4.572846922754794,46.743511904211545,49.15957389485289,54.62887645215155,61.205862472423554,68.67328359378607,75.16177806232056,81.70041922536927,88.60699546306188,91.81325176176946,90.81784078893646,88.37404292708027,89.77487940399602,84.56439174249105,53.05523565531488,34.85163529642248,26.861330966356434,24.10900042652539,23.927207895131904,22.53562661918826,20.13431111404838,17.067696195327116,-0.886721063082993,-0.46230483047981086
2024-09-03 21:00:00,1.0,65.0,6.5,60.0,9.0,29.0,41.43795063649969,15.623241399751182,7.436589105430106,5.97648536789086,42.267123791303284,46.510866054385986,51.96652058636552,58.21920241351791,65.5972505857994,72.6627252907423,78.14987166372731,82.38989854211938,83.20956191603848,82.1656722841949,78.85186390554136,66.20694573473921,55.28351552250348,45.663579864138256,42.26268583069707,42.10243482610408,44.32442470491724,47.69460086784111,47.66309265182021,46.57457292078047,43.813155514402254,-0.8945422369764496,-0.4469834295196741
2024-09-04 21:00:00,-1.0,74.0,13.5,28.0,5.0,24.0,53.405642578269166,25.00025089532968,7.326732233098927,5.313984582285517,46.490909455839166,51.452501534565776,57.561878345588426,64.2248311943296,71.20464912575133,77.5169822975077,81.19396650742057,80.44136581852861,78.67588621596242,78.69514486236992,79.16338140247294,75.7374007725616,71.2735989557745,66.07381176838707,58.360810863721944,48.90310285776602,40.796357868929604,30.833024152117133,26.555759382744526,21.426753513145798,20.588125423482747,-0.9020987014301837,-0.43152975897147144
2024-09-06 21:00:00,0.0,71.0,30.0,35.0,8.0,17.0,54.95084226417701,17.565883844722563,5.8189931323826665,5.864120494564065,57.739358820309874,64.10129746647016,71.11050482044615,78.05670975364339,80.69488966043977,83.33075129332556,88.88408369201869,56.165342332048475,20.312760105439697,6.054143683735659,10.925954212655522,17.25992339075996,21.350237677291574,19.944945838902814,17.477313530469896,14.00426329177599,12.403868251405022,10.761132431919544,8.92658472867776,6.615416605519937,6.078952504428811,-0.9164086366943458,-0.4002439388573056
2024-09-07 21:00:00,-2.0,62.0,92.0,12.0,7.0,3.0,86.7316845637647,42.999647315127504,3.3511353504194044,5.5007415013135255,96.41805141999322,97.85058609335024,99.34378554643276,99.44152088533457,99.53321661307497,98.42482200180828,98.02421739455015,99.3277166615369,100.0,100.0,100.0,100.0,100.0,100.0,100.0,100.0,100.0,100.0,99.94002755060956,99.63109298958611,86.93036699369713,-0.9231578729647039,-0.38442104726885545
2024-09-08 21:00:00,-2.0,64.0,26.5,49.0,8.0,25.0,50.021541953978435,14.988602749900451,7.298034551613203,3.895415610739442,42.70189367129182,43.97421980464848,49.02989954306854,54.779585305606446,61.499760049947994,68.94124038969555,75.81225649244514,82.42724912179524,88.51778481619962,91.88460750969145,71.86272033813577,49.026899483828515,26.795631434098688,18.02674944411632,12.07789707117907,10.520185706669839,9.697774572263652,9.422349343187397,10.875334078973342,13.260045831703582,15.999007866816658,-0.9296339319682695,-0.3684843993077793
2024-09-09 21:00:00,0.0,66.0,24.5,48.0,7.0,25.0,43.226431411633484,13.936528108403252,7.09847692535983,5.314038572138456,32.85784952252557,34.212559073054045,38.382535764489226,42.89924930091455,48.25881414640693,54.50321460559368,61.31348006294029,66.24684975645944,63.41607041435381,52.7261173785329,43.101228529335096,40.06465986781563,40.00243076903473,41.22208299896803,41.79761063289113,40.99228213514134,40.940034182448734,40.80565051149357,42.25511857419042,43.983922349895884,41.087048796145304,-0.9358348973349941,-0.35243871088460327
2024-09-10 21:00:00,0.0,61.0,70.0,24.0,6.0,31.0,59.96347060974499,18.06835091054629,7.188810223967604,5.206566264024623,63.814515230329704,68.13189077075272,73.14844604261174,79.01536005961832,83.09038356862875,83.44249484507755,84.37314136451722,83.23283127284907,84.82643562606532,90.16127234681328,97.7588215816382,93.57858229082518,80.29230673060931,52.2368188405128,33.61328312743188,21.7756528483482,19.389025205296097,20.50176877936749,24.49886292155197,29.978724804642603,39.712568612168724,-0.9417589340994617,-0.33628873017668287
2024-09-11 21:00:00,3.0,68.0,4.5,37.0,4.0,30.0,46.96300291239815,18.158821795775957,7.021488465503942,4.513067098223737,37.747379269597054,41.10535468856693,46.03506851319578,51.7747355942418,58.17757694720023,66.16809252872336,76.36075788564243,84.16125194102382,86.78342390685368,84.8472988714762,79.63974734814035,67.75720789861343,53.8604821111504,38.35675465122395,27.930577266398704,20.186971599795374,20.468927316392495,23.01656039600239,24.633945893882743,26.423701638231474,21.246400802621075,-0.9474042892438845,-0.32003923622313857
2024-09-12 21:00:00,-1.0,74.0,45.5,23.0,3.0,24.0,53.405642578269166,25.869616663170454,7.241743354173859,6.2022433632365095,42.63382376464184,47.12075343304797,52.111665771460956,57.433781197298515,63.297008092682795,70.10850724562462,72.32554825515153,64.7004212822159,58.14589151620875,56.37881729719763,60.18805796501378,61.58798384405066,64.32097493217827,69.16369838744279,79.31184274432199,93.41531720887981,94.74570897322275,93.27304837118659,96.30001880992276,98.72923728140978,95.44041033755735,-0.9527692922168511,-0.30369503751065885
2024-09-13 21:00:00,1.0,76.0,21.0,29.0,4.0,34.0,57.667789107835034,26.64932018601733,7.877923168785672,6.007333777889847,49.01985416019195,53.55544404724951,59.44933963591992,66.17837796747641,74.13099932986817,80.94709506228277,83.32349899359102,81.94992726570688,78.45687127749498,74.94681852033034,72.11177035249027,72.01120517207772,69.59594431648436,63.86431444159736,54.70204472493925,41.38567021823053,28.5751042469766,12.95042117606235,8.013197330175124,3.2699775599337184,6.0924066710056906,-0.9578523554276669,-0.28726097055059635
2024-09-14 21:00:00,3.0,70.0,13.0,27.0,3.0,36.0,43.853748005167624,11.77317932275779,5.810812516689674,5.839715841221271,30.130639301772106,33.538134904243584,37.40248335004925,41.90273374171954,42.29791323919859,28.70990911094099,10.09026716247057,7.192635880628126,7.869756955240913,9.109208660971147,11.206507231540925,17.53014778361676,25.332373374550503,35.00629442915438,41.099157162793475,46.64314831587202,48.41682285582924,49.51483931276257,49.485233048136095,48.859962562593026,47.90705117799957,-0.9626519747161487,-0.2707418984477642
2024-09-15 21:00:00,0.0,76.0,4.5,18.0,4.0,23.0,43.164723830282384,15.55941756743252,6.487490950503807,6.043892424062909,30.078713575641462,33.23186470495132,36.87709264044235,39.039999694580594,32.670252426064934,20.73900979556938,12.669002680348873,16.514678756882223,25.950685639895156,34.2875854409727,41.740005026259844,47.05606763893282,50.996080545279774,52.168486875870734,49.24298674569254,42.84005612924306,35.30175056160586,25.516440988186815,19.232888463971456,12.20255638396664,10.62943384215854,-0.9671667297977312,-0.2541427094613622
2024-09-16 21:00:00,1.0,80.0,4.0,30.0,7.0,26.0,50.5392550224599,20.750293548568298,6.988734573448806,5.984425312870357,41.325808178657134,45.30203704238072,50.40008696845402,56.328874389206284,61.78163244294588,62.585245044928016,53.247544478757305,42.851735440839775,36.02614329533826,30.250536169500585,25.015691700057825,22.672910854556815,21.300183621832502,21.647793713709117,20.973963400517103,19.545841667641632,16.205555676832535,11.639424277260556,10.825298501477215,10.513470749507198,15.35608991821183,-0.97139528468375,-0.23746831555846842
2024-09-17 21:00:00,2.0,81.0,7.5,21.0,6.0,27.0,43.93224403295816,16.280649319958663,7.285124280290211,5.62928026278263,34.56743688267688,37.34824334636025,41.316959756237424,46.05052527906459,50.967536874404075,54.09803205369715,46.27514668503985,32.28539825118878,23.353386107504743,18.552772332814726,17.30799303758028,16.140876293031713,14.607594816890149,12.812432810175595,11.444439358332644,10.276980048763763,8.933687248699423,7.391891555620464,5.624569720749778,3.226782976746033,2.62172522066675,-0.9753363880767837,-0.2207236509605022
2024-09-18 21:00:00,0.0,81.0,23.0,28.0,4.0,25.0,47.20211083448106,24.34255722437135,7.26595911241546,6.010651799009264,42.365725054703276,45.251230434891404,50.08405776290371,56.1118594705536,62.60240970237354,70.0389538459415,78.80740889876235,77.90142786092187,75.18820729417183,67.2494754567916,47.26259461045478,29.250844738813047,15.050593401640791,10.065939670441209,7.0880144430824314,5.75349087066871,4.769610133981279,3.692761850526875,3.3719564944366383,3.0545420454233603,3.4915844383565813,-0.9789888737409319,-0.20391367068311472
2024-09-19 21:00:00,-1.0,76.0,74.0,24.0,5.0,8.0,55.64738458327223,28.595904862057633,7.573212234259264,5.138846513058423,54.94063406790286,58.445406684433564,64.3199665952452,67.23915207372507,68.92610981904309,74.18632960514708,81.52733864555456,87.87767753724215,90.4963739629998,90.87293462361264,93.72432450567231,67.10878220864093,36.120044049671876,28.715281376910223,27.840553306349143,33.181137242352555,31.906400629645848,26.91214439921948,25.195800496320437,24.07354598779403,23.324950776405874,-0.9823516608469237,-0.18704334906991657
2024-09-20 21:00:00,0.0,66.0,71.0,31.0,7.0,7.0,52.248935377409744,13.859928135759038,4.830710237709658,6.2217881305079095,51.49904202765472,56.30165279741325,62.96843673977227,70.87038960574984,79.02761831062155,82.30508556003765,73.83203328093823,44.88035168643065,27.73805345943952,18.781860183894867,15.349102180940012,11.964475946719254,8.557268363450714,5.558772208302806,4.370389107112066,4.214968666944766,6.242066589426418,9.401882278326426,11.135634519930043,12.79937242220068,12.672049262507576,-0.9854237542919524,-0.17011767832049052
2024-09-21 21:00:00,1.0,65.0,70.0,34.0,5.0,7.0,52.101930601801186,12.78442227717398,4.466963068280576,6.434010957928774,50.596540169848225,54.79016644353071,61.39256519504983,68.96473722920571,77.66969108710899,86.80763759019706,86.08003688468546,51.59793743484439,27.10881169113047,13.960240924525397,10.012649010440477,7.0693238525287665,4.951825114226882,4.6579266366503225,4.622111005663327,4.71866313308481,4.834383993299104,4.940910282161001,5.614787780214007,6.538342861793126,8.758045292376488,-0.9882042449941422,-0.15314166701312007
2024-09-22 21:00:00,2.0,64.0,29.0,33.0,5.0,9.0,56.01890312789417,17.32942474051345,5.500380208718942,5.311548030636194,54.58152283647794,59.54266103618887,66.60535443049164,73.34603480106836,72.06711638773302,74.86142565056424,77.79388280221177,82.58406305666594,91.47773997612015,95.50041656258975,89.87329905168087,48.68597488901778,28.355541446769728,27.237827715376934,26.744365146304144,26.164247403172062,21.44108064040767,14.625926984517058,11.763266222783054,8.585833501696063,9.71376439469578,-0.9906923101615609,-0.13612033862266704
2024-09-23 21:00:00,2.0,62.0,53.5,30.0,3.0,10.0,53.66277542833233,13.083692449994489,4.60435391930928,5.83678617874561,48.22680291647992,53.00390303646652,59.30146802233489,66.58241263625237,75.30436732238415,83.30038614884806,81.30651644853337,51.30950130307447,29.982394143145257,18.509470280499237,15.007574643492225,15.638156554028113,15.477064054810599,13.721393654801261,13.700954944308119,14.733431076412154,18.271149470473567,23.27809080547567,25.92484198421677,28.29740981977381,27.779005501508223,-0.9928872135356962,-0.11905873003404988
2024-09-24 21:00:00,2.0,63.0,6.5,34.0,5.0,9.0,51.80629485881768,13.294728992144467,4.190541393737469,5.6468954782675,60.21313493145708,67.33660575436186,75.68594888000528,84.89923319299339,90.81163016717353,73.43943042206654,36.310537358384806,14.166001327135419,10.313668393064052,9.261960338673727,9.491272017249653,8.284013714404626,9.179372277308797,12.54903305111688,19.740000703581433,29.43733070958505,42.69661224043478,59.851190994898396,60.90215760754353,59.811591325324386,42.306902817005096,-0.994788305609327,-0.10196189005174576
2024-09-25 21:00:00,2.0,61.0,83.5,25.0,4.0,13.0,64.63310849589597,21.495723865070644,5.270143109991808,4.775586430065836,54.10138110311748,60.147371807586104,67.2187459875771,75.05180085087065,84.0612122436017,91.96545398264193,88.21524168790977,65.09795546061355,30.91789293263038,15.494785325874497,12.496035371332203,27.965652011476205,48.963639077169255,75.64875988549564,89.37953402634932,100.0,99.84671746011952,98.87901543253221,99.24724626995321,97.45579657165594,92.68076211580356,-0.9963950238187231,-0.08483487790576538
2024-09-26 21:00:00,0.0,56.0,92.0,12.0,8.0,16.0,89.64338408881606,30.907265763262824,3.9691659470995573,5.24503260519639,92.91483408272208,97.13875761692748,98.94351000246381,98.3837538587918,97.22841121446594,98.1003054205339,100.0,99.17266690366279,98.8826452600146,100.0,100.0,100.0,100.0,99.58349237435145,99.71690395381337,99.74590912649703,99.82845486840945,99.46181655828472,94.60180119231595,87.2085036603725,75.81396711844116,-0.9977068927101168,-0.06768276175455162
2024-09-27 21:00:00,0.0,63.0,56.5,21.0,5.0,35.0,75.13039357925139,21.919665988434467,5.716045890983083,5.454844854464133,79.82501260402907,83.530862630165,88.30723026022794,88.66963079637125,85.76609646806202,78.20920435072303,79.66730572615414,81.78182406123126,83.93776587398271,83.10009688503645,76.51912599498495,65.13485626828559,54.61841247427483,50.58620353485275,43.87100648344574,35.225742326989426,28.52469561903724,21.989119621710536,22.35149975527648,24.525755843530135,35.52920670790157,-0.9987235240803972,-0.050510617185222886
2024-09-28 21:00:00,2.0,63.0,38.5,24.0,3.0,36.0,64.87706300814675,19.247861543860314,4.292812059470492,5.70644691230105,59.58753200766764,64.06642777456028,71.90796357742018,80.07647486276625,89.67503204575897,96.06833806290874,97.99294827618942,96.71462523391013,85.36723636217893,68.78150616315637,49.97348260449612,37.697872982333045,28.679659236228822,23.593554702799,21.423616225562835,20.86994402453051,20.840178810733573,20.723421655696402,17.60433681559466,12.985470907414944,12.27043107933988,-0.9994446170919858,-0.033323525711631344
2024-09-29 21:00:00,-1.0,67.0,33.5,17.0,4.0,25.0,60.7543368911074,21.581103131456846,4.682831706985434,5.411880479730608,65.8511627406254,69.30769504079394,77.14136941997228,85.0205839499329,94.05958931422676,98.62528870508918,87.58571406378441,70.6490333674527,57.371109867030924,47.47223485159914,39.80730306772609,35.74454710060278,32.31253896369,28.811106723465308,23.20364537191824,15.446529596234736,12.449897716262846,11.256349920564222,14.488134444103522,19.967539496564353,21.40959611063456,-0.9998699583618592,-0.016126573270657762
2024-09-30 21:00:00,-1.0,67.0,2.0,17.0,6.0,1.0,50.47135080410152,13.14954526849756,5.252433154071668,5.481736423996099,48.002756205017754,51.866421398816534,57.47624791205267,64.29070753522275,68.85648500397397,61.82849586520894,52.244987761268334,41.934421285899184,35.679241225027155,29.420240131499074,22.107631896301104,14.749297617082282,9.383744114429007,7.501621886712741,7.538589605050737,8.69937686229693,9.893687751024922,11.248196490967132,11.22509367206484,10.596789812424303,11.931165530581318,-0.9999994220246925,0.001075151282798226
2024-10-01 21:00:00,1.0,62.0,21.5,24.0,4.0,10.0,51.657661196293624,14.393872706619666,4.161313189745272,6.017986034087052,50.41365853854373,55.8178510448354,62.50699465479234,69.78244756927458,78.0721371739631,85.43654339010878,87.42784803455713,45.34587898787768,24.167517600126864,16.055681848085047,15.968707172810362,20.75559508708752,25.733713814784515,30.655432064963005,33.00568609437972,34.01938850559304,32.68946853653155,29.83132721499522,27.018798131046463,22.82397368031382,21.248290425006516,-0.999832969770105,0.018276557681691223
2024-10-02 21:00:00,1.0,59.0,80.0,20.0,4.0,17.0,55.30818812306261,11.959770223735493,3.8311095049790405,6.414086974881333,53.028554156989706,56.92408241178737,63.38436451949533,71.33872744598762,79.64180993254767,70.03506653967786,46.10697166700653,33.14049787718739,20.606343626324474,12.33198162242606,10.816685496347226,13.599741146693589,17.390670840848244,22.129602002224527,26.098356180798554,29.60004336523895,28.831346026377076,25.918585173187488,23.58985326725793,20.561473057658436,27.33644642106131,-0.9993706508539969,0.03547255575312556
2024-10-03 21:00:00,0.0,64.0,34.5,20.0,6.0,20.0,60.361457330669865,20.45545802656131,4.314182939473022,5.62767863707877,73.24209709717475,78.12258410379968,84.73982679530388,86.62395424965501,89.10668653784148,94.1984640676159,91.56299581326289,56.020262419416056,31.316843545938116,22.019769288740505,29.072488422390947,37.110871774853635,44.54246547860352,48.92128746626304,51.110056341986656,50.758059351881045,46.908980329080904,41.210683566224596,32.16895575436907,21.020367485127768,16.079874169866233,-0.9986126020839734,0.052658056924614005
2024-10-04 21:00:00,3.0,67.0,56.0,19.0,3.0,18.0,56.438576379041464,18.626682266372434,5.453952899174562,6.796664494115563,58.842851147479344,64.85236216281902,71.54938382182698,67.41058304676166,59.94452331862183,54.137633682184436,51.65088149885606,49.596766882063775,45.50407862263664,41.22993609980594,37.23450701260195,33.47442777337842,33.55544941713881,39.76943146826428,44.517017218522476,49.24422115698789,51.590539456813126,53.58363235026261,64.73426600807723,78.47625212807715,78.36316646773285,-0.9975590477788613,0.06982797572987089
2024-10-05 21:00:00,1.0,56.0,88.5,14.0,4.0,34.0,83.27545387978601,23.36005377411981,5.7201867424469475,6.2363357955928524,85.59120160787354,91.50561395299675,99.27764698228017,98.51958711728507,97.91300443234557,98.7808443268107,98.2586172028214,96.55666853832479,93.96731332603875,94.0242414736314,96.61664870858337,98.71628519112244,99.5470158965371,96.899288739757,94.15565597770407,90.65742233712231,85.57677720537524,77.38997854218044,72.8794651214564,66.28212018599254,62.232503871817066,-0.9962102997023297,0.0869772313136861
2024-10-06 21:00:00,-1.0,58.0,62.5,14.0,4.0,9.0,74.66171995626145,18.533770612156705,4.433955957947636,5.3382293987311265,87.91260360727667,92.92241859776638,96.43522316742522,97.69814887396694,97.96485546367906,99.34068952099862,99.39787505762715,92.22007856910452,79.63544237581043,68.75447173784983,61.03303089304628,49.59326268992556,36.36163505894678,22.19651454522039,17.43302230231073,18.846758511007103,20.15999600340014,21.772968663856574,20.27767887569717,17.204342879428307,17.556122000505134,-0.9945667569706337,0.1041007489354256
2024-10-07 21:00:00,1.0,55.0,90.0,10.0,6.0,15.0,86.35261964881244,24.048644995286168,5.615756230523034,5.740367670620318,91.98215412994098,94.60534612574116,98.36807930958949,99.20083183378287,98.44730310073147,96.29353991589586,96.29880241656934,97.9980349379732,99.125232148793,99.89492419390405,100.0,100.0,100.0,100.0,99.89395426355789,99.60206285660657,99.55293062059319,95.59447431047353,74.28906620441806,40.11824450393681,32.28256869686751,-0.9926289059345095,0.121193461470736
2024-10-08 21:00:00,5.0,51.0,51.5,18.0,5.0,32.0,71.19580770255536,10.118455081583235,6.260302435598346,7.054239795473666,58.08274693956026,57.382650517549564,60.221238131714685,65.48531943103309,71.40186427931343,80.03768596474985,83.47556044877624,59.8343775131963,33.97481449677732,22.671964885407174,24.328875635015706,23.61959294217188,21.630567918981384,22.60159745981817,25.15541772174924,30.412997255417125,34.90261847879416,38.4205691280858,39.67167087855176,39.27351053067161,35.52118639278599,-0.9903973200352558,0.1382503109109819
2024-10-09 21:00:00,-2.0,51.0,69.5,11.0,2.0,27.0,68.50042710539016,13.782365043140432,6.7383799900273855,6.4480861342476175,75.2722519333961,73.12941141070895,74.45241039711195,77.87251969487198,84.5322890145526,88.66547717131004,87.75215651109416,87.57657784692921,89.3336898279689,91.20571384028096,96.31779398453543,98.15164823529594,99.21355247078566,90.51660480124592,75.05059315269611,49.13002340930802,37.151267629574704,34.56309591579752,34.6531427888589,35.9284419118101,41.959499383545236,-0.9878726596350429,0.15526624985999563
2024-10-10 21:00:00,-3.0,49.0,56.0,24.0,9.0,30.0,65.65067581632282,12.608888439727286,7.229744128125035,5.761335346497698,71.25781276772048,72.38689723636863,77.78615915084877,83.38445340474372,86.79994021909904,91.9652228636747,93.69917412490182,88.92377682484506,83.97501372198066,84.40307408259056,90.57736481222231,93.19303700617803,91.59092707702177,80.50114097755815,68.49955880063504,54.33126442823678,44.17467285573031,35.39055146704958,29.933676758792345,24.277364616140932,23.786950509897228,-0.9850556718215013,0.172236243027682
2024-10-11 21:00:00,-1.0,54.0,38.5,24.0,10.0,29.0,54.58319207123542,15.854595680360543,5.382193681120668,5.6903873259483735,59.8849803389834,60.54990937572359,66.85762655958256,74.24587577501724,83.06365510513669,92.88812971188948,99.11481661245016,94.50794328458366,81.26725867990785,65.62844574153497,60.134085232013646,59.42964862301054,62.25011730489766,63.916059658425716,64.62059184457081,61.79164775790436,57.87715234600229,51.918044694526344,45.45865247756591,36.97357171272588,33.773622905528,-0.981947190186646,0.18915526872004093
2024-10-12 21:00:00,1.0,48.0,65.5,34.0,14.0,29.0,55.896288937760055,11.42177902389577,5.363130365549037,5.9712356753336,61.80567976318018,62.44857330949625,67.05215920472804,73.76199695670977,82.43196211545687,91.92745692200191,98.267482914661,100.0,96.53810331770293,88.50586340320736,73.01763917238922,60.709867056089585,49.56084865650132,43.46173141061391,37.12426335457403,31.640439639286296,26.18178576336174,20.98834813404768,17.800793637472463,15.360896781512398,15.208074931824921,-0.9785481345802031,0.20601832032517084
2024-10-13 21:00:00,-1.0,50.0,22.0,19.0,3.0,31.0,51.874970116438256,10.790324554689308,5.878802058288154,5.123880683893926,51.35267223189756,53.962242084075385,60.53021554226958,67.6228220001536,75.79751707785996,84.43461255735434,90.48108115410668,66.70479959736004,38.76061398421014,19.559584148410632,15.019018047607924,18.87917439019836,27.560609434192173,44.351599940463906,58.64353123041881,69.74107320468896,70.75518332420697,65.25916727470586,71.45679506682508,81.25842120743285,83.62969423451761,-0.9748595108374125,0.22282040779479959
2024-10-14 21:00:00,0.0,46.0,89.0,11.0,8.0,6.0,89.20400163714942,18.97905009077422,3.4221867666112815,6.53089527502518,95.82726082843244,95.03842871680554,99.63575699083327,99.42760986706992,98.23773825577675,98.58549576456616,94.79628077362766,79.90550509942615,64.3253346241622,59.99038193852482,53.12990973473954,45.81233433817409,40.128596627826546,60.563878068804655,81.19750331472804,73.86100556836158,61.71808303049785,42.56210263278804,30.103557782903916,23.105536147800745,28.25114892003235,-0.9708824104813836,0.23955655912092708
2024-10-15 21:00:00,2.0,47.0,67.5,28.0,9.0,26.0,62.86072531751087,10.650193334329185,6.687128626364205,6.524485987185432,70.18174560789919,70.34767836728342,73.2544359774904,79.40103906817417,81.1547257403465,81.97786848581558,85.56739429100614,89.87421370445827,90.2497246273021,81.10240695293844,70.76646812026898,60.215588100003906,48.93262321006683,35.56816497756855,21.770781303263867,12.898976372073317,8.241509513609863,8.67108641253709,11.57665984143111,17.205245386806432,21.11422768298402,-0.9666180104000972,0.2562218218071163
2024-10-16 21:00:00,-1.0,43.0,68.5,29.0,10.0,32.0,59.85484007345902,7.9692552253614934,5.27464978608244,5.46357798175173,67.6391649743176,68.74460304068444,75.00669959557436,83.40117516407119,91.90886005986965,96.33793214480659,99.4595553254289,96.45079706245706,74.00731707524336,48.3973586875487,34.94345724144257,28.08509578801206,23.01933094836106,19.283276603628632,15.917484667628134,13.474948028244022,12.774770936496829,13.043102396756973,13.066168253467788,13.00911683386617,12.8896066315469,-0.9620675724981452,0.27281126433401914
2024-10-17 21:00:00,5.0,51.0,1.0,8.0,4.0,27.0,52.027084084223254,11.987089509105116,4.280185816994717,5.255082390478234,57.4012456031589,53.204186508260754,58.800484533499464,63.96669248445801,58.17617318807259,45.70262821101727,36.17182851528417,33.30067532158165,36.44024447147488,44.35456198470186,56.22671149895228,63.268665155242296,65.80752746695134,61.16313242396725,54.04936089591552,45.03877421369133,42.171243279155405,39.26002930948756,40.09426048359163,40.71696832788477,37.26298250141937,-0.957232443323312,0.28931997761869527
2024-10-18 21:00:00,3.0,52.0,1.0,6.0,1.0,31.0,52.17862386930955,10.350248814372685,3.2061115557255158,5.586406655378013,49.17472396828518,52.991138753528645,57.91766988767999,49.85138476652649,22.241790890295476,9.510035857455506,10.371917725176717,12.508940937111843,16.67661304027069,23.79232004531046,32.67837576898718,42.576124629680365,49.638326378050884,54.32803512744807,52.88455744034813,49.44775386065422,44.5647689592773,38.08631894150305,31.33416890965977,23.396649576584956,18.472548815046093,-0.9521140536681102,0.3057430764672831
2024-10-19 21:00:00,4.0,61.0,1.0,6.0,5.0,24.0,47.69042733003667,8.21499559612142,4.116996819692103,7.6815262443964,42.328863960489464,39.490024737031746,37.66398798850729,23.401165688737354,9.546328092647562,5.834394233945475,8.03363450705401,13.03857558361663,17.599391742087978,19.423211526197434,18.41991661589749,13.508085610954634,9.913721022268819,7.9278573429258365,10.5583144345561,15.6862678066928,22.00586060886069,30.4913853161772,35.152027157979354,40.44042864847848,40.06265409497881,-0.9467139181463862,0.3220757010206104
2024-10-20 21:00:00,4.0,62.0,10.0,7.0,6.0,22.0,46.03361253726266,18.63854034045491,5.55729295840774,6.311909064586581,34.59625683950624,34.20391144690472,35.12539393148767,34.27642355733802,30.31380167274007,18.445076691784003,25.483741377978138,47.91235195819024,66.53593525103354,77.72037070138892,76.81319229064158,74.53889960069431,72.41029542281353,74.0839495795092,76.15561617197099,78.05529394209006,76.90580299092746,73.30189174741845,61.88066370485365,45.27638499671224,30.42431724646711,-0.9410336347451197,0.3383130181923076
2024-10-21 21:00:00,2.0,66.0,32.5,12.0,7.0,27.0,50.321942209439584,18.65874151896886,6.569893073599402,5.541590068696698,45.63077403129473,47.1085010028502,52.23563672825885,58.29833325973537,64.27303699413169,63.9197777617051,61.95206385583828,61.67083121649443,62.07614726833053,62.14126230048262,58.173773275216924,49.60722793167622,39.928157132534814,31.592671703239226,27.055720801673182,26.161724434886548,29.25728790334962,34.80524032164949,39.56624319357066,45.2073132475015,45.37423477221164,-0.9350748843515574,0.3544502230989869
2024-10-22 21:00:00,-1.0,58.0,17.0,8.0,4.0,16.0,53.075888896656885,14.654985931771671,3.7065168081693516,6.617420893384995,53.33845749993157,58.452433414552644,65.24644691073664,72.34402351614503,70.9732637300043,57.69897341085849,35.643386853721395,20.78804456625595,15.594400394573494,16.280381917255298,21.56494488938209,28.877362839149896,35.08249305290976,39.967604452857856,42.49341139646576,44.30263472591615,43.88802435824355,42.86968598216538,41.171786105215446,38.218658354991994,36.611291044891026,-0.9288394302558068,0.3704825404820963
2024-10-23 21:00:00,-1.0,66.0,19.5,13.0,11.0,19.0,54.2407488671668,16.7786178650355,6.287982753507524,5.96137231240899,51.773191116571496,52.3364101025509,53.73455917765318,52.85294529987219,48.07930155706089,39.51025532375704,37.490854156288165,40.268905111044326,44.447850598911614,47.949256908474695,50.043590291053185,49.231144348582475,46.24773011354256,41.07506104238708,35.12096554270824,28.31621395116733,22.67535473921062,16.956903152893247,15.534868709971933,15.64090079586482,18.19150513682412,-0.9223291176290545,0.3864052261209853
2024-10-24 21:00:00,0.0,55.0,49.0,13.0,8.0,35.0,50.60187561794369,9.054746493069711,5.07538798895448,5.087340244018115,44.497947847938974,46.681292256571446,52.286994913266305,57.61883345023103,58.1145695223774,52.17233296000453,49.28271660861595,50.08196848399176,45.68037829056832,34.88061499133367,20.691012368600497,14.091982222207362,9.61450835032871,7.308457455020649,5.865072369800254,5.281820574547784,5.280786911756687,5.47084535873666,5.293552413075777,4.8212532523893366,6.400274730769784,-0.9155458729775467,0.40221356823680365
2024-10-25 21:00:00,2.0,49.0,1.5,10.0,5.0,34.0,45.79565437652251,7.398865420007762,3.6419314466957045,4.977374455665802,32.21585661719893,33.52132444889319,37.01759831568058,41.72841310869717,45.16935312576656,40.30175681785392,33.149722180550114,28.90512391086972,30.648573498659864,33.58801910467666,31.80746145354261,25.391099019988673,18.140543721390255,13.148731227065296,11.528157180068085,12.71375469550583,17.068400082090044,23.534554521651952,25.178906475017065,25.57454122830556,24.35702512597559,-0.9084917035725082,0.41790288888678667
2024-10-26 21:00:00,0.0,46.0,55.0,23.0,10.0,28.0,53.39291251904156,7.746996561090537,7.148902946315592,6.364953342853807,49.22788744633915,50.484772495010276,55.39995605333714,61.63607937997567,69.06939584600704,78.16749400454157,86.58521406722845,84.82931080280166,76.66345406318554,67.36685990435737,56.76942860926777,49.23302757484711,42.800671980389005,40.8465852597223,38.661621603796206,36.069341677647586,32.134096352194014,26.147982982701457,20.90242662149097,14.756798539918531,10.868968551315158,-0.9011686968561569,0.4334685453485363
2024-10-27 21:00:00,-8.0,38.0,49.5,16.0,9.0,26.0,52.16455443602162,8.187537913324801,7.709676930746677,5.41960708183494,89.85122203430319,92.51014525489056,95.49000475313592,97.75215701087014,99.18130981895462,100.0,100.0,100.0,100.0,99.26586902307939,90.2292828508072,79.69461854503868,72.15136780430787,77.70031414760952,77.88907344543524,71.62326801875099,49.4193510827679,19.997154360502144,13.45013504849133,10.718145884950712,12.12245813916821,-0.8935790198239952,0.4489059314938798
2024-10-28 21:00:00,-2.0,39.0,25.5,19.0,7.0,31.0,40.520682747411854,4.905731284599231,7.570683798279998,4.228891545949865,40.485578594740474,45.17838379102572,51.13935206604667,57.682864081398264,65.36746655266028,72.37481444330818,77.4335293236408,80.49677115336802,80.4884315632802,62.35931194202473,41.35780072629385,33.2121642001649,28.729577785567486,27.31326643086251,24.26033334313848,20.352919486929316,16.77030409937401,12.159774747390873,9.004955744403928,4.637295859821229,3.8780061921424416,-0.8857249183835637,0.4642104791518923
2024-10-29 21:00:00,2.0,42.0,14.5,6.0,4.0,16.0,41.025581101341885,6.494490738488854,3.7304422402943764,4.929945908439752,37.69184723892351,41.889597884755894,46.349571320184715,47.26603618319395,37.296099114007596,24.33303364297937,17.591124468076274,17.32397948548881,20.05868037579588,27.945295579989082,37.5951450356512,48.375497714020845,52.64559614416705,54.485773031458564,49.545603086572584,43.7720486100085,39.6100151702056,34.57944694611445,31.244538627898876,28.100708432630224,31.41925144458514,-0.8776087166898392,0.4793776594606945
2024-10-30 21:00:00,-1.0,49.0,90.0,9.0,10.0,19.0,86.01500975681384,26.41067016311634,2.38065065058844,6.027246675148896,96.5363730667114,100.0,100.0,100.0,100.0,93.46443009572653,90.60788983897889,94.68037034154848,96.20118129206404,93.69272764958116,86.16257014126636,72.7694553591701,58.69876735346625,45.0501670214879,40.09994891111041,40.109850358876415,47.81310155636748,59.09093473795009,63.10618403269246,65.15613592251144,57.686792066677384,-0.8692328164574792,0.49440298420761813
2024-10-31 21:00:00,0.0,67.0,24.5,7.0,7.0,21.0,67.77336387804566,24.356205518150524,6.68104217331576,4.232673678645035,69.84946717357214,70.5401292094795,74.24298554755525,74.55492911865016,74.93477972986257,79.36545519766166,85.45331038261389,88.9332745288567,88.7490686844003,84.3460380759222,70.23856275460851,52.66828295174469,33.12468633877934,20.50967390556537,10.628230435038345,5.514612740644778,4.250798934618435,5.5381971474313225,9.576987093533205,15.613646091741412,18.645634603659957,-0.8605996962501181,0.5092820071573356
2024-11-01 21:00:00,0.0,52.0,62.5,15.0,10.0,33.0,79.93203780980954,18.552601813258068,4.967904384881815,6.761888205097259,89.39555477574663,90.97056570849327,97.56912349023858,93.57694191959345,87.94022503930225,82.56969014903353,81.89149564078001,85.21698721989455,89.41751487708594,89.58354940955557,78.31176447035739,77.20139417720704,83.49552425778398,91.82597482377676,95.15913370700395,85.38388037679002,74.50121959672882,61.742674648562165,55.59430369778941,51.42286236809298,44.694857431561466,-0.8517119107469189,0.5240103253675756
2024-11-02 21:00:00,0.0,39.0,35.0,20.0,6.0,32.0,50.16341313821736,5.369869445816677,3.407919779100089,5.279135517837083,57.599205672301736,63.5742384061914,71.37283308998578,80.81274873564564,91.99114944034737,92.91637660006958,65.25072511885905,28.310064096632807,15.71955863746547,9.481009278939645,6.517084304985741,7.734223102381417,10.195858375051015,14.1646305482685,17.225876467748687,20.086618273757686,21.74698189561816,23.327644006585345,26.841141232223322,31.36745786694596,37.08684638432122,-0.8425720899866032,0.5385835804920232
2024-11-03 21:00:00,-1.0,38.0,3.5,9.0,6.0,33.0,43.99287920390652,6.486048391270918,5.041265529538428,4.369759468847263,47.83172268338521,52.58237721528671,59.04052809341278,66.40559967235721,72.83637197052799,72.69269789623795,68.2499343558759,67.81437063687028,68.70601922766974,65.13002864303373,58.79687145308229,48.03989983014043,37.914188162353966,27.155729781046922,23.890065617942362,21.396381714505683,26.783854727933885,33.18045922011537,39.069038795746266,44.80126431101624,41.409953732975794,-0.8331829385891785,0.5529974600700271
2024-11-04 21:00:00,0.0,41.0,69.0,6.0,4.0,20.0,50.47986970636548,11.871058103620959,3.8119869532285984,3.4564855178460587,38.8592395821192,42.309699338597554,46.807027217115014,48.56016226241698,48.40050881736645,48.14341601246579,46.94361489239345,44.64054526966511,41.742749810511185,43.480041347025185,51.16469264515412,73.0319950320887,85.99673365636468,93.7576092256199,92.63841140222368,90.02997603398572,88.27572461657704,85.8923637333356,86.62822670330857,86.82250115536134,83.70062564552255,-0.8235472349556007,0.5672476988027229
2024-11-05 21:00:00,-1.0,52.0,81.0,7.0,7.0,21.0,83.00671620595244,33.09595854618913,3.2518656035105846,5.769660461222649,91.23064918132174,92.59963670247969,90.39368233358522,84.82499920022792,81.51601799669112,80.88288131385545,83.23878091018113,87.04269917974602,89.08023788682257,89.40745211549665,90.52399156871071,92.17886139380141,95.2270629947242,97.40727335224446,99.26528438665817,99.2981742060685,99.72586653840814,99.56389842668287,99.60058222987193,99.56069326439511,98.49597791932332,-0.8136678304455991,0.5813300798152042
2024-11-06 21:00:00,3.0,64.0,78.0,18.0,10.0,27.0,67.43214236750362,25.274853518688086,5.83098593314297,5.352906938375278,76.50214355694166,77.08782296177,82.8114018260382,89.61545702652126,95.3834481298055,99.13292600625965,100.0,100.0,100.0,99.53627212108572,98.53835938781457,87.8000054787947,65.15029901404233,34.49758487673812,11.883426150337485,8.463923335778217,6.8640968814450005,7.257232370336316,6.265858832717168,3.925127766760936,2.7954279885921305,-0.8035476485339116,0.5952404359043674
2024-11-07 21:00:00,1.0,45.0,39.5,17.0,8.0,29.0,51.105736755920795,9.192755481311648,6.305766695419174,4.353739955135818,56.70943071666653,58.45251916072396,64.52823814611953,72.41412038722213,81.24432080306806,89.88800261060612,97.58208247135101,99.1948801908773,87.55002249414218,67.56871765846786,51.09339923720493,46.636582082601954,44.95791441944175,42.684227465369034,39.65522183274292,36.017234162150494,35.27320475168677,35.76234854501823,36.63484275446219,37.40351349619132,36.497073492705255,-0.7931896839451843,0.6089746507720486
2024-11-08 21:00:00,0.0,45.0,71.5,16.0,10.0,27.0,70.54353563489435,9.938276414237347,7.575355550959439,4.56767072126439,65.06402082115326,65.9498173911761,65.61336862059412,70.65276892787384,76.9611421883996,81.5958272980657,79.8414092762465,69.1647302739098,55.93266215495877,50.572071950954346,47.401250117466965,50.4553168861848,65.06281464827187,80.27129466180084,90.31046180980104,71.48299310417431,46.97545543028047,17.893804094060453,5.375396460413691,5.255424052362018,6.419739407276202,-0.7825970017677834,0.6225286602431057
2024-11-09 21:00:00,-2.0,36.0,26.5,17.0,10.0,33.0,41.799531009585436,4.241400080060762,5.0336175809939965,3.625114156473575,46.71420163524303,50.43536380763351,56.25027902693698,63.35376466545791,71.82872357225708,76.67755974057727,68.40138739302485,52.07994324596306,37.20997231938113,26.52626373493949,19.61070358990043,14.4998222557344,9.949716024056242,6.1151440654249845,5.138422599289733,5.381572231863723,9.0506842342132,13.87610828003352,20.50898669863677,28.166381762590547,27.414146421857545,-0.7717727365467837,0.6358984534680745
2024-11-10 21:00:00,4.0,44.0,13.0,5.0,5.0,22.0,43.138125246217896,9.352171902717194,3.247224980890132,5.617511572383317,42.66663629202026,39.69890353087007,38.31595854357798,37.92928148094713,31.517885830319116,15.934942468331279,11.84889460892328,14.24696084237451,19.297535840382643,25.89801508135504,33.5354667228937,39.32665288245867,44.25052906709395,45.983521842544185,49.4248705934688,53.826228723571056,60.32362120975444,68.38899506433624,72.62248648245095,75.41101733309222,74.05433564563457,-0.7607200913564104,0.6490800741100398
2024-11-11 21:00:00,-1.0,49.0,53.0,6.0,6.0,23.0,82.80105149886512,18.713633704283986,6.1810727891098,5.284802900596905,82.03192451975058,83.1428249498116,81.6061273404686,88.10454253751388,93.6307785614757,94.61299412553417,91.48338392995315,88.84410765964311,90.08364698277084,92.897595645672,93.57806959555387,91.2879307969122,86.03340143153751,76.34135335027551,64.86148071743773,51.88485997432102,40.96905432266011,33.314012467130404,29.69619310919359,29.72645832651002,30.287237726779516,-0.7494423368521953,0.6620696215153815
2024-11-12 21:00:00,0.0,35.0,78.0,23.0,15.0,34.0,66.58800769310848,7.940978575821631,4.678565933015817,5.857115042506384,69.82988192503467,71.85516733835348,78.4769602604378,86.51534285234564,94.01891477383258,99.0898398157187,98.40692309219719,77.85514416088351,62.67277187422875,52.620886267999886,47.06223596313535,48.81432176379603,52.91515868626353,58.46054810767695,61.768088437862936,62.53642334275445,62.72310460245586,62.60977587714825,62.9924859610043,63.14510528738296,60.98141339138453,-0.7379428103031386,0.6748632518680403
2024-11-13 21:00:00,0.0,32.0,3.0,11.0,9.0,36.0,44.9224394281351,5.094314330555014,1.441994754398237,5.962190166132167,62.26277939029005,65.98777907590907,71.01886509077747,65.39328325831114,40.98708783794825,19.155156499464045,8.16148297095014,4.114966656456216,5.309991184237689,11.579628839227484,19.573554618442973,29.696428065576264,36.139945797287304,41.31269398270152,41.16527329747377,40.7153878185596,39.08194878756906,37.152405193405265,36.63120456548079,35.387278002079995,36.50508196771744,-0.7262249146041543,0.6874571793269664
2024-11-14 21:00:00,-3.0,35.0,3.0,8.0,7.0,36.0,39.84096888786588,2.6818892165311556,0.5963225188891159,6.854635585334384,43.418412608500155,46.49428415831298,50.93163007730481,46.90839577553677,32.567505876659745,15.461752454300868,3.178721978952142,0.24886113038011817,1.4108712044624345,2.9990954169874353,4.898564644986752,6.777406608809522,8.057610620753715,8.678032275211162,8.177534172969356,7.121634740367505,6.496574164427398,5.634441424553087,7.10071668221965,9.45196293218565,15.500934927125376,-0.7142921172691032,0.699847677146407
2024-11-15 21:00:00,-1.0,38.0,90.0,12.0,12.0,34.0,78.78407930319881,20.229645931606882,2.913141178674443,4.69538271098291,89.300763539448,89.50377634603423,95.21027422801885,98.09968778377528,97.64163191220544,96.59639866857044,97.89108509230489,98.86870089713507,98.8726854076998,98.87807824800386,99.47554450052321,99.91522313279881,98.83212631367905,96.83311745705444,95.23477468767948,94.04912251347119,93.63180391314987,92.98297938147022,92.54233223599412,91.57902977722833,90.39381960665183,-0.7021479494046978,0.7120310787787131
2025-03-01 21:00:00,-2.0,37.0,89.0,9.0,9.0,17.0,78.69852741871944,13.97775371683419,5.312480853677915,6.959869364337405,95.87221980348517,96.03127918399994,99.48509103549667,100.0,100.0,100.0,94.88313975101195,82.22690613611222,79.07957933977862,88.0581618996566,95.28022414249308,98.04859021293613,98.51680160313666,99.00987442082338,100.0,97.97111716679515,93.43890102694404,88.99986538178287,76.77198384986877,55.42940430149898,39.31899752951213,0.8584015232918917,0.512978386299228
2025-03-02 21:00:00,-1.0,15.0,74.5,37.0,11.0,29.0,48.41338895950113,2.464567256873833,5.17637652341305,4.858303215331611,68.53182834079325,69.77103008141115,76.99892492316191,86.51914308729664,88.22042841254952,87.17097808175042,91.67065057800637,91.03567905729581,74.37426674894606,48.33695205326422,33.56030991164723,26.905405950489573,23.904195368634117,24.22457824153727,24.73111599267702,25.775351406222775,25.24638279048686,24.950407484602803,22.022990191731783,18.838425712412985,10.896183761414205,0.8670985522812081,0.4981366284784055
2025-03-03 21:00:00,2.0,17.0,61.0,32.0,6.0,30.0,42.33940136339283,2.421884121122761,4.155442188397037,5.95364532150471,61.79048464698905,65.71892973712913,73.3198164069423,82.55353222998701,93.01936109139235,99.54565371635692,97.20018491538181,44.79540005101156,21.017744120426947,13.717346551802171,16.52382935214776,18.85128662888395,20.76992020665919,21.182126872044265,21.121085239638813,20.508858526981317,19.392309072782755,17.522187894434477,14.774204067277566,12.236261377756108,5.23545559286807,0.8755389928586302,0.4831474640149687
2025-03-05 21:00:00,1.0,39.0,89.5,6.0,6.0,12.0,78.86914250419294,19.89418005446399,2.797753498269629,4.512396640248119,98.68087811870029,99.32493154716639,99.92573235362869,100.0,98.89722173777369,99.5197182108137,99.46535227631644,99.39793523469038,99.38292260398566,99.57725550326445,99.37431072675412,99.31494908259872,99.69719861493745,99.68304237510861,99.3438112904294,99.91422769424435,99.30339374390391,98.5865671867335,95.80380801821516,90.8162985556437,85.95145056896025,0.8916401947968874,0.45274469960737107
2025-03-06 21:00:00,-3.0,46.0,89.5,6.0,7.0,17.0,85.84162745888159,19.528686010765817,4.093494084717652,6.065774034412483,100.0,100.0,99.26656124691894,99.86814460774738,99.92433451461163,100.0,96.56752491672314,74.26286531106153,70.93499940256822,76.38808894200196,73.45699374770747,61.39391205359431,44.38616805975693,38.34440910752955,39.572352868014406,48.316296384339616,55.02001322110053,50.079248785890925,41.4195867139478,26.08006436248748,31.550428011676708,0.8992961915530253,0.4373400963303323
2025-03-07 21:00:00,0.0,23.0,89.5,24.0,14.0,28.0,67.97045632401783,8.942541117264678,3.1322232198080964,4.984496048266755,77.81117066812993,77.94488290995709,79.0441702367134,84.71679186357403,91.80578907514493,90.33896795529685,86.51640438825117,87.34490161176726,89.65781635529169,92.23372985047624,95.40757809409011,97.6623158493716,96.36154122625605,93.47550140114019,90.18821401340102,87.99761869674799,85.29172719447173,83.00883732721101,83.27250783139398,86.56009880244868,88.5495307754875,0.9066860720977985,0.4218060770826634
2025-03-08 21:00:00,0.0,19.0,88.0,40.0,13.0,27.0,51.40563659762537,5.457763338505948,3.5755546306840733,4.9952033635448885,72.52300078691621,72.04952830762157,75.89550574574264,82.95640854472039,87.69324925331709,91.03202476178308,96.61670114740646,89.26036671146134,84.19779035463168,83.9553537112912,83.96461989634125,83.6407895792112,82.82382988855437,82.07520009559023,81.03266380697893,80.03420705834804,79.23010750816697,78.9185955942132,79.06981150464821,79.24612860647488,79.45214496518376,0.9138076496466615,0.40614723863057883
2025-03-09 21:00:00,1.0,30.0,58.5,34.0,7.0,27.0,48.70998721974842,5.448217609773751,8.172452332295897,3.5390942230254305,68.02199197739995,68.11154508548623,73.58189953200191,80.76963999160273,86.01129199097647,86.66147876028599,85.42640311068985,84.99125236822222,84.40316642263063,85.47540564099359,86.33679708483544,87.99999722208047,90.18446949846994,88.21216049931894,74.91287189225517,40.67685838172769,17.992509963235747,2.9764724042163206,0.4706775246658545,0.8379204720634605,1.6310260674069141,0.9206588168102428,0.3903682146763026
2025-03-10 21:00:00,0.0,31.0,62.0,28.0,2.0,32.0,48.873867817148565,5.216034134414834,6.466643110957055,5.867378925297779,67.544615695592,67.05326544639767,68.83252760455039,72.89710841048527,79.36475913334358,83.32354052600446,77.90089870833185,76.36979530200963,83.20459119164319,95.38494953035651,97.69607701429504,77.8632506930505,50.281069116269364,29.971753892322035,18.212619664177726,17.28890614363937,18.899391935152305,22.998472710304377,23.3110616405536,21.439363295390773,17.538248876736613,0.9272375462179537,0.374473674486883
2025-03-11 21:00:00,1.0,44.0,76.0,12.0,12.0,18.0,59.99357507201959,12.215992708909958,4.521675691777208,6.960498551045124,80.86837035478119,80.75146722755849,83.02442318386493,77.21887780762168,69.13458260679948,59.38929139886273,50.29316873302779,46.76774198012039,48.388750557017175,51.44710814520879,52.40928135476606,52.93041301576643,52.88191903398853,55.90552119236681,60.77262715135126,68.75451524189596,75.54853863348714,79.5563810961908,79.19916467510473,74.64568506660162,74.39843233788986,0.9335418911179212,0.35846832151248087
2025-03-12 21:00:00,0.0,24.0,33.0,28.0,7.0,33.0,41.60705250700035,3.0314557164165254,3.780287227664975,5.879953448391922,56.89533648463425,59.61333709274209,66.27907488889626,73.58097466561962,70.68734243482783,52.03052561776942,21.011140301611892,11.837525803224617,10.800782337519314,12.731590624655894,15.629774223291006,17.4579820461804,19.0058112813908,19.97840909269247,22.00539337156939,25.010406783608392,30.861231818961997,38.41378548135465,45.39555380127455,54.01892302770766,58.09575167908771,0.9395699859530622,0.342356891994542
2025-03-13 21:00:00,7.0,33.0,11.0,25.0,7.0,18.0,39.498336966001126,5.373766432149319,5.288389673993931,5.51768417231064,67.63578151687307,69.36920707061728,75.06722230211328,69.69692087604348,62.164338894431346,54.20337527518784,54.648211440809355,57.0440959178375,60.581197778911964,63.04362329267374,64.63855220048931,61.417384967851184,55.64685033639053,46.38665580093475,37.67573654776185,29.355580062379133,26.691037165203248,24.340960713365927,28.1722636550264,33.289050360345406,37.96863965180312,0.945320046913132,0.3261441535642696
2025-03-14 21:00:00,3.0,46.0,28.0,10.0,6.0,22.0,51.26074331474755,10.445328062373184,5.703321721887021,6.340873894312541,72.95090958187583,74.86112710457809,75.45949820673795,67.30412641972241,64.36092644984915,53.40105628306341,39.019915275352524,36.719259511888175,44.20468636162087,55.32499929573489,65.16141759491605,65.82568868411175,63.546600969558284,56.22793088286496,50.11435441359451,43.74607677743333,41.50655991240602,39.51783825331359,38.645014068886915,36.461644158391096,31.904325675766152,0.9507903724625832,0.3098349038318025
2025-03-15 21:00:00,2.0,50.0,58.0,11.0,9.0,19.0,58.45943062660115,12.494578225629136,3.7153878988383338,6.416786532405612,82.020988421604,87.26046449535038,92.83211813506894,72.14687113648601,49.45571371541572,40.337132420306496,39.10125239594628,42.09449877010687,46.29220406800412,50.31925480407845,53.145211944449045,49.87405143984115,43.18291392581373,32.76697987305746,24.671587254308438,17.99140910837373,16.402115297321657,16.37981027563389,19.523053490873238,24.063172432592474,27.542902371577682,0.9559793438440766,0.2934339689665273
2025-03-16 21:00:00,-3.0,57.0,76.5,13.0,11.0,20.0,69.17919044473983,22.354366245074626,4.317322514363934,6.600502701273903,86.99317764464648,91.3531630358188,98.12089315326146,99.58899563251987,98.80775354452277,91.23164015243218,84.47928562074318,74.66430154456918,59.6664392835392,44.11719712117697,39.61670342849655,39.70380566706994,40.53859298836501,37.56608509138663,35.54290485700866,35.12553518754233,36.85190946863858,40.19118070035148,48.06719038031536,58.95632911189631,66.47102096817119,0.9608854255574977,0.27694620226893646
2025-03-17 21:00:00,-6.0,50.0,87.0,8.0,6.0,31.0,79.77355891353135,24.55034435991605,4.436718471233765,4.890506402955348,90.7429189983746,92.70754750404978,96.5945399348489,97.29018831370132,98.15707442405274,98.77204538401408,98.27890047672393,98.69772908497563,97.9263670379611,93.8711167914147,92.09232348366449,90.3800979287125,88.04001900464999,89.35642716235591,90.8837666586092,91.97750960511479,92.78454321596207,94.19742473644106,94.45785875331661,94.36029785230704,92.26529586556863,0.9655071658143364,0.2603764827344581
2025-03-18 21:00:00,-2.0,40.0,76.5,19.0,5.0,36.0,48.24751237136752,5.115343232877567,3.381999353155796,6.845164382112116,69.15137511867704,73.31336264862385,80.83645040939493,67.86293294628054,41.937626821698274,19.730368267863707,12.26761986057339,12.398421736385206,10.530080638772258,8.137398999225505,6.439098551754317,7.696911436347928,9.919860172621283,13.630135352312115,19.180801693543003,26.746256838485095,29.977356749117867,31.519053493332027,24.91815910361768,13.339616494085371,10.644395585936135,0.969843196967294,0.24372971360968387
2025-03-19 21:00:00,3.0,48.0,33.5,11.0,6.0,13.0,45.634377192086376,11.783830156586323,3.2171542875384436,6.415965343386358,75.9158878166127,80.62626313056738,87.22976769019257,53.64933954331846,31.50867329554787,31.7459437426676,35.29397437694626,37.58754919481723,39.031916112357735,40.43242910797621,41.61091860400983,42.70194197254947,41.98923001546998,38.255683929823526,38.0611599315878,40.410964177978656,51.15242895144324,67.06448149080974,75.20444606869914,83.89236430995992,83.47721542385146,0.9738922359149924,0.22701082094141847
2025-03-20 21:00:00,-5.0,48.0,84.0,11.0,10.0,17.0,73.68651352933676,13.869103096828015,1.8476913347100092,6.994262768629413,99.67433595776262,99.37370105288723,100.0,100.0,100.0,96.69938566926774,66.43818335436764,39.4451273513425,23.09579675378249,14.523250020999527,12.61917901946622,13.527559336868642,16.43215216999213,20.233857273020657,23.059389928517394,23.73877026965902,22.91031448544876,20.576501510071985,19.681838840582174,19.159003942545528,26.698558413310476,0.9776530844816641,0.2102247521189836
2025-03-21 21:00:00,-6.0,40.0,86.5,14.0,9.0,34.0,78.95372049724189,16.979318948524405,3.931298463401857,6.1113028821407225,91.10577830327917,91.2914840806861,97.32768339814719,99.17104644824343,98.97640598819518,97.41040981410303,96.90577663157623,97.804988528782,99.21649036192011,98.97809593298733,98.96472719228683,99.44781805447667,99.97853324413765,96.08302267635554,89.94454418183334,76.14040475056413,67.31313299390818,69.78089390076876,73.17775143015098,76.56101675711152,76.63882445265664,0.981124629771712,0.19337647441020586
2025-03-22 21:00:00,3.0,50.0,16.5,23.0,6.0,22.0,44.12120699263476,11.682558345314897,7.019124008914567,6.8238516549687285,64.09450973806415,66.15163153576069,66.74180966642793,73.06636801047547,79.81837708191054,80.74633859399526,70.56491835934823,59.84159225488366,58.632082692896404,58.15823709315505,57.74260107243778,57.63822932301339,58.22465891575457,58.32586594501683,57.807232499652464,55.440684869956044,54.01851778586392,56.05060235906672,60.55968550770897,67.38191274358716,70.35297468518445,0.984305844499033,0.17647097349152166
2025-03-23 21:00:00,1.0,28.0,32.5,41.0,11.0,32.0,38.633737415944616,2.634560339868212,3.8682166694283526,5.918008412293607,43.20031747971582,45.91380208426755,51.604645248350835,58.47561990606679,65.56635937678267,69.14467363241259,70.87994680427288,43.32778482141506,20.834275204622948,9.988594021756409,7.463533593532298,7.393762638514703,7.939745317740127,8.556669483131248,9.146524831746083,9.70615418508523,10.009599889556203,10.409026241959374,11.346565386901233,12.385085268288039,14.527139978497045,0.9871957872910085,0.15951325197263655
2025-03-24 21:00:00,-4.0,32.0,87.0,14.0,9.0,15.0,63.470056442819796,12.251090102694942,2.8164578396996234,5.56700016344731,92.09584476343807,95.54594602075301,96.65837009377556,95.08845572681976,93.9011074151927,92.28643700919112,92.61106445752233,93.49004767855747,94.66474252682517,95.97713942134489,95.21129502597026,95.76944185243136,96.16452462900806,94.78190092571087,94.26760234272471,92.08896626286652,91.42648411231798,89.83119870120694,88.85206817594357,87.29851476594621,86.43266721275162,0.9897936029670716,0.14250832791617088
2025-03-25 21:00:00,-4.0,41.0,75.5,12.0,5.0,23.0,62.06519135327816,10.101153843895636,7.559006021381256,5.542812155444094,79.94110730180138,81.76781647193313,89.89681337116868,95.27621339837296,95.12839849417058,94.54208724724982,93.03695746397884,90.4094266444248,87.90170725084495,86.36582825235752,86.71225270886939,87.51831779961807,88.63567612113833,90.52363346238452,87.07142539082666,75.86242979709753,66.76795420798521,56.8636198913762,54.831637961408454,55.04521690843735,52.21894984893321,0.992098522791769,0.12546123335273648
2025-03-26 21:00:00,3.0,43.0,69.0,21.0,3.0,19.0,50.79397408554044,7.302315339337126,7.738104600980464,7.039591282736386,57.087107862026244,59.21339526863266,65.34043573094112,72.30480589460645,79.2096768515767,72.88705970238321,69.87975348964396,65.02349962113931,60.44320178387773,58.731181324691725,62.89554667280532,58.0522224282122,49.66492608318631,43.1458816077394,38.25355413042823,35.383303822970866,45.47020374947359,65.11462672126062,74.92866865845836,81.60209825175384,86.6872865045884,0.9941098647022418,0.10837701279187609
2025-03-27 21:00:00,1.0,40.0,63.0,28.0,7.0,32.0,52.47526234221016,6.870628685284428,8.619857653504871,7.366335777729349,54.27310517885805,56.06913061012448,62.35619278013225,69.49673437231776,76.15047549277115,74.76663143689893,69.21889361304306,68.01234981856985,70.50006384219981,74.62681626755628,75.21722453376277,75.89470892094666,76.18829901367624,74.2665910488912,65.63693929018335,48.685815921412896,41.51493563813938,37.5015020902158,45.04034960230604,58.88326796589085,50.32979625914312,0.9958270335100595,0.09126072172931188
2025-03-28 21:00:00,3.0,36.0,39.0,51.0,11.0,30.0,35.049521143094395,3.3069058870476535,7.676577514464915,4.215308159955788,35.066662301854386,36.28623268506823,40.3881455843939,45.667775221303955,51.40170119762731,57.92930214921505,55.42939986506858,54.44857354449684,48.97318967149581,39.6819587835794,30.600743526104356,28.609100792586823,27.890269638910308,25.51854024975981,21.480017861471683,15.92937443984192,12.682338358455523,9.964115885206635,9.819946407930388,10.271306624713716,10.703533644099398,0.9972495210773451,0.07411742515094437
2025-03-29 21:00:00,0.0,33.0,33.5,31.0,7.0,34.0,30.13350559162868,2.8551988933959804,3.9248480474188208,4.762817094349079,27.392797839623018,30.31498788899807,34.30430622988331,38.677355237453284,41.109310253962235,39.20237872097456,32.550667829674204,12.233030649338517,6.0450945316619515,3.8352172302215743,2.1908785987643222,2.014329408315676,4.086232994539913,10.092679904272819,20.09546140989752,33.12628126162388,43.23976053148594,53.93261523139044,55.9303932950209,57.05809226916407,53.13824357197835,0.998376906467142,0.056952196034039754
2025-03-30 21:00:00,-7.0,35.0,87.0,21.0,5.0,17.0,49.52340325255909,13.568173562812953,2.4860672279329266,4.770461438954482,34.7705661203136,39.23850159829444,44.900090019077304,51.95768893430931,59.85566129219294,71.04367690568075,86.79905192032224,95.84691309777325,96.14452978545907,97.72767983551293,99.00948043380015,98.97125718408667,99.23158178644039,98.94266656814158,99.04815995796173,98.31072838977299,97.5262508194375,95.79404786471405,94.70689848695636,92.17724022525279,90.07810525838644,0.9992088560679753,0.03977011384605572
2025-03-31 21:00:00,3.0,47.0,80.5,10.0,9.0,21.0,85.89976760381259,24.814578029868386,2.9962634707390015,6.159964224596611,96.30871082594847,95.8794099622413,99.44725740805912,93.52648454856404,88.26511364936776,90.0406647394534,92.36563016794366,93.79612382082915,93.76172565113056,91.08041994204376,91.98814352910934,93.00630570004465,93.90642638776076,87.78451831780013,80.62353916043527,74.42901827635585,66.33770822740661,53.702925572352754,38.48167875671884,17.928183580930753,10.615854925225344,0.9997451236925734,0.022576263041545485
2025-04-01 21:00:00,-1.0,37.0,52.5,38.0,13.0,31.0,40.18175358450537,4.576461588400533,3.0557206801436143,6.255723898153782,54.83111990832775,55.567101558732865,59.7453061901837,66.35995497931914,74.10983782200987,83.79500765665749,94.31410321784793,99.30403955454143,83.26951384581831,48.876519419360584,11.746592578929716,2.6018605860843182,1.238438788601259,3.2333623435849037,4.518913443499038,5.084803090231941,5.7378592778883135,6.407263925490406,7.5923687292146465,9.169294500311025,10.662969418334264,0.9999855506507186,0.005375731557583884
2025-04-02 21:00:00,0.0,35.0,6.0,39.0,6.0,32.0,23.125594099048865,2.3867239235398703,3.7829820256236117,5.101492358307147,26.846087202745377,30.232120758879905,34.074889195282836,37.93419984256552,40.796202585463135,42.593980616438344,37.73324440997064,24.07471573649899,16.048000525171194,11.802706772192485,9.36037527893332,7.938387941353593,7.968296284205473,8.923876568935484,11.490051318367211,14.645328761255833,16.997932920161375,19.69025585928884,19.512874805720845,18.928522198676347,16.09282495849253,0.9999300657962057,-0.011826390691832589
2025-04-03 21:00:00,-1.0,37.0,86.5,9.0,9.0,17.0,81.94145600121023,20.685295917274914,1.0488269885537436,4.865995568142818,98.63487251812792,100.0,100.0,100.0,100.0,99.61656046949999,97.1232069441384,98.8928599059691,99.25194795069619,97.8375696919074,93.20654924615562,88.0506689301238,79.36593115394285,61.9541278518862,43.76069241393966,26.566950808266228,16.07186721282061,8.943991005097965,7.627305733087593,8.911410184474372,12.084821456630806,0.9995786855478958,-0.029025013321975237
2025-04-04 21:00:00,0.0,42.0,79.5,31.0,11.0,32.0,57.320053115540524,8.632472364257785,4.223736750647817,6.663139639290103,78.49994273474906,82.57636315416183,89.96047119679895,96.82452657697826,99.9992532097319,100.0,99.03916696547658,98.84325159696209,98.6384775849531,88.80143590996661,67.56150180247212,45.00834641214029,28.38912852685265,17.753969873485197,11.237898035800823,6.531362223895074,5.33264828681789,4.832297916142847,5.396388576187789,6.201322288639752,5.792893272542113,0.9989315138848577,-0.046215046983708354
2025-04-05 21:00:00,1.0,41.0,86.0,23.0,8.0,16.0,50.47986970636548,14.302857445674357,5.389376070334201,1.6562672667894371,59.966043142577654,67.17120810009796,75.45458682633159,82.97994051664702,78.3856590469827,65.04319232437851,64.89898364076467,73.093899513478,71.55099677174437,73.65558358795629,81.13812373996596,88.55262314852328,92.86624098893057,93.724705103816,95.56541683807323,98.02523747097877,99.23257823977532,100.0,100.0,99.25939424789019,95.54655492917037,0.9979887423155984,-0.06339140486951038
2025-04-06 21:00:00,2.0,47.0,69.0,28.0,10.0,29.0,51.415168522735,8.728832000300832,5.1581641274627525,3.1032930541043124,57.595365901088726,58.07200345247103,62.48814415871865,68.04968875262529,74.36850606609721,79.2764151851525,80.297978032681,80.69059412196457,80.06909806701856,71.97657518132013,57.6225781350705,36.0242898876561,15.58488717100043,6.484182402312433,1.7614055494534129,2.2645756758820155,6.3094234470898884,14.566453513889085,26.730304012901087,43.60691361169825,47.80213059768693,0.9967506498213929,-0.08054900421874167
2025-04-07 21:00:00,4.0,42.0,50.5,46.0,3.0,3.0,28.989183768024734,5.684536924643776,6.718865961022755,3.1012276416655937,35.977125292039815,37.33752519661916,42.0925967932121,47.62472602122046,53.855350375272906,61.15237217160985,69.59776829146219,77.45766044972653,79.16350206017512,67.90156975837324,32.245062310057314,19.47221528712305,17.020687268351878,21.260814613021516,26.19397657457484,32.02788084435383,40.648486436661194,51.65515896677915,59.503554432546835,66.75936412894784,60.77946325798113,0.9952176027737294,-0.09768276782171598
2025-04-08 21:00:00,-6.0,35.0,86.5,25.0,7.0,8.0,69.41043946889627,8.586448140664132,6.716064538377835,4.702914303309875,81.47982768885299,82.06573380570657,86.87433230914185,86.54380572630295,85.7538352491993,90.73184874570393,92.82406344987083,89.29709652847994,84.94986915734918,85.02648879890374,85.81696270027234,86.99777053394135,90.20907155444833,92.09789591764958,94.33922296881804,94.9402553425029,95.50943532523637,97.50683105149626,81.43530601221943,51.31212200183939,27.89067791524752,0.9933900548258936,-0.11478762552212701
2025-04-09 21:00:00,-3.0,36.0,52.0,60.0,10.0,28.0,29.28931661935191,4.074562322475533,7.827203497512645,6.431621111218426,34.00769658539225,37.03168743629712,41.883961636594236,47.37206862851382,54.01519725277921,61.57617728245187,70.05337158669512,76.88491363056386,84.49603550339575,90.74196610218176,92.4276913238743,60.90135770287478,35.495601593523375,28.524819913978366,27.01810715379632,29.9986395798343,31.213216383616537,31.399283638438664,30.591164142126786,28.94358238305163,27.926020358904395,0.9912685467787256,-0.13185851571739118
2025-04-10 21:00:00,2.0,45.0,27.0,34.0,8.0,25.0,29.48686705296562,4.71100465544582,5.611883030680711,5.970263298883308,23.307666322746897,26.08060602348749,29.260896001301667,33.08966111453843,37.48411347998491,41.62336376207216,44.94272775105341,49.44069084606711,45.74834078039184,41.272623078337475,38.22152226202372,35.56389726644117,33.97603328629677,32.66358490670683,30.98232438420131,28.547098464403497,25.172380992464927,20.014672452056917,16.387972238876596,11.405055726550893,11.560007878771652,0.9888537064205885,-0.1488903868564548
2025-04-11 21:00:00,-2.0,45.0,79.0,27.0,3.0,19.0,53.24146855996227,12.166184156459083,5.3106649070785785,6.013310744106538,73.80317445350255,81.60156025401555,91.2394871866468,97.28621616031688,95.98629717218351,95.58878514690919,98.44554413910943,99.69756900767057,96.21951741774465,95.21273409277417,96.16542568453741,92.59977728964485,87.70661733623348,81.43479193720947,75.5825087191823,67.8087181251417,58.78479769441445,44.82092246638435,31.821884772978226,14.44997190912018,15.879397430189165,0.986146248341595,-0.16587819893463143
2025-04-12 21:00:00,-3.0,41.0,86.0,16.0,4.0,8.0,72.9723905164196,16.06208227020788,4.124590658503465,6.120007452693407,80.8741735735642,88.19773899779423,95.28409696206954,92.75780536871083,90.47670241494447,90.8815902434212,96.48202023055426,99.89813421011876,99.67056940028652,99.28025284209909,99.29809002410383,99.51360018215352,99.10996027345197,99.20615669763357,88.62163462650142,71.97307548857755,73.30283222832344,77.91640902613499,75.60814158086424,68.2732127912792,65.68971772463425,0.9831469737221499,-0.1828169249850199
2025-04-13 21:00:00,-1.0,36.0,86.0,9.0,10.0,2.0,85.24054142858361,18.610848915071077,1.893330881074011,6.458090366534249,98.81789102454644,99.32671218580026,99.57859868929904,99.42342601056707,99.03410361732034,98.1435601116209,99.88154893015513,99.71697884833021,99.89076519929544,99.6648499799215,98.98262588162738,99.31444783805671,99.75568256088597,99.76940411728924,98.43772093182285,96.80785010324863,95.62359847370811,94.56989363003055,93.48166597287107,90.87674527952191,89.14819170202344,0.9798567700958665,-0.1997015525660636
2025-04-14 21:00:00,-2.0,47.0,76.0,18.0,9.0,34.0,58.03674223047387,10.335232854264387,3.853898599470238,6.174892662968534,79.63095429679288,79.63751323647877,78.58869147999748,84.13556083715066,90.52738816272486,96.97971180237671,98.57644448985059,86.6586636575677,67.30597366079401,48.48420927064212,30.49937075854175,17.544457022953193,8.01904735654791,5.455806326480427,3.5746522134557313,3.5834505339246063,4.75049566918787,7.196237975262062,10.490932614601983,14.972021997237682,17.280407211382485,0.9762766110869321,-0.21652708524481437
2025-04-15 21:00:00,-1.0,50.0,81.5,15.0,9.0,13.0,68.38532145801607,20.311485619611577,4.500450577362139,6.233294088767866,93.59688835706692,93.60920894775477,98.1614084523398,100.0,100.0,99.28024689159895,99.4592631972039,99.4670992946957,99.57214505835452,99.78421639017635,96.84617308056403,91.92842801324893,91.16691612026973,75.56157640050078,52.39730588003473,51.95404797599035,53.076145225802875,56.61671737081833,55.35448730440816,47.58992888461942,37.9475011547413,0.9724075561219968,-0.23328854407545518
2025-04-16 21:00:00,0.0,42.0,85.0,24.0,10.0,27.0,67.4435392579797,11.738511900684015,6.628494503516561,6.982839707691367,77.41602812878466,77.32951581755214,82.70945055774749,90.98810040632293,97.35513066796923,97.11247537764072,96.1528333990764,96.38443865939718,96.62210002476226,96.47106339301206,96.1553802818081,95.21523939511394,94.44462517559425,94.98426954768607,95.4532782090599,94.57333233830508,89.42993425445724,80.72483641436511,69.17252996243143,53.20159833190316,48.940495757242,0.9682507501166718,-0.2499809690726521
2025-04-17 21:00:00,-1.0,43.0,64.0,49.0,11.0,29.0,42.972537251447214,8.395030282356208,6.4577883095893505,6.7566124595793,63.930504710332116,64.89437908852342,70.38449745321536,77.61716671577966,86.49848309637429,94.00699139072779,98.98134158634329,99.42429837465838,97.61905761884702,87.7914274977471,66.06955838196204,54.59076750357039,47.581645378914146,49.094931536237,51.83846243254232,57.14855380910596,62.89089813200492,70.08345085411968,74.69334567821039,77.9140357858662,71.35779310063661,0.9638074231367307,-0.26659942067929354
2025-04-18 21:00:00,8.0,55.0,59.0,19.0,7.0,21.0,27.454107474618628,11.45868824715646,5.371506163693007,5.429027968737547,46.6040835174455,46.905839613840435,50.42494428575406,47.64308810734473,33.73277517238643,25.384926857771788,25.058373990105302,32.36078708452283,41.870833864158875,52.136266991577806,61.68915087201099,67.61447822800962,70.26234554783848,65.59440998204488,63.93794977088938,64.61081978784283,72.06738552602147,83.493758219815,86.82268847539305,90.29738440444287,88.93879811714737,0.9590788900341131,-0.28313898122818354
2025-04-19 21:00:00,-1.0,60.0,82.0,11.0,9.0,21.0,72.137331284171,31.447102174291658,5.381366482368864,6.075842500945789,80.61796452779416,80.88815416068562,83.62773073680818,80.14365717492018,78.82738678941365,80.6682697584989,80.94099389496158,77.13342472742717,71.68455327410896,68.41734687818351,77.05710623171417,86.23989623160469,96.19099198806423,99.03235553972905,100.0,100.0,100.0,100.0,94.83666730673909,81.85089337895741,79.3376121211956,0.9540665500578387,-0.2995947563972602
2025-04-20 21:00:00,1.0,44.0,51.5,49.0,17.0,31.0,37.99760306622656,7.234839472047116,6.421125974307481,5.745878215110243,52.609723810067166,55.1971756841248,60.58880480509718,67.6787086096157,76.1224809982886,84.42852996510992,88.12603816188194,93.516919578965,93.10749639028018,85.69501778511047,72.38606143641907,61.38799047371026,51.31802902663401,45.83570907002451,41.679825467557116,38.41469060830079,35.93818427877667,32.62940125422825,31.34440321251902,28.97457707060132,28.227440274219894,0.9487718864399473,-0.31596187665790293
2025-04-21 21:00:00,2.0,54.0,27.0,45.0,4.0,34.0,30.96806889471499,9.450918724720708,5.01730404844487,4.654182011411964,38.13988149035513,41.816573253742014,46.69898918370345,52.164330571969266,54.24359336171579,53.331986452182875,44.4638142241,23.93074324861179,21.947310658475246,26.866333689041692,35.53666390022718,38.79995477129592,40.11087690905017,37.741238417467684,37.628455581692094,38.73154282573078,47.4879003841467,58.886816016116896,63.826960963367505,69.06049424786606,66.95530128030317,0.9431964659565866,-0.33223549871590435
2025-04-22 21:00:00,0.0,43.0,86.0,14.0,7.0,15.0,79.20457756623502,16.567722815780375,3.4119803709977936,6.097506682704774,92.63583440356513,97.57130559183109,100.0,100.0,100.0,98.93123539169247,97.91363643041309,99.8237207230623,100.0,100.0,95.47142696432799,80.33341201920425,63.674263940732764,50.01516665532246,39.15332781499289,31.00116883402732,26.5782670941532,22.88969849163959,21.04034796879176,19.00319089424726,21.24886093644906,0.9373419384643772,-0.3484108069446808
2025-04-24 21:00:00,-2.0,54.0,62.0,36.0,1.0,27.0,44.7666372767909,11.67127467154178,5.066219869076646,7.090675043028865,61.237469783921206,68.20634608113492,75.52081987725839,78.85635518802948,85.10528713284482,90.7966300277483,93.34518205846588,84.48724067048856,57.64274427227644,36.72279337480159,21.189561599404595,17.779350594102635,19.62801809191063,29.18747883554448,41.55649238093616,57.630740694530594,65.35170993916184,73.2209779088689,74.92854825897118,75.7284938620951,77.55992802807873,0.9248025743285089,-0.38044736628785164
2025-04-25 21:00:00,0.0,57.0,43.0,44.0,6.0,36.0,43.48654088234562,9.974709739727228,5.9811920493861335,5.795324334795338,54.15398673553934,60.37146236572061,67.15304779092276,72.49251384015136,73.50455117912334,76.63751660160948,80.86083073925636,78.8234034341343,60.44585116588889,39.00857138872247,18.271973758104306,10.426854108448694,5.3219213958853,4.203842104182648,4.59234169296987,5.729626002100973,10.069198487242794,15.718042931546854,31.078247436375094,51.43183559940374,68.92614333735277,0.9181214482844365,-0.39629913726891813
2025-04-26 21:00:00,-4.0,50.0,87.0,9.0,9.0,12.0,86.07211706183206,28.94680367354158,3.7088317297625535,5.583478229819813,96.83337921766233,98.17367126585575,99.49414260079257,99.80076181230515,99.66033138351246,100.0,99.89520614892827,100.0,100.0,100.0,99.503572193801,99.79603880422377,99.48314154953172,99.41131267330263,99.3224127057349,99.69709055407549,99.73831432509112,98.63239061129785,97.90193157210281,94.35788623346136,91.54560700083445,0.9111686353326631,-0.41203363695942635
2025-04-27 21:00:00,-4.0,43.0,87.0,12.0,11.0,1.0,85.6650984514215,16.219897941170316,3.385569073951717,6.70228716075717,89.71496470624346,90.40084757044607,97.44951315544212,97.32969501265994,98.24591755073978,99.13526479058635,98.99675214346443,97.86318416754276,99.02193151151887,100.0,100.0,100.0,98.13671219946308,86.74587150348408,66.41288945751484,31.375397390493927,10.783750162373165,2.8073853653942753,4.759176954488826,14.59463653127839,16.34435196657165,0.9039461929224011,-0.42764620926777464
2025-04-28 21:00:00,6.0,63.0,4.5,42.0,8.0,35.0,38.01738831024434,11.84400101521941,7.337656691132394,5.971014838118869,58.77004361464291,61.296348898000716,66.95004397234258,73.04064998986475,75.57455966213955,71.7462470437081,62.41455562691498,51.84097517273224,45.92968914015481,41.014864930699865,35.41321528569974,29.038894809081693,22.96371450143642,19.282833428620208,17.028562461065118,15.657243952012662,14.721405024761552,13.634358213646689,11.873995347818544,9.266882875969054,9.37193754942125,0.8964562582905575,-0.44313223418263453
2025-04-29 21:00:00,12.0,70.0,40.0,24.0,12.0,19.0,32.27027184530077,17.879748473304726,4.95769285334849,7.2502100660659625,44.14282400003165,45.00488283864128,48.41977101174058,48.522830085743635,33.790695177643975,21.69999069494403,20.656286237854673,25.093166946509328,31.77268838344273,39.12485700439451,42.76321756206842,45.03626436180299,46.016558131321204,48.242583331400596,50.76873783896638,53.73262987635257,56.55395870892824,59.36716649394182,61.66432737562582,62.51397533901613,63.24847412668536,0.8887010478292915,-0.45848712914008766
2025-04-30 21:00:00,-2.0,52.0,14.5,47.0,14.0,32.0,36.217412136510156,6.488243878911646,4.387404176120251,5.974129292319504,44.31209108382953,46.437264370077514,52.42368350783948,59.2557375059578,66.95778487479835,71.95373396215497,75.32533740312508,60.45677300020714,37.67229129678172,17.75430004432628,8.687580971720976,4.502172269680315,2.4745590777605364,3.024409697933259,4.046819705676068,5.70952120593789,7.205660891671313,8.922885628497342,10.06902105521637,11.09118892060656,11.530313235408554,0.8806828564301475,-0.47370635037968
2025-05-01 21:00:00,7.0,59.0,3.0,47.0,3.0,31.0,23.767331744283585,7.11711255528704,5.051604072294218,5.685643085664378,32.531913946096196,35.150066613341316,39.22488508272658,44.31103127695493,48.38077181416116,44.654947519920384,25.320991925072523,9.16079620449188,4.2724301651886405,5.362067042646947,10.179981492986936,16.858914378926325,24.401495707190605,32.43794447456766,38.11251081615386,41.910500604662126,39.51408524539299,33.72307118481478,26.41026729858989,15.812800477736976,12.821344846344914,0.8724040568049612,-0.48878539428899265
2025-05-02 21:00:00,1.0,48.0,87.0,14.0,8.0,17.0,76.59922957461941,25.926972241750843,3.3020113513042837,5.4972684849370275,81.66431980790611,83.79539913032767,91.40019456564333,99.79271654241415,100.0,94.24426520280113,92.20393694806687,95.01673180708964,97.11739946035351,96.23752893534937,94.83141897089516,97.09449686258297,99.81657865799615,99.27231225039019,93.73594476861116,78.11523554380292,58.6200214123907,35.4031611266888,25.38853032240702,19.344619467640957,28.45238309407706,0.8638670987837349,-0.503719798736334
2025-05-03 21:00:00,-4.0,61.0,74.5,24.0,5.0,31.0,55.59417457887699,25.772021197768975,5.12376163140729,5.532584099332358,76.05001250467363,78.60268464662703,79.84289381463422,79.68983891031986,82.85684235347576,85.36619109456704,86.5161156022937,90.5475386627299,96.03951273513927,99.91580016207564,99.6888373102056,99.34836913952778,99.07946497401137,99.69670272813235,100.0,99.0774910128405,98.52051696228799,97.24245112316486,95.55201716767128,93.30088863222961,91.79383667528505,0.8550745085896932,-0.518505144391157
2025-05-04 21:00:00,-3.0,60.0,83.5,36.0,6.0,26.0,53.37045277273991,12.739775270449796,6.143549652210142,6.3196664818033454,48.368730737612054,51.225996278857,56.899453861822636,63.313534625023514,70.33212759552153,72.69145630770404,69.6603776563833,66.90725396319233,57.96176129574737,44.43218353118659,30.256671212889163,23.064774098512537,17.761016214506707,14.82159009097305,12.305834471250469,9.67371546564052,8.130442615380687,6.502268435954242,6.43175184162105,6.718882607306889,9.997880560316123,0.8460288880917339,-0.533137056031809
2025-05-05 21:00:00,16.0,63.0,44.5,33.0,2.0,14.0,25.40911784173324,6.493338724712591,4.3226788886328205,7.113247344060485,24.231686744529952,26.632517064800926,29.455590904479482,32.4782503647088,33.77946993622085,22.281662028231093,8.38938986614369,8.595334170856127,12.803854937191526,16.13421723210412,18.494328429665956,18.992166908732163,19.030656672897646,18.766066705036653,19.035522582046767,19.277411173928837,17.7548532821495,15.555671486454292,12.903866553186582,9.460479606444398,8.782055559794774,0.8367329140344921,-0.5476112038402312
2025-05-06 21:00:00,-3.0,59.0,81.5,15.0,9.0,17.0,69.40099944206084,22.570987787758266,4.105918781374068,6.193230386848574,87.18771111308263,97.99607221535426,100.0,99.77192785311503,95.89989956662029,94.45547285750723,81.07523202334566,77.25204096806907,74.94004165195015,68.48312151980014,58.4918778772619,46.93826100947754,38.69902230178725,35.23691676691514,33.849189547868136,32.96826619448098,31.598221341899457,29.347572768658985,28.80123513693792,27.97378484299207,37.09623858719697,0.8271893372462497,-0.5619233046832195
2025-05-07 21:00:00,-3.0,65.0,78.5,34.0,9.0,19.0,58.2906613586381,20.540901930487866,6.167744378042821,6.256901383570417,74.76277823516551,77.15022175651231,83.8981438753732,81.22313251984181,80.62381078652572,73.54860379596175,63.01085219253244,59.03307155935479,57.85948513185496,57.4696674055829,57.310716081319654,57.90732467966472,58.403777891031815,58.29308849537167,58.10017515798261,58.189801139146894,55.10638401631394,50.02994070863603,40.04007989095001,25.11169182665931,22.12205155451696,0.8174009818249189,-0.5760691233798758
2025-05-08 21:00:00,-3.0,55.0,66.5,33.0,8.0,35.0,52.62981304343418,17.32971035974298,5.240181293943037,6.294426731951865,59.869972435033404,65.71122427884937,73.50988640503141,82.42583111629513,90.53459417797856,96.67489491901087,92.85829434258122,92.30033163539343,85.49071939693873,80.37613564763252,79.01029773293781,79.73035528691919,76.81072783383809,68.0422578366343,55.22808707027317,37.959309364163786,26.873599167229877,15.373520734638676,18.153716872478892,24.531142380586363,40.697895327729455,0.8073707443023492,-0.5900444739548627
2025-05-09 21:00:00,-1.0,58.0,71.5,28.0,6.0,10.0,51.057657198173125,17.60531554215233,4.649020889816897,5.692950960131629,62.58457212243789,69.38779100145254,77.9908647456872,86.62486644198572,85.9794063642187,73.28854539717685,63.66781986930762,59.85590959811111,56.96728059676768,55.66604244639587,56.16661297950279,60.0697134451762,63.106020027585345,64.4159024111602,61.50137106350849,56.20185444753398,52.291554151538165,47.706528385350765,54.7603423029574,64.38164662916373,67.94692905127295,0.7971015927871943,-0.6038452208771035
2025-05-10 21:00:00,-3.0,47.0,87.0,13.0,8.0,35.0,82.66194020583201,24.629247767751067,3.924209889704881,5.655424647878614,92.23257480246315,93.63864074400735,99.4805277803139,99.53993798205838,99.29538783777298,98.63196768087788,98.63995619329086,99.08183954934113,99.40246666866963,99.13052575351638,99.43089915045384,99.97006619999154,99.93825681069943,99.25055116577686,99.59636630117288,99.50265861731694,99.39163225610402,97.96065077613741,96.92330243941667,95.39084097705172,93.90676162228748,0.7865965660866021,-0.6174672802835514
2025-05-11 21:00:00,6.0,52.0,2.0,59.0,14.0,32.0,26.973178124492524,5.003156936806432,6.975259173495088,6.773340439483144,29.228975987611843,31.470588509074695,35.17283480895347,39.52490062761798,44.4244636571541,49.61188983227951,51.065569962201764,52.76321069017319,44.12896122091068,29.857571844858015,15.436444180436707,11.817468142186582,10.92748224677395,13.53586793844547,14.899052875042122,15.219023365809282,14.174206707168713,12.093717625047699,10.551407427270485,8.23259267520847,8.356403284232677,0.7758587728069828,-0.6309066211876704
2025-05-12 21:00:00,2.0,61.0,65.5,40.0,8.0,26.0,33.4297176709647,9.683582132913362,7.74687774051213,4.054795691913845,35.47862050360166,38.15330276690059,42.49387307615662,45.73697168371962,48.818989619950635,51.97590312559311,54.22759152500479,56.5864419290342,61.628453891523385,68.02797182021887,72.18613525601688,61.5713127951517,44.57971689059871,21.749065870321648,7.843644616576852,1.0605547642872062,0.07187261324182273,0.19144094911546342,3.2940826379359205,6.970915094723072,11.991295800810601,0.7648913904341226,-0.6441592666722685
2025-05-13 21:00:00,5.0,65.0,33.5,39.0,1.0,23.0,25.718543355420483,9.717718930169353,7.591442004696484,4.638831561109857,20.054608582423946,21.753033504026735,24.266372263307687,27.1617239954011,29.80575895117657,31.343360060151067,29.224355409702923,13.135743190293434,6.750822097978834,4.849838536420492,6.428610584813516,6.1960337735442295,21.0389201552528,57.59187083611307,77.99524683022557,92.73194080092794,92.85002145343714,90.29493575718249,84.3728961215148,76.49092261491558,70.16531849673828,0.753697664392914,-0.6572212950663319
2025-05-15 21:00:00,-1.0,79.0,22.0,47.0,8.0,22.0,40.553425717581085,31.897425109978286,7.883131612646649,6.133106127732304,44.864118874282454,46.2484138403698,51.39355831053981,57.37189694452005,64.21901390795297,71.3626253819896,76.42785131513756,81.66193517178415,87.44812364117,91.00953344007819,90.95363083699505,88.16203122299962,83.8056942434358,82.1450747698168,79.62252516969652,76.72559962682361,76.98250846907659,78.8054570323645,78.12982024562542,75.59930852928183,68.9493525477185,0.7306444969184916,-0.6827580970759147
2025-05-16 21:00:00,0.0,67.0,76.5,18.0,8.0,11.0,65.35826777296575,32.90499128595657,6.144007072687201,5.61269777908067,71.05196049868256,72.91728892919124,81.83466122728936,89.16365980006678,90.36518490913089,91.11786225065252,93.83298303839089,94.45195702723133,92.22746984440062,87.34624710666343,84.04378794997861,84.67955599224263,88.50454010221644,94.69492156285008,94.6195914676732,82.41609749254644,73.14397146634396,65.29689698048993,57.22248442708858,46.430350685686406,39.07734862735379,0.7187918772884232,-0.6952253139408722
2025-05-17 21:00:00,-3.0,59.0,87.5,14.0,9.0,14.0,77.56828852520378,32.82271100634124,3.6915440129127846,6.443933996954373,95.42232214178962,96.467392804707,99.86186446409393,99.88314269411839,100.0,100.0,100.0,100.0,99.45669755964435,98.11481649089224,95.17843276962303,90.05575661930735,84.44132662358157,86.8947840184842,88.16116481183874,84.98590145711589,76.5922465381507,61.307104310329905,58.82875371806983,66.22779683225627,73.18234127602504,0.7067265555776158,-0.7074868024503348
2025-05-18 21:00:00,-3.0,59.0,85.0,12.0,2.0,9.0,77.56828852520378,26.89920965239174,4.878526238392611,5.949585013414543,98.56398233686889,97.77412948614968,99.80145635789836,99.71156829143082,99.37531683671295,99.49080902624384,99.03404173419435,99.252442926579,100.0,97.69415949255966,90.08432934815863,79.87171878076214,74.06677192558713,72.81111990671424,72.50368629678714,66.12254738247822,56.09971166731887,43.05547464715041,34.817826287833334,31.369157511239788,28.32840328813623,0.6944521021088763,-0.719538934232584
2025-05-19 21:00:00,-2.0,49.0,87.5,15.0,9.0,36.0,76.6897482950498,19.806650445261095,4.197237185709742,5.184408347108846,90.5291390106872,90.66655146043729,98.43456568312273,99.42370505578349,99.01983808630662,99.42321389619906,99.15460762639519,99.77429985564164,99.45100355361166,99.44776983249606,99.41677536533949,94.6906226089424,84.4090129504422,77.61782136592484,70.79423833134551,63.0090051916344,52.45147582092362,39.00884057963,30.090579332347016,22.707855694423564,20.66084203156641,0.6819721490904629,-0.7313781428679254
2025-05-20 21:00:00,0.0,53.0,66.5,34.0,9.0,4.0,54.43645846023466,11.322285395900183,3.926144910014898,5.872160160504768,71.04567505854298,75.06411475005704,83.80670350239545,93.3408594385026,98.1684562811014,98.96459907822151,95.05032262731383,69.3715176284916,48.36247375563622,33.59687658532254,25.425929191438147,22.21540422850431,20.844042390879235,22.332694146138127,23.574830574282576,24.566452915038663,24.60615306057001,24.15686348025367,22.94076044856192,20.866095354267557,20.800793985081185,0.6692903895412567,-0.7430009249440493
2025-05-21 21:00:00,0.0,52.0,81.0,34.0,9.0,7.0,56.474904365301924,10.248005896524782,4.338494502561029,5.8955114210580035,71.48579096516033,76.2161474539258,83.68570081161401,90.7848544268509,92.68954825252231,96.0495839834967,91.60537433937763,65.49948556640783,45.521342217430735,34.20937022842197,29.788256975401257,26.63686137215028,22.027124276242972,15.294924075930158,11.692675522715373,9.330073640420956,10.313134871305408,12.36014396585596,12.687947266891127,12.745613661659384,11.606620069027333,0.6564105761979381,-0.7544038410927472
2025-05-22 21:00:00,-1.0,55.0,82.5,34.0,9.0,10.0,50.60187561794369,12.329674556360015,4.743271966749769,5.499706425531455,74.90929778851698,80.85344600207885,88.315700339688,91.18714289096975,94.27922887183178,97.95241257531474,99.57864247821223,98.40712247229867,75.45861994401619,49.55900239534285,29.71277446990175,26.367294158502443,24.83667343462635,26.29217331031988,24.60973831745348,21.223769706510197,16.83243588394882,10.931115387258963,21.844194506098663,38.75026562717851,61.49968748867375,0.6433365204044917,-0.765583517007675
2025-05-23 21:00:00,-2.0,44.0,88.0,16.0,10.0,5.0,82.45021129950267,17.9681039600521,3.276086404862644,6.518640891103457,92.06622902450616,94.69686149751895,99.4871676158166,99.86779935283032,100.0,100.0,100.0,100.0,100.0,100.0,95.54812021624397,91.12960418783624,86.6187947378317,80.58718934825096,73.81625511752566,65.21920291924219,60.46877096331672,57.73503341278824,64.12375503353239,75.75607653521604,78.5974246395362,0.6300720909843687,-0.7765366444428655
2025-05-24 21:00:00,-4.0,46.0,88.5,20.0,4.0,31.0,79.4511902256218,16.763142385076115,5.1485606519833755,5.318731233153177,86.89326486862123,90.07904004941683,98.31926493615254,100.0,100.0,99.70502769891412,99.4142701064257,98.90644911611042,98.6430516391077,98.38761967320215,99.41608298865103,99.62343945212197,99.73446153602443,97.38935791015443,97.03024925369049,96.2570525884703,97.2240479246964,97.82325538329009,91.17278273163643,79.72514278478506,75.57517175849007,0.6166212130956382,-0.7872599821916922
2025-05-25 21:00:00,-2.0,51.0,84.5,18.0,5.0,36.0,71.19580770255536,15.692523780557066,6.206625621597292,6.549224361376462,86.45992698765791,89.8921122398739,89.00797108370271,89.31563426014756,90.84801007701329,94.45066387684294,97.32968719240613,99.49022105914452,99.3489986546687,100.0,98.28253665458887,91.71176732243126,85.19589113906659,80.88247510273119,75.52851017866307,68.0664446946729,66.65592068897425,67.76945489220866,60.98489841477419,48.14138259988994,39.10080225017351,0.6029878670694714,-0.7977503570459932
2025-05-26 21:00:00,5.0,67.0,11.5,48.0,5.0,33.0,38.66066587184525,16.167817339674738,8.521558279603573,5.072147474419775,52.127047981412666,54.83459539480353,60.41582163128535,66.36377990216245,72.8738399235317,76.79013884048442,75.89059342903641,78.0655216443207,72.9954838537594,64.96437396733614,56.9055227473316,63.448646908396476,70.818213339591,74.49819902043839,62.64403818149399,41.16886362313824,32.2205774418879,24.581535067449863,23.47458333378819,22.778496778896187,24.57853291160641,0.5891760872322963,-0.8080046647350754
2025-05-27 21:00:00,6.0,74.0,24.5,50.0,2.0,30.0,30.464736959271534,15.468864299046926,8.936390500730896,5.714511464267957,39.86797506955474,42.25016533762573,46.203231978531974,51.05317336506414,53.85937417277885,52.30486059223729,50.626457236704866,50.74143772005285,52.40662788599156,55.021411703357145,57.55357377647125,58.61124737969251,58.71586478871473,57.55540759596352,49.37789633043366,36.370223152062955,28.058683969080704,19.26892012394404,16.269222353852594,13.108397235488333,14.664363512405599,0.5751899607119775,-0.8180198708443175
2025-05-28 21:00:00,7.0,79.0,4.5,68.0,5.0,29.0,25.805934553053778,11.407654529026132,9.13046328360299,4.979922442271864,20.14946032402964,21.42648764956756,23.52569640680319,25.987349359592272,28.969269180818618,32.18617971393572,36.52971035543869,41.65528205886707,47.38593868218378,52.835186195409946,56.72361779298475,51.07047125052668,40.01403126374743,22.007587057238883,11.99974709656136,6.362956797429008,4.709921862289069,3.8214254699434673,3.6096172602027785,3.1429872475536245,3.977103978058389,0.5610336262283677,-0.8277930117131022
2025-05-29 21:00:00,2.0,74.0,81.0,28.0,9.0,22.0,39.77159708844618,24.17393826786247,8.720133215491543,5.23707317925309,39.11991544496355,40.15920012984683,44.39789391345259,49.22832043928571,53.82927394601475,57.0898675034075,60.877761032334874,67.84050007623506,74.80791774556542,80.67908244229032,85.05358478365056,88.44750087070199,91.6512284754087,94.79782090116696,89.19834463608971,69.80297670433735,68.80495376914274,80.6072709278592,87.9587303121061,94.52497378328937,90.77029038333734,0.5467112728685939,-0.8373211953118121
2025-05-30 21:00:00,-1.0,71.0,62.5,37.0,7.0,23.0,52.975883453002126,26.005900677961765,7.526463591140501,4.366211361250628,64.95290092493241,64.80944496332097,70.52221687046297,77.74302317751307,84.2895396381938,85.9320372480083,81.85314228965625,76.2290732478633,75.8246291095527,75.90761520693802,79.31987050978022,80.00694182848692,74.58089065197618,75.46388256262124,74.25405537479833,63.3033241256249,50.083052547860575,35.03580436081092,23.205969568809294,12.124086106560108,10.503267175537514,0.5322271388474397,-0.8466016020976267
2025-05-31 21:00:00,-3.0,61.0,87.5,18.0,10.0,14.0,83.60281986999829,28.269869400052123,5.780830663444171,5.915645546383139,85.26027898528473,85.1830928424035,89.36799820767516,97.5644426187093,98.40232922933231,88.494656666366,73.94249431441231,66.38824858786626,67.66696221600893,72.94700649349426,80.38036766870262,87.57714575193857,80.80642673641766,71.2343306234961,59.302523639057455,47.764597340008116,36.073645209578885,29.77446287978231,24.70861552968686,22.849151947905593,22.280742997942895,0.5175855102531889,-0.8556314858488706
2025-06-01 21:00:00,-2.0,57.0,86.0,46.0,11.0,24.0,57.184861040309485,19.66751634019909,5.46080741423509,6.039648934462695,69.0083306131874,69.47293871818735,74.11880821082615,81.85164543358239,89.5239276654745,91.46179818209971,91.85033222773963,95.41161591064514,98.91167098628341,99.69232269653654,96.53189941068038,89.79712439131475,79.5305135235945,73.64195657061356,68.6606022575106,65.44584020799054,62.875059779591815,60.4557594578753,60.15605994644299,61.49751091606328,62.70279036662168,0.5027907197793043,-0.8644081744776648
2025-06-02 21:00:00,1.0,59.0,66.5,36.0,7.0,25.0,57.46475728874789,16.552638971269445,7.848274828598772,5.471571772134025,57.581447296810964,59.40354613449388,66.00054351067284,73.7110254159513,82.600682745447,92.36274754874239,97.52007871358845,99.15852561984372,97.87232366182562,91.9770502486853,80.39311458009429,75.17878650092477,70.75877107343986,62.06232067898225,50.73503606913761,36.35816709126361,29.34552979494431,24.432575176294893,22.26697833784894,20.39211271715495,19.83409848646508,0.4878471454423119,-0.8729290708206411
2025-06-03 21:00:00,3.0,73.0,10.5,66.0,5.0,24.0,30.30800692262566,13.910665190049606,6.592524662753436,5.08407316942573,33.39273878565952,35.97608558950049,39.68952694024485,44.21517506185494,49.31543547751745,54.81470822390999,57.99365153182032,54.880858591441736,37.532385408057344,20.648511525778545,13.388163658481893,15.904619698953287,20.000494424476596,24.84820867841706,29.584466305090583,34.06669976606854,36.319206197836266,38.402217756474876,40.94317819351643,43.536530617537295,45.53742619071133,0.47275920928627757,-0.881191653407483
2025-06-04 21:00:00,0.0,81.0,46.5,32.0,9.0,20.0,37.984924776350226,17.784535198560285,5.522257640675904,6.491938752127413,47.26413633328944,50.50958900193272,55.49448942086027,54.153493787285754,41.89822746372533,32.55638692101398,27.595503729218397,24.332793564003648,22.82102392813968,21.863703665375432,21.342684038964915,20.652688398070758,20.03515746187704,19.463875297746664,19.298267864221636,19.36394909642669,19.07916704195753,18.177144105825803,16.854704409902634,15.042657960852448,13.533990080433863,0.4575313760742512,-0.8891934772070711
2025-06-05 21:00:00,-2.0,80.0,43.5,16.0,6.0,28.0,58.20002676000418,36.54526874111731,7.151014236219722,5.41273282824593,62.86402997219104,65.72461635222392,68.9922643959301,69.34375908464905,71.51835819169663,77.68089114386527,83.06375859351813,85.56795222494486,84.45537557898494,80.636364951248,80.80758452543549,83.79852741149031,85.49817347564866,77.41555236476712,64.5473225496526,47.09495769146615,36.37240972816785,28.292895191924387,21.637312736318943,13.768307609044195,10.39319899799948,0.44216815196707204,-0.8969321743510065
2025-06-06 21:00:00,0.0,79.0,48.0,55.0,2.0,6.0,40.553425717581085,23.079499766468178,7.656504159873198,5.8252881464103545,38.44489061389261,40.13360877496583,44.597960996388835,49.60078974145361,55.696000387512576,62.39197720451229,68.95553410877004,74.80720632371408,78.02798685849567,75.56587064789234,59.75721426921316,48.33649916894732,40.61996205054418,41.024593174081986,40.68049958614705,39.2761689271747,37.75255793201974,35.58145212577056,31.86685323548417,26.662362658641435,30.003980946875835,0.42667408318992467,-0.9044054548343001
2025-06-07 21:00:00,-4.0,68.0,91.5,11.0,2.0,2.0,70.37250898029912,32.54775143535116,6.080911603163317,5.9982487239335125,91.79824915324909,94.05270862321113,93.71407937645489,95.63762976858716,97.69793892206928,98.35091427853854,94.75420457204524,87.7809843118906,83.82558350727331,83.78954355630914,84.15419983531339,84.79587541125765,85.80621797897741,88.03365341057575,91.27782859673647,94.74108989070918,89.7717745784446,76.65430516746746,67.566835836571,56.842527049327664,67.51327802619387,0.4110537546870351,-0.9116111071930239
2025-06-08 21:00:00,2.0,71.0,3.5,54.0,4.0,1.0,33.71089265797102,13.907345481311104,6.299727625560243,6.016822223772072,38.964428496772804,40.9133262750831,45.411225312467835,50.83672523529748,57.03088848765467,64.13918582527066,72.45785028422468,81.57715899338677,85.19163101803113,69.71577111063819,18.222187566857478,8.543068171356042,8.603355569804677,9.280735961260328,9.355950523638862,8.786181818850725,8.971491713090831,9.465764808551503,10.899893766925988,12.867032588796073,13.145051837055155,0.3953117887649151,-0.9185469991587165
2025-06-09 21:00:00,1.0,69.0,43.5,41.0,8.0,18.0,40.499911320524994,22.266109178629502,5.898321162037394,5.053129737238024,47.725678830221796,51.24632355404092,56.91324606104231,62.57662868509257,60.53362887202716,52.98075140011308,41.19046867211882,37.62459372594943,34.75064605395616,38.13294392028554,52.71639606940855,72.34224952675929,89.11412842136741,95.28876440947337,93.9241229051813,88.04627891216468,85.84902485530971,84.43521855891525,83.55963213763661,81.9218180435797,75.56399932472885,0.37945284372454435,-0.925211078289358
2025-06-10 21:00:00,-1.0,60.0,91.0,14.0,7.0,16.0,83.53809250668525,33.57337998356039,3.1880261751116405,5.785819235482737,96.86156146395166,99.37014049571472,100.0,100.0,98.74561665380696,98.90094158001132,100.0,98.71074958003597,83.23675923087855,60.94226250897775,48.63232548169674,46.47696175057053,49.25324284013667,55.91786558362758,62.66179340130654,69.53128162484388,78.05027997199171,88.66299876161902,94.25392225567111,98.73618982433645,99.2004840796673,0.36348161248290634,-0.9316013725767187
2025-06-11 21:00:00,2.0,74.0,16.0,60.0,10.0,26.0,44.473791254469894,22.663088808222856,8.339168083238533,5.8097112312865224,46.220975095035996,47.182392502087666,51.659341752003755,57.57824428649022,63.75473226864796,70.83148530505756,78.52593836915167,80.97432410290367,79.30632483155932,76.61864820350885,76.33015857599574,76.13280627402908,74.46934974039183,68.17524947576547,57.81592771106777,43.40386697382513,33.907781728237914,25.95557315136596,23.66735163203299,23.000505780307055,18.71673079873518,0.3474028211842774,-0.9377159910299093
2025-06-12 21:00:00,3.0,67.0,51.0,48.0,10.0,30.0,50.47135080410152,18.029502891230678,8.547461785357596,5.107910925351233,45.74998990781792,47.18417562510518,52.29142153463321,58.506667074580974,65.48412591951902,73.5126082664586,78.01560632952447,82.48665192754856,85.82877759104286,85.06435414530017,81.36549825082079,81.38113202357488,81.31394302568492,74.05618344929235,56.275260353576925,28.283939143208514,15.879753627154077,11.427130563644898,11.672738159268047,14.340158935855976,16.60342189704017,0.3312212278016865,-0.9435531242349544
2025-06-13 21:00:00,-2.0,61.0,39.5,56.0,7.0,34.0,40.79707550042919,12.630377697038359,5.911862652180515,5.62747421211875,47.39769947322984,51.574955850577645,57.65876047083831,64.69498930830862,71.73286769250001,77.69940561757443,80.08756942739446,91.47041500645442,96.14318890143274,80.19947700813906,48.01883288799918,35.64676552770613,30.373371590231834,33.98527675896234,36.22908932890366,37.384528376040436,33.88343769422479,27.868201611295063,22.30279917893445,14.665794561841622,11.385938284300416,0.31494162072895193,-0.9491110448902284
2025-06-14 21:00:00,2.0,66.0,23.0,64.0,2.0,36.0,35.609418199129465,9.99827198068244,7.373119860654179,5.368475008853074,31.458043611238466,33.06686068301661,36.584717650985006,41.126879071829826,46.09633153952567,52.089541003182724,59.28170151836339,65.89376956711016,72.34403211659684,70.74477643008149,59.24875704776371,32.60572277606394,17.207854439387855,16.069574162151902,14.91874741653412,13.56279263636478,10.93294670355854,7.51646767321482,7.197999697571597,6.781654370454164,6.291467127612335,0.2985688173637202,-0.9543881083175908
2025-06-15 21:00:00,-1.0,70.0,34.0,53.0,5.0,24.0,42.22934726093345,18.569581864701654,8.714386925765279,4.754353691669138,48.66622977064052,52.4914157800075,58.12713501387123,64.6622917399675,71.11428644437888,74.80953389036546,71.13016265519025,74.22226264061447,78.38650934693067,81.03216021990029,79.23648240390226,73.5298385707952,65.94665347011265,58.98857311745144,43.08170066062594,23.58316831499865,25.00212880012987,32.38203901645454,29.119348177622463,23.012261289937815,14.417110334635147,0.2821076626819194,-0.9593827529490743
2025-06-16 21:00:00,4.0,75.0,32.5,60.0,8.0,21.0,34.344715667251954,15.289181032082906,7.76202314652741,5.363618665640344,34.16052811584691,36.231893176702215,39.926784032012996,44.504551553758745,49.33104576146173,54.216535719835136,54.40088913849538,61.60702337901972,68.0570605277731,69.42100019072757,61.3407476677197,40.70095105686725,22.487558512533127,12.867130623136216,9.02336638461032,8.74217167965383,13.133547249510876,19.990753299714065,24.89661959263072,30.045707752782754,26.988679541445048,0.26556302780405594,-0.9640935007889755
2025-06-17 21:00:00,1.0,74.0,58.5,40.0,10.0,19.0,47.87462530153812,26.972883273257054,6.478589718596611,5.665729856809656,52.3543358513293,56.00439856594082,62.45457770350447,69.54227789960322,76.85169106573856,76.22620465153855,75.33623135208022,69.83717700845602,69.59913222876234,70.60065735963224,69.05865515326465,63.43394955630329,57.57588043075994,53.304421607290465,52.13145268542938,53.102269327625166,52.61683318712964,50.5339013351739,50.056249374463654,48.80299929930938,48.784082327681965,0.24893980855376657,-0.9685189578512204
2025-06-18 21:00:00,-2.0,72.0,91.5,24.0,9.0,20.0,73.32748485196429,36.85367775985875,5.301663327204816,6.047547420979585,82.71754744488359,85.67599836079187,94.60935789770419,98.04799959748343,83.4400956169047,71.8279480126339,66.86085990566968,61.46560362543488,58.43462506846896,57.51106275507038,59.1513509836561,61.5524692747039,64.65610473617394,69.52875899182175,74.89769507619364,80.91677347800095,81.93778632313328,78.92369516521266,70.52366212609331,57.83007927587065,41.06636516030569,0.23224292400907015,-0.9726578145718654
2025-06-19 21:00:00,-2.0,74.0,89.0,18.0,7.0,17.0,73.51892767698158,45.62598829083943,4.997883691460786,5.396591366379551,87.1371599740222,88.69084009580212,97.62196519621423,99.043464357506,99.24366728758646,100.0,100.0,100.0,94.75113787948135,79.97088734824769,76.45186348547195,74.58402082769776,74.15243245827007,76.23114210967556,77.36632200890169,78.07506579859364,78.47193935794381,78.83625207902057,78.77725069679687,78.35996711754727,77.86753084956925,0.21547731504673012,-0.976508846196619
2025-06-20 21:00:00,-3.0,66.0,86.5,21.0,11.0,29.0,80.99318848895413,36.03247205150588,5.953705324601872,5.556930302397315,76.94366425968785,77.01844310548572,83.58506619397608,91.96175476215286,98.71396512892089,99.1298743007858,97.4229526095554,92.2583329202711,86.7489697567401,83.09186137253654,86.14131211272247,90.40690522905713,95.21752933136402,97.40531374298727,97.41191537398743,94.14396249758751,88.49302466641899,79.05538054303709,73.49688580426321,71.76704369369126,67.96309644906111,0.19864794288017112,-0.9800709131432666
2025-06-21 21:00:00,1.0,75.0,8.0,52.0,6.0,31.0,34.344715667251954,12.20470329240671,6.45498629815685,7.1632996160957445,38.9186241657461,40.40210328650467,44.23450877116467,48.70532244816977,54.170536938988676,60.27206801535014,64.29296016448875,48.96134922211254,25.76315253920911,7.266577155196428,3.5474022269555503,3.5014143316657753,3.9849068652596076,4.168918873605468,4.565499327439044,5.168685929380597,5.6998957852822825,6.233128209171648,6.714115199384947,7.162533908895983,7.794784140533313,0.18175978759137534,-0.9833429613388902
2025-06-22 21:00:00,-3.0,71.0,80.0,18.0,6.0,29.0,75.85527589243935,35.65867943006732,4.033571727853031,5.674301245255158,86.60519137755233,87.7947256405439,93.42135753949762,96.97866122216259,98.4924802964167,96.60805220218847,92.2730860731739,91.97864845860863,94.01080716561367,93.1094205515599,77.34191623029423,63.8403155740112,51.95974147478385,42.048523854486454,33.31088776131821,26.082102624476118,20.613695432925923,15.73923391025188,13.312447957228526,11.275807930736788,10.788831012148052,0.16481784665719793,-0.9863240225317866
2025-06-23 21:00:00,-1.0,82.0,51.0,30.0,6.0,20.0,54.5285079824562,34.6729565418041,5.463183518960499,6.3363976153689805,62.655959389957786,65.95799746196407,72.85334752324863,80.55276544741405,84.77982358011717,85.5069709055978,86.56893382714256,82.63875518065367,72.9230625850741,59.12657808245938,46.01006762786588,36.76760934263024,29.284128488908284,25.17373565729755,21.33354466003122,17.86237042566737,16.89600386407916,16.95220482075061,22.870482040276123,31.924898339995934,48.58817594959021,0.14782713347053048,-0.9890132145779883
2025-06-24 21:00:00,1.0,89.0,20.5,45.0,8.0,29.0,50.07680547324994,44.563366315803194,7.5248390826431395,5.720684274695462,51.960214341012886,53.28179121305377,58.35937611140308,64.63310823285123,71.69364276541482,79.1087807400499,81.31563861047448,83.3373208660401,82.46494098910175,76.92330629111959,73.24881156756523,71.27057559173242,69.25972034631502,62.857745398832634,56.70982093242657,50.900323069208255,50.83822751236835,54.42316621660226,57.25785080805754,59.31775055830456,50.79096352534669,0.13079267585675922,-0.9914097417023038
2025-06-26 21:00:00,0.0,67.0,62.0,59.0,5.0,32.0,37.19057873870329,11.83156934227189,6.903273671071645,4.657205765599166,38.8535352300536,41.961017405311445,46.55688595079226,52.20169274782257,58.44472304313416,64.66354373424822,67.93276338547187,72.7630803469075,57.22047074959801,38.28887463583025,21.272956667363143,17.890674352313198,15.309593207089867,14.274254798531368,13.657801032327429,13.400166960056339,15.524759653149909,18.339078776435315,16.923711310894166,14.665695227823495,12.683663616344203,0.0966127018812031,-0.9953220513156602
2025-06-27 21:00:00,1.0,73.0,49.0,48.0,2.0,35.0,35.35521255505313,12.135553673575439,7.180721567562583,5.373140853533199,33.93767882617233,36.735850217944225,40.75262574207376,45.49443294538256,50.959379491129475,55.58033763429427,56.93507737694119,57.67166682289502,42.14863520347289,29.039155576790947,20.631486254831135,17.463856848810728,14.349419943767568,11.470523502634604,10.592357075028486,10.436538072998921,9.98896694237221,9.507926554353118,9.364201807820779,10.605231914486094,28.798374631684542,0.07947729992362097,-0.9968366760893436
2025-06-28 21:00:00,-1.0,54.0,93.5,15.0,9.0,15.0,89.55763571220754,33.996253497246315,2.7102154898669646,5.61817890433338,91.36803230414591,97.93320262255132,99.60633803565243,99.70812632051926,100.0,100.0,100.0,99.7316799794522,99.85138357446398,98.60151581149374,96.14697415624582,96.97975760841318,97.9564252596614,99.47053815154753,98.27742714145168,93.3417747158146,88.84093949849881,82.90164310477739,72.76736826615087,58.13904984065784,39.30052927566384,0.062318379354325076,-0.998056320853012
2025-06-29 21:00:00,-1.0,67.0,84.0,14.0,1.0,21.0,78.23768272867298,30.28449330425248,3.938070750810822,5.461351769178658,86.60193734503385,91.12957230493484,97.33057196334023,97.11952126445833,98.13972072131072,95.06747831471603,92.08890695938837,89.27917881933386,86.61563417885525,82.11692024058857,75.56174133203773,67.30006915538462,58.919313039993604,49.43984712833871,40.07571599060871,30.020657323319988,23.351500287254915,17.457631917491344,14.977114775811875,12.948257599098314,13.184170025855149,0.04514101777397193,-0.9989806246941579
2025-06-30 21:00:00,-1.0,82.0,34.5,38.0,5.0,23.0,50.828531099272766,36.37405229150235,6.919529223457189,5.567704116059119,52.769039034135275,54.96198982606282,60.87496072607301,67.53923604335527,75.1862898535956,83.38671365714117,82.70234171755672,83.4312216722919,78.0059189906436,67.82608335695409,60.32075013272837,61.37227123614124,64.59604897743282,68.20026597789321,69.07380096311337,66.66357857395674,62.81063944276407,57.58558898140536,56.68816608761967,56.77435802229947,52.88671395551293,0.02795029824021032,-0.999609314096404
2025-07-01 21:00:00,-2.0,75.0,88.0,19.0,9.0,19.0,76.20658896526173,45.60814940387631,5.769240250444417,5.405600304877543,78.06814303684467,79.48270254156448,87.20933817685447,90.48048660254793,89.7469075481508,83.43824682427706,79.33639345173779,79.23909406073726,83.00715481355277,89.35567454641891,91.56455722646548,90.09417917222052,85.78764805870816,83.43843603734761,82.24429381159361,83.34910731145013,79.98385788645884,71.29571953840932,61.21182381935927,48.2563427929675,47.230621837722566,0.01075130776352193,-0.9999422030204416
2025-07-02 21:00:00,3.0,83.0,48.0,44.0,7.0,27.0,47.49944340553627,32.35837885916641,8.458085498890265,5.254809912771911,46.33014889607912,47.119702501876326,51.8926120378507,57.43167813924652,63.99504146144406,71.32620443876404,77.04260095592039,81.91126485288737,87.5045819725819,92.35645358851163,91.84658701260392,86.25858708185275,76.19296140791758,64.63515499743893,48.7899592636801,28.167299553365165,15.647299166414793,7.744899890060235,4.933546602626876,4.602732503185499,5.324809030433077,-0.00645086419810515,-0.9999791929590823
2025-07-03 21:00:00,2.0,73.0,76.0,6.0,5.0,29.0,68.44137294700022,39.5196535854142,5.7327638415267,5.637934717475152,85.88674482470039,87.36786965921549,88.6709825403324,88.71233224307163,88.48583044716337,89.10504745094183,89.94458800494075,91.31509339692401,92.73600721463077,94.07975954172775,95.75215533447539,97.21159192269091,98.33608906481636,100.0,100.0,100.0,100.0,100.0,100.0,100.0,100.0,-0.023651127245231586,-0.9997202729664083
2025-07-04 21:00:00,-5.0,66.0,60.0,38.0,8.0,30.0,60.623940458725166,18.9422694359986,8.06552165034668,6.3416538084904825,51.789379486926855,54.22657223653952,58.5018470392729,64.13840175737307,69.99763444238476,74.44249088652629,78.3391759831078,79.6187203458134,75.84599684564711,69.3491450959425,67.30857032603171,72.85714641448514,79.97410259358642,76.34555049159131,66.64284001038101,50.7949598423026,40.802836806326596,32.17823331046327,31.69990048419991,33.570308536026054,32.87940986736106,-0.04084439154329611,-0.9991655196610109
2025-07-05 21:00:00,2.0,79.0,22.5,51.0,6.0,26.0,40.553425717581085,27.87605467302519,7.8496944896169305,5.311668757851138,40.271715738346344,42.580812901713735,47.35254377352825,52.66871199092111,59.120088450805376,66.2494685443678,74.83142725755154,82.8005549723256,88.17267186541292,89.54141956519014,85.9681119408818,66.08165234410741,49.03871438070359,48.30084076268423,51.07968312733382,56.47934647397721,59.04870932606969,60.18001869272862,61.535284257974645,62.65679961132182,56.078243482939946,-0.05802556932878035,-0.9983150972033183
2025-07-06 21:00:00,-2.0,81.0,67.0,15.0,9.0,25.0,62.52216174202056,45.35400118477541,6.613155602741292,5.138686060553735,68.77270479593554,71.04237563392601,77.60597580192243,79.3620336548757,80.26699596585192,77.96223483206829,75.63649625294059,76.94324049407767,79.48612277929307,82.69289256404544,82.10216491899043,82.27711660523323,82.97615675634763,87.68984234222667,91.72645199883817,96.63798805472268,98.74268528088028,99.11727927521228,99.5677222420834,99.76315431350493,83.03593434703903,-0.07518957641475855,-0.9971692572470178
2025-07-07 21:00:00,5.0,73.0,73.0,17.0,5.0,8.0,76.03184026638034,42.94875925307567,6.303335849390636,5.145842909306843,77.32855958355846,81.02164051251883,89.60747525834493,94.73268328693551,96.15567966993135,96.04197849059912,94.85683670935732,92.1476696416116,86.5594969268174,80.26080859069681,77.14574133198899,69.07453284512052,57.98149190246982,46.380419014796225,41.11753930791571,44.33922525232004,48.11279227008615,52.98567063356118,55.64096672755452,57.161974815809714,57.86092708829715,-0.09233133369539122,-0.9957283388645872
2025-07-08 21:00:00,-1.0,74.0,72.5,34.0,3.0,3.0,59.49158469966002,26.25419657040407,4.954811253571218,6.034338154687591,61.38728313177899,64.63010290514505,71.27733862192981,78.76918366051571,87.58164233994812,91.02965858829938,60.936098733619396,54.70661966973913,55.53915120157997,55.89571315124209,51.099423780885466,44.87013240968059,38.93510052352792,35.012663678948286,30.733549820134158,25.73717236555602,22.33538850159689,19.100227641954458,17.809750389578845,16.65902487558431,17.476201748919696,-0.10944576864891556,-0.993992768446958
2025-07-09 21:00:00,3.0,78.0,51.0,33.0,1.0,9.0,46.75258246477517,28.084059833632168,7.129526444262755,5.598319750972956,45.239493720397775,47.79900712137761,52.98360046934479,59.1271287104396,66.30755492755263,74.97654601517245,83.83795391016467,88.76356001825764,85.51596760621914,76.59758190757144,65.45209277236881,59.72000046576067,55.772715609794886,53.117478343513824,51.446669739636306,50.278334765432206,50.84603029742074,51.71639582233004,48.5215135925185,42.49833989965327,28.883253717856718,-0.12652781683868314,-0.9919630595773397
2025-07-10 21:00:00,0.0,73.0,84.0,36.0,6.0,15.0,59.36035569550202,30.407589031362747,6.531465209847004,5.429347203131674,60.40805286046659,63.24232898188396,65.6870425772656,66.4659238971755,63.0824362357008,58.734771118498394,57.058378190149696,60.179415256590666,67.50866958650705,77.53300633432987,89.9882979903122,96.31430997678578,99.40518898915607,99.34625806984808,94.15117496114692,83.31858403268795,75.54159341913164,67.30567497885696,66.63166923845687,66.44366915482843,50.997291441319824,-0.1435724234118113,-0.9896398128792412
2025-07-11 21:00:00,-2.0,74.0,50.5,28.0,2.0,17.0,63.88019287066453,30.334350911090787,7.801606007562891,5.453454166190578,58.900876191079355,62.93837294227491,69.52127903437403,76.93404687503954,83.86795546858788,82.63791982390968,82.54568356305553,80.21643803865486,78.01444252466257,76.48539474394788,75.94252000258498,82.13470977323092,85.30103942983864,77.46128599432576,63.86950430750805,45.63870837966397,35.14269211582267,25.85478720755105,23.61470782341645,22.279000443328922,19.986613204716026,-0.16057454459499376,-0.9870237158387383
2025-07-12 21:00:00,0.0,79.0,34.5,32.0,4.0,18.0,60.13960745391395,29.18632131909179,7.836409024295092,3.808404350710346,57.82666695687454,62.227230539195666,68.90200355172719,76.45066451839581,78.24994385739868,74.25152202452452,74.86907146415457,77.83554314298165,66.9579729582543,57.522930159900945,61.14342024161077,68.40029532861782,68.00777334099979,48.436447775615854,27.408104838986517,7.6405992437284524,3.7979945694304145,3.8796251635118573,8.084373076302388,13.990834510546266,13.396584626026304,-0.17752914918703497,-0.984115542601034
2025-07-13 21:00:00,0.0,78.0,49.5,35.0,9.0,19.0,62.15225499128753,36.81720540486479,5.90133102133898,5.283498113980366,62.576450669414044,67.38933213638366,74.78332216575936,82.56807984328962,85.80765375288756,81.92283121713746,66.32403137455513,62.18990567562549,62.394318319697575,63.152607332495016,63.82781030861129,64.43637252990555,65.47831576276975,65.77878852463691,63.905418380090936,59.97094351193003,54.99776501250747,48.49898850339693,46.74094252103427,45.34121158452003,40.816347633461405,-0.19443122004766195,-0.9809161537413774
2025-07-14 21:00:00,-2.0,76.0,88.0,23.0,8.0,20.0,71.20078883633502,43.29002995928104,6.052635667496727,5.352517904382512,74.3567478178834,78.90442933628596,87.70599745442411,90.88971166601205,86.60103100095286,81.28216658242322,80.8445179261953,78.81130237804531,74.37106725711831,69.44767280997901,68.44229773397036,74.07244002848023,79.84851455294063,77.29173350582124,76.8864791097633,78.85001924270098,80.75210972766953,82.46214079935427,86.40458923658782,90.94971585512916,88.54072554395144,-0.2112757555821793,-0.9774264960104055
2025-07-15 21:00:00,-2.0,85.0,21.0,45.0,6.0,29.0,46.14141879111695,31.032872444657635,7.834053646879605,5.018959091253339,41.84747383106611,43.70605596792597,48.4228989965569,53.63337664707236,59.622946472479214,66.83904797940596,73.99167298621595,72.47987555211999,68.65373016013378,63.93066001962274,59.539108995293354,55.2628620656799,49.799739309225096,42.364173718526374,36.93500893976099,33.33803942348057,34.72460276106503,38.510616586279085,38.65218717044712,37.5256316381052,33.68586864738183,-0.2280577712215198,-0.9736476020539838
2025-07-16 21:00:00,-2.0,88.0,10.5,56.0,7.0,22.0,44.98847319007457,33.68023713276902,7.469544755226776,6.431649626079207,40.7671663533341,42.372933265968804,46.607082432048216,51.40820081292846,56.914916602231635,62.233395120811565,61.43801191885322,56.44534976797962,52.17476860111604,50.235996553224346,52.47050968781627,55.39840622485052,58.69971552850007,62.28970183129875,64.74455363615151,64.49095432787797,60.223328046218136,51.59408777503865,41.80957504344835,28.599723974378815,20.898472231651738,-0.24477230089725957,-0.9695805901076308
2025-07-17 21:00:00,0.0,82.0,47.0,33.0,11.0,18.0,64.83182192304785,45.68635966177981,7.063130717550286,5.664612566585733,59.13085099516414,59.999489824981026,66.36353562326904,72.76274852558562,71.71247486639027,70.91696066975108,68.482656111377,58.39462277887533,51.498827259071035,59.11974535192726,73.44234721732727,83.13105477587585,88.07339537452665,89.07828976742738,90.08736490137883,89.82791234942717,89.87572566102092,90.20623773375168,90.01035137356929,89.35266684349484,86.55871977835449,-0.2614143985111562,-0.965226663665613
2025-07-18 21:00:00,2.0,74.0,3.5,62.0,9.0,32.0,39.77159708844618,16.165694054676095,6.502709972402829,4.754407478352725,42.228740624648395,45.05154887138788,49.88683352927623,55.50335217097587,61.88886666180281,67.51553362608436,68.47632317140291,69.73173799783902,61.398629537278204,47.50617891660588,34.48140348710091,26.17642869280295,19.440648273735036,15.11660155857682,11.637574946527787,8.814761508023565,8.05002780939066,7.966801612387524,10.320938073069092,13.823814942498142,18.22157918796296,-0.2779791393987801,-0.9605871111248129
2025-07-19 21:00:00,-4.0,78.0,42.0,63.0,7.0,24.0,38.93342524806277,24.808712278149333,8.79929834311844,4.572572225407328,35.33401314737164,37.28663791631683,41.44017326279655,46.18864643430436,51.640070445705454,57.9604364040207,65.31230564678569,72.88894577359962,75.42068085447033,74.5601644577928,75.29810867710623,76.51979695885615,77.3327675276385,76.9193617160548,80.59955620898833,89.02333934694191,85.902590759043,76.43102749661061,61.394680991385684,40.62076116976522,30.947858128501878,-0.2944616217868012,-0.9556633054034704
2025-07-20 21:00:00,-1.0,69.0,86.0,16.0,5.0,21.0,75.67687268246146,36.92092402876067,6.389936132398186,5.359837722379908,85.36196932121229,86.54371081995097,90.46059316754464,95.06492599146567,96.68636408705112,92.29118154792192,86.24367495740161,85.15340913509203,87.60127691451126,92.5581811413814,96.61268032102525,98.62933436509954,98.51722195712146,98.775272698307,98.84575236333288,98.56884388472801,98.76200606751678,99.16671499961441,98.8923072661617,97.32439475679166,91.94168689121433,-0.3108569682435036,-0.9504567035349151
2025-07-21 21:00:00,-2.0,65.0,46.0,49.0,12.0,33.0,46.500535080020214,16.976373739699817,8.40961589491052,5.077441146555322,47.55323979470943,49.456847346189484,54.797528895547565,61.64358985710283,68.90170605330361,77.38371241641504,83.15980372087587,82.79610572969429,80.35317712497675,78.30355400562057,79.70273051982788,83.8283724041353,88.24851458612238,88.56621052070564,79.51803746921092,60.52568479489502,49.0854051352418,39.21166245192524,28.36947886539218,14.525656594854967,11.519814298690342,-0.3271603271220951,-0.9449688462364056
2025-07-22 21:00:00,0.0,72.0,11.5,59.0,6.0,33.0,40.973852214433464,16.967174290817645,6.351432388516479,5.797270542624514,43.23608396633563,46.58857284134618,51.92359230381432,58.01101904150978,65.0693893513707,71.96799869939252,72.92291642110355,81.49313708296157,89.7057847958147,80.67977684224216,50.22237923002759,32.52274193362064,20.775676985873204,17.046005289389896,15.45920903839538,14.746084745140514,14.893868876470606,15.327154816930616,15.387556784655587,15.1160632253141,14.222761122523542,-0.34336687399638804,-0.939201357453208
2025-07-23 21:00:00,1.0,77.0,40.5,54.0,5.0,24.0,41.75550790649935,20.069109873931573,6.715523195434045,4.882733188054146,37.60675476551687,40.58454473738629,45.095928792315306,50.39633058509979,56.67963626713045,63.64765616969351,71.37609491499455,72.60950093512072,58.42505114897545,39.1229582309354,20.00291913859747,19.741601126934956,21.39480065370328,26.557413231052536,31.08955453884828,35.96664769449235,40.50642916584421,45.945750555710006,48.231746527750474,50.71405052535347,53.819979613578575,-0.3594718130884232,-0.9331559438780432
2025-07-24 21:00:00,-1.0,83.0,53.0,34.0,10.0,22.0,50.972422488102566,37.73951152187135,6.863198116248847,5.313934367695637,39.84844568285644,41.141314517013164,45.36626960044955,50.2752204977592,55.54666239900904,56.9059845975445,55.96607894127765,52.83707348005719,53.06499100028489,58.74741675330678,73.63243243592079,80.13051693714353,82.01861205311126,80.36039316368272,79.0774099459558,79.0902201897524,77.84041315928614,76.10060001168155,73.514697424394,69.80069238734808,67.28001519496416,-0.3754703786876202,-0.9268343944460494
2025-07-25 21:00:00,-4.0,74.0,71.0,27.0,8.0,34.0,70.99674371996446,39.48572831480768,6.091656524272906,5.249202380219405,73.00663150067028,75.44527304159104,82.78451953498652,84.39683642111493,80.27412949471291,79.83277322717564,85.17743652845246,89.73968114182792,94.4871489105759,98.91338874298077,99.36714385990392,98.2991909728843,93.93568790129311,88.6692038174785,81.76120719155675,72.98254449800878,60.06505220752519,42.40047222689637,32.761304225094726,25.029336606733604,20.310634605616464,-0.3913578365610259,-0.9202385798054075
2025-07-26 21:00:00,1.0,77.0,3.5,52.0,4.0,32.0,38.7768182157348,15.939974292381368,6.408124658127277,5.207467575638571,39.4859902883673,42.50157704872713,47.191367906638874,52.58755325941097,58.09100568096105,62.47902429097996,64.29183404706066,48.02057399707402,34.179785119436374,25.083274635844067,21.124275997312925,17.259640628071224,13.776185236025063,11.71399468341103,11.42362933991655,12.545526028657353,15.35640900491338,19.14461050556879,21.13329412263403,23.019943705160202,19.588620469210845,-0.4071294853542516,-0.9133704517637858
2025-07-27 21:00:00,-3.0,82.0,21.0,48.0,10.0,22.0,47.351012092891956,26.14758891382396,7.632978383772895,5.63568008959572,35.07569246265896,36.28220902481026,39.988511662502006,44.465404069821844,49.50671153598195,55.19691015308916,56.88837304588321,60.65260133494239,66.40453356642455,71.41773024884856,66.53572561323593,56.578010395682824,44.657990749857746,37.67507036098866,31.833844993683556,27.553301763858922,25.29547671085236,24.35071006159265,27.484705792547963,32.958882007975284,37.71167439253198,-0.4227806579826773,-0.9062320427107697
2025-07-28 21:00:00,-1.0,82.0,46.5,50.0,3.0,32.0,49.062695334425065,27.581950224747562,7.045578011872001,5.5000986299497345,45.696983944087826,48.090693618031246,53.27449387198093,58.81169075100626,65.19936669170478,68.82660302471062,64.40655029134874,65.53774863102743,70.19090647924959,74.18758173400684,69.49461641597736,46.619323035690726,24.608938873722767,17.818417871765124,15.603831222588402,18.586688961222038,23.06722831997236,28.973413064529634,33.15633801649179,37.316673222224786,36.63227005783082,-0.4383067230125192,-0.898825465016444
2025-07-29 21:00:00,-5.0,79.0,31.5,35.0,8.0,33.0,60.13960745391395,35.97346182822514,6.588041408353555,5.626156633281779,64.12346984735865,67.55456452950072,72.96334469392556,78.06166686597462,82.83319102590944,88.08469296577181,92.02866875448359,92.43638196721115,87.68484523696105,79.25521587204851,67.11140786431048,56.738741744041576,47.68175066255546,46.295282776583,47.413407048284654,51.86553895345114,53.158680996574645,52.62339841580557,48.69320067088455,42.29578746963797,38.84606209437955,-0.45370308603134424,-0.8911529104063088
2025-07-30 21:00:00,-3.0,74.0,57.5,22.0,5.0,29.0,68.55087020336482,33.87086627101543,7.9234380789271235,5.6413593405815785,53.98537188907145,56.656209436934766,61.40400682811962,63.4339563104408,66.06257953391857,70.89895823147815,75.50868420025509,79.02073982719006,81.68839607437704,85.00651682325423,88.8777616028485,91.13802519543154,91.55149756188814,90.27239909482724,86.33853154550097,79.8333631849244,70.61949516799612,59.2802144897283,66.03889131017988,80.0734750863613,83.50554164222588,-0.46896519100763184,-0.8832166493127127
2025-07-31 21:00:00,-3.0,70.0,85.0,49.0,4.0,35.0,45.53305267993813,15.923853488460708,7.2786601150008945,4.568269145081225,41.78713094111991,45.27171987906159,50.433362387005374,56.49057434893755,63.291899735704774,69.72616637131446,71.12450972340922,75.72838012099726,79.60822320425966,76.32070477468712,61.02358098882523,38.90454998087789,22.056753837571204,14.00383774901361,9.56847828369594,6.972967217357619,5.5578402819655155,4.207844734431958,4.617910480933773,5.328133054746984,6.574255917940188,-0.48408852163897587,-0.8750190302029955
2025-08-01 21:00:00,1.0,70.0,8.5,58.0,5.0,35.0,40.65830242556295,14.252060068070904,7.831879491970989,5.176658551416049,37.116340833998564,40.649421605183214,45.2568928536074,50.407587538557244,56.49543475995663,62.81330407117047,68.66428338449303,69.93331056656513,74.48916257188625,80.86633838058063,86.7145762544577,54.989560381820354,29.248203535711603,12.912577434086426,6.362237877989668,3.766238462697539,4.009243808713386,4.9727655745199435,5.996475847919874,7.373504704019417,10.492890818274772,-0.4990686026885319,-0.8665624788845385
2025-08-02 21:00:00,0.0,73.0,28.5,52.0,6.0,27.0,42.69898982567596,20.274520284289856,8.847683806459562,5.403308559056754,35.40590182295442,38.55012484040128,42.83984703275039,47.98407164147779,53.972297103952606,60.515168791566666,67.53120105495512,69.83692381056285,71.94989492282701,75.1300298592078,78.64236942549114,86.32366425132093,89.70711686463206,84.8777245093387,74.4196689128299,60.806760968466946,54.65755699889764,48.72060812786387,43.9256910823306,36.98897669498029,29.39214554336275,-0.5139010013093103,-0.8578494977869301
2025-08-03 21:00:00,-1.0,79.0,24.0,42.0,9.0,23.0,48.620824049315594,31.414277575728885,8.394044849921094,5.0598945253266505,41.24253996647931,43.820763471738324,48.72540169815557,54.36455420946653,60.953843653160675,68.2634191321786,76.2273041959184,83.50586321790502,87.75977037248013,89.76581773679655,89.12441458567577,90.18681363511388,90.38208006125018,88.18679428842903,83.815180130005,76.49957885361275,69.2191923765858,60.03200355103154,50.679128938290205,39.13233236360427,31.810857832650836,-0.5285813283559292,-0.8488826652214553
2025-08-04 21:00:00,-5.0,73.0,26.5,39.0,7.0,34.0,53.262920322678845,24.70411180357265,6.470657765656128,5.736731687875575,55.107272684642425,60.302893365259656,67.51588089580805,74.6394956509354,80.62080633843989,87.59080039356168,91.37807767244459,88.0322896290932,84.0942653516905,81.8932309429465,82.31170477068521,68.2200066698757,50.87416547756184,30.555612711759068,20.983971721274063,17.526217936597337,15.611590181066843,13.749206240921277,12.230509761971515,10.163998800881766,9.841259945988758,-0.5431052396834317,-0.8396646346181327
2025-08-05 21:00:00,2.0,73.0,47.0,51.0,3.0,1.0,44.31946253441641,16.35286562796538,6.63192037962449,6.199623963932636,38.85321544280727,43.25364125473127,48.51469431329875,54.37915518888744,61.193197590141665,68.82278560607647,76.02954183135327,77.88328477201027,52.671696702285345,33.77069679226126,21.441295478646207,21.276048909915012,22.294426060756052,24.222317292060392,25.07609073067767,25.760680688812414,24.773443005637045,23.429980495754705,22.902535408398876,22.76270785761831,28.877387053963304,-0.5574684374327892,-0.8301981337405212
2025-08-06 21:00:00,0.0,75.0,8.5,59.0,3.0,35.0,41.444086053767386,16.419436539324277,7.060769899976217,5.923220042263218,35.624780888844995,39.745134717241854,44.37730426573286,49.91790595313624,56.314901978506136,63.76683933948117,71.80410808878894,79.94404056671391,79.66843691156188,55.07076006913074,26.397103218785844,21.352260098602223,17.53940565461051,14.73164649083846,13.658425759973989,12.627194133369171,12.107591308137662,11.309464269867963,9.130982361362161,6.8028568644780725,7.673760934753536,-0.5716666713027052,-0.8204859638785327
2025-08-08 21:00:00,6.0,82.0,8.5,74.0,4.0,22.0,41.017796803805446,22.125963503048784,8.325921177681984,5.750966445457143,32.38746855582034,35.797029453663285,39.767842294104874,44.336767185188755,49.95384657127463,56.119303967205425,63.302850440719816,70.0072203454382,75.52246054543427,81.01215982504486,85.91926754665765,53.35313258854592,27.659134132914797,15.549436413927353,12.482898252397229,14.367189475579496,12.288937237251808,8.832586602931375,6.745707477384459,4.245628736351499,6.658144959004603,-0.5995514915196489,-0.8003361849976323
2025-08-09 21:00:00,1.0,83.0,11.5,54.0,7.0,21.0,45.84229838516558,30.066051733503887,8.637767093334872,5.0481518762580055,37.694703247055486,41.10895284845384,45.57412011016074,50.82496160543578,57.10126335123221,64.08275199196979,71.7074174243326,78.64083944131814,85.05476811448915,88.5685061343405,87.94663587872779,83.0029776313035,76.95517398861502,69.58804501582308,55.377461833193806,37.743506354976766,32.21562729769134,29.198374413432056,28.217625746545732,27.17322810161796,25.395386084601295,-0.6132298262997502,-0.7899045386224707
2025-08-10 21:00:00,1.0,86.0,35.5,47.0,6.0,23.0,49.645076458934945,40.8837700657886,8.259901260142797,5.091839105022614,41.28624967125085,44.616638958289066,49.62986962691851,55.220753264413055,61.62137043410665,68.1928999964697,72.57342342585041,80.6785988496932,84.34200163686634,84.42170415135317,82.53682761809094,83.69787607288683,84.34230493405337,83.12538565288688,82.16167941655478,81.38614820489806,77.90607570439614,73.29864236073068,66.76995262755568,57.724822116820384,51.97350929570098,-0.6267266965083301,-0.7792391467859886
2025-08-11 21:00:00,2.0,91.0,12.0,65.0,4.0,25.0,43.88885718458641,36.932648366929165,7.801773238725425,6.106965975748895,37.53989651690989,40.58317426659108,44.82341814347801,49.86675485038781,55.33806853506383,61.45450888893731,63.025195804604095,70.37941411069546,74.31470274427741,71.38630191560057,59.60201109703538,52.039043377516734,46.876353159722264,47.25640563906735,48.059067684911305,49.4458947132679,51.08128094385695,52.88325630179376,49.15322810606068,43.36008427063348,36.35038397086001,-0.6400381082043503,-0.7683431655492202
2025-08-12 21:00:00,0.0,92.0,5.5,69.0,3.0,20.0,39.67701316256411,35.18031030530865,8.273426852368152,5.968517211857772,32.88543672386305,34.515092065793375,38.27324208931003,42.549043744409516,47.435417555897786,52.87148305309014,58.9242098004243,65.78379741158501,70.90398026269878,73.54286959905247,71.91804128710835,60.20884447770123,46.78414768758851,43.0652909189517,40.28142316807639,38.110657417172696,40.250217448194405,45.190076760454204,46.19091536470003,45.1120659139926,42.468118556211536,-0.65316012232693,-0.7572198192083127
2025-08-13 21:00:00,4.0,90.0,31.5,68.0,6.0,20.0,39.37258558323896,34.14626797747411,8.856062162886428,5.641900075416705,32.41967049914356,33.33987299522751,37.16948549134249,41.35543226711133,46.13897813358989,51.76281326644059,58.00702545554201,63.19494552266143,68.17812136287925,74.43952762746947,77.50673070504308,76.09261742185966,71.074972792645,66.14214925713378,61.40496849175781,58.466848624489856,52.44019440508192,43.809870333222136,35.548898121411135,25.837075126947575,22.084887443560447,-0.666088855860977,-0.7458723993404063
2025-08-14 21:00:00,-1.0,78.0,30.5,45.0,8.0,34.0,52.080362399061585,27.67985024450108,7.552394213675452,5.411944456060032,47.07478652247235,49.86916779401677,55.53108931030882,62.272471596767595,69.00127799751313,73.41735944424809,78.19232672506232,80.7158851747554,80.97334122420416,78.07613667978882,73.4442926618825,68.99325902175946,61.013888744796496,41.13226720746127,24.15397630727327,10.72356636156327,5.127499483717359,3.2266693585779964,10.10981589786384,22.292868333564297,27.346068110748718,-0.6788204829862355,-0.734304263829602
2025-08-15 21:00:00,4.0,75.0,8.5,41.0,4.0,36.0,34.344715667251954,11.24617869338486,5.5812906047374975,5.74237174513484,26.363900555432064,29.37644122912818,32.88018257649446,36.98768374260272,41.26917681241791,44.77221136590726,40.273189080245494,11.522323419296553,5.948541240715302,5.47946563704148,6.655693484671526,8.504481090910685,10.88705990019631,13.892580077251424,17.015655735694356,20.595704470454525,22.683246658356282,24.824128661603144,23.25349441685109,20.445768042440296,20.138188401523934,-0.6913512362094071,-0.722518835873311
2025-08-16 21:00:00,4.0,82.0,10.0,60.0,6.0,22.0,34.15775645985734,16.56959416610347,6.963033504669965,6.173984008600596,26.537180720898768,28.49034578113802,31.526521515777112,35.31468687027159,39.40085836185624,44.36860592833076,49.86180276588622,51.90260805268022,44.91432290777531,31.3192463394354,15.459505245384175,12.627846741787485,13.077391854929447,16.84148840702063,19.805571812990735,21.900384092343426,23.14354169619056,24.108138123597936,25.833936881192475,27.86236707933106,27.679595215023777,-0.7036774074790128,-0.7105196029692745
2025-08-17 21:00:00,2.0,61.0,94.5,17.0,9.0,35.0,86.67847979175714,36.037015089053995,4.486138986605317,5.4335381855440765,88.64564261695348,92.34085889284547,97.8122155269505,98.53127773708759,96.7098100196095,89.55991043742536,84.37647875799799,81.9911300054618,83.07480799489424,85.86866858414973,89.0106334705304,92.75151139260193,96.72285120662505,98.04729377793548,99.04737824330465,99.10608576447567,98.13073098224045,97.12408142194946,97.20498205978569,97.08958904743052,96.72959880711505,-0.7157953492826642,-0.6983101158835584
2025-08-18 21:00:00,-2.0,64.0,4.5,52.0,10.0,35.0,36.707670168732406,8.875103586659776,4.896668151022112,5.378743376040882,37.24659531684716,41.31608690203504,46.33253052329424,52.16589878235166,58.63161362757605,64.69815065195661,66.24948167323285,63.56307384595685,34.70142434743376,13.986082856095095,5.313796686709188,3.9621441656526897,3.4232059088616595,4.054952984021336,4.909980449844229,5.987383266701338,6.865216508000775,7.873940227081203,8.265226674925277,8.639829898670898,9.270104951241974,-0.7277014757264236,-0.6858939875998223
2025-08-19 21:00:00,-2.0,68.0,20.0,53.0,3.0,36.0,34.55825190759421,15.188967183599171,5.850536686681193,4.999038680645173,27.71840822233653,30.818931909103892,34.37972823387151,38.513925226746814,42.96174929333073,46.900206494348744,46.96827694866756,44.115047126513936,25.436610731719593,15.938479721518533,16.28573655194371,23.46660107849874,33.24522338214771,46.78615594806984,61.247068156578834,77.600012861723,83.84983968854873,89.27800485082463,87.39587248057386,83.90270716525606,78.7843622995058,-0.7393922635959241,-0.673274892250183
2025-08-20 21:00:00,2.0,72.0,58.5,54.0,2.0,18.0,39.456126613797835,20.517136526363394,8.411692208331582,4.059540819559658,31.055684624779524,33.86899198251946,37.8036174133396,42.34151521827664,47.48290149082939,53.805668892839265,60.93889078883969,69.72844914264864,79.13354286913518,89.50634855304729,98.51785862094702,82.09586339046795,62.758176336136195,44.45118851468678,47.31868875254682,62.953120795477126,71.4226550614495,78.98516575129526,78.50764736057904,75.3148589349939,67.96015886678862,-0.7508642533989489,-0.6604565640279754
2025-08-21 21:00:00,-5.0,74.0,29.0,54.0,1.0,32.0,42.85466916669138,20.86036973104063,8.50403176626941,4.536855011539394,31.530760996407963,34.05596124178339,38.16884501701011,42.63631202270805,47.95402296627936,54.174425374228576,61.341938340387244,67.49260157253076,74.8080289335839,82.65820400317357,91.89515623495208,90.55268863118684,84.17176417531893,69.73405202205572,60.0912991174632,52.28066696636417,47.58966043202154,42.39980773815073,33.19959013050891,20.97072768443801,12.608607016434684,-0.7621140503891487,-0.6474427960827475
2025-08-23 21:00:00,2.0,81.0,28.5,58.0,10.0,20.0,39.40101558954868,24.997789218415203,7.848860014847913,5.6319168666760016,31.061168683087214,32.92685120512975,36.52596407752341,40.80923311851636,45.60164654198674,51.236988069341905,57.67237225724907,62.50538413228634,68.28326568100294,72.21137597171654,69.1966640853531,69.3665796693655,70.10374679947621,69.77422051682144,67.02976635024055,61.08237705614471,49.78106841723307,33.847730554825844,23.106174335875934,11.576428079060772,13.868353346035326,-0.7839338166829201,-0.620844401650647
2025-08-24 21:00:00,2.0,77.0,58.0,46.0,12.0,19.0,43.319098678448334,25.96957366292668,7.078345373025768,5.86099641974108,35.12243168746071,36.989790380461976,41.22442577066626,46.01408456448377,51.484598563407616,54.6475110247587,60.746923754229535,64.58043514801129,68.66430340568334,73.1412706675381,77.29504549191677,79.40772474924086,80.31381611389301,76.09081034440631,68.06494374319071,55.28351464548131,44.0390420776158,31.9695806557807,28.085314201519758,25.651268063864997,31.033662839339993,-0.7944973291665992,-0.6072676460566135
2025-08-25 21:00:00,0.0,68.0,84.5,16.0,9.0,18.0,84.04576818014095,37.04459759589014,5.610178261680753,5.84696775013914,87.85916251400184,89.89966108757115,97.5620913527367,98.76087339050554,98.59390556416685,98.3053667069687,97.93163286436786,98.06674501177774,98.58513557117946,99.8000973407031,100.0,93.40733841595328,77.97909953318145,58.37061866800569,46.20247711081563,50.43340189288963,59.256765368309786,73.39066903142204,62.54745016411562,34.830726885650094,17.327719350055755,-0.8048257371083452,-0.593511190196115
2025-08-26 21:00:00,2.0,70.0,41.0,49.0,9.0,27.0,49.06274959008728,19.972101847752093,8.35965940105379,4.7521276247140625,43.76733962179502,45.81395277352278,51.226245974149855,57.13252433369681,64.12774969215664,69.71218069363738,71.0505516399875,73.11847200706502,76.99692073646025,82.69267163120332,86.19796663005008,87.29098449097177,82.12174043785735,58.863455396081754,42.3506861757384,31.85013110906878,27.437876802937268,25.695639889052853,25.166729623044436,24.507766235836552,23.342245844722946,-0.8149159841660791,-0.5795791048257612
2025-08-27 21:00:00,2.0,68.0,75.0,47.0,6.0,29.0,52.54132558106587,21.84506042411711,8.403764078859066,5.984032997120079,47.30978110025356,49.72426733881718,55.587948424188085,61.977998139662084,69.54879470349273,78.09884562772574,82.47585113846999,83.66397754546104,84.62838574996708,86.96213257984121,87.79696957825143,89.87079777934419,91.66761969572937,97.30605934897191,88.56703622539415,63.15919514811418,52.33418618151035,46.392582422696016,46.37970601498126,47.63650750994072,53.77313539128748,-0.8247650844733614,-0.5654755126737576
2025-08-28 21:00:00,2.0,72.0,27.5,54.0,5.0,21.0,35.19644383052797,15.660229300537946,7.740398844755253,5.897128401332365,28.45656054187981,30.763074763928692,34.176518417235336,38.38399063168909,43.139288775358104,48.78451486969445,55.063869530016305,58.52863520285614,61.655858991575286,58.348017153011554,43.57828989574688,40.587278969519666,40.10939242845657,42.797322727408435,45.538191273816956,49.02802879271163,47.380616677614974,43.3349044686055,40.953240249823594,37.72109666848574,42.05193140719471,-0.8343701235229537,-0.5512045872199277
2025-08-29 21:00:00,-2.0,64.0,79.0,16.0,7.0,17.0,72.54211374670008,26.809434916397873,6.101906649506228,5.982172754865095,86.33998106712941,90.0839734515512,87.65847289607018,87.70366303103208,91.54443089689497,92.93044005796347,90.35480546527307,94.77911095956335,99.75949916747831,100.0,98.71859951771378,98.6045764590007,99.71747450188487,99.9209580666373,100.0,98.59958778598495,88.64770744013806,71.64436457118389,57.61037369062605,39.359998062648586,47.875228788799205,-0.8437282590292712,-0.5367705514607103
2025-08-30 21:00:00,-3.0,61.0,75.0,17.0,3.0,30.0,77.73834933155908,21.263413138145115,6.844083048072357,6.8721912553119004,76.00416507515025,79.82266909267265,88.38891231609675,96.25432403954139,98.27481945799353,92.9811230039941,95.80142190655437,90.7520922124472,84.23672778945416,80.34908667546823,79.59975527196897,74.60429641972375,67.49403856032944,61.10474183813104,54.95019139397221,47.64197055144091,38.17896167414994,25.242434546275156,17.56689990919463,9.077054223974935,9.573953251359601,-0.8528367217694595,-0.522177676659508
2025-08-31 21:00:00,-1.0,71.0,26.0,40.0,5.0,32.0,52.975883453002126,20.732682543491006,7.286215223689794,5.64133452302099,51.90991030030746,56.164410286497315,62.477264598709034,69.53703922809477,76.39582897717835,80.55678499626468,84.12710981299031,78.71101004524643,76.70741235023686,73.2681372223114,68.13910161563905,59.54555832825997,52.316249803115596,48.292511181018334,43.039968705275896,36.60749185606315,26.098085793484767,12.384167417009111,8.608151376425166,5.150800020595401,12.461909937330715,-0.8616928164028521,-0.5074302810827518
2025-09-01 21:00:00,2.0,76.0,5.0,41.0,1.0,2.0,43.164723830282384,18.657410170023066,6.389129914636799,6.549903003074157,41.00834644492586,45.4025773259446,50.35729107021207,56.410042036457384,63.1152045158161,70.75990476310538,78.04431292342484,76.32112949852625,46.93187864832979,29.144818017277363,23.1810454221686,23.57936648567584,25.11017784713454,27.74272254596769,27.271227237447505,24.931994826650993,21.424368454776356,16.758470541949304,16.077220722188002,15.133265788671213,15.572924208822315,-0.8702939222685674,-0.49253272872205434
2025-09-02 21:00:00,1.0,77.0,52.5,40.0,1.0,21.0,43.319098678448334,19.71516560656509,7.26367673330311,6.691327382447963,37.416124017819534,40.020707512777456,44.38624787376125,49.64380539642239,55.47038954776621,61.95744825600305,64.26577914576421,62.64754163987817,53.13522116162061,43.04351696809444,37.400362608370735,40.0897563748116,42.8748711596895,43.703018692553904,42.16072968021111,38.12079200307995,34.20211962198233,29.39591429785154,28.40405805129471,27.63114458670346,22.152573801447254,-0.8786374941610001,-0.4774894280028391
2025-09-03 21:00:00,3.0,75.0,13.0,52.0,5.0,20.0,43.00991391902142,17.98168573221659,8.182758105464664,6.148996688097313,36.289184756415374,37.90364308641326,42.13532679888387,46.98822666790541,52.53643703669872,58.10230387651198,57.53039697368336,58.745596407995905,57.0067719172395,50.71609495618811,42.286084340891435,37.27345277401184,34.113761870838296,37.056692502399585,41.20014240096783,46.79046974701347,44.13332956383822,35.070596351561456,28.601937103115656,21.595683534471416,17.987525810340397,-0.886721063082993,-0.46230483047981086
2025-09-04 21:00:00,-3.0,76.0,9.5,41.0,7.0,18.0,46.450538518744715,19.998489577286506,6.929264529752737,6.011882229797844,49.94231316912761,52.000494378013705,57.218614742524686,63.141632224427035,69.1736926499374,65.72479562690341,62.48663906495282,64.29212948641718,65.98691861565774,61.5580829961643,42.25092917684505,29.157690499287668,19.64823304784371,13.247462387861408,8.87374548667641,6.9746785571313445,6.299707290542282,6.343397243665265,6.843242805449265,7.5407097696701895,10.763446332602216,-0.8945422369764496,-0.4469834295196741
2025-09-05 21:00:00,-1.0,71.0,68.0,20.0,10.0,18.0,68.22081474275457,29.344131316263603,5.366651516208269,5.084273299401648,83.39216005053818,86.2173594122753,92.7549859591478,98.16568139595793,98.56514867440754,98.1627313830332,94.0927302645049,93.94093897595607,91.26555681683148,84.83038841524572,70.7436697990817,52.57103174210103,33.78322297426401,22.148914297720886,14.88779293554964,12.62954819448005,12.482315951565795,13.426614184736504,14.241902508747827,14.910911882629799,14.95483327057767,-0.9020987014301837,-0.43152975897147144
2025-09-06 21:00:00,4.0,70.0,81.0,13.0,8.0,26.0,78.481394078393,34.719210421080696,6.219321953258529,5.600828676152883,75.8388703408838,78.13944717710898,82.65920669102681,87.75960732237263,92.49081181156168,94.04460765799487,87.8395991568945,80.7260652343422,76.2478232772235,74.52249857609874,69.98786152621956,63.0618356270664,55.24417894627811,51.01450548685076,48.10430193224355,48.2866051442923,49.823103572476434,52.18450039237976,54.11017884351058,55.71969567570786,58.68154400439196,-0.9093882203647925,-0.4159483918249421
2025-09-07 21:00:00,-2.0,60.0,94.0,20.0,4.0,19.0,74.85066533341019,23.202626863664076,4.694418737692145,4.993563225880075,76.91859829525731,81.44406853137298,81.96389871435952,80.56111647341251,77.92223766020017,68.42199010284628,61.82488191048109,65.10884811684716,69.38685843459128,72.26440309020016,71.65428345527268,63.66996485082028,55.61653618433019,50.42308313577152,43.99770731844879,35.896069847954934,40.480159483916,51.869095384761835,71.58352477956042,97.45168442153947,97.48683008140205,-0.9164086366943458,-0.4002439388573056
2025-09-08 21:00:00,1.0,64.0,27.5,48.0,7.0,28.0,42.91004821211931,12.376647096353999,6.837723141720711,3.997540731209831,41.94671236570693,45.414861112822756,50.51810629291305,56.544701379916376,63.58756075152275,71.54570653569023,79.67617301965306,79.87179528378915,82.10806779427467,74.43660595817032,56.1740136913656,33.328494994507395,16.120521680968157,6.136096333512531,4.4487947546600415,5.436953118545548,7.787358022672013,10.759273180826167,11.397422031915497,11.813695558781918,10.454004871525445,-0.9231578729647039,-0.38442104726885545
2025-09-09 21:00:00,0.0,67.0,7.5,42.0,2.0,21.0,43.38394206221143,14.955866285789595,5.160947860167556,5.680833161042917,38.86318062129962,43.00634153271737,47.872110235631915,53.393617236733434,60.220029530495,64.5994323660015,59.53958784424957,43.23779144533018,27.563382039841116,22.36060159468436,23.061257478164706,29.44245900140642,35.86475874099781,42.84053512632113,46.27981007603099,49.54443923390725,48.330190208415644,46.39654213408406,43.21155872597166,38.70790357665769,32.950889158345426,-0.9296339319682695,-0.3684843993077793
2025-09-12 21:00:00,1.0,65.0,4.5,36.0,4.0,35.0,41.43795063649969,10.593513615548586,4.991506980453342,6.531666304013583,40.50982714861057,44.36044391783884,49.712747097771135,55.86262592605637,61.41386739129283,55.81943527720144,33.35957786075542,20.717143581437732,16.8414794820663,13.766665843347555,10.253227526642943,8.06251763397982,6.885341273089591,7.3993347354386145,11.894498552093898,19.0267585455491,27.703789989028067,38.8540923557547,40.82989847486865,41.41092713019496,35.24212406005922,-0.9474042892438845,-0.32003923622313857
2025-09-13 21:00:00,-1.0,66.0,90.0,32.0,7.0,20.0,52.248935377409744,18.740211505617452,6.6023719053331575,5.564239230128689,55.80446332833442,59.56535219356803,66.1588096749848,73.93538542695987,82.24649606569584,73.79400995842798,72.20973005939025,48.72759649952745,30.82335536591983,21.79129642381842,21.914028346529484,34.71824420615161,45.75789876729774,41.484098710837706,46.13348089635893,59.88172687561877,73.97230271637515,90.2054186158804,91.3831357988746,90.03366692270427,88.20790945230813,-0.9527692922168511,-0.30369503751065885
2025-09-14 21:00:00,1.0,66.0,40.0,26.0,5.0,35.0,62.89408489266924,21.02555263177783,7.2121618496330235,4.99824610400988,67.9942183244701,69.65704784948464,68.36446837862891,67.97359399996593,73.6366965539496,78.41937464844291,81.21631320541059,80.80615201781386,80.95479506119685,82.15449075697894,87.10981488665375,89.36172070409742,84.01385410793891,64.56799265406652,46.91492881972106,30.53732324226915,22.91309632304936,17.458879686013407,14.696720393745446,11.835289639648657,14.538356954024339,-0.9578523554276669,-0.28726097055059635
2025-09-15 21:00:00,0.0,69.0,3.5,37.0,3.0,34.0,47.116170975474176,15.649814902049808,4.924409059069227,6.0383193508285595,43.8034789803034,48.84557989450813,54.425138590795264,61.06131411098724,68.84136395295658,74.95395602695373,67.24970222451897,32.326409380331725,20.375081157638185,14.968321935272954,13.923708305533907,19.53235731958789,26.423263104309612,35.04365499770102,36.224728098374165,34.24468144903073,27.157338067976333,17.730383945659817,17.281038651742257,17.262034313611746,22.83849952109582,-0.9626519747161487,-0.2707418984477642
2025-09-16 21:00:00,-1.0,73.0,6.5,30.0,0.0,0.0,45.99392700009288,21.20894640111048,5.491117420148271,5.759858144986709,40.56749713871909,45.09814063441213,50.07452014822527,54.82109333825148,56.95163718035728,55.670349189526966,50.32518562477812,46.656500391115294,42.52509694516219,38.62142255252663,34.73894018323742,36.011523155293176,38.89532104870657,44.036108276689845,47.32247250860699,49.669090951270896,49.4582383477797,48.48092724961967,48.13112160244991,47.3260479695438,46.933585870857534,-0.9671667297977312,-0.2541427094613622
2025-09-17 21:00:00,3.0,74.0,63.0,26.0,6.0,21.0,46.146604068048276,18.530039824406618,5.837273827481056,6.651920575644338,36.330984030651045,38.98028759294379,43.38955856667285,48.495438784268316,52.85218380016542,47.72062991858002,34.82564519128781,30.34837741232178,27.5099441497865,24.922678416043414,22.260512896526592,22.73432600830419,24.955369574131943,30.29170982562891,36.88001660965738,44.63615917831441,49.53552480022517,54.22673834354087,55.16478260575342,54.41730040114334,49.78961689164396,-0.97139528468375,-0.23746831555846842
2025-09-18 21:00:00,1.0,74.0,30.0,35.0,7.0,23.0,47.87462530153812,21.97792320619207,6.5541233764377775,6.605797995042501,40.88159292966835,42.34567084001083,46.97722933923873,52.35529635963822,57.02173905829903,59.42940090306128,58.159470795768506,52.4445280507885,45.850084699274575,40.83617292334472,39.234374345967474,40.346993485945845,43.06760539776734,47.77629535692054,51.312982774815055,53.27220139563661,52.46012486496898,49.6310486406548,46.629589634935606,42.46249470406915,36.43369598193957,-0.9753363880767837,-0.2207236509605022
2025-09-19 21:00:00,2.0,61.0,11.5,52.0,10.0,33.0,39.218096354975465,9.451691358765341,6.781455267298096,3.1388860108234677,36.36596887594438,38.646468441623085,43.37043892513554,48.60039776060546,55.0958602191909,61.52787913321791,65.69872434420535,65.57208372227657,55.086112782143005,40.09576198785012,30.15265278160928,23.391222967012467,17.080667550938195,10.6135810661752,6.407546362392889,4.174107378155982,4.697530919438914,6.359951111959441,8.817807911528833,11.85776277672522,14.48201118502251,-0.9789888737409319,-0.20391367068311472
2025-09-20 21:00:00,1.0,59.0,2.5,43.0,8.0,33.0,37.3680528699157,8.798583316917588,5.542116528876951,4.053705341664012,41.39611177593909,46.26811708998935,52.149207556947005,58.48584919991519,64.35896081208796,68.35672619360824,67.8015586817924,51.63896174860526,36.22994038975948,25.93351624045385,19.560169180048387,15.531756212970969,11.626514590111764,8.183679264077881,7.070663419829086,6.769715707018566,9.219505392200992,12.39011546326379,16.003919461570945,20.47007888897569,22.562342551263963,-0.9823516608469237,-0.18704334906991657
2025-09-21 21:00:00,2.0,65.0,3.0,30.0,7.0,22.0,35.44835505459154,9.267265490892774,4.281225647926017,7.056065770985113,31.80081288651142,35.18861001529102,39.12293287297218,43.874579792842624,45.9293461331797,37.51147658277174,22.280875389047175,11.223116122962958,6.532882021531754,5.975856710169934,8.59863678483749,13.02512952535013,17.100396988365155,20.845649826897645,23.775930650699355,26.593686567970316,27.759538793574023,28.738752610750662,28.657746566850577,27.84056506567662,25.777435603001287,-0.9854237542919524,-0.17011767832049052
2025-09-22 21:00:00,5.0,67.0,38.0,29.0,8.0,20.0,43.38394206221143,12.24780474575034,5.299812520754683,6.184807535446701,32.54197665234172,34.712256201925214,38.64987448916279,43.13384112866657,41.595182848335114,32.179932941405205,18.904633595041386,16.652315506661136,14.974764365183496,13.265143827995333,11.648163295149653,14.096669819230373,18.454920911050944,25.609297395361185,32.274291511134145,38.495909015943724,43.02050583668561,48.0318739962211,54.270404149537846,62.08232369030843,69.20746018711148,-0.9882042449941422,-0.15314166701312007
2025-09-23 21:00:00,0.0,69.0,87.5,20.0,3.0,36.0,67.99815268764517,30.116669546798327,6.540552884896174,5.531051276661952,64.27736233297445,67.58228402144776,75.51007486057351,83.88189800043268,89.66854838511806,92.21810733083981,91.74213166212868,91.92521965794734,93.12075106201226,94.35458191528424,96.57351798672109,91.24592349780252,82.63980746027009,72.40685186691361,64.82857709615456,59.52028652241699,54.2904482818108,47.06114332402833,38.0230370282035,26.481730117667546,38.06993277025031,-0.9906923101615609,-0.13612033862266704
2025-09-24 21:00:00,1.0,66.0,34.5,38.0,1.0,7.0,52.248935377409744,12.149710009804,5.229099129243976,5.846297417453624,44.539012660970236,49.2269277330525,55.06371324837143,61.742502668386635,69.66309541024495,77.65366168167056,78.36255069903757,50.8832334650711,26.46338353230892,11.387146562948251,2.711493559713378,3.6847708908443,3.9331168331916335,2.6433151836829736,2.5677069661788954,3.1798976504733254,4.065085429597818,5.154323844662376,5.621225136599462,5.937813898187536,5.3040780512360195,-0.9928872135356962,-0.11905873003404988
2025-09-25 21:00:00,0.0,62.0,91.5,17.0,8.0,16.0,75.03763863657984,34.96475543387577,4.841354713671331,5.50138439736931,69.87901914240894,72.1846838729157,79.64495476900503,88.99162558903151,88.37856086508535,87.80891290399403,98.63512541399619,98.91412760861283,99.89097881206528,99.46839668839276,99.64614400943651,99.37235477468707,99.29699019474656,99.42569422099932,99.61878438085238,100.0,100.0,99.97913311191084,98.76000106254875,96.1448363800934,84.73902440259329,-0.994788305609327,-0.10196189005174576
2025-09-26 21:00:00,1.0,70.0,18.5,22.0,8.0,28.0,61.1421746910109,26.36456197654634,6.370041867141761,4.972765944615663,66.8927624745099,67.14082121567981,73.01505983181475,80.5509286933085,86.4105520998319,87.66182789041692,89.49197195979394,91.4510669457749,89.81926076153916,84.42026685254123,71.92065697645094,62.0960873569199,54.27219612194049,53.63336426785582,50.07264529127453,40.8298060228324,30.972341724277356,19.93156610205866,14.061453515020217,10.416509957856764,10.347035551137813,-0.9963950238187231,-0.08483487790576538
2025-09-27 21:00:00,6.0,64.0,5.0,18.0,5.0,28.0,42.91004821211931,8.791911577410795,4.265682202143053,5.099415445337583,42.59551388158641,43.14360424986835,46.99709065574709,52.275374299703934,56.829364556904494,44.79968309828019,24.674530279760745,11.106135006194027,5.074284076705219,3.2751192344021276,3.5863634367807764,5.584032100831935,8.205513715471696,11.32302008092855,12.682695300784829,12.518873152080623,10.98472010137277,8.592977447068268,7.146872859428878,5.467621774257882,5.862051679140554,-0.9977068927101168,-0.06768276175455162
2025-09-28 21:00:00,5.0,70.0,35.5,26.0,10.0,29.0,52.83156593782089,14.33195029538045,6.255015044798125,5.135194436800014,49.720024031904146,49.914622669550354,53.71530438490327,59.31264265491999,64.82289671197735,62.9990392905574,53.3541078474605,43.3625001274944,35.57780561587303,29.126326828026517,23.74189121981021,17.83323016930837,11.875819721165955,7.54183244853755,5.202870601365038,5.223729660073905,6.8998381898433285,9.76169237622204,12.600328224313873,16.123381849180852,18.68517763276866,-0.9987235240803972,-0.050510617185222886
2025-09-29 21:00:00,6.0,71.0,6.5,15.0,7.0,27.0,40.8162829528235,20.59616615206857,7.45271194598734,5.149394748242549,34.413015728837,36.544671859734116,40.39928173263095,44.536731954547555,48.08754126999963,50.492724063822955,52.58125769875609,55.28838952306291,59.170458811592276,65.62644436350016,73.66558380281667,78.50343212304594,81.60573835363529,79.6794708210887,75.14865299073023,68.93602254827518,62.02532952900782,53.80413676273213,47.194754421394606,38.969675301520425,38.09523967752998,-0.9994446170919858,-0.033323525711631344
2025-09-30 21:00:00,0.0,57.0,26.5,48.0,9.0,35.0,45.24548244177327,10.333836543427159,6.142129955353011,3.533172757121433,43.77858403917947,48.33487574773107,54.23251345292935,61.174683444747444,69.20817397617166,77.25365458635034,81.83593622493252,84.13079459009391,71.06453296350237,56.48537170847321,43.54374754613761,37.953857627490976,33.26230112750382,29.51301097021195,23.862585019630302,16.454102469517128,9.597183913959446,2.687393874462483,3.3430615588155,4.633607540014444,6.428309065870478,-0.9998699583618592,-0.016126573270657762
2025-10-01 21:00:00,-4.0,53.0,46.5,39.0,10.0,36.0,46.435552620409545,9.947658252566375,6.865505553717522,3.3794696002835094,52.08946729698061,57.93756010330492,65.00046695384523,73.3869432711164,82.55083052721155,87.50940831436053,83.89147540664109,78.8599349372067,84.68188812797011,83.25391778849318,74.14323558530249,54.53932000962462,39.94795662550777,28.854469647129164,20.43260979338533,11.820336753680488,7.857161372096179,3.586574107431711,2.977938981353654,1.1958470998684994,1.4995326617285312,-0.9999994220246925,0.001075151282798226
2025-10-02 21:00:00,3.0,57.0,3.5,24.0,2.0,26.0,40.14934843554226,11.287901558354893,3.796924764241325,5.743301394293768,37.25594127013459,41.488932313337415,46.38615188029644,51.17148210622037,45.391582663076434,29.035153064886398,16.45152573683808,11.35941561178856,13.510091164733321,21.528651737660567,32.16532524210467,43.12536908178512,49.18598563627771,52.15655876381664,51.6265387292694,50.0835603395582,49.69697413347938,48.86989069378028,51.045019295444064,52.93550257792964,52.14070283704616,-0.999832969770105,0.018276557681691223
2025-10-03 21:00:00,5.0,67.0,4.0,9.0,6.0,24.0,38.66066587184525,13.272096079050442,5.460967614105591,7.14031363898347,30.8311458786879,32.359811935035076,35.51270437828691,37.36019166771747,31.03388652607998,17.09985089341201,16.275692591094465,23.345200823709465,29.868051141763242,34.9527225949706,37.53571624342559,36.91787129419477,36.041897957098904,35.060732060617546,36.41148572416964,38.949591890718324,43.36312571675263,48.51856745057928,52.67797619232456,57.19772606454705,55.64487570133397,-0.9993706508539969,0.03547255575312556
2025-10-04 21:00:00,0.0,67.0,36.0,27.0,7.0,35.0,52.39539990963286,16.6835766560105,6.787567282341641,4.846517866605265,47.54813279621931,51.474643388228415,57.201576792781125,63.9630883649803,71.20705647033286,78.76596231989683,79.98723641258657,80.66107275606774,81.01781119667129,70.56907968544749,45.85956903690937,28.984181713630154,17.804680632444338,15.41359819796821,12.708812084480908,9.331462104321586,6.785275309298864,4.074050187339718,4.303399123918412,5.152095346480659,7.527611759045132,-0.9986126020839734,0.052658056924614005
2025-10-05 21:00:00,-1.0,74.0,10.0,9.0,7.0,22.0,49.659407487470894,26.67560179526803,6.628046895132,6.3014659491894935,43.72923338120646,47.17622784007446,52.20030899935101,58.099172672754975,64.0296084688143,66.82221021747421,67.18749493166929,69.36895133270642,74.42333477517495,78.10168016235247,78.34407945816456,68.69695357607901,57.19968961340389,45.70752924214212,38.58898273407164,33.101787368724416,31.2475562180219,29.32001043180702,28.090785193448447,26.18478068756145,27.810701293168755,-0.9975590477788613,0.06982797572987089
2025-10-06 21:00:00,2.0,79.0,18.5,10.0,6.0,21.0,42.06527111257702,15.433967455476823,6.626904476250805,6.351714186279157,37.82238728008559,39.79397248825294,43.520160242393196,46.38256598507976,47.22374596257795,45.5895072309275,39.25370648802872,31.73552437298777,23.013989526906993,15.372621723990324,10.890413911805936,9.864256499377994,9.423458268458317,9.686352522400748,10.01997229921304,10.33064037084909,10.598766921898866,10.735928530642749,11.052512311819246,11.167549736591841,11.121843016136463,-0.9962102997023297,0.0869772313136861
2025-10-07 21:00:00,3.0,77.0,22.5,15.0,9.0,20.0,43.319098678448334,20.037373258667607,6.775268184228809,6.557087855717344,41.019611345095605,42.79122124159391,47.54875877093857,52.85477238342171,58.81149279856022,61.29529062222554,57.30233067008884,47.89023595458303,41.13721329315308,36.85195545900619,32.19737303168687,28.068353781353167,24.361727812653903,22.34786286448856,21.164712925651965,20.766948852712726,20.987307772087693,21.413664851119457,23.746046425000216,27.5033131524838,26.93145363189748,-0.9945667569706337,0.1041007489354256
2025-10-08 21:00:00,-1.0,53.0,80.5,19.0,9.0,35.0,66.13832421692287,12.402283578220372,4.897283936094845,5.191497131486451,66.15161888142912,66.6898849131988,71.15789180539659,78.0075167274262,86.69151809735442,91.32169249071463,81.11582484299707,72.89657801878786,59.21826560832032,42.98696021352074,28.19208097473763,30.878398467184592,36.40866798659518,38.610318879983794,37.62217379726685,33.53654079135803,29.049027815305706,23.487992346846536,18.964772276938653,13.519340454467796,15.697749302956293,-0.9926289059345095,0.121193461470736
2025-10-09 21:00:00,1.0,47.0,22.0,30.0,10.0,33.0,43.631905696220024,6.55464259954957,6.877705489639304,6.419916859066098,54.29312993143729,56.834358245813974,61.87960897488494,66.42453952600188,65.71820131494009,63.60235443189962,66.14786056243852,72.12584973331388,83.20735612500847,81.2792444460719,67.24662584519783,42.776727341373594,25.82815973685489,15.328917721535998,12.174405569289826,10.304639020543267,10.704841211728773,11.213988276046663,12.064209779604086,12.211809757808782,12.37701294758797,-0.9903973200352558,0.1382503109109819
2025-10-10 21:00:00,7.0,53.0,16.5,8.0,7.0,22.0,41.137590975447,7.084816102304024,3.936185796885357,6.152756364128389,50.70123539313113,51.43986982971638,55.946232404092335,56.95093291382406,48.39862867850206,29.811686012236216,9.886169753797242,2.556802549578573,3.426250445783377,4.946871093078199,6.901718519959772,9.980338154565246,14.365113741717101,20.3126747022225,26.836336378151117,34.473128426938395,39.112175106682145,44.36959970887819,44.40728991705325,44.22979717683939,42.225976164820956,-0.9878726596350429,0.15526624985999563
2025-10-11 21:00:00,2.0,60.0,3.0,13.0,4.0,30.0,43.96594190631954,14.900240106078519,5.086306306652841,5.904991844752938,41.976521381827105,45.220660422880584,50.158054156356535,56.30547988901235,62.323993636127284,64.88079822948714,64.96731577207525,66.77007545513746,66.97117381764228,64.6934995076875,60.00341612604687,52.85396865715528,46.534324489726096,40.72110265467298,38.33187956595977,36.595518132633906,34.804604204373504,31.996115414260657,28.08338524904278,22.285206978143762,18.117782072823363,-0.9850556718215013,0.172236243027682
2025-10-12 21:00:00,3.0,56.0,41.5,9.0,6.0,7.0,43.32579041155482,6.041500656334081,3.6420540124927676,6.229425750211251,37.888313897969155,41.94361191968385,46.79488854767615,51.409580178636304,45.67279752347742,32.09930727841448,20.997497058607756,14.171622265463762,7.415053357409998,4.370384024092398,3.1832198992884226,4.2467433771693,5.883245651596482,8.118603812118812,10.628893094807372,13.651148923471549,15.61821492139805,17.881140135820765,16.396162456611663,14.522376457585025,13.064391227237927,-0.981947190186646,0.18915526872004093
2025-10-13 21:00:00,0.0,55.0,50.5,8.0,3.0,7.0,41.463913645264455,6.79042072439251,3.538540685644497,6.06862515792495,30.359019600793975,33.26342352440703,37.16113923075803,36.28397063492405,25.03082789975818,19.702697839719466,22.201378838913374,24.576903157398426,22.624653048980132,19.965251293812106,17.016386793130895,14.782093986121051,12.91947694627465,11.193658983206104,10.00772357844188,8.78864596606617,8.857911812464337,9.016875745608923,9.931208112004382,10.82618960235874,10.217127971370399,-0.9785481345802031,0.20601832032517084
2025-10-14 21:00:00,-3.0,57.0,80.0,7.0,1.0,27.0,50.90628243283841,21.14121912840595,4.921665478636716,5.377213808329979,54.27660972856383,57.487779678141685,64.62214283779494,68.96837798123848,51.15164616232361,33.91080977648466,33.15831292802714,37.04945959417984,47.447780709861,61.38649075221064,78.5862776890227,85.35101358495965,90.98104513298017,94.71865586942951,96.95506048540939,98.42727163288015,99.33473185226704,99.74302816065006,99.87596727364227,99.82397001365031,99.30167716584842,-0.9748595108374125,0.22282040779479959
2025-10-15 21:00:00,-1.0,50.0,61.0,45.0,10.0,34.0,47.859009954411206,12.343158465328113,5.480796761543808,5.482033540300056,48.78029641065725,50.91409041416269,56.872938921838156,64.32389348647388,72.84196830216484,81.52514076372951,89.82497572123461,93.48179884249804,87.19102244550216,75.7524803816129,69.05601757785472,67.14568802294544,67.10981167868555,65.22381873748282,63.54318212259589,60.7465283737031,59.16546315869344,57.91594658379373,53.354259077928035,45.82564126997381,34.25809375795027,-0.9708824104813836,0.23955655912092708
2025-10-16 21:00:00,-3.0,47.0,94.0,11.0,10.0,36.0,76.50821320761224,16.447657446005067,5.633564349290027,6.990336794110112,82.2614142674786,84.16174675458471,90.8788563852771,96.15959580709034,97.83361070535314,99.17813528117033,99.98636573987126,99.35038717388252,94.60258570261554,87.13434753273097,83.05399007628469,80.75292449922847,79.75727835389415,79.02820168546994,79.2488649487279,80.62332299420683,80.19887545479517,77.70441917242644,76.15617851086652,74.13451643521725,74.16169058172592,-0.9666180104000972,0.2562218218071163
2025-10-17 21:00:00,-1.0,53.0,54.0,15.0,8.0,35.0,56.61807189006417,14.237189304911409,5.884395426688325,5.844864652454351,61.73445785062845,63.73561501308516,69.71522485622593,77.85885453567413,87.58409527406302,97.00389837057037,98.39522113493672,79.01974636238947,66.70228785611162,62.741339660488435,61.821163615311015,59.89557538919305,57.692967364670736,54.607989118723744,51.168076424189124,48.04036946641371,40.101565024022555,28.60802049341319,26.00328988802458,26.03220992386705,26.415507447893088,-0.9620675724981452,0.27281126433401914
2025-10-18 21:00:00,-1.0,55.0,29.5,15.0,3.0,35.0,56.90263834392272,11.420551323231445,3.814311815043335,5.3573460487938505,64.4624060561358,68.7734047350979,77.38210816365864,84.01404726463251,74.2525833639555,58.441862512736265,48.3096211591971,43.32446373985918,39.602047965621765,35.03428497228875,29.33256871860868,22.711849449235107,16.208550606965375,11.220653354610716,8.5572130849498,7.648855207611794,9.970507625633656,14.01731761219594,19.75196007489655,27.286149382865414,31.84047645858853,-0.957232443323312,0.28931997761869527
2025-10-19 21:00:00,0.0,58.0,47.5,7.0,6.0,15.0,55.16433895681845,22.180588129968445,3.3495553170395898,5.349855796663821,67.21284171491887,70.91547372796899,75.08866171551584,53.307287520849435,45.57132785501533,54.44600331724202,67.10154753816346,75.15462459129925,80.51203723054013,80.69448531133851,74.68030308843258,67.08720105268752,59.84507307490955,55.698272137862794,53.56796246305766,52.2484827930364,52.85893979952176,53.545735464873125,50.0742997160099,45.45930270796564,36.13955669232606,-0.9521140536681102,0.3057430764672831
2025-10-20 21:00:00,-2.0,59.0,69.0,15.0,10.0,14.0,59.695276441414954,22.212024634943006,3.7145449195060523,6.629030981134378,74.35503446301489,78.53966668729711,87.99906075249933,97.86346963163162,99.0574758320679,79.43262362639845,46.01480271825437,40.350586838044066,46.79206287172481,57.0018017782569,62.88051910782747,63.46133031874805,62.057988424652486,60.315070003752034,60.49077863569542,62.974551272604565,66.37949683573436,69.81374854160491,69.82497533305806,67.55493398124243,59.15268016516363,-0.9467139181463862,0.3220757010206104
2025-10-21 21:00:00,-4.0,54.0,83.5,9.0,6.0,19.0,80.08874672634904,19.57615051373756,5.02811550878581,4.230230846840463,89.16524441235345,90.57457090203026,95.67864555168248,96.24029438278292,95.05329395248985,93.93238692124338,94.49889391178779,95.67362378227156,97.42137282686062,97.56397840070088,86.07340246172205,76.7176637629474,69.0746451850933,61.15867514215051,52.23051418077876,42.8926972040307,32.34201676711176,21.170104978084233,14.999284423827172,10.901525003934493,12.057160579737847,-0.9410336347451197,0.3383130181923076
2025-10-22 21:00:00,-4.0,56.0,89.5,10.0,11.0,16.0,83.27545387978601,19.97143251728036,5.8150786039817035,7.347145450408774,82.87325014784382,82.93392561966928,81.58462622623992,84.25506972656746,89.57783974071032,89.91679098003785,88.59276554354514,92.2070065417858,98.55772785398189,93.80178189559537,71.92824286062257,54.916191379621225,44.05696186483541,41.950948235964525,39.43568627201039,35.67843036589025,30.662238868495972,24.20599225680006,19.864700680867166,16.47112893160509,20.58726582588039,-0.9350748843515574,0.3544502230989869
2025-10-23 21:00:00,-1.0,54.0,48.0,15.0,8.0,20.0,59.01460519198744,14.316563890084172,7.266312322207515,7.549020562239697,66.59716730813071,66.00979622421893,70.65567354937606,77.91240334991811,86.33329333299702,93.97867291994574,93.73130067411658,88.41133161299844,81.08094745010955,73.23761978362812,67.51447479934626,60.92400207917943,53.64137213213067,48.46019689987842,45.3336664850111,47.1577442774062,53.94773987569403,66.29768961826939,70.79200980035606,70.68951529080361,60.778437694816645,-0.9288394302558068,0.3704825404820963
2025-10-24 21:00:00,2.0,52.0,42.0,12.0,3.0,27.0,56.474904365301924,10.417975556873401,6.650613580090424,7.2657094969113105,58.02567964511758,59.565729462752905,66.16682663855929,74.44669149497904,82.78925701697766,82.71360588853237,69.19311993768204,59.964926474368575,53.63690124976114,48.74862814738926,44.42427842150741,41.191233048918235,38.15856202633469,34.986988639120746,33.295051214516356,32.36244962162985,31.912038296294515,30.704081420223716,28.37156650684067,23.89307634524968,26.262791706620003,-0.9223291176290545,0.3864052261209853
2025-10-25 21:00:00,0.0,49.0,55.5,16.0,5.0,29.0,51.72228049821772,10.488324022862272,6.593700777802962,6.747587968760983,57.70096830163095,60.43384175655554,67.48592470868395,75.75810246849518,84.52868216514999,91.20463726704325,93.4238008048537,94.78809680255645,97.96840871377096,86.84585710080134,66.02902254728403,50.33555827568102,40.244467349002036,36.2579844504706,33.45502006806884,30.223408558776633,27.73650445986477,24.29993433373099,27.136933622997766,30.783231822502426,33.53872608540553,-0.9155458729775467,0.40221356823680365
2025-10-26 21:00:00,-5.0,45.0,91.0,21.0,5.0,33.0,70.54353563489435,11.816027578140417,6.916971524774757,5.826194919947131,76.97130249927613,82.49492303459891,89.78847594604476,91.4737442594739,87.6022279836085,88.88078361443196,95.33570714088617,99.42257593137369,99.87583631790476,98.90943939686312,97.25414112080244,95.358790679796,95.46853744527525,98.66553833375157,94.05354991161823,85.3816667320514,68.58104343890203,46.48000417394464,33.84187063293638,20.108359091552945,26.614376953699114,-0.9084917035725082,0.41790288888678667
2025-10-27 21:00:00,-1.0,46.0,77.0,12.0,8.0,36.0,73.48519171254544,13.0162464683284,6.411460490417224,7.355287167344101,75.52539200163176,77.64460185934063,81.4676298463493,84.90870479366075,86.67275453098799,90.27760256453062,96.26634894171322,99.72229291554227,99.26715137942804,97.35687543568658,95.28371702472035,90.52911293149427,88.62734420160102,87.55899480861649,86.21724223622708,82.39922838387511,78.43565612685978,71.80992667959828,66.11576899365141,57.03275149691993,59.88181495107333,-0.9011686968561569,0.4334685453485363
2025-10-28 21:00:00,1.0,47.0,13.0,9.0,5.0,1.0,58.03674223047387,7.169954623949271,3.858759309668283,6.561322155788249,58.64672303898794,61.85538436505372,68.75486732431463,75.86232852752951,74.15615715697732,57.798830540363475,37.080561289712136,23.555908282402577,17.77842918618345,14.339231576453884,12.087865599315496,10.304725609056902,8.908282085557156,7.862491494541011,8.952993596949511,10.86878436198289,14.59424020142549,19.568408016420655,24.87711374437746,31.348023918603197,34.26198990144891,-0.8935790198239952,0.4489059314938798
2025-10-29 21:00:00,-1.0,49.0,75.5,6.0,3.0,3.0,56.04183886239225,7.963099986038451,3.53998117925393,6.733310484536115,57.67198764709119,60.302524176879466,67.12525262235027,71.32955965726347,66.2945067619878,49.42069217662514,29.680169427821156,20.665375766008744,20.96250315467255,20.880035803948243,19.006688608696894,14.828855192130902,11.73233720581331,10.178870862179656,10.108115473873383,10.679441874012817,10.491999432312058,9.8731875550923,9.77708744291239,9.252116110040092,7.890128427113682,-0.8857249183835637,0.4642104791518923
2025-10-30 21:00:00,1.0,49.0,77.0,7.0,4.0,11.0,70.98061815130039,17.2753126779415,2.796767763093588,5.641071211406185,77.93118564612163,82.53802990539783,91.68174063251737,97.61963637612877,100.0,98.33270654794065,77.35190356006147,57.921773686732394,45.74054279197581,36.41499624023311,26.62461357330505,26.95496090429193,31.954029735483818,44.81307612697709,54.09779735704918,61.1105193670888,64.16778267670729,66.41991577350271,76.10136032367093,89.38195167084864,92.43585373600072,-0.8776087166898392,0.4793776594606945
2025-10-31 21:00:00,0.0,55.0,81.5,11.0,10.0,18.0,83.20884823047453,22.123427936513867,5.61373069362205,6.054780032145014,80.35684916605828,80.39463107151829,80.1931586389149,84.79029928904028,90.95888863947411,95.29961015711078,98.13954947785284,98.9211251778993,98.98507125439444,93.7420180108296,86.5259263709759,81.7887311104417,77.42086461891637,72.53875940718213,65.81774440679652,59.71264239358849,51.37592232701033,40.5868426505064,28.863549038409037,20.636874827209276,15.009055020236303,-0.8692328164574792,0.49440298420761813
2025-11-01 21:00:00,0.0,45.0,73.5,20.0,13.0,28.0,62.598006236873324,11.69209735310821,5.93754699569106,5.079498256999443,69.6240098034977,69.90556187158143,72.31601098682073,78.175800487018,85.84743765389686,93.93795286155684,98.97564809158132,98.6427136536752,93.9959490243193,85.2951469804787,79.85678203619695,74.72567046871744,69.00256321854573,63.624301107867986,57.2059153627276,48.460428575470836,37.47416016486428,23.845054437350896,13.55552483679362,4.904098303930062,2.7501453515007555,-0.8605996962501181,0.5092820071573356
2025-11-02 21:00:00,2.0,42.0,47.5,10.0,6.0,27.0,55.010296395939996,6.95796496131687,3.8864243937742136,6.655760897833658,64.56547718527918,65.38838930201581,72.80674086242036,82.42919600896165,93.62967943329203,98.19218278809339,85.79515361420395,53.077441662053936,31.956380849389816,19.292761969252837,11.6425770105209,8.280840784178258,6.281107017745642,6.479702244002164,8.458405713436266,11.927198502245538,14.989469240075168,18.665506982507114,21.24325612363745,24.23272543341212,25.52261136762986,-0.8517119107469189,0.5240103253675756
2025-11-03 21:00:00,1.0,47.0,39.5,8.0,9.0,18.0,60.406080813372064,13.554420988272957,5.316465378286824,5.446260767546733,73.99055244419765,75.47051889721307,82.00642459775852,85.89078579259656,78.76630069707832,64.71667934308287,58.89007093260483,62.75529720235831,68.59985551417833,73.29581328663966,75.337316929557,74.92015986217551,74.06942107326884,71.73071683343898,67.86007709038351,62.174583296651505,58.759621719434186,56.16248903875069,59.00405114447421,63.20299867350636,63.79300257145148,-0.8425720899866032,0.5385835804920232
2025-11-04 21:00:00,-3.0,43.0,70.5,20.0,13.0,30.0,59.85484007345902,9.235926489453641,7.367864214947607,7.473040796874422,66.83683788793897,66.87074479108492,68.2053106638322,72.9278857527589,78.7840444150634,85.9508507978103,92.46553206500428,96.39293468996772,97.75084332262722,98.89421462808514,91.91649051592996,78.2879192522393,59.587411218785846,48.94529172608812,40.19158986161347,37.60402904271392,38.87547994474072,44.349005214594186,49.53399377710981,54.252122779534616,52.54218723459757,-0.8331829385891785,0.5529974600700271
2025-11-05 21:00:00,2.0,44.0,78.5,10.0,7.0,22.0,55.308058952790226,11.873720566017749,7.4292079987342055,3.882118262046246,63.99350214034132,64.6634042406904,69.86666799046382,74.43529506722373,79.00399760576488,83.76919152502765,90.00580197320755,91.97694291685363,85.56672228651277,69.27967149997268,60.024487314314754,62.04663711241868,73.44292875303461,80.63056845856643,85.59195353038275,86.41750243102607,85.51100684290576,83.85712198453525,82.83126775218943,81.3477115181091,81.16934442969047,-0.8235472349556007,0.5672476988027229
2025-11-06 21:00:00,-5.0,39.0,62.5,13.0,11.0,30.0,54.559046363824315,7.077289624482382,7.1796823754998975,5.799115139781362,60.63113979294666,60.57903532867134,64.35411904848075,71.20058505155194,79.20803259147816,87.545326760523,92.03173264951884,93.69240357648985,95.89913473521308,100.0,88.61339594833434,63.082356762798334,32.21461442744103,29.918287227223768,28.1088560928435,28.505216346442307,26.89534529383363,23.375489431026143,19.52493621008017,14.785913139655408,12.338019594506031,-0.8136678304455991,0.5813300798152042
2025-11-07 21:00:00,3.0,37.0,86.0,9.0,5.0,19.0,45.755952313414895,10.977316041509187,4.228080771627312,3.9344985350936805,54.30240340741418,53.725146133589355,56.48754687841138,48.076809016534256,33.32672784936841,49.674179075198374,68.52914533077143,80.20447074973221,84.14169994957889,85.26635355827781,83.83491782747876,85.98919289598359,89.27016134575778,90.71166063975872,91.6919447898974,91.56872235863526,91.71044134521992,91.6431855437012,92.47592042136728,92.79252530496714,91.45567025942705,-0.8035476485339116,0.5952404359043674
2025-11-08 21:00:00,2.0,44.0,52.0,9.0,9.0,29.0,67.68252075054913,5.961254153610981,4.431989124847324,5.822609839059732,68.51283451094481,68.2277754859709,70.40932471104124,78.73705323829226,82.79690517513994,63.63107505147975,36.44526874398159,18.787240233944967,9.910644292924252,5.880944415416421,3.8644654340802873,2.534002556133331,1.6748148159803098,1.930489319058386,2.3139992427980705,2.932123053407889,3.7109586811660997,4.622964937537915,6.274162130819199,8.75174873789781,13.519194406372984,-0.7931896839451843,0.6089746507720486
2025-11-09 21:00:00,-1.0,37.0,73.0,16.0,2.0,8.0,54.255118292262,12.18137507139855,3.1635829800305295,6.066511989689842,74.35628331911792,78.49334296946631,68.39745658939457,36.32240959482134,44.89863943429429,70.75003401208855,88.14856436170069,88.10539966584588,88.64596253381856,89.87005559809234,92.33749540209128,94.93383226389392,97.03700948427901,95.88575799930233,91.43046952277714,84.30586280013051,78.75752278316389,72.60667498908467,68.88859686632246,62.6128277557552,59.67943781752292,-0.7825970017677834,0.6225286602431057
2025-11-10 21:00:00,1.0,47.0,91.5,5.0,6.0,7.0,89.24915937455238,26.24591883941791,2.830389875755803,6.030617049337635,99.79817334400171,99.29188305249377,100.0,100.0,97.36337420053074,86.45419882245682,75.98822502823046,71.9549169239285,75.89744028890973,89.86101539569249,91.79875156289779,89.27806680933166,82.90730279472555,91.93405490429934,98.6671907227152,99.36797169454657,98.83955815675108,94.42394284098708,78.32453077544731,53.0605284229419,39.34000945633968,-0.7717727365467837,0.6358984534680745
2025-11-11 21:00:00,-2.0,37.0,83.5,20.0,7.0,25.0,72.55214893840109,8.668896832191239,6.1384770500032495,5.198671600034553,83.21529009501529,82.91475311473026,86.9128710537552,87.17151177098714,84.02587820857468,88.55262238697816,93.98098244179978,98.87009170872727,98.73313206531407,95.93173532873985,76.43914693883875,47.42853735459761,23.944716789020816,14.666276344820709,11.404012749374433,15.545230316816264,22.44105166244968,33.47660076781002,47.15597273962392,65.40713677505019,74.4981112060578,-0.7607200913564104,0.6490800741100398
2025-11-12 21:00:00,1.0,37.0,60.5,8.0,6.0,23.0,61.52238143071751,9.622599780998016,6.623492020783767,5.161534085585686,78.34682176887449,78.36396357939518,83.37334845071807,85.74676650817862,89.51531051077129,92.57444081835575,96.34591702166684,95.87319991007294,88.88867689674078,82.31821714107636,80.46783977649211,81.3747076292479,84.6750995940689,85.06880588333972,84.38353962878269,80.79744998712063,77.32865866495318,73.48097961139841,71.48493492318616,70.07783076141703,68.86798960340286,-0.7494423368521953,0.6620696215153815
2025-11-13 21:00:00,-4.0,37.0,76.5,10.0,4.0,36.0,69.64178721979476,8.552392577910243,7.170473725330804,4.721315812215125,72.59798059952671,72.24953244306825,75.3652641673196,82.34206589402535,93.23573578479174,95.34160345815977,87.06220647316607,84.45354949905793,84.41498321798528,81.75483084099658,78.76806553041983,80.61943649253264,84.02247597732585,84.24036101806708,78.58879182030178,64.02168366538217,48.65985021588912,27.947250379257383,19.658617268594757,16.06216688333482,21.78016108337018,-0.7379428103031386,0.6748632518680403
2025-11-14 21:00:00,-1.0,32.0,35.5,29.0,8.0,33.0,55.839808744354144,4.801979815144093,5.463141227904598,5.63513191807473,63.8453509149543,64.9580669586044,71.6187465019131,80.71522333058877,91.82592256326106,97.5048052482327,64.20725119097699,42.02268683277598,33.459566703342134,32.08483766073324,31.482897113007834,29.805547738064163,27.01873555743038,23.1557510838161,19.62323243602171,17.205826874623224,16.023588136465527,15.361716804153017,16.92251869910151,19.925159905250226,24.55480551195915,-0.7262249146041543,0.6874571793269664
2025-11-15 21:00:00,-1.0,33.0,9.5,6.0,6.0,27.0,53.63976214041921,7.470959128192168,4.398387040753108,6.560035375984005,63.56955950089761,64.89989212390628,65.96081061179865,72.98150510903089,76.65989663410613,69.06726219566745,61.43415475868257,58.46986437623608,58.41821036162862,58.87025254675413,58.50529319293172,57.11531376619141,55.03276133884224,52.166471695909,48.7650506657639,44.99897065658656,40.93234683455271,36.33570551838346,31.267510119410215,24.936282960950898,18.679232961977657,-0.7142921172691032,0.699847677146407
2026-03-01 21:00:00,1.0,16.0,58.0,34.0,9.0,34.0,44.21307689580651,2.295367389674806,4.209945404177445,3.5666809372671984,70.71518370883759,73.24719479555232,80.64413496328187,84.62290251467306,87.6501423164452,91.63928960403925,94.62028436234024,89.52233235800729,62.16441371733499,34.078166605430795,9.879515889432971,9.444585857407253,10.46841048162697,13.834825030738104,15.212549589098534,15.785556323406816,14.565295179823467,12.043045976695582,10.285497584238367,7.2813248579467205,4.246111089522027,0.8584015232918917,0.512978386299228
2026-03-02 21:00:00,4.0,15.0,28.0,39.0,8.0,28.0,38.13658772684641,1.547177200735074,6.201787373858294,5.108006231693939,38.255871032850926,42.9847182548489,48.796767971556534,55.329422480570415,63.40419262801921,68.72267103288922,68.14600284052997,60.229044925244104,45.777416716400715,35.49180023235059,27.756531227014253,24.29767217399702,24.330961037864046,26.687670665740004,31.037200111391734,35.71689061348842,33.899203062374866,31.98683578026285,24.03580056646823,10.72087719588285,4.624007449874044,0.8670985522812081,0.4981366284784055
2026-03-04 21:00:00,3.0,42.0,61.0,17.0,8.0,25.0,55.010296395939996,9.159575612133539,5.332242718212936,6.686818724071631,66.89364024411083,68.81357783628698,71.95608172073594,77.51729384297484,82.09900920465213,80.09627049795161,69.85952230381335,58.01029781406607,48.92219786686039,43.09488056017414,40.98444680948329,42.543181067707096,45.26588899557848,49.00545980401725,53.18271501676073,58.15668738127445,62.72838520184273,67.02508170069899,69.20240723292203,69.87305979918457,69.83373639332846,0.8837203473619977,0.4680153284438345
2026-03-05 21:00:00,4.0,18.0,26.0,22.0,5.0,1.0,38.67285834638117,5.446742941841126,0.7057165598624806,5.66927451394022,45.054647116311166,50.661863516000025,57.41649558493754,55.83229188869979,44.424291083581764,58.88110344985573,81.09299146240517,89.68403936532516,79.67240129752248,72.43514017316478,67.19707394615362,65.90337255603772,62.85532225268773,57.9468384425604,49.67157236025486,38.8002897756046,30.625813823342828,20.031746613791636,15.956758973558593,11.610001301047355,12.724134510428922,0.8916401947968874,0.45274469960737107
2026-03-06 21:00:00,-1.0,31.0,58.0,20.0,4.0,15.0,46.77355745530747,8.30033800330064,1.9750620491804398,6.0073845020952055,70.30576338885373,78.89375396471404,86.67141131147586,95.58868012236475,100.0,85.72862143517172,70.80474252587263,64.15222768751136,62.743679901369035,58.4706772939551,53.31635724988123,47.03585683258203,43.11845574568976,39.563467139903274,35.13464488144362,29.399463552434728,25.70586429423343,20.451770972027102,16.594980498109628,12.103329023141498,10.611655487738267,0.8992961915530253,0.4373400963303323
2026-03-07 21:00:00,-1.0,40.0,83.5,18.0,12.0,20.0,82.1620616690294,23.518237548880105,1.2227001180728947,6.210884795555233,96.95801040022923,99.31137508288236,100.0,100.0,95.2140483190988,90.08250280315337,90.11546911696261,88.76333456486033,85.3998633087875,80.47631411316797,76.48757859302012,73.38976640418852,69.94233972033156,69.4662994528047,70.98672089716437,75.25447181798928,75.55257715006877,71.58825322315981,62.74173561231824,48.98405378104428,43.80364666244569,0.9066860720977985,0.4218060770826634
2026-03-08 21:00:00,4.0,49.0,40.0,32.0,9.0,27.0,63.121017153336666,11.648370826480853,6.397761319109081,4.898820936813869,73.11327658228042,73.06947314247002,77.52670514308501,84.16928216672997,90.28393097779767,92.87889032559706,94.26577873956214,91.80285748808899,78.64253641636121,52.90328337039433,28.151454639523106,10.823147983778306,2.7956345361061357,2.297594551044731,2.939436083420609,4.054271902021185,4.490589678331535,4.156026990142954,4.272046067251409,4.84493490923281,5.933727442774022,0.9138076496466615,0.40614723863057883
2026-03-09 21:00:00,6.0,53.0,61.5,29.0,11.0,20.0,50.295251009208016,14.663417887344064,6.186278027696736,6.561282620164537,52.92912988683067,51.54544882882816,47.12986253162338,44.66220878101132,42.53360922582906,40.9640862950361,43.09451213888808,48.42187203506771,55.16957233987174,62.58076380447973,69.00503796572221,73.81450971113978,77.73673410302688,80.05222085652952,79.07107248247904,73.80776156090003,64.50502012525259,50.81504691729622,37.74067071198136,21.30835733779694,16.2435139025582,0.9206588168102428,0.3903682146763026
2026-03-10 21:00:00,-1.0,51.0,15.5,12.0,5.0,1.0,52.027084084223254,14.939698916767512,4.740808283952782,5.603974554624162,61.91532102791093,65.00287118897865,64.37085813590842,60.28848079895764,53.042560774075554,49.44648827059438,56.661389644558355,60.67184880749104,62.740626111159436,65.064029236261,72.18875827193392,74.11521470152958,73.67055896596663,69.44087038976275,64.85068183713568,58.7685558847673,50.01273262682071,38.22892735569477,28.72809721800687,17.55491192880887,15.82833416962901,0.9272375462179537,0.374473674486883
2026-03-11 21:00:00,0.0,29.0,83.0,20.0,10.0,10.0,71.68400817209847,19.42662457403095,-0.595164804664618,5.491051543249693,90.32812946174761,94.97086829134199,99.98541938370514,99.35207500378972,98.90457977168195,98.97425109834789,98.98910223420482,99.4250003222633,97.8485463172803,96.94467342042648,96.55588042624412,98.90899493452467,100.0,99.84600965762138,99.08882673227896,98.25678500102802,98.71326738035614,98.57027576302764,98.88212018362486,97.73514192846507,92.93788181442493,0.9335418911179212,0.35846832151248087
2026-03-12 21:00:00,-1.0,34.0,81.5,25.0,9.0,28.0,61.108598895036195,13.06463365370132,2.198453200902444,3.6257406532972674,72.60257282604022,73.76891352932158,75.53840239393944,84.13177170382765,92.42615060595205,81.48218899107712,50.66849613295182,28.86963953090512,23.2266725644082,31.641307848378762,48.59611102211481,68.78152812357179,90.26446511730273,98.48995029903831,100.0,100.0,100.0,98.88562520828128,97.05087000231978,93.7225386130401,91.48385405839882,0.9395699859530622,0.342356891994542
2026-03-13 21:00:00,2.0,32.0,30.5,43.0,6.0,27.0,41.118369916103426,4.005952594735808,7.18788537229037,3.7424781567629006,59.74614618622876,59.5986952996546,63.30775084411319,67.88322893620052,70.00813837382847,74.15624874969527,78.01511398378028,74.28312478155405,66.0386696732068,57.20697203200656,50.14372516856403,38.931391695724784,25.453965179703925,14.590405285553434,7.504586810405198,4.865076357732112,5.209824563795811,6.5533008251016325,9.498824469252167,14.132117834838859,18.709141235273634,0.945320046913132,0.3261441535642696
2026-03-14 21:00:00,-3.0,34.0,82.0,18.0,7.0,36.0,72.23098255790376,8.66256894492162,6.627837063640351,7.342267445464476,93.35807822739024,93.95654826526008,97.74664583402681,97.43886830275397,97.55221837765616,97.59390219350512,97.29020154016649,96.84428591145718,96.7991392231906,96.59588361112947,91.96491586476506,85.89720253642187,78.27977150561296,75.64845561047889,73.90924674161178,74.41138402118835,74.37874512034142,72.97268032835099,68.51796794099477,58.86050293661683,52.42397562106792,0.9507903724625832,0.3098349038318025
2026-03-15 21:00:00,-2.0,34.0,21.5,29.0,1.0,31.0,37.9490735065326,5.243084484133066,4.538175809623594,2.807298660870005,54.193860592064816,58.64537196557168,62.968278575117566,66.0535417936366,58.075783729811384,39.153239388052064,23.919724969402957,18.075877188422524,15.954901956005314,11.730102310422867,9.907925033269386,16.129770564363056,37.4829866355896,65.95232169298384,75.6402245584164,83.12115044063695,77.74240989012485,72.72790874968308,72.12414198497432,70.64246324796817,68.80116763614076,0.9559793438440766,0.2934339689665273
2026-03-16 21:00:00,-4.0,45.0,83.0,12.0,12.0,16.0,82.52119990683082,24.503921043837934,2.1484542396694772,6.239863748545219,99.60617424182465,98.65092473834444,100.0,100.0,100.0,99.8893684124054,99.12024033785355,95.8923629458945,91.62277931561145,90.55063563085905,90.99306803193552,85.16107885867837,72.8165424956359,55.40356387985707,41.68370549948376,38.60585357901115,37.114244602547274,36.806890512892586,34.563632838361855,30.577385494393432,28.585788974239314,0.9608854255574977,0.27694620226893646
2026-03-17 21:00:00,-1.0,37.0,57.0,46.0,13.0,26.0,43.82585430713329,5.185371349488731,5.232683155989066,0.8623861807513785,58.466994655070415,59.22263757949137,61.596955442436204,68.32610966849256,76.19729961160573,82.861242694997,87.70077596248413,93.89044700860521,95.69066130051044,81.45316508926041,48.95474705241193,26.855904908585686,13.749947107038885,9.099887677917062,5.683837142580111,4.423939889296983,4.0570751378318,4.291564775937916,6.963698161805016,11.516757993648296,26.33392906103572,0.9655071658143364,0.2603764827344581
2026-03-18 21:00:00,4.0,23.0,20.0,39.0,6.0,30.0,28.41707157287121,2.625528465366085,3.879421807683844,3.268356320470173,38.024782747291205,42.30577765995035,47.71097169788252,53.91515198698757,58.032958447218505,56.681297972876344,44.222921059502305,15.398430403108657,7.5897855276334605,6.674580610209693,9.309808158980378,13.203556228534225,18.138840643511262,23.95219205607436,30.193707610113492,36.669391724612154,45.08026400122851,54.54469617569097,64.89706057400672,75.68457895033852,77.17207361072457,0.969843196967294,0.24372971360968387
2026-03-19 21:00:00,1.0,34.0,65.0,42.0,8.0,17.0,37.9490735065326,6.381994358593212,6.13328119796338,4.2910153099661414,58.985761537328784,62.716535213356536,70.16954140522785,76.012019927552,78.91335096157333,84.32124390450976,88.94536807900838,96.00341895818573,95.95072079143453,82.95391882462654,66.20514778530038,74.00382651436739,82.56259989992431,89.28808175414869,92.43068608331043,93.79091509175197,84.41016588313383,72.29085763700691,61.651549010106045,49.35272553208578,43.72593895006743,0.9738922359149924,0.22701082094141847
2026-03-20 21:00:00,-8.0,38.0,77.0,27.0,4.0,23.0,47.923977159391356,9.94620267741659,6.2049496236034765,4.733430125104689,71.53759139600903,75.07807118161939,81.29908736800114,84.0802074910547,89.25521530017764,94.59399755254768,97.78796248845404,97.40811177680003,95.87792247705687,93.5459374113313,90.21117164505492,88.902515820259,89.60508176868338,89.2499042685661,87.93226054013431,86.26771553597071,84.96763467532216,82.6810539579187,82.37581078305209,81.21072929368528,80.74970445517785,0.9776530844816641,0.2102247521189836
2026-03-21 21:00:00,-3.0,35.0,60.5,48.0,10.0,34.0,47.434384948944405,4.93992432851765,6.780981830876653,6.037713710396368,72.78885232768695,74.64666368950226,77.44839298771048,79.04645907446863,82.33247145237685,85.6615454680279,90.4209110041712,96.2270227742408,94.63027534458098,78.47261772331106,43.68739867907899,26.852312441919857,16.6630492880116,17.89683929300675,18.94012373992542,19.729869912053463,17.534144945416564,12.517220154776263,6.875797571996712,1.8265923293320232,1.2084332907530086,0.981124629771712,0.19337647441020586
2026-03-22 21:00:00,-6.0,30.0,81.5,23.0,5.0,10.0,57.99377748926714,8.21263576543706,5.590676683062503,3.9977659201896576,88.58552132591407,92.16369990769616,94.9105645473288,94.83089681812092,94.31846970507542,93.20074875668179,91.2453639128076,90.20847190285015,90.0052545239275,90.61362207627336,90.25179914993953,89.62569995262855,88.93125978961794,87.1125303056123,85.41451060762232,85.62719224175785,87.05937963830308,87.71386116377847,86.57806131636488,81.15691686925211,53.95731143252143,0.984305844499033,0.17647097349152166
2026-03-23 21:00:00,2.0,32.0,78.0,34.0,9.0,5.0,49.03714864904513,6.903710179820879,6.424305479949025,4.192304542592365,73.98796082063045,76.98630183145225,83.87367132201459,91.1006575603186,94.45592989990426,94.32958673345027,92.06684490332067,89.76284434514398,91.00802990563506,93.92004928631191,96.53762101596296,99.10885597830055,96.49684114128813,85.62823350997762,70.93251288450492,55.40217334179499,59.77323981273438,71.09422823783392,76.45499073148385,80.26620901651799,83.51117300902524,0.9871957872910085,0.15951325197263655
2026-03-24 21:00:00,2.0,37.0,46.0,48.0,6.0,26.0,36.81010093867564,3.7733766841381815,6.876569259182105,7.696951294608939,47.01030693228522,52.098297225820666,58.434911685286515,65.69602811191034,72.03038422381066,78.02858208837534,82.25159025481629,76.76259250984663,49.969484321761634,24.853135556279454,7.934839911778694,8.37653712800342,9.196779632349946,10.696688393682374,11.17886304715156,11.265860450594992,11.154106168493977,10.769301494686363,12.122018364952579,13.730771673074067,15.413489662603446,0.9897936029670716,0.14250832791617088
2026-03-25 21:00:00,5.0,31.0,5.0,37.0,9.0,29.0,27.149598377599148,2.824393147904709,6.541973787818,5.770812362969328,27.091157030486833,30.23490641054407,34.139870079133374,38.72618668283273,43.22404047486057,46.61525933348416,47.35152317882658,40.24122927060564,29.42489188071545,25.984013066757853,30.715480014199336,35.9903598595516,40.76712312161111,44.22669823056144,46.580770074756366,49.421864832563344,51.143936972993174,52.14037740574889,52.34481908674075,52.263322990774306,52.41387458337199,0.992098522791769,0.12546123335273648
2026-03-26 21:00:00,-2.0,44.0,72.5,14.0,6.0,22.0,70.4328486206833,14.847851835034833,6.475454687430594,6.909795220862084,78.97008425100847,79.685720626329,87.79979996462555,92.43723158051435,96.68542383248952,98.90938856205683,99.45828640984395,99.12376635648646,98.41518715838383,96.11205024983491,94.10596194590381,90.10847660404158,85.22504649735086,83.19679010657612,80.80488132031928,80.92248380070471,81.71684345051659,81.93868438248624,83.69213281784141,85.51176973126911,86.82788074002198,0.9941098647022418,0.10837701279187609
2026-03-27 21:00:00,-1.0,25.0,15.0,37.0,10.0,33.0,33.14204384021659,1.8633228845204892,4.348723061664783,6.091884774153993,36.62967046826388,39.57812377152348,44.652805168581644,50.04480982805835,51.229561802087076,56.55479778064348,47.64049206325555,26.088525057033763,15.117873246777528,11.538459664500769,12.3751859809652,11.91024560524637,10.845013442033869,8.964129389871355,8.06797139055401,7.596982624253639,8.18507680392063,9.360251362625856,11.068393809753639,13.411358285422473,14.900606720619852,0.9958270335100595,0.09126072172931188
2026-03-28 21:00:00,2.0,23.0,38.0,46.0,3.0,29.0,29.81307548805726,2.3135343057920474,8.387727262629141,4.924071051990141,27.582779838630938,31.395663250248884,35.65405385471328,40.509938069729614,46.10899071944121,51.64803546088365,56.5944258244271,64.93781468604358,74.33065120471922,83.35018602097873,88.47241768876222,82.35971205664946,72.62481625771572,60.71728837642439,55.80150936477136,52.495648572419206,49.62322075752706,45.57924001868882,40.62530451605351,33.563061323751,29.225261852719875,0.9972495210773451,0.07411742515094437
2026-03-29 21:00:00,2.0,36.0,77.0,40.0,9.0,25.0,41.799531009585436,6.206049734345083,8.239596882009515,5.376160869917423,47.36065133135073,53.326361879377906,60.32083212437323,68.5801455737846,77.53874886118946,84.81488355754615,89.20878622141487,91.7055834123168,92.48362621081264,94.4766930268732,97.09063492810091,97.05285128662138,91.55603790916857,81.38824642506707,78.1858342588179,76.62770622869004,78.06410641621747,79.25611921287653,79.49039648871819,77.8868455513388,77.94040561993641,0.998376906467142,0.056952196034039754
2026-03-30 21:00:00,7.0,51.0,61.5,26.0,10.0,25.0,48.016972517908656,12.466168081797203,7.877784959232193,6.719308203630424,41.11452276031547,42.008810907926446,46.226963551065566,50.34757388537051,54.93794210444422,59.758192178663464,65.52662829280017,71.44411044740792,77.21163149206085,84.57605721193536,92.73457782952256,96.96188669325342,98.98435675906936,98.82809352841821,98.44391269422465,98.8722779856624,99.83611683112457,99.970536451215,92.39631449702314,76.70314462108276,73.13825179586553,0.9992088560679753,0.03977011384605572
2026-03-31 21:00:00,-3.0,34.0,84.0,18.0,5.0,7.0,69.29385923859161,13.845551074484748,2.033206189468756,5.7321973563941375,86.58595351976014,92.47216161474262,98.29598286781322,94.33252208866774,95.73340258927514,99.37060659710173,100.0,99.58012170899643,99.48138450791203,99.53413098001324,99.51842718293555,99.65870198376699,93.62871113895513,74.93388994652257,59.97384950958027,45.291268790171365,40.641512857993426,37.46413810151354,37.69091184982764,38.02916701954837,42.14938219310236,0.9997451236925734,0.022576263041545485
2026-04-01 21:00:00,-5.0,37.0,75.5,24.0,8.0,35.0,59.009292414497125,6.809494847076383,1.6379444847586977,5.406628117979099,83.28814824973595,88.50441838926334,93.74923577786114,98.3715429474962,98.35302134682273,96.47137678935538,90.48479682659813,78.96251345360824,61.58997983696648,39.70445209975566,18.225890184380308,9.263253950651604,6.752954854635209,9.807482772938387,14.641371027776284,20.996057258334403,24.7749590178955,29.097049627099214,28.43063433677868,26.678346650598122,20.751099830534976,0.9999855506507186,0.005375731557583884
2026-04-02 21:00:00,-2.0,40.0,48.0,35.0,4.0,8.0,40.689449120969705,8.291410199632594,1.9491323373971503,4.94026611793428,70.43504299504504,78.9163952375395,88.18974647327735,96.43615072795183,100.0,99.40941880364946,64.57911714209098,24.22534301010531,5.748245154101666,7.343787167399446,13.348675986837941,23.051464239620472,36.3840682581407,51.931148931156365,59.7937975101272,68.26710290052195,70.17683725754193,71.77398000065406,70.98659646543916,68.8808444340664,62.936514092464726,0.9999300657962057,-0.011826390691832589
2026-04-03 21:00:00,-2.0,37.0,85.5,11.0,9.0,16.0,81.94145600121023,22.49312637655222,0.5476250882321688,5.890803791628507,100.0,100.0,100.0,100.0,100.0,97.53360607185273,97.61486303040321,98.32106518786976,98.66380134665249,99.00762402250292,100.0,99.61199787114447,98.10149471180631,92.60015858837647,85.03455345903936,73.54764309063859,62.4751134556518,49.336872151630544,35.67543005810916,18.724534843023385,11.398285874219296,0.9995786855478958,-0.029025013321975237
2026-04-04 21:00:00,-3.0,40.0,51.0,33.0,6.0,8.0,46.24947130744444,4.785731140933328,1.4705072483479014,6.291162941765471,64.70881392592129,71.94605902420778,80.51244398603727,89.82997838307358,97.023214196069,75.01118878564888,31.50627855132319,4.717865522794343,2.1886281366493154,3.577218326767731,6.2307544327056545,8.508844289688126,9.692817369631832,9.917743701236514,8.445380969330673,6.131299295217731,3.975611160796648,0.9734117880856449,12.318790340808505,28.93676126801008,57.682887003555614,0.9989315138848577,-0.046215046983708354
2026-04-05 21:00:00,0.0,42.0,85.5,8.0,6.0,20.0,82.30698177609096,22.13364063289452,2.647941000150707,5.26404368990117,94.34787120939347,94.51235323084846,99.99676310150038,97.48940058014264,94.30477986164117,95.18364608317503,95.80029371621332,95.36245685769134,96.12642109025002,96.72187851672412,90.26174669447332,79.96006153175796,66.44417206137753,64.3899563103871,66.3855822535367,79.93295791374204,89.89381313291138,95.4242311365423,98.06522261360922,97.86737413440812,97.26683530210379,0.9979887423155984,-0.06339140486951038
2026-04-06 21:00:00,-1.0,35.0,80.0,36.0,11.0,30.0,51.69392391806183,7.315432538800727,6.767114102967477,5.969395448355192,75.40011719628467,76.95280614867474,83.61463897467624,89.15384023167383,92.80332306288534,96.02977409393762,98.55442312779347,100.0,100.0,100.0,97.87307302921782,84.825744695096,68.49678218131231,62.95997369488595,61.224865597423005,65.59395065451898,69.72230679003104,73.57034042839568,75.19766739450539,74.34064243577525,71.28630777191687,0.9967506498213929,-0.08054900421874167
2026-04-07 21:00:00,2.0,35.0,57.0,39.0,3.0,36.0,36.4672025250977,5.498422904321266,7.397545029547311,6.963300566999584,55.73784382382456,61.97160441575282,69.08982576392837,70.95247602363345,71.12844322873205,70.70278533712903,69.66508653252373,69.4928026499447,71.49423936291845,75.23794653338118,81.19334541147194,84.02940266523807,85.03543798857038,84.4933412295229,83.89280750372325,82.17112050498643,84.28238512983772,85.59240860192637,85.86817607470311,83.30202911745815,68.81026610349753,0.9952176027737294,-0.09768276782171598
2026-04-08 21:00:00,6.0,39.0,10.0,39.0,6.0,27.0,31.151999668501745,4.126361461371733,5.479508674088721,4.856691032595763,39.7920595344669,44.925466204798894,50.6823822705538,56.39782210282437,61.39098453493208,64.8743406517963,60.914418600778696,47.28870647465908,27.524368123176874,16.06474466805986,9.236156148096647,8.801402733904569,12.119716690818679,17.998080251219566,25.510538246451297,34.06895138889471,39.90257207387155,46.32483505801566,47.31666173786867,47.57327252518551,45.00225581318883,0.9933900548258936,-0.11478762552212701
2026-04-09 21:00:00,0.0,50.0,17.0,22.0,13.0,19.0,30.312040267766044,6.34521443747639,4.626424269290577,6.961516843884394,27.396195740571166,30.646346089320037,34.24720586440725,37.37750754630325,36.85255275053896,26.586624646808808,10.012925569582913,2.1197527694800047,5.148656352960674,10.20777770164324,16.850053308034987,23.689075455555866,30.59707167796301,37.74186004495489,44.028295532440445,51.22051006760374,53.990034012967726,56.97904988798235,61.65928689857647,67.03703195961131,72.51776228145663,0.9912685467787256,-0.13185851571739118
2026-04-10 21:00:00,0.0,56.0,64.0,15.0,6.0,19.0,48.79868354185697,18.717375249223835,7.207572600917389,6.225319174472463,43.79026817109757,46.90504383423827,52.033359661305965,58.54103190647625,65.43457387897767,69.56395990162314,68.69281123211377,65.88539211335666,70.67041151411338,80.72237890633365,94.49455557016411,97.16532442877036,97.95123217190054,96.58083369538039,94.20252228000359,89.79529747427071,89.7221571936698,90.56102345970412,91.34429035738336,90.6378782431965,90.50910082251573,0.9888537064205885,-0.1488903868564548
2026-04-11 21:00:00,1.0,42.0,76.5,48.0,12.0,31.0,48.56876755380038,6.79328762539157,7.173728778368753,5.3171433950201425,60.17795261955673,63.606912796613315,69.47238027124006,73.41459972787352,71.87963272710505,71.22894123959883,70.50450744952195,73.39257978512182,79.64200085184814,84.02249090185802,81.01379643888576,65.10831226248206,51.21853483291666,42.179209996586145,35.287502373697535,29.218807282413024,23.615982346170544,16.965841541609723,13.546589929527691,9.748954862714344,11.504582175683083,0.986146248341595,-0.16587819893463143
2026-04-12 21:00:00,10.0,49.0,18.5,44.0,3.0,31.0,28.88162250842316,7.269123135868785,6.449383763296872,4.956259343850415,33.74720316817513,37.79109496009996,42.68145701807453,48.08818769877076,54.279589803264614,59.47910174731342,62.41536518617774,63.48068186628906,43.98590244394665,38.07039427571341,40.30596985238803,43.89739057925092,46.999322893756094,49.164624466527,50.43725663644749,50.72034957010192,46.03790848743529,39.47753023602369,31.393649834135633,23.071490518070476,28.14220459530451,0.9831469737221499,-0.1828169249850199
2026-04-13 21:00:00,2.0,50.0,87.0,10.0,10.0,21.0,82.87000375082447,29.430848173306977,4.297092393079143,5.347478123795237,91.18553624553776,91.85903759297366,96.76440050792087,96.62987803261339,95.86958088552959,95.77793393077326,95.8325038529881,95.92435710073433,96.27746324406495,96.63283600732943,97.4777913256064,97.55787973460347,98.28849463402692,97.85137084015217,98.58599940179667,98.6219086391262,99.0307254808373,98.2300665259506,97.62428754558849,95.8646908183777,94.67971432214878,0.9798567700958665,-0.1997015525660636
2026-04-14 21:00:00,-1.0,53.0,64.0,27.0,3.0,5.0,54.43645846023466,18.86932390018758,4.753108758399714,5.394525207858554,67.7311537885616,71.63317522873666,80.18738714690481,88.31405026403868,97.69800546425141,99.67350968795913,92.7417931635687,65.30100488677422,47.205603501106545,39.667215828489745,45.57900274892272,54.84940577112572,65.22825865378029,72.84090794349397,79.27119153985545,85.01975760332189,89.18037103387677,94.32936211881966,95.60380362932291,96.08760623188483,94.93915987005246,0.9762766110869321,-0.21652708524481437
2026-04-15 21:00:00,-2.0,53.0,86.5,20.0,3.0,14.0,71.40879858498059,21.265913095409676,4.322901120011048,5.364324734406546,87.447168108099,92.14573087349798,99.77521833561315,99.43780540752802,97.48526373356027,77.77377964732284,61.438284434105604,55.09099589351079,54.93533290312128,57.70745748975753,60.49611954952935,62.63042563600357,66.04928603071882,73.85463467334317,81.36430407805953,89.27047462682826,91.0369529843318,90.76963605176502,92.65416382461441,95.05174394280706,98.15463087253366,0.9724075561219968,-0.23328854407545518
2026-04-16 21:00:00,-1.0,53.0,84.0,14.0,6.0,17.0,77.04691322237959,29.128135684845716,3.1067859040787553,5.358982963291663,96.20960062915312,99.08519667179962,100.0,100.0,100.0,99.48677477041774,96.7723640008067,93.49768803258985,91.90501507617643,91.44145764337372,91.421618208218,92.3296202704783,93.78969149643966,97.31329761440803,99.25759538741252,99.14316060353119,99.80972176982917,99.35275984288513,97.08143670280327,92.4356882557294,90.73827802672307,0.9682507501166718,-0.2499809690726521
2026-04-18 21:00:00,6.0,60.0,6.0,36.0,10.0,17.0,39.056047127995775,7.674316765375946,4.742278686620065,6.270835306541721,41.016232431462576,44.98047124049837,50.50271446344829,56.26186346249173,60.66318244389556,57.34594432724913,33.281028119835085,11.48185808300181,6.041311580486599,6.312015241420592,7.95080767765873,7.2213170983581945,6.158547121985059,4.900593165454499,4.367581719417217,4.367140290118249,5.081109383120384,6.170207877620108,7.931848775641616,10.234674593772263,11.138082960444322,0.9590788900341131,-0.28313898122818354
2026-04-19 21:00:00,-1.0,46.0,87.0,17.0,8.0,30.0,82.59177519161884,25.415722565838674,2.5057120345981687,5.879124703884261,95.9428947323033,96.3931659659333,99.1641095000536,99.80415464058746,99.60523771958377,99.84671504764165,99.07975178392716,95.3837010041743,92.02019883022948,93.2451756023473,95.76241326113612,100.0,100.0,100.0,100.0,100.0,100.0,99.5325588894904,98.57230633023806,94.8923751962603,91.95818372952598,0.9540665500578387,-0.2995947563972602
2026-04-20 21:00:00,-4.0,39.0,53.0,55.0,9.0,30.0,35.56228676354831,5.973607095284968,8.211850334379015,4.3214061845422345,55.882808414103124,59.029957081590226,65.27437771162641,72.46799598871686,79.32109460373604,82.6301995430897,81.25220343464406,81.17181926744992,83.34718631567318,86.01117522226536,89.34681775124977,92.58732949655246,92.42730116126633,84.70285220307852,67.54901411981494,45.162088233135734,37.66879681236734,32.00998980060427,33.279871467870045,34.92792126657865,35.32090076712109,0.9487718864399473,-0.31596187665790293
2026-04-22 21:00:00,0.0,45.0,78.5,35.0,7.0,20.0,51.105736755920795,10.453318793470299,7.461238130002178,5.920698151446223,58.30144505822067,62.82299399434379,70.99727183992593,80.1224535732517,89.40475298840472,94.33103724715731,92.47320949865484,95.67902653694276,94.27644013663566,90.44909480430071,86.77554576147833,90.97598996029586,91.45806683345211,82.85468098603894,69.44029989746302,52.142905019711726,42.27105022417696,32.34177538075799,39.14878082074866,50.8211494031309,65.45909051464139,0.9373419384643772,-0.3484108069446808
2026-04-23 21:00:00,-3.0,41.0,83.0,19.0,6.0,35.0,70.0973330341911,11.675635593308742,6.60662405983756,7.701164476273114,90.9503187145687,93.79723893879115,99.18278490059008,100.0,99.79055723151487,98.43113811158459,98.56169225587466,99.59377727182576,99.34507338917028,98.96493293667046,97.12051245626576,94.58152243410055,90.04656412118706,84.67561569563682,81.26858951848187,83.96685288312926,86.14609054832194,86.31140511719028,81.4628092803956,71.4379602556566,63.26257110019058,0.9312100364121947,-0.3644830148102912
2026-04-24 21:00:00,2.0,41.0,57.0,41.0,8.0,1.0,50.47986970636548,7.531024098742997,6.462905819514064,5.392111291803943,68.91160399318464,71.89569440332991,79.88927774834433,87.75350999567448,91.20358652756133,97.39226442866627,90.30351237545993,84.48753684429845,86.29025437263816,93.63430554672082,99.25621711674835,76.01639751667395,49.19896650248891,31.01597919644594,21.196606987530505,17.337933622183378,15.167559608450047,13.410055713170815,12.687976624123001,12.656799708771246,11.479246699464207,0.9248025743285089,-0.38044736628785164
2026-04-26 21:00:00,2.0,61.0,15.5,52.0,3.0,1.0,39.218096354975465,13.149967121269992,7.887799565043035,6.241723004118388,36.9122631635132,40.4946141121304,45.10463976523254,50.66321639343215,57.08000236172849,64.33446240987396,70.13603648830353,77.44661807219644,77.55931902679487,72.81537206447486,65.11406855785255,63.21902208892314,61.07528146894538,57.74712166114963,52.92330956003157,46.24540711209554,40.08769013267081,32.31957178171798,27.090746570718473,20.38007749165321,18.130288576877753,0.9111686353326631,-0.41203363695942635
2026-04-27 21:00:00,5.0,64.0,65.0,54.0,2.0,6.0,35.2869642734284,10.716492737415638,8.05061048993996,6.621313085310194,31.241280268662873,34.730062070470616,38.94406214642373,43.70267400813626,48.98249864192131,52.73550541462415,51.85015177179508,53.893031967894956,52.22737867333761,52.80001624232876,55.31962517514465,50.87320535174753,44.562012629904174,35.64161722838914,29.449299516007976,23.387505317570813,21.371412307839286,19.246340126698236,19.76752987136795,20.415554963079245,23.16072706952829,0.9039461929224011,-0.42764620926777464
2026-04-28 21:00:00,0.0,63.0,2.0,53.0,8.0,15.0,25.40911784173324,9.300036679930498,6.4678460694010305,5.890996938503222,32.286578174629696,35.43077180200845,39.56607080517007,44.4863473513386,50.122592635319876,55.8268757145441,57.7973637420307,65.21264406261405,42.91113612296146,24.35824780928969,17.847133254839047,18.768111589378382,19.322634533416178,19.257546683337317,19.143206743426898,19.111850896533177,18.890471099873288,18.408331450081125,15.85181941406846,11.828056693078928,7.605356642702408,0.8964562582905575,-0.44313223418263453
2026-04-29 21:00:00,-4.0,49.0,81.0,19.0,8.0,17.0,65.65067581632282,16.974767044275826,3.774220074413002,6.748888322976893,79.23122067883992,84.9858325024303,94.95671178647216,99.64589429038584,99.8055278014316,100.0,100.0,100.0,99.86283627068713,99.4791737270819,97.42269279765009,62.28845827515316,30.598752887852743,18.852389854606848,17.54189362666523,27.310142091516788,32.212226961188904,35.58545816924412,31.48406967986432,23.399810038356232,17.143203265656716,0.8887010478292915,-0.45848712914008766
2026-04-30 21:00:00,-4.0,50.0,87.0,15.0,9.0,12.0,73.88570607419034,23.6733482262791,4.469894886124425,6.461521332327311,88.6542870556371,90.52501738187601,96.6112769096001,98.54411939043743,100.0,98.59723328392491,93.02078024252587,92.97206788749702,96.63330752444607,100.0,100.0,100.0,99.96449527672235,99.85576832922732,99.84822474537334,99.77331301956623,98.84272516386868,97.09639817023755,95.25451808745686,93.02910724462961,92.31575072995038,0.8806828564301475,-0.47370635037968
2026-05-01 21:00:00,-2.0,49.0,76.0,28.0,8.0,30.0,63.121017153336666,12.82382278464193,5.514297470975877,5.679896637332209,78.98613250169876,79.54493774214711,86.65327515246284,96.04607110397528,99.89325449258341,99.03520961444924,98.49933545881991,98.95465497996511,99.44017941879602,97.91815820296215,85.32745498718893,66.35285821716477,41.34869035108529,25.88464650689159,12.829660091192121,5.994509923975044,3.454356962896644,4.161429690949654,4.689864730638258,5.231556553989893,6.432644254059282,0.8724040568049612,-0.48878539428899265
2026-05-02 21:00:00,-6.0,47.0,82.5,21.0,6.0,17.0,60.406080813372064,14.234650348850971,6.0832275941989735,6.285275475654153,85.30779298370607,87.91039584183525,93.68734824798388,98.75701819061395,99.18304410646228,99.38060572101192,99.64230523839379,99.97551179856494,99.95882173607997,99.7258023194136,98.94725461801276,98.91769761234836,99.50169016182954,99.94829240713719,99.25381606703272,99.17001561228683,91.30738405403238,76.65961198660584,50.983035842960675,16.439123602225084,14.051109517869364,0.8638670987837349,-0.503719798736334
2026-05-03 21:00:00,-1.0,43.0,86.5,17.0,7.0,35.0,82.37880629106463,14.853051334297078,6.190290959895593,5.695033615861803,86.08633022328091,86.70606574689104,93.5701452798158,98.95187924656601,97.18371839717467,95.54855904197119,97.79254853887942,99.61127188297043,99.75951922164683,98.54317586020976,95.9568993932474,92.75685338748477,90.6294350758452,89.07307827674428,87.78573558482765,86.49766425244094,85.4519852493647,84.5551380572257,84.32462879660032,82.74574833342324,81.90418430311331,0.8550745085896932,-0.518505144391157
2026-05-04 21:00:00,0.0,50.0,53.5,33.0,10.0,26.0,65.77346788533985,14.270279328705717,6.615537595401647,7.507470178175787,81.09840867483335,82.37449166400108,88.73881134873021,92.40129971347861,93.1508706169694,93.67046430000323,94.28222157349123,94.34258796451341,93.81380708394508,93.66495650160293,91.91687082112945,86.18104850447882,75.57710742458876,63.57442216083382,50.81264699232525,41.49427831540397,33.84055298669886,27.151658638339786,23.82990314616659,22.050777677354834,23.729144159083155,0.8460288880917339,-0.533137056031809
2026-05-05 21:00:00,3.0,70.0,24.0,24.0,13.0,20.0,49.06274959008728,22.364485896117017,7.26071219975528,6.79629914175324,51.64984145722079,51.83337292769337,56.83356233766563,60.73467115165748,61.707699181662,61.09173548576234,60.190273174903595,60.242316588825496,61.248655790326644,63.40093909846293,64.74480336112802,64.60231181725446,61.805440682609714,57.69888223836006,52.136541689703876,46.609112935341265,41.005510852214066,34.83794367853997,28.9809050745871,22.371282884038607,17.548268516496083,0.8367329140344921,-0.5476112038402312
2026-05-06 21:00:00,-3.0,56.0,86.0,15.0,10.0,18.0,83.27545387978601,27.969985218530024,6.607172098960786,5.29971776929397,82.70890380359609,83.25750282556076,82.27157930349401,81.43087945680733,81.24393822934367,78.73141589152429,79.4142898122859,84.91178266074037,92.63429413085002,99.2388783448188,100.0,100.0,98.90090445556712,99.03314691206356,99.03193586426593,98.30663423989179,97.63327642073173,96.0653498205977,94.70310109058497,91.81091750828134,90.69228205365361,0.8271893372462497,-0.5619233046832195
2026-05-07 21:00:00,0.0,55.0,60.0,38.0,9.0,26.0,50.60187561794369,14.800263166581857,7.0415352365968324,5.547557349580347,78.98429785975303,79.67696503348253,80.50791699176291,83.78815946159136,87.5037584229589,89.2422685572098,86.99672677665629,87.76190962458273,93.82352398557914,99.8990980320362,100.0,99.02858382391825,97.38205145871814,97.36245662894957,90.22836055581467,61.07048634602622,34.78266700462546,15.0501200111083,8.692553978240426,10.47571380013877,11.74678929170072,0.8174009818249189,-0.5760691233798758
2026-05-08 21:00:00,0.0,51.0,62.0,41.0,7.0,31.0,49.98639917276065,12.352002471013263,6.910003225324026,6.394776802148146,83.57465188519168,85.71338574324798,92.66012541558129,91.74338822682769,90.22939851691272,91.95507283188076,95.86279386830348,97.69957476750899,99.55464462002992,100.0,100.0,92.51789871795903,79.67835094557051,81.2072575641027,82.80780886869687,84.87897542691269,84.85610992270895,82.68253373892911,65.6338344113497,39.48172238918077,30.00601024358243,0.8073707443023492,-0.5900444739548627
2026-05-09 21:00:00,5.0,58.0,51.5,66.0,8.0,19.0,34.31184626017269,8.608586770052629,8.839422716346652,5.630665982858613,25.751649694284275,27.165853360680792,30.44786529807424,34.06978885665553,38.42552686400836,43.1446739390536,48.61601402605159,55.173791869856615,61.820047899868655,67.3715339060233,67.33612858257838,56.155609005372376,43.14431957667729,42.159528290461346,43.253961881615346,46.32472581093904,49.46129522656415,52.1451098683131,53.52399044201144,53.812579351153374,50.135382187966904,0.7971015927871943,-0.6038452208771035
2026-05-10 21:00:00,1.0,58.0,69.0,20.0,9.0,18.0,74.66171995626145,18.007852805350574,7.281538176295295,6.0465049458772215,69.52933606779534,71.82792345178822,79.66870494068664,86.72328279611027,90.7804856497849,93.13103551090808,79.30147396369581,58.253478567388484,46.27238764579844,45.188865985253706,53.60518553165407,61.349663547379244,68.41983687651403,72.4648954503871,72.94943102716012,67.89259160445155,68.30017676405812,71.31336112190488,73.31014750552495,73.30533364419905,52.09139680887527,0.7865965660866021,-0.6174672802835514
2026-05-11 21:00:00,4.0,55.0,58.5,69.0,7.0,29.0,36.71274816395497,9.011264277038887,8.945177270501668,4.0286267528615785,32.35162513472426,34.377622351212814,38.50400846631791,43.113527569242834,48.47856287296843,54.643240389489144,61.358481837561015,67.66916353101064,74.16983131032285,80.28448681780306,86.34619692851699,89.89424764418168,92.82313710703643,95.5037864016608,79.31079130417262,50.46241275953558,30.575205145828203,13.053896434000094,8.974431117425315,6.689213012541916,8.173637171159193,0.7758587728069828,-0.6309066211876704
2026-05-12 21:00:00,0.0,49.0,72.0,61.0,10.0,32.0,38.833552936024404,8.763628400647844,7.409981358812836,4.844512228552221,47.95698404102162,52.25948053173857,58.61837497155712,66.63704047001335,75.59731196007007,84.45939114798395,89.3820514203413,91.47500514219458,93.4818666157064,95.51484568333555,99.70447404997999,82.8891010525434,65.71140161140012,49.99493235107097,39.09214034824313,30.03290890322208,23.822880821536902,17.578799868529476,20.161081610925546,25.187069139975183,30.06126465431862,0.7648913904341226,-0.6441592666722685
2026-05-13 21:00:00,4.0,57.0,74.0,52.0,8.0,20.0,34.14821654774582,10.612872055678618,7.098381179161637,5.388355098054671,24.818278635122898,26.59113994610378,29.63925809245635,33.40682572682769,37.75449297004411,42.522799726118805,45.75801743090926,51.10951368651882,54.53473070388641,56.034384965857974,56.46413699268612,54.48439310444333,53.32335441165874,55.84946629363564,58.73804965230865,62.04710236305907,64.9216975743949,67.88239517015178,74.09862591473637,81.39125139486413,82.04400278546728,0.753697664392914,-0.6572212950663319
2026-05-14 21:00:00,-1.0,62.0,66.0,36.0,9.0,15.0,53.66277542833233,20.051256565366792,6.78972250980567,5.443322480654053,65.46414548326034,69.13559067486176,76.46742150241045,79.2641177295925,80.24145837242907,86.46935064569237,94.73248552709677,96.4612065706379,93.87008766191535,91.73967377469904,97.94078066980924,85.99205935819833,66.74128073556746,45.73234678832146,37.74050254710039,44.40855401123507,58.48250149512603,78.2681071300342,84.97270890854762,88.2306708823231,90.53231238232354,0.742280907086982,-0.6700888411055113
2026-05-15 21:00:00,0.0,63.0,54.0,46.0,4.0,5.0,47.99897869343753,15.472258980579738,7.807392108867988,5.514663337703656,42.41694389445014,43.986633271340345,49.03173513447063,54.62982340357541,61.125973415960445,68.54495236250617,75.2789288558549,80.55841968970293,83.90482512949917,85.62346468857129,92.0280813475505,67.99825351533684,34.535915932645196,12.858695806118575,6.627502554877696,18.652682116922364,29.37721179055987,40.53918076168224,48.32636804464911,55.12753063434046,54.35676735711645,0.7306444969184916,-0.6827580970759147
2026-05-16 21:00:00,4.0,73.0,35.5,58.0,10.0,24.0,35.35521255505313,16.176004123612852,8.093248323121713,6.117962131981616,30.823445052371195,31.667112389600742,35.14036317396082,39.29161982487842,43.85525169221597,49.36548668061239,55.201409473579034,58.7205657870443,60.4830911124416,61.7487029158468,52.48024926592946,46.549345327404986,42.472800495282414,36.538219004257044,30.760221964822033,25.22484313145044,24.1743510130343,26.070568595760097,34.21560590899582,47.716549942217085,59.69310881772775,0.7187918772884232,-0.6952253139408722
2026-05-17 21:00:00,-2.0,65.0,36.5,56.0,12.0,31.0,39.862256150108216,14.374680207176164,7.136356455701606,5.79300170650775,39.44096890321595,41.57358105227016,46.50254447315742,52.09935721707858,58.69820396260413,66.24121049868478,72.42749297641336,79.91981612242941,86.22215436946556,84.86574520222685,67.24004692034086,53.1214176165975,41.06262893823403,32.39641560327377,25.431565516303866,19.549307995247432,17.662455861276985,17.577383536166387,19.316145532438114,21.932142834679873,22.78173352087943,0.7067265555776158,-0.7074868024503348
2026-05-18 21:00:00,4.0,60.0,84.0,18.0,6.0,22.0,39.056047127995775,26.11316799413685,5.106765522617811,5.0637349935337825,32.04194014362887,34.748747704981334,38.96234227228782,44.176859937814626,55.29000234161522,74.70185730832478,90.50994638033494,95.02247378803314,96.4048059781607,97.74260396227,97.73401711453242,96.2671715745734,95.3511687181871,96.26225474912299,98.27882126955468,99.52816258127227,99.58593009835917,99.15301551047429,99.28437545037522,95.39995572842203,65.43930127523754,0.6944521021088763,-0.719538934232584
2026-05-19 21:00:00,8.0,76.0,65.0,18.0,7.0,0.0,66.40910847963103,38.2364308459122,6.279567999393493,5.235054333538588,61.3667968828166,61.38152682731576,63.077103520587464,64.61234896169542,66.12056836505427,70.79084965196354,78.84322027371624,87.68778479677341,93.70848557349557,94.75158490357401,90.8857625415538,86.39964059472909,81.3030955184179,84.919639433348,90.17257780854476,96.974711298496,99.21741977715686,97.28767388193216,88.042528838718,74.10933484212188,56.604025533842936,0.6819721490904629,-0.7313781428679254
2026-05-20 21:00:00,0.0,78.0,27.0,53.0,14.0,29.0,37.51600687661515,20.724710899661,6.733197406651881,5.315038469368075,41.45281490158058,42.19359230309404,46.715995185665435,52.011810700469695,58.015669902858214,63.665145969957806,69.64681725394573,74.63338475526312,74.83623423629689,68.43409706006204,47.04798435203987,30.140255755555184,18.00408720644121,18.52243571864303,19.64286273575376,21.581969965961996,21.772821474639812,19.92914629117242,17.115853180818778,13.35456294677928,11.019294376962776,0.6692903895412567,-0.7430009249440493
2026-05-21 21:00:00,-2.0,55.0,3.5,65.0,11.0,33.0,28.634509299655125,6.490703021399443,6.56368300468596,3.4003089715031347,31.249701175699702,34.777078016020305,39.23829921537525,44.30782320489818,49.97856817612642,56.78919723484118,63.69190062932504,70.02796327213807,79.36463464702298,69.78262405193702,43.43696664982135,25.168293917039016,13.514301222907324,9.668839160529876,6.566226786392296,3.8270968504186356,2.891243800540697,2.3752649018970575,3.3448745435207696,4.896528778891122,7.825816310217759,0.6564105761979381,-0.7544038410927472
2026-05-22 21:00:00,2.0,60.0,11.5,76.0,11.0,32.0,26.006643666213908,6.952191022999058,8.095507855387291,5.201053376236772,24.937408109562885,27.767221948056726,31.152712714704816,34.90169787123714,39.36302687842824,44.42024729103295,49.56083642472067,52.78109312047062,58.192712258887326,61.67281229893501,60.20369296048127,39.5591936506755,24.878656385822357,17.53655051479625,16.188253472169258,16.669939824141398,16.53708383265591,16.19758058962577,14.6150546503375,12.439013996461405,10.629491910564832,0.6433365204044917,-0.765583517007675
2026-05-23 21:00:00,5.0,63.0,9.0,50.0,0.0,35.0,26.475988673543494,5.310865921058173,6.460432185753356,7.02447841098692,21.179131443176985,23.532826388935213,26.20434211454849,29.31882398689795,32.79691394414268,35.22003820733179,35.97104834022624,32.46529005668044,18.427532145638693,14.49691409606205,12.94748108821511,12.191040441617973,11.157237749305345,9.723606711341587,8.86003780039061,7.896197276587564,7.952012267606201,7.972374456085764,9.742159100961292,11.875009495141436,13.535162265466925,0.6300720909843687,-0.7765366444428655
2026-05-24 21:00:00,3.0,66.0,62.5,50.0,10.0,19.0,26.94426068382572,8.426991689303922,6.729296050571413,4.714832650294757,26.04020204943076,28.811436984343548,32.033874829921736,36.064557388744475,40.409589160989526,45.649814599102776,51.42997575061972,54.13945309600776,29.440949360467204,15.087527079365634,6.899050073950064,6.756794091378697,6.703591983161786,6.67680273565238,7.141022456361641,7.744959057932981,9.281534873626518,11.917710803370014,31.19954667834258,55.485051793260546,81.73891486062145,0.6166212130956382,-0.7872599821916922
2026-05-25 21:00:00,-3.0,56.0,82.5,15.0,2.0,28.0,83.27545387978601,27.616923527128524,4.105438773605318,6.16955052864198,90.27387566401114,94.48267715448921,99.0491733837039,99.8919627299932,98.93649586098067,93.60638704335447,87.86804209943786,85.69813745314997,85.20084957299953,85.85613305272418,86.84438107150227,88.62423184587635,90.54104300455357,90.47231999835462,89.01314247142066,84.1580384542942,80.8699319243352,76.62733990760927,56.308126533231096,21.984728677436973,10.793042429055152,0.6029878670694714,-0.7977503570459932
2026-05-26 21:00:00,2.0,76.0,33.5,44.0,7.0,21.0,43.164723830282384,25.91697646798163,7.832908357283508,5.735108495524209,51.483267405252306,52.93461000199983,57.946961718442935,63.95099045654251,67.85841608540647,67.60123394923167,69.84240755803116,72.27322654014444,73.54651835047522,74.11374618055386,73.11994252164037,69.10266030015613,64.43280370391682,64.22149033986116,64.00376692754601,66.32953155584026,66.45916458244542,64.79876972506584,62.64559528901877,59.34868351972585,61.20236640730518,0.5891760872322963,-0.8080046647350754
2026-05-27 21:00:00,-3.0,64.0,57.5,23.0,10.0,1.0,60.361457330669865,21.52308616513478,5.748780168938828,5.216887127906155,84.97462079121357,87.568353146563,95.909936811655,98.23903047449137,96.1540613084432,92.05805301831435,92.39122379993739,91.1582101299671,85.40242497827045,76.32764976369769,77.77460274317434,70.4284637170471,56.894846548733405,41.45913055734484,28.980015231586293,19.888472622658405,17.347523427197412,19.69249616422461,23.80052582160086,29.613035539452458,32.454439686346355,0.5751899607119775,-0.8180198708443175
2026-05-28 21:00:00,-2.0,51.0,78.0,30.0,10.0,36.0,63.378905343243986,16.363606902535054,5.171700912151146,6.075547043568945,77.88658361471022,81.09552089765327,90.82541536892138,98.32117542005236,98.76010939264201,99.19679098563815,99.38582301844119,99.3559587384158,99.64944019412216,100.0,97.45844070133512,90.28393206710238,82.44040552265926,78.67107586198779,74.97927128498661,70.97984182036568,66.6080823225393,60.41929866376411,53.80542113259609,44.218340973339515,37.99327527647529,0.5610336262283677,-0.8277930117131022
2026-05-29 21:00:00,-7.0,55.0,68.5,34.0,7.0,6.0,48.643418906488094,14.290329379587563,6.947450300594931,5.700833203799482,75.06121417567383,73.78627557247447,71.80932368749858,74.84132114246275,79.30467978679862,83.87456985387021,85.8475725023834,89.68667751012315,94.72442399601267,97.41949699139447,97.85203088506577,98.45391077543158,96.83647454533636,79.12351888428839,65.64204038098072,54.05158841837135,46.26203158112199,38.73240484266486,31.26067015899345,21.33387183658272,20.210006667457957,0.5467112728685939,-0.8373211953118121
2026-05-30 21:00:00,-2.0,55.0,74.5,56.0,7.0,3.0,39.82293095757372,9.688397985362752,6.153732107596706,6.377580168673629,39.9650663497111,42.871257551658246,47.888103458016815,53.70289079641306,60.5215980300341,67.57313659893028,72.97102477767996,81.36337340856852,79.4079270215894,60.4226216609236,25.124363399307327,15.814184202555184,12.105974683653564,14.248421967398444,16.41839943735792,18.67433893666147,23.963855857892565,31.5693482235432,44.76678901808887,62.548502905291635,73.81225506562816,0.5322271388474397,-0.8466016020976267
2026-05-31 21:00:00,3.0,58.0,28.0,67.0,8.0,7.0,34.31184626017269,9.948573673801794,8.258411386683514,6.841826253155952,30.453811682921984,31.97576592219545,35.6202684092112,40.17181619021618,45.05312981992572,51.178557078230384,57.76642080231847,61.93827143627016,66.28222609800017,70.77408950741307,68.70026631718848,58.877003566305355,48.75480275090039,47.543655965314436,48.192416469339996,51.33693856123931,53.46258195045298,54.47254957286327,50.89151094051405,42.9687090644989,44.023206627610826,0.5175855102531889,-0.8556314858488706
2026-06-01 21:00:00,6.0,64.0,39.5,65.0,0.0,31.0,35.2869642734284,13.849832725797587,8.80046984149031,5.89234122020882,37.24534036906143,40.048278856681776,44.86128227341529,50.68127689909206,57.61893970932378,65.82938700868893,74.8215532026562,82.62152690472499,87.80623656735932,92.27709778882338,96.00283961093147,91.15644518324143,84.53009659502074,77.60060711812919,73.0621633456476,71.87620348561788,55.58870635876699,33.584667187242836,26.55004520082515,20.679966006559557,27.90420435709261,0.5027907197793043,-0.8644081744776648
2026-06-02 21:00:00,1.0,65.0,67.5,68.0,9.0,35.0,34.07638873874004,12.364696941545414,9.065714229049915,4.112496357014867,29.27148315874655,31.465802570016603,34.95898480885291,39.37053533001827,44.34462183486458,50.09442394011886,57.161457506970336,65.20500961532207,74.42006295862193,83.44205351940535,90.10644268293481,91.08150203565265,82.25719600531338,56.39645058670036,36.635430740182855,20.634761150750673,18.9186193213032,21.906486037342354,31.39276038350518,44.00706366808837,56.36437910427764,0.4878471454423119,-0.8729290708206411
2026-06-03 21:00:00,2.0,77.0,1.5,53.0,5.0,26.0,35.98711693349871,22.448124260350504,7.600732179844531,5.694739427683749,30.406124580979927,32.799131431227835,36.33557818021574,40.6501903810837,45.675658310872294,51.68974217660299,57.99569454673096,65.49375944212032,67.3031235548677,67.70531041771932,69.60319300011018,72.8057654056434,75.58302487762026,76.88844240092153,76.03257314412875,73.09693035119341,68.86172898600536,62.307139968048084,56.56504844092771,49.98630598105925,47.843871888679175,0.47275920928627757,-0.881191653407483
2026-06-04 21:00:00,11.0,84.0,25.0,61.0,9.0,25.0,32.01997836352185,17.443172385838263,8.431294599321985,6.161979085010263,23.06289731073163,23.64105286778233,26.057776500827156,28.926625189251563,32.156539472168,36.10081910976869,41.212765474864575,46.707319518125814,51.16366593585909,52.48657080819565,46.57100588469588,39.98648963510437,33.683707310218495,31.759419545426663,30.071234898545324,28.578427900569263,26.56223888513737,23.62253117078204,21.636604763580465,19.321540753278516,20.174535806567267,0.4575313760742512,-0.8891934772070711
2026-06-05 21:00:00,-1.0,73.0,42.0,42.0,4.0,2.0,44.31946253441641,28.1330160603859,7.34491447750039,5.739140587812277,41.52807254136036,43.798786673091875,48.85313848460978,54.83261690599125,61.68106339087761,70.02018400583185,79.19707328004584,88.30312371769587,94.87308137722005,96.57215942878157,91.61449476462087,88.68909923576712,87.21110167810856,88.52374905945851,90.18106373388652,90.99995980523813,89.61482647289422,86.49800993347705,82.87676385279424,76.963350503394,72.51167193115681,0.44216815196707204,-0.8969321743510065
2026-06-06 21:00:00,-3.0,63.0,82.0,17.0,10.0,16.0,64.87706300814675,29.574985585401485,6.221809741667919,4.832823959078201,56.539334281286315,57.968607212117526,62.33775239913446,59.257894771705736,56.14957742722183,56.640916348683966,61.577565449838275,69.48635669147725,74.69300349507103,75.92740725031904,83.85427356180217,92.29541254850368,99.50567018484156,99.46280467096257,99.52478214385398,99.6714789362621,99.4079168015926,99.63758015637836,99.45398366986234,98.459425800418,97.08932915916664,0.42667408318992467,-0.9044054548343001
2026-06-07 21:00:00,-2.0,57.0,80.0,19.0,12.0,1.0,74.56649984076252,21.136882146606723,4.571922705171191,5.13523487194974,85.4793918609997,87.08369889878074,90.33506538880691,95.66326093114222,99.54704855445047,99.85412310899532,99.84638578505012,99.36631977131283,98.5838558517498,98.56179568362563,92.5694486728941,79.32778407957076,61.7029907379891,43.18546442012997,27.13631653387277,15.422120991363139,8.526636766262921,4.27793946980814,2.98737896250133,2.70803416871414,3.04413600101986,0.4110537546870351,-0.9116111071930239
2026-06-08 21:00:00,3.0,75.0,6.5,60.0,5.0,35.0,34.344715667251954,14.666008039630597,7.181977753545872,5.520608551250566,33.20041344527631,35.90280664816659,39.75544646745844,44.27376058854503,49.472342867439004,55.05571860192443,58.3928393239884,57.103412746219185,52.55521444402659,44.112959421183874,31.79323881233545,31.51283648123976,32.35188068596199,34.18965289977315,35.02238262827533,35.23935469793095,32.93915560379823,29.109278992881105,26.03939449572496,22.706229688180855,32.58190826910475,0.3953117887649151,-0.9185469991587165
2026-06-09 21:00:00,3.0,86.0,35.5,69.0,7.0,31.0,34.778084320744476,25.216875100782588,8.195789482618386,5.9113839931504835,29.508308762899592,30.606144603479933,33.823410838650425,37.6781858448224,41.84078501607941,47.11686196086936,52.74327067193957,58.54905496586839,64.92430341615001,69.71891722398105,67.45154835606442,62.169120121929154,56.10662874447271,57.22701184397595,58.15814003362648,59.733836258259444,56.90628095695918,50.33813997755095,43.08107666040036,32.92171590155786,24.237384845337896,0.37945284372454435,-0.925211078289358
2026-06-10 21:00:00,0.0,85.0,78.5,45.0,4.0,22.0,41.47860169409498,30.750115611738096,7.701138918457284,5.757774788796405,37.06259616396048,37.93959724064299,42.01734545167169,46.621319131734026,52.16896328949478,58.20285092698537,64.96836597940991,71.0094206689006,76.46962798855682,80.39496499968247,68.88278573966704,52.454164656438564,34.593853777745835,33.21021482286364,37.33467368445858,51.299243801142126,63.20200095003234,73.58699950638122,70.14496855938187,57.94513350198677,46.99227561798243,0.36348161248290634,-0.9316013725767187
2026-06-11 21:00:00,-2.0,87.0,16.5,49.0,5.0,20.0,43.287675019513635,35.3033493585574,7.278619668443635,4.9767591351487255,44.91951297070089,45.456258148030635,50.40372656836669,55.94394203334717,62.704063633386944,69.91441646421418,76.77297565675848,81.96302820284644,85.08124715490547,84.88149184018029,75.1842452760819,66.95599752748625,61.193459964282624,55.505278250223796,49.44251839175885,41.37999498379643,32.81272495824597,23.454647624660215,15.990555907702229,9.069795444980826,6.581471562490809,0.3474028211842774,-0.9377159910299093
2026-06-12 21:00:00,7.0,72.0,74.0,13.0,10.0,11.0,68.33135540319206,41.656668876493434,5.3085202309744135,5.02200730914289,69.2263682924239,71.07516233884272,79.13717514128668,88.09022957979866,95.89867724731582,97.323538699729,94.57438572327452,88.84667002527966,82.8759287228769,77.62858113478306,76.33312435390158,78.66193233749668,82.58660367834295,86.06158304083466,86.41788292795285,80.17715474578179,74.4157993888122,68.5981850885358,63.0854900795479,57.24977249493383,53.62612534541527,0.3312212278016865,-0.9435531242349544
2026-06-13 21:00:00,-2.0,78.0,17.0,26.0,4.0,5.0,53.97125809200247,25.601555559974365,6.27935782175666,5.3739584894388335,76.4069641902373,78.67356829222695,84.27737160257787,76.54953756769001,68.84286515779473,69.86622460743341,73.54082584328306,73.46829234493141,69.87361137673308,63.7473736309327,54.46095390506128,47.67384819146459,41.66103617011541,33.86203001751327,24.682528859043753,14.914706565413699,10.521940330220161,9.510727109127982,12.232846937509096,17.64601674368711,21.046595027618643,0.31494162072895193,-0.9491110448902284
2026-06-14 21:00:00,-4.0,76.0,72.0,19.0,8.0,18.0,55.64738458327223,37.716861693962635,7.0736970982690925,5.719654208227443,64.72469904348816,65.60934883513906,69.9377179937835,74.20952469826904,79.10934293989551,83.63041027460096,86.13511649138302,86.84134744596956,87.81499317732121,89.93200608228962,94.97858380781932,97.57864109684327,96.83285668557804,96.50403036047814,95.52101993744209,90.67816320092905,88.34301378060604,87.03736551180147,87.76565294829699,87.57788697665332,87.11970393326325,0.2985688173637202,-0.9543881083175908
2026-06-15 21:00:00,-3.0,65.0,79.0,19.0,5.0,14.0,78.0730224173594,30.713188580949044,5.383047872675191,5.411048112987188,85.07460164599391,85.43277777720151,94.15653183523116,94.39462983786903,93.3302835990927,93.82170042562112,91.72755815763387,86.53422790472992,80.97871963583307,81.52784355395742,81.65229052337324,84.21417250267557,88.5437753550817,75.46796111122012,57.919203737577604,37.19562447674112,20.42467168380532,8.863164269167271,4.374181052341912,5.184069610637958,6.057026261244249,0.2821076626819194,-0.9593827529490743
2026-06-16 21:00:00,-2.0,71.0,20.0,66.0,7.0,31.0,39.297807894806766,17.461500996856653,8.422282641067094,6.019350002888287,42.26973262431928,42.78855994739682,46.742676081601466,51.462738869581116,57.36374527237519,63.94358548155006,63.02374079448067,61.56703184837193,65.6416969081949,73.85456463856502,70.08533574247198,63.76909037052631,55.559706233382514,41.95190501182543,32.27276511227874,29.590133381319262,26.78441016243605,23.19509685265018,21.35542209641119,19.936017160071113,20.963605541908876,0.26556302780405594,-0.9640935007889755
2026-06-17 21:00:00,-5.0,74.0,48.5,43.0,5.0,18.0,42.85466916669138,19.857077032699213,8.871919098522362,6.665234290812642,37.800658476718255,38.7869554813977,42.38827138163634,46.86668658784638,52.020690439934604,58.74343710607023,58.81512257981457,58.100585264101944,60.7467840660579,66.61422803128319,72.5801658741934,68.65838123130496,60.634402254359564,64.37386698642878,67.35624787113922,69.72494417625059,60.24142353167809,42.40114200540029,33.95022357447579,26.592907920330056,28.037231744426677,0.24893980855376657,-0.9685189578512204
2026-06-18 21:00:00,-3.0,56.0,88.0,13.0,11.0,13.0,80.24371039798895,28.088533005782033,4.642079261160865,6.1878755681268185,71.39580511424813,71.53268522393552,70.81348449202935,56.48393226381012,50.751974795556706,50.83650591109914,56.31024260446088,67.3552517568847,79.29729219327682,88.19406690778784,96.46557332742296,98.91662085552491,98.88105697354894,99.21072974441142,98.72260535827728,93.78209942441327,92.42116723736254,93.45612931154425,94.4045663782036,95.95023767720636,95.35135339639457,0.23224292400907015,-0.9726578145718654
2026-06-19 21:00:00,-2.0,68.0,47.5,37.0,10.0,26.0,60.884173129727394,27.646026650958266,6.543658572002614,5.923896424630409,73.12304318633504,72.79190965848105,76.40737738758004,76.48077884777325,75.12475304084731,75.1530317988432,75.47044627087874,75.8331996135546,79.82395181664388,85.99857346416313,86.31091545638867,84.32637671541585,80.8056631950841,79.88331350509462,79.8305025182986,80.73745545649894,80.40089910963091,76.50844354068688,68.71417560166175,55.96781122213061,47.00633688358948,0.21547731504673012,-0.976508846196619
2026-06-20 21:00:00,0.0,64.0,59.5,35.0,10.0,34.0,60.361457330669865,24.154888069454465,6.809050946886465,5.547287157506794,69.93825574420113,70.21070771679068,76.1774812348198,82.62950786297885,87.55057364646798,92.21420335414558,94.89005139113456,91.94117677995128,86.7515404718509,88.01707618612951,89.94780541835365,87.65367772740794,80.52455782077158,75.0728696824292,69.48218865971864,65.65189245089674,63.17247354147041,63.186430715013586,66.05594656279725,70.83578397321412,63.842105083443,0.19864794288017112,-0.9800709131432666
2026-06-21 21:00:00,-2.0,67.0,75.0,32.0,2.0,34.0,63.01927907119633,25.022234043405945,7.718747902449857,6.153407537696976,55.848900295709356,57.88765702930782,63.90276599791649,71.08973094117081,70.58857029325108,72.0028528289803,72.33416122437792,74.43574990441189,77.72597979561566,81.23316682990257,81.94114124016353,89.25258814476233,99.5366335950346,99.77543033471112,97.84481108397046,92.53673599420041,89.04400912571576,84.68888032950701,82.09684935492258,77.84972653667288,72.8247859892284,0.18175978759137534,-0.9833429613388902
2026-06-22 21:00:00,2.0,70.0,63.5,31.0,7.0,18.0,65.71339318037325,25.24906607813777,7.754967433349496,4.787635615610452,59.247708244415385,63.7419457197896,70.70333047815619,78.88604957587148,86.38743298156561,86.06905204824045,86.69726226560125,84.5094977065772,85.36116238746433,86.04367106169684,83.46393901587899,84.1497471332866,85.2876599577991,86.46512453335788,72.25171782374757,46.633203061336225,29.02498333198491,11.965824952200004,8.187180186006874,6.37374575043968,7.731484315819016,0.16481784665719793,-0.9863240225317866
2026-06-23 21:00:00,-3.0,62.0,86.5,13.0,0.0,2.0,83.66717971385457,26.40647240548032,3.93259579266171,5.176467480922864,93.5949510025978,97.43321034568336,99.72246810835321,99.95877485576705,99.25765310472758,99.10225833222016,98.62608932203266,97.31092992089808,94.00877830965865,91.20131291327377,89.27724855317358,76.3314067144134,57.06657469320579,31.74410560079289,13.161091459865581,4.6137798694335,1.6474074524261468,2.0990258092742446,3.3770547772945774,5.278579164508914,6.318295687574546,0.14782713347053048,-0.9890132145779883
2026-06-25 21:00:00,2.0,70.0,52.5,31.0,0.0,6.0,63.391531070601204,25.89152068919725,7.85144538709522,5.665884639885656,55.94560534986118,59.93976864909121,66.48722874085196,74.19871993610597,82.22672996651116,84.00623530804205,89.05422088526474,89.23529768102576,92.67302649897464,94.93962652050611,89.54331566966357,86.90047841312871,86.43133423848822,91.02761470014345,76.55081195578416,50.87646633068278,39.98190261843565,31.06535508759251,31.07805372093854,32.67850821335736,29.099061547165423,0.11371951458594969,-0.9935128947338007
2026-06-26 21:00:00,-2.0,62.0,84.0,16.0,6.0,13.0,83.66717971385457,30.78941800963412,5.736801731736664,6.210096249759505,93.40602550872478,97.42213481814636,99.9207858136132,99.78423815913901,94.0646089467444,92.3014757916477,93.85509066993221,96.2294231577355,98.15461568197709,99.16177267033758,99.68528394546338,97.67426107801425,93.72835583381165,89.81347787519138,91.50273751844712,96.73197887936327,98.50123279645352,98.7075421429027,98.74558388624935,98.7944939017748,97.4947819544923,0.0966127018812031,-0.9953220513156602
2026-06-27 21:00:00,1.0,70.0,63.0,32.0,0.0,33.0,65.71339318037325,28.023577013941704,7.2444946636980765,5.982574982155704,67.9771855899506,72.33167479595755,78.68647074516949,85.23079781527588,89.89405352878526,90.49343444241879,85.00644282735765,79.49291960446139,77.64627899347997,78.89224505752506,84.82369575586117,90.99002449284747,92.95971142654157,82.47528313494608,73.31701658316302,62.63974805842203,54.853513872047664,45.571349075122725,40.957423836033755,34.54290055146235,27.830102839239228,0.07947729992362097,-0.9968366760893436
2026-06-28 21:00:00,6.0,71.0,50.0,32.0,4.0,35.0,63.51451357434428,24.645233250072767,7.7522546088906745,6.270370054295475,52.4929184194277,55.13315073449468,59.42130866227047,62.48278321409037,59.1298430258496,63.630550080852075,69.34215928824996,71.57731321570321,76.09500373532416,81.64245157674318,86.21336961274761,85.12468572549182,82.7728282676052,79.75874496703732,79.81804972099637,84.65064252487507,80.44441754468123,69.36043808417753,51.94475600688554,26.128124301177476,22.645216697433654,0.062318379354325076,-0.998056320853012
2026-06-29 21:00:00,2.0,81.0,14.5,50.0,5.0,33.0,39.40101558954868,23.620506772172572,8.467282499644242,6.3694673257937096,46.82867650159774,49.68163750123236,55.08809695006245,61.3337229717118,67.55739044123791,69.15352258503177,65.40743077190437,59.56939321003291,54.679475456699535,52.73114097650991,56.13947429376701,55.46289495522044,53.607447348353574,51.706206677923305,49.75314893851038,47.727930343423814,42.158817329554424,33.67147853327192,25.761442241730474,15.339286842453026,13.933177078213946,0.04514101777397193,-0.9989806246941579
2026-06-30 21:00:00,1.0,81.0,55.5,24.0,4.0,22.0,47.20211083448106,29.97062435476829,8.656439705204608,5.598260136668162,38.29770462799083,40.063607292979455,44.21253326697334,49.0128211508145,54.37914668611239,60.69658107909209,66.42344708779181,70.35614355798889,72.77672678596831,74.2158529386171,76.27916966547585,76.09999337241989,75.6340337052293,77.21494176849842,78.44712322223072,79.17230628002443,78.55740435910376,77.30929484108438,78.09661195271383,78.707941321632,78.68291385666255,0.02795029824021032,-0.999609314096404
2026-07-01 21:00:00,-1.0,88.0,36.5,36.0,8.0,23.0,55.34891190410025,40.13889265312433,6.858671614786036,6.516058616377396,56.60081789362901,58.116169891240745,64.1820637921116,70.96797617327609,79.1229264714,87.32083717287374,89.35774235024799,82.67815761632458,70.35140111244635,55.892544852015604,48.52263238381494,44.16907164811153,40.97057897452521,39.6691321007593,39.34524495270501,39.89637008723642,40.72226412309297,41.47272892786502,37.793424954419656,31.180192190689493,28.341613643867785,0.01075130776352193,-0.9999422030204416
2026-07-02 21:00:00,-3.0,90.0,36.0,52.0,7.0,28.0,46.88130192421149,40.8556995341841,8.207213151952077,5.374316897324566,47.57885521067761,48.730171788712575,53.913952679169086,59.97914809460855,66.8669823176909,74.93097124638396,75.35623462488714,74.7383456196163,74.84303271045756,73.07761060597365,64.03318806252454,54.52477267134698,44.561020727387536,44.642144171836506,47.90026164978463,57.560836737454366,58.33535780875725,51.173474471269266,47.21049651570328,44.5119772808399,54.146457507739456,-0.00645086419810515,-0.9999791929590823
2026-07-03 21:00:00,0.0,87.0,30.0,57.0,10.0,29.0,41.783816397723655,32.28141787559871,8.42490519432627,4.86854162200557,44.59392598358424,45.28597381888733,49.77488625608406,55.176993756818895,61.36898447572624,68.23382685581883,71.46611826732926,69.52696281176597,67.426421878572,68.48799366550992,64.82391454500775,59.69499783242932,52.729604538070596,43.681093344900525,32.77795310055183,21.01467555354789,15.694818098548513,15.524566150320315,21.166108289405184,31.354224334628732,45.1293405946741,-0.023651127245231586,-0.9997202729664083
2026-07-04 21:00:00,1.0,78.0,23.0,55.0,11.0,32.0,43.473038271326075,23.080872433621362,8.02369967249802,4.666977664168188,47.090609349646314,48.44152188921091,53.896796500885436,60.17219652296819,66.88425907760003,64.08093502734322,60.55983842713021,63.555854469013,70.36368450503609,75.78854001429563,65.56244936867068,57.927308709536184,50.52943853926555,35.73350502125022,22.27340222233191,11.926138647189301,6.395561899959307,4.139543248652414,3.559203171793425,3.7249838453822792,3.866207064797595,-0.04084439154329611,-0.9991655196610109
2026-07-05 21:00:00,-1.0,73.0,9.0,48.0,7.0,0.0,45.99392700009288,20.576950823274338,8.2673375316253,5.432285251208273,43.93841625813465,47.383834990917165,52.76080195323728,58.926666104538725,65.59025982953503,69.76914801781876,71.14402782198887,77.45704989001221,78.55143792494155,76.02053626155828,72.62128419319572,72.10198649176466,67.6126420782061,54.35718226071838,39.16449648262633,22.614943072901532,16.007611438330564,11.954164521834212,14.571498177091696,19.67164312595367,21.44828129514629,-0.05802556932878035,-0.9983150972033183
2026-07-06 21:00:00,-5.0,78.0,2.5,52.0,0.0,35.0,36.144292017996,16.610358489297496,6.970042541979579,6.187342017662677,34.5568591630962,37.547565151406,41.86004781785117,46.74464448404109,52.327280865604834,58.0427700136958,61.11337353020468,62.96507595866026,42.61030076351703,28.519621068287616,27.05979431637435,26.609238262455214,25.63028641460299,24.16497304383925,21.025102666742598,16.870117722702048,14.914644058986784,12.7417235508488,11.866765366472189,10.691107043687229,9.758744486076951,-0.07518957641475855,-0.9971692572470178
2026-07-07 21:00:00,-5.0,81.0,7.5,61.0,5.0,19.0,37.984924776350226,20.47346193316245,7.285351153547292,6.107663602661844,37.12845949412726,40.02803554206763,44.46310070777714,49.52043339836956,55.135351350682036,61.13451564347145,66.39107505790915,70.34489035938932,76.3531576068798,72.16936075822795,43.79500859056138,26.299534444323964,13.663064020525997,9.243071855711676,6.803854181623832,5.701179094704003,5.235913353240371,4.882816788220478,4.822891599221707,4.69581313454052,4.760572107397664,-0.09233133369539122,-0.9957283388645872
2026-07-08 21:00:00,-1.0,83.0,18.5,55.0,5.0,20.0,39.71087410958227,20.544683981937332,7.419783520837584,5.568108852345073,36.573369247420096,38.219215732715014,42.57252247984141,47.37138141980199,52.82374389011852,59.10773240251065,64.43436643434227,64.9819954806021,62.655371961350745,55.9775984024146,39.4374815586539,26.773629624945016,16.164400525184266,9.649241875388574,5.4291970746604985,3.6731975088717888,3.434897846257059,4.032661705800016,5.872525846241839,8.555199857051912,19.68133674860062,-0.10944576864891556,-0.993992768446958
2026-07-09 21:00:00,2.0,79.0,71.5,29.0,5.0,30.0,58.06776774038548,42.101997335895426,6.474443510142232,5.2689446057190406,73.28944947405107,74.6320548513101,79.50226700412956,81.91154269219211,80.99522636449417,80.0086748130873,83.4230835394093,88.92199780003686,94.04162122982446,97.0845106801702,98.42973022690545,99.18204181212631,100.0,100.0,100.0,99.45068206135433,99.5538078439749,99.76650948526994,99.71700216749895,100.0,99.11914959600253,-0.12652781683868314,-0.9919630595773397
2026-07-10 21:00:00,-7.0,76.0,33.5,48.0,8.0,33.0,49.95470109719074,23.642881009055753,8.223021477214145,4.260926172112417,48.021588389032075,49.316372140588236,54.30307655866016,60.28217748393146,67.18401357794797,75.32234891885807,77.776944201485,80.09950800909752,83.47623306273255,87.20141899401713,83.350433653968,74.21714662423118,58.623765635549155,30.96221626600249,13.240010134239183,8.840591588335117,7.2109877484202975,7.346317641199966,6.917847958231992,5.9545030235112115,6.856625739287467,-0.1435724234118113,-0.9896398128792412
2026-07-11 21:00:00,-2.0,73.0,33.5,52.0,9.0,35.0,44.31946253441641,22.64398557105042,8.252146281628457,5.610150102396113,47.552238132305106,50.98012445911036,56.49653521656417,63.170689400861235,70.68449785027227,75.04202704143188,77.76204232073017,79.5735999221414,79.47332149823889,78.77682954972892,79.52834181242264,83.56874733949924,84.19418094012565,74.81560529170524,62.8642470731188,48.09884167828981,43.2068028540191,40.52399558252134,37.940462093363045,33.40959868571616,31.00983900707298,-0.16057454459499376,-0.9870237158387383
2026-07-12 21:00:00,0.0,78.0,3.5,61.0,0.0,35.0,34.81701151537113,16.694180256066225,8.395670415320549,6.053735320118195,30.79792845288214,33.56285474695393,37.19978091857597,41.285330325726086,46.22270008529386,51.81229290124902,57.854919322882026,57.54112367063976,61.215643722616285,61.852768224226864,56.06031568396518,43.873587484414315,33.1364617809117,26.82010725125139,22.50166321590954,18.832257056398255,16.350385745768445,13.247398616098218,13.236184100216205,13.736707697048159,20.715427447443048,-0.17752914918703497,-0.984115542601034
2026-07-13 21:00:00,-1.0,80.0,72.0,51.0,8.0,22.0,43.77961106850662,28.862988670037424,8.265236790203979,5.550823942054712,36.54741933142242,38.60965427513418,42.69291538169324,47.48996896680622,52.76781294987517,58.48583173368392,63.37401488577691,66.9640578487116,71.38302952461845,74.46750842503685,74.51612131290433,72.29786739497109,70.4959792927015,70.9113196025443,72.37649257449729,74.05030273084041,73.27447957633186,70.29434632140462,67.509323323338,63.48208481635553,62.23823792911737,-0.19443122004766195,-0.9809161537413774
2026-07-14 21:00:00,2.0,81.0,72.5,25.0,9.0,24.0,66.97441436730708,34.26753694052768,5.502645311766406,6.40918808010695,68.18186034641872,68.94849153618866,75.66497414668261,74.91289860892746,64.39665435885587,55.68742276321661,49.66359971455486,46.90857562560345,47.02986796871806,47.932855180853664,47.82217632235356,48.861424478288875,51.76171527823571,53.15691282506312,53.6852039929531,53.51088411162396,57.12125425871455,65.294206334795,61.00524656615526,47.758412169707896,35.61859759538514,-0.2112757555821793,-0.9774264960104055
2026-07-15 21:00:00,4.0,76.0,24.5,53.0,11.0,29.0,41.600004072976034,20.745543801731973,8.885323666293548,5.340244260474938,35.77986678381275,36.168786999123846,40.371893427087,44.937876944524525,50.45853063666741,56.621725512503176,63.45303777608834,68.358858135642,71.14828568323766,74.76504912317725,75.74931860151337,77.02561262501708,79.0066516655375,66.5803467746301,51.967006425161024,38.08268879206985,28.610249496333374,22.966423201120335,20.14980784525147,18.639256449440246,18.313511198597034,-0.2280577712215198,-0.9736476020539838
2026-07-16 21:00:00,-6.0,64.0,61.0,46.0,11.0,29.0,51.95438421388198,13.740448716434239,7.869072497936761,4.646017306595789,44.22910905489778,44.83255634338218,49.86193099593101,53.449261164312475,57.61080577217162,62.43330506302176,62.89465223210423,57.83793139458876,50.488781845295705,46.446609062218755,68.77067274498143,78.46546972038041,70.61264088457719,41.54635738695764,16.787449860239928,7.297089352872186,3.280786599183485,3.703697275871826,7.209866646959291,13.611130573225665,18.951814507631052,-0.24477230089725957,-0.9695805901076308
2026-07-17 21:00:00,1.0,72.0,16.5,69.0,10.0,30.0,37.98825301496348,16.90423516859468,8.410134258438497,4.70960501849602,37.016375072910975,38.73899021498847,43.20109480795794,48.160406259718556,53.93399173543617,60.58611291561594,67.54844241432556,69.86028891464646,72.35464653737357,75.50087947293433,71.6887632829407,62.34067123000406,47.99458616536628,26.736292441275793,14.656488973489465,12.631906743098945,15.112376849771666,20.658998004425104,24.97622408008842,29.472509655187736,29.895614973429364,-0.2614143985111562,-0.965226663665613
2026-07-18 21:00:00,-3.0,66.0,89.0,15.0,9.0,17.0,60.623940458725166,32.10053245271178,6.597877429995553,4.548893834755351,49.758326567752505,50.66808470027723,56.36634635247428,62.679292436789716,66.76232781513504,69.85628091321647,77.7784029028179,85.40403045972921,90.29457102518616,90.25269629227715,90.1285046368368,93.22900724260128,97.72989364197875,98.86495649676861,98.86912358429822,99.14929356317106,99.06269108180972,97.47368531921178,96.7431382542588,96.73211905679237,95.87191652328893,-0.2779791393987801,-0.9605871111248129
2026-07-19 21:00:00,-1.0,68.0,50.0,55.0,13.0,30.0,50.62023314635851,18.897049235508394,7.506478670922108,5.597110302529141,48.840163726853206,48.93209813335801,53.857002969018644,59.76749074236499,66.62499340901792,74.1316238020652,78.39168121861132,78.92362765420215,77.87516022906767,76.61830443848382,80.19561189028983,76.2526076427088,65.07513129168574,47.83889096425543,32.05495380419377,19.84987040806383,12.435048507403284,11.358222210218512,12.964027941315717,16.936924191326508,19.355508502629014,-0.2944616217868012,-0.9556633054034704
2026-07-20 21:00:00,2.0,73.0,16.5,72.0,8.0,28.0,39.61405665086182,15.770817256686636,7.757722408843483,5.410258584892201,32.41857176236086,33.745788487924386,37.3991049864509,41.79150529720946,46.9249955545404,52.71649237836979,58.8816392813203,62.5161148133652,67.6850798056645,74.34741770588396,73.37219218767808,57.3659056014045,38.58475867862515,28.66978403805461,21.77998070955531,17.66090003109134,14.449291762454772,11.021579225023709,9.720894518228524,8.831497430756729,10.826136419947572,-0.3108569682435036,-0.9504567035349151
2026-07-21 21:00:00,-2.0,73.0,63.5,46.0,14.0,18.0,47.7239173666059,20.332267998991153,5.413989185349466,7.335125927226827,50.59484924792814,53.0760637384343,59.0431053722714,65.28966433616978,71.98144486615352,74.93028455896822,74.88242607406289,63.21788851753436,40.293450982885325,18.192662541379985,9.3248316397577,5.755162271492683,4.775382921312869,10.026245092051202,16.712466403273393,25.231970717893248,31.735780699566945,38.11888998716855,43.77088158135795,50.16640883503415,73.14395626179332,-0.3271603271220951,-0.9449688462364056
2026-07-22 21:00:00,0.0,74.0,66.0,27.0,11.0,19.0,81.56373805333675,35.300471198209735,6.771578148618941,6.047585428224064,70.58744655211623,70.99566745620366,78.0548922063862,84.88636623256232,87.7440712661101,88.26183756119093,82.9382544624478,76.61951610495913,73.87474827518875,71.07762802269679,68.28676776811426,65.57369277443198,63.37771625993681,57.78804349658222,49.92052722434892,36.06644762439401,24.11499886023972,14.475372116894361,8.78257042807602,5.443332512234782,3.4114622880415437,-0.34336687399638804,-0.939201357453208
2026-07-23 21:00:00,0.0,68.0,28.0,57.0,10.0,28.0,45.22343125997333,19.589078944215277,7.632100579389078,4.4324709599286845,43.56840035435322,46.36449900376673,51.48443230458328,57.581630778381395,64.24180324858261,71.45326199242797,72.23676701445288,79.3122366895975,82.52700365635953,85.39716273970066,91.70713734386224,78.96146973942035,62.750702043250705,44.551251235516645,32.28631530044881,24.369654629036898,22.89518208150248,23.532620352013495,26.84246908513081,31.761310370113133,32.29922835452017,-0.3594718130884232,-0.9331559438780432
2026-07-24 21:00:00,4.0,78.0,19.5,52.0,7.0,23.0,41.91059707033888,22.6749287525047,8.140903126402607,5.6782275942203615,34.97913983948158,37.89772343552722,41.86846788071817,46.49964603719782,51.9456670656632,58.15713021644012,64.80516847877904,68.84403586879333,75.49528782620692,80.18297847554487,79.91295391999323,60.09267486941068,44.242171209481754,38.75434420711001,36.64017044388288,36.23096495096444,36.38117467306027,36.38490936706839,35.129916317992034,32.8161632727087,32.893482384023926,-0.3754703786876202,-0.9268343944460494
2026-07-25 21:00:00,3.0,81.0,5.0,61.0,5.0,19.0,42.373372181839834,21.011015554295362,7.787317889672738,5.581227473296563,33.070937180612106,35.64248503026018,39.50840055446434,44.10520173215184,49.15356266601864,54.81778300221514,58.68237096617672,64.73850549578734,67.57708207958052,65.0651506715945,55.07604859609264,48.58712967116326,41.621963630463924,32.99647066722059,25.982770463333726,19.588098558486454,15.71138913858871,11.830522807946428,11.672893395201054,12.09015588418675,12.740991389233974,-0.3913578365610259,-0.9202385798054075
2026-07-26 21:00:00,0.0,79.0,9.0,58.0,4.0,16.0,34.973848237149625,14.318049528819865,7.39970772082323,5.79867504258796,23.419630718647653,24.389063488006798,27.043395402485963,30.21039767740153,33.68071705494576,38.08826502188233,43.02234322339359,47.75051163494336,47.35106925139962,40.966211808627776,33.55201167234171,29.721755021302926,26.591083903291512,21.313359114601685,17.08360819106173,14.526014886042798,12.618992842153062,10.895813645540125,9.658612659886995,8.356378812786065,10.43386177329421,-0.4071294853542516,-0.9133704517637858
2026-07-27 21:00:00,4.0,80.0,7.5,57.0,3.0,15.0,35.13038431917836,15.411712470565364,7.891519815524536,5.960700660925936,26.39464074341445,27.303036051418477,30.230809080597364,33.59400910282844,37.6655936503393,42.452517040087365,47.570450684439805,51.8461219591109,51.29025485906803,43.022199689485916,22.94435698688055,16.288465659750337,16.890544004345173,15.972291856065466,14.39879551291043,11.998179358148954,11.447858143779147,12.278323582118182,15.360460808845538,20.24299248635133,21.686070511628635,-0.4227806579826773,-0.9062320427107697
2026-07-28 21:00:00,0.0,82.0,9.5,64.0,6.0,17.0,38.140529490553895,26.7626456596797,8.064436366369073,5.1895884722120575,32.26292240521463,33.28378648667035,36.729748930446,41.042363488108876,45.9128120924772,51.06606223334167,57.358920635999354,63.746519121786996,70.19019018640971,75.21660772141749,76.07788693516314,74.81286401167077,70.53792009766876,66.89685776980964,62.59802137718563,57.8035536668582,53.01661432441025,47.16328207775571,44.88964857372423,43.79674125878903,43.11122350443468,-0.4383067230125192,-0.898825465016444
2026-07-29 21:00:00,-3.0,78.0,78.5,43.0,7.0,15.0,50.247981025072676,25.41546603202889,6.9606761117967295,5.230347263700697,45.687941885759955,47.67431821382371,53.09224295389342,58.92170177957574,65.68712654830064,69.2638853310385,75.44169919821184,79.90171723572001,79.14356080335386,70.23705987575933,51.93100281240235,43.14209354353525,38.351354014016664,37.43908556223987,35.496454947847646,32.423281764404294,28.152814440321244,22.595942746999107,20.16821805363644,18.39954922033261,16.210635320016554,-0.45370308603134424,-0.8911529104063088
2026-07-30 21:00:00,-1.0,68.0,88.0,17.0,8.0,5.0,75.58697418832247,34.779923442275205,6.104452970465147,5.116213277975031,69.69846037522512,72.35440161333703,79.3755078988896,79.24979156769558,75.73753080274534,77.69849695478436,77.50216599683853,76.67181751945205,77.674269506975,82.57695231161144,96.21510907535367,98.98281220292174,98.53793337276707,94.32293543496291,91.87782449763023,91.62775789302141,91.34498508403934,90.53128521308402,88.3938875132955,84.36638848979942,77.08362877362386,-0.46896519100763184,-0.8832166493127127
2026-07-31 21:00:00,-1.0,67.0,72.0,20.0,7.0,36.0,70.26667474204065,34.17301004976397,6.0498072575756225,5.447342263953146,66.41554884550695,69.75597692667091,77.6036097036136,86.83492198938403,95.23916281642992,95.95381212777819,97.42532004924475,98.73156791601686,98.92692244874408,99.26578278641894,99.58162077358867,92.59374093455496,84.25029548035117,74.15945625717082,69.2927723035312,70.10477440693181,70.14898478483276,69.096890899681,67.32918266262861,63.91271724209046,61.46320745670346,-0.48408852163897587,-0.8750190302029955
2026-08-01 21:00:00,-2.0,77.0,54.0,45.0,0.0,17.0,53.83064226424435,27.624446145978524,6.652105469391779,5.097892832404856,53.2241853717912,56.4398236831533,62.96943575366232,70.00517840591444,78.13856206286881,82.22076488835644,83.21129366705887,80.57842214504217,80.33346428673627,80.17762027962992,71.61186065305189,57.06976938001399,42.41838759003867,31.62170306082534,23.858621771477093,18.93535994331369,16.769509600419138,15.798457315159597,17.783602447646814,21.128043194451234,23.858714543961728,-0.4990686026885319,-0.8665624788845385
2026-08-02 21:00:00,-3.0,81.0,54.5,40.0,9.0,19.0,56.330591677383254,41.843770781324025,8.042854483733093,4.661342053263479,55.05062471159794,58.23357959788504,64.68014318727545,71.73233158228469,79.79779128664444,84.6291232096488,83.9201049087804,84.52605533719904,85.13014223383695,83.31661254947075,75.89298672307123,75.21700161244695,78.71155289227502,91.2948944520517,99.13417805430136,99.6038416568076,92.45299856218517,80.89466610710694,76.94957680757516,74.24620530063163,74.66640817072118,-0.5139010013093103,-0.8578494977869301
2026-08-03 21:00:00,-3.0,70.0,90.5,14.0,12.0,18.0,93.37935243827926,48.075755059983656,4.7452601680177,5.702906071693424,89.47856941317309,90.41017342656505,97.69772933282475,99.20406099895067,99.06763910920209,98.58509878165226,96.12815826805387,82.80501916983035,70.08390193294414,70.28221171829293,73.53544115469958,73.84061966315664,70.09818359598667,64.04977644066983,59.307080430701554,60.39711529981622,63.24988959271285,68.11209091349774,70.38792643402746,70.75920963776043,73.79408337413047,-0.5285813283559292,-0.8488826652214553
2026-08-04 21:00:00,4.0,77.0,2.0,49.0,11.0,28.0,38.7768182157348,16.63123714154424,5.697297579254809,6.5431378610910125,36.69257644616667,38.177527856580625,42.11168226633463,46.86228806486098,52.49500675161374,49.324602298036346,42.33556166961987,28.703264225601753,16.31710372208772,8.60295262140036,7.250412487444606,9.508607825370234,13.058602642750788,17.87937230957691,22.862094388571315,28.12145310966762,31.834169260823188,35.12365460510801,36.12860786328108,36.137500228016414,36.10309386102925,-0.5431052396834317,-0.8396646346181327
