valid_time,Target Error (F),NBM Temperature (F),NBM Cloud Cover (%),NBM Mixing Height (100s ft AGL),NBM Wind Speed (kts),NBM Wind Direction (deg),NBM RH (%),hrrr_lpw (mm),1000mb-700mb Lapse Rate (C/km),700mb-500mb Lapse Rate (C/km),rh_1000,rh_975,rh_950,rh_925,rh_900,rh_875,rh_850,rh_825,rh_800,rh_775,rh_750,rh_725,rh_700,rh_675,rh_650,rh_625,rh_600,rh_575,rh_550,rh_525,rh_500,sin_season,cos_season
2021-03-02 21:00:00,-4.1,12.0,62.333333333333336,35.0,20.0,30.0,45.65655516440093,3.4743524822362786,3.298456396256509,5.767170901090025,50.57734571605462,50.32950174417178,52.96081683896647,58.354316591582624,65.15554830146996,70.27715494482477,69.5645800929516,70.66586449337927,75.2662866194291,78.03161420232998,79.76675180578313,78.49897583491989,74.82912445297008,68.41055353740217,60.543086557514826,54.23617467808269,48.24799446704242,44.91201986709476,42.68568994910106,41.83237392374924,41.9489354778653,0.8670985522812081,0.4981366284784055
2021-03-03 21:00:00,3.0,26.0,13.666666666666666,32.0,12.0,29.0,41.95413009421103,3.25062832382252,4.5397858124959765,6.642377762522968,54.131641527985295,54.77907926996248,56.38598694880096,61.91242674946772,62.958885405484445,53.56780681460401,46.72262961470554,45.30862833111108,42.76975054096182,33.729364191283686,25.316452426747787,19.23865645685518,16.730874369433614,17.003694921722946,17.738294737785086,18.23599939897143,19.374152630562808,21.35177877528013,24.76784987392374,30.372489167033056,36.6161459565822,0.8755389928586302,0.4831474640149687
2021-03-04 21:00:00,-2.1,22.0,55.66666666666666,30.0,13.0,29.0,49.59020651532461,6.870792604250582,2.580583594747904,6.707394514058874,72.41052940207896,71.97511998918506,77.17727378633879,85.97410819462526,94.73800621892838,92.38013883882054,86.76756053253239,87.29027306378535,88.69894731118701,86.14836533028274,82.31507611976572,78.66130601240529,74.88332658585824,72.60663049151015,69.96473027429259,68.98138684604503,68.60999461931209,68.75670450333227,69.7525170777219,71.22749192340648,71.00941063978163,0.8837203473619977,0.4680153284438345
2021-03-05 21:00:00,3.0,18.0,54.0,35.0,10.0,28.0,46.6962942371168,3.960183601813703,5.3167868845596775,4.589420060198038,71.58350025015255,72.03061170848014,78.09467473423597,87.8785140676559,96.93670816742396,98.8882789118071,98.00984548081176,92.181685413424,81.44414394534772,77.33234826594422,74.41053027823482,68.06620746451098,57.4686480944351,47.592663030517166,41.013073087195245,47.65477946197025,55.00949841606663,63.44794609428087,65.20845233927565,61.27329689882332,52.04623740201048,0.8916401947968874,0.452744699607371
2021-03-06 21:00:00,-3.0,23.0,38.0,35.0,9.0,27.0,47.54594692414206,3.911402442415681,6.154842220777929,5.75182984057098,68.45123425465496,70.20812368452567,77.02053498764442,85.84001878840242,96.5521468517174,99.13752230278166,86.30178266650663,70.83642234118508,59.94770541287792,52.120030070729904,49.77720119242191,51.25720827785758,55.06832137415169,57.65311821779751,57.40947896780566,53.40516729807527,49.49685993077052,44.61085438691553,43.08883295623525,42.70328086146096,44.20180753285655,0.8992961915530253,0.4373400963303323
2021-03-07 21:00:00,2.0,25.0,17.666666666666668,35.0,5.0,30.0,45.76501171241516,4.427387072982385,4.768071580492202,6.359496916697547,66.53264806690706,71.28890485250345,79.68087141421874,89.33998237235416,98.0915791525041,99.6049759922067,97.36417248734098,77.1825173347209,63.9572099192294,56.31350893259872,50.61381223469241,45.69105235499588,41.2722067833967,39.40571202801178,39.6131073490007,41.32884414342854,43.96958162364965,47.69736334289061,51.35992524559308,55.20987336735858,57.92753857758776,0.9066860720977984,0.4218060770826634
2021-03-08 21:00:00,0.0,28.0,19.666666666666668,29.0,3.0,30.0,50.57424442645053,3.825005953521016,3.944886237215672,5.723928737272786,70.1751219347631,77.89869500596397,88.1970234047494,97.6243830391706,99.56626479371047,88.41500173017268,60.0122356279508,33.1205022420286,31.578641592897355,31.10043562461659,31.26364064107704,30.2701309593522,28.048923277872404,24.37729060819614,22.02777478578972,19.82738776616757,19.73163508817601,19.46183184298065,19.21177789551417,18.16918253645385,15.3962926241352,0.9138076496466616,0.4061472386305788
2021-03-09 21:00:00,2.1000000000000014,33.0,84.66666666666667,22.0,5.0,32.0,63.60334542188095,8.620414196741939,4.741687516950217,6.863618985620635,89.37738212361162,94.2057522156542,97.81952346629916,99.66692648764554,98.75124029641252,95.0273140663075,91.61027509300908,91.67811451524597,92.56518545996354,93.2291477445964,92.18213531549368,89.71447773715948,88.41907793026643,90.44875111442262,91.20217521813277,91.32916344063172,80.3162501049905,63.83761169078396,54.76671418473546,42.65040116049495,39.75280357831796,0.9206588168102428,0.3903682146763026
2021-03-10 21:00:00,7.0,41.0,38.333333333333336,14.0,7.0,19.0,54.86049593887006,7.322702625940294,2.8495104766405204,6.411070155207076,74.06936844850124,76.8257401113928,67.93812531191698,45.33509686455032,29.16105169223604,21.554808211198143,17.422214729185832,15.333696886054094,16.437394284367322,19.475866518356582,24.24204942368208,32.905250642962244,39.81942630067655,45.062795834384026,44.66500688004283,41.234872546418494,39.77720257119371,37.65769976626074,49.30652230975508,62.8160286726985,67.8498675743514,0.9272375462179536,0.374473674486883
2021-03-11 21:00:00,4.0,46.0,67.66666666666667,8.0,7.0,20.0,70.65365266888156,22.20014356220924,3.621863029986511,7.138516857234874,81.39088321154019,80.4663307851042,73.9279029866658,61.26302393580324,62.487588904049474,71.50988433909048,79.05061391677806,83.75345496088258,87.07408856321969,88.5360694493713,87.87320173300124,86.73212048581487,84.61478911277284,82.93119369570778,81.09888151716953,78.84819760057172,78.4478817139842,78.81617996276424,79.23752280721786,77.51512665099501,79.52335568265869,0.9335418911179212,0.3584683215124808
2021-03-12 21:00:00,5.0,41.0,20.33333333333333,25.0,13.0,27.0,48.408424535627695,6.301653869529752,6.2734723337499565,5.6230303300688345,67.03796634764475,67.0496969845089,70.15222601908776,77.14115749612212,85.54232053909796,95.6518623831849,98.64214439046476,90.10740895483065,71.98077176374792,50.915702762317984,39.81571156727295,33.49148758622969,30.01605964953929,27.469331170736226,23.826012515364685,18.536151129510404,13.71890843983332,8.522806006488253,7.074095547921486,7.3431949576630835,12.184266631910704,0.9395699859530622,0.342356891994542
2021-03-13 21:00:00,1.0,28.0,24.666666666666668,50.0,12.0,31.0,40.42935454637744,3.769029956135864,4.482009156430236,5.832757330499557,57.89313837350712,58.17409377885857,62.60177080847296,69.18511149338582,76.3528936805141,83.49135769043488,93.92364240084532,88.65233462052372,61.77281117174553,33.355067874394365,19.78628502338765,19.73733743452352,23.89447091624517,31.868379362426182,40.19621257222139,49.018879737513146,55.1755093704458,60.8008197486917,61.016857025956575,59.34136908179054,57.92600275521745,0.945320046913132,0.3261441535642696
2021-03-14 21:00:00,3.0,24.0,78.66666666666667,59.0,13.0,35.0,45.59489549082685,3.2119616145127914,6.800751999471085,6.266090157486871,65.51460989036568,66.64208931263845,73.01869219361834,80.45868913898595,85.68574586243068,83.21393371434326,81.89643383410423,84.47099423167839,85.47928108159716,83.54134014138224,70.70510730470362,63.10803966665027,59.53290681821706,65.17913505988841,71.09408580573232,76.1675140333112,79.71197173634646,81.13540534471096,78.94616293998958,74.40578630502128,65.49061381347396,0.9507903724625832,0.3098349038318025
2021-03-15 21:00:00,0.9000000000000004,11.0,60.66666666666666,50.0,14.0,33.0,39.30089236420229,2.156410526104709,5.120267955313533,5.061285823008035,70.93970373497301,74.57213923081602,80.13991676057735,86.07769432307578,90.529627901174,93.26002196393657,97.50314765780412,94.46103582034728,79.56686952745092,63.96784413788688,49.70033352396938,46.97318974190295,46.23473029691892,46.60508707959066,46.35142091956296,44.8775658509412,42.35937101870222,38.81435828599003,34.31430695758088,26.31815333374676,14.985369857609491,0.9559793438440766,0.2934339689665273
2021-03-16 21:00:00,2.0,24.0,23.33333333333333,40.0,4.0,29.0,37.93389812890096,5.770741546305587,2.3012275371563824,4.781874023500378,60.611476344928896,62.85498590982712,70.1425515191629,77.68682169485342,82.35192517206225,79.74480578644777,66.9109787336717,60.75082865449679,62.91923804323473,69.14795349076635,76.7395711051283,80.83493819672945,82.37154842436317,80.35626966231028,77.36347753101049,73.10902836905363,70.48578542460814,67.1099015230917,65.79713899412907,63.62561989830934,60.08535690582335,0.9608854255574976,0.2769462022689364
2021-03-17 21:00:00,12.0,42.0,29.33333333333333,22.0,4.0,24.0,44.65575032540868,5.498329901270662,4.903883462619677,6.5837641426995885,55.8141695642899,52.7810288767515,54.1285877046367,50.311982721330736,50.05214104092308,52.01219799794367,41.65052566020309,24.82132227665128,14.636420393135245,10.112147963070178,11.33589234947363,10.302421060065756,9.181824242949368,9.465506809460663,16.73553907811894,31.79952763839074,49.84166178612111,73.87451640216568,81.93438336325727,88.3483034316609,83.29431285431428,0.9655071658143364,0.2603764827344581
2021-03-18 21:00:00,1.0,42.0,73.33333333333333,17.0,9.0,28.0,57.32005311554053,7.511618076161239,4.50525215538412,5.494995671467112,85.64903439444595,86.9998391290979,90.49191672350727,89.18312343596988,87.74345327872581,89.68186825182336,93.47465002887616,98.51729525145136,99.93736885875845,89.35913853882501,42.91689274503344,17.0403675138928,3.3506314764776777,2.1229507135295687,2.248398406947912,3.815081637884066,4.632846657941117,5.024983299768892,5.232234343262884,5.437976280876554,15.569990741905857,0.969843196967294,0.2437297136096838
2021-03-19 21:00:00,4.9,26.0,17.666666666666668,34.0,11.0,34.0,38.28471750892714,2.3362895096313303,2.958305604643807,5.089868613591169,61.88301833549896,67.52286446672208,75.15312011602991,82.78493389480627,76.39898520062273,49.87885371377919,25.21080795780504,14.284985111268824,10.977770677978684,9.311962661866175,8.020765833147886,9.05312053398835,10.712041415328228,13.580479716397903,15.414705281984098,16.637176231297587,15.27885661871829,12.470380140084211,8.409341362050906,1.4358153889508165,0.8390226732802665,0.9738922359149924,0.2270108209414184
2021-03-20 21:00:00,5.100000000000001,44.0,14.333333333333334,21.0,6.0,28.0,46.89983065801606,8.690196601485079,6.228062200991354,7.060477321939464,61.62772820997896,53.163879995518215,55.24148956908422,57.40358398345327,58.13728647307877,55.49522954013207,46.93508411014277,37.31559397049491,41.32975209733184,51.45621894437541,65.71729539936089,72.14391161144053,74.50143471349034,70.8822359232595,67.9989596770129,63.04545817317728,61.53734448240279,59.29783645956942,57.5617959634052,54.63570183496837,51.68229623747334,0.977653084481664,0.2102247521189836
2021-03-21 21:00:00,12.9,51.0,13.0,6.0,6.0,24.0,40.80947479114282,4.154889188017354,5.642658851048742,6.479051821299144,67.02382999475148,55.330595288779016,40.52974938482887,29.827213116942943,16.55784994756161,8.381865612780556,5.170128903495418,4.481032068267315,5.177625381453526,6.157912494203308,7.317099478708125,8.437352445688031,9.354658162835346,10.028854449955023,10.153569655432458,10.077167543520222,9.71559404373036,9.09224330968537,7.955260560456283,6.573493824327292,7.159405983576353,0.981124629771712,0.1933764744102058
2021-03-22 21:00:00,20.9,54.0,3.0,6.0,6.0,20.0,38.07535821649752,5.822262045453879,6.094735403627833,7.438766746457663,63.78388821776486,52.729028015231535,52.19123594833942,51.96810641920221,42.97101159997983,22.559412607200613,8.266153570518389,5.269220029544784,4.997733054945647,5.082052442305287,5.280350877144596,5.460585979861465,5.589225966906835,5.705321615267319,5.89612519671986,6.2173987440676735,6.844834578131842,7.642615195555859,8.287645932871428,9.13629611695168,9.353601116641649,0.984305844499033,0.1764709734915216
2021-03-23 21:00:00,18.9,55.0,10.0,7.0,4.0,22.0,48.643418906488094,9.347352102339627,6.580577567094795,5.993783023237929,56.4649469004823,53.72565703383252,43.74885723264524,29.43588892073644,30.821460729244176,34.53697364067305,38.93722370423103,43.24655849249628,45.95664797675673,45.62628548623886,40.56167170909981,26.24785110122536,13.915667839421848,6.586920517545818,8.35429476468815,14.862386618596627,24.32037629489372,37.33535776968399,49.1910867065485,64.36986341256514,69.01670894155693,0.9871957872910084,0.1595132519726365
2021-03-24 21:00:00,4.0,53.0,75.66666666666667,10.0,5.0,18.0,56.61807189006417,9.736434294236991,5.873975395356601,5.808197463034508,69.09776624954686,75.19824324063947,79.44944124009255,75.68441624377188,64.37314278317533,43.08638904987664,25.821938083033,24.67554539964372,21.069317485749867,15.938676169385417,9.719745978450646,8.187811491629404,7.50957816021499,8.18598207675291,8.288933094924486,8.076352703923869,22.528106308731296,43.44128873123614,61.91139266685217,82.04710888245049,82.76412955837611,0.9897936029670716,0.1425083279161708
2021-03-25 21:00:00,-2.0,53.0,83.66666666666667,14.0,10.0,21.0,68.72892973226459,15.08163705449291,3.828979355540506,7.199046885251968,89.72508922856183,95.48882588470718,99.52548771500992,98.13860498379584,90.05413482170054,82.42421925310465,72.90432565534978,66.83314515715946,61.17918048612273,54.021164107551066,43.36157651987953,30.30962163864561,17.804944122998013,9.872713356643798,5.3859187506107205,3.885352682798549,3.6502781194367833,4.021416811748521,6.403087806179358,10.265898809076964,12.794991065790088,0.992098522791769,0.1254612333527364
2021-03-26 21:00:00,-4.0,49.0,91.33333333333331,6.0,8.0,9.0,73.78637425904542,28.432679015597355,3.237796800280088,6.545471913000406,98.13027748048502,97.17303586776622,100.0,100.0,100.0,100.0,99.02547948312564,95.35104827469635,93.2295667550432,94.41794681069348,98.37907251314353,100.0,100.0,97.335910099031,90.27359748863428,80.28434885088676,68.33981705360733,54.292226319864376,36.98928628288184,14.560321691053938,5.142093083231935,0.9941098647022418,0.108377012791876
2021-03-27 21:00:00,-8.0,37.0,82.66666666666667,34.0,7.0,1.0,47.76135245846435,7.162258306757214,3.104165750910425,5.6460229698716295,77.99181360781415,83.20354125111434,92.4236165225356,99.4899864072482,100.0,98.92313483372575,99.72666413971268,97.0094350893624,74.39300244294832,53.60981159560156,36.87361871423754,41.14971822332949,41.25646370048141,30.36019001317067,20.607602106707084,10.695829849200836,7.834859040225665,6.350236593975126,9.713060769566718,14.887566993225844,24.456838035955283,0.9958270335100596,0.0912607217293118
2021-03-28 21:00:00,-3.899999999999999,38.0,90.0,20.0,14.0,15.0,59.1517946360107,17.715651559653335,1.130673101556986,5.26751667167964,92.283867545636,93.87069646206434,97.986789814372,99.3928774655207,97.69933460633293,95.55302626138588,97.12377716998972,97.17447172204416,96.52349361205616,95.69214250120868,95.9245723577278,95.68089737298584,96.24035403514966,96.7873456175262,97.20927979001829,97.94731755801232,97.79043542141773,96.81881614512112,96.39537823375515,94.85080376462447,93.26762686808873,0.9972495210773452,0.0741174251509443
2021-03-29 21:00:00,-4.0,36.0,76.33333333333333,42.0,19.0,30.0,45.59034867106938,6.650651068177503,5.556543896881568,4.4976380432491565,65.63161221155451,67.16145022046916,68.32157175809418,74.77001006265971,82.5975805522753,90.79226795913404,94.84694919724927,92.68772425765766,88.3451313573407,86.24594356082753,86.29554360804889,85.29441473104788,80.85426239175993,75.45570839515275,68.56491522759967,63.37222967198976,57.29619142965737,50.13775094924531,41.50421742383671,30.63641170216677,25.451551516955988,0.998376906467142,0.0569521960340397
2021-03-30 21:00:00,4.9,48.0,10.0,19.0,10.0,20.0,32.66181276436369,11.13996771213816,3.629199927989842,6.279077213881256,69.60787369545454,67.29397302088024,71.91670409677491,61.62955849967888,40.54035119975678,33.85408982207979,35.01979789835713,38.10434616073697,41.100395606139614,44.37282628338368,47.5735815406718,50.11981204987794,51.86459670397738,51.65461662235242,50.39441004967647,48.102283654438175,46.37249045224304,44.28666941073258,44.30861888048703,43.971168514936174,42.4565642460351,0.9992088560679752,0.0397701138460557
2021-03-31 21:00:00,-5.0,56.0,59.0,12.0,12.0,18.0,57.04404158160562,19.20392822611596,4.894562769637967,5.557429791753016,86.66729134988539,89.81826359879804,97.36854091803497,99.41202011575062,96.86871611405164,70.00408551751104,45.43223285225508,37.5954579276963,38.3647716692941,44.08813849886578,53.84365342611288,66.93535729263148,81.0667580953468,88.86529002768742,88.73348337439387,79.33755140609996,68.8111558561881,56.49844195993551,55.044824741361566,55.77516215210635,66.56428945234929,0.9997451236925734,0.0225762630415454
2021-04-01 21:00:00,11.1,49.0,92.66666666666669,10.0,8.0,15.0,76.6897482950498,22.36321846108622,0.934857603502146,5.785261620662596,92.28165566400598,92.14848855209628,98.4099499291074,94.38769736681483,93.5589537684134,97.59050737894422,99.91662289542606,99.88825841159868,98.74343347377824,90.79017422574236,89.25609755622996,87.50448986740092,84.40752184792301,82.2270906390571,81.25984668777203,83.74507345363675,84.73753580990227,84.17945074345326,84.64934333009651,85.06233052894721,86.92093622654036,0.9999855506507186,0.0053757315575838
2021-04-02 21:00:00,1.0,38.0,54.333333333333336,36.0,6.0,33.0,42.13715193457912,5.019335689134092,3.267417743000094,3.745435942714116,74.44367159276844,78.75390927608467,87.59179099847246,97.7885704022258,100.0,99.67964002915372,98.44121845277704,79.84805222887442,53.56788586983298,31.356335560440563,19.11776234768917,13.09984324949836,7.953214442673932,2.8669028252860573,0.1404930124887637,0.043764898229406,0.112444025937283,0.4789474070460186,1.086879260199633,2.144892580976967,1.367306183810196,0.9999300657962056,-0.0118263906918325
2021-04-03 21:00:00,-1.9000000000000004,39.0,38.333333333333336,51.0,6.0,30.0,31.151999668501745,6.2461007018844885,4.388144653109612,5.829957352846009,69.65303881155262,73.62587452552074,76.97047166111825,78.62544203429134,84.84935527372079,90.93792006512652,98.85838504394584,99.2757585199334,84.31360287759149,69.95347875170164,60.23877348356469,55.60512139463992,52.20551568848796,48.5417575338787,45.57082431120394,41.69660564349794,37.83406791727744,32.82595227780532,26.455980258107576,17.752027159341168,12.983692782091538,0.9995786855478958,-0.0290250133219752
2021-04-04 21:00:00,-5.0,39.0,79.33333333333333,17.0,12.0,35.0,46.08551326593842,14.421553160059128,2.625232062265496,5.361736674832914,91.40802548220069,93.85031938128655,98.29784627308828,97.4014738321456,97.7742835038852,98.62645433247532,98.53651954252128,97.47859872333824,96.30187828087196,96.03825099721108,97.43757900656507,96.82182856484177,96.23250616846494,94.05259774332652,92.46553879597658,90.65427122133644,89.88417004643377,89.53812578639132,89.28948946884944,88.3806718860232,87.26729476288742,0.9989315138848576,-0.0462150469837083
2021-04-05 21:00:00,-5.0,43.0,88.33333333333333,13.0,11.0,36.0,64.9013840773809,13.522314905776105,6.498169035283612,4.79073502701417,84.62919932305185,86.06005284049712,93.8994864425181,98.06117356756818,95.04841082250476,88.47817579217016,80.68331294748651,78.1467150018124,80.76550904708742,85.9111649383215,92.9123196549152,97.36870644346388,98.62607493096418,91.24797353620411,80.93228148994656,66.80586981157609,55.74073942931936,45.71075056337134,40.81160375124175,37.44329578503455,38.35599303308946,0.9979887423155984,-0.0633914048695103
2021-04-06 21:00:00,-3.0,49.0,86.33333333333333,14.0,8.0,36.0,60.67802905915583,14.842944626515772,5.01203589448142,6.937674420476811,84.9767661703464,87.5015479169836,96.16349301749293,99.72084676092724,99.40222265572294,98.62410083400792,98.18762172310709,96.213974838616,92.4458110812174,88.41195923287978,81.68230962113257,70.10248806625424,55.768728172343806,46.98768517348345,40.23469209124397,36.33915047451754,31.805906080879453,25.877265630369543,22.61295956158117,19.40256441708779,24.417374731203047,0.9967506498213928,-0.0805490042187416
2021-04-07 21:00:00,-5.0,51.0,83.66666666666667,17.0,8.0,3.0,58.599120471083,18.14720208553792,5.155414916022301,6.241707542097579,84.2015037914849,86.70930914228737,94.84202174882212,98.46876371774972,97.94146676606258,99.16367768860918,99.69116477384884,99.3071516922772,99.77658357487,100.0,99.94520941705233,94.20368551240712,88.31342723837238,84.1117418353137,80.33906246267168,75.90649341927943,68.2392244741481,57.30159076072735,48.76676827498906,37.31947020172443,36.06746966195042,0.9952176027737294,-0.0976827678217159
2021-04-08 21:00:00,-3.0,57.0,71.0,26.0,4.0,5.0,50.90628243283841,14.292912890066498,5.345318760697033,5.89431096920872,78.80243901624095,84.40930509664865,92.66022735040036,96.29130068804383,97.68727393929784,97.68215030589506,93.51449207617256,82.35215692805936,75.48289267065782,67.87611710211326,58.513803883670775,44.569158663674266,30.560946243687248,18.40929908681967,13.648206730592491,13.111662346307504,17.68004913389193,24.28710074241817,20.45226604043018,13.799579672090434,11.153456661589765,0.9933900548258936,-0.114787625522127
2021-04-09 21:00:00,-1.0,62.0,50.333333333333336,27.0,5.0,35.0,44.28316618676782,19.0242667957554,5.851560387321792,5.594067887976034,81.53791827421595,79.07478506691578,82.08760776238739,86.80701711116937,89.5279428445392,88.9405200053315,89.09928542316979,95.77956367202488,99.49736306032942,97.68988334577142,89.62705526355779,80.63044364879327,71.6844588695393,61.475715216411565,57.28924813769929,55.22954898331235,57.203899850162685,60.28971559894022,64.46034292339895,68.67577492410798,62.40964993171062,0.9912685467787256,-0.1318585157173911
2021-04-10 21:00:00,3.0,55.0,60.0,18.0,4.0,1.0,46.75238080743856,17.445114081515232,2.771599264081267,5.600326065894386,91.37519299176164,97.12207514210232,96.22325629357364,96.7351013596436,96.07882837550572,95.2739671896694,99.51457406722888,99.11172392613211,99.97540512361962,100.0,99.384600026107,96.14204607670078,92.46647490946258,90.89611266134877,86.06419455630117,77.21277829659864,69.05787677302618,60.32581841436738,56.9076009299466,53.67538425109221,57.522292025349245,0.9888537064205885,-0.1488903868564548
2021-04-11 21:00:00,-1.0,56.0,12.666666666666666,47.0,8.0,2.0,38.40384534716244,7.29877778836821,3.7736030463609502,6.60493244884612,60.34196824947128,61.77295313050726,68.28180810117802,75.88282454330468,84.71499146192221,88.3139177304053,70.88321780955988,38.61653462059503,16.749047230467383,8.508017919682938,7.08505053338618,6.230867057536139,5.721057225268966,7.1055053638807735,8.422307844983449,9.387764371711675,9.733797343495764,9.515773404479642,10.428787919809162,11.91714465558788,12.427562104799865,0.986146248341595,-0.1658781989346314
2021-04-12 21:00:00,-3.0,50.0,67.66666666666667,31.0,10.0,5.0,51.874970116438256,11.67531747908776,2.934062147120691,7.072914241287464,82.96856386311816,88.41942943510655,97.90846013669125,100.0,99.87750503589676,97.42997762962044,61.94466553360617,34.5001840502828,27.13078916530896,30.28874037765571,39.49656355985987,42.169572656040266,42.839235356826975,41.45051552154519,40.51810962045782,39.62338779952465,37.81599239068865,34.98833798320929,32.57964623136814,28.2331607124005,26.671109619106147,0.98314697372215,-0.1828169249850199
2021-04-13 21:00:00,-2.0,50.0,69.33333333333333,37.0,10.0,4.0,45.95641016611104,10.212943873315677,3.646641182796906,6.788407460372393,74.89810665907531,80.74418347531773,90.5416105345446,99.62511964257548,99.63170269033536,99.35802847038153,93.86438427326031,71.06779195647576,51.91199464020889,36.77897765518021,24.729964206388512,21.00498922241455,19.840769822022366,23.746643571479908,27.26542895856677,30.52014586034753,30.410530279113125,28.20494576765273,28.47819638871084,29.04827229195656,31.6732103069992,0.9798567700958664,-0.1997015525660636
2021-04-14 21:00:00,3.0,55.0,11.333333333333334,53.0,6.0,3.0,29.859808750612515,6.096819742271882,4.010276697723169,5.877588081493689,60.261332990241655,65.07201156395331,73.50992418800921,82.89163365316558,93.19720588644856,95.75191910877156,74.0414820059722,25.129735520985925,8.591267214585242,4.298339406462641,2.881144447977225,2.827082041493325,3.2772856558925625,4.569416970286226,6.104183171890157,7.890691965572051,8.67929119463518,9.241895279827329,9.950409975972857,10.77014581205107,12.867187803002349,0.976276611086932,-0.2165270852448143
2021-04-15 21:00:00,6.0,57.0,10.0,51.0,8.0,10.0,27.773982234631667,7.739337830853202,4.853087302221112,6.555181990304468,55.74069873092856,59.740496049708845,67.12830042243797,75.36255629504784,77.32947827520564,76.17695974679486,43.26162652841538,29.51872778712457,23.542979301538523,20.916153549784813,20.50983102053561,21.129241525202588,21.55585015097987,21.01414898669885,20.9118542145718,21.452251246487428,22.26891617910092,23.01414568779469,21.31245061666003,17.89180247784327,15.851650900975594,0.9724075561219968,-0.2332885440754551
2021-04-16 21:00:00,-1.8999999999999984,48.0,83.33333333333333,37.0,13.0,7.0,43.795503994398615,10.421029577836997,3.487526529504681,5.685104350757416,78.76887087407533,82.14159158325414,92.3049050005418,99.52243647990235,99.60440708898764,99.77180417259088,100.0,89.92668676568384,74.96302022063763,62.13924371983981,56.2204945661274,54.24591472587872,52.75346970274193,50.63228481954525,46.20161343675362,38.12650986182784,31.054839682853263,22.82805407917345,18.74906080999776,15.004849916574416,18.233061069083533,0.9682507501166718,-0.2499809690726521
2021-04-17 21:00:00,-4.0,42.0,91.33333333333331,26.0,11.0,5.0,59.71548400489216,10.985175584358528,5.0216173271987135,6.599856388516469,81.96480621783931,83.77128178655258,91.849094267578,99.04645456781532,99.72654232709712,99.29975958189328,98.78043008607698,99.16426922186515,99.5790313339213,100.0,100.0,96.10467752836784,83.75394609781407,57.98952284750125,39.90960224323038,35.4960303775832,35.23008204931242,38.51564265271087,40.19624528826,40.43222816636993,36.40759310306144,0.9638074231367308,-0.2665994206792935
2021-04-18 21:00:00,-2.0,48.0,80.0,37.0,8.0,34.0,49.51892551304142,11.898262182648455,6.026469565415453,5.611595171521521,72.6443990032493,73.55681514439738,81.12523777047483,90.1678213332785,91.47419692302034,92.81154314667852,97.50848779878385,99.31415598193868,96.08945117453304,90.55766861531085,93.1172520390287,95.20980837027084,94.8408393835889,80.14386557436461,66.06545277549333,52.11264254631747,37.14431765863253,18.36718106158597,12.940973332628566,15.356248048252668,18.6817059791375,0.9590788900341132,-0.2831389812281835
2021-04-19 21:00:00,1.0,58.0,43.333333333333336,47.0,7.0,30.0,35.73235998600179,12.674396285479338,8.168275965879726,6.278170925685781,53.69066933234856,54.80364571415494,60.64261328254123,67.79143809369181,75.83145422774197,83.51381154950708,86.29184598381084,84.67209172623055,79.91167702750316,75.30901231664454,76.87446935828689,77.62281825256325,74.7862012225881,66.36172392046198,58.72703556474017,52.593955501252566,49.350586077145806,46.71601109590063,47.06051152797224,47.95086312496153,47.08040378046474,0.9540665500578388,-0.2995947563972602
2021-04-20 21:00:00,2.0,58.0,59.333333333333336,22.0,11.0,25.0,43.64681638245789,16.72407979291084,7.01514583196975,6.7632582713917895,74.48599374767865,76.76227939922205,85.69587215576853,94.62905278033811,100.0,100.0,99.38920705166498,97.87323214213984,98.01936595876964,99.38677457266644,97.51937288041728,96.62848601854446,95.87425446613835,92.76906160592168,84.84092373991213,70.8517406194058,62.91843891138176,59.65561259682022,62.707343763045365,68.96781776817687,73.07605940806535,0.9487718864399473,-0.3159618766579029
2021-04-21 21:00:00,-3.0,47.0,85.0,16.0,6.0,15.0,58.03674223047387,17.65189492085513,6.062437918417159,6.889284173786003,79.5638821896068,79.07208414164967,79.32467716969491,84.41049342839926,90.88370376552626,96.41266118316425,99.34900753443073,95.04053899910151,80.86171042226214,67.06390627773264,63.66870370061678,61.72302780844977,59.98841411021636,66.40506460280795,70.79290429701419,66.1120519606488,61.0358092347875,55.38843173631052,52.605217695592174,51.07295020516529,60.43016883826004,0.9431964659565866,-0.3322354987159043
2021-04-22 21:00:00,0.0,37.0,90.66666666666669,29.0,16.0,27.0,61.52238143071751,7.898625538516232,7.611424967317266,5.00078650987806,72.03695743972246,71.62583152728104,74.23896017979945,80.51948729915084,86.35440862648257,90.7254745680379,91.47669305501584,81.02990932677984,80.4116418447654,82.34420927630894,86.63854561437302,91.58010800734084,94.12128941251306,93.55176764208754,92.52528792369726,91.1826181577144,90.37981815967024,89.32555028539355,72.26182409378181,35.08951927456258,13.29792108692158,0.9373419384643772,-0.3484108069446808
2021-04-23 21:00:00,0.8999999999999986,46.0,86.66666666666667,38.0,15.0,28.0,43.467809689683634,10.682737468281914,5.80068982445203,4.949001682868118,61.99520168458081,63.99987477449118,63.402135396676925,66.91014201402265,70.85983105358841,74.53291695314796,78.44585815191257,82.83011679401898,88.13318587033193,94.70680569121733,97.05826583346712,97.64104712853484,97.9796661019417,97.32061214063572,94.39517224756386,81.16551015826079,70.14854261766969,60.208700904504056,51.86412136114672,43.84930889666011,39.80429083563377,0.9312100364121948,-0.3644830148102912
2021-04-24 21:00:00,7.100000000000001,59.0,22.0,57.0,12.0,30.0,31.782641838338503,10.217849548934048,7.708514140933113,6.237907730871396,45.77898859461491,47.31097163105932,52.60175634116875,57.17864518663196,56.89785458098788,50.2592091717641,47.9868956420689,50.21327808882402,53.07898267818321,55.27199720470344,59.00045274842483,63.94279817453621,69.09722906443828,70.4960939038962,67.7561175600345,59.24264965250421,49.95070268401686,39.71440436555572,33.77312466742071,28.61685144855624,31.93350838566404,0.9248025743285088,-0.3804473662878516
2021-04-25 21:00:00,3.0,59.0,76.0,16.0,10.0,19.0,45.56222515699537,17.43897632693635,8.251419468855572,4.958394299519018,54.947954547976565,55.93499436927117,62.14998330336461,69.52149773179424,76.98796704265408,77.79554253266951,78.48691967945808,82.19086228354995,87.2277637609858,89.99295699399919,87.29619690762043,88.25947436443123,92.67206610560493,93.40218318446207,92.52531090751972,88.08003184738344,84.66430013053187,81.56729424522243,80.50465416768455,80.34499504477644,82.70608340566706,0.9181214482844364,-0.3962991372689181
2021-04-26 21:00:00,-4.0,43.0,86.66666666666667,25.0,16.0,31.0,59.85484007345902,14.352282975311985,5.024201327383055,6.638247740566863,84.55903317331205,84.97763033637578,93.08241385057453,98.617693728963,97.85595865687814,97.60360373573232,98.35338488057408,98.61883356454658,98.57444434717829,98.6103096937876,98.5657998010725,98.34714691340596,98.13087884126638,98.2875961723198,99.09733966878288,99.93798349993072,98.78206710766152,89.60257810375856,61.58621180623174,10.136358196131612,0.120015952110735,0.9111686353326632,-0.4120336369594263
2021-04-27 21:00:00,-1.0,53.0,73.0,41.0,13.0,33.0,44.60602665781027,12.686860779464688,5.387694075317879,5.758599269039408,80.41383571221287,81.25552942612701,86.88094408180132,95.59413116779132,99.12388824334796,99.42397307632656,99.27063246996318,98.86354136254064,99.56633596919804,100.0,98.86877577105837,83.62590112179716,57.20032641617311,31.711823625831908,12.172176541299445,3.723892256692629,0.0871528637904168,0.3068102145515712,2.787243805003771,5.778263808614267,8.4437799553099,0.9039461929224012,-0.4276462092677746
2021-04-28 21:00:00,4.0,63.0,30.0,55.0,8.0,32.0,31.15200151504812,11.542980579891,5.6112837313520405,5.710969082166836,58.98008186640254,61.47100646765461,68.47924114234392,75.02991948253278,80.19563386274807,84.47871133104049,83.82684417365287,65.88741800029709,42.75692400827417,23.527049056358628,18.743028873186468,20.085325411984183,24.164231692474623,27.40171341313311,26.83831394424979,20.753141351223046,17.218065746003948,14.555223340870228,28.98477035482227,54.87401793118861,68.65943602775695,0.8964562582905575,-0.4431322341826345
2021-04-29 21:00:00,5.0,62.0,36.66666666666666,47.0,5.0,32.0,36.38396231137095,10.112640804566288,6.611310854412416,5.527370100431623,41.97318576800547,43.34085569987034,48.62349143327323,54.519584018105874,61.038946578671386,68.52616812600546,72.04631595203249,74.86220744341459,68.07328806867797,46.12033620314436,24.35907632057271,12.95803461328541,7.371455564091277,6.57254327719828,5.780550654380271,5.20432709976182,5.574865983162993,6.853243056498321,6.648396104829303,5.674635076402572,4.276993429489593,0.8887010478292915,-0.4584871291400876
2021-04-30 21:00:00,3.0,47.0,92.0,22.0,10.0,36.0,70.76320315881948,16.40306245377469,5.533700049526172,4.222099745695604,89.83030346095968,89.55622799542212,93.23534804850266,99.70362042982428,99.95677062171448,99.06822840901252,98.28492204655328,99.05296143530212,99.53348527271348,99.66993342577496,99.6862337782064,99.43232866051306,99.07718993040528,98.14054974326638,94.3014118640133,87.61152840275625,82.71406187786961,80.87100766357108,79.97367738446212,81.31986878762956,83.30138326504158,0.8806828564301475,-0.47370635037968
2021-05-01 21:00:00,7.1,53.0,41.66666666666666,63.0,13.0,31.0,27.13363184068213,6.791753803276108,7.25662162617168,4.369052754338913,36.25200862384797,37.30661767584365,35.202104433330284,37.97798191139678,41.746662214966726,46.47744235782875,50.93258858265028,52.68566099223325,49.16620863419653,41.5165248261096,36.7054531843727,35.95670829265968,40.66108924353838,46.5472724410233,51.72910860218531,53.73101543776318,55.24586559612936,55.635940948088894,56.67161136531639,57.1258391931147,58.24218635144729,0.8724040568049612,-0.4887853942889926
2021-05-02 21:00:00,0.0,54.0,60.66666666666666,49.0,12.0,28.0,39.65908683574918,15.69169119942672,6.786886756796084,6.4450019916202335,79.80081420786071,80.52638090422192,83.16606521274382,88.84771872391823,93.9470564190846,98.0176887165102,98.6340021843564,99.0038257708559,99.52590434658332,100.0,100.0,96.3557308200851,87.04345586238719,68.26509778186765,50.872107499259336,43.15293855029218,36.3560870816831,31.334778740374368,27.07130676856139,22.85804496905087,18.19617260183969,0.8638670987837349,-0.503719798736334
2021-05-03 21:00:00,9.0,60.0,47.333333333333336,53.0,8.0,28.0,23.92072286758129,7.08493113882265,5.794929159141705,5.589382213444588,31.99973538966264,31.40132225747591,33.20822343087775,36.20666818322356,39.63976503033243,43.33825693788718,43.503432649169824,37.671118225629726,28.04354147516338,17.487204017600984,10.908694667375489,8.847327037976452,8.867476761127127,11.70612349503342,15.700798119924237,21.071955265454505,26.171390280286484,31.62553729233013,38.37009176640179,47.15405541059985,59.40832532305412,0.8550745085896932,-0.518505144391157
2021-05-04 21:00:00,7.0,60.0,61.0,27.0,5.0,5.0,34.63816253787311,15.412428376955525,5.41394644305879,4.75920097131293,36.46569252932043,37.67927795087861,41.6484770608091,46.39665536257823,45.562620521514845,45.99752734888312,27.096777399506912,15.355692569225186,20.74634200991572,41.88959770029,71.79245118159812,89.05782744290268,99.46272595347143,99.466357045329,95.17086124818192,85.67090296854502,79.7652758011333,76.20264045228186,72.77249539356707,70.04756587756063,54.862898242331525,0.8460288880917339,-0.533137056031809
2021-05-05 21:00:00,-3.0,49.0,92.0,17.0,9.0,12.0,68.26964191902431,25.66685442000128,2.805634590234766,5.625341132205819,83.79803797210018,85.3193792660216,89.25053999180086,92.30002989908526,94.97226944633051,100.0,100.0,100.0,100.0,100.0,100.0,99.9525362365748,99.87085613155888,99.5741377323214,99.81180682767838,97.3736811689324,94.93356029716942,90.1791142655517,87.64103076839275,83.7791750213057,83.38490518721271,0.8367329140344921,-0.5476112038402312
2021-05-06 21:00:00,-2.0,50.0,84.66666666666667,24.0,10.0,33.0,58.45943062660115,14.939481727177482,5.348377093691808,5.658204291007646,88.91497039058065,90.09894563879642,96.91315592913558,97.56750494362612,98.57872422464872,99.3758176140481,99.49434315122488,99.5256108533921,100.0,99.24042076915406,98.56953078543197,98.83154736451031,99.7685989175284,91.02004460797876,68.7027514024548,30.680387181246783,11.059226021721946,2.9025812682306547,1.908659326357844,7.121598185124037,8.872386185639915,0.8271893372462497,-0.5619233046832195
2021-05-07 21:00:00,-2.8999999999999986,57.0,38.333333333333336,67.0,6.0,36.0,30.18419913625733,7.965530398947041,6.012152740346424,6.851344910621734,53.76758503765875,56.31973851972024,62.213686964217416,69.17482814932362,76.70278216397001,76.40484445381178,73.33156854189102,76.57428121790663,84.54425897307655,84.30214352514524,62.21894442721524,28.36347014183244,7.204348270755662,7.116655732585321,7.749997765091924,9.154892952286191,12.540576567816938,17.720834404418724,16.113299244846683,11.334833784410373,8.825131881741651,0.8174009818249189,-0.5760691233798758
2021-05-08 21:00:00,-3.0,55.0,74.0,45.0,9.0,5.0,38.239799587293696,11.389611618695527,6.086472854618693,5.8710595188559065,65.53749815162068,66.34845728778163,71.40615506074394,77.67930728206505,82.29249650541945,85.7915963801295,90.15769974205756,91.94749446009392,82.57778699221879,60.594499409629,46.20004886670688,39.999104925007536,37.97961228515878,43.67770047983598,53.9655607369355,73.29891258638413,83.78031395425722,88.08804409499169,90.26494558774304,90.37956625147588,90.05438778538135,0.8073707443023492,-0.5900444739548627
2021-05-09 21:00:00,3.0,59.0,58.66666666666666,53.0,9.0,31.0,33.10462754858699,10.566485921731788,7.1653068956282535,6.077757271400239,55.79490438681024,57.31545626761905,63.1593270301253,70.87495914005608,78.67732735570738,82.26554530109482,84.4380927130813,85.89520895072054,89.34570986830647,95.47664141927498,98.77137478755772,78.59336045135225,50.10779630788305,29.03385677947741,15.70231197052608,10.960216291427926,11.40742422787662,16.381342778715812,18.175940938211696,18.24063753761492,26.068910043039224,0.7971015927871943,-0.6038452208771035
2021-05-10 21:00:00,4.0,61.0,54.0,57.0,4.0,36.0,36.22158251502517,13.865269874640893,8.23500841051156,4.420734872003319,54.17182960015373,55.654895560866095,62.03860660421162,69.39203112092181,78.00559718318328,86.79126136407388,90.6026700501738,90.89754283516164,91.19533622881376,93.71714589600376,95.45502545450188,96.1497771372843,94.76487912718169,85.2265613924548,78.83465166544758,80.28675613683568,61.11226438069052,26.14638314344433,10.496372642660477,0.8163396743442368,13.587534829363152,0.7865965660866021,-0.6174672802835514
2021-05-12 21:00:00,-8.0,54.0,62.333333333333336,39.0,10.0,33.0,44.7666372767909,11.965742472496666,7.941719232308387,6.173136130322188,65.61277165030995,67.78825511966367,74.76976955531242,82.67974920771773,90.79559025047658,94.03289053515115,96.5800819338042,87.10809704138065,83.04887039561626,83.97249405587243,85.07982518875262,84.96996632904134,83.01493048760562,76.00800948077294,72.23934411210297,70.69965146223437,70.0293070954324,69.41055168568843,70.09421350354627,70.4555965939696,73.95493277154449,0.7648913904341226,-0.6441592666722685
2021-05-13 21:00:00,-7.0,61.0,46.0,39.0,10.0,30.0,37.69347255083815,14.408353818736664,7.925264216037487,6.931387617822587,58.01425305238206,60.85472575269048,67.36968114005703,74.81961030188245,82.94694999810517,90.75500134764307,92.84281524016312,82.71267187357654,74.85854284996154,72.85399763296599,78.52319890560386,81.36305194499027,84.43842553003644,88.28098392782594,89.51837769070717,89.03581689020339,83.6307044654826,73.03665802081977,47.58528604863484,7.482489671936533,8.582287861309505,0.753697664392914,-0.6572212950663319
2021-05-14 21:00:00,7.899999999999999,62.0,6.333333333333333,70.0,10.0,34.0,24.227355622953382,10.840785782447764,7.839896650868265,6.0674894575166896,46.39250220344064,50.32249067850773,56.19776482035866,63.07092864635821,70.63410615542789,78.0647187940195,78.77197734418218,76.77914421217439,81.2637974332181,84.75957529511994,81.48650170914871,47.29418425927375,20.64764123320484,12.88653272419698,14.051566775650503,21.834237493998508,23.30622027847841,22.528614846074174,20.24128749226853,16.890686737147583,18.69542009810038,0.742280907086982,-0.6700888411055113
2021-05-15 21:00:00,10.0,67.0,30.666666666666668,40.0,7.0,21.0,33.0725093645187,15.667835012339486,9.13951407138048,7.169105823991168,33.550520461528215,36.14135400007394,40.35113566077447,45.11329279154192,50.43092513741552,56.59977402751757,62.64623115704481,66.04018983285181,70.48487204282684,75.36467658580935,82.12007273171233,81.18229618816962,79.72084598433797,79.1896308145972,80.69026993793777,83.4939854326318,77.5256337816986,66.51806598384172,44.43071961182467,14.357665032227318,12.291775431643725,0.7306444969184916,-0.6827580970759147
2021-05-16 21:00:00,-2.0,63.0,66.33333333333333,33.0,5.0,7.0,51.80629485881768,18.73714163895528,8.023092890753407,7.004832484590631,59.19616292698839,64.24939579103582,68.72736799368317,74.73227130010959,79.53726298754479,82.35046455867227,84.26095050306995,87.24054448853454,87.60089474853973,86.74940987725336,86.33673335678843,82.98892835497143,81.12334568808906,81.60805891917036,83.04938296557224,84.46771130279302,70.79421394378369,51.618820599499,41.35294693150328,28.222061010859434,28.23062336333312,0.7187918772884232,-0.6952253139408722
2021-05-17 21:00:00,4.0,66.0,48.0,47.0,4.0,19.0,43.226431411633484,16.856257630068598,7.994228839718724,7.026855482720574,52.59130715712601,57.923752360388505,64.8268243515974,72.53336247627291,78.33827661508863,78.89139308222248,80.03033879549864,81.84916946487768,78.65716479004482,73.3365867155615,66.82607535133161,72.5495825714778,77.18218153936968,79.47411628069493,73.8034186159078,63.456032684218975,56.12893110550513,46.31410683186208,39.69711942473004,30.39912980210121,35.41556982199156,0.7067265555776158,-0.7074868024503348
2021-05-18 21:00:00,10.0,67.0,70.33333333333333,38.0,9.0,33.0,40.18190030888218,20.70871532068277,7.503857418727253,6.721571650669809,65.54485733228016,70.24630984731354,78.67339844502712,87.1149758176582,93.12714267215776,86.91156665522415,83.91887504117548,85.5169807293603,88.57291229383334,91.9578855337694,97.50194552349346,99.7939009625668,99.4581681731286,95.16733983878842,85.41045455237786,69.74614202955826,61.510614629312585,52.78964112100011,42.28328023957363,26.73889424224956,29.73437600437971,0.6944521021088763,-0.719538934232584
2021-05-19 21:00:00,6.0,68.0,34.666666666666664,52.0,8.0,35.0,28.368509491649508,14.24630697116539,6.180206933334159,6.2544603819340185,24.98588499430372,27.29597512292314,30.317626771605504,33.83251225535787,37.83397412910903,40.90954010845923,40.98783533481172,41.32755241284749,47.01081583431991,55.0927207731855,64.04202340901183,65.91169645036169,67.10256389761187,67.5930918222403,67.42269899861519,65.67180300909304,62.07618094334051,56.231105134982016,52.56455555292049,46.7077286030283,43.214405889377645,0.6819721490904629,-0.7313781428679254
2021-05-20 21:00:00,-1.0,75.0,42.0,35.0,8.0,20.0,34.344715667251954,23.075489518985144,7.228224620461573,5.948390674827815,45.214468614019545,49.940979185070205,55.82237955475989,60.1756519221391,59.35713047280523,56.26539877527736,56.373777532588974,59.45461361327683,65.24888694775163,72.83497539669895,79.75055693139184,80.6512679595499,78.1822725491125,72.43716487318807,68.25909548805333,63.654312875276574,55.57418541341609,45.6631443036209,57.57443173439594,71.36264617724069,78.45167095774808,0.6692903895412567,-0.7430009249440493
2021-05-21 21:00:00,-13.0,78.0,50.0,22.0,11.0,21.0,38.93342524806277,27.51206656400296,7.863991458114424,5.015458623895896,43.00215821629424,47.63120508547639,52.435295898181735,56.22601228334331,62.51774359443532,68.5323157811719,74.2004122170527,78.05042513214569,82.27267732310747,84.2527039586737,84.41298767909001,84.14306471229676,82.58724278744866,77.92387492801346,67.37099974368844,54.5337874289754,40.82855933342277,24.768920773843035,17.452558124015034,9.758105725417517,13.488299208992984,0.6564105761979381,-0.7544038410927472
2021-05-22 21:00:00,-6.0,74.0,84.0,13.0,9.0,23.0,53.405642578269166,37.29185074311095,6.127419705542009,5.86619741489117,74.9372660183397,76.25557388476348,79.06928609628162,83.57172281773335,87.30218323563132,90.56973834969058,93.88956395851416,94.26177419900928,92.78133108085038,90.06830657350716,87.63616334236492,87.49935640262197,87.46624995678539,85.93678927215434,84.89406959476466,83.54656764335223,83.33835132292688,83.82050604634937,87.67302394858521,92.320040331356,93.39178090635237,0.6433365204044917,-0.765583517007675
2021-05-23 21:00:00,0.0,60.0,75.0,43.0,16.0,34.0,47.53537865849072,13.694089156546497,5.123611755468929,4.592063583503842,69.85486507248669,70.96231689306495,77.10211736698905,84.7007418370424,92.51676435747478,88.52850418950555,87.79266970860114,89.16279458791381,80.62890434730029,63.618826582633545,46.29170660312225,35.581032805988535,26.45046984563868,17.810476218331196,10.111603078897987,4.955528871629234,3.030848107312933,3.139930742630438,4.9607219694673965,7.853023894392387,9.753103398814895,0.6300720909843687,-0.7765366444428655
2021-05-24 21:00:00,-2.8999999999999986,63.0,9.333333333333334,63.0,7.0,24.0,24.38058879886873,9.26657359746202,5.815758244762577,5.092346965438929,47.18260373454057,50.46766287233439,56.425787256644746,63.052493259810674,69.74593331642004,73.55852914063568,75.81472719568052,60.370530248639696,32.45907055374552,15.886313029751571,11.13609014159505,11.85459038718578,12.612142145536357,13.331833900591665,18.753296336556964,27.50838886081917,36.86739824253348,48.35921820107076,44.28818422975032,37.49572249186664,27.2159897359333,0.6166212130956382,-0.7872599821916922
2021-05-25 21:00:00,-3.0,74.0,44.333333333333336,34.0,14.0,22.0,38.304780677449344,33.20712233852754,6.435021789022772,5.560457334630288,49.8738433421843,51.31668657798208,56.59829068667166,62.86503013533653,69.07454784664124,75.9236302162951,84.2675714971508,91.06794999918674,93.78087936261888,95.02100090507956,97.70073298162517,98.59362820804564,98.0784760034682,92.73890538167709,87.03007987850513,81.57002391168251,76.0585455863334,69.75702942312084,68.25506656019297,67.0622154301239,70.07417542467903,0.6029878670694714,-0.7977503570459932
2021-05-27 21:00:00,-4.0,59.0,17.333333333333332,64.0,13.0,32.0,28.093226742410376,6.673840600209688,4.309074306956237,4.715295066210002,39.95464901943283,42.69796757254653,47.92956794026747,54.10496081336785,60.84449900603964,66.2954813577144,72.28077885236965,64.68748343300909,38.37113149900636,13.842552969083249,2.9278061421774457,1.0582155948761711,1.4055372994786697,2.931924199240683,4.258335085151158,5.503179473742357,7.810237879221593,10.888717450940389,14.96083996831099,19.912490237868763,21.03569066643169,0.5751899607119775,-0.8180198708443175
2021-05-28 21:00:00,0.1000000000000014,57.0,28.33333333333333,77.0,10.0,30.0,23.460421543781827,5.856934266260505,7.197753351042202,4.5249674669727264,30.396109305381845,33.29456835582232,37.1318896049002,41.77215540615693,47.18126833412023,52.68128773686213,56.21330953122201,62.77515481408836,68.39712901683819,61.61541907800148,35.29602715371457,21.422473580835085,12.399275773186192,11.43729907572293,10.669549226186636,9.82801289436502,8.227095294716532,6.180777455446716,5.871338359388266,5.726279453722451,6.32324845375883,0.5610336262283677,-0.8277930117131022
2021-05-29 21:00:00,1.0,59.0,63.333333333333336,60.0,5.0,5.0,28.093226742410376,6.75734226271387,5.809393392600886,4.990518066821111,32.93791253382163,36.935178222760086,41.25168315195404,46.53242282454392,52.36563488750902,58.298154285225415,62.49999216259685,67.49139636878863,37.3528322156384,22.70265261012116,19.4790733685978,14.217823515761818,9.283043815802966,4.728951088049194,4.153123246503234,4.884495583210372,5.960314307280804,7.322875332122444,6.062428281454072,4.732058608199279,7.434540365884988,0.5467112728685939,-0.8373211953118121
2021-05-30 21:00:00,0.0,60.0,71.66666666666667,40.0,8.0,11.0,39.056047127995775,11.1667551745094,4.260041343331227,5.521422057594636,39.98203024794632,44.77377094749135,49.66999140522811,55.66588304687379,61.71104678507003,67.11581014621993,68.10697011577284,56.55107469887509,21.74209006555344,7.317934927756042,1.6032407741087114,1.6890638807121203,5.214029891584741,11.242051210152988,24.672181725969047,41.53924951106338,51.63489244984849,63.35828512980628,60.85344371689184,56.808779063405865,47.67945900472256,0.5322271388474397,-0.8466016020976267
2021-05-31 21:00:00,1.0,60.0,89.0,12.0,6.0,15.0,74.85066533341019,31.08788445028629,5.149346593532973,5.285224145180489,97.18351785805974,100.0,98.29890924373844,96.34126506089102,90.33763897173904,84.73532045701201,87.80526933367717,84.89075137147744,84.15187731472024,86.29629787883465,94.29904121651774,96.52331625867568,98.23465072701576,98.47101594885343,98.57698142110112,98.535817454999,98.6964853655246,98.06762997452128,96.35182225488018,93.32740835124628,92.4202208113251,0.5175855102531889,-0.8556314858488706
2021-06-01 21:00:00,-1.0,71.0,60.0,43.0,9.0,26.0,39.297807894806766,17.557081052530247,8.322807725766914,6.067639032694841,53.38575549384746,54.78774938645247,59.51698646096173,64.9860036988649,67.21096587612558,52.88870386386958,47.861024766904606,52.31473531116168,58.945254707971685,66.05570121015577,74.7149671488306,73.97960873561782,71.02099047917963,63.3550368512328,60.04148570916039,59.54952792503684,64.13447157138448,71.68031962518982,70.4904726595067,67.19778688636391,51.28490570353866,0.5027907197793043,-0.8644081744776648
2021-06-02 21:00:00,2.0,76.0,25.0,47.0,7.0,25.0,35.829619810885625,18.436384976178807,8.840688041167153,5.650729298181463,34.86956168094736,35.747346742747624,39.08864627862784,42.82605133484586,47.31860216745512,52.43241449561318,57.36755351725691,61.374442463026135,65.49260389820178,68.43324746694852,70.32031451135398,69.00040840753924,66.49974297513313,62.62881396129053,59.829546100753504,58.226994119406086,53.15078563084937,46.05184040755436,40.33815866636368,32.26760777581016,27.49201739070489,0.4878471454423119,-0.8729290708206411
2021-06-03 21:00:00,-3.0,68.0,81.0,23.0,11.0,19.0,52.54132558106587,25.127109863070373,6.078338255704085,5.324815347695404,61.55464903083061,63.45366898426582,69.2579726128531,70.90621161854035,50.19045572026063,38.6227341387138,41.84386241595195,51.23924556717954,60.66546147865173,69.67538010277593,79.31183884915703,89.79398670756392,98.58828826630408,98.7847475382336,97.00901532329628,91.81981242644976,89.42704570113528,87.31527553811368,89.29240051168078,90.97923622477634,93.00505885110525,0.4727592092862775,-0.881191653407483
2021-06-04 21:00:00,0.0,77.0,42.66666666666666,52.0,8.0,25.0,44.93404929466704,28.492907145378368,8.32335167398543,5.119198750412129,49.999374133289486,50.84545959150231,55.86336575671002,61.712020068719895,68.7700037723255,75.77956773601738,80.07263049126816,81.6858736058158,81.7499903256387,80.64269689857773,82.33908184968925,86.64853571404515,93.6824184473792,97.53507945640104,93.62632522055196,76.74387550962773,61.00524455194595,44.8760831666764,35.27456077860518,26.6002906737706,23.76624947244932,0.4575313760742512,-0.8891934772070711
2021-06-05 21:00:00,-3.0,80.0,60.0,16.0,10.0,23.0,43.77961106850662,35.931766669508114,6.663699111103725,5.895007230581354,69.10597798900959,69.81424192734693,72.66332225441681,68.40027046154896,67.83162637205348,68.58785579042666,71.54976476614716,76.95658204358273,82.49346684536249,84.20609131407876,81.52112866352688,81.58356964484712,84.81910925641304,86.56118978557456,86.75278622667277,83.34021565128546,82.85526166564927,85.15056153202016,88.06386120819755,90.49747804024342,90.23540005819608,0.442168151967072,-0.8969321743510065
2021-06-06 21:00:00,-8.0,78.0,28.0,39.0,4.0,22.0,41.91059707033888,23.678742144262536,7.000687880782623,5.372146916117993,43.30591423212793,45.61632875598581,50.58794296290936,56.39343426882423,62.72233923684029,68.90991108145226,71.35784984200203,74.30191891912676,76.57430232913673,73.98484682846946,59.56915028814033,36.840455501811576,15.820359446002277,12.565531511788416,12.578598576045032,16.497635534073986,20.4170546737102,24.78763505069634,26.40208532485569,27.13337554119648,25.35408081402743,0.4266740831899246,-0.9044054548343
2021-06-07 21:00:00,-2.0,90.0,17.666666666666668,36.0,11.0,24.0,38.00474121957595,33.55460392769484,8.124343962373647,5.709165828658098,38.82918864816337,39.950623771962256,43.73212044747818,47.97100198130915,51.35752690816412,54.25844687719521,57.45143906428101,63.17405773790625,69.70517140314655,74.46592689743974,70.55265004146719,62.89405153078948,54.89115989592007,50.76695424402333,46.97632202490629,43.40658214724731,39.53944969901146,34.44374929742335,27.12915345899696,17.144383377863946,11.084653544180588,0.4110537546870351,-0.911611107193024
2021-06-08 21:00:00,1.0,87.0,37.66666666666666,39.0,7.0,30.0,41.783816397723655,35.537961036428335,8.599272252050023,5.176381264201622,42.59176878192592,44.24378015758524,48.81437887758084,54.2599443551178,60.472472087762405,67.50842843694615,76.07679064625503,71.58044514720629,65.82084549098074,63.38653517712727,60.952891664315246,60.21728426725915,60.19193922972427,61.15342892419135,64.25153696774183,70.05788623630522,63.73403347824501,48.89277210672175,32.210651830613266,13.132450547976738,9.473300843073805,0.3953117887649151,-0.9185469991587164
2021-06-09 21:00:00,4.0,77.0,27.33333333333333,47.0,8.0,33.0,30.933647924122155,17.709849284849252,7.677131545208423,4.647754836489809,43.896417944460566,46.5853805333364,52.24072081453664,58.38442877505694,65.40933592781451,72.03367712924714,75.01410765451993,75.0284441417008,73.92344208453119,69.00518026188512,54.31519108871028,39.30969524823073,26.313530800480954,23.75659275934626,20.799844452849776,17.02331337116198,13.26564586133096,9.002543180538323,8.760309983111382,9.53934181319018,11.131798273940092,0.3794528437245443,-0.925211078289358
2021-06-10 21:00:00,1.8999999999999984,64.0,23.666666666666668,61.0,7.0,36.0,25.563877552252706,6.949670481693509,6.949860615385467,3.7473160423563967,25.65282598765844,27.8291000520469,30.94543318526302,34.713674964845644,39.25646974175049,44.43732564996056,50.33426433935735,55.05508782288771,59.000097881266015,55.326025194237424,41.28993133696808,18.76925766173638,6.034587674974284,9.48736125951453,12.35577707169844,15.18444156113848,14.200705356553469,11.976272491494118,8.455953624353564,4.291459171155725,5.038270218984299,0.3634816124829063,-0.9316013725767188
2021-06-11 21:00:00,5.0,67.0,48.333333333333336,30.0,7.0,23.0,35.770151900347145,20.4484503881385,7.246835965667269,4.845631267774841,54.79658357850755,57.93918235107287,64.38768865773486,69.46893270041919,72.20113376040989,77.83691565836402,86.18490836586817,94.73675247849478,98.44574816557795,100.0,100.0,100.0,100.0,99.10384666412844,98.0386859980272,97.7770582479028,97.08398990790197,95.9275335420604,95.72368806792716,94.87952152516336,93.09706839302537,0.3474028211842774,-0.9377159910299092
2021-06-12 21:00:00,6.0,73.0,20.33333333333333,52.0,6.0,28.0,31.50603643760499,18.48789063944232,9.146304432279008,4.47811777772342,34.76731357405797,35.37670424759325,39.17619886347982,43.59931007808745,48.69281103621212,54.63904012801905,61.05480366599036,68.92656648731395,78.80510360728908,90.04216967893585,90.57883955315582,93.52902980860766,99.18031007821575,92.01030924412954,69.30959567053942,29.115011207409687,12.302469568563966,10.092927910321643,9.936607510904755,10.683460608194226,12.057842278934675,0.3312212278016865,-0.9435531242349544
2021-06-13 21:00:00,5.0,73.0,19.666666666666668,58.0,3.0,5.0,30.30800692262566,11.33759865935162,7.182810832676467,5.55246492481866,34.18585866382632,35.80348174120203,39.889952683895,44.59508183562334,50.26234758878832,55.36931697931862,58.97271830941825,61.47681952457978,57.625707896610464,45.49906136786243,26.21434848200266,17.281237654445512,12.254531237780808,11.53209262945906,11.41434087463832,12.226515898765827,12.561603100529412,12.605110052917464,11.920775475991087,10.546499225805125,9.16413456014405,0.3149416207289519,-0.9491110448902284
2021-06-14 21:00:00,2.0,69.0,72.0,39.0,11.0,18.0,45.37847930932192,24.60521639198908,6.89001494236498,5.911715942074419,50.62121987388325,52.85293027386376,58.642983048247096,65.05965087090397,71.96063602259073,72.23026400632784,73.68879495923323,73.90790067341354,75.6871273584776,80.16164748848438,86.48630973923851,93.81193974358617,99.86695137035328,99.34938757847964,90.31538961177804,68.6095001842796,53.61452478287637,40.866576208605466,41.28882882200316,46.38532221879584,58.67227863597864,0.2985688173637202,-0.9543881083175908
2021-06-22 21:00:00,-10.0,68.0,83.0,17.0,8.0,33.0,63.14391642044514,31.59131534301652,5.487535100706056,4.583259502031428,51.50642778438459,52.787957953259145,58.5196507834309,62.7270038991288,62.51437707495716,63.739359984385466,73.87022989484532,79.41375168058804,80.98206465834906,83.35124779783982,87.65786142335178,91.26762816746916,94.50544243860632,96.5685854100119,97.9727395021591,96.80342388261175,97.14311720328654,97.11558547005758,91.91437278474773,83.40723458500221,75.07365025729008,0.1648178466571979,-0.9863240225317866
2021-06-23 21:00:00,1.0,68.0,29.33333333333333,75.0,8.0,30.0,33.23252516038261,10.644399879422537,6.797212892950018,5.205690311440298,40.75781291824906,41.93866558668368,46.566259531181295,51.93349602441203,57.507276398137286,63.17281729916084,69.93245021759897,78.1504310327815,80.4012399310464,70.70736071610814,50.96468105640889,37.96425317293517,30.045401755830177,28.8072274362655,23.660210446045856,15.593773829283656,9.973776170552265,3.936537527089577,3.3240531290902995,3.299124835819025,4.470672988215937,0.1478271334705304,-0.9890132145779884
2021-06-24 21:00:00,-1.0,75.0,5.333333333333333,50.0,10.0,20.0,33.061422404276755,14.283833718140617,5.542139372015286,5.786148021408156,38.62688282368481,42.30801614509125,47.060282264134266,52.35912363508996,58.54542281497507,64.76827925665337,70.97420341993694,76.2325994434568,65.05791027438092,42.239495970978886,21.316171656366823,16.994690730166433,13.665115859646129,10.973076948571634,9.206036607017056,7.532813032396682,6.844558243490637,5.9653936260543015,6.406732149286936,7.004749352949154,8.885736704548366,0.1307926758567592,-0.9914097417023038
2021-06-25 21:00:00,-6.0,71.0,58.0,17.0,9.0,17.0,54.95084226417701,38.05894721935321,3.6322098721224094,5.844631041885468,86.98281815000323,97.31956116172246,100.0,98.61027682149532,95.69228293910236,95.58595786225185,96.53971675024827,95.98198073269552,96.13488232917634,97.2198612676576,97.95522316329212,96.23528628810188,91.1786269342854,81.94564458702904,73.68748031115193,63.76406352539785,60.34681267095499,56.03000960672585,45.13054558678935,30.22571142771693,22.294683433927307,0.1137195145859496,-0.9935128947338008
2021-06-26 21:00:00,-2.0,78.0,86.0,24.0,11.0,19.0,57.93497644811754,35.08682281082944,6.533887011799666,5.489337063919082,59.22996613644133,64.78887660840184,71.9075118751694,80.06599793742406,86.76717534656454,89.86913760366899,89.38022198232562,79.9619098283096,74.68643186012564,70.96370794222464,68.69840253747176,65.52585938275108,61.80697859832652,56.8493793457352,50.228717250552,40.95463453085678,41.60961779309461,44.938906996484775,62.69347994746353,84.53880920709882,88.32197276301527,0.0966127018812031,-0.9953220513156602
2021-06-27 21:00:00,-4.0,81.0,83.0,16.0,10.0,22.0,62.52216174202056,45.9461722520695,7.34621848134133,5.348463660181347,55.40304294495848,58.04828983848173,64.02015762795763,70.15083061735284,74.02012436350488,76.89745321433263,80.6640534986811,85.65055148395805,89.47896547054346,91.04288382058162,89.07416415774802,79.47893373172126,68.31717079765039,60.68658837532696,60.40619476087846,68.6935630976104,75.6142209729373,82.54944365957448,90.15935880781024,98.80800059310778,99.33309282349217,0.0794772999236209,-0.9968366760893436
2021-06-28 21:00:00,1.0,85.0,53.66666666666666,24.0,7.0,26.0,56.86770356640353,46.83371350272423,6.249744416786505,4.840129586508901,75.26275460296273,80.89746940950616,87.232523062925,89.6461978510739,88.01436720280813,82.16165388843748,79.58592888950523,83.59797341341786,86.82205487403455,88.04268293019236,85.85519070274778,85.72708394523609,87.38473428064731,92.66918935737397,94.9030671283774,94.4587126818242,84.1097683591207,68.3847068941264,65.37284509364906,65.01400288161373,67.71680729001817,0.062318379354325,-0.998056320853012
2021-06-29 21:00:00,3.0,83.0,52.66666666666666,35.0,5.0,29.0,50.972422488102566,33.7525910029802,7.913269556142569,4.606688357454601,50.82042337861808,54.78634036030684,60.94837941177912,67.92791919056768,75.36449597188184,77.26396343239401,70.74020641394321,72.04654684848644,72.1759521836257,70.19558851733142,67.87751393135548,69.78793048569449,69.74427104651045,62.908122666923326,56.0938163968153,49.02909656538629,48.1220750073483,49.38073878284656,54.3317080823427,61.39702678029926,58.056014877708506,0.0451410177739719,-0.998980624694158
2021-06-30 21:00:00,-2.0,76.0,84.0,13.0,5.0,27.0,71.20078883633502,36.93124528584403,5.512805255213647,4.976119739685466,81.37220325200096,84.85279619015972,87.71279853111878,85.12158485267535,86.08090420270736,87.77161615344886,92.93726499774056,94.8952323101456,92.11282285706936,84.88981592913674,84.6756545756042,84.94929594655959,84.77854074843887,77.44480750410439,71.63212723032373,66.35771675334296,58.85844463022756,48.28202696226396,35.14559695355515,18.60605276271861,18.854421163750324,0.0279502982402103,-0.999609314096404
2021-07-01 21:00:00,0.0,67.0,85.66666666666667,29.0,6.0,3.0,67.77336387804566,25.55385508600113,4.257297488880244,5.999109944537669,77.86678262424111,81.84424432351088,89.44285351296244,90.87598792339774,75.55916917250882,80.99164311055142,100.0,99.34825970137628,98.44568357986294,95.13689042123865,90.18742374981096,88.98556343306822,89.31319220175973,89.08215472005224,80.03534667177391,62.49256342872431,50.00828806117128,38.19836486357231,35.88636590192332,35.280758617662244,23.96630247489178,0.0107513077635219,-0.9999422030204416
2021-07-02 21:00:00,-1.0,60.0,92.0,30.0,8.0,5.0,64.51028333640114,26.84691528140767,4.102462830292051,4.7039461570099,84.81013828350036,89.79816347232052,97.2856256067867,99.20045802341544,99.61381924374406,99.10374289251756,99.5133277094328,99.722939487187,94.0749573125295,86.23678117372508,80.92717279032783,84.94814149759561,89.29356026648031,86.95304813142474,89.05499840089166,95.32343786814027,97.74457087753746,99.01515463197624,98.76571678379356,95.90191574662998,91.78480968936988,-0.0064508641981051,-0.9999791929590824
2021-07-03 21:00:00,-3.0,61.0,90.33333333333331,26.0,8.0,4.0,62.2596697053968,25.32422338823724,4.305806649430871,5.373852895896314,83.53204391176703,88.50006096830423,97.20171573168768,99.53992248815088,99.15243642398477,99.54847681735131,99.6422996106598,99.45181858926534,94.91332695278494,89.2269651536827,88.66624273165175,91.77967088567377,92.79272861725715,84.26129196121028,76.20101563971048,68.33953013760345,62.500945941568695,57.18017227901105,62.72634297262351,72.7808840469722,61.09836937144871,-0.0236511272452315,-0.9997202729664084
2021-07-04 21:00:00,-3.0,60.0,90.66666666666669,16.0,8.0,2.0,66.96951913995109,27.16202175007435,4.426768553792284,4.91035160637958,93.72020145037942,95.78458371170404,98.00913120753182,98.42756698620607,99.21140235134538,99.37573435759958,99.72623111765748,99.94466870286416,99.93556919280309,100.0,100.0,100.0,99.86259579370916,100.0,100.0,99.23733452325412,99.02602512387664,99.07474928808296,96.27821249535756,90.68416332919516,89.22865167569711,-0.0408443915432961,-0.9991655196610107
2021-07-05 21:00:00,5.0,77.0,30.33333333333333,47.0,6.0,25.0,40.24187217806167,19.910229030621803,8.014936568606085,4.869981709884506,37.79751489064232,39.621629646985184,43.98893073386023,48.96175224114639,54.63256406087377,61.4982469545889,68.3202844196245,68.46068492820902,67.06149819294794,61.59970082947018,44.272175260721305,46.38324263927532,54.31855302068836,58.00616719031424,54.83149568409519,41.99605480994854,31.30976597256688,21.196763920049623,15.267229980347963,9.606693525715906,8.821317179636322,-0.0580255693287803,-0.9983150972033183
2021-07-06 21:00:00,0.0,77.0,65.0,21.0,7.0,22.0,68.8762683364799,45.73937231013215,6.923199386233288,5.624094773271064,67.26128570445249,68.3787193372922,75.46438389148045,81.42359670638918,85.43598611907802,86.80916027465067,88.82661248913256,90.15142779940464,88.68008232663463,85.938539361304,82.32671573274752,80.72979312931096,79.70460635789998,84.5954883996944,86.84607009303478,84.65952098137818,81.89281954445532,77.53871292633677,77.18491123892905,78.5071417347877,78.07322901877065,-0.0751895764147585,-0.9971692572470178
2021-07-07 21:00:00,0.0,72.0,34.333333333333336,42.0,7.0,30.0,40.97385221443346,18.645929300142896,5.65376710322849,5.1030631913388325,37.96305944184674,40.04892438715441,44.764525007760895,50.08833769390707,56.68038520665027,62.656032118935975,66.13054973199296,60.10376253200283,39.13126320247889,18.02605788052519,14.874677762576912,18.89213469969308,24.6291491277843,29.12166978977171,36.77689558767069,47.8232753046893,57.87850897632858,68.78140909913955,70.95318346796327,70.82280100477118,66.03577697512193,-0.0923313336953912,-0.9957283388645872
2021-07-08 21:00:00,-3.0,66.0,76.0,33.0,3.0,12.0,52.248935377409744,31.102600199002183,5.156170237955718,5.109780996353865,48.31411986359881,52.73113218258904,58.54574547055965,61.57838297883996,59.8259122960508,67.0538095093598,83.43481289574454,96.74501929435222,98.7111212677226,96.77877084096038,92.20634572669756,97.37126092422332,99.68377370544594,99.79576873984573,99.81170837969398,99.39014080076788,97.77213637094523,94.64273030592642,91.59012990275842,87.9334267123301,90.71826875661505,-0.1094457686489155,-0.993992768446958
2021-07-09 21:00:00,-2.0,69.0,90.66666666666669,11.0,8.0,16.0,84.10762857656357,40.4222227283088,6.441727731163248,5.168007568448172,79.04653474890391,81.72630819872622,86.40128907724818,87.65901179084298,87.5922828344944,83.61853669676643,79.07134268988827,73.19524600358626,74.24638215277919,81.2278613077737,88.34495740037175,90.56897325636106,92.25640539360911,94.76693219833832,97.18175731061778,97.93794158149704,98.69671131152626,98.67079541284416,98.64526096945453,98.42932213119992,97.01789309224073,-0.1265278168386831,-0.9919630595773395
2021-07-10 21:00:00,2.0,74.0,22.0,42.0,4.0,35.0,46.14660406804828,16.542015168977024,5.542456186343191,6.649849280594468,48.29790973805888,51.11338683602384,56.69141870043472,62.776959736907,70.24138512305726,76.48363309007479,73.00190811781643,56.04095580791784,33.12405961350584,14.846040624560043,7.950729319559071,7.7495959768744225,9.922852709554638,15.651893520013102,19.00793824147513,20.116943321650176,21.1500023373713,22.08563271567248,24.73639132161068,28.493496135785108,28.183628519361285,-0.1435724234118113,-0.9896398128792412
2021-07-11 21:00:00,-1.0,80.0,37.333333333333336,39.0,5.0,24.0,42.21952961285212,22.98603704772024,8.165515633321855,5.6796894718260855,40.56097934923027,41.4856091594357,45.15799066659146,49.419793844714185,53.96780467993264,56.61794038336221,57.30756946995064,62.06292455409673,67.74027302742988,72.27944244962548,74.1874145691209,71.84971841497658,65.08118507533584,50.43624740492629,42.288489385404056,38.54623940627142,36.49158096543747,33.84561109005157,32.06089594283966,29.51611663584815,30.427620848718824,-0.1605745445949937,-0.9870237158387384
2021-07-13 21:00:00,1.0,77.0,60.333333333333336,26.0,6.0,18.0,46.60179661221788,20.16552572367198,5.817456300284807,5.88270968967823,48.242956218366885,52.53761949750443,57.97276082696865,64.17886630291191,67.42437223334528,67.98157701762551,74.31964251707117,79.93276034976039,72.71375308931334,46.71553643600458,15.631382372896862,8.132667719109548,4.909490751434198,5.793242445324666,5.891374804989121,5.729313086559136,10.817580729517047,17.684866566994923,34.37748462861251,56.202601275688046,76.243905182117,-0.1944312200476619,-0.9809161537413774
2021-07-14 21:00:00,-3.0,70.0,83.0,16.0,9.0,17.0,70.58262702474482,38.51643845129272,3.902842181637156,6.123960341528528,90.8557472228469,98.51720804767184,99.99016536942504,100.0,100.0,100.0,98.52985059410192,85.9820338925324,72.37183359126638,64.85731114490841,63.52376219615672,68.37385311191512,72.67259200401199,75.44039515090553,76.59189593427634,77.18870933438942,77.21105969143626,77.09597458035758,74.43748192299552,69.8489537152709,69.19168181777353,-0.2112757555821793,-0.9774264960104057
2021-07-15 21:00:00,-4.0,82.0,52.333333333333336,40.0,5.0,21.0,54.5285079824562,30.35482598082008,7.742377679107869,5.158531344992699,61.10828741561061,64.92000755883365,71.76503517116956,79.5175600654646,79.9886694723437,80.55013050665329,80.94107200773732,65.71077753535786,54.858387977095326,49.64228590217764,48.48220683329036,52.55079015869384,55.56001390108667,50.4460229242076,38.62383892718775,21.936510507129075,13.946995698108818,7.95273060231411,7.503590315164886,8.534938693329254,8.95227932936248,-0.2280577712215198,-0.9736476020539838
2021-07-16 21:00:00,1.0,79.0,70.66666666666667,30.0,8.0,26.0,58.06776774038548,39.97129683865705,6.23180134344607,5.687240915912367,79.08658955723267,80.58992516724996,70.62438338357036,71.42707291763656,76.83795578948535,80.31893118836157,79.61416860866012,76.9311470140331,75.05726064567632,75.29238439591765,77.47245091277392,78.10059658080304,77.68271518040743,72.05996595927166,63.43332753718981,51.55555490250581,46.09137809407191,44.179092915247175,57.901878428804096,81.19781959734503,89.72257316869664,-0.2447723008972595,-0.9695805901076308
2021-07-17 21:00:00,-4.0,80.0,64.0,50.0,3.0,27.0,43.77961106850662,23.54820540216871,7.279109747787802,5.593043975655671,42.05650287047813,44.78755402357381,49.768087014870986,55.483981452013566,62.45688344702759,70.22555589821326,79.78018584412249,85.55831077583194,92.16994200595828,85.96076159296537,57.71897398258776,38.046483035486574,24.31385336772679,22.40582009290952,18.80298179218278,13.515223110734794,10.994994479931568,8.847545163734992,10.013178956317969,12.203264133243035,11.95241932107284,-0.2614143985111562,-0.965226663665613
2021-07-18 21:00:00,-3.0,72.0,84.0,20.0,2.0,10.0,65.9474334617324,28.50463055515912,6.631965576525402,5.091572973134708,45.795829262119824,49.34121745774374,54.61693615827892,60.412351861155166,65.2951753656131,69.98647033506384,74.39569152517646,74.24518336765445,65.82365814267114,51.50528742139052,33.40987560646002,33.2281453130617,38.08544008138266,51.61791131464548,65.38105347735232,80.72896054508809,88.62589364368532,95.22447641304258,96.8935188051147,98.52438492673753,97.52629471693672,-0.2779791393987801,-0.9605871111248128
2021-07-19 21:00:00,-3.0,77.0,68.66666666666667,30.0,3.0,16.0,59.88201402804045,34.774533470867226,7.214533085527184,5.348796409929657,57.149694020869234,59.73413789710176,65.93572155008547,73.02253755193561,80.16018429895746,83.49711251834991,81.90564683736008,79.29038374723146,72.81852644527453,71.57341552561083,94.35860781251122,99.74958652971682,100.0,99.223383089628,88.7594275163006,68.04175789258035,51.14996085551026,32.99224119128985,25.27546189967901,19.28693781953711,16.265613216649154,-0.2944616217868012,-0.9556633054034704
2021-07-20 21:00:00,4.0,76.0,48.333333333333336,29.0,4.0,33.0,64.121281303613,39.47690549482255,7.6342759447517885,5.41140437412054,62.09720262177303,63.799063473758174,70.17621934884912,77.63170803533511,83.49336460669187,85.18716268965218,87.38080908194739,90.33806085484794,92.44436472559846,93.71406342150703,94.25910242191992,93.36528136614474,92.19168856182073,96.60633837511848,97.42045296846568,93.74649281916837,85.51669961384002,72.71030853803005,72.2538474009496,76.99020600873038,78.11926151405117,-0.3108569682435036,-0.9504567035349152
2021-07-21 21:00:00,2.0,66.0,85.33333333333333,16.0,5.0,2.0,80.99318848895413,36.49908628618544,5.781157869935514,5.83284281605888,98.03675024747952,98.99989396432872,95.67833581502902,92.6191486687464,90.03251898066064,88.86680224033078,87.07869491187121,87.43200267475197,89.5365248805028,92.00634485171688,92.87092342351686,94.00359216590228,94.89164956758064,97.1000572074032,97.092437108768,93.69199523887062,80.6054811590589,55.23911805336779,49.86979991601447,52.63180533516696,57.64256333282397,-0.3271603271220951,-0.9449688462364056
2021-07-22 21:00:00,0.0,66.0,62.66666666666666,44.0,8.0,34.0,62.89408489266924,21.151521519753548,6.542890941468592,5.055330470786585,71.98507721410714,76.09622020550069,78.31844590409933,73.33174322241898,72.64325825875304,68.88517640802166,69.75568373547048,78.76936395241204,86.78399047690758,89.86167865796288,86.20589385287207,93.02075929267882,97.6560488970518,88.19642833996717,66.2440662806176,35.62299133961828,21.58053591139184,10.618345762588914,9.296272277547589,9.960342037564846,18.195242941246185,-0.343366873996388,-0.939201357453208
2021-07-23 21:00:00,3.0,70.0,48.0,26.0,5.0,34.0,56.85324660594026,24.16584463477148,8.263523981134842,5.92389046495093,53.60732933613435,57.25714236694324,63.472986886201774,70.5683479623501,78.92223254384241,86.02736593711467,91.52745567847644,91.86406794141018,90.80276473428562,89.0088293641049,87.54186400834759,85.53720767161491,84.15370311443397,87.35781085225007,89.54403910030913,91.61089761067362,85.31309022297961,76.07237723927223,55.243679323801146,24.64470929823865,23.393098977161,-0.3594718130884232,-0.9331559438780432
2021-07-24 21:00:00,1.0,76.0,21.33333333333333,48.0,3.0,23.0,46.45053851874472,24.242233180094583,8.256499256577657,4.673708960675996,49.4301840161891,53.18310691610868,58.98384277435669,65.6459024701293,73.2083092416813,80.24097214183483,85.72511127682654,84.00479798420632,77.75511475239615,71.22557246026318,67.41909423236419,73.42167216650428,76.14896152374432,67.64147216381565,50.53622500042693,30.208297670355304,24.98105756806456,23.388778553856188,26.371791654490263,30.826218683637265,30.719651254697865,-0.3754703786876202,-0.9268343944460494
2021-07-25 21:00:00,-2.0,69.0,76.33333333333333,17.0,10.0,18.0,67.99815268764517,33.662534151997946,5.270005980237025,5.129240738788147,82.29952092395311,84.00283648818136,86.32215744305915,81.97599775943388,79.72097085905638,79.54455149262115,83.59203787870017,88.77213705052219,94.3308870726579,97.70255262196056,99.14509351994636,99.85317336305958,99.59286980513887,99.27324811288544,98.73062643891504,96.65676590900628,90.60319393001794,81.11195090164614,82.38898192400826,85.74058702732555,89.79113207275428,-0.3913578365610259,-0.9202385798054076
2021-07-26 21:00:00,-1.0,76.0,40.0,30.0,4.0,24.0,61.90298543869783,30.48451560620849,7.890680508288222,4.847599723648718,60.19163644878037,61.79317912664917,68.35661882470549,76.07232380106375,81.44368940717818,83.83998693159502,83.2606099259585,79.18828743797756,74.42521546115695,71.98884419503351,70.88072609297352,75.05330586288783,82.51346494841114,80.59416683526634,71.31243079199682,52.32943734158678,37.22961339105313,23.57888431869174,17.295927505187258,13.799591354240798,13.013697800351778,-0.4071294853542516,-0.9133704517637858
2021-07-27 21:00:00,1.0,73.0,47.333333333333336,45.0,7.0,30.0,47.7239173666059,25.08006558736649,7.887438894893386,5.910151612475929,47.35311601559002,49.61375841813978,54.98255821031061,61.54273544415375,68.99190622389683,76.81056648417359,84.64428361261082,87.18057998447394,88.72539399433012,87.4777290577102,72.86124821782148,71.83616208242198,74.658621156707,73.26496291773607,71.79854687100311,69.83942192304924,65.62468438922518,59.4325759410222,48.52598590258588,31.36395433914478,32.81904255848149,-0.4227806579826773,-0.9062320427107696
2021-07-28 21:00:00,2.0,70.0,14.333333333333334,67.0,6.0,32.0,39.13910144884664,14.666738177456104,6.426371301987491,5.745311203044965,44.62213394159109,47.79598933530383,53.207769785306425,59.48296001341846,66.79185030537424,74.63437987727283,75.8375408278287,79.00786528963772,82.19332179008187,76.64645031826925,52.72045493037034,32.16331146711165,18.197379853972983,15.344526603608973,13.716145809041832,13.099577257128352,13.68325564139646,14.83467999615264,14.565040112105365,13.620084531106505,11.04719838386082,-0.4383067230125192,-0.898825465016444
2021-07-29 21:00:00,2.0,73.0,44.333333333333336,61.0,6.0,20.0,41.131009557887616,23.03862791760076,8.382234376752615,4.770571097841507,39.18261525420676,40.81965268998079,45.15603264871823,50.42717353726549,56.123957034007,62.56011943112962,70.01541149831944,77.67978375704875,82.7935899055871,84.69018623719992,88.39404568541902,94.09710416934156,99.30375785747474,95.97685132200772,77.74280938060878,47.10961485560111,35.44613524945219,30.812277246834885,39.8714796049668,56.33820258246006,54.74525893351814,-0.4537030860313442,-0.8911529104063088
2021-07-30 21:00:00,-1.0,63.0,80.33333333333333,20.0,6.0,31.0,80.77268735476473,30.86815587283294,6.01088621488918,6.117116186629421,88.88929284387346,88.00567376187132,93.97114216805984,87.72183361813214,77.12807721898682,73.2049198285948,73.60741774609858,76.27267310076991,80.11591341166826,83.61162209470197,88.74983463491351,92.83868583395588,95.36046300280518,95.99868933496488,95.20165244075316,93.19173411496917,89.29522151063516,82.39669715596449,77.1336863471587,71.4494404597264,66.49582098150695,-0.4689651910076318,-0.8832166493127127
2021-07-31 21:00:00,0.0,69.0,35.0,41.0,10.0,28.0,48.91231522715638,22.52327306828336,7.185957614153159,6.298134110393539,61.54408899229556,63.42969453116884,69.69225492847069,77.42880775010994,82.30268170095242,84.1296312115626,84.53409959264323,85.47889824938105,88.44113461609294,95.65599870443069,100.0,93.49974310113522,82.01987321766516,74.07865913014243,70.42006107378273,74.31731666841198,75.03414088515436,72.3174376189002,52.637844590229854,20.756695797957043,14.04907565234512,-0.4840885216389758,-0.8750190302029955
2021-08-01 21:00:00,-1.0,73.0,36.333333333333336,53.0,6.0,24.0,44.31946253441641,25.286962234540763,7.621884481713016,4.902171254446975,53.8752412368993,56.51781409819825,62.07737443185016,66.68976070891142,71.23318483366799,73.56547723984656,77.34789062223906,82.42732522033303,86.88063427613089,91.48729244015053,96.19111569128916,98.63261695417636,97.54583969479135,88.4124257722792,78.85259893602904,70.50787684924997,66.3891619622497,62.28900937149652,59.69950039028059,56.104884676461474,48.6707077740996,-0.4990686026885319,-0.8665624788845385
2021-08-02 21:00:00,-2.0,63.0,76.66666666666667,21.0,4.0,30.0,75.13039357925139,27.98958725763856,5.90828499651465,6.000646032048273,82.62717605188728,86.34205082701423,91.11950180529428,87.35339498533466,86.96722102293765,91.7625838461342,94.18658154332572,95.23539947214122,96.75127989173288,96.98137209652003,95.8907322449627,95.95819035610658,97.86778024484563,99.36163670339408,99.50092792423712,98.65089243972422,94.4117302453854,84.75284266648502,81.26470376357753,78.47907215993082,76.84987678139342,-0.5139010013093103,-0.8578494977869301
2021-08-03 21:00:00,-2.0,77.0,13.333333333333334,50.0,10.0,23.0,43.319098678448334,23.938662568701293,7.030659830175759,6.110895906759405,45.11552457545716,47.53562291026739,52.59396808588912,58.61997890330724,65.39317120657012,73.40035033706171,80.32128978188945,81.80394905783484,75.40165273162592,63.94936268412318,51.83476931333348,46.93856670676605,44.67215644948862,44.71199876122644,45.27156910937624,46.08393712346637,45.19666748506164,42.62030818339982,38.41821377047568,32.312973187976304,27.53937323825957,-0.5285813283559292,-0.8488826652214553
2021-08-04 21:00:00,-2.0,77.0,64.66666666666667,35.0,4.0,25.0,53.83064226424435,27.735200279705047,7.624363403461093,5.03283816229944,50.71972619924625,55.93755752110745,62.18284404681545,69.26805879247507,76.90735733729595,82.57929472517117,90.34431494487971,94.02302180537076,93.2625570661565,92.16537312863927,92.19417696167078,86.93250885083148,71.63700107261072,43.6336412369612,25.13290338416805,10.32719691069454,6.957993276559106,5.755506079531574,6.622768799948542,7.947150430371194,8.10380686139594,-0.5431052396834317,-0.8396646346181327
2021-08-05 21:00:00,-1.0,68.0,82.66666666666667,8.0,6.0,15.0,81.13817843415875,37.74460278921187,5.290441467949976,5.739135067023388,77.70298276317654,84.98582291103689,94.3972206098488,96.65759560193656,95.6118568048798,88.45311028906612,86.99176607509722,85.12993016612477,85.33401754347166,86.07976382042746,86.7593959760106,85.61350329909301,84.64366485643905,84.40527934137069,83.79789680747056,82.05190095796839,77.42851072048154,70.68011321445182,66.318846387138,60.146389413330326,40.57536198083645,-0.5574684374327892,-0.8301981337405212
2021-08-06 21:00:00,-2.0,81.0,19.0,33.0,6.0,23.0,52.50833622360448,25.945297782739537,7.617972408910528,5.946289282542218,46.70923615909077,49.57237144322802,54.745913897467645,60.59133802282511,66.69919745758313,68.91383071751595,69.58449615278988,69.99891897752728,70.09828363513844,66.21849157955396,52.243439271314415,37.109714282734615,22.456602911966325,13.91046521956454,9.9846389321364,10.145711616790846,11.57589061141283,13.627706977724255,15.394727171383025,17.324172185682954,17.366641999048287,-0.5716666713027052,-0.8204859638785327
2021-08-07 21:00:00,-4.0,81.0,57.66666666666666,34.0,7.0,22.0,52.50833622360448,27.974832621021363,8.539328912780025,4.96412114408705,37.0221393773267,38.87329883446983,42.88112787728748,47.70041202504828,53.14075289119408,59.23503402282012,64.60310037679746,69.40325809139884,74.8362990607886,80.80732277795968,84.47049194749304,77.20046690565705,62.79663284729641,43.44913015304228,31.325361386323543,27.69402852091172,25.40201451573475,23.18392156159237,24.26353202104829,26.23551793604756,41.25926432086901,-0.5856957398073508,-0.8105309990194823
2021-08-08 21:00:00,3.0,76.0,44.66666666666666,30.0,5.0,4.0,55.64738458327223,29.44125569240103,6.1272453390573824,5.797993238721491,55.27701221258593,60.6542112388754,67.47522053510933,74.67341131831621,79.68050206170962,85.98914984834319,93.67755917877824,99.20712638921162,99.47644237345,98.55544675670396,93.6185688542012,75.60132059448448,56.55182884516798,37.69600419181812,27.22985272684958,21.059940979569785,19.07222404387985,17.59117660635453,18.50655867126065,19.56390963121128,14.24879827757492,-0.5995514915196489,-0.8003361849976323
2021-08-09 21:00:00,1.0,76.0,62.333333333333336,33.0,7.0,18.0,59.7524116708861,38.14255907149556,5.953278281563626,5.449291641270443,62.23220895327114,68.80889243388376,76.83739789942831,84.60223244149189,89.59457532151237,94.21458472185934,94.05946644142416,86.75674443787459,81.83601972631833,79.40159194750333,79.31742245712634,80.24512554611925,81.94364848252803,84.00141110822503,86.33617935804654,89.40960979455929,85.45226903098327,79.47650946076486,66.8854593997259,51.58399164941948,47.73935418213345,-0.6132298262997502,-0.7899045386224707
2021-08-10 21:00:00,-3.0,82.0,19.666666666666668,37.0,6.0,19.0,54.5285079824562,35.78964472707342,6.3772280858451085,5.317875154709665,59.01649577226063,64.06155939545151,71.04619675845987,78.48598496555303,78.52559524157638,67.62220515851281,58.7526820223429,57.109482228334144,57.96692984075568,60.45080594364439,64.01548256929684,67.26692678598944,70.15502252979915,71.621089744512,71.97584049894978,70.99591654647048,74.03621853524318,77.36999851002835,72.3308757404182,64.13332104359345,54.43976134432218,-0.6267266965083301,-0.7792391467859886
2021-08-11 21:00:00,0.0,77.0,71.66666666666667,19.0,7.0,17.0,73.8025121880607,48.53973738193245,4.829725022647579,5.629792454214982,87.55710086717887,93.41330792668391,99.28644711792978,99.22053429815377,92.88212812711976,87.59040250696502,90.86483037336232,94.89809918568966,96.25560055686108,94.99141507293184,91.08273576440928,88.0834043873124,85.73783198081028,84.96695197399399,84.81574466428357,85.57275478559991,85.42279384407996,83.87742724434808,79.52973595803495,71.62015720055007,68.02225153244034,-0.6400381082043503,-0.7683431655492202
2021-08-12 21:00:00,-1.0,87.0,39.0,29.0,7.0,20.0,61.148818358975134,46.97930932322925,7.029268905303441,5.715263610033206,64.99213712258324,67.24931043742282,74.55592361257818,81.93633373809799,86.79873004082151,87.45671237999045,88.6520432201413,82.97575090984274,70.65910044127165,56.51194680567952,57.733797867119485,60.45894960755034,64.35257443870627,67.54630068456048,67.99957782263796,63.04679470271335,54.56242050945441,42.59465045461307,31.30857715176799,18.893393895363168,20.12438975059311,-0.65316012232693,-0.7572198192083127
2021-08-13 21:00:00,1.0,88.0,13.333333333333334,44.0,4.0,23.0,48.23456982046533,30.90686989633744,7.916190430174559,5.667696554069518,31.530746184418764,33.25904207993581,36.85324765136708,40.93750179617117,45.95191532028148,51.7467335296405,56.64387502121371,54.55599814761415,51.19795373469509,49.42976210597314,54.52708431111718,56.485399743971,57.1230431549951,55.63716154403794,53.161351016334514,49.19242489133512,42.53106612516296,33.32894000886205,28.533619571703184,23.725164950461984,25.088239298099968,-0.666088855860977,-0.7458723993404063
2021-08-14 21:00:00,0.0,78.0,50.333333333333336,19.0,7.0,27.0,68.98371246394646,44.38454599477529,8.104913303993168,5.445349345298615,49.71150665829073,51.685562628864176,57.22734569262445,63.39948672496071,70.3288379203254,78.50195547824556,87.44031467208208,89.49695336313648,91.07781326756157,94.8369401525492,93.12531771145257,86.33853073716804,78.13950010263213,83.53268921409371,83.38862575693298,76.24114833858403,63.08845124238184,47.06076227035568,47.49597928833618,53.0245074147888,66.21163069739623,-0.6788204829862355,-0.734304263829602
2021-08-15 21:00:00,4.0,74.0,4.666666666666667,54.0,7.0,32.0,42.85466916669138,14.488647724518628,5.331308268152316,5.577303987200263,42.20921058528297,46.06240993872309,51.38113179984496,57.69011350036607,64.3001132381331,71.02797000272162,73.50360429302593,69.54621622117837,40.243704822257534,17.378462422140753,7.285889557015474,7.398197276562015,8.542738701179292,10.736169589001673,13.002118631868203,15.51796116031349,14.320406191393712,11.939958519151867,12.768472146383113,14.3455516388162,21.89613242006757,-0.6913512362094071,-0.722518835873311
2021-08-16 21:00:00,1.0,77.0,2.0,46.0,3.0,24.0,40.24187217806167,23.14799825263329,6.790311444682225,5.828613639830285,35.972432965603964,39.30557151344933,43.83445950749297,49.1473868128563,54.37509427590298,58.384981213626496,62.162743139055934,59.25552104413697,57.342360537029066,57.50937066149051,59.62321362341009,58.40630331491642,56.00338020178308,52.68713868412692,49.23888265712832,45.211205807930014,41.37415053760529,36.49118557491905,33.03446933158438,28.77238398025211,28.18051773333659,-0.7036774074790128,-0.7105196029692745
2021-08-17 21:00:00,-1.0,83.0,13.333333333333334,46.0,5.0,22.0,42.67980812077554,20.233574982171376,7.46680816985991,5.257214937001506,25.4936858857308,27.683028267108472,30.778677576684384,34.19615101079097,37.723027535962935,40.463217981069775,43.01898860436255,41.95075442029717,42.72706583535189,43.2177943174483,42.44534931156353,44.16569695858215,46.030842474887,48.17838168799032,44.90052457971511,37.98966759570731,30.54426120074296,21.439790210224423,16.75745732008867,11.661856022800984,9.197891974784486,-0.7157953492826642,-0.6983101158835584
2021-08-18 21:00:00,-3.0,75.0,79.33333333333333,18.0,5.0,21.0,73.61393026416867,46.62912955364799,6.017928260504417,5.465461370904235,75.9069609679853,80.8514863398761,85.02802012676845,90.49714673063885,96.7115339601161,98.53833616856268,99.1683180003421,99.48950683385584,98.83811989791478,97.50684103030288,91.9829152057042,89.81389911603117,88.95916748408285,91.5705886400936,92.62174859857086,93.28443342695412,93.17576756141374,92.41142779855484,94.28866597172684,96.4058155252723,98.13390278650668,-0.7277014757264236,-0.6858939875998223
2021-08-19 21:00:00,-1.0,82.0,45.0,23.0,5.0,22.0,58.4629559303616,29.78511693420825,8.00107472867002,4.514338369874187,44.09669464845062,46.24849431514527,51.48389231914614,57.50186559417043,63.920073329674224,70.85947564286444,76.20506920106929,75.07323106746276,72.42200208728462,71.62611299566878,74.89622509407337,67.50636310471133,50.58569643997851,21.62312057697952,6.479322820719623,2.3015270732103352,3.1466291128234687,7.036560614487221,9.152558720214762,11.056151288299729,12.406150053365389,-0.7393922635959241,-0.673274892250183
2021-08-20 21:00:00,0.0,83.0,42.66666666666666,35.0,4.0,35.0,56.60018976956015,35.38473222684695,6.958295994478309,5.231522152281756,48.11512670024616,49.84206219189621,55.38074332368828,61.84624815834989,68.77412853368668,76.88336724253915,79.27750976184585,80.31548907743368,81.80476739063343,84.24593447410935,76.39561063407689,60.21738041268375,40.786330409068384,35.155789236596,30.94669060344404,29.33075436665045,27.249277941384342,24.169156622969407,20.27820300211222,15.127259916192804,16.3806983260116,-0.7508642533989489,-0.6604565640279754
2021-08-21 21:00:00,0.0,76.0,53.333333333333336,23.0,4.0,11.0,61.90298543869783,33.06485723619295,4.605488727772108,5.832266848206687,62.4923776213998,67.69684842889446,75.23615954486154,83.20547388460466,90.168201917481,93.42884794844342,95.4978622340662,93.76661283443948,81.1816365431637,64.82251857116664,48.06483694018006,34.37377714689474,26.58717800194548,34.62374740984389,40.99371185918207,46.21077343457806,47.52361817008085,46.501490659840265,45.22424713213394,42.91270129258642,39.24350959204848,-0.7621140503891487,-0.6474427960827475
2021-08-22 21:00:00,0.0,77.0,60.0,20.0,6.0,15.0,62.027888304697775,42.10531674314289,4.423959644393233,5.567541346568554,85.75151080061349,93.33475781290602,99.21027686120485,99.84078129151408,99.7166615308178,99.60323359652271,95.48752886599448,92.83576842860352,90.40882219066464,87.95172671810823,83.83090489555491,79.84618820237004,75.05898263913309,68.03503930140134,61.864198204236686,54.96097021442685,50.74626493814848,46.11279948382249,47.72957167533134,50.52314126659143,57.30600163149842,-0.7731383255706026,-0.6342374393978054
2021-08-23 21:00:00,-2.0,74.0,80.66666666666667,13.0,5.0,12.0,76.11944014009853,39.22674499821135,5.5831239707963976,5.05500705727834,73.37570139327359,77.63501727529733,85.83145906043075,92.34240357774154,95.9936781181326,98.46560499535704,94.14332291878092,86.5266301860612,79.2509678595889,73.52347485079419,71.00453724860705,64.65031494731316,55.74992532703956,46.57863744845972,42.34853348800549,43.80227110270268,47.85042561148159,53.389669044334376,47.98567340610122,37.55457054630473,38.43536241521598,-0.7839338166829201,-0.620844401650647
2021-08-24 21:00:00,-2.0,81.0,40.66666666666666,19.0,5.0,27.0,64.7147091997061,40.8242094763681,7.320694729232986,5.458293940618197,62.98278176365859,62.37110483537217,66.79077380981177,73.82302630826979,81.86108163227296,90.1368566632942,96.50464134506242,99.075064598941,100.0,100.0,100.0,91.16880227397084,75.11786738869728,62.39476487535781,46.60619547764577,28.713811029380125,17.414531312915635,7.927503891646586,6.629084879269019,9.726487628962335,11.22305180577503,-0.7944973291665992,-0.6072676460566135
2021-08-25 21:00:00,-1.0,84.0,19.33333333333333,36.0,3.0,25.0,47.64740529610031,29.255634408321644,8.499265251144797,4.275307947184374,42.21374233637636,44.67697588053535,49.21833423857951,54.27565738621208,60.030197732063975,66.03156696877961,66.3749729268096,67.5321802627144,69.56343803310423,71.00715393121854,71.28631812348819,66.30032416580183,58.16456435882811,45.42816817961054,28.93504967464948,10.890463684893666,4.47888890439223,1.620792897649968,4.1610134690037945,8.766225245104135,13.97965959266724,-0.8048257371083452,-0.593511190196115
2021-08-26 21:00:00,-2.0,85.0,38.333333333333336,16.0,7.0,23.0,56.86770356640353,36.98636606180997,8.067475734616336,5.815230521615978,45.07683138232831,46.53665325363284,50.47657600297626,53.6171955310169,56.23676181539983,63.23684572402046,70.68802580165237,77.82758326372804,82.08255051579518,83.49586503805409,81.65662062433321,79.55431848046295,76.31424699418466,72.47858541086735,65.41153173949178,54.193028001875945,41.35267192525486,25.54885988247125,16.039608851054602,7.39177367861484,7.129475202633037,-0.8149159841660791,-0.5795791048257612
2021-08-27 21:00:00,-1.0,71.0,30.0,49.0,11.0,34.0,44.0094408849523,16.844545586275665,5.742073722496433,5.669755881101072,50.84637635025261,55.39661099491671,62.07590011365469,69.35873796939609,76.46904405702647,80.77552795110543,87.33124408860598,93.59297198589334,82.2804699277548,61.979563131728575,39.22132016103062,29.350786784485937,21.45198385385748,16.191232321272135,12.151970282565348,8.326993558341208,6.90623552457514,5.696033674486842,5.996761097677671,6.396822629236349,6.482812868102347,-0.8247650844733614,-0.5654755126737576
2021-08-28 21:00:00,4.0,70.0,54.0,32.0,3.0,36.0,42.22934726093345,10.063283350681225,4.74951550532481,6.584992172837475,37.08503362042948,41.28010349543722,46.0473049091584,51.45183778614676,55.37549380911875,54.5153238234368,43.14788208348457,16.441315499269276,14.750600436376304,13.57003884936204,12.496151574125362,11.575540007147822,10.641970694241463,9.529703331002704,8.8559063684613,8.100892998961072,7.829698642187921,7.46456788718244,7.914392098808815,8.35790936333989,8.764562496605546,-0.8343701235229537,-0.5512045872199277
2021-08-29 21:00:00,0.0,65.0,72.66666666666667,18.0,6.0,18.0,62.76833126674746,31.176636868984723,4.414727723183479,5.152463442908352,57.89658710028074,59.471190232358985,60.30087846542103,58.13842197671181,57.14613763220646,68.81613088073773,87.86161723917742,97.9945874788665,99.72480207025065,99.34549703521418,98.85488636684906,97.83832890356798,96.773434220591,98.13414955682418,92.6282120186526,83.12861950585908,69.5573326285231,53.03974011039034,37.07412889475013,17.891655174273616,12.24983267212408,-0.8437282590292712,-0.5367705514607103
2021-08-30 21:00:00,1.0,76.0,78.33333333333333,12.0,8.0,20.0,73.70845748055447,44.2965242109628,6.62167473191903,5.533555325915192,76.7075562694053,77.10618544857262,83.05086870494345,88.55548884820237,88.95583421707201,85.56869461541164,82.43911861933931,80.97282816992251,80.8399498747437,81.11541132113126,82.47904562685449,83.9121379391244,84.995133138241,84.98758665110809,85.4191676218495,87.50194998911958,90.03219352927943,94.57777623554456,95.99404007518945,94.73726530146604,85.13033396165238,-0.8528367217694595,-0.522177676659508
2021-08-31 21:00:00,0.0,77.0,25.0,43.0,8.0,27.0,48.32381008232468,23.48830869797453,7.446174438215406,5.286441328970999,48.38322166157855,48.95028132991243,53.485660810058455,59.03062011044562,65.88690333432066,73.0181386152444,76.42812499160995,76.82417237706817,76.97848123910599,77.43719405269032,73.8466780004514,65.59193947847272,54.267321112790576,41.86912283487523,30.18967072304341,20.159378822752466,13.71001538368776,10.063681011604473,8.850727336631396,9.02280141034026,8.045251989460025,-0.8616928164028521,-0.5074302810827518
2021-09-01 21:00:00,0.0,71.0,38.66666666666666,34.0,6.0,31.0,47.42102825645858,14.153778196251752,7.579347418144755,4.429038135685989,31.139656340517725,32.10428865028958,35.59329573214438,39.719663953614734,44.20398091598064,49.27064652431293,53.86979564632415,57.84327717968877,61.20669469544706,62.232478501719015,52.82031618974104,38.40913266494654,23.01669956661399,13.636148710052945,8.236131259902054,7.791602818347743,7.661708513411498,7.640989075609552,6.453422650377692,4.409391481911649,4.111054101170328,-0.8702939222685674,-0.4925327287220543
2021-09-02 21:00:00,-2.0,60.0,84.0,13.0,8.0,1.0,77.65354848481704,24.54522193185128,5.519248971307952,3.6553680168898,75.88510705248835,78.17550409824642,82.41046975573282,74.21540588059294,67.14691287316914,70.85775456628637,77.452655248016,85.59606256964928,93.02324847239856,98.10762432067844,96.00648483930054,97.2807990088426,99.25224798028512,99.57352577365124,98.18622949921529,97.0374964667358,97.55702271321562,97.8937029851488,75.34338741149284,45.80632322793214,24.507085986459337,-0.8786374941610001,-0.4774894280028391
2021-09-03 21:00:00,-2.0,56.0,79.33333333333333,18.0,9.0,32.0,69.06746034851456,20.70851861721892,4.933408630262797,4.601108208205362,76.94627185714393,79.2242160642128,87.14020541466746,94.47591551892054,98.93244352238504,99.37230756569129,99.55578966385696,99.34972235584236,99.2538083052696,99.18783033571478,98.310225036579,93.69811716619178,87.41694439953794,80.0721329811761,75.02699187130777,72.52809978387143,69.66910405535897,66.153454306386,66.43282365078288,67.71851324263571,68.4819675132247,-0.886721063082993,-0.4623048304798108
2021-09-04 21:00:00,-2.0,63.0,39.66666666666666,50.0,9.0,34.0,49.8705481833715,18.76924038262821,4.758116113877282,4.880864478196681,62.71688345238117,65.97085288753874,73.46170437152799,82.60252574068659,92.06103090252412,94.01726775891365,94.8058304588365,88.3470469339905,83.40275967693877,77.66791186074632,66.63037189142922,57.06544703826033,49.44335637855093,45.55394906561842,41.336699411777936,35.90173883796765,28.65187156281065,19.66973620099074,12.837927076506944,5.896007598733861,6.472381671502498,-0.8945422369764496,-0.4469834295196741
2021-09-05 21:00:00,-2.0,66.0,67.0,18.0,5.0,15.0,54.2407488671668,21.383333213160764,5.8948246181075294,4.718576548652989,56.90763460255257,59.64742401109196,65.9439211931628,72.7091063252477,76.98900076379812,64.34302778577336,51.93931938744716,43.38193598158065,39.2690468491207,37.39193091186824,36.14351406310533,38.31582944914255,44.76990674528028,62.48914524055444,78.63187949821544,91.6672704752663,96.94813471819027,99.55719844841248,98.74866679003364,98.7493906900884,91.1946357828114,-0.9020987014301836,-0.4315297589714714
2021-09-06 21:00:00,0.0,70.0,57.0,22.0,5.0,20.0,68.10974812297766,24.245158778164384,7.544770292574794,5.681894494317736,71.36985351002552,71.66002861116148,79.19889022226587,81.27564878240985,80.60952420468264,80.5758300618641,78.92143423631475,75.28896553607728,67.58567362607606,47.28205493250115,43.66250992385257,44.674514717929455,50.53315040841265,48.853759477181605,42.42829224968189,26.97789058709428,14.376095201730523,4.746565871120908,3.014839418135592,7.455458275348711,10.217379720470335,-0.9093882203647924,-0.4159483918249421
2021-09-07 21:00:00,-1.0,69.0,32.666666666666664,41.0,7.0,28.0,54.66844296879655,19.45448399417038,6.289755051384255,5.459424711972909,57.89108362953833,59.38619676223244,65.71572381891185,72.99688310642122,81.4771781121846,86.88276766401562,87.75347211040085,81.73735934303735,79.27971869550693,80.87175676057784,69.81101129575737,47.59884168406304,27.249341351808432,25.890304153245243,24.63764037510287,22.85329695374169,20.13237215913552,16.330849848722924,13.653025049930328,10.800687364333983,12.080892463843297,-0.9164086366943458,-0.4002439388573056
2021-09-08 21:00:00,0.0,75.0,17.666666666666668,33.0,11.0,18.0,55.50914990713619,28.998444954163546,6.346122678278941,5.400872048603225,58.894526812619496,60.95561872216195,66.69609479166358,73.29281464001618,78.4437812732599,77.06360486948512,74.42551833460885,73.38516728056227,72.45353877938372,71.25531101138671,69.42118382934949,67.00853390588148,62.60995081175066,53.95994982556493,45.43639701248922,37.78136154277549,32.197504398691215,27.58991165778557,30.206838989959987,36.37831846838832,40.364753926605786,-0.923157872964704,-0.3844210472688554
2021-09-09 21:00:00,1.0,69.0,87.66666666666667,13.0,6.0,19.0,81.21007848481806,39.527266177218536,5.442263840885103,5.999836981096927,92.32421431479382,93.31482799910926,96.89977037858212,95.3014743567003,90.02276621512304,80.51796237442939,77.14308602252393,89.4777003342921,99.87413349988188,100.0,96.94232757678294,95.69199971503568,95.26404553461472,94.38977268733532,91.07964697299366,85.91429931419017,82.76608484741126,81.22431733333443,79.30035135598096,75.35828752507194,76.65219677500161,-0.9296339319682696,-0.3684843993077793
2021-09-10 21:00:00,-3.0,66.0,60.66666666666666,25.0,8.0,32.0,67.66016472401645,23.55877387707448,6.528053194894225,6.320551526835921,69.65715113232682,70.57584673595781,77.60442667796936,85.03142308755237,88.74976391532103,83.83481865520857,81.29764973529834,82.3774704562887,83.4483265386491,84.1712217683642,85.42411099017913,82.15213805031891,75.27929219368991,67.1511102605452,62.57991988749646,66.95538835710923,71.35269183950042,75.48125739403748,63.45589605302238,36.41791756270793,21.43448151487315,-0.935834897334994,-0.3524387108846032
2021-09-11 21:00:00,1.0,68.0,16.0,28.0,7.0,25.0,48.76137121429922,18.013613029512413,5.311437808317787,6.261843066938626,56.67419798973364,57.92929930282797,62.493434441902586,68.53966904532084,75.73220670882154,82.38679238372653,87.61636979107672,85.89234862234014,66.41284797899645,41.85518183613943,21.25283029617959,15.92134884684492,16.305824084043486,26.75008632166377,39.1635856748748,54.312201195080966,58.98375556540712,60.32178526126181,57.599081220040574,51.9743277353429,46.63769411844307,-0.9417589340994617,-0.3362887301766828
2021-09-12 21:00:00,-2.0,69.0,54.66666666666666,19.0,11.0,24.0,67.99815268764517,20.597900197292244,6.32833146932557,5.491371963412886,74.39001147565486,74.50017649104652,72.86349146579303,70.43391929323643,71.09756860298589,74.28965258490773,75.38672464922733,69.31942061785259,57.4554254701586,43.88419885856784,31.94463143113136,21.3520912201724,11.85750587313085,11.942103789607176,13.67043399844034,17.902025056242866,18.663607620346543,16.722650380130577,12.849032738949523,7.194825402026087,5.042065049177782,-0.9474042892438844,-0.3200392362231385
2021-09-13 21:00:00,0.0,65.0,36.66666666666666,31.0,8.0,30.0,52.10193060180119,15.865346342020189,4.433932707650845,5.424980614585748,64.32172272158186,66.57753564795065,72.4878910231236,78.1635363099962,81.91149269095939,85.996803587405,94.2799310123309,98.47918435208358,85.9107611562611,60.83573966028199,33.571738896487695,21.86124496862293,15.895470594007548,18.38673149898652,19.431268207730703,18.68355153628957,18.19645883660404,17.448905005731614,16.815381541644893,15.746281649327717,12.023132469521638,-0.9527692922168512,-0.3036950375106588
2021-09-14 21:00:00,0.0,61.0,26.33333333333333,26.0,3.0,1.0,49.566968220769056,9.832368583732286,3.6358468274137263,5.317480105342864,55.640215564789685,60.43040584953347,67.39993223594563,75.63611984336109,82.15106505461328,80.61168931923002,61.57536338302636,32.54775043657669,16.261678161279885,7.201809754004916,3.261317344129288,3.180991577640252,3.7070074461901767,5.2258070600399655,8.067220275369728,11.972948411262315,14.95246948714522,18.2253633032843,18.35379063353265,17.655596229201244,14.074380941384735,-0.9578523554276668,-0.2872609705505963
2021-09-15 21:00:00,1.0,67.0,88.0,6.0,8.0,20.0,83.98355840648121,35.957817514520336,4.931186048735718,5.6020179721116055,97.10128406783122,96.79388827231622,89.57703645053498,78.75645670266309,72.41452743643677,73.65097165087776,76.71088735103638,79.46799014242053,81.77195122030722,82.80187380662485,82.04704674765125,81.92403420084733,82.31029685221687,85.47008348047133,87.33442249155715,88.32841930604228,89.51802085198149,90.58927801625444,91.22679536076431,90.07434457978675,84.79275888489059,-0.9626519747161488,-0.2707418984477642
2021-09-16 21:00:00,2.0,70.0,15.666666666666666,20.0,2.0,36.0,50.916423485910975,12.32604931474814,5.006968365177409,6.237028972628567,58.81304349774024,64.3852368958307,71.82505018267109,79.09551314855113,82.42646910012073,70.1949843232265,47.05880977099108,31.794981440195112,24.529094492434936,16.6079472270032,8.668301920301722,4.206817584864602,1.5948818728364391,0.959638780530674,1.4378137973070206,2.362989544868563,2.6539774550240605,2.892622582991764,3.158602643657802,3.536276104667298,4.652548378632635,-0.9671667297977312,-0.2541427094613622
2021-09-17 21:00:00,5.0,71.0,30.33333333333333,17.0,6.0,18.0,68.22081474275457,25.7838143831674,4.984371261973122,6.0197698249388205,78.32942824803636,85.41525268821692,92.94187148372018,94.4413304601632,95.81503451384997,98.32376972616532,94.5536112831814,72.42158337610101,65.71995614342873,61.932547020601234,59.16304668312329,46.70266388596964,31.371663501413344,13.700326616679972,7.302336501407098,4.901382680413706,9.69603411347484,16.909458645199358,21.595948556548112,26.70886236428592,25.21609723158065,-0.97139528468375,-0.2374683155584684
2021-09-19 21:00:00,-1.0,64.0,4.666666666666667,28.0,8.0,35.0,46.34538974472218,13.10873478294804,3.540154019629659,5.50082255727198,61.78254502399204,62.80308933612741,68.44520962974538,76.36218559330989,85.84325014822802,95.58794464566871,90.03355533659989,43.19539711654789,18.82971383957097,9.31498180694213,9.413173326861726,12.36228219793215,16.07337537326514,20.86628794243198,24.34661548081841,27.22189269233394,28.03990906754044,28.08868487352404,29.71140850147207,31.33991793069437,32.690211737876375,-0.978988873740932,-0.2039136706831147
2021-09-20 21:00:00,0.0,67.0,2.6666666666666665,18.0,3.0,18.0,45.06790834439233,16.330480934414588,3.802810497609724,5.851465074045428,54.82389528338862,60.3686684022197,64.81273074245357,61.44765961859141,39.61695967764924,28.35026345772117,32.45496571764976,34.7448305676088,38.27552735254701,39.04670042552088,38.14551560657783,35.24694166225555,33.64465242864683,33.24386189545973,33.37975684559104,33.594346449794834,34.69141840518325,35.69765895098942,36.1003856006192,36.28641627909375,36.82673203431295,-0.9823516608469236,-0.1870433490699165
2021-09-21 21:00:00,-1.0,70.0,13.333333333333334,18.0,9.0,19.0,49.06274959008728,16.65229399299804,4.175512457868099,5.808840879715831,55.819855227058405,60.00998882539938,64.66451182320327,59.69161712001701,33.57210025963871,13.364693261765495,13.370355515421018,20.714366185862566,28.87658695632991,34.39072865508851,38.25931734648481,39.26235643571052,38.56346201576315,36.07758265097765,34.197492571177534,32.2787857957703,30.36622767077058,27.59943910125308,23.142302416367706,17.445670800255204,11.571849025296222,-0.9854237542919524,-0.1701176783204905
2021-09-22 21:00:00,-2.0,69.0,76.33333333333333,16.0,8.0,19.0,70.47782542093019,25.33682806424205,4.746252927453462,5.65619565758236,69.15828143055248,73.77421798772095,80.89698457129384,88.1502525466632,91.23523518978264,90.494175328447,93.41837685086456,92.66581568579474,82.82988861844188,68.47643028139852,50.94541148167896,34.919825502796726,21.540565898867666,12.404347662641175,8.043241569683994,5.85603280762778,7.717988369665317,11.00641667709736,12.862915410619776,14.615152049030922,11.081408105525966,-0.9882042449941422,-0.15314166701312
2021-09-23 21:00:00,2.0,73.0,64.33333333333333,18.0,5.0,19.0,63.75884189409329,22.579479162323576,5.729667069513853,5.125677548203204,62.51403239578587,68.23230653232729,75.43433754498335,83.21332542862608,89.04838667830101,89.5761224928525,94.53507583981084,78.01619210899075,59.07844492539069,41.08695153503806,24.73975631933445,14.779615519911856,8.397350004782917,7.433942942629236,6.651140061635351,5.952038325435746,4.822102375942085,3.497987891394859,3.968582107098922,4.71792942270952,5.036394725907691,-0.9906923101615608,-0.136120338622667
2021-09-24 21:00:00,-1.0,70.0,71.0,14.0,11.0,15.0,73.13410574677563,29.38452181115361,5.667614017930586,5.623057627193023,79.1016908945785,84.14794556133825,89.75937048537013,92.11634310589446,89.75092698005002,74.60795718571475,57.12750962429594,60.5465179321964,65.83958225266512,69.55006913689327,70.26698729643873,69.53232002994113,69.48159085445724,69.50483619672872,67.62416345033644,63.208142947140544,49.90117652254675,31.405561522345195,18.01925596911748,1.6954450228576132,0.2721644786666979,-0.9928872135356962,-0.1190587300340498
2021-09-25 21:00:00,4.0,67.0,83.33333333333333,13.0,6.0,17.0,86.99311245324768,38.34980981225744,5.269321201575209,6.006005934352916,95.5729075597886,99.02973035253493,100.0,99.40258918937607,98.50805462854262,97.30242170720372,96.1109006667411,96.5729205284559,97.64064414039376,97.95123147550132,98.74722232549688,99.86062251147337,99.96569585658976,98.2757806707164,90.61585202082291,75.40927760768493,64.00126159882232,52.23539283330278,49.13258693284581,47.05385946088541,41.085102211749216,-0.994788305609327,-0.1019618900517457
2021-09-26 21:00:00,-1.0,64.0,83.33333333333333,12.0,5.0,27.0,83.79480745527607,27.278961747100823,5.736066135325073,5.752348748110677,83.87955206882155,84.1187661058589,86.93492142858221,83.80629724701264,84.12886973295439,87.16000926777525,87.44412516427205,82.95363643653435,75.26245674997772,63.189446096283376,58.06861249243812,56.07575720160628,57.084066859183146,61.82790954214726,63.99517639864956,55.38842134966556,61.32702349102813,85.99877240178105,97.6327658714085,99.10155356461222,98.37696812578038,-0.9963950238187232,-0.0848348779057653
2021-09-28 21:00:00,-2.0,59.0,46.333333333333336,29.0,4.0,33.0,53.22345178636537,11.8500249917895,5.026465092992432,5.778392382656446,58.26329790928416,57.34495528907417,60.169093261124864,65.36475689245557,72.96982872496893,83.09928235833965,94.66623932040244,100.0,83.26955042411439,47.57088829969073,20.02799024886077,10.623909461142093,8.389907343433794,10.256014953247073,11.3708436454894,11.318981734753615,12.392133711094862,14.21627590734557,20.91312108783714,31.41403990295203,43.88803244190438,-0.9987235240803972,-0.0505106171852228
2021-09-29 21:00:00,-1.0,56.0,52.66666666666666,27.0,5.0,1.0,57.04404158160562,14.760284793092524,5.739329895662621,5.972923416344625,74.01125786791326,75.10263019449334,78.46487199493252,78.4349081494449,76.22359921232234,78.90449664554069,85.33016841279037,91.062766724968,96.115708999886,98.31264069228888,94.56158821687636,62.775215902019134,36.62660084710219,27.126516188250577,30.48668282279624,45.893955265506094,62.49819045915921,83.20422888134992,86.98528801462052,85.10693197461062,77.80586714867798,-0.9994446170919858,-0.0333235257116313
2021-10-01 21:00:00,-4.0,50.0,83.66666666666667,16.0,5.0,31.0,73.88570607419034,16.942592268563075,5.16797507792443,5.349208649976712,80.18379475749789,83.50259417875088,90.9880549911223,95.58785322088342,99.40774706543198,99.82259289347918,99.4627692375846,99.05029749901225,98.73251381608796,98.4385536420996,99.23671147300418,97.69700858876668,97.00894273768502,98.45144045383518,93.22831786545169,84.63515617382748,81.45485828621311,78.25908922902451,70.88171603779335,58.44969290839097,41.56709283834415,-0.9999994220246924,0.0010751512827982
2021-10-02 21:00:00,-2.0,54.0,61.333333333333336,22.0,3.0,31.0,63.76128210461832,14.216282320795704,5.223471714412223,5.445187065592841,80.30055773172842,78.22832644945332,83.09266395315589,91.7943765020958,98.54281914192278,92.86754059896953,91.45798448753514,93.85010246169948,93.4953767936312,84.77038367633371,65.28261093589181,49.81336361568928,38.21264458590888,33.654096862600824,27.95419206726865,20.667104813246315,16.79211018506985,13.799550811854765,18.721628530414257,26.67173833308702,37.06160435599951,-0.999832969770105,0.0182765576816912
2021-10-03 21:00:00,-3.0,56.0,45.333333333333336,27.0,3.0,36.0,57.04404158160562,12.323083933880156,4.496004938678877,6.277087987018655,72.32556626708764,74.02022286156983,79.20033601265494,85.60056193356492,91.95999151050916,97.50250379653764,98.86985669925798,89.91933681818628,62.25348448519349,39.06400190045705,25.20986533715456,21.05230014938925,19.25728207896289,21.48894711136188,23.660913656758183,25.970017774782743,24.93941817372525,22.38559640603513,21.49628100975656,20.5655944313646,27.172340232073577,-0.9993706508539968,0.0354725557531255
2021-10-04 21:00:00,-2.0,57.0,12.0,17.0,2.0,34.0,55.01991664437554,10.528893815067091,3.261693311703687,6.483490968712855,67.59401415354013,71.5349907839067,79.7581206894109,87.7969022638874,84.14602599271065,61.19842247911542,38.22403866473974,25.06448539155997,19.40987218345057,16.294266174673837,14.239962338391512,14.932953424212196,15.842886847327776,17.060108017507776,17.250808970531104,16.653275529079842,15.235223329198986,12.824932780649853,10.938672200565303,8.490632814804263,8.166023561913118,-0.9986126020839734,0.052658056924614
2021-10-05 21:00:00,1.0,62.0,4.666666666666667,12.0,1.0,29.0,53.66277542833233,7.816454742719192,4.0186658898146055,6.3638299633875866,56.18573344028559,58.47607241025406,62.48138929982524,50.71425313231202,25.19123950562542,12.980673547059036,11.466264369780998,10.95667093555243,11.67778798455652,12.333598493831662,13.024329104064208,13.477978595702345,13.480240031887588,12.917258685647091,12.271096762806817,11.325723542621953,10.842208561715468,10.233656752493566,12.224426700450527,14.963243607086946,20.37940413436038,-0.9975590477788612,0.0698279757298708
2021-10-07 21:00:00,2.0,66.0,6.666666666666667,16.0,3.0,26.0,54.2407488671668,14.337481156926096,4.942629189384041,6.534657182186913,63.8650257897128,60.98491156702693,65.39680996312552,71.34259486531745,73.79667308087836,65.35536763183839,46.6447216368561,29.24881876189448,17.58499544796073,10.912090547262956,8.630104331555403,11.704686566840184,15.783429482703488,21.082105927859825,23.818451928695563,24.78300096034383,23.881455984079263,22.128478764431154,19.0879685469692,14.893767519389703,13.872374021476952,-0.9945667569706336,0.1041007489354256
2021-10-08 21:00:00,4.0,56.0,24.33333333333333,22.0,4.0,6.0,48.79868354185697,10.536725972766115,3.3298496917324125,5.843136411822939,56.295668191190174,60.36258721484666,66.93649442812735,73.59988277462513,78.11606302195248,69.43162140695232,40.83198269888255,5.5674655677218885,2.7250865337258343,5.459344801026678,11.439304484248384,21.09815048136144,29.77725804703706,37.83567040573184,38.82884400048717,36.92248691777348,32.77139113743286,26.69453056945835,23.906835425094595,20.33446922061946,17.857996589121093,-0.9926289059345096,0.121193461470736
2021-10-09 21:00:00,6.0,57.0,5.0,14.0,2.0,18.0,48.95341107803787,9.770581596118406,3.223414409229611,5.8145585068142935,52.296536354000665,55.77630388960684,61.20616012513137,56.82120134409568,38.35698710454134,22.903591302086262,13.153430069843958,12.13178577416298,18.84733049201646,23.928070602184643,27.77294834053803,27.830724721490306,27.79837426352368,27.904891919547847,27.536395967300614,26.601693507755737,26.17450548612056,25.255810941737888,26.289223269588348,27.58540849510116,29.19671072573056,-0.9903973200352558,0.1382503109109819
2021-10-10 21:00:00,-1.0,59.0,67.0,11.0,4.0,21.0,59.69527644141496,10.845913693471674,3.454497348910808,7.105908842458993,66.66128094010013,72.08239140772086,79.98884346657921,79.46464700061571,45.25204129586435,10.110140040168847,2.08955126413838,2.070721142244514,5.010845770568815,9.373214319652632,14.78754265291766,19.084513532526064,21.841746855032373,22.70353102147291,22.789275120894263,22.374778339826083,33.633500666112845,50.0356290627045,64.7270885429826,82.40598931361102,82.58295371933053,-0.9878726596350428,0.1552662498599956
2021-10-11 21:00:00,-1.0,66.0,18.0,9.0,2.0,23.0,60.623940458725166,20.80296973281523,5.135257889604479,5.675460142392977,66.67866567298657,70.94605685973909,79.13841634584338,88.02023242723114,92.7802452683274,81.14750566208156,51.47480833962116,45.32158670745308,41.0931261754404,37.85176640203365,35.83346093266854,39.72851133955864,44.97683160064568,52.44320725329828,55.64830350924095,55.56611504977808,50.03742382592839,41.673878552161256,33.12603228427596,22.44787622255704,18.005037086294152,-0.9850556718215012,0.172236243027682
2021-10-12 21:00:00,0.0,71.0,46.66666666666666,15.0,1.0,26.0,61.27034483869424,30.41548658611099,5.7582117311035805,6.135460873211508,66.68939192070097,69.22757934702699,73.37610576853544,73.88037434291259,71.476745904938,70.09691921020053,73.58752078151225,77.75565801487473,79.19664537985075,78.15521152959799,73.89294595388367,72.27095548651454,71.5168901397459,71.38021531043002,70.51747532314369,69.10799617279278,67.7334617131105,65.62019136737993,64.86842603891199,63.29381808971701,70.54827514602977,-0.981947190186646,0.1891552687200409
2021-10-13 21:00:00,2.0,71.0,54.333333333333336,11.0,2.0,21.0,65.83068248854447,33.781677667215575,6.679027392182302,6.665981323567634,70.5576678527705,73.10250111947502,80.79093346328486,88.77965807629651,93.196951175564,89.54086832938283,82.56310392783791,79.08051661569391,77.46520478734314,77.00530515751979,78.65524345366806,82.58019236295225,88.02366737040688,91.84656417680304,90.6936258983084,84.07504785184138,77.64617699899857,69.85507550414756,69.13779154423733,69.86181167808196,75.62193923382256,-0.9785481345802032,0.2060183203251708
2021-10-14 21:00:00,-2.0,64.0,54.66666666666666,14.0,4.0,36.0,69.94603538909425,21.176646411495422,4.72527364315684,6.03259930516024,81.53597190138079,82.97448321302248,86.36851792985777,90.2029199339874,93.93537893445972,98.59531760459306,99.52581873777332,92.55630363036276,79.75861342540605,67.13784877704275,58.07965748054208,48.73579137287625,38.64848514172599,28.95855732637008,19.7962155015904,11.246958087769777,7.188606792757304,5.151907948775126,4.578056337066569,4.289391185144053,5.373388835694733,-0.9748595108374124,0.2228204077947995
2021-10-15 21:00:00,-2.0,60.0,79.0,9.0,3.0,18.0,69.51108460852114,27.12607495016545,4.825805770676266,4.721754255020391,76.66922381755438,78.63245850548634,86.6058023113348,93.45292689717569,91.46582344095812,91.71619030130512,98.67209012225138,99.04574320091112,93.08374245717816,87.62992446854774,92.2183621477194,96.71135790592044,100.0,100.0,94.01747564345835,83.91505923644561,77.17161248798281,70.87615172418876,53.836310289956046,28.044369691769,19.95652356710005,-0.9708824104813836,0.239556559120927
2021-10-16 21:00:00,-2.0,61.0,87.0,11.0,10.0,15.0,80.62364290299612,32.74204023779173,3.848117641482995,6.128307647660228,89.9787266599696,91.9899582520196,98.0647706757251,99.47015460426456,98.81006519718515,97.88148329565232,96.17162170403006,96.3132367930934,94.49968291149266,89.01270218225797,83.24505596587369,79.90698149308231,76.96468560724544,73.87539878165256,69.39773175727544,63.61525932101506,58.22667378901023,52.91432766982622,49.878716713430975,47.33189592243144,50.32432581568461,-0.9666180104000972,0.2562218218071163
2021-10-17 21:00:00,-3.0,58.0,66.33333333333333,19.0,5.0,29.0,69.29036909562232,15.418395799176606,6.040909711503166,5.562978819289438,75.27771119365936,75.724202761528,76.72164054863916,77.41254660283956,77.04590651369756,85.66346276787269,91.78564475485096,95.32615885476976,87.63894741182605,61.87759065794555,49.065290224277256,42.12186743722612,40.964274311437535,40.42220158507634,37.715268411864535,29.568641505756872,21.05587050584135,11.890431931437112,9.080202373556364,11.401907670711203,7.742949273264838,-0.9620675724981452,0.2728112643340191
2021-10-18 21:00:00,-5.0,53.0,56.333333333333336,19.0,5.0,30.0,58.876705319752766,15.197520704978148,7.015345589792352,5.826654956844601,77.50740211201028,77.89961546358916,82.2129698351155,89.75014155499451,95.42753194419922,97.2258398527332,96.22894426339028,92.07908461407531,88.39579722579217,88.7800671600516,92.80049829403994,96.08329532493916,97.2665789724376,94.877168034032,89.03958625875053,76.00244198505231,67.48544331858545,62.4828562440649,58.47798520854296,53.182314238307605,53.68673047304847,-0.957232443323312,0.2893199776186952
2021-10-19 21:00:00,-2.0,48.0,79.0,27.0,8.0,29.0,62.99117316322023,13.527911186073556,6.2211709192402616,6.7321426786290015,71.53596178526719,71.78439369425965,75.68637743119409,83.01773318574774,88.4464890253848,90.74607544554404,93.6456883332013,97.77971913752891,99.4520136855726,99.29192858837614,97.85475882183624,92.4320024480722,84.30703712252419,85.78270449191653,87.76581450301832,88.69846855665988,85.68542688430936,78.43539442527387,67.6225984183565,51.451553768751815,46.60338016106643,-0.9521140536681102,0.3057430764672831
2021-10-20 21:00:00,-2.0,51.0,65.66666666666667,17.0,4.0,32.0,65.89567123190949,14.74991425012688,5.4393016259039895,5.405700672014986,81.42870017576236,82.23729061577852,85.16066081233707,89.55201313512306,94.74094142666527,98.51685377153406,99.53878872974548,100.0,100.0,94.6250631036769,67.82350682985532,46.6463346940906,29.968555271121705,24.91390333704284,25.403739638263783,34.0170832572821,46.318985275305366,63.114628563251074,70.54136635654473,74.76507065599212,52.962969148438255,-0.9467139181463862,0.3220757010206104
2021-10-21 21:00:00,-5.0,55.0,71.33333333333333,8.0,3.0,14.0,71.61961725473621,23.006565724893893,4.856751715671315,5.697721927757405,74.61742607545703,75.38587242977864,83.04903541436772,91.80483993792924,94.32689309450107,90.53056983580412,89.2533541466526,94.4093319986276,97.50417880379136,98.76956399446698,98.84052091817576,99.55429563130222,99.83405986786964,99.40267851818774,99.37420269345522,99.0741563498178,90.82941836315652,77.30339028608188,73.538233782545,70.94876926773472,77.2381228801734,-0.9410336347451196,0.3383130181923076
2021-10-22 21:00:00,-3.0,60.0,55.333333333333336,11.0,6.0,26.0,72.137331284171,19.379881771587385,5.435536222279682,6.427751352090716,78.12847351027513,78.00366162507783,82.56213708963772,89.84009596430799,86.90011628857143,92.63705051997675,93.8562492497218,93.43911720626868,91.6889262957774,82.24302143323239,63.769370572888576,44.8511738914853,26.819906488157976,14.973336044425976,6.988058790404628,5.541463523870053,6.583334032276679,9.74584161486277,12.42808458077048,15.274209147808806,15.708965712667716,-0.9350748843515574,0.3544502230989869
2021-10-23 21:00:00,-1.0,50.0,81.66666666666667,9.0,3.0,34.0,65.77346788533985,15.684325674417147,4.315888266573308,6.2896980885363405,80.71116515121459,83.48364917592691,90.65422712190826,94.3011582056991,94.14697239545356,95.01105575865203,97.31866382577948,99.53298123311365,93.69649559365808,75.90868693854802,47.28791179776961,42.74264064593483,47.82764544097019,66.16873696455582,78.26159059483632,82.13645220455619,85.08432606118538,87.61216877045382,83.85085877710502,75.68879995425047,73.36432383374739,-0.9288394302558068,0.3704825404820963
2021-10-24 21:00:00,2.8999999999999986,47.0,32.0,11.0,10.0,29.0,49.361977681747135,8.20217492200905,5.391754836512624,6.590376945378512,61.61767996126842,61.56211719989542,66.30477594764068,73.06785798805335,82.11686058182464,90.79157355737264,80.20642041934448,64.78070174004141,51.49913293464652,41.37220372473354,34.91808663542514,37.15977805216735,41.564265936871166,47.03442202211752,46.35757201393778,39.29404760319016,32.97287917184392,25.27202233172656,24.26216469286665,24.68571864770684,22.39522116740273,-0.9223291176290545,0.3864052261209853
2021-10-25 21:00:00,-1.0,47.0,76.33333333333333,9.0,2.0,25.0,60.406080813372064,16.41268887773765,3.923263556416282,3.982726292980072,78.70009297477138,80.84708356375658,69.37427416619339,55.4310223280425,48.866821288654535,42.30876142164844,39.8108789556708,58.27546927011403,73.49317534931839,83.39582291885586,87.8159523167053,90.40284352232818,92.21812178753588,93.81765440809993,95.7986196019888,98.04848524658438,99.25309939648994,98.91116003826204,98.48345558483332,96.84898327920529,95.60670076262149,-0.9155458729775467,0.4022135682368036
2021-10-27 21:00:00,1.0,50.0,66.33333333333333,19.0,13.0,4.0,60.81309463361997,10.14972863826964,2.8130826526702664,5.103979749001573,83.5559578998457,87.88403232007673,96.78109901020927,99.88700455959275,99.95667639946709,99.09723609878394,85.05096291561021,53.18147972458951,34.971873956306645,24.501677925802888,18.00624093861641,12.976377598344262,8.878308702700242,7.279061720271039,6.686771161825475,6.929310728942162,7.0535494150314415,7.134855529666366,6.774689109617225,6.306294191345425,13.233731662622846,-0.9011686968561567,0.4334685453485363
2021-10-28 21:00:00,-1.0,48.0,67.33333333333333,19.0,8.0,2.0,58.17824393611488,8.88740991419061,3.0596168722887285,5.769279515488587,73.55086617550164,78.00209055874751,85.98571853397695,95.2883809598463,99.62274237025584,94.37691439815222,59.7649234034785,30.098121515853045,16.429951431628773,11.566954158828706,13.646818012974707,18.93537477679033,24.34954143422628,28.312148871669056,29.10399614684908,27.599918124501283,24.51958268626891,20.503014474191968,16.484498456576517,11.30775304323489,10.297105557399057,-0.8935790198239952,0.4489059314938798
2021-10-29 21:00:00,2.0,50.0,11.333333333333334,5.0,3.0,3.0,56.18678998889916,9.030570705077714,2.571679851108642,6.262222473670198,73.26058715410049,78.02494746391878,86.43349106584702,90.5568202375291,55.75618282186632,22.14853744027482,16.220770338493192,18.8812004188279,21.605504343863693,23.80578327294908,25.413583962484328,25.331679594327568,24.67968841263592,23.460154471733937,22.458427997102035,21.431248630594443,20.469363423953844,18.95419539024392,17.974702106353355,16.274613177864442,12.342814021435965,-0.8857249183835637,0.4642104791518923
2021-10-30 21:00:00,1.0,50.0,62.66666666666666,13.0,5.0,10.0,65.77346788533985,19.996711557687902,1.9118405606833253,6.342683995682921,80.90528950702792,86.5993262584046,96.18403213062298,96.30821581346024,77.82540536725587,66.38325969731245,73.63153174589738,75.91761367276166,69.1325308937772,62.86935512838776,60.20334341842369,64.71566701447232,67.83454343635455,66.43735845221809,66.87369269726516,68.77091224201891,73.901388906735,80.57470836713978,72.81071756579297,59.77295600392152,66.92108847336593,-0.8776087166898392,0.4793776594606945
2021-10-31 21:00:00,0.0,58.0,84.0,9.0,9.0,16.0,83.40752447232931,20.12835711452642,5.079317232206396,6.969530294990269,84.66901406485647,84.3633127483509,88.3284704635254,93.8231381160514,97.39387512373648,98.97718488631932,94.87648933000848,84.32996598278183,71.34934614992696,59.27624029029538,50.0792169364768,41.35930568322081,32.25625876525922,26.191854427840976,21.08398706426219,20.11125670637984,20.002085161075943,21.904871302866603,30.18997966926196,46.865043905373085,57.20599758366853,-0.8692328164574792,0.4944029842076181
2021-11-01 21:00:00,7.0,49.0,28.666666666666668,11.0,12.0,26.0,51.72228049821772,6.955417082761539,6.290733086501975,4.172943945254712,63.82163692554417,62.92850907879431,64.82576182033594,70.08405086985054,76.84776261268237,85.38632967681944,93.5725358767418,85.72826419511672,62.49729299774277,34.197814799742865,16.725102058144543,8.942640199108554,5.9689070948624,6.480019305395013,6.028168568848907,4.208865567672455,3.172931700678726,1.0091280219616248,0.8197401952792635,0.936755190848024,0.785049984732378,-0.8605996962501181,0.5092820071573356
2021-11-02 21:00:00,2.1000000000000014,47.0,39.333333333333336,20.0,5.0,23.0,53.5437614305185,7.888517521532688,7.627946939085378,3.564057730867002,62.26029727212944,60.341212035081824,65.18285093727474,71.58207973020204,77.80676473839894,82.31746308853157,86.28615610394246,86.65193963057054,82.14860504622413,73.76871915619124,63.54608891172966,55.34261478184531,46.69511992864591,40.09067980624661,34.60499390101521,30.6743474703645,24.6751980903498,17.76416319600069,12.750067882567642,7.330717584084241,10.557987905532796,-0.8517119107469189,0.5240103253675756
2021-11-03 21:00:00,-5.899999999999999,42.0,30.666666666666668,12.0,5.0,28.0,50.63721527239783,8.399186841140427,7.391166886710292,6.809425196100579,74.87613206986946,71.85042083816303,73.4180085613091,76.82593038533065,82.68563636081427,85.78162510253479,90.44327263553517,92.71229653168248,95.95904200924696,94.610894096604,85.29608115551112,85.02102787269524,85.933198389586,89.04292253378402,88.17542002567453,82.4897650278824,63.85244051988342,36.492907540109485,31.45861160541923,27.967305549536075,27.102139724703296,-0.8425720899866032,0.5385835804920232
2021-11-04 21:00:00,-3.1000000000000014,40.0,46.0,27.0,3.0,23.0,50.3219360877198,6.622959176996243,6.338924015478252,5.129042758717079,72.38118229117791,61.5674193742428,63.70211174146638,67.54662726556873,71.90989881607848,77.03155510701323,80.56459824207263,82.70219928779663,89.06570711919812,90.25555889297388,83.12132970001457,58.60705213533706,43.050366870150576,35.25885496746913,32.19881516458452,30.305819989073395,31.70284203132544,33.68106458469482,42.85129537567149,54.24241336148893,65.31935419037455,-0.8331829385891785,0.5529974600700271
2021-11-05 21:00:00,3.0,39.0,20.666666666666668,11.0,4.0,29.0,48.08603019284964,5.047323283826058,5.592127293006083,4.993605782865391,52.41813284989868,54.17775559470827,60.02043575558649,67.9368818746466,76.28673556479231,84.78554671379753,91.97652281163698,87.9606010392563,44.23916599561926,22.347261082223767,13.318790520744772,17.481028276273648,22.09573232513774,27.35941347085816,26.269930097025583,22.712616670829057,16.743539067884875,9.291906012702803,6.570504195321276,2.3457831719615108,2.821128218673515,-0.8235472349556007,0.5672476988027229
2021-11-06 21:00:00,2.1000000000000014,44.0,8.666666666666666,5.0,5.0,24.0,59.99357507201959,8.45776112577287,4.20041782977368,7.262816297951725,62.5380763663593,64.24889167115964,70.76719206910641,72.84270622942599,60.43181866574153,42.51666072759743,30.81144022616606,24.59588218882208,22.18617815437479,21.926323493457826,23.61926117288215,27.526724405302144,32.981363136270275,40.32606884163247,45.62220910694842,50.66467010889426,46.26947787212077,38.27658049397657,38.32813417470442,38.02303246178575,42.71844994849796,-0.8136678304455991,0.5813300798152042
2021-11-07 21:00:00,4.0,46.0,9.666666666666666,5.0,4.0,21.0,55.60338421794655,7.650232046491956,4.75917414570461,6.109693599901687,46.199809367904535,46.9414150635765,49.338187330157446,42.14538106640933,35.1205010395108,32.030419429613325,25.18791646079117,19.165794900589137,16.31188537900564,16.747850866024844,20.673843386652987,32.94827556951343,46.568766257072106,59.53614509671444,59.491308792392005,49.69274512405508,41.318692461621,31.523240926280177,30.488647034932853,30.274240705429524,27.84477090165238,-0.8035476485339116,0.5952404359043674
2021-11-08 21:00:00,1.0,49.0,28.0,6.0,2.0,25.0,65.65067581632282,13.165302180881344,5.196359828519415,5.926554321560245,64.8898237075424,68.59924024214033,76.49621735300084,79.32433587542675,56.41081303645878,29.979922993184964,27.80973606077809,32.90179942883564,35.221025304010006,36.91255545266211,39.602251666365454,46.25227128935167,53.36036755997044,59.93517766107595,63.52505071800758,65.66785331599476,61.82645716252645,55.08463190247993,47.32607961109584,36.545294422604655,39.26730344004973,-0.7931896839451843,0.6089746507720486
2021-11-09 21:00:00,-2.0,51.0,41.333333333333336,5.0,5.0,31.0,60.94755811401487,5.591083877012773,4.696282362361153,6.44284557025457,47.178532619306,48.24046746639728,53.60052175400607,59.939614489933625,66.1017741350483,60.09136282876034,31.18737614272074,16.062327756138238,7.66396843141958,3.46457808245529,2.1676977952802616,3.2159894666227817,4.453374077504855,5.527562916621244,6.033996549772639,6.061198470193445,6.77894951347773,7.908863485594468,12.285755847261418,18.7024249798056,29.8243298869805,-0.7825970017677834,0.6225286602431057
2021-11-10 21:00:00,4.0,44.0,58.333333333333336,7.0,6.0,29.0,67.68252075054913,7.695042175407051,7.964398808894888,6.284829338915587,57.124098870867655,51.98804896040095,53.41716177444624,58.28969203579,65.03479532524916,72.74533643470346,81.04922256069854,87.3303620318178,82.80819954347656,70.74226694546314,59.07512693368525,52.8275413459355,47.35358320820293,42.73771326188468,36.70891557718197,29.140584487299336,22.349013817191093,14.23640053775366,11.3542777046046,10.25243034157647,10.338971983168443,-0.7717727365467837,0.6358984534680745
2021-11-11 21:00:00,-0.1000000000000014,40.0,20.666666666666668,5.0,3.0,35.0,57.02904808117887,4.658085926258782,5.570423515533614,3.593944878730547,48.016351567564456,52.6713189594708,59.29274425070279,66.846515960428,70.66002877298155,61.48854107738423,41.21369530055168,21.46564818704444,15.00502609499036,12.026446750037683,10.818673053521142,7.95272081860207,5.261385204183453,3.0093809353382484,3.4810042944577035,4.497583075589753,10.556653228220004,17.62272683720603,25.55896623030409,34.96470347478603,38.360186981536096,-0.7607200913564104,0.6490800741100398
2021-11-12 21:00:00,1.0,45.0,88.0,12.0,12.0,14.0,70.54353563489435,20.549835919867096,2.4273337835272515,5.287517147468191,84.4466640794327,88.9515602881162,94.64495453646016,99.32947460842357,99.8711593461032,100.0,99.79924293729782,100.0,100.0,99.71750972885246,100.0,100.0,100.0,100.0,100.0,97.4077240764948,94.66059321521482,91.39683767900854,90.69973844953448,90.3584887270821,89.98173975638635,-0.7494423368521953,0.6620696215153815
2021-11-13 21:00:00,-1.0,47.0,32.333333333333336,8.0,2.0,10.0,68.03654806097737,9.632007298508276,5.177169503329663,6.996446104131835,72.95130775356076,72.62645861865178,67.6177707474801,38.60744165983544,22.778874614632024,24.73958259967252,30.86975707530928,36.29963349845301,40.27575749139148,41.1855568634572,38.70986410863092,38.55788653126969,41.74795003025588,46.46636177522611,51.27528306839796,52.596405835633405,50.560315050004654,43.51956659234717,45.57046297045424,55.33577163498408,54.737634698971895,-0.7379428103031386,0.6748632518680403
2021-11-14 21:00:00,0.0,41.0,52.66666666666666,8.0,5.0,26.0,64.64676706023835,7.985322339681205,4.569678437421743,5.246298521253627,70.96053984820539,68.89961287477729,69.48030822814137,72.85605131972264,77.12344984127671,78.50005338014701,74.39551661667234,70.19602015201694,66.46905511069818,60.30259915951469,38.66460007998677,22.598066081883765,12.991610772702856,17.638221151313303,24.396536568814,34.51118956203066,39.11864293129828,39.812656207493774,33.36476550693558,21.14915570458767,19.084097061339293,-0.7262249146041543,0.6874571793269664
2021-11-15 21:00:00,1.0,39.0,89.33333333333333,9.0,5.0,33.0,82.08895972951541,12.458616714007205,5.030271709971402,6.882026825658494,98.39220542431568,98.96800167479311,98.69555595335156,98.85010727105804,98.5215667930321,98.43274486687744,98.59861261220895,99.11725128553071,98.82346839932843,97.14487820613397,96.73746807415792,96.99532989947114,98.35711606110031,100.0,100.0,91.69861531410238,68.39096639189262,26.63190624849442,5.815227976144423,0.6420334374616264,1.348841801332081,-0.7142921172691032,0.699847677146407
2022-03-02 21:00:00,2.0,28.0,58.0,41.0,7.0,29.0,50.57424442645053,3.945264457762217,6.293582969868589,5.609460634758953,59.56122592385421,59.70240078775704,63.84571400820485,71.38175348777467,80.84751779382731,92.34584256769912,99.1640568497658,97.18579386526864,71.78863657109366,29.78208483526264,17.154332021376984,16.199765709126083,22.54269303913568,30.81937767954277,38.64027063050757,44.418066551641886,45.56139084539412,42.10608016235047,37.52528481558099,30.05470996399609,33.251653606811644,0.8670985522812081,0.4981366284784055
2022-03-03 21:00:00,-1.0,15.0,68.33333333333333,59.0,11.0,31.0,50.7438645813015,3.156175238950933,7.467505914012948,5.201860193084099,79.3019294627206,81.33604995547545,88.7762696775422,94.34388030262598,94.50243057332736,94.27855967378451,95.16385741274014,95.72025528609288,95.2194593689754,92.45133962239144,90.34664065510016,86.14504556172889,78.39834571466658,61.56412747000317,44.1869265853275,27.375270696319205,20.12819989346666,19.482331948660985,18.0427937332258,9.297738631235331,6.111573803619611,0.8755389928586302,0.4831474640149687
2022-03-04 21:00:00,2.0,18.0,56.0,41.0,9.0,26.0,44.56201563820522,3.048943211337893,4.943520207774697,5.96676797996779,68.83605973996035,73.14069052859458,80.29352059430869,85.94099824761683,93.66193081248518,98.98047538926988,99.54974727563132,99.68721612762782,82.87146617846079,57.00670224021723,30.13027816838169,22.235050616731893,19.794635603759176,24.503912772921176,32.08415159486166,41.6180633157662,49.33004643403096,58.63673302335862,60.59430306998579,60.347083521633536,48.9402960902286,0.8837203473619977,0.4680153284438345
2022-03-05 21:00:00,8.9,26.0,33.333333333333336,31.0,6.0,27.0,45.93454859059429,2.6447964046102257,2.595683552718249,6.519116290627957,63.094189244002685,67.56926513598195,74.79074699842549,78.85476002181129,71.8789940476,50.87837236631872,27.46152168933325,13.47299790348978,10.733359541084992,9.557995709597126,8.855812774247102,8.372335736414346,8.077225969763504,7.775818618706889,7.68075103816373,7.365020010257284,7.328449515400647,6.715568504843583,7.05049049618265,7.835152348980799,11.709351724307796,0.8916401947968874,0.452744699607371
2022-03-06 21:00:00,2.0,39.0,93.66666666666669,6.0,8.0,19.0,85.42470360061787,17.670227373789267,3.1287395942744194,7.29514883018292,96.59568246351172,95.5402533127371,99.0879371096129,98.2045579722372,95.22722752691703,93.15240412913316,93.69521165188456,94.8349655942726,93.43830502365525,85.07743813701232,70.80461478164007,57.82527748322259,46.6761541247763,39.48693966877703,31.02945794268709,20.49386093900577,11.887425834449171,6.414519940312159,3.4848361606891274,2.8819096677200635,1.848521402907352,0.8992961915530253,0.4373400963303323
2022-03-07 21:00:00,-3.0,36.0,90.0,11.0,3.0,16.0,75.47320683714975,16.705638765472738,2.8265654675077787,4.537157585315,99.89653766110808,99.61748806023908,98.30669406337752,92.85719046329292,93.79560636141466,97.763569538176,99.03008449617336,98.79680156891703,98.76495954695037,98.97163739860363,98.95427673081382,99.84966874811144,99.92907540374458,100.0,99.58679256651844,99.28749799247409,99.16838143376812,98.69489761577064,89.00307690442075,68.12241055944178,50.68732475854857,0.9066860720977984,0.4218060770826634
2022-03-08 21:00:00,0.0,29.0,65.66666666666667,43.0,13.0,29.0,48.54550582835402,3.6086926941010335,5.463111859043492,4.843524241524075,58.82836333728504,59.17225593567073,63.55364249104329,70.25108272241684,78.23146389863382,86.54082769443302,95.32642456095616,81.28071898633932,54.38535813002855,32.15852233054878,23.534447030074,18.96809582187893,16.8341371601516,14.934973267201944,12.932143096557605,10.915890649738136,9.969753114967594,9.35237741088047,9.861905502719893,11.091767905732588,11.972384848784133,0.9138076496466616,0.4061472386305788
2022-03-09 21:00:00,4.0,33.0,60.333333333333336,34.0,6.0,20.0,49.19983077194004,5.097345647725736,3.923992894179332,5.346716320351745,66.81713515645046,70.1277489757203,77.51217955541856,85.78771236708491,95.2331237630806,97.88909504277576,86.44756073379246,63.10621870956058,43.43477505826255,28.035890488478703,15.883439049506032,10.626813004066046,7.65290698337245,8.896486924259312,14.808632444969051,25.44891408658771,42.20673770576797,65.56187420578566,73.06166075723762,77.88886635961858,77.91525913166038,0.9206588168102428,0.3903682146763026
2022-03-10 21:00:00,5.0,38.0,43.333333333333336,36.0,8.0,26.0,45.92100706216534,5.237125235497596,5.838914275174078,5.960694380772091,60.08721858793259,59.962336523457374,64.16228018266719,70.54230626079826,78.10445439484359,80.61673192315908,71.59493105704946,53.54403176074669,36.76110024197664,26.560633668658213,26.50225278072913,29.80367665996194,31.60412313336383,27.71732598248258,23.705463110357268,19.033083493030432,18.82173894889317,20.01465265822414,21.853859039871462,23.48538364167188,22.48519058693203,0.9272375462179536,0.374473674486883
2022-03-11 21:00:00,3.9,36.0,75.0,41.0,3.0,24.0,49.684295857041946,8.951546448088905,5.722701715490068,5.094032356781414,89.16250446563193,92.58381338226596,90.47865363884858,91.41464742650462,92.9660292818136,95.44948139008956,98.22122189305084,99.45808418761432,99.27219966280862,98.13536218895804,94.98998895867014,91.89042164559795,89.84389003791703,89.40713627587049,89.50386407899649,89.1903822626427,86.74772158753909,82.7131941903215,75.51805495327878,65.15323207089105,59.76246688293736,0.9335418911179212,0.3584683215124808
2022-03-12 21:00:00,2.1000000000000014,38.0,93.0,6.0,6.0,1.0,82.01542558809471,19.68860952397208,1.7304299572839128,5.073498165609621,99.07794811120228,98.92358187639664,98.80762239433145,99.1636583367758,99.02353638604237,96.91044712188388,96.1769292896345,96.77600205226832,98.6410845061246,99.90211809195095,99.46269983028132,99.30651982427942,100.0,100.0,100.0,100.0,99.7347642902465,99.58037828078766,97.12005383498192,88.80521235923324,81.78551434444076,0.9395699859530622,0.342356891994542
2022-03-13 21:00:00,-5.0,22.0,42.66666666666666,46.0,13.0,28.0,41.25790446261576,3.0157804652994864,5.459706807497346,5.753429355209761,63.97275085956361,65.55651063344516,71.89675962940265,78.9243661374761,85.08121236178769,95.133216425916,99.3585645266025,98.14502810290084,82.4838182401863,55.16968590133514,32.25632595445562,22.787488830968805,18.560161244269445,25.239281622517133,32.85054204323591,41.627065485267735,47.51106505451065,50.96144594052296,48.72229669693629,42.96995523780304,34.03096203583297,0.945320046913132,0.3261441535642696
2022-03-14 21:00:00,-0.8999999999999986,35.0,59.66666666666666,37.0,9.0,23.0,51.69392391806183,5.5679265371497015,4.366000085739451,5.878510287046256,67.14208101346125,69.78781875744552,75.46840385807494,82.09674258865782,89.46144428593352,96.5489497350775,99.97204028475538,98.43989444267925,63.01951591385018,32.35395475143239,11.912059692825377,7.825260351120051,6.632966762382371,10.206213443119404,15.477886903596104,22.19854035306604,29.741391880260853,38.96277457445398,46.44551415421957,54.52331388310373,55.53217154024826,0.9507903724625832,0.3098349038318025
2022-03-15 21:00:00,2.0,34.0,67.0,36.0,4.0,31.0,47.27004066222952,4.89908667394256,4.896957152456278,6.324992132162179,68.19897917624553,70.98943704061452,76.60664038097141,81.4076436683514,86.77231519944034,91.62288230232504,93.12375267426069,94.54362902716746,47.575930952472255,19.565844256545763,13.143375059594373,16.322764440862468,18.76897491210341,19.755907127331177,21.3344563568862,23.1873823232224,26.38772653311601,30.189060668927446,34.86529433989591,40.3155839921065,46.38271895230229,0.9559793438440766,0.2934339689665273
2022-03-16 21:00:00,0.0,40.0,68.66666666666667,19.0,6.0,24.0,59.43489778080264,8.625519120766885,5.075684953436818,5.045177954971577,86.35486610465975,90.80530679861816,95.27884505228778,94.9210875025702,94.97851678489286,98.33162745340786,99.35519030215808,99.3011213959746,99.86139014528972,91.41057127842208,71.66590100108922,41.51991275348709,19.518346946791503,11.56880967131475,8.980294032494394,9.40780683857088,12.94593297053606,18.192904584140347,26.10170433966391,36.11271916542978,43.84757077339139,0.9608854255574976,0.2769462022689364
2022-03-17 21:00:00,-1.0,47.0,78.66666666666667,10.0,9.0,19.0,68.03654806097737,13.6060365748413,4.459107472222759,5.844622973736114,83.96058195644814,85.24923069974393,86.55181457820463,75.10881351520695,59.63850464551196,50.72701397398374,48.94572150409255,52.17904757929013,57.87205934740746,63.57745081337799,65.19980422222068,61.78707904200523,55.55364233625354,47.73435659353179,40.29199174107547,33.603190052944754,32.64504383602622,34.47051085450488,40.81128649052717,49.66299474781813,58.05066444054076,0.9655071658143364,0.2603764827344581
2022-03-18 21:00:00,3.0,46.0,61.333333333333336,14.0,8.0,33.0,67.91912714846477,9.537922834104094,6.161590049610523,4.53144409774512,84.96572856546808,83.78234984553268,85.44499248776582,90.9127097764678,96.18197685897596,93.04559226801548,89.01017589552515,85.64641775079383,72.9006398061913,51.94483317618569,32.258368497328306,19.865229568042043,9.76027461092378,8.207320446103292,6.991145729988409,6.497467342671917,5.396518390087565,3.985566221435066,2.229704884268535,0.8876727780135812,6.24834319296966,0.969843196967294,0.2437297136096838
2022-03-19 21:00:00,0.0,37.0,92.66666666666669,12.0,10.0,11.0,69.64178721979476,15.08030307204282,1.9788493103105684,6.002789862587461,93.85568788948709,97.78364837863558,100.0,99.27541457832942,100.0,100.0,100.0,100.0,99.52490151972307,99.71800743484134,99.5596288655958,99.59863644083612,97.5195153882652,91.82366489367578,78.16742640457718,57.6420096900192,43.101111279874985,25.975628322850746,33.550139832066925,47.62942861131257,68.89371854181164,0.9738922359149924,0.2270108209414184
2022-03-20 21:00:00,1.0,46.0,81.33333333333333,5.0,5.0,29.0,73.48519171254544,18.101799332484504,4.9945270551579855,5.921414095219403,95.33211532778762,94.42375856412828,98.6205540388602,100.0,100.0,99.59390176341095,99.325662380232,99.66605072949154,99.9125523812002,99.81765092332029,99.42180808172331,94.88233808776523,83.09350386189497,68.53863758548432,55.06016072974474,49.57650231412918,46.336420359760005,46.31310670730219,47.24687391656614,48.423033814962814,45.683119170931455,0.977653084481664,0.2102247521189836
2022-03-21 21:00:00,-2.1000000000000014,37.0,76.66666666666667,37.0,12.0,29.0,54.255118292262,6.691371647796171,7.464714482262125,6.6634863939721,66.32825101105942,66.20138888054225,68.22580758194871,74.26842981711846,82.2806050013937,89.51223495286233,91.64220075063064,92.95996282765218,95.52563334555398,98.2235077374382,95.2918246255116,87.96944979726904,77.21207719264628,69.08808645989002,60.659169925651845,52.74242050828404,45.50012491181377,38.11971902447557,32.24418434954002,25.6420153922982,19.26240902072271,0.981124629771712,0.1933764744102058
2022-03-22 21:00:00,2.1,32.0,71.0,40.0,14.0,32.0,49.03714864904513,7.788574367761482,4.8693001479372295,4.823750887597697,75.45984680306258,77.08848858331369,83.01326028826814,89.69425479818402,94.1652058862342,97.36606836062444,99.04171572885905,98.9345283526082,99.22480369990504,97.19435570675245,88.68580845622455,79.63791458488927,72.95433576477001,72.32664093675629,72.34957055599891,72.2704604783923,68.22517140263129,60.72968508031285,51.75568445144047,37.8364738664087,37.73930642171381,0.984305844499033,0.1764709734915216
2022-03-23 21:00:00,0.1000000000000014,37.0,41.66666666666666,30.0,9.0,35.0,49.84459424468805,4.670280924055293,4.180990228479214,4.42257032245387,67.95595803812247,71.88003679531863,79.27842829126092,87.8030246779608,86.10962063240845,61.10102618366668,29.84133743858094,12.619901250695593,13.148199618204764,16.699857967746144,21.92618622007992,23.82922458058125,24.20924234831445,22.85864173766997,21.269435269719096,19.4100677123813,16.71343179875901,13.362983621177984,8.57953849333554,2.3191663574832475,0.4881343881133305,0.9871957872910084,0.1595132519726365
2022-03-24 21:00:00,-4.899999999999999,34.0,92.0,16.0,7.0,15.0,66.46331801937477,15.173987821517208,1.7532613129489003,5.120610073816789,91.32076043941936,95.7543621159306,97.21591670120335,93.12098909198744,92.13185895959876,93.0460686228382,94.06839497890338,93.71006280478666,94.63592632184148,96.5003168471375,97.6966914977818,97.4053583243103,98.18345195140915,98.85274616022669,98.80386577622932,96.7659825429932,92.3873186129976,84.93422261149753,71.42655052049989,52.92872150532232,40.6076265264421,0.9897936029670716,0.1425083279161708
2022-03-25 21:00:00,-4.0,38.0,86.0,20.0,6.0,30.0,72.65805705168526,11.218786258169912,3.026252780140271,4.633388597545935,91.686555216301,91.19089371268508,96.7835322679605,93.05321371952373,92.64590273894356,92.73791118399538,93.712939872083,95.63037901324482,95.38892030422302,88.0374835171924,83.11527437763363,80.10456091956877,76.4733839491693,69.34051884167242,62.43114755099689,62.976600821268434,59.16484045062096,45.98658555505189,29.64953801308617,13.605325009901852,6.397643603085249,0.992098522791769,0.1254612333527364
2022-03-26 21:00:00,0.0,42.0,77.0,21.0,3.0,23.0,67.4435392579797,11.55656938542428,4.16266770663287,5.518104265559392,96.17160945812404,95.65674642863978,94.31072155677718,97.4544767791152,98.67990911704452,98.29603441574176,98.2620236895048,98.84856034083369,99.28382951321052,100.0,94.40368116378085,83.71330501954253,66.88963005766523,50.057900450124826,33.55063491887275,30.537070784443447,30.72253178426358,37.58096429897672,41.761998969441024,41.31331844558684,41.34579297303437,0.9941098647022418,0.108377012791876
2022-03-27 21:00:00,2.0,41.0,81.0,23.0,4.0,28.0,70.0973330341911,11.993374757161122,7.092169225150744,6.842237544738934,82.90184007780984,82.93925223270429,86.782884582018,95.94649575905434,98.8450324681682,98.93501219728766,98.10261520582428,96.4288337480687,95.59202463968596,93.94175541172196,91.60853516017548,89.0670048422661,88.30545452714945,87.2444003631232,85.24351799160475,84.92764455067295,84.47839263678533,83.1491489657722,82.08020532068723,81.44459910451151,79.15928840318863,0.9958270335100596,0.0912607217293118
2022-03-28 21:00:00,6.0,31.0,89.66666666666667,33.0,9.0,31.0,68.94044916951869,4.994015104011855,5.527142511914802,6.781341487322119,71.66031871503642,72.1556915735109,78.95368470486261,88.91983964089944,97.39448442526356,99.19967902682929,91.19405301292136,67.86174452426442,47.765272286818,46.91492975822781,57.38558779849404,68.51486224129296,79.83906394272286,77.61543315866497,73.58690219799675,70.50736000649805,63.38113570918602,53.0917587058961,41.8143603827826,28.43479410060914,18.48899864281713,0.9972495210773452,0.0741174251509443
2022-03-29 21:00:00,2.0,29.0,61.66666666666666,38.0,13.0,31.0,48.54550582835402,5.5988195357626775,4.675273510099149,7.82686899219075,72.73146213911666,73.2919612825641,79.41074584928708,88.0026083845592,97.07236121255372,99.52571276602424,98.48106398443164,86.56003863250181,74.79908485968456,68.0835705663819,63.3801008665674,58.55072793192484,52.33068279947458,49.21067058175525,47.00699592391474,47.89259067398909,45.95050340537489,40.87289650700279,40.01991151100096,40.87731525384904,40.64674507538007,0.998376906467142,0.0569521960340397
2022-03-30 21:00:00,-1.0,36.0,30.666666666666668,35.0,8.0,31.0,45.59034867106938,5.73967122517615,4.8792061557031,4.195154415193788,73.94375860595794,75.23523212229647,82.37939350976717,90.9051278838014,90.29623396447792,60.78232610849885,48.2462637584878,45.86441188522819,46.01400895605103,45.48198732691687,44.08573264673444,40.75751428039703,35.98597469074651,29.51086728068408,24.0460192322464,19.277055754025028,16.038398003848688,12.84139610175012,9.868408980960933,6.318880479710437,11.401889809784167,0.9992088560679752,0.0397701138460557
2022-03-31 21:00:00,-1.0,41.0,91.33333333333331,9.0,8.0,15.0,75.95147400202026,22.39104349564209,1.902561075547873,5.316928201023248,92.93309815137218,94.92034644812804,100.0,100.0,100.0,94.644402223118,86.13866197749279,80.33204694464689,77.68238328830155,77.78318214882185,85.62610414449216,85.93706497346591,81.26374961775593,85.81376542885133,89.88816729547423,94.8995878464104,97.74762214697732,97.82265379739329,99.29755848791734,99.3448508966076,88.22831452291253,0.9997451236925734,0.0225762630415454
2022-04-01 21:00:00,-2.0,46.0,86.33333333333333,8.0,6.0,29.0,73.48519171254544,17.85700867945496,5.275676631905558,6.438995744540828,91.43616157813712,92.08901224227375,84.34201296516814,85.63127642852645,95.6613837828092,99.64713491176552,98.38261955672334,95.81826396751944,97.6764531502104,98.68636044348976,99.45409604157275,98.60690189446215,99.3146295558196,98.89538532985551,96.2668582262877,95.58507968966636,94.57190498523887,92.24258246501084,90.04598257154431,86.59875596329036,87.23132275766778,0.9999855506507186,0.0053757315575838
2022-04-02 21:00:00,2.8999999999999986,39.0,43.333333333333336,36.0,14.0,30.0,46.08551326593842,5.963602083697667,3.4314948741097844,6.2592003062996495,65.38267551191674,65.22619326024925,68.49817859740138,75.24878527058368,83.92674431839198,93.94868494686368,90.12551440445804,76.89240457613228,64.5884893790624,54.71762473609814,41.32850649325698,28.93342140213576,17.16716455566063,10.75328795236775,6.089553762799917,5.193012125923737,6.355247869944225,9.874929681796727,13.9786398054767,19.242608914384853,22.166274990040787,0.9999300657962056,-0.0118263906918325
2022-04-03 21:00:00,6.0,42.0,79.33333333333333,29.0,4.0,35.0,41.025581101341885,9.452567793925194,5.264611980234766,5.575437014216896,65.18827781593937,66.67899093761153,73.27643920850167,77.40303033111894,48.39568035865571,32.386332501314655,39.438582498289776,52.75754391550876,67.88149681901332,81.9180589074421,86.89375343052407,87.1980250700265,84.22437213176534,86.07776890845042,86.84599095548249,87.19971680405119,86.94087298091058,86.85248837874934,86.20702806401928,84.85074439450202,83.72140280011628,0.9995786855478958,-0.0290250133219752
2022-04-04 21:00:00,5.0,41.0,47.66666666666666,42.0,11.0,34.0,40.85774884687076,6.395989418450949,4.969504666160926,5.934645344783266,71.21967387734485,71.86159249604988,77.15629382607759,85.18990898801687,94.09604544350714,84.92958374980645,61.03273674442947,39.35942439354314,26.673913263097475,22.70231579588954,22.231701643609608,23.100424608095445,25.488325247255272,34.278978211384434,45.12081681423357,58.73956627642942,63.498455720301,61.81430391783931,53.89082922408564,39.8678345008333,36.46155699374786,0.9989315138848576,-0.0462150469837083
2022-04-05 21:00:00,9.9,43.0,10.0,46.0,7.0,32.0,36.2408087412482,3.70938077847717,5.2487825361782985,6.138317577588797,55.98781806585955,55.731713023196086,59.67596695871157,59.55877088171289,38.57011015099378,19.01055792214232,13.323871912158186,11.039807553807432,12.205551867244392,15.18497253348552,18.35042740234045,18.746695215405296,18.898345369515447,18.862026840176064,20.17643285935049,22.8685112741481,25.217362864579567,27.273552527986016,33.99842149309858,43.91339600487803,43.62354140322934,0.9979887423155984,-0.0633914048695103
2022-04-06 21:00:00,9.0,47.0,8.333333333333334,31.0,3.0,2.0,32.495175519975895,5.987036586742273,4.457727164547686,5.316037783300961,62.30885349791336,66.77242186288326,72.04859290537239,65.28487337542455,22.71255224329077,30.956060182568773,27.80159452885724,25.346426263829457,26.662777556047946,29.03562362620956,31.77923165297004,27.27751516785341,21.53389940177009,13.961202070376624,12.345923453602191,14.177308740088298,20.59644090575751,29.51436067797552,33.086172887383455,36.28762420206228,33.716724903369574,0.9967506498213928,-0.0805490042187416
2022-04-07 21:00:00,6.100000000000001,48.0,56.66666666666666,38.0,7.0,10.0,42.02271722998984,11.718882091423714,2.940236060904568,4.93366631305655,66.08132751054289,70.06841206334144,78.22574373615177,87.2158818081705,97.1452280331422,97.40293496820264,69.22233849137169,29.925733200024524,14.963337122486806,10.101755641545887,10.457155175018006,22.418189732692728,28.871014869575635,21.81882659351446,38.54561895785429,74.23061906294095,87.99787296562474,96.70718322674875,90.57229357879136,80.25839651734977,78.60653377404411,0.9952176027737294,-0.0976827678217159
2022-04-08 21:00:00,-3.0,41.0,88.66666666666667,12.0,11.0,12.0,79.03781672993696,18.27233442097944,1.7487904385394273,5.584965496574889,95.16927628446918,96.26922926645982,99.45487780625632,100.0,100.0,100.0,100.0,100.0,100.0,100.0,100.0,98.3625671680813,88.9175756928153,71.07599276475852,48.91481377079329,23.42678248834641,8.674620935327434,2.693683139375348,2.2022711175047576,4.91271488618092,7.148273123488202,0.9933900548258936,-0.114787625522127
2022-04-09 21:00:00,3.0,52.0,55.333333333333336,20.0,6.0,17.0,56.47490436530192,16.016297218222633,6.983776772498199,6.627901549832876,78.97820204789599,79.05726494729821,84.33813452946278,92.14658366861418,95.66191921667266,95.3563525559513,93.52838346035546,87.99585006653179,77.27865663064401,69.06712092461333,81.59421310250005,90.82294410880912,91.48780071436568,92.32442479819233,90.865236736449,87.31250558154035,84.21226964803029,81.84711462788495,69.62899214942007,48.23656840247517,38.7900520696966,0.9912685467787256,-0.1318585157173911
2022-04-10 21:00:00,-3.0,44.0,84.33333333333333,18.0,8.0,32.0,65.02777464481295,12.708808760063071,5.8222376485785166,6.530083271073703,89.08663065146685,89.13728692291212,95.378915702561,97.16362151852172,95.849982830305,97.15682045225292,99.0760071477154,99.21426552509902,99.3352137226627,98.83853357455962,99.37946223184552,100.0,100.0,99.26054773872372,94.26859061875489,81.32359171570805,61.555415978005,32.40533982637129,18.9849733046846,21.677851865983623,32.979799728332736,0.9888537064205885,-0.1488903868564548
2022-04-11 21:00:00,3.0,50.0,45.0,43.0,9.0,32.0,42.35132596651805,8.116726380780749,4.493154637856081,5.907972833432901,64.22319392946265,65.7958318733184,72.26707839950409,79.38439258042436,82.54107072352005,84.99877755297591,86.41502085307808,64.38237481686309,38.08094281441616,19.20565789963229,13.041069451940508,11.570936228966406,11.55845201975978,12.152671681133214,12.741678636205595,13.16510751044096,13.29993877254143,13.416608062711113,14.467077042185444,15.99481759883944,19.916483363042232,0.986146248341595,-0.1658781989346314
2022-04-12 21:00:00,-10.0,46.0,77.66666666666667,16.0,6.0,31.0,60.26919272727146,10.868534187507146,6.477646008354268,7.471322681038404,89.22267438150311,90.93980684398493,92.34999715422222,92.5545521221824,91.26645148491664,94.54057633436344,91.45968123017272,78.99908124169538,63.67002741071389,47.91325123986137,34.03631185982932,25.028500055550268,17.986242207974108,12.842052165915632,9.774665734623436,10.539422209573724,14.06882345240694,20.60890983344791,23.36170285323172,24.109375690577306,18.56137888820815,0.98314697372215,-0.1828169249850199
2022-04-13 21:00:00,7.100000000000001,53.0,58.0,48.0,4.0,31.0,36.38288818303703,18.91605810042651,5.854915605384505,3.987704066394368,74.52732546938729,76.55454496871576,82.58424332720683,91.01036679098212,98.80681335114907,100.0,99.84152676192116,99.66781599114395,98.59113914165464,98.02792553164478,96.69112177702937,94.9572685433972,94.364380782118,94.24087150820192,95.48627420250388,97.36360894201152,96.80323544355582,93.82998054854691,91.15614084438842,86.87961462515969,84.99960796755475,0.9798567700958664,-0.1997015525660636
2022-04-14 21:00:00,-7.0,48.0,84.33333333333333,9.0,5.0,14.0,58.17824393611488,21.819666811917106,3.2977000019033804,5.199333859670294,75.36305904462878,79.58891424019279,87.31371083492863,94.80622721483049,99.48278753865957,100.0,100.0,100.0,97.67388521205156,92.6515474464128,96.68620596645457,98.99578675254357,100.0,99.57506913501112,99.77234899474036,99.9552234443179,99.89353389216036,98.6899438996342,97.80681976383336,94.44936295657844,93.82933314758031,0.976276611086932,-0.2165270852448143
2022-04-16 21:00:00,0.0,48.0,88.66666666666667,20.0,5.0,20.0,62.99117316322023,16.185837457695964,5.744497616818437,6.410908787424138,88.74515721969337,91.28827818850166,97.04684835223034,100.0,100.0,98.76308113267622,98.22921120302426,97.54175862767012,97.96169712801212,98.8747140745636,98.75448441557208,98.28769910304936,97.95720336373314,98.5146452876066,98.76827837677452,97.83806859409138,97.76928290723336,97.74808465816808,97.40260959322777,94.89384389459076,85.61468637044405,0.9682507501166718,-0.2499809690726521
2022-04-17 21:00:00,-1.0,44.0,65.33333333333333,46.0,11.0,30.0,44.98404900996678,7.7752125905571585,8.323300898725384,5.9469731889104285,62.38009718813004,62.630517841406096,67.56690915234486,74.24683665102425,81.39393680532874,87.14045985589763,91.17873781880166,92.15561176086734,90.83075516856444,87.4122561805357,85.4852086037568,83.88617248697172,82.73107737053421,83.59252415783189,80.0021109214313,70.58977302744019,65.58442861455318,62.56095505284346,63.34326215364767,65.04926964779511,61.864217643370914,0.9638074231367308,-0.2665994206792935
2022-04-18 21:00:00,5.899999999999999,50.0,10.0,46.0,3.0,6.0,34.412817757484575,5.421847131348129,3.491717509472105,5.515338478668084,65.13729737731498,72.10954071728904,81.04002710599168,90.88869071680548,97.48987764157468,86.01231893646629,52.38129939049077,17.83856594764426,9.647784589636784,8.578497101163945,11.529156063500578,12.739426052470264,12.666606163016157,11.261360187245636,9.777449256502598,8.111627961998359,7.371938966972447,6.434666067628974,6.458894577496648,6.389734571454654,6.261629136463282,0.9590788900341132,-0.2831389812281835
2022-04-19 21:00:00,1.0,43.0,89.66666666666667,12.0,15.0,12.0,79.20457756623502,21.478586507441,2.95132797877821,4.695451165909508,91.77210171459188,92.72490617793298,98.7132819214286,100.0,100.0,100.0,100.0,98.84876009017086,96.3539705527893,88.61076061487054,68.2790880743568,58.92559048334687,60.91983798266271,83.62450997321334,97.58197393561288,93.29062598994015,92.74287474251312,95.0124242337624,96.5875279646091,97.01481324806916,95.24075732619714,0.9540665500578388,-0.2995947563972602
2022-04-20 21:00:00,0.0,46.0,61.66666666666666,46.0,13.0,28.0,43.467809689683634,8.71502327908223,6.781634004541308,4.758726720804983,75.19590905367953,77.66543821095577,83.20320438242818,86.18202652899987,90.14724718464224,92.502524849963,94.13199331684956,96.30579226355198,98.37256396454734,99.6379955009112,99.69509944542868,84.79741045097158,68.61947836400924,55.02615249308883,45.52690843039247,39.29408875190576,37.30885753740365,36.207291677055984,37.30032274139815,38.57373349019268,37.04526640167017,0.9487718864399473,-0.3159618766579029
2022-04-21 21:00:00,-1.0,50.0,74.0,37.0,12.0,18.0,38.99949785476071,13.764160883529952,3.816659742399669,4.780048683406188,67.24787022155735,69.85680688915589,76.63644411951894,83.63636243904236,83.51134651920415,59.71348138965007,30.02422805105757,24.66656161055175,29.83690450860076,38.70182914457067,50.72856825290874,64.1046735729377,76.11469592817961,86.10801446691636,90.7524421739088,94.50632681162288,96.28509984460464,98.90163617111726,97.3610022015974,94.09188283388504,78.35080568662993,0.9431964659565866,-0.3322354987159043
2022-04-22 21:00:00,2.0,50.0,61.66666666666666,54.0,13.0,31.0,40.64474590564514,8.3797275642236,7.6389309835110275,5.792747285896814,66.14200932164198,69.95072527435826,75.79818766715273,80.8123227396375,83.43152449743147,81.01868245903151,75.7437624205863,74.26081518947902,78.74810658694108,83.63405048920322,86.6528310024007,86.4214249547295,77.35999154579231,58.82236332721206,47.44303060761981,37.51530675512941,35.228177018276,33.21113261734385,33.17238606844671,32.55918778050721,30.64745313521892,0.9373419384643772,-0.3484108069446808
2022-04-23 21:00:00,6.0,45.0,6.0,53.0,12.0,33.0,25.84634022287776,4.012765183283971,4.253987576334449,5.748414524107523,52.55609518024927,58.58806879055752,65.31467627860287,71.50214311641224,75.66994973576439,76.35985308995093,60.76282189534834,28.600158819075684,14.885818919609044,10.01013150132944,10.30176458236128,10.823293820167816,10.86718545068935,10.197592289655146,10.08967586014684,10.272872306565178,10.882278420173204,11.604394929317838,11.04849997265397,10.30826082181841,8.392624581570693,0.9312100364121948,-0.3644830148102912
2022-04-24 21:00:00,1.1000000000000014,51.0,20.33333333333333,49.0,9.0,36.0,33.15997756189545,7.797192227960999,5.685422290382239,2.544000780460562,52.29904358622417,58.31792019341896,65.66935936609747,74.01300696762426,81.4170775289946,84.98870490628325,85.66838858218432,69.01749839879349,44.53975145088161,29.888499918482715,21.08146195320152,15.461838357949372,10.288699347968272,6.519084947575678,5.623377866032794,5.776489143893776,10.971270495208769,17.147411234638383,25.873452260323425,35.39887722992724,41.32194081435666,0.9248025743285088,-0.3804473662878516
2022-04-25 21:00:00,5.100000000000001,58.0,62.0,38.0,5.0,16.0,43.64681638245789,10.730946248804605,2.4167541595360795,6.054278493057005,71.52680599159187,80.37835055726795,90.28586050022068,98.39012994003356,86.67968433189726,61.22348245764224,45.19938099229322,39.82005468826502,29.59410507859555,19.516408920163897,10.365431143998038,8.446161549166693,6.722592182867415,5.160051714339255,4.877065502817583,5.1187668625355895,11.38037000577097,19.98946833004401,33.27873836079341,49.41696274963455,59.18455041739447,0.9181214482844364,-0.3962991372689181
2022-04-26 21:00:00,2.0,53.0,89.33333333333333,19.0,7.0,20.0,61.21468958728256,20.018983383589955,3.6611300567695024,5.112219662202725,73.98088931763927,77.19497017263546,84.32048989056494,88.72389882254762,94.37891886966756,99.8096370715701,100.0,99.45938797255388,98.07475193831824,97.03556265832624,96.1454592579655,91.53890445239922,84.3131385436903,67.55485692346585,46.91678905925265,21.85066550446674,11.734338642368296,7.2191063748273105,13.898477964120282,26.13499281406874,45.89096017876685,0.9111686353326632,-0.4120336369594263
2022-04-27 21:00:00,-4.0,47.0,91.0,17.0,4.0,2.0,76.50821320761224,15.98388781865658,4.902799077989313,5.525226448222333,95.26695789132788,96.28922996880428,99.52916814730872,99.67397979938414,99.44162306759948,99.49412916933063,99.35227917659564,99.9945122366768,100.0,100.0,99.62192464673262,96.96172630513668,89.95114041441362,76.24652074864342,56.609186489436745,32.74532576451543,17.135539635567003,9.93405571265732,9.933036142325236,15.14079507904523,17.23721445561785,0.9039461929224012,-0.4276462092677746
2022-04-28 21:00:00,-0.8999999999999986,37.0,91.0,20.0,12.0,33.0,75.5699252652478,11.571666951541658,4.562460748332354,6.499859176757607,92.60893071734309,93.19365780764628,97.969844106903,99.50704130629204,99.53480168557884,98.74916740191364,96.7830887351204,95.87331661344152,95.56768225665355,95.62640447135324,94.24982870572916,93.82995731172592,92.73567731432136,93.2111003872408,93.16710196999507,92.89721338563918,91.95814067160876,90.24861135112864,88.66815344312437,85.43844342061603,80.53374084169266,0.8964562582905575,-0.4431322341826345
2022-04-29 21:00:00,-3.0,40.0,90.0,18.0,12.0,35.0,67.20215564728338,12.647202774252644,6.198154329805222,5.466545193485034,88.44544224727467,90.79757681316956,98.74082936076778,100.0,100.0,100.0,99.85622259948924,99.03447161622366,98.7226215838173,99.3697702243298,97.9251023388634,95.3739076699995,92.35467892384696,91.45062511120246,90.02516158343302,88.80000587354056,89.14676217430517,89.5080410960368,90.46624603771208,90.5621742273801,76.54441893345547,0.8887010478292915,-0.4584871291400876
2022-04-30 21:00:00,-0.8999999999999986,44.0,87.33333333333333,30.0,11.0,34.0,57.60857456030561,14.682448282055937,4.497174744206166,6.567038715275925,81.31935450846466,85.01998248853879,93.28631976265552,99.85142494784638,99.73231440175744,97.78586812866868,98.03568295372746,93.97569058502197,92.9698997498914,93.25290982870648,93.5607500841721,92.8292190238731,90.9268840136166,86.95205990388466,82.56786758088431,76.96489435178363,70.74789295870885,63.409480288924,64.6289862309958,69.47852927052361,69.09248521111749,0.8806828564301475,-0.47370635037968
2022-05-01 21:00:00,-1.0,50.0,78.33333333333333,37.0,8.0,35.0,49.83113518218205,15.078629701234217,3.5889388368462147,6.589757636561268,80.52423029861072,84.40849194431306,92.27468517048472,99.4424659470228,100.0,99.9515860259358,99.04558878838516,97.7940298568828,89.62634435927158,82.15276406588339,76.33387604435362,71.60318248949848,67.50098824819423,64.47877998929333,63.58057858172385,63.40096552221569,64.3252798907322,65.18463959173707,65.73409339338502,65.43690732723195,59.78809063421846,0.8724040568049612,-0.4887853942889926
2022-05-02 21:00:00,2.0,59.0,19.33333333333333,43.0,2.0,6.0,38.89359627620948,10.20353976237173,4.591911508281474,5.724100396554869,63.84629680295291,68.22986888600424,73.80549942205351,75.33612759089878,81.46401722674693,86.29263206218273,86.25175166584737,74.28014442946849,55.478160985148605,39.79887211617539,26.683435345790883,20.657458920232973,16.278013394254394,14.414414970705128,13.175030218329024,12.087438186765535,10.647035073759303,8.73031738574943,7.423200669592664,5.911050744941197,8.896606367411044,0.8638670987837349,-0.503719798736334
2022-05-03 21:00:00,2.0,60.0,36.333333333333336,45.0,5.0,18.0,42.27184166383561,15.15483241006151,4.449093111316543,5.07516319685215,79.08553955322213,84.228105424973,89.427561186512,92.60729738246916,95.08311492060704,96.85142174534818,98.7159481162511,99.23768114640956,74.44661834017893,55.47987166060072,43.45186943772595,56.025311105013245,64.94728501986403,67.59649133208445,59.48435729565907,43.36982134272996,26.71107532204321,6.788602045716886,4.61932191952406,3.82480290362516,6.345549240957977,0.8550745085896932,-0.518505144391157
2022-05-04 21:00:00,-5.0,49.0,90.66666666666669,22.0,6.0,20.0,73.78637425904542,21.626759450890304,4.220597707223745,4.7784163222609966,91.97818113018025,97.15538757727144,100.0,100.0,99.50921760154648,99.49127065944606,100.0,99.80120452422314,99.76587456070608,99.73309880393118,99.41142578089088,99.49611047943031,99.92178000070987,99.9263017891641,97.42905924731434,92.72212585212868,91.24813972808968,90.72213870209504,91.65958106382855,91.2183426408085,88.94403566172377,0.8460288880917339,-0.533137056031809
2022-05-05 21:00:00,1.8999999999999984,55.0,18.33333333333333,59.0,11.0,32.0,32.45103298061501,8.883097775247137,5.000507873421539,6.553498348639769,66.6449449791866,70.05756615757691,78.00268657312634,85.37617619254908,90.6334155983234,93.52661196041116,95.25000947357697,96.17735441053766,70.6446492476079,40.99182526434749,21.46268509908944,12.39390892926851,7.10607365793923,9.364533196026995,14.136171521035529,22.13706368713952,29.480498898603862,38.09708840790666,42.65312603882081,46.21503865963148,42.50355024159461,0.8367329140344921,-0.5476112038402312
2022-05-06 21:00:00,-2.0,50.0,41.0,65.0,8.0,34.0,31.627849626228784,8.262710195300283,6.403700321963044,5.249371970295646,57.20803130232528,61.67647147057991,69.3060874062597,77.92447733605053,83.57888974541156,87.57387218403255,88.14878457851817,91.14087779157688,94.81167938404198,87.5784185451326,62.89594744748514,47.2170530012268,35.65971393079182,31.905807470941934,29.901660633874528,29.025378568119777,26.365010462790945,22.60166570948065,17.587984731276674,11.380178486416485,10.496811804031694,0.8271893372462497,-0.5619233046832195
2022-05-07 21:00:00,4.0,52.0,12.0,56.0,6.0,36.0,28.149686930960367,5.545698454485649,4.2182597331715685,5.700405821179079,42.983143737060445,47.35572678010186,53.15234588026526,60.04939509521216,67.97304888714444,75.30580111075845,76.64107559791049,54.76238788356196,26.53172682603207,14.478975813482576,15.551828754593778,12.951736625429966,9.979456159113234,6.719904346572993,5.419400065036474,4.881456970467635,6.411581425420194,8.737901642167705,11.210060625238164,14.270869732673072,13.748352647542893,0.8174009818249189,-0.5760691233798758
2022-05-08 21:00:00,8.9,59.0,2.0,50.0,5.0,2.0,25.84997458222881,6.750510582104892,5.027882957994837,5.675734870604563,36.65337934464835,41.010062477828185,46.04777159963495,52.03832606993689,59.0215412800482,64.77443281602562,59.55995543412499,30.550698517582354,11.8293818164708,6.705454614468185,9.571142218947507,12.93531437985406,15.876324210814948,18.42962537349331,17.827954924254566,16.06754732976236,14.058741219757762,11.322328087382266,12.07537265842754,13.168015203527158,16.198448140140687,0.8073707443023492,-0.5900444739548627
2022-05-09 21:00:00,11.9,66.0,3.0,55.0,4.0,9.0,24.83990588244525,9.334386666677627,5.9820189508778165,5.525189518531738,30.62758116666819,33.838966015112604,37.86674085996968,42.33802907128814,47.63220808593277,51.15445854501003,46.76917750285814,32.98831784982472,20.12644910025235,23.37485063048275,30.61434308979562,32.34395186383793,32.32846864630705,31.07961628804089,31.99972843924453,33.46137601794425,36.70403366522806,39.693510797946175,29.859495375302103,17.388095873670654,6.355703313295509,0.7971015927871943,-0.6038452208771035
2022-05-10 21:00:00,6.899999999999999,68.0,1.6666666666666667,46.0,5.0,9.0,25.14575824002192,9.195116110992698,5.325013178989243,5.623195610832148,34.319428812101776,38.15222543863431,42.5096463797337,47.68600840945032,50.701561337827904,50.44727488335815,43.57595001019684,32.67124804982658,27.50329602097452,23.662027029540063,20.19419968362661,16.987483864410947,14.362009724318272,12.091287801670642,10.194030636444616,8.034305454476215,6.284502632834588,4.368363838371849,4.95342275212507,5.9688951243281965,9.155952847768509,0.7865965660866021,-0.6174672802835514
2022-05-11 21:00:00,12.0,73.0,10.0,36.0,4.0,21.0,26.9520366921664,5.286975554452324,5.058457282190195,6.1576337582763285,22.82884526652615,25.020179569760145,27.52767784170358,26.9192220941352,19.3208158959204,13.364202429477098,9.2429980478912,10.998949445625485,13.213556932731462,12.14264193297505,8.83364307256548,6.182473248736635,4.6413057569853855,4.277087072101258,4.188144453880391,4.170747797614141,4.650315249090043,5.291142812685529,4.983362176552684,4.591226225722259,4.625183980780375,0.7758587728069828,-0.6309066211876704
2022-05-12 21:00:00,9.0,79.0,18.33333333333333,57.0,4.0,34.0,23.87652095680505,17.63997128598361,7.592534567045262,5.258887718754727,30.257770484703173,33.2503045613714,36.79038344746687,40.71498685069019,45.19875994121719,50.07243016351729,53.08567816065472,45.90176535401093,38.33609488308715,31.777739233079483,27.393246496101963,31.5282963690938,37.28737166803111,45.04935818774472,46.85414317573717,46.36864483010603,39.5823586874717,30.77153131002548,25.59739825006416,19.993566644034967,23.90492751474117,0.7648913904341226,-0.6441592666722685
2022-05-13 21:00:00,3.0,82.0,33.0,43.0,10.0,23.0,32.91420207888121,22.08362143431748,6.161649425266647,6.926161757558625,48.497960663806936,52.6373025027232,57.78931374016466,58.970847009302766,53.144923732353874,44.420965467632335,38.375465889002406,34.799806043152095,27.874286570441527,20.996824946149733,15.764293723493966,19.135435712813564,25.676414713138563,37.53162624004681,48.18770112077424,58.98504470258816,62.368352968383554,64.17733746706958,61.56079502115736,57.121545826582754,52.242288183013166,0.753697664392914,-0.6572212950663319
2022-05-14 21:00:00,-1.0,82.0,37.0,41.0,4.0,11.0,36.76974113360544,32.13976887048478,6.4959863815842205,6.401230893017963,55.181075988897554,59.42826468775914,66.16856756635238,72.72246566474354,77.005849744477,77.43529033500953,74.34816064029813,70.19716476217238,66.35460200755071,63.09541608406853,61.12241857956677,67.35091276993764,76.08866580404124,84.63128889512417,88.79605058998023,89.24806417955932,88.18208513512509,86.17779986630958,81.3597666728184,73.6886644803731,69.18278997369168,0.742280907086982,-0.6700888411055113
2022-05-21 21:00:00,-2.0,70.0,70.0,17.0,9.0,19.0,58.96338025757996,36.18326570956571,2.872804410889912,7.469959858256,86.56114608790885,93.13387417554944,100.0,87.92629706086258,79.17702433427982,81.64351832668339,84.85591043020244,81.24088597748909,73.39996162950784,63.23821358177264,54.47918121011338,52.54874521016705,54.23360564100987,60.91674631072755,64.99491684358634,65.29579975373466,61.29692608437474,53.22544690705854,49.89981240161707,45.05930781010067,42.12073151658692,0.6564105761979381,-0.7544038410927472
2022-05-22 21:00:00,-7.0,78.0,61.66666666666666,21.0,10.0,18.0,52.08036239906159,38.11674153035134,6.492321802023254,5.780924397928338,73.66647522532746,76.37891878107422,84.09340140114962,87.74511624807468,77.409894848078,68.83147876525001,70.94453911089248,73.06466475228743,72.21106380225291,68.7894243174547,67.08437528779189,67.2607604359771,67.4276412216162,65.2919619429336,62.03937659857471,58.37540925031727,50.76920453760655,39.15917964154123,34.855720872782555,33.31231176089004,38.26920382638902,0.6433365204044917,-0.765583517007675
2022-05-23 21:00:00,-2.0,61.0,39.0,53.0,11.0,34.0,34.800844870223656,9.263499304464128,4.109130590634165,3.613321602260049,60.62456586077272,63.416540761131415,70.75449757532722,78.43307585317773,85.87523172047005,93.74679704444576,96.90888452096692,79.64533614200793,46.85601266013613,27.60071024338295,17.525576726535363,12.853362305448275,8.91901970807847,5.840867202091608,3.974266804941372,2.6290186787618293,3.3365886499687774,4.488093213080358,8.01904934871615,12.099336014978377,17.18623628243461,0.6300720909843687,-0.7765366444428655
2022-05-24 21:00:00,-1.0,66.0,29.33333333333333,59.0,3.0,12.0,26.94426068382572,9.646533008907346,6.9445934714649935,4.744618563531965,39.86761006564229,44.56595010676615,49.880625997172,55.77712752315701,63.06330011693907,71.13516820788142,77.5690620692159,78.29317427340199,67.62018106352161,41.885310178019786,13.114965511083716,10.584674387996728,8.653482800303442,7.255966473870165,5.821763561689005,4.4119497112564,7.201226450807591,10.750928968509548,19.50931976224761,32.21032097847253,57.68573582076652,0.6166212130956382,-0.7872599821916922
2022-05-25 21:00:00,-2.0,71.0,18.666666666666668,76.0,7.0,26.0,27.72206311600534,14.142831694172964,7.465692033678019,5.350734978959006,42.40925785335957,47.168644042302525,52.58102815984403,58.62424595070823,65.20466452123098,72.38942671504938,78.43232289145472,82.48094506239742,85.13114818664725,89.64670798416256,90.03276977870358,51.10538981158239,23.073550855078373,6.729812100044792,5.848877035000003,10.747906217640516,11.757505819245283,12.380311203553488,11.368819092016764,9.923521692288748,8.35108999550653,0.6029878670694714,-0.7977503570459932
2022-05-26 21:00:00,-10.0,64.0,87.66666666666667,28.0,11.0,18.0,44.59848894543656,26.37861049858196,5.635642932731034,4.242755322417444,54.688448830003885,55.95313291208767,60.33969714950595,64.12060087795743,68.25941558216788,78.39511361687747,85.08573916267088,85.97557682903873,88.63775353036655,91.52536891826747,94.97900050222688,97.7084587136002,99.34994745654652,100.0,100.0,100.0,100.0,99.5096322010168,98.60617884397908,96.52934795422487,95.34299969958413,0.5891760872322963,-0.8080046647350754
2022-05-27 21:00:00,-7.0,73.0,79.66666666666667,12.0,8.0,19.0,59.36035569550202,40.3481163176216,6.499403640909734,5.791268233609159,65.84870276330159,66.17626599937287,70.64817616352796,75.8392452958056,81.67873561941079,86.40546409131845,90.60771441889496,93.77494822353964,95.69553291816638,95.66443902521732,95.65708271515685,93.65622830462895,90.13827914577676,87.34974294913856,84.87326295644749,84.00949847266124,84.88050734249003,87.29261781486515,90.68572740738408,94.16432750724046,96.79094913959496,0.5751899607119775,-0.8180198708443175
2022-05-28 21:00:00,-4.0,67.0,89.66666666666667,15.0,8.0,22.0,72.84035496253438,41.06484839195177,5.936133781252976,5.615180287153713,93.66314333614515,93.16732713697756,99.24858791556326,100.0,100.0,100.0,100.0,100.0,100.0,99.39997563484894,97.91355659873769,96.3882689712206,96.54685117752868,97.64233479047412,98.64467373825848,98.61411451621096,99.09100398867966,100.0,100.0,100.0,95.9244064735324,0.5610336262283677,-0.8277930117131022
2022-05-30 21:00:00,-7.0,69.0,59.333333333333336,25.0,10.0,32.0,43.69760050385263,30.774107615190665,6.252676556295836,4.469990506428174,82.92589477164053,87.02091757768903,94.11154293838077,98.50244075010067,99.28980655366198,98.03544406684168,90.74831376174788,89.24727418646972,92.28377899553008,97.54049031311683,99.49215059627528,99.41934076484844,99.30941639285676,98.80287403366113,98.57131057532608,96.6737499642818,95.25365579365624,92.64353818698648,90.12457389159432,85.7799247786745,85.48140215805631,0.5322271388474397,-0.8466016020976267
2022-05-31 21:00:00,2.0,61.0,43.0,58.0,9.0,35.0,37.69347255083815,10.665406032256652,4.478093707208727,5.343104374485237,54.35311368244946,56.93137447662241,63.09776778409624,69.9948478871089,77.78790747945756,85.99233619829808,94.04933751770795,84.84158597671897,55.84322522121189,32.2452456735443,20.18125522979388,15.64867847584644,12.12684245533774,9.192681916627,7.216012337802351,5.804575616201454,5.015132381735414,4.399058469406079,3.276668343270918,2.0082705586880034,3.429644955716102,0.5175855102531889,-0.8556314858488706
2022-06-01 21:00:00,1.0,65.0,25.666666666666668,54.0,5.0,33.0,34.07638873874004,10.576049983804468,4.776269789296751,5.640731008579705,47.98046722082031,49.57898671909629,54.79028262764456,61.25348585616573,68.2261069742532,66.26014934859887,60.57096202949133,36.16261334602227,15.4947086777035,7.587062686800558,5.548507413981079,4.808729230604317,4.547475097080119,4.158866213698531,3.6522801430444938,2.93974867883226,9.92773717391145,22.990516880245703,45.30160912336342,75.16474628820792,83.73123463508566,0.5027907197793043,-0.8644081744776648
2022-06-02 21:00:00,3.0,69.0,11.0,51.0,4.0,36.0,34.718263700348224,16.27583019106566,6.219233493140091,5.350872172119876,45.78482123514988,47.329215224220775,52.73954407810015,58.75839586756605,66.26056686008252,74.46650408789577,83.17426064481519,93.02431496035987,91.6824005202928,75.37455293179165,51.33312898593071,35.53056795703494,23.015798026671536,16.134133670799095,16.641646589775355,30.057267730756426,33.733238365462945,30.151615169476187,27.523561742752022,24.51826598291583,16.707421966290834,0.4878471454423119,-0.8729290708206411
2022-06-03 21:00:00,-1.0,62.0,83.0,12.0,5.0,15.0,60.09670435708345,25.58858271034439,5.893591289575295,5.671818581238536,84.3790807200773,86.15961344017074,92.6051106175026,91.71804549470328,84.04863855015972,81.15654777496452,81.70630307451859,84.63862881654298,91.39309243054824,100.0,100.0,98.17256390770896,93.377766665122,83.86283184026611,77.35267987172642,76.58371669574345,80.36856507743636,88.06848969092005,90.71355478399374,90.039371352145,88.31754586971395,0.4727592092862775,-0.881191653407483
2022-06-04 21:00:00,0.0,64.0,69.33333333333333,25.0,6.0,17.0,60.361457330669865,22.13244817052248,6.245819303626276,5.888097766875961,82.82786950063692,82.99899564858964,67.88781550128506,62.77165145714084,63.29100775133279,68.39358096013926,71.98538329665317,74.81973969810159,77.29323752351729,79.07956720341788,78.68967121381772,83.3087777834523,90.33298797455907,96.30611772103134,99.33932761696413,96.15033818362645,93.82681707730886,90.56972372602505,87.34269745656765,82.62457056819615,81.24107369027797,0.4575313760742512,-0.8891934772070711
2022-06-05 21:00:00,-2.0,63.0,52.333333333333336,29.0,6.0,30.0,49.8705481833715,15.527529667736577,8.178867044949326,5.230319594223499,60.17832842035582,62.783902735307805,69.60509099241474,76.91556962695934,75.05655696855194,76.02451848272882,80.63450200072646,82.11547092489133,78.00348563512642,71.42873086263208,72.81227148387973,79.43590368983912,86.82663124254813,86.18964961217317,66.97876938481235,33.47527646531038,21.12924354495833,15.211138620542172,15.009506533487166,16.71121429187264,17.87776064777658,0.442168151967072,-0.8969321743510065
2022-06-06 21:00:00,-1.0,67.0,38.333333333333336,48.0,5.0,34.0,45.06790834439233,16.67298301852839,6.790333151438956,6.492592802492283,52.49137576706914,56.36452273115449,62.311081661990855,69.35420228162545,74.94622756182332,69.10694662914501,70.14562864142975,72.53519049378845,76.0323414263848,76.82450171675093,72.8335205438227,56.473232685337024,45.26358558765483,42.99593981576776,38.45692437811752,31.041323236386447,27.71660314243059,24.62966469417945,27.803802795883453,32.9007573086207,36.01622801117503,0.4266740831899246,-0.9044054548343
2022-06-07 21:00:00,0.0,74.0,39.66666666666666,55.0,7.0,18.0,39.77159708844618,22.993649010736608,7.122887558264936,5.304191508109057,39.660701553790766,42.13774072571035,46.26006161973407,51.38613485888269,57.28750230446986,63.66235968631525,66.54267054487029,65.05808702971963,58.31647450628508,59.675493671019,78.47787190373448,82.12372124517769,80.9512991096816,72.58475347472682,66.92043333087555,62.2083961724646,65.05550398409898,69.74446363092318,76.41872209001093,83.70471119523596,78.07655917215925,0.4110537546870351,-0.911611107193024
2022-06-08 21:00:00,-5.0,61.0,88.0,14.0,10.0,16.0,72.23929984287824,30.618301648490185,5.085366556319423,6.234868439124176,90.29686649644434,92.97381428086254,99.2398705006456,100.0,99.7980794642876,92.60227386628588,83.07561796586396,80.56564120565277,81.70035995008493,83.96235872047725,87.77263738125922,92.50792568752604,97.57371163057628,98.8086280734635,99.14658118750975,96.7163796027393,94.42797450812768,90.05808793061443,87.59617475056622,83.68669577534844,80.88746893310315,0.3953117887649151,-0.9185469991587164
2022-06-09 21:00:00,-3.0,66.0,87.66666666666667,20.0,6.0,10.0,67.66016472401645,28.045230579327868,5.39158857785431,4.916362099034674,84.33019550577535,86.24060351864549,89.04774616087357,83.070690898017,74.59578650026289,73.2446229244141,76.41037941630584,81.58226443813199,88.50055802312504,94.77903104254987,98.656847973918,96.43943785916731,91.36785774120855,85.05232017980234,81.77492072070275,82.85430730771866,86.10968188216252,91.12910882947556,93.010766794622,93.6150628456124,91.57885012670695,0.3794528437245443,-0.925211078289358
2022-06-10 21:00:00,0.0,69.0,43.333333333333336,37.0,12.0,24.0,50.76859033508071,21.233844340375448,7.475244451490639,5.822001386416539,63.843448643937705,64.18791442859293,70.68075181316806,76.60828993701952,82.11430449821535,84.90694166472225,83.57850397135114,80.92199815420229,78.76517341806249,79.51850841782885,83.6648980044418,85.861665143817,84.20569357640086,66.59132561867888,46.72626353435917,28.77512664041168,15.87534486162509,8.751595052705676,5.079825498626841,3.6041391719191536,4.1960903935242735,0.3634816124829063,-0.9316013725767188
2022-06-11 21:00:00,-1.0,73.0,62.0,38.0,6.0,25.0,42.69898982567596,20.63307082357872,8.31338368904995,4.884367114063182,48.37332165873026,49.92421614370914,55.420161728971095,61.60246803047362,69.03085571743263,77.01824716008655,75.78671481027706,73.03374428160635,71.3268052967892,70.79090945857169,73.57533468823934,77.41530673532326,81.04053597701567,78.76271536555078,67.38087912029903,46.98832263592656,31.622612248172945,17.739298271740473,17.547711007196245,22.48538277675777,32.07562330190959,0.3474028211842774,-0.9377159910299092
2022-06-12 21:00:00,1.0,77.0,38.0,52.0,7.0,18.0,38.7768182157348,25.321642981001563,8.782951317829843,4.977132728765132,44.175066738732845,45.84705401086614,50.504774710378165,56.19683429462396,62.72652911241761,70.53320169557627,80.20063515909874,88.19228258932111,94.03778683842434,93.87451674347548,77.93288943849231,75.70246628662059,78.6254346261189,90.87803262796191,91.91390657867412,80.87392438778456,65.92677808216027,49.13932174502896,39.85882825322622,30.940032550463464,31.05115802301125,0.3312212278016865,-0.9435531242349544
2022-06-13 21:00:00,-4.0,64.0,87.66666666666667,15.0,6.0,16.0,75.22266484350234,29.112517434087724,5.250068614406209,6.085740267654134,88.09234164655976,91.51219445472158,99.31694539733331,99.31044958210865,99.51949149113982,99.05304503649944,98.87916910159672,99.03347940308949,98.53320070474982,95.06646866626926,90.03579576918648,90.39137125652174,91.59672661389725,89.64460044334032,78.6841327008934,56.52016614431632,39.13547713101927,22.51465342404589,15.98054974864832,11.620730776317563,20.37734613498517,0.3149416207289519,-0.9491110448902284
2022-06-14 21:00:00,-5.0,66.0,70.66666666666667,18.0,8.0,1.0,65.23879760028751,26.705550142222283,6.42815141654735,5.3820355044147465,70.840951574442,73.93790412896497,81.91768446799696,89.7590511896545,91.10642666886316,87.92325112825054,87.37859833952601,88.22836134783658,87.9431698023332,87.18853753625606,86.39181649166012,87.36395236802105,88.13534479256975,88.98033799720952,87.36387958928404,83.10575660836594,78.37452117797322,72.41035027864511,67.68329151119889,61.34522492520114,59.28214008172916,0.2985688173637202,-0.9543881083175908
2022-06-15 21:00:00,1.0,76.0,14.0,55.0,3.0,7.0,38.619841064158216,24.3122926354428,7.594117218858607,5.816169571062366,59.21499320181035,57.92623756595614,63.07590991957035,69.1527166875457,75.71179086954362,82.91930069034188,89.20443874335022,93.8158780498453,96.59798044776132,94.65638809092582,86.07096434824535,75.52910720824,64.10295803462942,55.63740719202546,46.62461384701066,36.95252097489901,28.5785784295083,18.87735102879269,18.04287036476016,18.26127198970883,23.649643458670862,0.2821076626819194,-0.9593827529490744
2022-06-16 21:00:00,1.0,73.0,50.333333333333336,36.0,14.0,19.0,41.131009557887616,31.37945743879332,5.095720381123133,5.698487463352891,46.42290085720499,48.13750258023112,52.55409587415354,55.43267091936457,46.82511609705627,49.74274863924032,58.01783298520905,61.25625886981586,64.88613069873946,69.62481707066911,76.12290259852098,84.1206328844075,91.459905903576,93.97922030925508,93.17995534700384,89.03161990544068,88.6524016609809,91.0366763368634,83.69483231067659,71.73049436149184,66.13516480351893,0.2655630278040559,-0.9640935007889756
2022-06-17 21:00:00,-4.0,69.0,69.66666666666667,12.0,8.0,19.0,70.47782542093019,30.55662955517249,6.472157360996236,5.467488828327312,83.06304160905542,82.91488217640375,89.90329636343664,88.9397261358681,81.3540407346345,78.8865355886299,82.55329520060191,86.77086011188985,88.78215850176167,88.08476092408527,85.14294180859747,81.82520333854633,79.39736212607602,82.40480205472092,83.1208835227013,72.04840077596566,54.84522787034051,29.51576183950711,16.26754232451178,11.830713151562636,11.46085061108379,0.2489398085537665,-0.9685189578512204
2022-06-18 21:00:00,2.0,60.0,83.33333333333333,17.0,8.0,32.0,74.85066533341019,28.83832108722149,6.380703830465087,5.92591024443325,74.28435850652983,74.37951036800806,80.42474317973003,89.14667394588916,95.18200515563326,95.90577155247252,94.14447559971364,94.4708693955082,98.64175160886084,99.5739077686046,99.23492589752613,97.01600412829428,92.27983074456158,96.07169644029555,99.59977076632346,98.798522598043,93.90477445844144,84.228995156474,76.35126425696114,69.3318556874944,62.76566173282795,0.2322429240090701,-0.9726578145718654
2022-06-19 21:00:00,-4.0,49.0,89.66666666666667,16.0,11.0,34.0,76.6897482950498,22.73879508837916,3.5716157415071166,6.05793948901342,92.95575708102784,94.00661952872774,98.61699933863322,99.64511280117634,98.97537712437938,98.11268202586538,98.17911430803755,99.61894697264658,100.0,99.2277352599394,98.63633791300089,98.80860154917868,99.31842501492235,99.5906264476662,100.0,99.99769789811435,99.4813485541609,97.70429258163765,95.00875855956409,89.59352500960566,88.44818525376594,0.2154773150467301,-0.976508846196619
2022-06-20 21:00:00,-1.0,60.0,60.66666666666666,43.0,8.0,36.0,51.35875566283369,11.576161840499726,5.946700312249227,4.772994122638741,51.26117794256445,53.45394297146289,58.89015506251071,65.14836199921173,72.15024381137813,78.31797773628269,80.43803475147618,88.35022946593985,90.67353552588494,75.17791927839895,41.05285725363014,22.235481741416866,10.848090635749296,10.165894891131126,10.121563293260245,10.482915660660694,8.881406915834278,6.292867441837795,4.528628896065473,2.650782108606781,4.125370356778724,0.1986479428801711,-0.9800709131432666
2022-06-21 21:00:00,4.0,67.0,32.666666666666664,42.0,3.0,9.0,45.06790834439233,12.255979789550654,4.694484361652496,5.096714064121192,53.23487708272574,57.1378538503048,63.250788044148855,70.25082119174768,75.6551739451614,83.92586196631075,94.15511225694196,90.43104693596976,51.20609664216423,23.542931008331696,12.667306145911958,8.070324533247586,5.113899779527223,4.6606420147872,4.667153996621197,5.052743342664002,6.680523635437166,8.947514871138468,12.09407416474304,16.074857077575093,22.853696216689546,0.1817597875913753,-0.9833429613388902
2022-06-22 21:00:00,-1.0,68.0,35.333333333333336,46.0,9.0,17.0,48.76137121429922,22.7152766763691,4.428505753750208,4.723412239340966,55.85774155283521,59.71109415190763,66.22495741829356,73.19657481755061,65.1575383140721,59.94801562175367,62.13770962062929,68.4569173827409,75.44822095005537,76.12315882936225,66.99999760952849,48.9203883348444,37.10923276597963,40.45813927148584,45.92836597737592,53.29090794428669,56.419033406509854,58.28398196583082,61.14757322079546,63.465651225703766,53.229409557444725,0.1648178466571979,-0.9863240225317866
2022-06-23 21:00:00,-1.0,72.0,44.0,28.0,7.0,18.0,49.362092716414686,25.242274641121785,6.108046782779416,5.478291960582489,62.07727854159114,66.45923130169314,74.27039792315058,82.3869128302231,83.82582231258765,87.21338489056816,86.9728480708545,92.95518937724682,83.23759538591963,65.11510292180289,46.990467439373326,48.06817670236177,52.39132444028058,57.11203236602655,55.02704218689182,47.47916992726813,44.16448817520709,41.47427257841258,43.57754291931396,46.675146855557145,50.97456354893188,0.1478271334705304,-0.9890132145779884
2022-06-24 21:00:00,-4.0,73.0,51.333333333333336,33.0,4.0,20.0,51.35679010988393,21.163755422369363,6.6077164057651565,5.4147365781745975,43.218100671617,45.93217438045739,50.92770994238979,56.73583813800506,62.64759660535015,67.11767484322002,68.36805290748909,65.25616485222598,67.17533362667209,70.96990063339568,71.63529842053514,60.1403119270289,46.42302749894793,33.16425078502381,27.07623116166108,25.86714936447762,30.238218055021903,37.96365564902265,26.51222834635181,8.434755032490244,15.182165550623797,0.1307926758567592,-0.9914097417023038
2022-06-25 21:00:00,-1.0,81.0,23.666666666666668,31.0,5.0,35.0,47.20211083448106,19.8065649500312,6.311772701950819,6.015224987530778,48.17278415181923,51.96165031455322,57.51995212532385,63.88141791661263,68.45525086607117,71.29937524214127,69.2065744029437,61.19109119656252,44.90014070144518,27.44510594111916,14.51680321051419,10.299474554525617,7.985653670153627,8.299925905709248,9.394953804036083,11.188099981714576,12.32625529037396,13.313413223919454,14.49097108737342,15.844847815054829,18.71317448449523,0.1137195145859496,-0.9935128947338008
2022-06-26 21:00:00,0.0,82.0,34.666666666666664,37.0,7.0,17.0,47.35101209289196,30.02443006610349,6.1880914577451644,5.4180879244458735,60.01614765141352,64.39169384696677,71.47712262726846,79.38617004909543,85.402557332873,82.04470917733121,87.3273508072878,76.4353055940767,59.235881346468766,48.09781244108456,49.99566944059094,49.493377310582886,48.57648890534725,47.569054256538266,45.179032371566,40.8275745221906,33.3783881345354,23.01547478226609,16.055793161835663,8.163419891444434,6.321784014297761,0.0966127018812031,-0.9953220513156602
2022-06-27 21:00:00,-4.0,70.0,84.33333333333333,13.0,9.0,20.0,73.13410574677563,43.75369451600922,4.919755868995482,5.204144051603055,88.28208964243241,90.89868400025722,98.04693131776172,99.13591957957262,99.00411180908692,96.2069258837097,93.37283115106756,93.29478685764636,94.83994462902058,96.85253761885583,97.53463914827594,94.09431230360728,88.35042634538425,88.87814647120655,90.961266920058,97.0199645359046,100.0,99.54273496368002,99.63010802983536,98.41421694558588,98.24026900772948,0.0794772999236209,-0.9968366760893436
2022-06-28 21:00:00,3.0,73.0,29.666666666666668,64.0,6.0,29.0,42.69898982567596,16.627501106787783,7.228042367270032,5.890509860440466,40.65865618156472,43.87324570467782,48.9112989679548,54.86893700693701,61.71571769169638,69.59305308195279,78.08843912638402,84.22780816337786,86.23648128307147,83.58478460000113,75.276330452624,51.182254058575474,32.76960934633625,28.286871059506367,21.654500745734413,12.930786817347895,8.976758906168488,5.612164550602221,6.060176267392977,7.372628890353237,9.59541144163728,0.062318379354325,-0.998056320853012
2022-06-29 21:00:00,1.0,78.0,27.666666666666668,64.0,6.0,20.0,37.51600687661515,20.63419755169368,8.178484116713003,5.789617767513249,40.05308286346302,43.09599144089318,47.64651156982925,53.06781222536561,59.36878007426225,66.58411865690455,74.56294107274842,80.85254050768918,81.8707511366789,79.88765729289949,76.41028262973339,59.4006626066387,40.58520990571778,22.234245859955145,13.787351705574345,10.7807225750139,10.73814798092504,11.417962269311,11.94438818926025,12.511584153014711,16.742556422934,0.0451410177739719,-0.998980624694158
2022-06-30 21:00:00,2.0,73.0,35.666666666666664,50.0,5.0,33.0,49.51100320358757,14.14594103844552,5.655483351156169,5.4043727809078455,46.27634659852727,50.29923671953973,56.2413910493011,62.88613982571344,69.49242349779651,72.608530965802,79.90100102566461,65.21232570415143,65.73148403245763,60.76895715552152,43.360727532111305,21.97064199394804,7.105697487339779,3.0279521236428915,2.7457737618188585,4.875093091251459,5.945626147827909,6.942249500150931,6.745065811041326,6.460349278292296,9.66120230090992,0.0279502982402103,-0.999609314096404
2022-07-01 21:00:00,-3.0,81.0,52.0,29.0,9.0,19.0,45.54136454313763,29.28437896684589,7.429656752197395,5.868422546025596,48.90838787154201,50.76524906218292,55.92674192002678,59.11436760396461,52.96204616552782,47.07041089316374,47.17507030554243,52.35924953006378,59.85994618322519,68.59887953411685,78.00142540236077,81.32048688691712,79.39875438717252,65.3572469676839,54.19447874478778,47.56893869568796,44.65542982429388,43.52902830462458,53.28905918238417,68.76615761792083,76.24034247141753,0.0107513077635219,-0.9999422030204416
2022-07-02 21:00:00,0.0,78.0,58.66666666666666,49.0,9.0,23.0,52.08036239906159,23.250646091057824,8.157692122259009,5.841201653576834,44.04572872069981,44.86352680134191,48.753306374814656,54.28938650719101,60.18186161791199,67.2965828817042,74.59528519998636,76.75364513464537,76.67608835285266,78.34458971853479,72.11416906477044,57.99172980457465,39.40536372252386,26.82762049963141,16.812598819565665,11.727339460474624,8.069913407226432,5.259857661064585,5.514323134710171,7.641503661330706,13.48830746469963,-0.0064508641981051,-0.9999791929590824
2022-07-03 21:00:00,-2.0,74.0,20.33333333333333,71.0,10.0,28.0,36.88592101161546,18.35544764466712,7.987653678224237,5.528241780912221,45.56681066966002,47.53948095756954,52.70697307590106,58.93289992564925,65.85481250039014,73.55495543424615,76.92758178444099,75.83352585748409,76.2652734461038,77.29652579366237,75.34738679364837,64.59452141954726,50.720189540229086,36.9268719997372,27.495604381239453,21.893338007257267,18.66091781878005,16.002948268894755,16.09056208229372,16.897623283718683,19.139804474267216,-0.0236511272452315,-0.9997202729664084
2022-07-04 21:00:00,3.0,73.0,14.333333333333334,70.0,10.0,29.0,34.02838260153297,19.3538212999943,8.375527214028141,6.402718746302225,40.33303335324084,42.72902382879128,47.40295091341859,52.94808610284096,59.32321838287318,66.52022790342264,71.9867496424107,78.89386644706528,85.14657219135019,88.81447551560726,88.78290940839096,83.39095515872147,76.95452544692782,71.7313450254965,68.27113336306955,65.30131671178557,63.65224497095673,61.136725816343294,62.86928851461023,64.9060345124855,68.7785155081437,-0.0408443915432961,-0.9991655196610107
2022-07-05 21:00:00,-5.0,69.0,79.0,16.0,6.0,23.0,56.7155758436795,28.20548962069749,8.146054734450093,4.2860471367000565,52.97707200867099,54.54905684368539,55.16225444782776,60.32267971676239,64.6453529835348,69.47841626829232,73.89319482146128,76.97821559856128,77.6162846810147,77.75555009872757,80.44573538763642,83.03963597173161,85.92860962393884,89.90183170158281,91.15296629343256,89.46925021973051,89.1699021347628,87.88785977310076,89.95781556801393,92.52414289510308,91.35221890449957,-0.0580255693287803,-0.9983150972033183
2022-07-06 21:00:00,0.0,69.0,40.333333333333336,43.0,10.0,35.0,48.91231522715638,14.3385319822762,5.579765713866211,6.48483086701023,52.35304714659645,53.91751014755117,59.42449110241809,65.7923810451601,72.99274981255101,74.87623260348887,78.3777312683074,80.5460093629408,80.75948308373393,75.01570289588622,47.60929827336648,27.61572299621092,11.872373382450306,7.445704690773731,4.891300742889447,5.383201004152712,6.349150395742082,7.726019370398868,8.716103583982237,9.6593304752957,11.524654750596222,-0.0751895764147585,-0.9971692572470178
2022-07-07 21:00:00,3.0,73.0,35.666666666666664,36.0,4.0,25.0,42.69898982567596,18.114099189516526,7.556195749559374,3.796023928845731,54.71545879838131,53.90961068155813,56.016925206270805,61.880481505604536,67.401080795598,72.53686962429428,77.24123894503731,80.13378611975327,79.75914630806571,79.80160628226712,81.729182901136,90.3270346964578,87.35602081938123,51.82120330522715,27.204823807190724,11.138484613639688,8.857580625994062,10.34283946391267,12.008024136675251,14.004616383554918,16.477926862024905,-0.0923313336953912,-0.9957283388645872
2022-07-08 21:00:00,1.0,71.0,50.66666666666666,27.0,6.0,25.0,63.51451357434428,31.84376853678976,6.329392707842986,5.887150739616018,81.44564568496706,81.7540744196255,77.46192861294665,77.599332189925,80.48437605890969,86.50739364505098,90.35382355221428,88.39453661590608,85.48550988818018,85.65035153588751,90.61457258705258,93.2799029970076,95.31653648221042,95.55985127664856,95.52945040275254,95.69078299642486,93.12699674021438,89.38656768287726,85.51064238683354,80.00906437094505,82.4708277056849,-0.1094457686489155,-0.993992768446958
2022-07-09 21:00:00,0.0,71.0,9.0,71.0,8.0,32.0,36.40975771346021,14.549892928885283,7.058701202161322,5.921249809949318,44.41021525145999,46.8664331844595,51.84324676745209,57.682396128264365,64.66421405489923,70.86052774634284,67.74648045202923,72.30055390949892,76.05828965628898,71.75950087777935,50.55973478143878,28.39604450329578,12.501185331638098,11.9358259565917,14.480754090272365,20.017850274977,26.208241449110144,33.28727377825365,39.09518490616973,45.6230524673994,44.97386265629502,-0.1265278168386831,-0.9919630595773395
2022-07-10 21:00:00,2.0,75.0,3.333333333333333,64.0,5.0,27.0,37.04395944563211,18.87591124082488,7.164360393957029,6.198377765640177,42.02030711875338,44.73286097272785,49.63677487264896,55.60042877997313,61.98661682523726,69.50178573625469,72.88127541030512,76.62191398234829,67.68418081980101,52.71093450692296,42.28128893621852,40.495326035324254,40.285372806930056,40.1463325280422,39.56004307476018,38.341863283752375,38.17864059133064,38.29700418219767,36.98557055243317,34.430776887319595,32.99455347050249,-0.1435724234118113,-0.9896398128792412
2022-07-11 21:00:00,-1.0,81.0,48.66666666666666,33.0,9.0,22.0,39.40101558954868,26.921681064243053,8.665811683989661,4.498852620441598,34.641988397589856,34.986718880205686,38.24665191720754,42.36208133690925,46.75528197823073,51.97321482212263,57.745275808331286,63.58095117361498,68.80299766431935,73.94571915654754,81.66182773771297,87.04409776174602,88.87933713030745,86.49684013576282,82.45469168652983,77.5244909005726,69.79451356262751,58.54832541634192,46.69395409924521,32.475727788212566,20.555285392744807,-0.1605745445949937,-0.9870237158387384
2022-07-12 21:00:00,-2.0,76.0,77.66666666666667,22.0,12.0,19.0,61.90298543869783,39.395908052290345,5.874911446606904,5.524308248645355,70.22727540120657,70.50191038110304,75.14086502519925,76.44768379358575,76.37013454051625,75.28990201233692,74.69483256646902,76.90910925233459,80.17120384002735,81.83083146281082,77.57871141913694,77.4745144480853,82.34238763750865,89.3622311882176,95.15521505383325,97.4313930353904,98.69769487201776,98.56701921740527,98.03600335627152,97.3160812066277,97.40945749280594,-0.1775291491870349,-0.984115542601034
2022-07-13 21:00:00,5.0,78.0,34.0,39.0,6.0,32.0,48.47256086202582,29.1654627844721,7.976267912276365,4.537020283300137,51.50039291842914,53.50587547515786,56.80227077758493,61.5785411504693,66.88105232368065,72.00582977640155,80.36643576977562,87.31531120096143,89.16985217198311,86.95804145532766,92.07555673172324,95.59274432312928,97.13418694259131,93.89841112190976,83.22285944610105,64.1539844094626,48.98821059113053,34.32021454075196,24.99591808920288,15.34417582877928,11.02197647187265,-0.1944312200476619,-0.9809161537413774
2022-07-14 21:00:00,-4.0,74.0,53.66666666666666,34.0,4.0,11.0,53.405642578269166,28.541023162645622,7.482371608638524,5.6827197575089,50.45193118388752,53.13192551501733,57.223996358685525,63.088465750710064,69.8539824821909,77.89731907602489,86.78209136629597,94.22067568373372,96.7825910385601,97.67942833670811,99.4571188196116,99.60816161121744,99.31175678897463,99.32357918462978,95.56134806986292,89.16204300537738,82.91534873408108,74.30999759868352,58.82162929778323,36.27752887411512,22.84351848337734,-0.2112757555821793,-0.9774264960104057
2022-07-15 21:00:00,5.0,76.0,21.666666666666668,45.0,7.0,30.0,44.78108457497471,22.012180728162736,8.445748336621017,4.884741189734601,46.61095663389983,49.30768121065252,54.77365221819978,60.98199243323682,68.34284341407243,75.18822936583678,66.79535993347757,70.1910615597748,76.75828001114346,80.51841309370403,74.80949501617891,77.07307321273468,76.51658556431906,67.72293223851943,54.01324332074348,37.20123051660106,29.45410219840552,23.38158310754708,20.949878069952465,18.67959848148016,16.93736495947293,-0.2280577712215198,-0.9736476020539838
2022-07-16 21:00:00,-2.0,80.0,42.333333333333336,41.0,7.0,24.0,39.245524902731226,23.470281202520443,9.034724004383817,5.548173822087819,35.868529707181054,37.5250997196488,41.47905020275171,45.80538952817731,51.1013992692658,56.729229101105474,63.2611920849969,68.48180935713407,68.99873255592784,67.69409908134999,69.52994060189074,72.66674680510205,73.63544528865681,69.50751213579068,58.89888573290716,44.18746361432478,47.635409397494726,58.72464439869197,70.76778283648582,86.19068819952655,88.25590414280911,-0.2447723008972595,-0.9695805901076308
2022-07-17 21:00:00,9.0,81.0,24.0,39.0,6.0,27.0,45.54136454313763,27.943540379238485,8.889833027742648,5.657772912011861,37.46528762699123,39.57191873972296,43.84595022568524,48.73704725213451,54.23427525768727,60.8138274370583,68.4518026575151,73.59286976443536,77.82802087349307,80.61903312487159,82.26743769248941,78.09585889870199,75.54025737445737,83.07059250469294,85.10538853811963,80.08247154227628,63.2431106863102,40.59930899312859,28.874583802825377,15.873359380858126,10.75874599438787,-0.2614143985111562,-0.965226663665613
2022-07-18 21:00:00,0.0,85.0,39.66666666666666,35.0,8.0,21.0,44.53841815781052,30.331255994631608,8.13951626604931,5.495876554703698,41.49207237111105,42.16838046659722,46.05083045203033,50.97417189902036,56.04425693922765,57.940587258890886,60.453438554263016,61.899647395672645,62.75080738001082,62.217601430925015,61.56799632138791,60.42180333563931,58.93694148675351,58.68878253465937,54.176983119031874,42.45942721980938,32.78162750494384,23.98981539978378,17.979395566032135,12.545325404804569,24.65447620489694,-0.2779791393987801,-0.9605871111248128
2022-07-19 21:00:00,4.0,79.0,58.0,27.0,12.0,29.0,60.13960745391395,35.20496610824652,6.979509668484335,5.631465761262694,64.36406165381317,64.68562706479591,65.93913295365606,68.9534326686212,73.94779795160443,78.66161496589795,81.84547469872561,83.23299317561577,83.24771969362142,81.78981471600117,80.06021430037141,78.48141362135512,78.07740479977102,75.15999509530855,68.81682258357853,53.09098686741712,40.34488186077693,32.72950531486806,29.392872075195253,29.19034963049035,20.927335253656853,-0.2944616217868012,-0.9556633054034704
2022-07-20 21:00:00,5.0,82.0,9.666666666666666,46.0,7.0,28.0,42.526798460741,23.01802822141934,6.055806106406498,5.690379283297294,48.988371608458245,49.36599117257871,53.901841900291714,59.99043472678007,66.53895862638358,74.59027211412963,77.31680920529705,71.93147826226006,56.8041526502614,33.071725684251,24.57504759009469,19.79690377295154,17.680794894522318,16.546610583966714,15.229481942052686,13.972524080490553,12.479600926956136,10.774255761794462,9.471647807897336,8.308969116615268,9.443370286311032,-0.3108569682435036,-0.9504567035349152
2022-07-21 21:00:00,-3.0,87.0,49.66666666666666,34.0,13.0,18.0,48.08847997738623,42.93224051076593,7.0034737250589165,5.976708382539436,63.13911787313433,63.48910061185891,69.31245232365343,75.31975020524462,77.12302408644902,72.82071083390142,70.79499954027148,73.72380372083047,78.32739626728828,80.43786466359055,75.2592104128777,70.99502860230935,68.94811510220946,67.59633463019475,65.0326786646323,59.82492298232274,55.31642199130759,52.03290489607155,52.58773140269917,55.19379216477802,48.73278775805237,-0.3271603271220951,-0.9449688462364056
2022-07-22 21:00:00,0.0,85.0,20.666666666666668,36.0,7.0,26.0,42.98457641622917,27.4557389285104,8.27916445475544,5.63132552773766,39.776910909869606,40.0903911651865,43.10180699881242,47.73258177065397,52.99788437161054,59.598566759307936,67.42639091489576,77.17470923102184,85.86189997473886,91.03628167645684,97.09914900752229,78.62966437487802,44.07270750143286,19.836013296780003,3.891249621068628,2.019113886924511,2.149833490170987,4.115462910761308,6.096222455077955,8.520698729855628,10.132340486272794,-0.343366873996388,-0.939201357453208
2022-07-23 21:00:00,-1.0,86.0,16.0,26.0,8.0,22.0,40.17284207482452,27.80738096003377,8.610521453234481,5.198474974731947,42.88623657755533,44.44073094754766,46.23894750847469,47.84419062604163,50.89832532067812,55.08658264633287,58.43768205016293,58.981105970677206,56.69287406547695,53.83010876852448,57.29044028842842,61.63968321272692,66.04944196040506,68.31098466617193,65.89190931987297,59.05974954375928,47.40040041724639,32.77589226532433,24.33715223073573,15.9656541463788,15.263858717516756,-0.3594718130884232,-0.9331559438780432
2022-07-24 21:00:00,-4.0,88.0,49.66666666666666,27.0,8.0,20.0,43.43859766955949,40.16265938660406,8.074820633848017,5.450465603646601,44.26124236271521,44.77725093052181,46.51392418581892,48.94914602386283,52.859255532192215,57.65974124670398,63.65272457132506,70.58302903793842,77.8348426376252,83.22256410577913,81.57058272968577,79.70325018640281,77.69683046523124,80.50662532927146,83.42618278433946,87.87887713265006,91.24956296924654,94.28305384557984,90.40940261549706,83.5651909083354,53.34861938034378,-0.3754703786876202,-0.9268343944460494
2022-07-25 21:00:00,-2.0,80.0,66.66666666666667,22.0,10.0,23.0,60.26760290646864,44.36206084881834,5.735508654235344,5.897772346357011,81.1243399479258,82.14672063305538,82.08234183957003,79.13244840704112,81.5876301617389,86.64318313306725,92.85483897795702,97.19941908946468,100.0,100.0,100.0,100.0,100.0,100.0,100.0,87.59990019994468,70.38794375188776,49.52944697687649,36.28249376398172,24.63232223521486,15.554458543701337,-0.3913578365610259,-0.9202385798054076
2022-07-26 21:00:00,-1.0,78.0,27.33333333333333,43.0,7.0,26.0,43.47303827132608,22.60114031354267,7.244823456718858,4.222544265405886,47.336966564287486,49.2138543465458,53.979038363684026,60.17184397695053,66.81382716402354,71.35537118646415,71.98253061698956,75.06576759904577,80.39985431832098,87.15118316796342,92.1132758373396,77.65750251416848,57.33126282980116,34.70125748703933,21.312954808513982,15.06323081085124,14.608346182640378,17.112339474971822,20.360208128213984,24.463822814311943,26.077702756281823,-0.4071294853542516,-0.9133704517637858
2022-07-27 21:00:00,0.0,80.0,40.66666666666666,42.0,6.0,27.0,42.21952961285212,26.80502102881177,8.348071736225993,4.143891361541808,45.038973252658906,46.89975706290813,52.275138235383686,58.4487238755527,65.64763690694494,74.01948088251848,83.51914191540325,87.14588929533296,89.60586227674168,91.8311769891807,87.03737077282426,86.15673752192119,77.85574978837323,40.20939768378008,18.944437213661,11.522087647077637,8.917464105088161,8.857814647733976,11.38504949856724,15.501336080922606,21.85845670284824,-0.4227806579826773,-0.9062320427107696
2022-07-28 21:00:00,-1.0,83.0,27.666666666666668,37.0,6.0,18.0,42.67980812077554,34.1340167834234,8.03928197121738,4.677542672178155,43.99825955080498,45.17363019570303,49.92277819807753,55.32757959895158,61.855838765711965,68.95039307888538,76.89535230294403,83.50555754620746,87.21018419318506,90.81958487983104,96.64225882448464,98.7424640342809,99.38533976192292,87.57187107814013,71.38675138664169,50.03793221117076,34.11474658157419,20.61131283139397,11.633367490872958,3.1960414435565534,4.941552186483196,-0.4383067230125192,-0.898825465016444
2022-08-01 21:00:00,0.0,83.0,35.666666666666664,37.0,6.0,20.0,45.84229838516558,27.81432075986733,8.354920911437649,5.727639455824567,40.55332077388277,42.03886398354451,46.31415254864024,51.22092089945358,56.4053546935305,57.95766157241099,56.2409310961677,57.41343234519432,61.21154235851844,65.81096706013035,68.49866962770123,63.4047957733041,53.400879653771895,39.1095707331792,31.620336902371697,33.481939040473726,37.228107327501306,42.41067961355295,51.35712158567518,63.2923227883534,61.83974392349568,-0.4990686026885319,-0.8665624788845385
2022-08-02 21:00:00,-6.0,78.0,52.0,29.0,8.0,23.0,62.15225499128753,37.61518271264704,7.663015376475667,5.180676085741228,48.84855078318702,49.54802512208399,55.13835490928343,61.35779381648566,68.49921049706921,76.20012034827745,78.33186736954559,79.37470343031579,81.8334741684359,82.87874313752255,85.33358898729607,84.58360662512312,80.65915355531239,80.65549008247525,78.96456644827215,74.13582964619401,65.34873263570535,50.00066958704839,35.504827712753915,18.89662944190814,9.405637243193206,-0.5139010013093103,-0.8578494977869301
2022-08-03 21:00:00,0.0,79.0,10.0,44.0,3.0,23.0,45.23861535325565,17.5862615843319,5.174321337348221,5.84807127581482,46.80170998044389,49.89041998663923,55.10045650937849,61.42472034958042,68.62105133991983,76.11545235369309,74.77831158596877,65.19989991216076,45.00808909293739,24.040040310274787,10.145660244322722,4.058026327775274,0.6437971382910002,1.5426039006602723,2.7974314888278684,4.551375669168029,5.7237613204662905,6.804739642738007,7.019351285531755,6.960477284132203,6.869466736525618,-0.5285813283559292,-0.8488826652214553
2022-08-04 21:00:00,-4.0,86.0,41.0,27.0,9.0,21.0,51.40112274719271,40.415691496325856,7.589288995373073,5.693695571057938,47.23036304352293,48.436573203593454,50.36835107230155,51.14886821356639,52.98212500452358,57.4595003538798,61.816600462105896,67.58982000613048,75.10460170585512,80.66956167066648,78.19016486906969,69.19067837492805,59.246186128603874,59.899532564323046,65.92914799324566,79.03877586971328,86.9339962505402,92.83927059171144,96.2225041895272,99.62759087306168,98.9732838894615,-0.5431052396834317,-0.8396646346181327
2022-08-05 21:00:00,0.0,79.0,61.66666666666666,32.0,6.0,33.0,54.11135105682001,25.135594546757844,5.421903557952328,6.0618610283494565,50.569490618562426,55.84676888578267,62.109415858163366,69.22886130967444,76.84675336915,82.89764066082947,84.65954926036827,81.31575008727447,66.53938114878663,48.71033155588368,29.5928683350544,20.5852258054236,14.87135565709789,14.74343317293821,17.900996621816294,23.279882913109407,26.88411420607284,30.50219145133092,30.23765349960035,28.858493755364943,25.07268390538185,-0.5574684374327892,-0.8301981337405212
2022-08-06 21:00:00,0.0,84.0,30.666666666666668,22.0,8.0,19.0,56.73420631391495,30.29705769145984,5.718586208910415,5.930186230406311,60.5569686790681,66.25519723654314,73.28797742488872,80.20146490735013,81.39299677315275,80.68718608794305,79.19417696999447,76.53712638194449,65.10835962528853,47.3371759761794,25.802832616376865,19.028706718285505,15.96266909931858,19.06283989396118,21.06487313528057,22.4865597572322,20.87838064898005,17.877670229392674,15.502558055845874,12.656292269098849,10.44435225867894,-0.5716666713027052,-0.8204859638785327
2022-08-07 21:00:00,2.0,83.0,53.0,30.0,9.0,29.0,58.59363005950207,47.541920354720375,6.248675975180516,4.60434768270618,85.6174664177359,88.20767760841636,87.22195816576345,80.41612634443082,76.33302108013511,79.1517702643745,82.15716916479592,83.01617191684954,84.98678235679506,89.13248203559729,91.79960200398362,88.9635182681074,82.77476408748493,80.50527767780805,83.06838454482491,93.38879808902054,97.4074928004414,98.83510103918746,98.54591222637572,96.5900596108368,94.64462502019173,-0.5856957398073508,-0.8105309990194823
2022-08-08 21:00:00,-2.0,64.0,88.0,20.0,4.0,5.0,67.43214236750362,42.01630064200911,2.5268036016931053,5.093308996888608,94.8046149263024,98.7488414261694,99.41274295669923,99.11857622956896,99.44007551736736,97.714985273512,97.67241388793514,98.65310000233578,100.0,100.0,99.75341807446569,99.71753837495643,99.45983261954298,100.0,99.90721785722396,99.5976861163776,99.20821259885072,98.99598485564094,97.64807719377448,94.0231383225618,94.27946155483362,-0.5995514915196489,-0.8003361849976323
2022-08-09 21:00:00,-1.0,64.0,85.66666666666667,27.0,7.0,5.0,77.99002766483804,33.76920681615987,2.951169688154242,5.013209146284924,87.17353666307572,91.0906413078242,98.50912669661702,99.14147189906257,98.508830524061,98.5331398597276,100.0,99.79353434698808,98.94776157787396,99.49106666075092,100.0,98.88174273352858,92.2353194539186,78.88668890279627,68.00836194706893,57.86927592496329,39.74459351638813,16.210424887332202,9.330264767117228,5.002930597035389,4.733981075019477,-0.6132298262997502,-0.7899045386224707
2022-08-10 21:00:00,-2.0,70.0,70.33333333333333,33.0,3.0,16.0,63.3915310706012,19.95213241654964,3.1173106312351835,5.848646176875711,69.76340312495267,75.11737471272674,82.83302823380966,84.16788590434673,83.40436585329775,90.06495369294466,99.23540052519054,100.0,78.34048088642777,51.00131170000968,24.998863104905105,13.436690460472152,6.3817132483438455,5.58628439956249,5.5351166352232095,6.080478880837784,5.799713545625767,5.117564482123104,4.363065396867198,3.3346072183173403,3.15756790378643,-0.6267266965083301,-0.7792391467859886
2022-08-11 21:00:00,-1.0,75.0,68.0,25.0,6.0,21.0,61.777544009622254,28.257400697448382,6.754312008436534,5.594555531149287,57.987630253552894,59.92189438428904,66.43938760375244,73.65471771334381,77.66293720150868,79.39615963770457,79.7869229955778,78.93896526561804,76.21820698666674,71.83203087215571,66.05992234198787,57.52094279696627,49.13673579936387,49.5493642382601,50.98905822091018,53.41170600225094,48.58990710154981,38.56508409966332,28.883735237727787,17.57521490749649,12.718961951315247,-0.6400381082043503,-0.7683431655492202
2022-08-12 21:00:00,-4.0,72.0,31.0,39.0,6.0,34.0,51.210522217698816,20.31090678752599,6.373479022240278,5.74314115551344,50.90101099159246,53.86967815579593,60.0447437739008,66.85909158354605,74.10416603240749,82.43817969685504,84.69919436554075,88.995499538292,87.34424983116001,78.65584353024666,62.37738124666885,37.05082783170383,18.52413944398281,13.596308124696243,10.495075783999791,8.745457096370664,8.99065530884624,10.115153172586078,21.851147820612844,39.69676267531773,30.960718840244777,-0.65316012232693,-0.7572198192083127
2022-08-13 21:00:00,-1.0,72.0,66.33333333333333,33.0,4.0,36.0,53.11966776632261,17.31514342826325,6.189845473133381,6.056454162721239,48.31801583936918,51.49456040777002,56.67885421551704,62.528258513177526,66.38449226286987,66.30657391259834,74.92827541659257,81.74561822566542,81.224101370419,65.38885421111907,33.61663396122638,16.867942961743747,6.630774431985612,6.345552517309394,7.107100866865977,8.752959333804771,11.39177494157586,14.786338972927554,31.862570608973297,57.086414672358366,70.99577446790285,-0.666088855860977,-0.7458723993404063
2022-08-14 21:00:00,-6.0,73.0,30.666666666666668,28.0,3.0,33.0,55.23107333223108,24.772154341552344,7.99335783845603,4.849132009171097,59.104307481126696,62.48242836964728,69.0206369436782,76.03509297054381,83.98632353164938,88.1530622601566,90.87986173420556,93.7001001476712,91.64979974710498,84.96848468522714,73.93968626851681,75.4840554404378,72.87274831101446,52.58099595012893,29.968952909490906,7.57783450999909,4.975071187330106,9.412769541333017,15.054645378724077,22.87465679470392,20.140318716000944,-0.6788204829862355,-0.734304263829602
2022-08-15 21:00:00,1.0,76.0,31.33333333333333,34.0,3.0,1.0,48.17457101146339,25.186476779044217,7.893344154913637,5.634559531046161,52.377276921349605,51.1517153191212,54.35125365140768,59.87093250984085,65.78338242414567,71.44137287239404,76.1481801746391,78.54350017653044,79.37571466645292,77.80587583306364,71.22121665435,83.45697749198519,94.00051444413,90.37070903780334,70.75798607042462,38.94427863586164,21.516863077554763,6.231835874240528,11.721711805321542,23.90574495623028,40.9616092219032,-0.6913512362094071,-0.722518835873311
2022-08-16 21:00:00,2.0,76.0,49.0,17.0,7.0,7.0,51.79248207523655,24.883771797550576,8.244367345721457,5.108630343688769,46.94167507636057,50.72321305446141,56.06131641902456,62.21747421804561,69.45287839021061,75.96942846924283,77.0509822434665,70.28185768006743,64.2011063857398,60.12988094258299,59.44704295580638,60.86117765200455,59.68367937640775,54.29411436494296,45.3851800075577,34.62631422260961,37.2525824546404,43.60182639536819,58.38562201209496,77.03994242684182,66.50848055668777,-0.7036774074790128,-0.7105196029692745
2022-08-17 21:00:00,-3.0,66.0,88.33333333333333,23.0,12.0,4.0,75.4057685928978,37.74009855850149,4.279513543162313,5.909368647168965,94.46117271585216,96.80857826947282,98.94719853770832,99.79641270024574,99.46335435298604,99.24495280198542,99.73085245544188,100.0,100.0,100.0,98.14102753557404,96.26455151499624,93.86066131995987,91.47217213472383,88.92342903929283,86.24720598282323,84.77536192339274,83.6766329382894,79.55960841247212,72.59364920751497,66.45004408461182,-0.7157953492826642,-0.6983101158835584
2022-08-18 21:00:00,1.0,67.0,82.0,14.0,6.0,13.0,83.98355840648121,37.67941968942041,5.546188280140723,6.571573686261801,89.78877750433115,91.42979622470348,98.56500821180413,99.6974619781723,99.415576992904,97.73793265720248,94.38805014720758,94.14063636196536,94.7493306569736,95.93578272363196,98.5800768196369,99.8201971256661,100.0,100.0,100.0,99.96152239966187,98.64082281450574,93.20603200943884,85.40007346659702,72.4196739558124,65.4812693232153,-0.7277014757264236,-0.6858939875998223
2022-08-19 21:00:00,0.0,73.0,58.66666666666666,32.0,7.0,28.0,63.75884189409329,31.427259901816807,6.764709017128996,5.611374651660598,69.22362315468509,70.16065554310342,75.65940907405843,82.8395795118556,89.21596898098983,88.25898396823321,87.23797170277001,89.6918429933582,91.10225448351136,89.54888869633011,83.65019127233782,78.13595872350777,71.80385416918972,62.98670149980421,53.9776882315675,45.08876328914656,40.4394985978947,38.06270256946957,42.97208805288438,51.65744292224168,64.38573634519777,-0.7393922635959241,-0.673274892250183
2022-08-20 21:00:00,2.0,82.0,8.333333333333334,43.0,3.0,26.0,47.35101209289196,30.122799665008035,8.174593219518625,5.119271698609538,48.30729279403095,50.88248450236475,55.44454817582567,60.86202217996636,66.52873059522591,71.58815802017092,70.31312869599124,69.09199951149674,68.5051996806774,68.00747923722969,66.79486910826313,69.49239617627792,71.65097564776391,73.75211866641247,71.9422766089699,66.80361633304479,57.96118063318671,46.93008873729428,38.29110830121403,27.774111269043,17.372952616882355,-0.7508642533989489,-0.6604565640279754
2022-08-21 21:00:00,-2.0,83.0,31.0,31.0,6.0,19.0,49.209015523499446,32.07412919072044,8.341381815691363,5.227742660176206,52.67150300236565,55.12289600043617,60.41936453336015,66.73490246914123,73.24949686302142,78.18501272104704,79.00003392928025,74.3554136616859,69.71014865148842,68.04233742170305,71.89158142359443,75.33457448292323,75.30369751315537,67.9496424079279,57.76958097460272,44.232341960970444,32.62654554624776,20.391063958432305,14.0207837100053,7.376160587236309,7.41373589619342,-0.7621140503891487,-0.6474427960827475
2022-08-22 21:00:00,-3.0,79.0,49.66666666666666,21.0,7.0,19.0,50.39386827036606,27.121816872050765,6.7332619220154415,5.583745681104267,53.3951564279027,55.975727528543096,61.78165932992336,68.19777396988512,73.74145268198595,77.31702815685406,62.87188581475379,42.02017864238088,35.90172472823658,36.591702852223165,33.5874776676885,30.42381124221428,30.49925654561888,40.69084383520702,51.29069307255249,62.57044392505424,71.21034134527504,79.82269712671378,75.69474766548096,66.58518820578077,57.18361026490748,-0.7731383255706026,-0.6342374393978054
2022-08-23 21:00:00,1.0,70.0,85.0,14.0,4.0,10.0,78.481394078393,40.92733274452,4.106683979850061,5.98174226999243,97.206936211229,98.5208601104944,98.96855639512634,98.88603616736322,99.0709777849508,99.53468500609196,99.94669783798284,100.0,100.0,100.0,100.0,100.0,98.9588745422312,91.80734773493022,84.47179015176081,78.84326068159396,76.78475975148933,75.00000168141054,70.63098127739168,63.60952872149706,51.68635407448762,-0.7839338166829201,-0.620844401650647
2022-08-24 21:00:00,-1.0,74.0,60.0,22.0,3.0,28.0,66.17933131928622,37.67053497516397,6.231982104646388,5.554120458494786,72.32664505890695,76.1259538921196,83.90394512119612,82.78537247565417,81.97880152486464,85.13196815048042,87.12411264652337,86.51268175557462,85.97346820131682,85.94373037660753,86.69564981530337,88.35846200203983,90.04455795712282,91.03113942270448,89.48356519100881,86.02534256545937,83.93346690117423,82.50594917904276,81.77984682737048,79.42012391699423,74.33022116644958,-0.7944973291665992,-0.6072676460566135
2022-08-25 21:00:00,6.0,75.0,44.333333333333336,36.0,4.0,32.0,59.62226929298537,33.14400686238278,6.61248980999059,5.314741447012089,57.12525999015797,60.32664670119114,67.20872571015674,74.88937059186438,83.525905527133,88.99158852161825,93.39117271927223,96.77825420757014,97.32544114365732,97.0286605910599,98.31781768735976,98.90624875557528,98.9771110817164,99.54634097102996,95.4250485658199,86.22141642110734,71.04145319002917,52.15850239068832,43.48970355108361,35.10759255382705,38.91675080313222,-0.8048257371083452,-0.593511190196115
2022-08-26 21:00:00,3.0,67.0,84.33333333333333,14.0,6.0,17.0,81.06588268605375,37.12553137647057,6.475016114489153,5.635712973140114,82.40492882865541,82.85801163667038,89.37187814849213,98.07285058241337,100.0,100.0,100.0,97.39341315414136,90.92511234132633,86.3207265485104,87.5403302514776,89.61825330107264,90.1228730465512,87.57236131634117,86.45123317900392,88.79999333550181,87.71132433008879,84.96437574137325,88.23591309695531,92.9180183203816,96.8288997019866,-0.8149159841660791,-0.5795791048257612
2022-08-27 21:00:00,0.0,67.0,43.66666666666666,38.0,6.0,34.0,56.43857637904146,22.73974154180904,5.552563921067408,5.807370609714466,66.4087542448117,71.100935724856,78.97775159939383,87.9166558320832,96.71457219148247,99.0236207537676,99.26352692901088,94.99493283649076,87.61289909068577,75.51079970054057,54.04076137082146,26.95546374006001,6.017745809758038,3.440446276087726,5.143223586582199,10.751745149425853,12.593010387355257,13.1728846939452,13.683501154031186,13.898575700560295,14.746227938635275,-0.8247650844733614,-0.5654755126737576
2022-08-28 21:00:00,-1.0,74.0,10.0,31.0,6.0,21.0,51.50253858578976,15.225734995850267,4.741556374420368,6.1908817511226015,50.04979477520081,53.84613476537554,59.314335466479086,64.97888775015448,62.740295255240206,48.61325571046966,24.248789032817648,16.116553194022305,15.748340241715733,17.28365717406591,19.261531296258312,21.15244002888113,22.66599672202269,23.483643452027884,22.18739126584032,19.52043150830051,16.655278464088504,13.068817396313229,10.794900163177903,7.989521330450709,7.6212246898822595,-0.8343701235229537,-0.5512045872199277
2022-08-29 21:00:00,-1.0,80.0,54.0,19.0,7.0,22.0,58.20002676000418,29.720427991215463,6.958250811692204,4.82120343571263,61.035404626998,63.97106448149796,69.65491870767781,72.82973857216307,73.34659620176184,76.16724608840262,75.1205520396023,72.36566707923134,69.23751052018197,64.6488027915879,58.048043541219,49.37406423783368,39.083968004618015,27.64813787896079,18.49760936289463,11.729087199155188,7.915935308290183,5.094766330825177,3.9869975996289497,2.9938084479030134,4.129158673939901,-0.8437282590292712,-0.5367705514607103
2022-08-30 21:00:00,-3.0,84.0,20.33333333333333,15.0,9.0,19.0,58.723779872338135,37.84633667542485,7.302734649836494,5.210334961099025,55.7639194593835,57.29573213178444,63.02826934646952,69.84773852251355,76.91184434571193,82.36485624265106,83.11185551895042,81.79561625036573,80.23090989384043,76.70831946246437,68.47249261834493,62.43828912821365,57.04678374045644,48.13506882334836,38.18308528146961,27.124372375786887,18.46315214316881,10.459438577787262,8.383909603963662,8.794693717944076,10.287311590693632,-0.8528367217694595,-0.522177676659508
2022-08-31 21:00:00,-1.0,70.0,87.66666666666667,13.0,9.0,16.0,84.1691421001808,33.83174224196248,6.986580027389993,4.429174592324511,76.82175438003217,77.65683335622796,85.80318916801636,92.56545712055905,92.94579206893422,84.29785463601125,74.64739351744713,68.97245998285865,65.1241364420065,61.59420394297833,69.26375812487319,75.23727125081523,77.66973944344886,58.2868756696325,38.97158573377034,24.8779630416061,22.67425154923645,32.904727522495456,30.159179436432744,17.575584148024323,8.415274076525026,-0.8616928164028521,-0.5074302810827518
2022-09-01 21:00:00,0.0,68.0,29.666666666666668,46.0,8.0,28.0,52.54132558106587,17.83466935362507,5.231902895735592,4.748588358159264,57.39264965982693,59.1660876540678,65.32363792814456,73.04495218285601,72.82937651315864,69.28737936586579,72.72995005049756,81.50383351364613,90.99401040204204,94.6445836588076,79.80322353464176,54.98002223748668,35.81463312336706,33.24698065517415,33.323257104742574,36.30939948452306,38.212651065258406,38.79239449126794,35.88901501515237,29.8974664463545,28.59577583021936,-0.8702939222685674,-0.4925327287220543
2022-09-02 21:00:00,2.0,69.0,6.333333333333333,37.0,4.0,25.0,47.116170975474176,17.23415042123648,4.36655642068329,5.867672165585366,50.39013333478148,54.66750292456497,60.6653579524358,67.38777886834141,73.16448405446697,75.57295509493571,73.743336128566,63.080097661278685,44.8550606255148,30.36992909340899,20.09573639002193,19.01357487235934,19.65747297990907,21.974623780546544,22.266221753329283,21.31776485833316,22.113867590821325,23.395338174431952,29.332935383367463,35.8825497195004,29.237934397082565,-0.8786374941610001,-0.4774894280028391
2022-09-03 21:00:00,-2.0,74.0,47.0,23.0,7.0,19.0,51.50253858578976,21.386881421424498,5.6726027061477335,6.247228360201386,46.05364397014937,48.44387842271613,53.2740582994603,58.87051336631328,64.2353544390885,64.92582411999423,61.13761422970403,54.67064994510597,51.15180916233396,48.34346640496764,45.56662213289703,41.8320673163288,37.22793581925436,32.43372890147164,27.962530575866683,23.15524855083125,22.56492099159431,22.36974291995009,31.41819265406811,42.98273778403091,43.15068181365341,-0.886721063082993,-0.4623048304798108
2022-09-04 21:00:00,-2.0,64.0,69.33333333333333,16.0,7.0,34.0,67.43214236750362,30.35927062868515,3.8060397553948575,5.627020916666252,75.86106566500544,83.95540275281633,89.89268185593244,85.16369418610707,91.4556058171631,92.95008837534124,88.40156868548115,81.86640088379053,81.53890455360522,85.8959414546639,94.50257698794697,97.38275721887136,98.95271172477568,98.5652866671221,87.23482647179554,68.11119916987714,62.35533232414705,57.32389850206394,64.15670010512521,71.54482844070166,65.65723097701027,-0.8945422369764496,-0.4469834295196741
2022-09-05 21:00:00,-6.0,65.0,61.333333333333336,30.0,3.0,9.0,60.49298141272323,14.215680874797568,5.060730801367669,6.083878248154233,53.87646655088292,59.73606738983563,66.38310452043677,74.55978665984574,83.96028288002034,87.27743822829535,64.84921245857697,15.525410193560576,6.299569317173797,4.153543623351306,5.906716136251087,7.904123902161182,12.214992782722687,19.635191322430497,27.51572852490268,36.8385228085616,38.93909397064858,40.577022502882045,39.62196719217712,38.27610424423975,39.71230415617531,-0.9020987014301836,-0.4315297589714714
2022-09-06 21:00:00,-1.0,69.0,8.333333333333334,33.0,3.0,36.0,48.91231522715638,16.97842641034108,5.990133995999104,5.929936295713732,48.41986885384242,52.56864033061185,58.44165044516287,65.04286019983202,67.07905960938227,51.572881670258894,31.55764808345061,26.10139239919097,30.74292891341804,35.73831884041951,39.34833649151322,40.417383694295616,42.590062624175104,47.06396667268373,51.00813153789271,55.05648870451476,52.52578248459837,47.77503720457282,42.81900281107358,35.56909829312535,28.18884983536137,-0.9093882203647924,-0.4159483918249421
2022-09-07 21:00:00,3.0,73.0,4.333333333333333,32.0,3.0,14.0,49.51100320358757,21.57083086622277,6.567104893605459,5.26355268270342,45.279300640557246,47.92974434101429,53.184464625304784,59.00065303180474,65.68392204240496,73.7048173477581,82.16598807427634,72.77098344504597,63.19605695059644,57.016697598405706,52.26595450757263,43.63405687223113,35.794584545974224,33.57157163264061,34.183438455777576,37.13342995313022,35.306495754857,30.734757192580823,22.795435887596767,11.754502846535992,9.23754003062605,-0.9164086366943458,-0.4002439388573056
2022-09-08 21:00:00,-5.0,71.0,55.333333333333336,16.0,3.0,26.0,59.09625567070867,26.449046441955204,8.135279400041796,5.514339340047837,50.76146166228647,53.18423891980583,58.76290157193292,65.5086825056976,73.31239043260037,82.26306209121029,84.84580226875478,88.66380330571333,87.54174393065186,81.85772719560327,74.64850354976451,75.41337109079534,78.06249118633481,77.98957694038717,69.92632500250771,54.12252022182711,49.4454399745014,49.39414451873915,52.55241878067272,57.49828225221244,55.2899146094265,-0.923157872964704,-0.3844210472688554
2022-09-09 21:00:00,-1.0,74.0,11.333333333333334,32.0,3.0,1.0,53.405642578269166,20.52989458597437,6.808812422520186,5.557020594619923,35.10918217038457,37.49292515894522,41.642223869421294,46.67886307486016,53.25130650030509,61.18950776100935,66.8924090750971,64.70128024227482,50.52570724457547,31.296124862555107,11.938988042302809,12.199476095399426,16.901324132192578,27.10235158203767,40.58086455515897,57.072108571848815,69.50001208276694,82.11657686715452,85.47313518110184,87.80495730977222,87.83681992087281,-0.9296339319682696,-0.3684843993077793
2022-09-10 21:00:00,1.0,79.0,5.666666666666667,26.0,3.0,29.0,54.11135105682001,24.573519998315312,5.622963871335241,7.117855676089744,47.12513788102538,51.3831491303074,56.88966611334364,63.690048330504645,69.73339615914652,67.99220417077233,51.42735304657118,35.30040318011301,29.56916144038821,27.325442350908368,27.21370611646194,27.61723993772387,28.36583372193197,29.587702963197327,32.28159952680045,36.16494453861122,43.0000137463068,51.72365100772202,56.64116462866085,60.94716832518681,52.94981647607045,-0.935834897334994,-0.3524387108846032
2022-09-11 21:00:00,1.0,79.0,56.66666666666666,24.0,4.0,31.0,56.05889507838373,21.862642327496925,6.664519313686724,6.611278830934096,47.72916654957972,50.53511134756076,55.64047474156587,61.51853219078366,67.89208854290077,72.82214165507516,68.58766586576073,56.99659790634971,41.67227041008838,25.905658885540923,12.632545575636437,8.802131779001558,8.042556369047746,11.901024278913864,15.282590903413237,18.40856846936802,20.570992234507035,22.62481115972757,23.764310316460783,24.546220093305102,40.30273183933446,-0.9417589340994617,-0.3362887301766828
2022-09-12 21:00:00,-2.0,78.0,45.66666666666666,25.0,2.0,31.0,55.92225541850748,29.66174231220175,7.700439252169991,4.026719019409753,52.03686960912043,53.468094557483184,57.95169532853959,63.68615367060578,70.20677471660636,71.89907947656684,63.34483521754062,58.683016352639264,59.68860601141457,63.642794774888856,66.02690277300194,70.56151568829266,77.31167389121346,91.05504253754742,97.10460169831178,91.2507034594172,77.79733929880733,59.2257432174748,39.938799746020806,18.55133815695053,21.862364408856617,-0.9474042892438844,-0.3200392362231385
2022-09-13 21:00:00,-3.0,73.0,71.66666666666667,19.0,5.0,16.0,68.44137294700022,35.37966739209444,6.554530482577739,5.15770812607646,65.85860871417502,67.83969463656447,74.88168825756654,82.08492497693277,84.36897867540924,83.37417027135575,75.18739536084144,66.09828742013293,57.89656626035941,51.76858489653176,57.14145089371672,69.78478590235704,86.1145221033474,93.52959815377493,98.35607302376307,98.89206733041802,99.697251420647,100.0,100.0,99.45503858390272,99.42926820927406,-0.9527692922168512,-0.3036950375106588
2022-09-14 21:00:00,0.0,68.0,51.0,30.0,13.0,27.0,67.88602556705558,24.2109861505118,6.15135059361422,5.690748599972269,68.11086953477886,68.47356449359266,75.10558756970562,81.65083514491288,84.92885992915207,85.33141805959526,82.64585171981567,73.61122408298236,59.55744113295263,46.70358462510664,44.68227703933178,47.20612806078736,54.72663920478329,54.08321859305574,48.938887495558,33.35466900480051,24.069894159010143,22.43999022576569,24.05885221689129,28.11427353596288,33.1068816345911,-0.9578523554276668,-0.2872609705505963
2022-09-15 21:00:00,0.0,58.0,32.0,46.0,16.0,30.0,43.64681638245789,9.184887141767168,4.518339461519998,6.363401350599956,51.73073581032352,54.08318514177085,59.26913479999525,66.39790933815611,74.87009216757946,84.4760694776,94.9575720115144,92.88578525443243,67.34854055908774,37.653363565777134,16.552791096726253,8.21439557460198,3.853926153471349,4.781660128723094,6.088411475291005,7.874089885329136,8.585166717436293,8.801286423599313,8.353904320309095,7.341619082863487,6.764382522095722,-0.9626519747161488,-0.2707418984477642
2022-09-16 21:00:00,2.0,58.0,12.666666666666666,50.0,13.0,32.0,41.95002379392463,9.636150060142487,4.8557052065071,6.013519040823819,51.11131329943276,54.307353832621686,60.30188678935156,67.07878223419613,75.31387615766197,83.88764397379543,86.10917363438466,74.03847904488426,52.94312041453252,33.20953233175285,16.63387014135548,11.58139003815734,9.632278135895104,12.635976759837597,15.093967455986707,17.34481259424955,16.36968986252302,13.71709662247352,10.261794834420344,5.516263171246417,4.607785689138684,-0.9671667297977312,-0.2541427094613622
2022-09-17 21:00:00,0.0,63.0,22.666666666666668,24.0,6.0,25.0,42.75117614476716,9.969589312588411,5.30976735080465,5.416640000470082,40.690992312695904,43.01512102837189,47.60951824548019,52.66814143473623,58.06843531708581,60.60194649778118,58.07369507288737,43.906392092195205,32.78792863949317,26.599653238038123,24.887102605927527,24.347937630825868,22.67584796861683,18.665505845204542,14.533841767521327,9.86467883886304,7.991018483238449,6.413960138818217,7.543861272436285,9.424547419760426,10.396769358454833,-0.97139528468375,-0.2374683155584684
2022-09-18 21:00:00,0.0,61.0,43.0,26.0,4.0,35.0,47.69042733003667,15.167157245163798,4.263799627514293,5.970445608914757,71.18390695506278,75.19130474112906,81.93823940457065,86.09951370693972,87.09233749346691,72.54273521332729,48.00692743537155,48.7527455266727,59.63227219907687,65.27931726189252,47.39302911997349,29.57892795182892,14.609370904747465,10.558820245267068,8.806578135143662,9.215812313042058,10.794207421545732,13.278840649018184,24.72300359925952,41.55404960103494,62.06895386005728,-0.9753363880767836,-0.2207236509605022
2022-09-19 21:00:00,-3.0,61.0,43.66666666666666,11.0,3.0,10.0,49.566968220769056,25.65335435766659,5.296238508575541,5.28963562530828,48.31550659092243,50.71902777237624,56.40963426775576,63.532488312433976,71.29247121918469,79.42428426386495,86.29701660204961,95.53319429422292,99.03743291411594,94.58503913393427,82.48022321638855,86.29625098287244,92.2311825296476,93.04521610408788,95.03910383373086,97.50373801158564,99.16572166287506,99.40650844717293,99.27563677687571,97.55383378766012,96.2544895719327,-0.978988873740932,-0.2039136706831147
2022-09-20 21:00:00,-2.0,55.0,83.66666666666667,15.0,5.0,6.0,74.37454876839438,25.3437036136421,4.351564381481297,5.854892571464766,91.70303054114122,96.12675181747764,99.69890510856942,99.3606491529376,98.82016439623996,100.0,98.51244296394307,99.05308664959232,99.50565399396882,99.44501842255956,98.93906214778212,99.46071502523796,99.44717193673227,95.96494723237214,95.84165116854814,98.03466071409504,95.05752525722816,87.89719338186113,83.32826227004969,76.63891458756517,67.58509555858653,-0.9823516608469236,-0.1870433490699165
2022-09-21 21:00:00,-1.0,60.0,80.0,18.0,3.0,28.0,77.65354848481704,22.810223020979468,3.4758984958403047,5.77607022474805,92.14959663222147,95.04685802981696,97.23694705120607,99.86254296777584,100.0,99.58734956246089,99.55801496292167,90.6605877124906,77.47547190990637,63.85288393046908,52.49644492068308,43.66092576858555,35.16379283452641,28.48120442023693,22.67415743356305,19.034824380872085,17.161991753900416,16.5952788296264,15.834759906275671,14.673333126576656,15.440835616022708,-0.9854237542919524,-0.1701176783204905
2022-09-23 21:00:00,-2.0,51.0,77.66666666666667,32.0,13.0,34.0,60.94755811401487,11.623030520266912,5.161607353824097,6.044852858891256,63.65574292464801,64.38528368132418,70.02847694293685,78.23575538023859,87.53534681548885,93.00020798948464,94.94690914123692,91.4812863784244,82.26612381932429,67.93181442066395,52.6851857502547,40.32890716957032,29.428022977682684,25.329628146602364,21.648058780571088,19.146668923515094,15.833144524257085,11.682899724125416,14.94490573804637,23.297012375461662,24.6965136582549,-0.9906923101615608,-0.136120338622667
2022-09-24 21:00:00,-1.0,58.0,49.66666666666666,30.0,17.0,31.0,51.057657198173125,13.934770809545856,5.241117508134786,5.027308551494872,62.23872660399059,62.34926205166608,65.76848158858947,72.61213747236215,80.37082124108122,87.70499128850592,94.00971592724792,99.16301700225426,95.30029099458956,79.02336396222464,49.41226091394522,26.93059730353944,10.526602815420397,5.463202012104639,2.332947604382367,3.221778008841189,4.156446440258073,5.257427764327001,5.822587998541202,6.094635561239564,6.210355468533589,-0.9928872135356962,-0.1190587300340498
2022-09-25 21:00:00,0.0,63.0,39.66666666666666,21.0,5.0,21.0,55.877891212486965,18.8520736282564,6.821924840115599,5.580178575048342,58.52937415641081,58.659959043252776,62.08272391669085,68.44093995313678,73.20806354025422,73.78504166228548,72.85248928306581,64.73945130314249,52.62755485683102,43.32653032510419,48.60699015035348,59.85838173556718,75.7622099008688,79.93371711439929,81.36935420451486,75.13104081983319,70.60776085523287,65.46825322740813,65.41591227120597,67.43665911110679,73.11957580026223,-0.994788305609327,-0.1019618900517457
2022-09-26 21:00:00,1.0,65.0,60.0,14.0,7.0,19.0,75.31445549860848,19.04203828474126,6.645762761808196,6.717844073217179,65.481299587331,65.62898464622995,69.42845024601372,74.54299480018794,79.54154404612899,82.55260074426829,82.12031241592726,75.34648207969245,65.02012576391581,57.89133595807188,49.08682990041219,39.89896574632236,29.95126809891076,22.058878186708856,13.880994974677844,7.5023207874973314,3.1262461349841466,0.3959239075134231,0.9593235462542522,4.362235284454897,10.283554616086544,-0.9963950238187232,-0.0848348779057653
2022-09-27 21:00:00,-4.0,65.0,53.333333333333336,18.0,6.0,19.0,60.49298141272323,18.28107010015617,7.776572432970314,6.502763329401312,57.88515251435692,57.53769152833043,60.94395459971136,67.4492813219072,74.51198594940438,80.48150037585307,79.73177694275334,77.15880231623268,70.24636930014843,58.174016037468576,45.21544312364586,37.40236102450433,33.57131851951058,42.63846297534453,53.641217943474295,66.72691450714335,64.33925880333406,49.165751922379535,42.90645335920132,39.13226092848768,45.02805944414946,-0.9977068927101168,-0.0676827617545516
2022-09-28 21:00:00,2.0,61.0,46.66666666666666,23.0,5.0,28.0,67.0860046610338,19.48306876603564,7.100212295184413,6.255212545134014,68.20765081648031,70.74119397891967,77.80610659352433,86.6648250100746,93.90854085613248,84.65073379254616,83.59224455810423,86.68071702210051,89.9769426352143,92.71076141133597,94.5595996635564,94.12677561538688,88.04383537779977,65.98407724043454,48.97210014440089,35.86721478230835,31.45853466511695,29.79001873012949,28.79041810636473,26.76337907677629,24.358382592532184,-0.9987235240803972,-0.0505106171852228
2022-09-29 21:00:00,-2.0,56.0,45.66666666666666,28.0,6.0,32.0,57.04404158160562,12.453894624016709,5.3661749054023895,6.403364850522077,66.37353781941444,71.77089193906066,79.39182165847656,86.88799723607096,91.14348877206425,91.79961896777218,93.90077833608356,91.68808874396876,59.08140492192705,40.3081794671127,28.392795060577143,25.77396400461394,23.76965691044494,22.137860002936264,19.930065179756586,16.897687724212936,14.201226827877566,10.566763260563656,10.73528724303136,10.933612603001515,12.367273343703426,-0.9994446170919858,-0.0333235257116313
2022-09-30 21:00:00,0.0,61.0,3.333333333333333,15.0,4.0,23.0,49.566968220769056,14.443148687821546,4.799810067498743,6.319189888076108,56.39524613619036,56.02424821443323,61.1394498382444,60.76076393295765,44.79338613014961,25.32698754451907,20.76967002630216,35.58134461979228,46.95999249954149,53.7512019593344,56.15981193112633,55.74681600351396,53.44244148038768,49.4103247412579,45.77025326260625,40.977137250761785,41.01376941952903,41.45831411087113,37.312279290653535,30.883129811092648,25.28983536686649,-0.9998699583618592,-0.0161265732706577
2022-10-01 21:00:00,-3.0,59.0,74.66666666666667,20.0,5.0,36.0,59.69527644141496,17.514183787346532,4.420104887091963,4.708038498685852,69.70291011900069,75.88214537079341,82.48554523038318,81.40826832182401,87.40522461701799,91.62989693204912,91.48318506633758,88.3567020540037,87.62637979594255,87.41418589227654,88.68331178911424,91.0902250272799,87.92689973627564,76.78699979150383,60.54158941865235,40.21841741648832,28.32836156834311,15.776224208071064,13.649193171689957,11.826189658867648,13.248685109078714,-0.9999994220246924,0.0010751512827982
2022-10-02 21:00:00,1.8999999999999984,50.0,23.666666666666668,30.0,8.0,1.0,42.35132596651805,5.989531847371413,3.259951978549786,6.44048870318535,45.492676951004704,49.22736103071714,54.71710415152441,61.60965271224968,69.25232701448213,72.0873507330998,60.76168665180072,37.28069922709639,17.543969865875596,8.853379329273078,5.917511595968061,5.455571324469468,5.96620650563978,7.485235796036852,9.085693211036885,10.902584401185884,11.435719252976767,11.818590045379286,11.238123696418135,10.107019891084033,7.285828207415192,-0.999832969770105,0.0182765576816912
2022-10-03 21:00:00,2.0,53.0,2.333333333333333,13.0,1.0,33.0,44.60602665781027,9.538103720317324,3.696928901680955,5.199665809456219,45.49262979594224,50.104005724384336,55.36424118723225,57.87819757159942,42.33763825171799,20.41903140088932,14.666157696291718,20.77843342598884,28.74256020823997,35.091842030984886,39.78153706942462,40.93757453635848,41.16533096152018,40.13039809655052,37.273887630641326,33.00325835803405,30.277687916153027,27.351566948861088,23.43521703869317,18.70289987362388,15.892081155562282,-0.9993706508539968,0.0354725557531255
2022-10-04 21:00:00,7.0,58.0,12.666666666666666,13.0,2.0,20.0,49.107602398074,9.673217449383984,4.362564929200978,5.616153436820933,49.05120097117573,49.944607004751006,51.34160242287267,42.20292323032505,25.94805120719365,13.61798395085174,12.72682326542503,16.321439481903695,20.569642101897127,23.966230724925047,25.89804401820757,26.386677930831,26.656669923986176,26.48838782665288,27.279472207739204,28.72383709128267,33.65216911841551,39.96335763280905,43.098092792297145,45.959313533569855,41.85241080640944,-0.9986126020839734,0.052658056924614
2022-10-05 21:00:00,-2.0,61.0,35.0,8.0,1.0,17.0,55.59417457887699,10.03312724802332,4.732946523161681,6.0529553179893005,61.997501661326574,64.82164058134829,71.68362213857264,55.24157189969928,11.46441129436542,7.733515042106849,9.521889077393926,10.09597299152661,10.310569198670525,10.592152858772986,11.38969877890252,16.233006109236676,22.92850812762507,31.88449154859766,35.54259802179286,35.12925066055752,32.51692077911689,28.49646939861737,27.485638701975635,26.045262294482143,25.908277228398667,-0.9975590477788612,0.0698279757298708
2022-10-06 21:00:00,2.0,66.0,14.333333333333334,11.0,2.0,23.0,58.42632469788989,20.61955852510512,6.274001137817433,6.406265226724029,46.29482273543532,46.95470639965126,51.18718983146465,53.22262202845969,54.050290012728105,55.10568129909317,55.90125933574581,56.43085709460938,55.94712185240313,54.91240843048583,53.601173669425975,53.51880767797614,54.55758405809097,56.94183316252811,58.10270819628765,58.34892838648642,57.94446787369235,56.98729789426924,55.723924062272246,53.52192807698458,48.78543282041938,-0.9962102997023295,0.0869772313136861
2022-10-07 21:00:00,-2.0,64.0,77.0,13.0,6.0,18.0,67.43214236750362,25.197581418943862,6.922988995387515,6.622896184649357,73.51689125873716,75.09670026442696,82.2294894661119,87.26078912466761,85.5148361368262,64.98729719577393,55.02898252738781,56.99044615337158,63.27687600866446,69.96869001330334,77.03052620224587,84.2042993536338,90.46374018895364,92.25959696039816,93.23461040887538,94.24174949433652,94.09110737617094,91.545031949923,87.21158611322156,79.29620843131659,76.20858154933264,-0.9945667569706336,0.1041007489354256
2022-10-08 21:00:00,2.0,49.0,16.333333333333332,26.0,6.0,27.0,45.79565437652251,5.5135011950320925,4.745701238557031,6.647810077570659,49.84468315936757,52.230552420821,57.65138746931305,64.93183411439423,71.10588685340443,61.26350555647397,39.9467327318234,21.69424689000153,12.491352782881297,9.279062382096145,9.856446064364466,10.76052733574286,11.655559175870374,11.923081522677531,11.69732472651966,10.89156313832934,10.879388329945945,11.13610677167211,11.654358354563724,12.384488903061778,15.148325884486477,-0.9926289059345096,0.121193461470736
2022-10-09 21:00:00,-5.0,50.0,59.66666666666666,12.0,9.0,25.0,60.81309463361997,13.519874801680515,6.92950817856927,5.507908088239093,82.27712407509826,83.01182451986193,86.7270642441506,91.11717882934634,93.28092091619892,91.22901424968144,89.00474598524097,91.6811836147656,96.24026668823056,99.41960393555034,99.66518557312584,99.63291129455556,98.95571311248425,99.44523078187568,98.5912237222446,92.29744505190308,67.04167681790398,30.689874426314784,17.21890975321859,9.597847917277292,9.146630167333882,-0.9903973200352558,0.1382503109109819
2022-10-10 21:00:00,-2.0,49.0,26.666666666666668,27.0,5.0,26.0,43.95860445689687,8.302101378630478,5.907825357773511,5.990996386936263,44.70737562304884,45.8757477559355,50.71785817277911,56.819044244842296,64.02758831967486,72.80469193375923,82.92696175815499,93.19361312723773,95.33245217887932,77.64395167438167,42.825170933162966,29.32080251150717,22.99813995234352,26.22715291237904,31.216948498476665,37.92920775662444,41.90221299098108,44.747335749534464,39.38090454478908,30.0559478222832,21.80467374239375,-0.9878726596350428,0.1552662498599956
2022-10-11 21:00:00,3.0,54.0,13.0,5.0,6.0,24.0,48.48761631157495,11.260768105749657,5.151577773255151,5.706338363613582,48.39925038751139,48.90600158235274,53.334383761893086,59.15890309360972,63.70671410733044,59.52446852711836,43.221018446205086,37.14190610292842,36.76010385772562,37.75595287523944,38.68437488019686,37.99189681490367,38.11269295331996,39.085877027296846,40.46950097807747,42.237413912087305,42.93306121969815,43.11413106790239,42.83040431548745,42.17681814708036,42.157082580010055,-0.9850556718215012,0.172236243027682
2022-10-12 21:00:00,2.0,62.0,17.0,13.0,4.0,20.0,55.73631566879558,14.03876946022947,5.431793400329565,5.910240482415007,57.71544262740522,58.10577143571252,61.87336772338281,63.98667527137461,66.57925168977373,69.15300900628873,66.42457811098144,57.00249425391629,49.29231417576569,41.37293288500801,32.990190589272075,25.137594619946,18.411156729303787,14.80152717827906,13.380223034174644,13.595241591719356,13.692111428301374,13.63190158692082,12.78395783288768,11.41041821590366,9.768255481576071,-0.981947190186646,0.1891552687200409
2022-10-13 21:00:00,5.0,63.0,55.333333333333336,16.0,10.0,16.0,60.22936578777025,17.411108755722992,4.858869279642857,6.280482261293868,63.49113125237178,66.55095710297458,73.01768366780632,79.7711731454154,80.67574212632537,66.20406354251605,62.69018128118999,80.23130540504877,84.3717714010292,73.25416895902262,50.62591857509244,28.001957561466902,10.774942510504737,4.18796114488593,3.5023945953776767,7.670403160101771,18.21726088009469,34.01671900694431,49.48595373759196,68.9993234577974,63.956274925890725,-0.9785481345802032,0.2060183203251708
2022-10-14 21:00:00,-2.0,63.0,91.33333333333331,13.0,14.0,14.0,80.77268735476473,27.491032768244608,6.361499481702218,4.729723462175379,65.68477665752816,67.25274020177243,69.87947624332203,72.30340245408455,69.44418777474914,65.2281356179414,65.84087971090851,65.52346595683494,73.22895507318346,83.06811028028336,92.43796790568972,83.28457820682851,77.10935212250607,81.76716105549653,87.48564470463376,94.3538192961554,97.40500147583604,99.90063104512927,99.8218490953184,99.20807702453163,96.24457987255528,-0.9748595108374124,0.2228204077947995
2022-10-15 21:00:00,2.0,62.0,81.33333333333333,9.0,5.0,17.0,80.69837140029473,19.22422813565716,4.994062090348702,6.065256982227632,82.95123932489474,84.89394314199028,91.84872641211751,95.89639238221945,79.29033379365542,59.90869783865689,64.88692841760671,74.60254677345385,70.53320916531942,54.39764560721768,34.996455632184144,25.514789186813363,19.902582684826623,19.50390954434998,18.99773427069772,18.24670342737776,14.72436367818641,9.334099413152895,6.769398239006237,4.170748138144218,5.509473263701243,-0.9708824104813836,0.239556559120927
2022-10-16 21:00:00,1.0,59.0,25.0,6.0,1.0,33.0,59.69527644141496,14.351072738807398,5.047241566052305,6.4798827426638175,70.46376266820974,71.93239377557897,77.1497216766945,70.31784528105321,76.24269751614243,85.14899482513012,92.4134583646838,85.80638133967392,64.55834119874424,40.25714670964466,25.657020536204566,21.91225943631631,21.46734573034717,23.479439317173924,24.68587273789878,25.10799640724624,24.7561077703495,23.9577453776007,22.786089912753123,20.6639725165965,17.216859242625812,-0.9666180104000972,0.2562218218071163
2022-10-17 21:00:00,0.0,59.0,46.66666666666666,22.0,4.0,15.0,64.3868891219303,17.83411009637028,5.583251311174489,6.405417469023819,92.56941384565728,94.96345732520052,98.42936168871216,95.77970761931576,92.32953061781582,90.0695410266886,83.18386435849786,66.40967803673769,54.532997370310895,53.56951107099827,54.30488590663301,50.64525153282116,44.63911912255128,41.43533595054307,39.97527108994992,40.726723889516784,41.67748946706774,42.11814364601868,41.836333222312895,40.81059104555681,45.79979366436078,-0.9620675724981452,0.2728112643340191
2022-10-18 21:00:00,0.0,62.0,90.33333333333331,11.0,14.0,14.0,86.7316845637647,31.39898758939767,5.813034783950323,5.255826705591975,87.58959848355977,89.02403765508097,94.23302236333056,96.4871724485433,95.53865722931432,92.01948844350488,85.51061464968942,83.42834004683466,84.52680356762843,86.95617229040256,89.04872837328827,93.07163035924576,97.94761258473147,100.0,100.0,99.84794943150554,99.04332134435656,98.41375109285036,90.22930729456074,74.84615151967311,57.930293435987366,-0.957232443323312,0.2893199776186952
2022-10-19 21:00:00,16.1,58.0,66.33333333333333,13.0,6.0,17.0,66.73487075122688,13.043999309877744,4.366492896913781,6.091486211310524,69.37425588499102,68.53698591873923,69.06132054875039,73.85287282847206,81.04478549530538,59.81295156328893,26.23133669992161,15.691450123572157,19.75985468944664,27.4862588440936,29.24661295434973,30.67732301009972,31.548969437924008,32.06327688945776,32.21437594191299,31.987473175510463,33.29089709763394,35.42308686925381,39.97461944236385,46.567244522182726,49.59586546107568,-0.9521140536681102,0.3057430764672831
2022-10-20 21:00:00,6.100000000000001,52.0,9.666666666666666,11.0,8.0,20.0,52.17862386930955,9.130125758539796,5.445881400603917,5.978844992181842,64.52599296152513,63.19735452331842,66.44021088718269,73.32401835179395,80.92224292917837,86.99467721363733,96.4667280391723,83.87305507817518,57.12087445348148,29.61337148192655,14.597537074595426,9.275224194564508,7.746018929178584,8.665993033300758,8.797497700321252,8.104124519006925,8.948057915696369,11.061545839327824,18.678433681121465,30.43588527372725,37.88190618838271,-0.9467139181463862,0.3220757010206104
2022-10-21 21:00:00,6.0,52.0,5.0,7.0,5.0,21.0,50.14110407189405,9.69735303408564,3.695065813663002,5.797273287164259,63.71484158660388,60.99813806314008,64.70196835520147,63.92521523167601,48.48636369858151,35.00020180799485,29.45933864265594,27.695969534010462,27.236523331589545,27.388132639279977,27.65483733883139,26.569930769755533,25.48441853936243,24.7264416260847,24.76180180685455,25.882954854107155,27.38246270091833,29.168665462419067,31.61537954161299,34.30126228891281,35.07627664236819,-0.9410336347451196,0.3383130181923076
2022-10-22 21:00:00,2.0,58.0,1.6666666666666667,6.0,6.0,20.0,53.075888896656885,12.710745854602433,3.952389882077528,6.381959097508473,69.16580049634882,64.14737185977955,55.77106946682473,36.68665411894388,29.888904440063246,30.29379964887877,29.931111295128414,27.309530629000804,24.628343462003453,23.64719216285001,24.84324170412728,28.78323000516391,32.99618144407369,37.64068546739065,41.48172557359872,45.448797878450506,48.08650773121635,50.49168759810429,48.77026374783637,44.71838291975976,32.98902917106458,-0.9350748843515574,0.3544502230989869
2022-10-23 21:00:00,0.0,61.0,57.333333333333336,6.0,2.0,18.0,59.96347060974499,11.313773636902196,4.351065504956087,5.82813752288399,68.15082229736166,56.130064633028056,32.342226801694984,26.196708825113014,23.60440077742695,21.832526309988896,21.297125021673985,22.02447283331888,24.94223470745904,28.476760969400683,32.58753705890693,34.70844069973252,35.65440089116231,34.58789289658205,30.178011666861966,23.51379317112315,21.698432794103635,19.49854169518792,15.539138378258103,11.70477414712137,16.662320425685028,-0.9288394302558068,0.3704825404820963
2022-10-24 21:00:00,0.0,58.0,89.0,7.0,4.0,11.0,80.3969531641842,35.257785445303455,3.892332104801608,5.7390827730934015,97.62842394105876,99.37955507198902,99.5640287857658,99.81385271150776,100.0,99.94223846793676,99.54829322947354,99.27646800938813,98.38795199749752,97.91145420416278,98.52675679535648,98.33397456419196,98.55025899522904,98.91720019315144,99.04773634546278,99.0935212914146,94.4115419034388,85.91726853411576,77.84731228082151,66.90281456046819,74.37536316102512,-0.9223291176290545,0.3864052261209853
2022-10-25 21:00:00,-2.0,64.0,82.33333333333333,7.0,4.0,19.0,83.79480745527607,34.09172462055204,4.166597767998572,5.135598100742072,98.20849230578374,99.6100224067976,98.96690698725811,91.38711248423968,84.83836342191499,83.59301448444867,84.10648279281413,85.16265835361442,84.69065709895666,83.67221148687646,81.39576894054372,80.01216800489061,79.31079588251139,78.88697578724836,77.52381264698009,75.4718790282496,74.13877005801403,72.09399956901942,53.87513556421126,30.40106729202798,15.211749289534891,-0.9155458729775467,0.4022135682368036
2022-10-26 21:00:00,-4.0,64.0,88.66666666666667,6.0,5.0,11.0,83.79480745527607,38.98778904231208,4.850706880778396,4.994488319722343,98.353104154787,99.55832999305852,99.30768995218104,95.46469368125685,91.60891713600566,90.00984964339719,91.43099603403108,93.23622177336618,95.25365163343965,97.09514889883496,97.43009282570426,98.0213721893086,98.4124476094631,98.87045029080618,99.27393489028992,99.3556686339402,99.33463859225022,100.0,99.40734784610731,99.0529305122394,95.41270224911533,-0.9084917035725082,0.4179028888867866
2022-10-27 21:00:00,4.0,56.0,30.33333333333333,22.0,11.0,31.0,54.87491930550421,6.947140038849481,3.2364957508735945,6.082633323445619,66.27134656002997,66.13216003655428,71.8560208468354,80.27959928709151,84.10825234045187,59.92480272830635,28.71346837164388,11.961269630001585,4.112292231987639,0.8413668200643596,0.7375256885433625,1.1491989995540546,1.572690847515385,1.6032401604582849,1.7877090467146524,2.15070282410895,3.095803527846181,4.443512480910936,6.584448303741223,9.382829973671267,12.521377026285997,-0.9011686968561567,0.4334685453485363
2022-10-28 21:00:00,-1.0,46.0,4.666666666666667,8.0,2.0,26.0,45.310257474838735,4.878574167990346,4.110236813885698,6.180670705060053,62.8448023792272,66.09256571572753,70.0920751705853,55.32295106123362,33.34847049133952,22.74465484825357,19.33240592849828,18.97408217065522,18.733994971941133,15.81876481513236,12.422487923362064,10.06590861934767,10.768868748498871,13.248865959023757,14.797684278663578,16.43378189588984,13.288087673776875,9.09665765610446,5.732936480023392,1.059227160725316,1.1594623397233548,-0.8935790198239952,0.4489059314938798
2022-10-29 21:00:00,2.0,52.0,11.0,5.0,5.0,22.0,46.27635891221943,7.321938910234937,3.9386859172228,5.742582837224648,67.09530201855299,66.03229697078602,51.64777661674431,33.44708371143892,20.12918808105944,16.326255562808967,21.58736830520136,30.64072447709237,36.30128138469714,36.559277568840834,32.47418988244185,24.26923257011252,17.335181373840975,11.612856525604553,10.417586641009672,10.216273164363914,11.028795124430836,11.862994024622818,12.373229724040042,13.087018279177604,16.665202213739125,-0.8857249183835637,0.4642104791518923
2022-10-30 21:00:00,4.0,55.0,3.6666666666666665,5.0,3.0,21.0,54.72934506863234,9.743956437413445,4.699504480128591,4.669312816058636,66.73077883960909,63.65066443385713,51.21832823966757,36.96529207948384,28.345584145096243,24.87743841793825,26.5861572957878,28.708391193832654,31.537851652231,34.28082239492028,36.44582100476276,36.9399675647454,36.2480007758955,34.22640631263846,30.19932033668672,25.053040712144924,20.20299220943356,14.35110527304529,11.335221147740342,8.276225425187397,10.180872014282134,-0.8776087166898392,0.4793776594606945
2022-10-31 21:00:00,3.0,55.0,56.66666666666666,4.0,1.0,19.0,56.90263834392272,9.98308974463869,4.903933384418786,6.7577624673976855,54.22288820514631,54.38430965104071,47.196693575493285,31.55846461507021,24.79540224144781,14.94689696949856,7.624369190707468,11.088349659906706,23.04678495241628,33.14365961043128,29.55762579745065,25.396274310155714,23.39266456223245,28.82511196821881,38.58312866114687,53.77715618059511,62.807024764726926,70.05582987606289,71.21817513995661,69.53864912191548,73.29190208429074,-0.8692328164574792,0.4944029842076181
2022-11-01 21:00:00,5.0,56.0,49.66666666666666,4.0,2.0,22.0,66.49796581661417,24.31621408970372,5.468344856202777,5.824106716738302,62.72549519764301,61.039428111713065,74.35853179065889,89.46172038494502,97.97583098911208,99.39781097918912,99.22796809131704,94.33932644344188,87.94275275341413,84.54947564692718,91.28875628201952,93.57557617607738,94.16993707242584,91.971629507942,88.57864501685285,84.49376346234189,80.43133786552164,75.29507811915437,66.1760756548765,52.69376564545865,35.8418853416229,-0.8605996962501181,0.5092820071573356
2022-11-02 21:00:00,9.0,48.0,1.0,8.0,8.0,33.0,40.313950460575896,6.421152322471006,2.931087486680068,6.24553982257934,51.2564338842081,55.62314938180884,61.28353447614137,66.49167489181708,59.84454577589757,36.35179279379896,14.47615815653405,5.1540478929219775,5.078941891935277,7.092863859521158,10.187183919882203,13.473977017625192,16.909003198687294,20.59127246501888,24.09582759627727,28.2211425178233,30.86725618325352,33.59966428796669,33.09945780965079,31.36656746737308,27.76729821794685,-0.8517119107469189,0.5240103253675756
2022-11-03 21:00:00,5.100000000000001,52.0,18.666666666666668,6.0,6.0,21.0,50.14110407189405,9.6356125297,3.9370252411032114,5.681775158155154,55.24197512810717,55.20647521325963,41.21080562164504,35.640453191146484,37.16538033889087,39.03569657442982,39.32548522375581,38.52548340519883,38.26068636015988,37.28587403638542,35.82550861687044,33.42966105472548,30.390883555385923,26.26110211399712,22.315603606373283,17.615898682471702,15.058680083511048,12.045557820861726,11.06587498771655,9.822863019772182,9.75617069735888,-0.8425720899866032,0.5385835804920232
2022-11-04 21:00:00,1.0,60.0,17.0,5.0,5.0,21.0,57.60383842232024,12.727737409778175,4.916455345651665,5.617223491156135,58.25254438179997,58.11078222312504,56.0495799611611,48.414502015611326,39.00884919694392,31.665359022729945,26.40904449963096,25.55546857321144,26.5293540449112,27.619181821552345,28.437521336038607,27.99180616405293,27.440154505766017,26.72853219918121,27.451089163790133,28.899470367433832,30.40162096515713,32.08739289925626,36.790768063386246,42.90062091160159,52.944459637376106,-0.8331829385891785,0.5529974600700271
2022-11-05 21:00:00,-1.0,64.0,39.66666666666666,10.0,6.0,21.0,64.99819801604751,21.140595322238525,4.807946736602421,6.026187035946996,71.32951820955249,72.74957758785003,74.43681536596343,74.62141411175367,76.59059618773354,76.69579162455827,71.11929614246903,61.84004952765471,52.055858649134144,43.63825148014481,36.59397930279648,32.61596928279985,29.360783823043977,27.820398816809224,27.10606569839616,27.055820557493217,27.58855725298948,28.179302840390868,28.45892771515528,27.95241627312108,26.584903840497027,-0.8235472349556007,0.5672476988027229
2022-11-06 21:00:00,-2.0,68.0,73.66666666666667,12.0,11.0,20.0,65.47718858023127,33.10559523324638,5.804637009803235,5.844842534341585,77.47501978099758,78.77900984571575,84.13460993387466,89.53271866078538,92.02829301614264,93.03009228357487,89.75868889221427,82.25516650492308,78.0037233097573,77.5330171642256,81.12949957961668,86.37449474248942,91.837342107829,95.8049715899626,97.7945251825829,97.44229017931846,91.48966329011483,81.79686438985996,66.34823526288403,45.07203341707213,47.40896379965584,-0.8136678304455991,0.5813300798152042
2022-11-07 21:00:00,6.0,56.0,12.333333333333334,33.0,14.0,27.0,43.32579041155482,8.251259950280954,5.35134117226086,3.837432837567275,58.005791661232784,57.07821823431103,59.1674654511228,63.39476226560006,70.12285658971308,80.4544902550437,90.22314968917448,77.129824825565,51.2199923544203,25.527050046571592,11.396113868213572,7.821688900906517,6.960165937693269,6.995924917602432,5.846536538168003,3.567113127531364,2.703717603476749,2.321984793249415,2.6741416087954044,3.2512643334170788,3.2176465949037154,-0.8035476485339116,0.5952404359043674
2022-11-08 21:00:00,0.8999999999999986,41.0,10.666666666666666,22.0,15.0,32.0,39.1422167011853,5.003413106431327,3.7420815129833502,4.498575861427598,49.781526248512606,51.10654949946354,55.92423046353857,62.53994661422021,70.4415078777372,77.3634185824324,76.48253831129333,66.84162096221858,51.8837055977736,38.56667705802271,27.02489894725206,18.20506930863744,11.824399764638182,6.927761430380719,5.822795356178816,5.558624541902586,7.507820989396865,9.989639042620135,10.3423932761264,10.459029831653446,8.560236019504968,-0.7931896839451843,0.6089746507720486
2022-11-09 21:00:00,-1.0,39.0,10.0,8.0,2.0,21.0,40.520682747411854,7.411946012336383,3.079182336875089,4.701437770843709,45.94988657220212,50.6199382669782,54.16283535406956,41.29312668755507,20.89011057155076,10.03868929905595,7.289371062894798,9.243155499426749,13.704234450624629,14.289827729292876,15.068216017298711,20.00994916051233,34.23589039034621,53.81854325277746,66.46646627774645,78.53839888410867,81.88472229549313,85.00528286049244,84.85987268556805,83.78230470591387,81.95788661500312,-0.7825970017677834,0.6225286602431057
2022-11-10 21:00:00,-5.0,52.0,28.0,6.0,6.0,22.0,46.27635891221943,26.43095533096648,3.582382327339073,6.111941712941002,65.58521833140625,59.22284065071414,57.44707323673902,66.06071887215289,74.89454250604629,84.70009454819332,90.71001864508304,93.83257634808722,96.67551814733314,98.36736054181829,96.83244365440284,92.71450780949424,89.37146723186015,88.81823604209515,89.76799304475617,91.27083191939424,91.56708424535776,90.80918504686196,79.71286680409693,62.03182672242,45.8670004423928,-0.7717727365467837,0.6358984534680745
2022-11-11 21:00:00,1.0,57.0,52.66666666666666,7.0,3.0,18.0,57.184861040309485,13.708156295736208,4.901268880839968,5.540994696766114,52.00944363737747,50.97349336163729,54.13265579703142,50.479096858117565,46.31376345570517,46.287528754985466,46.96437254482333,46.92499883621334,44.71714392773826,40.57218163999745,34.30568936853272,28.908185829228195,24.28953401184347,22.678959231484185,21.6741451800639,21.470679444143062,20.652815626817446,19.136934778409184,16.584739809455936,12.704655965166896,10.247626894731033,-0.7607200913564104,0.6490800741100398
2022-11-12 21:00:00,11.0,57.0,87.66666666666667,11.0,7.0,1.0,83.34167836864621,28.97667751224773,3.2955043825342547,5.133051154595457,90.88921517448544,90.45554464274494,96.2240488002851,94.63845132342622,89.62151404995005,88.5143184984044,84.55840107407448,75.43751121289925,66.65406717985695,66.60674831882568,69.90955011576419,74.67925284709537,77.12651016389108,76.36534884278572,74.43731070063286,71.69924048627885,66.47852695437997,55.93125603011627,42.79636054837008,25.078243917814174,20.1884322106331,-0.7494423368521953,0.6620696215153815
2022-11-13 21:00:00,2.0,43.0,90.33333333333331,13.0,4.0,7.0,79.20457756623502,19.14755198319969,3.5189556725430564,4.915139131460023,96.88007797813046,98.52815303193805,99.2858993188144,99.13325955864232,99.190263614983,98.60200922798631,99.69145781611311,100.0,100.0,100.0,99.41665419865951,99.22237440790452,99.1897727546643,98.5720408892562,98.99521504750838,99.03657496706651,97.80528834722423,94.47063834807886,61.0294293312628,7.1292627838908125,0.0698458808059476,-0.7379428103031386,0.6748632518680403
2022-11-14 21:00:00,-2.0,36.0,68.66666666666667,17.0,11.0,29.0,54.1022197568872,5.943033544462711,3.985252874438284,5.062723983719981,69.96048255209264,71.86574459469902,77.75682184307038,85.28825964634291,94.7714653600532,97.32848721978334,86.6896879448957,82.66787035052732,81.52512812828398,75.59887183554562,60.50898330956333,40.752438083335775,23.782777911012,14.905665642799338,9.870629061445408,7.400645404985537,6.176382841952139,4.849449834054434,4.9068544547295065,5.251083691661026,7.833789962275405,-0.7262249146041543,0.6874571793269664
2022-11-15 21:00:00,-4.100000000000001,34.0,30.33333333333333,15.0,2.0,31.0,56.14093955848753,5.583315403483116,3.36004188223816,3.890133556843874,67.19517692211625,70.94953665109564,78.30098166593955,87.31508617377588,95.85388704629106,99.19889630648515,89.16249894134984,65.21323514040431,48.917268011198736,39.06291624363544,32.25140081239838,29.26390362583864,31.19087939262229,36.22442515534864,36.943580776921245,36.62004807488602,25.62643136458688,13.277435376915992,6.583949453089523,0.1723362173875947,2.399098884357136,-0.7142921172691032,0.699847677146407
2023-03-02 21:00:00,4.100000000000001,33.0,93.66666666666669,12.0,8.0,8.0,75.17979820946917,9.622587277733452,4.951264351603918,5.699680407470538,88.39343616190627,88.13246292447495,93.64343670779058,95.07680684953962,92.98339249897111,91.39061884878072,91.82896819511762,92.51651486037672,93.54240763212393,94.4425105305558,95.16063738413249,95.29833094730895,95.68265057370618,98.815758802746,100.0,99.15650718005166,98.86269191678905,97.4396073333755,94.62817223703244,89.4087060069776,89.2456417471039,0.8670985522812081,0.4981366284784055
2023-03-03 21:00:00,1.0,26.0,8.0,28.0,10.0,33.0,45.93454859059429,2.925119741029391,5.3941188263968565,3.3283637317842114,58.49467820495789,60.91973013908392,68.00383760060585,73.8306256023095,57.37907265148968,29.887094529950147,25.80731268425521,29.367314937563705,30.615031415830973,28.49683023769827,23.64024998420009,23.279411281086773,25.418690155307004,33.45576577696362,40.52914238481082,47.02292122217021,44.5719818727626,37.54852330234065,28.384222873012355,19.35918998211869,14.711020462118425,0.8755389928586302,0.4831474640149687
2023-03-04 21:00:00,0.0,28.0,85.0,20.0,8.0,4.0,50.57424442645053,8.425538052080826,3.0254971613821176,4.482491636564752,64.77913691672586,65.19481944530008,71.64201548391961,74.71839590174979,56.70649422165855,35.662591969953674,26.370140914066127,34.55513598473916,55.903105098290126,81.90344756790417,89.23358270486634,92.96376402845452,94.22119867831204,93.80213858298352,93.0050049240427,90.9644907193236,89.16234190710396,85.92975385567094,84.5235190888761,83.93718415700026,83.99181176715561,0.8837203473619977,0.4680153284438345
2023-03-05 21:00:00,7.1,36.0,66.33333333333333,23.0,15.0,31.0,51.85141206964299,6.869639423267823,6.989831868074229,5.298787234774188,61.35330010031487,61.58036044723505,65.29488064298647,71.32076974264608,78.66846822526963,87.67733062013619,96.91929513852448,85.59523756442503,71.44097775333418,64.1897438078146,64.25811041737177,67.48671386696267,70.67014204174183,64.87280454046439,54.179407568973126,38.39564689202231,26.92396811985117,15.870536265245676,10.673418725039303,5.402999690843069,12.29034479114655,0.8916401947968874,0.452744699607371
2023-03-06 21:00:00,-0.8999999999999986,31.0,91.0,26.0,21.0,32.0,60.68900400683192,10.813634084501944,3.66003941706586,5.6755998445590015,80.6561935820172,80.82290693895365,87.79667177867407,93.75732366763188,97.03653488568524,95.5431672843503,94.7304735749624,95.76877840807252,95.9654317884709,94.58160133382172,94.74829402913956,95.04726417212215,95.4753024532298,93.98056692217196,91.27292692898178,85.27240554526333,79.52838742349782,73.58597308685408,70.8681311992167,68.83554525028455,70.10860275701882,0.8992961915530253,0.4373400963303323
2023-03-07 21:00:00,-3.899999999999999,35.0,91.0,18.0,10.0,36.0,66.58800769310848,7.267699488601156,4.534273479100465,5.411366734541836,76.46494690156207,76.7690035150182,83.72325234964599,92.95744916559865,98.6310509598686,100.0,99.90974624456132,98.57167251886162,89.68412993253581,63.12807171108168,33.70162870350868,19.98266881516057,19.3176439604082,26.663994956062066,31.93771176126742,32.79584959782631,33.71901392413503,34.185390902263016,36.34235126592392,39.983230863525975,45.38361573991232,0.9066860720977984,0.4218060770826634
2023-03-08 21:00:00,0.8999999999999986,37.0,78.66666666666667,21.0,12.0,36.0,61.52238143071751,6.130066472742978,3.503669976478771,6.858072682729142,77.23960063631097,79.2870351231531,85.0214894106477,92.51827446863336,98.35813131381931,99.9925864906685,99.84470033307062,93.81552256555062,57.37273958089703,27.15214708899435,10.578291903582022,6.262344434304541,4.463102586221996,5.866020020312527,6.92428302946741,7.742467156803687,8.305575909689203,8.606296536771332,9.992639637981524,11.943027467550374,15.693973479288571,0.9138076496466616,0.4061472386305788
2023-03-09 21:00:00,4.899999999999999,36.0,71.0,21.0,9.0,36.0,56.43951040406162,5.050315424125305,6.098450583736074,5.809313626810616,58.098438087426175,58.67560858075455,62.78772733924869,68.34539473996392,75.26737412653382,83.94566275901938,92.0030790414071,95.48922184277554,73.75778492876563,48.24554603949889,30.54335432296736,22.554358482176585,16.57588901529851,13.822937270539429,13.350613131961762,14.353548619518678,17.253284429021235,21.1810609421343,23.525115533475365,25.94835538363036,25.03745587224599,0.9206588168102428,0.3903682146763026
2023-03-10 21:00:00,-0.8999999999999986,33.0,83.0,30.0,11.0,34.0,55.99069532699126,6.0553405280341375,3.88164949508836,6.010693948350061,74.14281996851567,76.29513742163006,84.48712527400268,92.3910230311601,98.60028616361345,99.33517154015748,92.27965396081134,68.37280479539707,52.38039150697347,44.36845084056106,43.02880714503793,40.44911079379325,36.37123105666584,28.41331791436836,21.71242739644057,16.992039863292298,16.27876343005076,17.631350323446863,20.55428301823407,24.88982711375466,24.356283878645367,0.9272375462179536,0.374473674486883
2023-03-11 21:00:00,3.899999999999999,36.0,50.333333333333336,16.0,9.0,36.0,54.1022197568872,6.149429114757527,4.756705127436257,5.27631833833515,77.49272328219388,79.08730136830063,82.83084571839609,90.81642354030107,99.25150478878206,100.0,99.81840922588025,96.06573561217814,72.83273421918119,46.08005367598017,31.88121759118705,22.620322975107392,15.75978078084595,13.40316722559283,11.95361397688955,11.430183616501433,11.303767408233655,11.164707235369947,11.94549289811114,13.205730971292365,14.429506731842771,0.9335418911179212,0.3584683215124808
2023-03-12 21:00:00,1.0,38.0,49.333333333333336,24.0,6.0,2.0,52.16455443602162,5.332303126611341,4.619344126736699,5.811237578807226,74.88855151862846,77.94497056694773,81.96796939808777,88.63961427606672,99.2892642571306,100.0,99.18817890710496,59.21653248236171,27.694319161940665,12.135033777895488,10.670897269173,12.29396671942195,13.6663877445728,12.872921358022529,12.736907175644804,12.77665904685299,13.082717837721326,13.203675339150683,14.841690124468707,16.95787487627484,20.9161682931918,0.9395699859530622,0.342356891994542
2023-03-13 21:00:00,5.899999999999999,39.0,80.66666666666667,27.0,7.0,15.0,52.32021187855719,7.316202212369836,4.816572194860752,5.299276024692966,77.08295201357684,80.91973449909271,86.33326484086525,88.85108017641225,91.67376296630792,96.08009513259256,94.45761116774943,69.86594666656504,43.87916728256281,24.018587727236586,13.026064109159838,10.73564258383786,14.264070381247196,29.81735893891453,47.59764087967988,69.28218545511812,78.57682280521418,84.62455241890503,84.04177366590078,81.87554339909329,80.2599410301069,0.945320046913132,0.3261441535642696
2023-03-14 21:00:00,3.0,35.0,92.33333333333331,22.0,15.0,6.0,56.29054379593052,11.480729145200698,3.4135526295585814,5.514274500635837,84.46925317804973,85.9564559690707,92.58182941317231,98.35521526777728,96.94482771723236,94.88472442357528,94.40476279767888,94.3835559509036,93.80450412680575,93.63468828005075,95.02830006004736,95.85021252562188,97.37179276074592,95.15644229816093,94.2812858303854,92.804105528421,92.10944719615053,92.34619292340888,92.08169955486228,91.53512679671265,89.91758601907036,0.9507903724625832,0.3098349038318025
2023-03-15 21:00:00,1.0,36.0,92.66666666666669,28.0,15.0,1.0,61.385094678511166,9.573684822939793,5.313829701129996,7.117334648256386,84.32763077008514,84.28390631450597,89.91113889579223,95.20020403123128,99.1926468597996,99.02580997365332,96.61925375477465,94.59261375805151,92.65249716435946,90.9208779164742,89.42686221233015,86.41856102999348,83.70387306550339,82.73658822180818,82.32624256566513,80.98702560002555,79.78166079230972,77.24276687888582,75.18188332791765,72.93057900392105,69.14489033445633,0.9559793438440766,0.2934339689665273
2023-03-16 21:00:00,0.1000000000000014,38.0,78.0,29.0,10.0,33.0,52.16455443602162,7.512706193727692,5.672614737145966,4.706673495542302,79.12760244459572,79.76743838892808,84.77448476313188,92.3315150394167,96.59607974418417,96.74671629733868,96.43601663158184,95.01844624417852,93.4089010822566,88.678511387846,78.94166750429156,73.1495714668011,68.66273860099052,58.58508429043033,44.29969464188365,23.824594515908657,11.547139768387687,6.157967546047334,4.464440487425007,3.383160368622588,2.4263967946990874,0.9608854255574976,0.2769462022689364
2023-03-17 21:00:00,8.0,40.0,83.33333333333333,23.0,9.0,16.0,52.47526234221016,14.162825646009008,3.938874178092767,3.670320161615992,76.37550129732168,76.73401092753824,81.82066602855328,87.35658709774374,91.87535050241274,89.76289924539967,80.86124213914687,72.73135061836243,69.86285981930529,73.99078401802383,82.42185255524387,88.06388090045866,92.37365004108553,94.35759567025198,94.40631277994125,93.01114649687652,92.69640489961482,91.84010593083012,91.67213095412971,90.84163872669242,90.63809006707147,0.9655071658143364,0.2603764827344581
2023-03-18 21:00:00,-2.1000000000000014,41.0,30.666666666666668,31.0,7.0,27.0,50.47986970636548,4.756258105322762,3.2852339176797187,7.247956872474763,71.26109570259263,71.62486451436348,75.14034110989259,82.71968852683399,89.01397945142047,72.4641089415393,42.20983142127242,23.53744315580328,13.932442383120566,10.119566664428804,6.910041763166827,4.060482026960192,1.1932252549000453,0.3513268794185094,0.5059637436432358,2.78195209240568,5.440638859325635,9.22272651449601,12.912816466027724,17.17340741322248,16.56489845626376,0.969843196967294,0.2437297136096838
2023-03-19 21:00:00,4.0,29.0,67.33333333333333,49.0,16.0,27.0,42.470853247511954,4.121483413739675,8.485572786849648,3.9222304241027928,60.40037109454336,61.17984675367152,62.70940476132233,68.10535433447384,72.94924796816021,74.8640102717403,74.67521347546504,72.39540933728243,68.16858033580655,78.06413914590618,81.44780504557384,80.86402148258647,75.08043367731518,72.93393190840254,70.83105890278443,69.52626149756014,65.19278362200296,56.31720267466543,43.25027886773634,25.648780722695225,14.30426481500672,0.9738922359149924,0.2270108209414184
2023-03-20 21:00:00,-0.1000000000000014,37.0,66.33333333333333,47.0,13.0,26.0,43.82585430713329,5.965109938597072,7.779723359881993,3.930224436719615,63.306938520626446,64.04030858224658,69.30597167976134,75.72481521929579,81.42992912665439,84.8965600813321,86.72956105644359,88.40923894455872,90.39082050859696,91.3076818298805,90.13294041107784,85.97920449454072,77.93570745353517,60.78698844717864,41.67133803198937,21.141210167540887,11.01109800497158,1.5279542279654728,1.611834569835639,4.271614137706489,7.011183011234108,0.977653084481664,0.2102247521189836
2023-03-24 21:00:00,-5.100000000000001,38.0,79.66666666666667,36.0,13.0,33.0,50.00429960169621,7.384304197032979,5.660281883060461,5.611344341660702,77.63719569901556,77.46817773005615,82.95757744981226,90.48907822346352,97.61744460352976,99.29290674312703,100.0,94.36578247663036,83.64128608725883,74.00876366569675,70.15444974464694,61.8254094227378,51.39357254119486,41.61372407974257,32.91557260966513,25.563997603418954,20.002374378801125,14.938837195813562,11.748119823353704,8.34471836125625,8.565771752201085,0.9897936029670716,0.1425083279161708
2023-03-25 21:00:00,2.1000000000000014,40.0,76.0,23.0,7.0,13.0,48.24751237136752,4.414847486922198,2.8973821674206266,4.830144940002188,70.9199534023207,74.11597183269286,81.32139981770187,88.06332509836449,87.42835544969515,59.270866687682165,31.76993187396168,20.06513522487866,13.136566563716864,8.946535279829062,6.75769142793528,5.3819103718711485,4.226588117243035,3.337228685934192,2.6685705709849974,2.2535897397063667,0.9931981914053352,0.3164430448902733,6.264879661612791,13.582181241933434,44.58492214850848,0.992098522791769,0.1254612333527364
2023-03-26 21:00:00,-2.0,35.0,93.0,16.0,8.0,4.0,69.41043946889627,10.462073087244956,3.5304120027165893,6.660807761901022,91.85255588807088,92.28586562211068,96.6774825596999,99.71266396710814,99.53839312770596,99.75692049777447,100.0,99.55743572442034,99.74872383455546,99.41657522413048,90.85041276588856,79.0777949659061,65.16075897063432,61.93246693638555,58.49358387534558,54.87730888052516,50.5647412944684,45.18982087589136,42.49455370236776,41.266211477315466,46.39215967433439,0.9941098647022418,0.108377012791876
2023-03-27 21:00:00,-4.0,40.0,77.0,24.0,7.0,35.0,57.02904808117887,8.401856585653363,5.548766627159719,6.186131588528551,85.31895056308454,87.06990688219452,93.74242435132516,100.0,100.0,99.86337689237294,100.0,99.51526817496364,95.87999475426464,87.86743337788351,76.78615199611767,67.00478694214375,54.35735551755487,35.44397400766688,21.610005034716888,13.325371399078264,10.74220574152022,11.071588250304783,8.98629137764193,4.233266753401244,1.2140968510984145,0.9958270335100596,0.0912607217293118
2023-03-28 21:00:00,-1.0,40.0,72.0,25.0,6.0,34.0,52.47526234221016,7.119785542854583,7.009576306280845,5.185109646706212,81.64642518366973,86.86810207155926,92.7827710031324,94.81818416649766,95.2455798274991,92.31461312434352,81.09446789167093,73.03158882112461,72.630909396799,76.76321155690098,80.9095795792753,74.17929775520034,64.25185563527711,49.24406260348105,36.43764611542903,25.208180269244696,20.02106951901683,16.34803987902309,13.593328888220954,9.78821219494026,6.555997127064882,0.9972495210773452,0.0741174251509443
2023-03-29 21:00:00,3.899999999999999,41.0,66.66666666666667,38.0,6.0,23.0,44.49081684171247,5.266296270512155,6.804309263155409,7.204811147376111,61.83735624406791,63.47379859550587,69.41951854660941,77.16931545374183,83.92916434765237,93.42779278537526,93.13816430438484,82.49065946430426,49.44853290643318,20.51967202991729,21.727127928956712,20.69555868453812,19.27123737952281,20.140181040112783,23.062717588219588,28.77584462010731,28.93964728239398,25.332974168282465,21.483626184672115,15.848328964157568,17.4456407790272,0.998376906467142,0.0569521960340397
2023-03-30 21:00:00,4.0,27.0,84.66666666666667,58.0,16.0,30.0,46.10350650579485,2.87159252671836,8.661512059537388,4.23920960676186,60.36538793037411,61.17392396187888,66.60103845916117,72.04768088877323,72.13910919785027,67.66393047906828,65.05941110927546,64.4343894314347,66.35335632564188,69.58562834617541,72.96430622929175,73.85518324588904,69.82037245740703,57.925257281991904,45.26924232217408,30.796264781724293,25.111101723969327,20.35052396210957,18.68587563414861,8.345665065318524,4.198864827231027,0.9992088560679752,0.0397701138460557
2023-03-31 21:00:00,7.9,38.0,51.333333333333336,38.0,5.0,22.0,40.35145059622901,6.737008681339505,4.870430245668181,4.470233067286211,62.26912338463568,66.03873350937536,72.47874344665627,78.2968355255766,73.80125684236602,47.5849628535233,27.821779926923497,27.256746020353567,30.98310714228885,36.597604530350985,43.38879983762572,49.866466811166575,56.85859705629039,63.948690325439806,71.78038811489705,81.12568110843223,83.02768248199155,83.66055859220302,82.75343423260294,80.61494650070131,79.74883182367375,0.9997451236925734,0.0225762630415454
2023-04-01 21:00:00,3.0,42.0,92.0,9.0,11.0,17.0,76.04554787969504,12.960003593993427,4.582488256601293,5.259252076108467,95.33140279827929,95.71754047980713,96.20256259015125,87.65101626325549,72.86538632719132,68.44477350400415,68.24998586810142,64.90191702066579,54.573103200762944,40.75768898242133,27.45584049275226,16.81010778378057,12.60590209551812,9.1506886640533,6.179124142235774,5.730200924649815,5.066566568440671,3.4594450844131583,2.462971935146627,1.241237002475481,3.3166879126334625,0.9999855506507186,0.0053757315575838
2023-04-02 21:00:00,3.0,31.0,6.0,45.0,20.0,31.0,34.187711115756706,3.2421184440587,3.3892769468572563,5.3844751203718735,54.90018850192845,54.52140234906454,56.63003536780673,61.92591823778047,66.40483558546522,62.564177275298846,48.62007636724094,29.25976668529996,13.860138488165038,6.128294130162698,7.597725468237981,10.678388910220178,14.783818382012704,19.01665468762689,23.30023316123754,27.09557707688488,29.271465446028333,29.82704001160356,28.667838664583662,25.71358325383015,22.41831096700212,0.9999300657962056,-0.0118263906918325
2023-04-03 21:00:00,3.9,39.0,85.33333333333333,23.0,14.0,19.0,44.159381286533225,10.179097618683116,5.387465913426999,5.823114197467631,73.03778167049109,73.61721724716386,77.77260121005375,81.90041269415195,85.93406316080487,86.91033501103018,88.24767821593274,90.09687978609077,91.84638620825984,93.34344790146068,94.09531860238307,93.54280172964904,92.5994898612407,89.03002316073781,84.82366217122414,78.47246974050846,75.69313080270273,75.19403345040374,72.15284712474805,67.60125963864148,69.9014603977457,0.9995786855478958,-0.0290250133219752
2023-04-04 21:00:00,5.100000000000001,45.0,61.66666666666666,34.0,10.0,31.0,49.04639081211671,7.969169510976265,6.0526311252254645,4.750886541635609,65.4549018892866,65.55143171895638,70.1447194187756,76.98175314343972,86.47400017159764,97.02464846096316,99.065560707706,80.2849748067455,55.39289707840736,39.55888876773071,34.38059116305933,34.402102669921064,32.86034888637328,28.961970362329552,23.02452392765408,16.237902257535037,14.966978427294697,14.811178843391613,18.194226121244835,22.57329318189005,22.70459021641768,0.9989315138848576,-0.0462150469837083
2023-04-05 21:00:00,-6.0,33.0,87.66666666666667,19.0,5.0,7.0,51.377105748623606,17.671552562200965,-0.4703824686788425,4.940336472057256,94.98413883010136,100.0,100.0,97.11130015694437,97.30177157451904,100.0,100.0,99.59615839855093,97.93350003479334,98.57517854618074,98.67393146589929,99.63418298624477,99.70711556125964,99.8578669500176,99.61861051225856,99.27179899328586,98.87608292806456,98.38544312642033,93.37036979433174,87.57780399961318,81.7589960064041,0.9979887423155984,-0.0633914048695103
2023-04-06 21:00:00,-1.0,43.0,93.33333333333331,6.0,8.0,19.0,70.32158817003713,25.80132925255824,1.2432312524324345,6.019437938191198,96.92125775766192,99.90772587333927,100.0,95.17463427796024,95.85084441495692,95.47830369149388,86.48089764619368,78.07379294765119,73.28920392147023,73.02843040204297,78.11203349757851,85.5184236245144,92.8020924758344,93.16504606653166,94.11419866670268,95.75936670616656,96.80505410562216,98.5487680787427,99.35561294909932,99.42081613621706,99.53837201854692,0.9967506498213928,-0.0805490042187416
2023-04-08 21:00:00,6.0,32.0,70.0,53.0,13.0,31.0,37.60430703487808,4.251521512721864,5.030183112408956,6.08667690327098,74.57371662893314,79.2972201957305,86.05470511002751,91.29598506698387,95.47634813011948,99.6901502664981,100.0,100.0,99.14108165344535,69.75523092771687,35.20877395616237,26.63910426270283,24.99904616943228,29.840161463029624,31.26823172545434,31.45812072663432,30.225570112747256,27.964582071855084,31.951504118929947,36.77220351205516,41.30023281908251,0.9933900548258936,-0.114787625522127
2023-04-09 21:00:00,8.0,42.0,46.0,44.0,13.0,28.0,37.66034333207927,6.971117309578387,6.258623142194025,5.006931570482344,56.71849113568338,57.47669847445939,61.680806294824784,66.77701546007015,64.31617922964993,52.73636490802183,44.73477051979703,37.92273123285702,34.06956804249398,34.19378261650277,38.37239224786047,48.631875638011735,58.90022561698054,68.80285506919772,72.76327053373592,75.34521978041931,72.49640892465406,68.30907124720227,64.7392239112764,59.341789689819336,57.307901664635565,0.9912685467787256,-0.1318585157173911
2023-04-10 21:00:00,12.1,55.0,3.0,26.0,10.0,24.0,41.463913645264455,8.402484342347588,6.4495267229754685,6.45888339180117,49.09247543200564,46.6653264833507,41.18268918646938,39.74927206070962,36.90812140076584,34.7075883238344,33.85683499299279,33.47829316204701,32.24485575737873,31.0154542458198,29.972017478270786,31.811458825606586,34.42163469241515,39.06615841058539,42.7137554679432,46.05049704476883,45.02226256301633,41.721375325957325,35.93952344747732,27.65111414317567,23.88272981424769,0.9888537064205885,-0.1488903868564548
2023-04-11 21:00:00,4.0,55.0,79.0,8.0,13.0,23.0,50.60187561794369,17.75357782871138,7.797785608515585,5.435798665101243,52.40877902560069,52.47187695531645,56.17326615787873,60.25410325721301,65.28049410355638,71.0699940078092,79.28499768066342,89.29239519966042,97.07077559400751,99.20529259732947,99.17019305765815,99.29061857283892,99.03283071444214,97.98468026783186,96.97570277240192,95.33263948936678,93.77324511093796,92.42367848241992,91.1319980000844,89.46495633457346,87.46371512485538,0.986146248341595,-0.1658781989346314
2023-04-12 21:00:00,-0.8999999999999986,47.0,70.0,36.0,16.0,31.0,47.38186803231926,6.880730336488533,5.493748051083033,5.735552289674264,53.92458005303161,53.77434588947367,60.23524253201648,66.92380496589523,74.28326215324029,78.31292524052434,73.85556463047904,58.6123685531426,39.36735634170996,25.40981462455788,16.920112603763563,11.262458287722607,7.810538900815935,6.925599054723899,6.410652013250719,6.876915049230386,7.224963930834768,7.563824859667529,7.922230411083958,8.322709153329138,9.753962971093642,0.98314697372215,-0.1828169249850199
2023-04-13 21:00:00,7.0,59.0,47.0,20.0,11.0,24.0,49.26125840715532,21.37247078210056,5.734631060437298,7.071627919550514,48.38813331336109,48.52460595410159,52.13750160398276,57.80201247847512,64.76905641051242,75.78453158305916,89.51782647809566,98.23778725634456,90.97090306610816,64.72832010311828,45.717766862956765,36.98875734410853,38.965461419120864,46.87378917236477,54.995718159471465,57.66846966134133,57.71090234975674,53.657017148124886,49.44724842850772,44.869307870159794,44.33845889003382,0.9798567700958664,-0.1997015525660636
2023-04-14 21:00:00,1.1000000000000014,54.0,21.0,43.0,9.0,34.0,39.65908683574918,14.724856638324532,3.412023121508214,5.340543784889994,59.87960009221504,64.711040477374,72.87520941679418,81.89757414340211,81.94963003546935,63.75913679656591,33.196242890488136,23.67258225845751,26.286595843416656,36.13147674841538,51.71640416302219,65.12932447131656,75.16155246753716,76.34241450850759,74.51964072272516,70.24398628802041,68.39436540714068,65.9224590527603,63.08672867023838,57.40727426269593,53.6655357774187,0.976276611086932,-0.2165270852448143
2023-04-15 21:00:00,1.1000000000000014,57.0,12.666666666666666,35.0,5.0,11.0,38.56749420534226,14.847549653478309,4.574615997285226,6.264883492444371,53.37221440994536,58.17564523479801,65.02482917066112,72.70008403321164,77.68655356549523,82.96979973115654,74.20377726541302,65.32387520907633,66.7862124826052,69.81752980329189,71.45370518382707,59.94698902029153,44.114247214538096,25.043007813265355,13.120185709642174,5.196494845618108,6.290628314113919,10.541357805608463,18.73348771007544,30.748461391582392,41.51300159072781,0.9724075561219968,-0.2332885440754551
2023-04-16 21:00:00,1.0,54.0,82.0,11.0,7.0,13.0,61.34736296835159,20.364421156464143,1.9251991673658704,7.103998845464036,94.56545790910684,98.44324890068788,99.98613928937895,100.0,100.0,98.9194176412676,98.94373644374464,93.18690242510044,93.02469437517284,90.96729837570476,62.77584935343064,43.75890876933751,27.499478193148374,17.45226055753586,12.784983083635453,14.973024884266644,20.55740616850098,29.17968562052341,32.03366139125757,32.87374808148364,28.032418818531696,0.9682507501166718,-0.2499809690726521
2023-04-17 21:00:00,-4.0,54.0,91.0,10.0,12.0,10.0,66.25878005367005,25.76531033624745,2.8504630971843707,6.029523203945485,96.31528696973024,98.38788550307623,100.0,100.0,100.0,100.0,99.86270969572752,100.0,99.9668358893453,97.09015134121636,88.02196222817194,81.4335753256155,75.394335438644,66.81108584583588,57.29015724745632,46.92141427701712,41.46090359909142,40.09882413300804,48.07417411980178,63.38271337464317,76.42620075011516,0.9638074231367308,-0.2665994206792935
2023-04-18 21:00:00,-6.0,56.0,64.66666666666667,25.0,11.0,18.0,50.75435564809223,13.353947892852204,8.20753168643146,3.663485951313712,65.29977743702864,65.67734178988532,68.79922608205852,71.62401127304352,65.8571319245551,59.536513902140975,58.8091646835202,61.90980068145224,66.976301781757,74.40335116271906,76.76848750010333,73.69000284976256,64.01111003506985,52.70318707432761,41.836815421536926,30.58244310348648,19.202498650976946,7.416907328898334,0.8909524366351461,0.1006564744891212,0.9056305377177872,0.9590788900341132,-0.2831389812281835
2023-04-19 21:00:00,-7.0,50.0,75.33333333333333,50.0,9.0,28.0,40.64474590564514,10.986015904256856,7.737469647238272,5.420094403480487,63.00831461149783,64.43327920108197,70.72461960909749,78.49851763751211,86.98272205138568,94.96700983716366,90.99410192480212,83.3274102013132,81.24880698005984,85.60144704220367,89.23066053616128,89.73866095447389,88.34632417887006,90.78800291250714,88.4869739584048,80.64470548749011,71.33156278988218,60.15696452208362,60.8229313305641,65.16007158768112,69.27788087266366,0.9540665500578388,-0.2995947563972602
2023-04-20 21:00:00,-1.1000000000000014,49.0,67.66666666666667,56.0,10.0,31.0,35.71882130076582,8.300333136969389,2.904207683602159,6.140838463234233,68.99027313730824,73.68227948091611,81.2236422875492,89.54412779697867,93.58388788385544,93.62145566472854,97.15535482381968,90.4710014954956,65.2464382232524,45.04995994804512,31.59348052876636,28.941654505669383,28.59026925553157,31.413330344930063,31.473961985877864,29.185952343494257,23.718107670157444,16.118704674466787,12.915641928076516,9.588592581540553,13.738782647115636,0.9487718864399473,-0.3159618766579029
2023-04-21 21:00:00,-1.8999999999999984,54.0,45.333333333333336,43.0,5.0,9.0,35.07527027160198,11.147015490492455,3.394030690290104,5.224602167013894,70.85551527409035,75.89207683371018,81.5702379244524,86.21176103236068,91.963329758318,93.43470340745222,84.54506947918946,55.00633705923648,34.99943355118764,23.51425302196969,16.614268614910856,11.41219365063374,15.286237079097884,33.65210229842286,51.00061116565521,68.83199148518516,65.12669177264175,56.00690458375334,45.68040222164623,32.34804101016921,27.10480090609658,0.9431964659565866,-0.3322354987159043
2023-04-23 21:00:00,2.0,58.0,71.0,48.0,10.0,12.0,40.31191995668551,13.733286040398324,3.990175498508677,6.086663433325141,70.26477839187447,76.4484598426384,85.37201801323148,95.0294629574794,94.9059688927289,77.86926159358396,52.15011537435351,32.81745086833306,19.480994761684155,14.201344994245158,18.39390479937175,42.34239302687245,63.84448971367734,72.37308879090472,75.48883037574012,74.66265348337602,71.29971101605157,65.86471560821883,57.86453724834146,45.706122034545146,28.68979011184287,0.9312100364121948,-0.3644830148102912
2023-04-24 21:00:00,-1.0,52.0,93.66666666666669,28.0,9.0,10.0,48.1743939184296,9.06941195061954,4.00184034232054,6.297175003604781,80.20323606860065,87.05246406104942,97.23977052066344,99.85701865487734,100.0,100.0,96.36523170239349,59.91261881892985,35.41523378676901,21.974315374598586,15.845584639153111,12.585827896787444,9.766384225326073,8.131415526748807,8.733471231726242,10.839110225451396,12.398766567606636,13.93583648258506,13.746667696087306,12.851988752262224,12.037273254367587,0.9248025743285088,-0.3804473662878516
2023-04-25 21:00:00,-2.0,49.0,89.66666666666667,34.0,7.0,12.0,56.04183886239225,12.650600419235907,5.202426451863839,5.451260781667175,91.75376167415465,98.86031569965203,99.91541762815102,100.0,99.70400083565724,99.83479670151738,99.96948639754444,99.8916563827414,98.91194265556352,96.13366852647268,93.04282417608674,85.92500018241192,73.6398686284285,57.10333992197385,56.07938630892818,61.892243775488446,55.74143252439112,44.16359995582264,24.52243779782352,0.1778303675948175,0.55052968379125,0.9181214482844364,-0.3962991372689181
2023-04-26 21:00:00,-5.0,53.0,68.0,32.0,4.0,19.0,46.435552620409545,10.635242286274972,6.84837793764609,5.643455370356862,78.9580028813535,86.88381853249359,95.49426323003834,97.5637302357552,98.30011800528808,96.42570848407536,92.86599964100942,88.02659442431747,84.98011846832499,86.69345935831095,91.6707208359148,81.11040791739846,59.53523102641649,26.342592415196105,15.916647983532506,13.957389482098897,16.99794543316486,21.58486883058601,17.954774705872182,12.626032369944864,10.560166033134792,0.9111686353326632,-0.4120336369594263
2023-04-27 21:00:00,3.0,56.0,55.333333333333336,56.0,7.0,35.0,41.62640078927803,11.270451847275112,7.875657529428835,5.925743114424231,66.93815334610534,72.04525835358206,75.19973235966205,75.3093028074865,70.59500981408361,68.11148852409788,70.90025571438451,72.18606956796953,72.73596321088233,73.47419023566482,75.28104522839932,78.91107804623695,82.59046948600542,87.02878326370826,83.60610512980287,74.87723796652949,51.86163370246901,21.077270605043484,15.672578497773786,11.97710907796527,15.88594007562659,0.9039461929224012,-0.4276462092677746
2023-04-28 21:00:00,2.1000000000000014,61.0,18.33333333333333,50.0,6.0,1.0,34.800844870223656,11.615487101211183,7.246801644228671,5.315021402426225,45.49071845997429,49.60286291480628,55.53780706628733,62.42396347851079,69.46069612560356,74.59980520857282,77.24204498088736,83.4890752392708,94.12787614539631,99.4487821119465,98.3421528620258,67.61031939459498,41.46014394831533,20.19874312871407,13.744783249480728,13.494161472415357,13.531217477195227,13.584652194861672,11.715215776559184,8.786523131911192,6.081063728916463,0.8964562582905575,-0.4431322341826345
2023-04-29 21:00:00,2.0,57.0,77.0,30.0,8.0,13.0,41.788437686086105,11.9725238213012,4.412601604573167,5.405974515059617,69.54550683056803,77.8182458545465,82.12932492212019,90.29940327297,96.1969326188132,99.03366971223714,99.09710506254504,95.089143635226,94.24446638034834,93.22816120006247,87.55271415054104,54.37754269671146,28.815288578144028,10.81364460269299,4.378123597008965,1.6292490710627234,5.125702366534317,10.444749342829212,14.199258426295676,18.809324255061863,23.40403197325645,0.8887010478292915,-0.4584871291400876
2023-04-30 21:00:00,-0.8999999999999986,56.0,82.33333333333333,35.0,12.0,13.0,36.87712868300609,18.68532963096308,4.405720260115711,5.38299088634206,58.015503676234346,62.28825394816383,68.09880220106531,67.23789982064625,56.05071857175451,40.988327879401965,50.410693395098136,72.99171712021067,90.33882661660778,98.83742727026868,98.8457920897034,98.80102461390572,98.53827400854482,99.06867202139796,98.34150597489312,96.223783219011,91.09103735596923,82.56725234252048,76.45393543228192,70.07108400867887,61.13205920462797,0.8806828564301475,-0.47370635037968
2023-05-01 21:00:00,-7.0,51.0,90.33333333333331,14.0,16.0,12.0,73.98451234978099,17.24909734590211,3.7238945560348338,4.838000484464201,94.96140156200148,94.88172410327516,99.73372232251256,99.49389979910846,100.0,99.9748017469209,86.92833464718679,64.58107553702102,54.1581019128425,67.36397554237695,74.28899352172176,75.11276153483306,69.69650654860621,59.51443483688477,46.185809244290695,29.19529278615596,16.599643673999083,8.636950631901943,7.576632473067938,11.52795303256177,14.435406197885428,0.8724040568049612,-0.4887853942889926
2023-05-02 21:00:00,-5.0,54.0,77.0,27.0,10.0,9.0,54.58319207123542,16.479885332264526,6.400614566377451,6.052763045754139,85.51412198320759,85.51015343172234,91.07500585983904,97.53890958213292,99.28638907548796,99.98642259379464,99.64230308445076,99.43746032311552,99.041557380002,98.83878396121264,99.20324537906728,96.5669128234352,86.54608575317025,60.585958911437984,40.56246014294501,40.88259142954608,47.30802553327336,63.12431404036624,65.22301021543366,55.57050294256064,42.774851834042494,0.8638670987837349,-0.503719798736334
2023-05-03 21:00:00,-2.0,43.0,92.33333333333331,21.0,13.0,7.0,62.33283619284437,14.342004438818892,5.213140282548554,5.137333150618395,79.43872521866325,82.00230151189837,90.23308775194026,98.59511120733386,99.9055408306422,100.0,100.0,97.41619236554884,92.97052196069546,90.2452929540724,93.47812237577222,92.75134336352929,87.60895371200391,71.84038329848245,57.4174469517839,45.47381446325442,43.07018709468441,46.635428551383846,55.83722720344508,68.50702492748432,64.34708404862472,0.8550745085896932,-0.518505144391157
2023-05-04 21:00:00,-3.0,47.0,91.33333333333331,25.0,13.0,3.0,60.406080813372064,15.299704248261405,6.030207447147568,5.222040093393493,80.05715353390184,82.23874128539673,89.88026402432799,98.96164653662632,99.2880606491239,99.13312290308282,99.24034564142369,99.03368875283024,98.41277401058716,98.3036429384821,99.23489043382492,99.356281069437,99.6029689896684,99.77128654194053,96.69940877375844,86.35922318990961,69.6330314061569,47.29343896564103,39.20288993120632,34.32536556636585,49.47525122232278,0.8460288880917339,-0.533137056031809
2023-05-05 21:00:00,-2.0,59.0,23.0,65.0,9.0,36.0,33.10462754858699,11.331865620673144,6.2954885760131445,5.796852660785286,45.75950535993141,49.92836586855709,55.9114191501964,62.47221176561357,70.35392643538653,78.56984681319815,83.55072309434193,86.93458632232827,74.11774028803926,50.69149160201793,25.479753137367013,36.60679796294975,47.59141704515063,55.4436255274136,57.48813285300889,55.95111537892352,53.09919905812413,48.8091290526238,52.15447569803264,57.16227737888595,60.70734242510121,0.8367329140344921,-0.5476112038402312
2023-05-06 21:00:00,5.100000000000001,64.0,40.333333333333336,47.0,12.0,33.0,35.2869642734284,15.461400140823446,7.861614702072291,4.08049208435439,54.30614512135599,57.87860156317538,64.14884414472087,71.66235175871596,78.94837098465156,79.4929161562904,79.74369898701784,82.05854481514109,85.7573444020049,91.20576759714046,98.64476234114808,96.27374893823976,84.7465749116602,56.344975937510064,40.97242984704194,31.94263729545108,26.438258481204663,21.53689541961112,20.528208242862743,20.01835038806016,25.90623987564584,0.8271893372462497,-0.5619233046832195
2023-05-07 21:00:00,8.0,66.0,29.666666666666668,56.0,12.0,29.0,29.20521588546048,12.202720480801908,9.082771429261708,5.667042822460233,33.033438676461536,33.90175365443868,37.76874977487588,42.51077526784127,47.63033823197705,53.74967617787907,59.7687308593462,62.23238125565611,63.107166675657126,68.49678374835693,70.06609025323928,70.46615723369246,68.06035193912511,42.45418335890556,25.46216429258999,25.273690818347585,28.333323551243524,34.249975267248594,34.34538833350048,30.647181010911588,26.54479953942177,0.8174009818249189,-0.5760691233798758
2023-05-08 21:00:00,3.899999999999999,51.0,51.0,65.0,15.0,34.0,30.47639955924989,7.851959906159676,8.949323305874893,5.180563295314857,40.69808074199897,41.835919420506,46.96348762894272,52.81267896189913,59.40474713280868,64.7887430755833,68.41406662848397,70.71252772129642,71.9677763729651,71.57621555286178,74.57909702287024,79.2132845717067,87.187210906182,94.76407072134276,89.02096721309955,61.01395602671518,36.45899262986389,13.820718790211448,6.203399049779833,1.1029138843135289,4.020572688861212,0.8073707443023492,-0.5900444739548627
2023-05-09 21:00:00,-2.0,53.0,42.66666666666666,86.0,12.0,33.0,23.85724297474557,7.391836656483072,9.011012793992656,5.267457269117975,36.98765796461289,39.31559690280319,44.64903906170719,50.39528033155821,56.86003643046082,62.45080712371033,68.56864030491559,74.6423624789395,79.1734906420144,81.95279643954962,81.48102249484752,83.76112934791661,88.21346100870949,93.91165330634126,82.61502344840773,57.59587884969649,34.790238658848814,11.251606824602108,6.468398478865818,3.2554628734450737,14.209052390685194,0.7971015927871943,-0.6038452208771035
2023-05-10 21:00:00,2.0,62.0,54.66666666666666,65.0,12.0,31.0,28.570849708078715,13.566928287748906,8.863993462442721,4.8921049838404445,35.796279084697105,37.235812910992586,41.2541392195447,46.177043661834375,51.8089175897894,58.49344386857455,66.38779079565538,74.58902217785764,82.2831522449964,88.97560255829062,94.9058886100031,98.1326836773855,99.80420037659232,93.42413956895834,73.63088997624835,42.10824420160672,28.11930444751681,22.624682598755555,23.54228322769425,26.69990881643947,28.19048842712801,0.7865965660866021,-0.6174672802835514
2023-05-11 21:00:00,3.0,70.0,34.0,20.0,7.0,33.0,28.681804060120115,13.099037486399387,7.927913704197962,6.798363275650198,29.23745846846203,30.455753812209984,33.823685269462146,37.98773979896293,42.47266688163055,47.86581961479511,53.51108490711509,58.1268490532757,63.348030004522016,66.00814489335042,50.41869951440062,36.58600975039207,26.456463801434992,32.14927486626323,37.91777834654349,44.17794299059084,45.816127662325215,44.795067906758725,41.83248861806331,37.26227953167333,32.34553360566628,0.7758587728069828,-0.6309066211876704
2023-05-12 21:00:00,2.0,70.0,56.333333333333336,46.0,8.0,21.0,40.65830242556295,20.160838691913582,8.158741209728838,6.332598851450454,40.43667335568249,41.56116302298615,41.988881358346106,46.35923150897187,51.606963053746114,56.31620443582911,60.93572973301998,64.48233909253854,69.56807664095676,76.21430569106865,81.390122719072,81.29679733797177,80.36505695472628,88.50345098082374,93.33794047262172,94.43010520811154,89.37357579347798,79.20088141440169,73.73101650842558,67.5136882686727,62.54497095815569,0.7648913904341226,-0.6441592666722685
2023-05-13 21:00:00,-9.0,53.0,70.66666666666667,58.0,15.0,31.0,42.84069118710759,11.312645162830556,7.15217397095448,5.4808708531329735,62.31199907801863,63.98104779267696,69.59768699949132,77.63241506076525,86.85170580146554,95.74154980132931,97.84829155005484,99.04856533619775,99.74951413940592,99.85850737723727,99.13947935810025,98.82696294034533,91.6165018632576,67.25041667244949,49.60910032431147,35.09808201349569,30.898935514703307,29.48642025448556,28.8658650047884,27.32024970082457,22.60058260657281,0.753697664392914,-0.6572212950663319
2023-05-14 21:00:00,-3.0,56.0,40.66666666666666,70.0,15.0,32.0,30.02211222179001,8.984091832464566,6.139098511141848,6.732310966720617,44.63896365240469,48.40908731004636,54.37589817110907,61.27673124132661,68.5440930148688,74.41041374074267,80.77190574058866,87.74712112717188,81.76343693491891,70.05607314787203,57.977515941014325,50.72863672736453,43.55333724095274,34.28250839765746,26.617087527569723,19.35573518120341,15.8702613097588,12.858246729345158,12.95560396036009,13.626258715009044,16.210327644865085,0.742280907086982,-0.6700888411055113
2023-05-15 21:00:00,5.100000000000001,66.0,76.66666666666667,48.0,18.0,27.0,30.39751307789247,16.474683370780646,8.760285681121331,5.426028695780661,31.79071862117916,32.028780136732415,34.452363704909,38.05489518480482,42.27579219603915,47.56213981302441,53.740516133324775,60.733090353885984,67.61761632299003,72.8968541353515,79.0135437554724,87.58860371492243,98.00735080235106,98.68411237945674,99.0792772028877,98.71524314726344,96.43221689982946,89.81336707635496,85.94293234648661,81.7347079697051,78.2449771193992,0.7306444969184916,-0.6827580970759147
2023-05-16 21:00:00,-4.0,53.0,93.33333333333331,22.0,8.0,29.0,58.876705319752766,19.819992873601976,5.975639764751722,4.95607836983671,80.16649506408451,80.3741983557396,87.1337266594834,94.4957619876648,95.39094800574532,96.32755342746428,98.13585853270652,97.92862065314358,99.6799491365088,99.93403509111684,99.45887818737994,97.84659234725498,96.427666456617,96.87558497277308,96.72857120056692,95.33461159310676,93.5117661869832,91.56008046694302,89.94826200574923,89.2682760092276,89.31967190298234,0.7187918772884232,-0.6952253139408722
2023-05-17 21:00:00,-6.899999999999999,48.0,62.66666666666666,92.0,14.0,32.0,26.33001495966189,9.195653165826464,7.696068651508985,6.767961746590272,81.97854459159404,83.17378334930683,87.08472941180042,80.73509505529478,79.09538975533728,80.1583028866475,83.9740760701306,87.74998074000256,89.2404773958152,89.56819482143969,89.52680632263703,89.35906854539712,88.87903215856346,88.60447649699206,86.9312739010853,85.07474753249772,82.5565074275295,79.79721585282891,75.08975475833995,68.67092774160508,42.54578834740676,0.7067265555776158,-0.7074868024503348
2023-05-18 21:00:00,0.1000000000000014,58.0,13.0,68.0,10.0,27.0,24.634049473219,7.901078015090107,6.190630568627482,5.095073302625749,35.305262417140185,39.19991828376986,44.030355172113325,49.6510658100513,56.33629070305396,63.11275273401515,69.4821662779944,76.62141409373666,66.08918663699134,47.55777626624213,27.802125599580968,21.75974106723333,17.965257027806132,17.831785605187964,20.189779592388103,23.926755974126472,28.982788311858844,35.0286855262767,37.47001946518577,39.72922287925026,39.43923282294279,0.6944521021088763,-0.719538934232584
2023-05-19 21:00:00,-1.0,66.0,39.333333333333336,42.0,17.0,20.0,30.39751307789247,9.94858749294994,5.179348366313173,6.296944557409194,32.58881876849788,35.31466711748131,39.40197623438115,44.344922676070006,49.49056766609037,52.3419711920622,49.29936561619346,40.9643104896566,33.45359758402971,27.158854870297,21.41161776405582,19.48134241865602,18.027671068280647,17.790772641931778,17.686838318013148,17.466266692026792,16.47051335327786,15.01186514881925,14.324846837293592,13.33095343172548,14.10562606842905,0.6819721490904629,-0.7313781428679254
2023-05-20 21:00:00,-5.0,65.0,85.66666666666667,30.0,15.0,18.0,50.17200628072309,26.219172444104903,4.81482180685232,5.770492315296884,74.5975058024389,79.28738301687237,86.97955353942339,95.7818272544843,99.09146093390213,99.08072020239288,98.45411819250872,100.0,99.50096938031616,97.98743456259282,91.71466544331288,74.39041959018921,59.22541810853102,53.95316175182523,49.1238750517772,44.16037047798534,50.96480871885596,62.856835662608745,78.36166385849327,97.42386420682628,96.12107632628882,0.6692903895412567,-0.7430009249440493
2023-05-21 21:00:00,1.0,68.0,47.333333333333336,50.0,12.0,30.0,45.22343125997333,20.631532139964943,5.819400076134284,5.52547898547137,65.1933495239482,65.67398879101664,70.30491380084197,77.118387055063,85.35015591312958,83.67215593716928,83.06727173083712,88.78555858585892,95.59523230043978,97.51664338603644,81.07548493357753,59.278018921317575,36.589671916776304,32.630765166002305,32.41280791459683,38.66109979273566,41.268759548094906,40.44439660353955,38.11593349421025,33.870913084833944,30.977771238720266,0.6564105761979381,-0.7544038410927472
2023-05-22 21:00:00,-1.0,59.0,4.333333333333333,44.0,7.0,36.0,28.093226742410376,7.531361204821199,4.733774714588298,6.509137680932543,48.17998542667696,53.43800774794357,59.87321332400776,67.33894545059054,72.92837369857466,75.81332415474205,66.86506692434924,26.36080671575576,13.26105527477694,10.32843913831823,12.629510348144107,12.817479717745613,12.804445725905406,12.50942656585411,14.381542245110218,17.33178205915568,19.20615411171629,21.322238144412665,17.466286731210904,12.488993616793405,10.927930253530786,0.6433365204044917,-0.765583517007675
2023-05-23 21:00:00,0.0,67.0,7.0,62.0,9.0,19.0,31.792495982827933,12.511993088835714,6.1387526934097565,6.051422094633637,48.59593222617207,54.59235697780546,61.14857689160033,68.10781397365491,73.80890980865534,78.66930033184278,85.74733650336333,89.29971556444653,66.29569478135845,42.02564196714042,20.643742254035512,13.9546282924275,11.3367360327556,13.718491202300363,14.503801604395392,14.840453612590668,15.791598306662337,16.8968518833835,19.95797723756916,23.582000811965592,26.14840274688105,0.6300720909843687,-0.7765366444428655
2023-05-24 21:00:00,-6.0,61.0,69.33333333333333,21.0,11.0,20.0,47.69042733003667,23.6029094152167,6.706749764455161,5.782519774239793,44.27334317589143,46.93413541024841,52.79719319427387,59.26421512414668,66.60887476657,75.67612892552705,86.78066604270818,90.84217773587676,93.24569373536458,94.76017205677095,97.99463427574268,98.68176361720708,98.6938411963814,99.46476368276215,99.7771462311927,100.0,100.0,99.72400064531917,94.88833418648647,86.30169629066347,68.10295777307984,0.6166212130956382,-0.7872599821916922
2023-05-25 21:00:00,-1.0,50.0,87.0,36.0,12.0,36.0,60.81309463361997,13.651026849258844,5.014917910504404,5.5253263821403245,86.43032965407184,91.3340192950119,99.08390674536068,98.91212409465408,98.2356509696745,98.74502628019076,99.48100779915325,99.36024957783322,99.46619043485624,99.96187732645848,99.7999137508612,89.89064095958078,77.93160381300525,62.43586920699157,40.70945866481056,12.546511354831823,5.937587120526819,6.412496466907676,6.76298684754994,6.849443305012795,10.165482054332962,0.6029878670694714,-0.7977503570459932
2023-05-26 21:00:00,-5.0,53.0,81.66666666666667,34.0,11.0,33.0,58.876705319752766,16.50176325368127,5.320070586828248,5.492746406655219,79.13018476331153,83.76434728471385,90.96472644040654,96.9015763844778,98.89377188800395,94.35205656723454,92.36425178225348,91.42037433199384,92.18563602173748,94.04334882582631,96.72254924992411,99.33007745518442,98.65087004811288,92.23807994919709,81.5869690583763,66.08740772503737,70.6769915142429,79.56350753030397,74.37363609532171,64.9459186562466,65.98197033757526,0.5891760872322963,-0.8080046647350754
2023-05-27 21:00:00,3.0,73.0,11.0,58.0,8.0,28.0,34.02838260153297,25.789963852142566,6.170018453335898,5.535858929873071,51.47939358754853,54.42817881031532,60.14230020767657,66.5806068985758,74.20572496352042,81.18296789815207,83.83871774679515,87.3105648942067,85.6012683480594,82.96266926539843,80.64692255535849,79.84730741690377,78.07145735130982,74.10859755187384,69.49894993718289,63.66386179350791,58.32405164358868,51.05491459312172,48.6494527397299,45.55928290084283,47.47824897586905,0.5751899607119775,-0.8180198708443175
2023-05-28 21:00:00,-2.0,79.0,31.33333333333333,34.0,16.0,31.0,32.4470440874922,27.088976565163552,7.048845268669806,5.20744630919369,60.263169545344375,62.71534859239969,69.48337376993696,71.29304805766445,68.14716928308565,65.8962802392748,65.64923307335314,69.46627585340602,75.6852725899005,82.18577309595881,86.17005364551876,88.49863497130002,90.85288007324472,90.9806379894697,75.33513803478907,39.75151117155867,18.70143570540104,4.497759966344897,0.4406101828950811,0.187267456906613,5.265443019225911,0.5610336262283677,-0.8277930117131022
2023-05-29 21:00:00,-1.0,66.0,9.666666666666666,42.0,7.0,35.0,30.39751307789247,9.219808954165766,5.1440208091211455,6.390995313876712,33.922694770524934,36.602317457183794,40.78114336464563,45.55487330220527,50.05084858720399,51.42108807608259,48.22791577761621,19.952578160822583,10.930566831815746,10.297185466153342,14.776247173974314,18.36000085483486,20.99496587274012,21.82713862200629,21.142536746120296,19.062585721925725,16.87061535256392,13.675943047926337,13.546635014491224,13.728801303290178,17.03531388005255,0.5467112728685939,-0.8373211953118121
2023-05-30 21:00:00,-2.0,76.0,33.0,52.0,9.0,23.0,30.777560150880344,12.578950895306718,6.095235406906308,6.362595846669244,33.02125838401572,35.70249078675204,39.848492104508296,44.36956453545855,49.25611644846668,54.75903073302748,59.810479205593005,56.902611276733495,38.1105424921882,20.040576009073067,7.991530553616501,6.761683133594073,6.25006717402063,5.967984981935472,6.585166108752483,8.0167900177479,10.036003007603298,12.788190093799829,13.703094799155044,14.434754130864585,13.494806372349004,0.5322271388474397,-0.8466016020976267
2023-05-31 21:00:00,-1.0,84.0,8.666666666666666,61.0,7.0,25.0,30.854252376233603,20.343634007953924,8.83992618018308,5.342419159745627,29.786535767764043,31.633814205563148,34.96364673326821,38.59919183751476,42.79623551313823,47.38621447132235,52.481132362526296,56.81606155808587,58.98819444520551,60.50402015231924,63.39988894774331,57.33587279170598,45.49599604523851,27.542754695534,20.359022931535417,22.130496349459143,15.250745607122068,3.795256037604896,1.209531178693016,0.0727130194785399,4.079989895536945,0.5175855102531889,-0.8556314858488706
2023-06-01 21:00:00,1.0,87.0,22.666666666666668,20.0,7.0,30.0,33.687634923744255,25.061251692266808,9.34909216984986,6.2068077216242825,25.546957392508656,26.41257733371261,29.01609346764761,32.17348310544882,35.63408482166639,39.707691882658,44.63090332158497,49.86706806708977,55.07737783243455,59.79896851312646,61.28858594893053,64.50725704433336,68.51461171035602,74.7518356733807,71.13008536861551,55.25212678719077,45.34371253480494,37.85372536431701,35.929010729725846,35.064813879373816,40.05643183554664,0.5027907197793043,-0.8644081744776648
2023-06-02 21:00:00,-1.0,62.0,78.33333333333333,27.0,12.0,6.0,57.88027759399017,28.754804494027315,3.9855943686064834,6.29950391807348,77.02800411297666,84.11562908921461,93.38878332764502,93.54402915189095,90.34683528749156,93.8921177270847,99.14097787248662,99.23162345852502,99.06124871532862,99.4158031217014,99.68264879992432,97.0591710933016,91.15615776038862,84.62593264562625,77.81068420079448,70.11215295309884,62.2262818209632,51.86289035233125,39.93217171397819,22.86685432451761,27.821891915348253,0.4878471454423119,-0.8729290708206411
2023-06-03 21:00:00,-7.0,57.0,25.0,58.0,13.0,5.0,37.04114069129554,8.152613277169566,6.829701809349364,6.585993835209498,35.139715116933935,38.15640843065942,42.5571253014585,47.90677927443665,53.844334261827086,59.31674349879764,62.25171624381471,68.89239695075746,66.75137440237123,48.10858134223135,16.23324627421458,8.254701305712796,4.906892318308976,8.942540667998234,11.16433578420481,12.572821432641856,12.737183702531746,12.4526284733443,13.78316811805798,15.449679094595204,17.244728481986954,0.4727592092862775,-0.881191653407483
2023-06-04 21:00:00,-7.0,56.0,61.333333333333336,34.0,10.0,6.0,50.75435564809223,21.3546225291964,3.5387683576727467,5.427292940000389,90.19829875988026,96.57673166775544,99.17354351724778,98.66730694093252,99.30092171823236,99.1749781275356,98.48066001585885,95.66089393943244,93.6933059002911,91.29272733312604,88.91702278774689,92.60004330305344,95.58782659559068,95.79986518871736,87.98976496603471,75.13063471647122,62.70521539673277,46.71846845833913,36.470428712678974,23.459571132958743,21.592044115433605,0.4575313760742512,-0.8891934772070711
2023-06-05 21:00:00,-7.0,53.0,94.33333333333331,14.0,10.0,2.0,71.40879858498059,24.509298072515573,4.412937477613595,5.472743505413636,90.87436788662887,93.30140657742744,98.52053667696777,99.66905111759108,98.59059099568694,99.0361969128438,99.26367858201831,100.0,99.3391488767682,99.28501370901208,99.64777804295971,97.87679012851444,95.45539097917288,96.49177706571444,97.021138665625,97.00405961631068,94.77397428809611,90.75607442907864,87.67722415439977,83.36843616966605,83.32629815911787,0.442168151967072,-0.8969321743510065
2023-06-06 21:00:00,-2.0,53.0,94.66666666666669,14.0,14.0,35.0,77.04691322237959,25.34618020451121,5.498112668981409,5.654413093010578,87.95220964558888,87.19435892007839,93.46355808592244,98.07227625543088,98.53124837735773,97.226042412485,93.70173938421176,93.55069840328368,95.40954382635256,95.31739339830088,93.5502199959391,92.61044640342324,92.69716217641717,96.58595172177807,99.11434836592254,99.427739410245,97.70195550328371,91.92178616542492,86.85298817980782,82.57207416695681,76.76385697643191,0.4266740831899246,-0.9044054548343
2023-06-07 21:00:00,-3.0,52.0,93.66666666666669,13.0,9.0,36.0,76.95835189404563,19.94697128546272,6.001121650547608,6.687239960621075,91.01083840842752,90.68469458592952,98.40980509540027,97.90467156827216,96.79989312126476,97.35805529483662,97.79914264323438,98.57167641655292,99.1041048314881,97.9107657882754,95.26274399978524,92.43618082857988,91.4585400218517,90.20687599028668,86.37452822375965,77.28342647043208,70.3397648656764,68.64579756206635,67.04549994681737,64.07276783213382,64.63745399308405,0.4110537546870351,-0.911611107193024
2023-06-08 21:00:00,-1.0,57.0,83.66666666666667,31.0,6.0,7.0,69.17919044473983,21.8121891628878,6.740645978623254,5.771410296288442,82.13365362862858,82.38506649246227,85.20405305432405,89.65025472965596,90.00576542530689,90.34970389596066,92.85733812557984,94.78812726295124,94.7783469180808,94.30994665097164,97.45381102923038,98.98054873207688,99.0698950728054,98.9751928745941,92.10456610058004,78.81569396093005,69.93925136425614,61.789934875024365,58.875104696825474,56.47352897236773,56.93948830940688,0.3953117887649151,-0.9185469991587164
2023-06-09 21:00:00,-3.0,58.0,77.0,22.0,6.0,8.0,66.73487075122688,20.59430880545926,5.874836647228337,5.7469380318356,90.40570133696669,93.69449172097288,98.98666071756942,99.67951166931084,98.3199279104034,93.41993648905915,93.6243299161128,94.09550493325568,95.5549903539138,96.33149772328277,93.14401096675844,91.55962848706552,91.23479332405353,95.95792163035097,99.69972293944448,98.87916296049043,86.01733349185588,62.88252193834881,49.678933239554524,35.68426486728831,34.148496771750914,0.3794528437245443,-0.925211078289358
2023-06-10 21:00:00,-3.0,61.0,78.33333333333333,27.0,4.0,32.0,62.2596697053968,22.85217685365175,6.777879345496492,6.943086754252571,78.13982674484386,79.74079956758109,87.18449134856826,95.05742297559468,99.69531350338362,100.0,100.0,100.0,100.0,99.89984651012452,99.59318014455155,98.72488495990996,98.0102456993627,96.56289345656349,94.19920442003084,91.74662220212164,89.20339244698921,86.6582141192939,83.06455635560847,77.33703451210357,74.45807367121098,0.3634816124829063,-0.9316013725767188
2023-06-11 21:00:00,-1.0,72.0,27.0,54.0,7.0,30.0,42.54287617924819,18.188684654970952,8.060904381805791,5.179918544521248,54.64046300886294,56.367621117437125,61.55219386797756,68.04900594180808,74.45760988247324,69.95802233934562,60.27679238907272,55.413274088066366,56.85273065487358,62.75207070527814,66.35544512537504,66.05525836123897,60.09187914378353,40.33120767901941,26.07339718028273,18.35406504323388,19.626883470088565,26.63593183512316,32.05983503496772,37.979088919726486,35.25730711423691,0.3474028211842774,-0.9377159910299092
2023-06-12 21:00:00,1.0,78.0,60.0,46.0,6.0,21.0,43.47303827132608,21.70395529186252,7.996402541904665,5.419224826425929,43.26346041936919,44.68164843006837,48.413676569711406,53.298627253894345,58.64610071551459,62.03092592561711,58.7043541462547,61.40600274264843,65.39275556341606,67.9019471919483,67.03269308256378,66.46813904018694,64.86203904609442,60.66160772082054,51.6578837814723,36.278161126190014,22.48124245279826,8.236484032000748,5.685900966405098,7.461958843633592,9.156574240015525,0.3312212278016865,-0.9435531242349544
2023-06-13 21:00:00,-2.0,71.0,84.0,25.0,10.0,15.0,56.99036732861668,31.956334660316266,5.429104688205621,5.324342308711698,83.89175428819726,86.33172150113653,93.33362975641172,92.23871681623876,80.43190065311093,69.53720098062864,66.22715925871726,66.25457266748906,67.86879669533154,69.9646346075802,80.46577479403258,90.29479672579735,98.81744822653604,99.0187359827968,99.47395303627732,99.63009452681462,98.73164143723592,98.3241503139859,92.47266539973828,82.39123962726433,74.19866702383389,0.3149416207289519,-0.9491110448902284
2023-06-15 21:00:00,2.0,67.0,80.66666666666667,27.0,5.0,15.0,67.77336387804566,27.902431522572293,6.937799695678054,6.037669680105449,79.74354867145496,79.32447857101785,85.32820161267111,91.17749417118335,90.31053024363617,89.04358326260815,89.62070382477057,91.20396087160827,89.6243948593394,84.16363869822587,81.93901802904482,83.53154226351653,90.81826251274708,91.20966180091784,88.3370167229334,77.89520058831597,62.36766013998604,38.429030321865554,29.3050176894016,33.067698952542486,37.46098767388252,0.2821076626819194,-0.9593827529490744
2023-06-16 21:00:00,-1.0,70.0,68.66666666666667,33.0,6.0,1.0,56.85324660594026,25.6558738078109,6.124367452020249,6.043869065213269,66.39466164050982,67.9354886939873,74.72696397764953,80.39936399782027,82.36840796724375,83.41868984273565,81.60920230204155,73.38164016423677,64.53209836625982,60.38786587112804,66.33361587002312,72.92512426793061,79.64415022669445,82.21241981897708,81.55507436519217,76.20741655936966,68.01805421810568,56.9792845083629,51.68271195547569,48.49744919381724,49.874556204552725,0.2655630278040559,-0.9640935007889756
2023-06-17 21:00:00,4.0,61.0,91.0,20.0,12.0,7.0,72.23929984287824,28.35420497823073,4.89101515417526,5.225788932831414,89.05258290339042,92.08786266584856,99.23638552374148,100.0,98.86782461899388,95.30172235835302,91.9690551242115,90.56653263225844,91.28232867030086,91.75101276530532,94.21755610460532,94.930318739594,95.5899168247804,97.5466814909802,97.07925059347842,94.05722245785512,88.5441718477731,79.4615812265159,72.87838798819391,65.99775514325997,72.01303754153298,0.2489398085537665,-0.9685189578512204
2023-06-18 21:00:00,0.0,54.0,94.33333333333331,13.0,12.0,1.0,83.14185862145281,24.9944643408036,5.165597283645102,5.7444767315814245,86.54528011072522,88.85940514051971,96.2217819330548,98.94331034366816,99.18641636154553,98.89877962766758,98.95560940114667,97.57421164535428,91.32366564722145,84.01037449099952,84.58118709722386,89.79389911959463,97.34568876762116,97.04721922265053,93.22764593906294,84.33513696570041,74.60084394269812,64.22939023539749,57.427016684751486,51.53136415226488,57.08949321907885,0.2322429240090701,-0.9726578145718654
2023-06-19 21:00:00,-3.0,62.0,83.66666666666667,31.0,7.0,36.0,62.387687428101856,24.85546549536821,5.179053967347548,5.504183683153617,87.73831926317666,94.76214013718264,98.92801499186538,99.43620943902307,99.37185950242174,98.86387252762668,96.3270290948646,95.77300080551828,96.98939198375862,98.30990363134538,97.8664769577522,97.28457554889285,96.86994284254484,96.35677437057532,95.31247773706936,93.24737059201512,92.5398889873726,91.69186073417616,91.85204870945608,91.4170033890464,89.88446135960683,0.2154773150467301,-0.976508846196619
2023-06-20 21:00:00,-1.0,66.0,57.0,42.0,5.0,3.0,58.42632469788989,23.241656259118123,6.1895761861561525,4.54849828944206,82.16772938214073,80.12022001681527,85.79114148697819,90.72173607556638,93.99251237612586,92.3781402111096,86.63053427092396,80.7865965017301,81.32647347270702,84.79531060558756,90.59855154067868,96.96396967465064,93.82139122449205,79.19628181428244,70.79930820306211,63.54226128686415,59.55530082003679,54.46254489170522,48.25449334646333,39.38887439415683,34.60186280624541,0.1986479428801711,-0.9800709131432666
2023-06-21 21:00:00,0.0,76.0,7.0,44.0,5.0,25.0,41.600004072976034,18.41534316205729,5.793105952562277,5.569721784052988,52.32558089752949,56.95132078039003,63.01103940878348,69.66747493372324,77.54527999838882,85.69477470117779,89.4471788535952,72.9428507869701,47.827146437215056,31.979314188133124,24.085371111827904,18.700987090622736,14.62421155557264,11.890855055011007,11.053508688012997,10.74739036698333,10.684782382497938,10.462265895663592,10.12439738463496,9.54589582249799,8.32365783442088,0.1817597875913753,-0.9833429613388902
2023-06-22 21:00:00,0.0,80.0,3.6666666666666665,47.0,8.0,23.0,43.77961106850662,18.758866041824493,5.199592268368797,5.8556206093199386,55.52159627992855,59.071664422329725,65.18406097593767,72.77821296750768,80.37204553636516,85.98752777871191,80.48007334137682,39.66006373034187,20.40357599303869,11.652831254274664,9.31435018517602,6.921091360545109,4.804041727795332,3.4821660040654514,2.929778267137536,2.8564208950477634,2.946201399783171,3.028752603560235,3.0430932105560955,2.983282219449083,4.369882726736075,0.1648178466571979,-0.9863240225317866
2023-06-23 21:00:00,0.0,80.0,21.666666666666668,30.0,9.0,21.0,48.768600362464646,36.47240883334576,6.041735746101592,5.464884063071222,50.78756379081517,53.0272404076957,58.66775748299181,64.77184010535146,63.819144626622034,65.53654562357167,64.51176317533063,69.10263182799127,74.30477812906263,78.25478444187046,80.26553342382977,82.03396478348954,83.38791661631075,82.13423663380696,81.16615085096689,80.74613688778834,79.58223290298501,77.76267458982905,77.04211966335193,75.87052351372157,70.5836668929423,0.1478271334705304,-0.9890132145779884
2023-06-24 21:00:00,-3.0,77.0,80.66666666666667,28.0,9.0,21.0,68.8762683364799,44.196623917776456,7.275126987258818,5.021527488476586,67.0122277977655,69.44157060989613,76.53350461515097,85.25976897559703,93.35162897032008,97.4915140018819,98.16440665849784,96.86300091634116,92.69942439384108,87.4538136100904,85.95791541840774,87.50237457987717,90.23059137540734,89.11530233299548,84.79479266713737,77.31216008755189,80.61772999850622,91.7605942029824,96.05394977765748,98.02489560707296,95.69568986607146,0.1307926758567592,-0.9914097417023038
2023-06-25 21:00:00,-1.0,77.0,66.33333333333333,28.0,6.0,1.0,64.24102387606231,32.94502305195091,6.431455277162258,5.406658653179201,65.21391244078536,65.51279367033298,69.64539195467086,75.41065349978724,80.28059667272586,81.1801037135656,78.52179051609369,83.16179374624748,89.98816544234639,95.56263748521889,92.6234909655414,91.93552268105633,90.59124192995098,73.36029522055992,53.76550921836573,32.287848825382355,22.99904180300595,21.3660015593626,23.827641073573503,28.5039433877052,32.905550521427955,0.1137195145859496,-0.9935128947338008
2023-06-26 21:00:00,-2.0,67.0,74.33333333333333,24.0,11.0,10.0,65.35826777296575,36.84802953512195,4.034374727574472,5.48195330558751,89.26150084404085,93.13130103941069,96.3611567931716,96.70863577020296,100.0,100.0,100.0,99.84328768763504,99.56785459012848,99.57389246596485,100.0,99.4226575697712,97.34075185865342,91.8254464099454,88.8379412658573,88.20335359142089,79.42903988211037,65.19750859305282,46.32895875152572,22.2780968722838,25.29972135711369,0.0966127018812031,-0.9953220513156602
2023-06-27 21:00:00,-1.0,71.0,91.0,17.0,12.0,15.0,78.56176830966571,41.967176466614646,5.191239045741233,5.0306141839880825,91.34664152965443,94.85073959809664,99.30005519196231,99.19768197277976,99.55067572467745,99.09695389004334,96.94259050326306,88.1239419059136,78.44274819124827,72.53324102060321,74.88847338913484,78.87013437773311,84.42917939800306,91.27130449087964,95.96830353104812,99.69602950470522,99.62010382214748,99.84626079450962,93.60607131779076,83.1883910647136,75.89781817586714,0.0794772999236209,-0.9968366760893436
2023-06-28 21:00:00,-1.0,71.0,89.33333333333333,19.0,13.0,16.0,78.56176830966571,39.51103563370406,5.686357329344076,5.298306743329646,86.27948331676143,90.0123428322792,97.3892782636736,95.23032717629988,87.98346446016143,79.28710649946954,73.12855573096117,71.90771458802897,74.13537301079495,77.91413380991122,82.94111217011226,86.23277054927352,88.54637697106504,88.83959559300693,89.13027265665949,91.12507468994929,92.01784801040912,92.673691168224,92.40634273487608,92.1581112170567,96.25511187982131,0.062318379354325,-0.998056320853012
2023-06-29 21:00:00,-1.0,72.0,81.66666666666667,24.0,10.0,17.0,75.94378647886145,36.08818292703894,6.418439891170893,5.754858377613219,76.93867360850203,81.99591348251568,90.25145166379971,93.04962024872576,93.59655249610928,87.26891058499646,84.40322738139112,82.01309671595128,82.82252028259603,85.19067456694012,87.73653637455237,87.82012463077318,84.21929526376368,74.9594720355883,66.52988267591243,58.93175727172553,57.75973235549738,58.533519737537134,57.61052990094765,55.73570463949196,47.34221465924027,0.0451410177739719,-0.998980624694158
2023-06-30 21:00:00,-2.0,76.0,66.66666666666667,30.0,8.0,18.0,64.121281303613,28.607076893505365,5.856748371289647,5.932449539262664,74.11309888753111,79.44921998329255,88.04720915484995,93.48125019828724,94.90879946799892,93.0281758134401,84.59602727484197,79.61340189305159,76.06987241327705,70.9480320398953,62.285917728293526,43.57412144725363,26.6788512442471,16.25554571965747,11.651589105630018,11.181053685233556,16.22402239156935,24.28954562561774,30.94233887268496,38.83002190140584,39.2317259718206,0.0279502982402103,-0.999609314096404
2023-07-01 21:00:00,-3.0,74.0,78.66666666666667,22.0,10.0,17.0,68.55087020336482,34.010769115570284,6.733704028057717,5.862210833904553,66.79990033965208,70.93560842716988,78.47449973245597,87.057563102921,89.94252768651482,90.50755718909264,84.30627354869084,78.88361013824074,74.58584993239296,71.63894707893554,71.99943891996573,71.20673441533054,68.90863832241271,64.0568934126546,60.48117525509363,58.68313330961244,56.69929639890167,53.86547676849749,44.757070362309385,31.17723958699857,24.69252620923924,0.0107513077635219,-0.9999422030204416
2023-07-02 21:00:00,-3.0,70.0,93.66666666666669,15.0,10.0,18.0,75.76630560203299,38.57741974077148,5.661498724794502,5.136125884874488,88.1673320538156,92.16707030819954,95.03077683820024,90.05815351403866,84.24343127247839,81.90558104008512,82.13495891524086,84.03847171801203,86.75707778804208,90.41199504844737,94.68210242435843,98.26193028938476,98.9464651944679,99.17211786145324,98.95119228049046,98.36659832967976,97.83164726144054,96.53101486400124,96.19053641514598,95.74363014096272,91.5248551779647,-0.0064508641981051,-0.9999791929590824
2023-07-03 21:00:00,0.0,70.0,94.0,11.0,5.0,10.0,81.28158556761407,41.88442562932183,4.557111731283047,5.524173702075332,94.13222240871318,96.05110169325522,98.48340237108415,99.25013754555069,99.3861303585972,98.86028968266226,99.4658193150938,99.08133070283832,99.3547462807584,99.15743469109626,98.3515403254154,95.63651794026306,92.19686800396374,95.17266686713722,89.97950468717191,73.68189536263195,56.217831396606265,35.73271642495657,49.357847375849815,80.98735484111316,89.28043192742457,-0.0236511272452315,-0.9997202729664084
2023-07-04 21:00:00,-2.0,77.0,71.33333333333333,20.0,4.0,31.0,68.8762683364799,37.27020495781346,7.632627925516446,5.5838474703668135,64.61637718285654,67.73918553758227,74.54852277669696,81.43103889852922,87.2663251860814,88.42083404334863,93.24667290291131,97.0982843157586,86.56031614272518,69.70978552687018,68.77268946128997,71.92022821088109,75.73464429224173,75.94334378960684,70.60372923642055,60.79679600159499,53.41247866942117,44.86366545229105,37.53808183462497,27.95742136475404,18.30993445294666,-0.0408443915432961,-0.9991655196610107
2023-07-05 21:00:00,-2.0,79.0,52.0,24.0,5.0,2.0,64.4789184655231,38.01034284318317,7.914274199412137,5.239452518200683,57.07799775787391,59.411594949084986,64.98135768168939,71.95066259488232,79.4108391180691,85.58998877298504,90.4588626719382,90.94983222245445,84.34724574753265,74.1176035842528,66.67970695412885,70.37411666542461,78.26295355123393,84.39753921260517,83.23313286849235,73.59594613260182,68.44137317905852,63.83121164464257,60.20632579148578,55.05623938594433,45.91396913792544,-0.0580255693287803,-0.9983150972033183
2023-07-06 21:00:00,1.0,85.0,30.0,31.0,5.0,17.0,53.07184124760247,38.37453321296216,7.687468823619034,4.80025467903345,68.15605732147338,71.32971472270829,78.55857653516173,80.65565526111398,79.49448162203576,79.09559526424839,79.55292789091301,79.65991092884866,74.61335580239836,67.53647808570882,69.42030621251932,72.22221648959774,75.11533691577522,77.75506444016136,65.46756345688507,39.07861386490358,22.675304012602844,9.297656083818048,4.220099222884861,0.4319550313188919,2.072454740812166,-0.0751895764147585,-0.9971692572470178
2023-07-07 21:00:00,-3.0,82.0,38.0,23.0,9.0,20.0,64.83182192304785,39.8209903005956,7.919964570626558,5.140878596450761,55.379547817205946,56.85299283812222,62.71657630585056,69.78694067531191,78.0002150923623,82.6568924642271,82.47114996953542,82.86176660912163,81.52076936796617,76.18713039759034,63.36226544408946,61.29206203327615,64.89414570547684,65.57571060202594,61.57274278953546,50.0243186027761,35.68821572093427,18.120145071002568,8.705530079607202,1.6978535519840792,5.742311410034956,-0.0923313336953912,-0.9957283388645872
2023-07-08 21:00:00,-1.0,81.0,58.66666666666666,34.0,7.0,19.0,64.7147091997061,39.9885604189237,7.118361526269879,4.658193997996246,65.09887183848548,67.70087911681577,75.1642584907428,83.55858176193708,89.55277589605781,92.5675734987404,83.31143132859634,76.75372063087995,75.61910921918921,77.62357157813832,80.00895171838984,85.7230661576718,90.68759903199476,85.86458604098837,78.68481966595624,68.26169611885291,52.92560623299396,31.761167201467224,17.349611830719383,3.522815027665476,2.032283652542966,-0.1094457686489155,-0.993992768446958
2023-07-09 21:00:00,-2.0,81.0,72.33333333333333,39.0,6.0,17.0,60.39506710555167,31.56430730443328,5.713514795988194,6.038215148511813,68.74675218274847,72.77703436198809,81.02817972531224,86.86522560262519,87.85810808476342,87.5350374003699,50.36737239602248,40.54707678575959,36.82195196579454,35.3156530059139,37.41223483889912,44.71093235444577,53.2991186971715,58.45071728078851,58.96181876749777,54.16975359094719,50.25753420338677,46.289882588605714,42.09224432961168,35.80041187438,38.050536749420935,-0.1265278168386831,-0.9919630595773395
2023-07-10 21:00:00,-1.0,75.0,85.66666666666667,17.0,9.0,12.0,76.20658896526173,49.41409268922445,5.292890446796528,5.3786049954011705,86.53339441528495,89.0028814397493,94.009038951492,96.51847134223216,95.66434988960704,97.1111508943342,99.03456487908096,99.78868928139327,100.0,99.97646982317072,99.3306580842984,97.470132430037,92.87542681540764,81.55291114940732,72.71594895671673,68.8967825274884,73.12722180242989,84.10645564069485,91.27033133390324,97.95077554716116,99.76741603245496,-0.1435724234118113,-0.9896398128792412
2023-07-11 21:00:00,-1.0,70.0,83.0,19.0,8.0,15.0,84.1691421001808,34.398607649430964,5.2780947324854,5.236993042019514,88.91091868591629,90.42999014737066,98.2384972228894,98.43359925125498,97.26519648048227,96.623765209961,96.92162788973172,94.05659614830066,84.16773330852568,69.61137799000564,62.46824143555765,57.91249555448997,55.61141602751758,47.58687314886173,37.410845945686525,25.392222740024085,20.27152367976737,21.73452775318067,31.137893735548488,46.93617826370525,47.05955085993244,-0.1605745445949937,-0.9870237158387384
2023-07-12 21:00:00,4.0,80.0,21.666666666666668,20.0,7.0,25.0,60.26760290646864,37.85143726086643,7.8151136339283,5.522287152700939,59.95515366430867,60.71090715360889,63.47948464398814,68.01445698456739,73.72210518347262,79.01371508729214,83.39967716305475,88.6734328008566,94.11360803519332,97.98207099191596,99.66788899538406,89.21800603392815,73.05199456958601,67.28081859315729,63.86156880654603,65.00226253288947,65.40814183138853,65.01042517118879,62.82935783036036,58.43148282444912,70.16141715396633,-0.1775291491870349,-0.984115542601034
2023-07-13 21:00:00,-4.0,81.0,58.333333333333336,26.0,5.0,19.0,52.50833622360448,42.50569790145872,7.109910060053481,4.954376010491228,75.74225346202451,77.66491993365422,82.86986705741845,87.206028254336,89.12811429596796,91.23414057724132,91.77474294908448,90.57622673070368,89.37855487020524,86.75090185158086,81.49634976248137,81.40094709191175,83.32470062252966,88.17962660323218,89.99527774172768,88.84203803078337,90.44963123871518,92.88170350770685,93.4501811158564,92.34368065516566,92.8066977569359,-0.1944312200476619,-0.9809161537413774
2023-07-14 21:00:00,-2.0,76.0,80.0,25.0,10.0,17.0,73.70845748055447,37.02560041143975,6.74633397680143,6.465624757979082,66.95424729588984,71.1325498411867,78.68517999534059,83.33225747609448,84.39543450998626,80.57598945665691,70.94212991747253,68.51239363134269,70.91568057470187,74.28271810754175,72.27670762769212,69.9938576809512,68.46604043395948,72.40596692285786,74.61274245264549,75.6957199201244,67.42084456943667,53.2191430411158,45.44778959654329,37.3795269771278,27.482857439525493,-0.2112757555821793,-0.9774264960104057
2023-07-15 21:00:00,-1.0,76.0,76.33333333333333,19.0,9.0,18.0,76.29328958738,38.6048893907772,6.422785319120993,5.691292040612192,74.03609277904624,78.79005428501873,86.85150361072567,90.5144091553992,81.54099035029722,79.59955605062191,85.33281641998387,88.11594531398961,87.52787314265828,85.39400647069006,83.58697208269331,79.07128620267684,71.6236171717093,57.00789766574916,49.858417981141656,49.96566386617773,56.7534131007345,67.51471505420015,63.97860206423004,53.66201992712537,42.338666817887386,-0.2280577712215198,-0.9736476020539838
2023-07-16 21:00:00,-3.0,74.0,89.0,14.0,12.0,16.0,81.56373805333675,43.0010114066782,5.942751253643137,5.325249819682436,75.2949092451617,79.16446566802198,86.16165661004823,89.86238334842466,89.29956806604582,85.75557015124798,86.07621610246335,75.16885750706173,68.7222118352833,67.64579487705808,70.83427222324113,77.58030956226533,83.99461182087227,87.09226014419066,91.1111011484742,97.20837874645368,98.18299686714236,97.37659452536148,95.07765762324289,92.30167172937436,93.86430229300258,-0.2447723008972595,-0.9695805901076308
2023-07-17 21:00:00,-1.0,80.0,65.0,18.0,8.0,19.0,71.6029668387688,36.82080050132679,6.254109127796927,5.580725972708546,74.07855877716194,77.2827505557595,84.67385509510812,87.49509932803873,88.3835459275532,85.11739865934149,78.39095212731473,66.6046638510315,58.08588299328735,53.672060029698834,54.70582914962843,58.74150480338777,63.09378685001121,61.924252351896726,52.13178191050086,30.5411268678152,16.30253953996632,4.697493455425069,2.414071068779418,3.5760019170985715,5.053362750407822,-0.2614143985111562,-0.965226663665613
2023-07-18 21:00:00,-1.0,82.0,70.33333333333333,21.0,9.0,19.0,62.644407454277065,35.00734740820541,6.917735135946821,5.235220078758151,68.33786791625978,71.21506105567404,78.56746855492844,83.87119170810912,86.10543254584833,88.34794237700766,89.75296231502868,95.06862165450978,88.6457320120069,71.97718127790122,52.03518720362319,45.45886552616141,40.1431104318741,26.61805487575933,18.508279260359807,16.964527977536704,14.919369470305885,12.15307928789405,10.686664486261568,9.263752653775452,10.672750541768284,-0.2779791393987801,-0.9605871111248128
2023-07-19 21:00:00,3.0,79.0,50.333333333333336,42.0,8.0,25.0,60.13960745391395,28.802174950891384,7.776458806153709,5.133487392055296,53.20278109009208,55.486265808378064,60.37256015614736,66.82460860991179,73.46607666341217,74.8794572748073,71.823673593552,76.67609132356277,81.1563287760651,81.05429272626652,75.53361498913623,71.6185062040631,64.67121470709147,46.625539612353634,30.87093501619521,17.798342051708104,13.927631749958822,14.115095765129809,12.9411015633725,10.936868929940209,10.092079239358846,-0.2944616217868012,-0.9556633054034704
2023-07-20 21:00:00,5.0,79.0,24.33333333333333,40.0,4.0,36.0,50.39386827036606,24.041880333034715,8.261979814000046,4.465177791501741,46.913852123219534,49.60455253443872,54.7294081453996,60.90009650780892,67.90116776010974,74.65842646115597,65.41743365966485,68.27457977713401,72.89600693095338,74.25993470602684,66.5093094809384,67.6601832921195,67.46514275224848,59.85707458198981,43.52307442095398,20.419722828660834,9.737212412454856,2.4610198344861325,3.8799546547765225,7.987656629576422,17.5122078065155,-0.3108569682435036,-0.9504567035349152
2023-07-21 21:00:00,0.0,77.0,73.66666666666667,26.0,9.0,13.0,62.027888304697775,28.96488459065016,6.911179714645137,6.19711306067062,61.56655187646773,63.436663283649175,69.79100375154236,77.17840340483511,77.49977522399172,77.60925192976954,73.94063903872838,67.48694327045615,62.02084918330213,57.04589171367077,47.94506934581307,39.48954056511023,33.0089694370317,34.01938922458142,36.2082106135065,40.01366145693449,42.85105085156199,45.132409931608855,50.66682136673849,58.506911937793696,64.42371288635547,-0.3271603271220951,-0.9449688462364056
2023-07-22 21:00:00,4.0,76.0,62.333333333333336,26.0,8.0,16.0,68.76831510279386,34.4767050051526,7.361024001103162,6.059592313396994,59.4276125685656,61.5313440628396,68.39912153258501,76.41299987464876,83.21265627277289,88.33944903676417,94.60474091358182,88.51851500186105,81.66404611112982,80.7562172676128,82.3825740562532,84.79396688184347,87.30638298387939,83.49613510743337,74.51433143041308,59.60152208808701,41.17546820754527,17.277978404112343,7.578135166034092,2.6898657277095324,4.746801517028204,-0.343366873996388,-0.939201357453208
2023-07-23 21:00:00,-2.0,79.0,47.0,37.0,7.0,24.0,52.22353196842017,28.3444841916676,7.601919968920781,5.277940194785455,56.82475826434137,59.37915686467464,66.03754039556623,73.72228357903644,82.3475656699636,90.2970505052452,93.30124701354552,96.38281677894766,94.29092987067033,85.48268795738994,74.20428418722523,61.7892504281328,43.83296624473592,16.435561219960174,4.516445018101709,6.256202031863676,7.422449411581401,8.445188106155612,10.367862621576586,12.978376189212987,19.48792953201369,-0.3594718130884232,-0.9331559438780432
2023-07-24 21:00:00,0.0,82.0,33.666666666666664,48.0,7.0,23.0,44.084441261416295,25.793548544241347,8.386649356700124,5.200515596524655,41.3861863077296,44.07937723465828,48.62524506484496,53.908413407222135,59.74000457133721,65.42373256813543,65.14788262403577,71.92105313365617,75.95792416790135,77.01822884467225,75.06271798219494,64.1506258036907,54.00403302967405,51.67261131610933,45.864685847882136,37.44314529753641,29.87442403523644,21.426288162299944,18.023432652659377,14.460784185113848,15.94835821968345,-0.3754703786876202,-0.9268343944460494
2023-07-25 21:00:00,0.0,79.0,38.0,30.0,10.0,21.0,60.13960745391395,32.02824659460913,7.736253326487248,5.287170889805419,64.05443692697897,67.60470561546124,69.5123671573222,73.2821806344203,77.54638841315679,80.33438960597228,80.57018602376502,79.08315135554184,72.5790589737217,66.82786826684692,66.2726640292358,73.86375133653743,81.42144760576873,85.07432061167243,84.58976146592953,82.080997902876,63.70352833744229,36.04471890903216,27.710733888510617,21.21455751795656,18.866085759943807,-0.3913578365610259,-0.9202385798054076
2023-07-26 21:00:00,0.0,80.0,33.333333333333336,43.0,9.0,26.0,52.36618948569386,27.9796671730356,8.37789765260943,5.316685642549494,49.5738845245716,51.99742473504588,57.21738561600947,63.27422313710567,69.11718446692,69.6534222032126,71.52285442949317,74.97914648762026,77.08319927021327,75.39493571085659,67.42390024279311,66.78148210443935,68.1809415977103,68.71615761726078,60.97190671654853,44.89467753373112,32.928080480672364,21.098250597668564,18.54016950686445,17.93286012697985,19.151496099369847,-0.4071294853542516,-0.9133704517637858
2023-07-27 21:00:00,0.0,77.0,79.33333333333333,14.0,9.0,21.0,71.30206812410943,39.47941094890659,8.04945990622904,4.2823801366815575,55.826529296418,58.20485013318867,64.19266502859364,70.46980939854515,73.42942394003227,72.6235867123307,78.18970412455153,85.37265989364391,90.77715548159208,93.95927339265928,95.86460915084083,90.89419438019186,83.98068488894725,85.34284369906487,83.35032406009185,76.26497502542662,72.13680693344021,68.2088147284435,58.44062627516401,44.425921737780136,30.04064134921195,-0.4227806579826773,-0.9062320427107696
2023-07-28 21:00:00,-1.0,83.0,39.66666666666666,40.0,10.0,24.0,54.66652474733164,37.37908086234905,7.882187582040731,5.2870284827829295,52.52707561426342,54.06727520067075,59.60197323086421,66.32003513716533,73.72673572528807,81.76263410469153,85.6331357366935,87.89719403759695,87.59618353832082,83.78223467175224,75.92716473823963,71.54043529397566,68.93953482083104,70.1548260970208,68.88431594940984,63.98216893907656,61.60051383947605,60.35584448059738,57.4324820480202,52.42368394650872,44.95734912967766,-0.4383067230125192,-0.898825465016444
2023-07-29 21:00:00,-1.0,73.0,52.333333333333336,49.0,7.0,32.0,49.51100320358757,31.27697443751055,6.026374054383084,4.335193311575372,68.05471340953459,69.98401092170006,76.68986982655268,80.48013468238275,83.40416988010531,87.46057231684719,88.80246558575082,78.39216624618469,66.07833512333204,58.540611519826456,67.19763785895067,77.64279793079064,89.11643494888139,93.97307905222196,97.57711916593594,97.92081981814104,98.2849952770677,97.7653401276092,97.1558710393396,97.0606005869748,97.13301145899692,-0.4537030860313442,-0.8911529104063088
2023-07-30 21:00:00,0.0,73.0,28.0,61.0,7.0,31.0,42.69898982567596,18.58082790175836,8.260102443278702,4.960352354379856,44.40775082567612,46.320091519337645,51.68512832475112,57.80824569144632,64.60615055329825,66.1277011290113,62.12398116067974,66.15650712326561,73.3756203732704,78.67948168527347,76.81950321405445,74.6593539728951,67.30760244007935,39.93040635943346,26.75673139649708,27.321049983468832,28.75445842207627,31.113816374659127,29.44623220710085,25.407759867027607,24.848351057964305,-0.4689651910076318,-0.8832166493127127
2023-07-31 21:00:00,-1.0,67.0,60.66666666666666,25.0,7.0,28.0,65.35826777296575,25.41990130774788,7.114233432338144,5.856361865831027,70.50559136935067,72.76288983287678,76.30028128320177,71.74935723879484,68.59815259474782,69.07848187745269,73.41558732393439,79.86622738202426,89.0578231816514,97.683017222858,99.62378681996113,99.32719381008818,98.02603927029745,98.21343810429045,96.06184514544675,92.13222608863816,84.65793581613971,72.93492114287992,62.868426524702,50.3086182623859,48.72557105952279,-0.4840885216389758,-0.8750190302029955
2023-08-01 21:00:00,1.0,68.0,29.666666666666668,53.0,7.0,31.0,48.76137121429922,17.008050041714394,8.536579108935207,4.906472092745845,48.62362266249446,52.64998894729578,58.44095591674952,65.10780951456042,70.25495361964117,66.35269465761495,65.94727783117314,67.81731359781287,68.57578204742543,69.50032697931957,70.8343108982589,79.64349657602642,89.37813237617263,97.2841035633936,78.14173864504893,46.15009149197528,29.89067172003686,15.434426579549449,19.14858349967946,26.96413355569793,28.268382766333133,-0.4990686026885319,-0.8665624788845385
2023-08-02 21:00:00,2.0,72.0,20.0,52.0,6.0,29.0,44.16467907446139,15.69466856656996,8.522494358520103,4.971168668505294,40.59902044060521,44.48273545716688,49.08603579209028,54.5874874646348,59.62083176917239,61.97959295106952,59.77094552366648,65.50665340060061,67.89083361753913,70.37410289605556,73.83469079777016,76.41321552754219,64.57100559634402,32.24564756812334,22.85728688128348,24.11909076956385,25.88874153060416,28.12830642670823,24.21241569963973,18.295526218295446,15.680831926210224,-0.5139010013093103,-0.8578494977869301
2023-08-03 21:00:00,1.0,74.0,59.333333333333336,44.0,11.0,19.0,49.659407487470894,25.506856008296538,7.688782297242231,4.806237419755074,51.472234018724606,55.21896913305903,61.55329838706815,68.53692558286919,76.28015272760491,75.33136504389043,79.58358962016968,82.67081352146631,81.60083257132096,79.8035711576704,81.70274486064687,83.24634160594175,82.1185063977669,74.04768057301604,65.76084908732777,56.87100527552666,47.56584242684701,36.79712220088868,25.545098159986924,11.32880145924248,10.577681320634182,-0.5285813283559292,-0.8488826652214553
2023-08-04 21:00:00,2.0,66.0,89.0,18.0,14.0,18.0,80.99318848895413,30.199284558079025,5.962220458715429,5.853652226690686,80.44127326445222,86.60034340705293,95.74075809768672,98.97238886680265,98.68485863338888,98.54429171679624,97.71898332235324,91.01333964882436,86.53552807373369,85.86757907232233,88.64732173066628,88.0379498514276,84.00000062905148,75.34226992983338,66.05208728726072,56.486698579233575,54.45001063495111,54.804814340298925,63.756646688026166,76.55470816104008,80.46781145946206,-0.5431052396834317,-0.8396646346181327
2023-08-05 21:00:00,5.0,71.0,55.66666666666666,16.0,7.0,27.0,65.83068248854447,25.068275855556823,8.385534092631689,5.9495201581435255,53.15572901369971,55.38435203960862,61.489977992690406,68.24033982700143,76.25937524931652,85.15203186179657,88.63670965681648,93.0114299802726,92.43758181334614,86.41862198429956,75.76152892341433,72.90250019613988,72.27442082582249,69.73402458968545,53.37093610454095,24.667781629465715,11.122503905796169,3.1297240326546287,4.518153341796167,10.440091938088573,22.21960711571789,-0.5574684374327892,-0.8301981337405212
2023-08-06 21:00:00,-2.0,73.0,42.333333333333336,46.0,10.0,30.0,53.262920322678845,26.705139946276567,8.058375685766016,5.665942303191436,50.77652414070918,53.35017281276306,59.32186509800827,66.18216347268455,73.87223743277872,81.78344222344714,88.47361310469644,95.76972761966796,98.2277008069094,98.19297147468724,95.13849513328935,93.15935548614723,88.73777457597099,77.53549653455526,65.09730244562942,51.66442227452094,44.21539475488771,38.500025267486,36.5187659399299,35.26786475528779,33.62271362638419,-0.5716666713027052,-0.8204859638785327
2023-08-07 21:00:00,-2.0,75.0,70.33333333333333,40.0,5.0,12.0,55.50914990713619,23.03147834167956,6.861153194021592,5.630493138878038,43.73081084734806,46.46034068269507,51.613335419042414,57.73525705415392,64.56175655860022,72.37460621361788,79.2086788760328,81.69625577632547,83.8987244412853,76.25140390372833,51.07106822386333,34.62696051180234,21.76377228771556,15.27558441566,13.464981373413307,15.796122598494774,22.612816638195884,32.91272720621484,49.42146621839756,71.96539569169144,79.30612488540255,-0.5856957398073508,-0.8105309990194823
2023-08-08 21:00:00,1.0,64.0,90.33333333333331,16.0,14.0,12.0,86.837168015172,38.40252404447089,4.439273513998044,5.180751447052139,87.61083773778483,90.2487918211394,94.92625545510616,96.52504247418668,97.45119081458782,94.72772050249787,87.60151118216618,78.85024528988876,78.51636260583113,86.26373830819082,90.93092319806648,95.33857653750758,98.24784513944115,98.71265678481916,99.20942233850025,98.9804604573801,99.56770744587276,99.78984273039106,100.0,99.42585110853318,95.47220005236288,-0.5995514915196489,-0.8003361849976323
2023-08-09 21:00:00,-1.0,67.0,85.0,29.0,12.0,29.0,75.49660715387097,34.64701973927184,5.309851428535713,4.859737864448793,82.49217321089995,82.32883519104777,89.09976332922254,97.1449749358635,98.63136539714353,98.38849121575367,98.0157800915226,97.38044028539794,96.51046675142062,94.56093099504696,96.2788690621414,96.93808633508064,93.7137317181721,80.28773419568394,65.24174159576755,49.584489846564495,34.89080002550956,22.126041695498984,11.637423253119538,3.375428546841687,1.7362022432787865,-0.6132298262997502,-0.7899045386224707
2023-08-10 21:00:00,3.0,77.0,48.333333333333336,20.0,7.0,22.0,57.80165089822067,33.44810945065991,7.924788513160557,5.327943097137434,56.42611902695146,57.00623205644339,63.16166193110732,70.34344826564086,78.27611128301942,85.37935952322867,92.5821057729324,95.56828629381198,94.96168457368812,99.09982467498068,92.62038635274288,87.14423117732537,83.29587384500361,75.56796823107571,63.20724437808861,44.71302642950773,32.77800633766238,25.373117378161552,19.95551900024491,14.589701710448637,18.395157332765173,-0.6267266965083301,-0.7792391467859886
2023-08-11 21:00:00,2.0,68.0,60.333333333333336,20.0,10.0,27.0,72.93876680928581,29.05970175980538,6.843214829806367,6.337677809374505,74.57056837636135,74.73874017534818,75.84373357468574,79.07250490327942,77.96773551847956,77.19997886449579,81.11113938170345,87.30733439171303,93.60278230970256,96.42865597168748,93.503798348181,91.65037052129004,91.83440690179305,97.58463305548996,100.0,96.0039000866604,84.75243817694913,64.93153653654701,49.44392486341552,34.53296633151248,32.3285156246979,-0.6400381082043503,-0.7683431655492202
2023-08-12 21:00:00,0.0,73.0,67.33333333333333,30.0,6.0,23.0,59.36035569550202,26.175299721443643,5.61610301909919,6.399181254122958,60.02958015701937,62.8359041791626,69.51434113585978,77.44207111840633,81.35566845802855,87.81968375424756,87.51984918402907,86.16684308127704,82.21454076148443,69.92614174120895,44.53502769118037,24.63186909123015,11.29113461180536,13.567409784959056,20.664027786233053,33.47606504366428,46.38701123502847,61.12364737052831,68.60814138312988,74.71059578644731,73.99502687066158,-0.65316012232693,-0.7572198192083127
2023-08-13 21:00:00,-1.0,70.0,75.33333333333333,10.0,7.0,16.0,84.1691421001808,37.83888678035824,6.212394975073907,5.968989777442151,84.36669925184141,86.99876053791611,93.16333003302552,95.0016391847834,93.87245402742325,91.93771820993032,85.5024931509302,79.37647748044137,78.14830881026998,81.33206135177322,85.3916990035209,88.90928638511406,91.61445395748127,94.72604736606444,97.02366067970816,98.23661636325288,98.33406648964235,98.87830915270835,94.5472818552889,85.80914511332197,45.98318850666583,-0.666088855860977,-0.7458723993404063
2023-08-14 21:00:00,1.0,72.0,57.66666666666666,25.0,8.0,28.0,68.33135540319206,28.954929025374312,7.391935873825315,4.6081930478215645,67.30977758617746,69.25327318138156,75.69723971114333,81.5313963006433,85.34144027705068,87.80951136126752,90.987312660361,80.7987947802787,72.47080349810912,72.88541602906109,77.79025300217127,78.15355978567757,74.38430467951686,59.4607236774749,44.5801725204468,30.4169745123774,22.913128871181748,18.494248996035235,15.984115878203225,13.496835532279723,12.219654319057502,-0.6788204829862355,-0.734304263829602
2023-08-15 21:00:00,0.0,69.0,86.33333333333333,20.0,5.0,11.0,75.67687268246146,32.89909882228877,6.681250909940631,4.613617414110132,67.5861782923974,69.76572778896526,76.66834063976532,85.25463271643336,91.01171331785844,95.40043439202816,93.5777887819916,82.18463023475978,72.98499302098749,68.58052921760597,61.799394802149735,57.5751157782358,54.54717403203298,55.64486352689756,61.69658011886292,74.98679873532757,86.13872287992864,97.11605532384262,99.84874764610731,100.0,100.0,-0.6913512362094071,-0.722518835873311
2023-08-16 21:00:00,-1.0,70.0,76.0,22.0,6.0,14.0,75.76630560203299,35.16266078715397,5.3952946031110205,5.576375083325117,84.63119040200111,88.3911249018388,91.03854743806312,95.4122261499326,93.13473337989171,92.33484841418192,87.84901207039013,96.00954703644466,99.31327394685908,96.78258705648857,86.14265616776656,90.97709554231716,96.95587906792235,96.52343798762332,97.11096282502166,98.64886882405182,91.63946402655392,77.4898357107288,55.52485804634559,25.99294947457095,23.66543324732065,-0.7036774074790128,-0.7105196029692745
2023-08-17 21:00:00,0.0,74.0,64.0,18.0,8.0,16.0,68.55087020336482,32.47871040119067,4.687851066327887,4.9668294034958524,84.0170809595057,88.52228645446516,94.08351107674238,97.63792343187406,100.0,100.0,100.0,95.777054071659,81.62247506506041,69.69381666437658,64.24532864604029,61.79509540634255,59.21724726962784,55.60578466037512,50.96957867410919,45.41984505852817,35.39260028854221,22.66976007496504,20.88948784274178,20.834102865519203,23.431646111298072,-0.7157953492826642,-0.6983101158835584
2023-08-18 21:00:00,-2.0,69.0,90.0,14.0,11.0,13.0,90.17632729765674,45.98309803793377,4.402099077505193,5.647327256315925,96.43703775953728,98.53133075005208,99.43207803806136,100.0,99.7562609550728,99.26958620169609,99.46742861360518,98.6100973250343,97.19986096773484,94.81930498831386,89.21370720741923,85.65875340781628,83.46145663963127,84.6125702420711,85.41098628211975,83.83611591987562,77.38798942175917,65.08975214941184,48.93921416502264,28.98584729971456,14.567513965948136,-0.7277014757264236,-0.6858939875998223
2023-08-21 21:00:00,2.0,70.0,69.0,40.0,10.0,34.0,54.8099144985178,14.151590784234047,4.74748055480917,7.160635085361425,55.62895759498034,58.76434345794933,65.14911273482235,72.13512640863152,80.82895609643248,90.43961778003022,89.61752517405986,49.85881379369011,24.101561134533487,11.30071973816958,7.998211798177928,7.472470599837247,7.186479006758331,6.668036145755317,6.31328109211289,6.060165970296811,5.670354936857757,5.061938003491997,4.58183446194231,3.924320617538888,3.835958837297514,-0.7621140503891487,-0.6474427960827475
2023-08-22 21:00:00,4.0,66.0,11.333333333333334,57.0,12.0,34.0,44.91191040287288,16.209372554896245,7.112865551960433,5.363418208830103,52.92339206411777,56.76561682210839,63.12759449397432,70.32398791031355,76.46648739613445,80.01256916559208,81.10083961125419,79.98406287015037,77.93539144427305,74.64979082010045,70.05389321512725,57.74257353806396,46.07146152301329,38.48134801867754,36.15546429238028,36.76413337908701,34.00423147676552,29.442646936480102,25.71362195418746,21.04523368904617,24.390430494693057,-0.7731383255706026,-0.6342374393978054
2023-08-23 21:00:00,4.0,70.0,28.33333333333333,38.0,9.0,29.0,50.916423485910975,20.347979524154088,8.50475599241432,5.488375041382952,45.94861348022896,47.76219125748883,52.37840940224685,58.02188610448991,63.84053609091664,68.84183911610432,68.21344536690667,68.04435160980668,68.68896199520394,69.63025333490303,69.06591004451742,69.67338419357218,70.92342396726445,72.80899606060304,70.8910345273222,65.24304509399786,57.23440183320184,47.56343823153742,41.56248854632326,35.238215010150604,35.10414440418052,-0.7839338166829201,-0.620844401650647
2023-08-24 21:00:00,-3.0,71.0,13.666666666666666,35.0,4.0,8.0,49.21267513574142,18.26154631039852,7.478601306697562,5.042769589779753,41.589727144052894,45.055712056803166,49.71826327199853,55.18513183776014,59.27563349223968,61.25687567325867,62.63562406479226,58.10855242568411,59.69647183056129,62.05322140028228,62.35253509275053,58.48393993153168,59.18101839219146,70.35323505066775,70.55141061346971,63.3627867316923,45.44610739747432,22.01620754149741,13.013783644274882,4.441981961046902,4.858804275167585,-0.7944973291665992,-0.6072676460566135
2023-08-25 21:00:00,-2.0,60.0,87.66666666666667,18.0,13.0,16.0,80.54849897554632,30.25205983763686,3.877923641513972,5.917467424740997,80.31609396570828,83.81056079244388,88.03919802473585,90.19486346469284,93.3877345324302,92.34865193540864,94.7659356124504,98.52629986701297,98.96303459439328,98.51678944065404,97.96672567870394,99.42458388907065,99.44464468709604,94.09366772637316,86.56800546890763,76.95381998416525,72.679127700945,69.96795011074458,61.63011037961053,49.20465620614377,40.80501840594668,-0.8048257371083452,-0.593511190196115
2023-08-26 21:00:00,2.0,67.0,84.33333333333333,16.0,7.0,36.0,81.06588268605375,34.825415890314495,4.749551470797216,6.813096305922383,94.839380698009,96.82760706587514,98.8572663709125,98.7518649805347,98.56622832617433,98.59813830218673,99.06839256753806,100.0,98.97776820625212,91.15678930395742,75.45704095726306,68.5587310993071,66.46930803470933,67.14044604867078,67.89295519268235,69.19619764362014,70.03881189782817,70.72717763923707,62.75657504985117,47.30626239509389,34.12013412386158,-0.8149159841660791,-0.5795791048257612
2023-08-27 21:00:00,1.0,67.0,57.0,27.0,7.0,34.0,60.7543368911074,20.441394406707342,6.074648880558067,6.390905230269468,66.5015093814812,70.7618989480187,78.40507608827758,85.01057615342505,83.60891336869288,84.43231472939316,90.4362285477971,94.1282081444393,96.69272577311912,95.22990497889452,81.36502909702389,53.862502310009575,28.40561654059219,12.79856384884208,4.481641578326332,1.8540948006456448,2.78467865288902,5.719280808142697,7.440822221319183,9.249561122532372,12.498004033823612,-0.8247650844733614,-0.5654755126737576
2023-08-28 21:00:00,-2.0,73.0,2.6666666666666665,40.0,6.0,21.0,45.99392700009288,15.080980588014516,6.041678425901612,6.260064514314671,45.55694642781037,48.65601264138669,53.83669439309199,59.84651814521381,66.68372499458478,73.84962944568024,73.24138604334789,64.76490102728914,45.79812617860043,26.324776556637914,10.453098945364212,8.904570924725112,9.734526746113144,11.517904567882104,12.455001662025548,12.462091191861498,11.982162722838504,11.0169656534889,9.499409206253413,7.351295500384876,7.229232148329347,-0.8343701235229537,-0.5512045872199277
2023-08-29 21:00:00,-3.0,73.0,54.333333333333336,34.0,10.0,18.0,63.75884189409329,32.35799869401443,5.97344118909928,5.325326887681427,69.15374816112838,73.12457565777439,80.63510015192634,84.5515249936408,78.76158400699009,64.68200321405885,64.05060131236817,68.46445031277847,73.07744283651193,77.12004554318538,80.57830193168297,83.29775854276865,85.65582401301445,88.76416498140875,88.53970280078558,85.26062139017615,74.01456097183737,56.9948578276002,40.32437931102706,20.324273768434136,13.477322051134996,-0.8437282590292712,-0.5367705514607103
2023-08-30 21:00:00,-2.0,67.0,89.0,15.0,6.0,30.0,86.99311245324768,34.31827286950988,7.301375979771066,4.16598567084031,64.38333110869313,65.42211580146274,72.21997376697075,79.42410383908536,84.8262282378424,87.92003981585984,91.67721937518508,88.94273350881127,79.34640441277124,69.19160066384961,68.26528018001315,73.43604859597683,84.32176426757262,87.62304637739894,90.65405244512108,93.434212047531,94.1205061404036,93.3587368079212,93.84832651637524,95.03188603854812,97.4691340469828,-0.8528367217694595,-0.522177676659508
2023-08-31 21:00:00,1.0,63.0,7.0,53.0,14.0,33.0,42.75117614476716,10.95419825796264,4.865920459202605,5.794229681629723,50.02293456899592,52.65829172383037,58.67479042032178,65.63406371446673,73.90465911775814,82.05662386300202,74.99099148474828,54.820331583751816,33.376467899207924,19.781402439215675,18.57256019472264,16.30793819907834,13.247131001294107,9.097040485804472,7.108048823123431,7.436614181247483,10.381729014065469,15.00169208470684,16.71611491419902,17.726818951206624,15.842588315657002,-0.8616928164028521,-0.5074302810827518
2023-09-01 21:00:00,2.0,70.0,1.6666666666666667,40.0,7.0,29.0,47.26884591481678,17.751545966064516,4.415011900154148,6.44611876730017,51.0904374111176,56.03596681775158,62.61209560635543,69.52382608302521,72.04523402305514,61.28327351924698,43.74092220684289,36.53191147686596,35.86419501227154,36.67014268116855,37.79900517009538,37.72230818617254,37.79960359923008,37.84729207677224,38.06548483652218,37.80973461242499,36.99613116172777,34.973394797343445,33.68484549457422,31.22702127878963,29.913560910684343,-0.8702939222685674,-0.4925327287220543
2023-09-02 21:00:00,1.0,75.0,49.0,27.0,10.0,21.0,51.64776883847341,20.01807121651372,5.887197033606409,7.068829586326898,50.28276056777722,52.5527447626849,58.00710335652571,64.31216600738962,67.2476599751908,57.40559549288242,43.67694199737054,34.05699870911686,29.21851404851729,27.54002821860588,28.60452506954225,29.79723245855488,30.847582557273263,31.02840007410609,30.25262308589188,28.573524285212425,27.42221887963481,26.028241373080657,30.17431797927532,36.820482733011005,47.53630728594042,-0.8786374941610001,-0.4774894280028391
2023-09-03 21:00:00,-1.0,77.0,33.666666666666664,24.0,7.0,22.0,62.027888304697775,31.579057896448784,7.302237699075124,4.986412136349863,56.71235519133487,58.59212021956147,65.30018446053217,72.73382902634556,81.35833383843372,85.09375340619233,88.90406775714995,91.94899206283348,90.10903091287116,83.62350630340471,76.21817751456777,65.37554072493418,52.055377714222296,36.59644574293351,24.789645987079343,17.936300587486716,14.852231433890154,13.90874157861427,14.31940633026987,15.385536577015294,17.179282643157748,-0.886721063082993,-0.4623048304798108
2023-09-04 21:00:00,-3.0,81.0,28.33333333333333,17.0,5.0,21.0,58.331755493830606,32.49246727964217,6.330719778653567,6.390040087898836,55.88467403302692,58.3242438042124,64.73714646984399,71.70583710467992,79.1715796230009,84.4871539178997,82.08021992841944,58.51772742554445,43.04994290778912,39.05406943591847,37.6569192849533,35.55056853674551,33.52990709727216,36.031365286078845,40.52967546883857,48.08229626805093,51.83467937691631,53.56862773621343,44.55113569452358,29.871344106913394,18.51137502047085,-0.8945422369764496,-0.4469834295196741
2023-09-05 21:00:00,1.0,82.0,15.666666666666666,28.0,6.0,2.0,58.4629559303616,32.433848034740365,5.748959273223523,6.461432859134144,56.40369795259983,59.45805455996129,66.04286391018229,73.68936030438769,81.49462748393547,88.9306640345063,87.9547551461894,90.57786288455104,83.72188571883345,66.13458614178045,42.29455868044872,23.91644234122673,11.031773529831264,8.287541192648828,7.97048615676469,10.7245141156622,12.678009060886213,14.61702097234952,14.681371428401174,14.067312630300664,14.25112653542279,-0.9020987014301836,-0.4315297589714714
2023-09-06 21:00:00,2.0,80.0,10.333333333333334,29.0,7.0,1.0,56.19500657655519,28.447412372518453,5.471797436567551,6.21312392437765,59.27915348771946,60.8970612551804,67.45662866349869,75.24696518839211,81.38961382449253,85.24354125258017,88.29824408979577,84.98711070464124,64.28705741812006,31.27597311661138,21.95494686136616,17.298634846528106,15.185035430750348,16.49753594149385,18.91476792690529,23.0646193235717,28.69745962210582,36.177015974721,37.11991663754905,34.74677928964074,24.8202465449776,-0.9093882203647924,-0.4159483918249421
2023-09-07 21:00:00,-4.0,82.0,37.333333333333336,21.0,5.0,19.0,60.52200223913138,36.90675396793062,6.459519392364233,6.156200436072642,60.2749843767693,62.24234443779745,69.21206853547197,77.19370863327406,86.40106701687739,88.1596359455026,86.93936594596222,87.03512288612842,84.13771341117709,74.97224778153588,60.47834771703396,48.226550256141856,37.2383781859664,33.6845626751059,32.836604648743354,37.84770125217069,39.13886704623881,37.444236025346186,29.92067256140391,17.25393109758688,15.791987087221743,-0.9164086366943458,-0.4002439388573056
2023-09-08 21:00:00,-1.0,80.0,56.333333333333336,20.0,9.0,19.0,69.19708443215043,41.6156465027932,6.284654882188381,6.114166240578285,67.30983812385858,70.56609327188397,78.04490650305081,85.35653500693996,89.28483953277238,90.2039623786546,88.68031816883429,89.20545449281718,88.22598310912109,85.33905603909488,79.87551204101517,72.8076902780115,65.0574781942625,61.72675697336821,62.687956406992505,70.19292800878827,78.0511561935305,87.0985802723952,83.87347264243174,74.78548355726554,57.065554823339006,-0.923157872964704,-0.3844210472688554
2023-09-09 21:00:00,7.0,77.0,68.33333333333333,25.0,6.0,27.0,64.24102387606231,38.15232232779106,6.408078431600483,5.581476880629095,64.95919096408007,69.90613343254797,77.23014812209452,84.16579922590162,86.60343555467077,86.4716071472201,84.2693058931778,78.92503074168637,75.96531088047648,76.01666145215529,78.36366175773571,81.42918078144214,83.7297907169901,83.4344385332258,82.73931937800909,81.3969158537775,81.82500474147676,82.85052011653983,78.23933369850958,71.52170120440886,72.80237870682727,-0.9296339319682696,-0.3684843993077793
2023-09-10 21:00:00,0.0,70.0,76.0,20.0,4.0,4.0,70.58262702474482,36.47965185753273,5.232005019939742,5.354112054291233,74.31824300157945,78.99439308859358,81.45752936855037,91.74128880200468,98.39206841115092,97.45704925086903,97.09014907203652,90.9071361664898,85.47929410897271,83.25024375002556,83.81734489839295,86.42132300726723,89.30556910618941,92.09252496212991,93.25859322002164,93.97805152387288,91.7263623322348,87.51613956772059,88.29847421547505,89.01797336457881,89.87822017376818,-0.935834897334994,-0.3524387108846032
2023-09-11 21:00:00,-1.0,65.0,89.33333333333333,11.0,7.0,4.0,83.85808060243161,34.69768271902579,4.5500315024506905,5.594506262675584,89.16303078873393,95.7564829192234,99.10684118013702,100.0,100.0,98.83256241271329,95.9860120727072,91.35696886107452,87.6131430480772,85.76541165637296,86.21787620526513,88.69806052036807,91.47956886613426,93.76006273844546,96.24357135974118,97.42243218525005,93.6447675253069,86.71462087097164,76.71414397826058,63.50028298597841,38.83459576758678,-0.9417589340994617,-0.3362887301766828
2023-09-12 21:00:00,-2.0,66.0,86.33333333333333,19.0,8.0,8.0,78.15557312319325,33.10526074397105,4.335344071881262,5.246703262310176,89.04843406329879,95.99903818941168,99.27523618512984,99.54906485322311,98.82533416035358,94.62407025647524,95.07976881028549,93.97368609241244,92.31557923729028,91.77310548103064,93.6461916757996,94.5390622633647,95.69555069793824,97.96278907233985,94.95366431653044,87.85932168042638,71.18747700200531,47.47150722166069,36.09547320187742,25.342001948212268,33.43775809898746,-0.9474042892438844,-0.3200392362231385
2023-09-13 21:00:00,-3.0,68.0,88.66666666666667,16.0,8.0,14.0,84.04576818014095,28.965139024622047,4.848085116662176,5.229054971374651,97.36687464447236,99.1522376718634,99.55800046778047,98.7715091113764,97.87885564317644,98.18016784131434,96.60050297775112,95.77683654528528,86.84922244332233,72.28298102339295,58.01148249974837,48.95237758017897,40.454524591274286,28.92619201797713,19.513424475877745,12.57850323088794,9.430107444965602,7.558200770169981,7.98118998978155,9.097428046311007,15.911156643392872,-0.9527692922168512,-0.3036950375106588
2023-09-14 21:00:00,3.0,65.0,77.0,15.0,8.0,28.0,78.0730224173594,19.6636607939264,6.174841945379088,6.385183377626764,60.02695165855039,62.99393053933785,69.39632732137005,76.4340803338539,76.83607793363888,79.10229362720834,72.18423891606022,61.52185139595832,57.6375924274579,57.78890278549821,55.7091551303033,53.37195296114553,54.1808853121024,69.83725131367807,68.99134601739473,50.12941891039582,30.7647179730127,7.707365652920801,6.625278955135015,12.079663613630816,14.10155378115252,-0.9578523554276668,-0.2872609705505963
2023-09-15 21:00:00,-2.0,65.0,77.33333333333333,27.0,8.0,36.0,58.2906613586381,14.66353802358946,5.199847599349925,5.909541771770204,59.81884468888092,63.51546354517852,70.26101477040486,77.3482260751335,81.29013237190424,67.80570336748342,37.948758099331286,27.718327879265843,28.629425149910432,32.004369550461135,34.06963298491203,26.54199257349052,18.86190217354644,12.258241916680245,8.52416572649638,6.159708691928646,6.026776603579831,6.453577711068779,7.053927460147379,7.717220262267189,7.6760341266411265,-0.9626519747161488,-0.2707418984477642
2023-09-16 21:00:00,-1.0,59.0,92.33333333333331,17.0,24.0,1.0,89.77007899165,33.74005226742607,3.84002302012813,4.4634080643683935,92.74578172833634,93.32088243696413,98.77441848699031,99.15068304828756,97.8823208092897,98.43104361402496,98.84801538324864,98.39477860999892,95.2722921034285,90.97021989178936,84.90990479711888,86.4260590478551,96.56283908931516,98.74267112504717,91.73178882017436,63.07642129142225,41.16786128713184,24.203624006732703,14.552299592996595,7.304181475699481,9.476292003015562,-0.9671667297977312,-0.2541427094613622
2023-09-17 21:00:00,5.0,71.0,22.33333333333333,18.0,9.0,29.0,54.95084226417701,16.332843759975688,5.537360675093975,5.890662214870832,61.12633646065466,60.96504344127391,64.48735491720706,70.16132237934536,75.16581668205272,67.08361967792116,45.2388790952831,31.311057144925403,24.92346608027133,21.460141434866937,15.680760568152737,11.69044346857609,9.14922048476784,13.286627641075183,18.77980840958936,26.025850978057345,26.63992863554286,22.47670189297159,16.662507374960274,8.378146938910582,11.167069466949076,-0.97139528468375,-0.2374683155584684
2023-09-18 21:00:00,-1.0,65.0,87.0,14.0,7.0,19.0,72.64203146829931,29.921943430746527,5.321699954845264,5.518205082760429,82.48840759530187,82.71771847781288,75.97745081078592,77.59896790396046,82.86376903996722,89.06362902319277,94.35098806756424,98.33845651212988,98.89664763792857,98.80242210007027,98.58362822228204,97.89485955357615,96.05085559466907,94.15138557556924,93.4774743838297,94.17376607086408,95.5865158451582,97.93987501152242,94.96412253443278,88.64589613598964,80.09224862258978,-0.9753363880767836,-0.2207236509605022
2023-09-19 21:00:00,-1.0,63.0,79.33333333333333,22.0,13.0,25.0,77.90658589720972,27.222048921684863,5.835816341227885,6.1062268809664095,77.47591173662055,77.87869512016553,83.27500481798327,90.0764959335116,94.66986723915336,95.97594464198944,90.73371485488248,84.80359702471684,82.85390912387533,83.51351262798407,83.60887090838455,83.17238281513028,81.32243242818718,83.08096161040235,85.21713897289548,88.09911374775287,87.17459686425146,81.74810346050651,70.27851310194907,50.93816281847483,29.732784941680585,-0.978988873740932,-0.2039136706831147
2023-09-20 21:00:00,0.0,65.0,50.333333333333336,29.0,10.0,32.0,62.76833126674746,20.64257405456184,6.744431712927172,5.100346489700551,68.30611078177363,70.836704891237,76.82719404833101,83.55400541611287,88.6220658953058,95.72220364670322,86.6236443360399,81.87836809420949,80.35634167768382,80.582965125829,80.0098112265505,78.45179664085703,70.29355233584111,44.52485618788259,23.200046531748374,4.803977246800724,1.814422790019944,4.692259348513934,8.875800768697943,14.593528035016616,16.89180508533171,-0.9823516608469236,-0.1870433490699165
2023-09-21 21:00:00,1.0,62.0,42.0,32.0,9.0,34.0,53.66277542833233,13.698044707067243,5.541867201998173,4.409529142775737,59.972549667133954,62.92373110030917,68.77768849629012,76.22105689705417,85.01468225476249,93.5320430429884,99.40036429700884,99.64778001969184,69.13639444801419,43.83459690369569,26.187354671889345,25.964981503272472,25.398449337377528,24.059023975409897,21.800800138160493,18.72457000263661,17.042010913719615,14.985911521820306,15.155599668831918,15.451602030483386,18.000308799893567,-0.9854237542919524,-0.1701176783204905
2023-09-22 21:00:00,-1.0,65.0,3.6666666666666665,21.0,6.0,21.0,54.09708539709628,15.498754745404275,5.928565761797582,5.713754558116149,62.21097312685958,66.34150362140085,72.59694477131696,77.73939099828256,75.27640921559438,59.012334173299664,39.66827725075363,33.42063580245177,33.307494681998065,32.92815764913335,32.22214565271442,32.35068374680854,32.66269816536305,33.3551012495199,34.2807938586554,34.926712194746024,34.41268756275341,33.44507015572908,33.31870024673537,32.92538740520019,34.009206628936056,-0.9882042449941422,-0.15314166701312
2023-09-23 21:00:00,-4.0,66.0,55.66666666666666,19.0,8.0,22.0,58.42632469788989,19.88823977749604,6.144209630635603,6.175424827496904,65.9020214152269,68.29541240234667,74.59632023834159,82.06216351303365,89.77709006284279,95.5439199792138,98.40096455837048,98.46189001723306,72.08991675482046,43.58061165353666,22.706131951583124,27.16983004096204,32.1918319336489,37.99535490630751,39.17741157895433,38.04228194645785,33.9679178461741,28.184557626253635,24.836942294793506,20.45480777268332,17.957339897721432,-0.9906923101615608,-0.136120338622667
2023-09-24 21:00:00,4.0,66.0,17.666666666666668,21.0,6.0,32.0,52.248935377409744,16.0046306147783,6.204535861856247,5.113879383023737,51.69435132898239,53.05752935740775,58.2340465870204,64.71509978704611,68.60605163688727,60.17254641636688,37.18994640399552,31.6318846970007,34.373979194109815,41.30846376255023,51.63786207039973,62.4951608953936,69.10963896426175,66.26497812940177,57.98720642998103,45.082497404798005,36.03936648251183,25.43560987903612,21.268180785978128,16.615875700234625,15.477313540222276,-0.9928872135356962,-0.1190587300340498
2023-09-25 21:00:00,-2.0,59.0,44.0,31.0,9.0,5.0,55.30818812306261,9.593851734151569,4.8775119348300064,6.119512672768956,58.18834837089203,62.58873065288724,69.24088767070693,77.40993704301604,87.41177936807169,93.54870235742108,78.49076966448433,40.11085405267838,17.560633565487446,9.567817108614031,7.687790091550021,9.396357962499648,9.6972730002472,8.801271146638536,7.778358350522156,6.508857953022728,5.379145747531887,3.9890847119439217,3.307533079390585,2.8160241918538063,3.5432053703473847,-0.994788305609327,-0.1019618900517457
2023-09-26 21:00:00,-1.0,62.0,1.6666666666666667,19.0,7.0,35.0,49.71902394167917,13.4241024446066,4.35379973240932,6.186604591036781,61.99904519178806,68.31099417938003,73.08605186493163,62.91151829073183,46.34161203844095,34.64483664096418,30.77932086522837,35.0326691081063,44.88210024026368,51.67363969249118,56.04372392969961,53.0815108175053,48.727363641784166,42.8592884248889,39.86012118998038,36.75438751521583,34.55285999729426,31.112793256517502,27.54351202552032,23.10337893471015,22.290822714847145,-0.9963950238187232,-0.0848348779057653
2023-09-27 21:00:00,0.0,67.0,1.3333333333333333,13.0,4.0,36.0,52.39539990963286,15.72168184466714,5.317809036072395,6.8193550673404975,58.450055618848126,64.18591335965593,68.26288021263834,62.96517394761397,56.13820319484818,55.04816877637477,53.694006037627,51.08491954981091,48.87360451522484,46.70260411443967,43.76335167349431,38.61972491749928,33.63989192170749,28.007585487537867,25.581535912746894,23.63662671639511,24.17513020624322,24.464832917194933,25.302363981373126,25.79557998296106,25.442760926272577,-0.9977068927101168,-0.0676827617545516
2023-09-28 21:00:00,6.0,69.0,2.0,13.0,4.0,35.0,54.66844296879655,12.881761367062357,5.4601282339381365,6.386298478731352,58.67636298161404,63.73148656186144,57.869779440798,42.83857450024357,40.23571237265246,37.41506915029071,34.300392544646066,32.53468207962042,30.452350614034,27.856681094437384,25.04777977557507,22.92493120981852,21.288930562052343,19.671603608564,17.66902073156364,14.980677194437153,13.482749106718932,11.407281057481349,11.45606220927023,11.060516193378694,9.005587886441937,-0.9987235240803972,-0.0505106171852228
2023-09-29 21:00:00,-2.0,68.0,52.333333333333336,15.0,4.0,20.0,56.5773530853524,13.256020125308112,5.470952839488628,6.157409050484358,56.23377093802894,59.39777227259812,64.94637215444115,66.72480319225343,52.89446287986495,30.57992413728102,23.3628480796532,20.824559662313213,18.507790426978104,16.8060450782639,15.43543360227073,14.254004948731929,14.402430542948796,16.279450653667574,20.852421364704725,27.24668645733028,30.696069945779463,34.7630971094552,38.65430718651479,43.27961048176449,49.75070431246698,-0.9994446170919858,-0.0333235257116313
2023-09-30 21:00:00,-2.0,68.0,15.333333333333334,9.0,3.0,14.0,58.69596764953513,16.529254149453195,5.36476969585727,6.017715727901559,56.54102379009993,61.80576710838904,68.71281701991389,75.90531162849436,72.60161942451565,42.72072717381897,20.617356244038863,17.05689212076291,18.304181935108097,23.33077537400728,32.04374772198141,39.724306486248906,44.30248715996147,44.07786782273574,40.42224783709263,34.2518967551506,28.80802311466909,22.15327803016369,19.33529694871875,15.393385123676756,12.224088214920704,-0.9998699583618592,-0.0161265732706577
2023-10-01 21:00:00,0.0,69.0,11.0,20.0,8.0,34.0,61.01345159166276,17.03150373097191,4.676036711336007,6.235737912360766,67.13339068152735,71.13262483809439,78.06773991693686,86.02833156117936,93.7281885580057,85.15799486090985,52.46311626569097,32.34971546870166,23.1403231764988,18.08882289331117,15.621192607146408,14.516156054630365,13.705982536821526,13.362051883629878,13.84508662534792,14.859326680968488,16.510987913388856,18.538294419314603,22.37847650605052,27.07753531863244,28.81128628990835,-0.9999994220246924,0.0010751512827982
2023-10-02 21:00:00,0.0,67.0,8.666666666666666,14.0,5.0,24.0,50.47135080410152,18.945655410120697,4.768980277185246,6.585575356674375,52.231278000459255,55.799001288726416,61.684281931081664,63.32933366151637,56.064259854559474,58.44166374065127,52.955557505471575,42.69111182176245,36.30853744363416,32.96069871354681,32.34339490390364,35.35375137400936,39.02383077087895,43.50642924684919,47.10357163984863,49.95469281954081,52.18022466961296,53.82737780276206,52.10505819175242,48.72425845886824,45.54488909973463,-0.999832969770105,0.0182765576816912
2023-10-03 21:00:00,0.0,72.0,57.333333333333336,16.0,9.0,33.0,63.63694965420793,31.210749855530857,5.257148107638102,6.756148763908181,74.52413517841954,79.54447713534864,85.4565956523635,89.58668711740317,93.45337977413804,96.05553949273916,96.00646471443224,84.62216667904553,78.78675015598435,74.2274834431076,67.93456949569423,56.08672969410857,43.61096866244514,34.790752093846,34.73042927063746,42.83927849554518,52.00162997513882,62.820003519091685,63.169832077413865,60.06576135774697,59.3533663297432,-0.9993706508539968,0.0354725557531255
2023-10-04 21:00:00,0.0,70.0,53.0,11.0,7.0,17.0,68.10974812297766,23.17460365999488,5.367936927187208,5.690989546250932,76.07270975986707,82.64413469239518,89.71829903538513,86.21754412637534,75.39078007430155,62.64655878764651,46.39879244954319,31.65825873343827,27.549595060602183,28.22190574397204,32.501076230764475,34.60264754319413,35.315495076257065,33.80794460846301,30.88174651163383,27.0923729031539,24.37224587959425,21.417865557968845,21.26659893951578,20.921935185608856,16.76411197851775,-0.9986126020839734,0.052658056924614
2023-10-05 21:00:00,-3.0,70.0,53.66666666666666,15.0,11.0,19.0,65.71339318037325,17.86404429649703,4.327911031482652,6.41989549565219,82.8174215513958,91.10511620595656,94.4047714552812,72.09519232599966,42.6567054307568,26.19736217417237,21.14836451934584,23.77221227940993,25.43202690770283,26.40781724338175,26.576161070193923,26.63562934790941,26.689996106173155,26.277969481192425,25.0008664873998,22.625499561719938,20.233204679908138,16.973652052551493,14.838896426661917,12.025232454245998,10.070423514697785,-0.9975590477788612,0.0698279757298708
2023-10-06 21:00:00,-3.0,67.0,56.66666666666666,19.0,11.0,17.0,65.35826777296575,24.232828334026458,4.7835779910453295,5.839623546157429,80.88956659638427,87.00076333721596,94.37375665532178,98.43049452983738,98.9515695726128,88.56021928417219,64.08374621097768,54.58948447627107,55.29158279740649,57.676238145840216,59.88866762589541,56.63377402548129,51.52765132778764,43.52917332795582,36.77695896471484,30.165928716101835,25.764401703225424,20.760750656794784,17.647719127731765,13.840393215247682,11.947410578459412,-0.9962102997023295,0.0869772313136861
2023-10-07 21:00:00,-1.0,63.0,92.66666666666669,14.0,11.0,10.0,77.90658589720972,30.7802640025544,6.094769079400131,4.74421298937123,80.16189929687826,82.29259024824034,89.28838730310294,94.26787377882631,94.54392698950844,91.94240493098826,88.64803575979107,90.96464629618109,93.69224344939772,93.91045227739777,88.37689418389718,82.51639780561393,76.35356749290044,75.10534680896882,72.65005003510674,71.09807324172344,76.36480882592586,86.54292930551046,91.35302918575697,94.69052547683243,92.7501575740578,-0.9945667569706336,0.1041007489354256
2023-10-08 21:00:00,1.0,58.0,67.0,22.0,11.0,20.0,69.29036909562232,12.734311230802543,5.199399085202738,5.319578943159722,73.20297336069822,74.23262010279677,76.9621064784072,80.69887251344487,80.26067924109911,83.07685189640873,77.14704686813985,58.92773241934408,32.24107690481429,9.94203278170312,3.537305077575198,1.5155415929166105,1.2476625954370908,1.156318773471297,1.2923265364307206,2.2965585589992403,3.5806080626690355,5.188092400381651,6.6759390949935575,8.160657276084404,8.89801959044886,-0.9926289059345096,0.121193461470736
2023-10-10 21:00:00,-3.0,56.0,57.333333333333336,21.0,6.0,18.0,57.04404158160562,13.056637395909098,7.580189153067936,4.478943382403058,62.70042146154463,60.55538056634933,63.42582869005105,70.81577469283052,79.27385304936006,85.64506795657094,89.57603266165076,78.9330183139328,68.71214636192121,68.90037406901521,81.15582524129124,76.54675487862983,58.037261819594136,33.3701703640817,17.384967724798955,10.320414993551047,9.151329321937348,12.057351503525314,20.08008074542176,32.55971446457434,49.53462641689744,-0.9878726596350428,0.1552662498599956
2023-10-11 21:00:00,0.0,55.0,69.0,10.0,5.0,16.0,74.37454876839438,19.687597182933537,6.468193053178482,6.278678141670936,78.53426178832179,79.04023170982823,82.57769098031403,87.55523336997241,89.73813494247229,93.09878570720066,96.29434411854896,98.76212068356276,99.70405671475552,99.48916580229492,94.81649088877128,91.97293897477824,88.59933191633853,83.7559130628228,79.84652189817717,77.53680752399606,76.9583716910707,76.44301131191297,76.05648199058615,74.4062232297027,76.68443647448454,-0.9850556718215012,0.172236243027682
2023-10-12 21:00:00,-1.0,54.0,63.333333333333336,16.0,6.0,23.0,74.27781135109556,16.984401147737128,7.152716911187017,6.0821405177169625,73.68503430911046,70.08001362793007,74.78070013219747,83.47288157325636,86.77474254510248,84.28881255754544,82.74960805336681,81.94270631024764,83.70848153019223,85.91941271385635,87.3516673160273,89.31047874668381,91.2358147204494,94.50725209088314,94.19708415123075,89.35559566433719,85.43211643885937,80.90196821885081,69.58867099107438,51.84479149571949,47.75896490325125,-0.981947190186646,0.1891552687200409
2023-10-13 21:00:00,-2.0,52.0,67.33333333333333,15.0,11.0,32.0,74.0827964382329,16.85932358180542,6.513693860928497,7.208397899805757,87.71337238848777,89.06547267057377,96.93629275039686,99.85673918027732,98.8149998050523,98.8274985570972,95.2448338103104,87.6332772354192,82.79378511501808,82.33060346074116,90.06775299017103,93.00523967537292,90.7324664284162,87.44397733967534,82.80905072365144,76.22354249972736,70.68141848168452,64.29003602929451,58.18810973748649,49.51464510485925,57.41556679456826,-0.9785481345802032,0.2060183203251708
2023-10-14 21:00:00,0.0,52.0,73.0,26.0,15.0,31.0,66.01728897395766,18.39436032479023,5.503228252013134,5.6951023821582965,79.22196166469523,78.75347019238697,84.69732871487516,91.92434506153988,97.36037654493416,99.40549229199398,99.4120861057024,99.77239815188304,98.94382562621684,98.5589483568112,96.7689936197528,92.73983492861149,87.43198559151875,85.3257193085814,83.6341073889785,83.82812524977005,84.99892554552137,87.01300014349759,88.88328885560412,90.13830228237426,89.70212208829686,-0.9748595108374124,0.2228204077947995
2023-10-15 21:00:00,-3.0,53.0,71.0,17.0,10.0,35.0,74.18056166948126,21.37301501081243,5.550864373309966,5.52758712873303,91.30031250008162,90.74999777938598,91.83511158732584,94.74736839787828,97.92465223802031,98.7950804899993,99.40539076345053,100.0,99.64349497810773,99.59262411822736,100.0,95.11954608711171,82.31132591734145,73.03781797926865,65.72780447481013,62.6130359133856,58.16704903704503,50.98777722334861,41.68172560992299,29.07021329631292,23.99106585323757,-0.9708824104813836,0.239556559120927
2023-10-16 21:00:00,-3.0,50.0,85.33333333333333,19.0,11.0,35.0,76.77977271296584,15.652662141075105,6.001411159392696,4.860138434185232,76.85103013866978,77.79517340447748,84.81290729835091,92.4227739904569,94.9204088469865,95.89442315129986,97.38141024770718,98.06125844833784,98.65332390972608,98.90472451586784,89.92875878204597,78.01493630757552,64.83201148531323,58.12439431029613,52.21532094899971,48.99312086117639,43.58771480130139,35.66132355736688,35.7939059709752,40.71788168143056,59.677395973860655,-0.9666180104000972,0.2562218218071163
2023-10-17 21:00:00,-6.0,48.0,71.0,17.0,6.0,34.0,68.1533852162,10.392837267304229,3.850505018970027,6.261154411948758,74.2840068943051,76.67979160432083,82.56208681630297,86.90246399637152,94.35103792913876,99.1965268418528,98.87781228129894,88.31420663966216,71.37806057170611,55.15162096496957,40.56579732576946,30.51799670179794,22.32137505922893,17.256396670403586,15.311302208832847,16.3305926547648,18.41505369314253,21.319650923950206,21.55162953504712,20.45842969189557,19.60255802568274,-0.9620675724981452,0.2728112643340191
2023-10-18 21:00:00,0.0,53.0,60.66666666666666,14.0,6.0,22.0,66.13832421692287,13.636539047354583,4.554771629953556,6.759107917508375,80.55647338728039,76.77425378975838,77.87102406493409,83.91122368098581,89.07607465506733,90.24109442378214,88.20060083759743,96.03394207675944,99.03573967708004,93.9171536013494,79.41880775122061,42.615095661570805,19.8015747771297,12.016964535742275,10.553754519028578,13.09604338508813,13.997649060338796,14.361952441460794,14.402552084253172,14.062898086423722,15.694275437292296,-0.957232443323312,0.2893199776186952
2023-10-19 21:00:00,1.0,56.0,57.0,16.0,8.0,21.0,61.61093846002645,15.607484301510407,4.507944840979541,5.410685140947378,69.20597265673138,67.95226621076326,73.15459219016645,80.23901820467037,87.70348139879016,93.34864416738262,99.43496168201932,99.6391809315573,87.7880055058443,64.42174132740536,34.06193649246728,20.363501327325285,14.519474594858371,20.99118744077558,31.35221237722676,45.424758340280206,53.00584717711935,59.27058013585705,57.33397502883755,52.35699568909817,51.38980623370981,-0.9521140536681102,0.3057430764672831
2023-10-20 21:00:00,0.0,58.0,85.33333333333333,14.0,10.0,18.0,71.93182945989565,25.756342458910087,5.409646075807979,5.885310352476635,88.73692517256043,89.97706621016007,92.18365714071852,94.00609149111015,93.5846060861526,90.0688480625189,87.41602675832664,85.01991113922502,86.56154616538487,91.08828710945431,95.19513721659058,97.91346509759796,99.47227035571596,97.58539749064582,93.80115712851509,87.5089043704445,88.71904131412008,95.52819725326606,97.05221912466143,95.21317748235931,92.47091791619262,-0.9467139181463862,0.3220757010206104
2023-10-21 21:00:00,0.0,57.0,90.33333333333331,10.0,10.0,5.0,86.46251884573384,31.01276628810419,5.261128042900537,5.58801029134971,97.30178978016328,97.46766819127296,99.73426573714828,99.281084600084,96.45042720178918,87.71794994224288,81.33343512325841,81.37680585746855,85.54160275828977,90.855380854369,94.04424202155384,94.11153208518937,88.27167248448747,84.34900533568438,82.22469931217962,89.08999541154333,95.42506027759065,95.02790833820268,91.20954519709632,82.80172043045067,80.46151501389967,-0.9410336347451196,0.3383130181923076
2023-10-22 21:00:00,-5.0,51.0,91.66666666666669,22.0,10.0,36.0,73.98451234978099,18.108673606885144,4.674876773697955,5.890215040694498,80.30615914185815,80.84986722271648,84.03424479236784,90.67530399032402,95.64312504026236,99.00517164457592,99.47443040053608,95.95338807117857,87.88969099412462,83.02621885620407,81.16008805171566,78.48987502293801,73.58206773023011,69.79703948820023,67.36779431556383,69.52243647183404,70.83031303668528,71.00289515179006,72.47411082728019,74.81631441894241,77.81453479117754,-0.9350748843515574,0.3544502230989869
2023-10-23 21:00:00,1.0,46.0,65.0,25.0,9.0,34.0,60.26919272727146,8.386371830558472,4.441485321932946,6.228808529917549,70.42809348996288,69.83015069545768,72.89881982327822,77.24338749532949,86.45679282815856,95.01888283762337,92.48065452967909,71.25623466181895,55.65381732309388,46.59911811951693,42.05739787267412,33.53878199840395,23.59340760314904,11.061713442731715,5.604973725376639,4.560722370343954,5.495421055121533,7.30704133826046,8.889304232941095,11.002924331725138,12.271131752292009,-0.9288394302558068,0.3704825404820963
2023-10-24 21:00:00,1.0,50.0,24.666666666666668,7.0,8.0,20.0,63.25026023393383,13.050947874500032,3.7514839935591673,5.351840387332459,74.72220372937454,75.7707062216633,81.59862344437518,80.35105170665567,65.91377983919931,46.86968280030664,30.461512596013343,21.9712420434812,23.342766553135192,27.063835354194595,32.59214937537015,41.14432170368941,51.506963517125214,64.45725356407468,73.48157219110617,81.82905795133978,78.30710327358578,72.36713513507532,58.45076243601963,41.41640377244991,36.31635841147112,-0.9223291176290545,0.3864052261209853
2023-10-25 21:00:00,2.0,57.0,81.0,7.0,10.0,21.0,74.56649984076252,27.900598977566847,4.527055498021038,5.8064722219925,80.45076729729097,78.23259910975467,79.71339178368223,80.97334771389818,77.4000654003714,72.77524344247614,72.32701515319518,75.30519674842384,79.033499203707,82.1250252220507,84.5877944154461,84.69025147232857,85.58214374495043,85.92929722877415,87.54182289296104,89.38149258337938,88.82700747223741,87.10261885645176,84.20113302949332,79.94666123304415,82.35110166073522,-0.9155458729775467,0.4022135682368036
2023-10-26 21:00:00,-3.0,61.0,65.66666666666667,10.0,4.0,3.0,77.73834933155908,24.017011447453097,4.608747898986628,5.279339774437121,89.9968311982194,93.03364465617416,97.98289069891634,97.91329527580493,96.84898951125072,95.57555740118934,95.86917199345903,97.75968299697432,100.0,100.0,98.52155745713472,78.80931410600664,56.73633107573682,33.30490621764123,18.59490805274104,7.226343479562945,5.587152464773407,5.855903682644197,16.115530451990317,31.226841572559746,49.37438100372826,-0.9084917035725082,0.4179028888867866
2023-10-27 21:00:00,-1.0,62.0,78.66666666666667,7.0,7.0,18.0,80.69837140029473,28.74724007823231,5.610439275770293,5.756445358667423,84.54576648786863,83.0165391942807,77.11760512032505,64.92009570350196,64.33739024290782,68.33465517661645,65.65978899561595,59.53608690995531,54.57306415548253,53.509782841123496,59.45035477412208,69.06337633979419,80.39393576809924,89.63585850792616,95.71875713859464,98.84282911255228,98.8949359083229,96.55830563000193,94.5676854163653,90.55734197557298,90.90951682189989,-0.9011686968561567,0.4334685453485363
2023-10-28 21:00:00,2.0,63.0,58.0,16.0,14.0,29.0,67.31731330492019,14.19727241456706,5.26707397549794,6.247862155620558,70.06974562750287,69.97695924798397,73.06743814274436,78.38572308513547,84.31047389332842,80.22534089298946,62.24208366503986,44.00674936205399,30.32075800416878,20.79422743707501,12.206014540532722,5.888150481771812,1.0549290318677709,2.5875958373557006,4.713164603532546,7.746511006060687,10.043022744045183,11.937386933371544,13.844699528319898,16.038100142264767,17.103679274452084,-0.8935790198239952,0.4489059314938798
2023-10-29 21:00:00,-1.0,42.0,61.333333333333336,18.0,6.0,28.0,52.78354897982624,12.178950282357317,4.25055281923087,3.069631162724761,70.14008201104761,75.38488185580728,79.66983998296003,86.2772845464291,93.12843343741446,99.02711497812908,95.27452798713124,55.72357882521065,40.80268032701472,44.22122500146305,62.1511928557835,74.04032781283875,81.40550337516171,81.53559737115368,80.51132793676426,78.92281565914318,77.16008742618278,74.9154082612801,73.07333514664747,71.21382265016058,76.66233565253934,-0.8857249183835637,0.4642104791518923
2023-10-30 21:00:00,5.0,35.0,92.33333333333331,11.0,6.0,6.0,88.68834683744561,15.52443550626852,2.909956503665939,4.188965964427559,96.01584235311115,96.86963639846893,99.89028667088353,99.95081045952703,99.31330713020974,100.0,100.0,99.87527771485333,99.42141151743212,99.37526244901504,99.41291780351024,99.05111566563144,98.92188574011104,98.79017741714937,98.41597740591806,97.25277075490676,95.26328840265516,92.99201577026686,90.74684830513642,88.74962489498056,89.70558209242797,-0.8776087166898392,0.4793776594606945
2023-10-31 21:00:00,2.0,35.0,32.666666666666664,20.0,7.0,28.0,56.29054379593052,4.604761834100406,5.100221854417751,5.190402183866622,54.60554156057038,53.64117175917402,58.229590125925135,65.33234559801784,74.18049972873037,84.86451316581653,92.16569226291466,75.56661398247574,49.22470562931212,27.780550708372942,16.883910429717407,13.795159077373164,12.163825221628354,11.460584716172676,12.79394529003414,15.73582927246194,19.82962451119485,25.10499367363149,27.08064561149713,28.882073671184514,24.58445186128515,-0.8692328164574792,0.4944029842076181
2023-11-01 21:00:00,5.0,33.0,37.0,10.0,7.0,35.0,58.432882370298834,4.778345997229264,6.50794912748121,5.998822885043535,53.376425771177495,54.48425465030439,59.81885470412508,66.79423543040883,75.97435928109157,85.19976268010022,81.37182264614806,46.72643601588548,36.01066526916653,36.30232329878259,39.99888005953397,40.24934935925544,40.25920781908858,40.63487875816283,43.050777464860886,46.838494177324215,53.815932024279576,62.91410014665297,64.92430294644137,64.72902425898116,41.66545652886784,-0.8605996962501181,0.5092820071573356
2023-11-02 21:00:00,4.0,36.0,12.0,6.0,8.0,23.0,56.43951040406162,6.455350803603596,6.013830977209949,5.642514815524886,54.81224157711796,57.72997274930059,63.91389752840377,70.89941425998634,78.73777173744399,84.17295647639934,80.77424019105493,66.13235645256773,61.708585212970014,57.68020426315877,54.08590669671072,50.16712554175681,48.22785998310663,48.986258088980485,52.35953676150322,57.295158738178685,58.82883282456248,59.56631578822107,52.885835312002506,43.276834366896416,29.950694014313388,-0.8517119107469189,0.5240103253675756
2023-11-03 21:00:00,4.0,44.0,59.0,10.0,13.0,20.0,55.30805895279023,10.42228292074602,5.994749193341644,6.792822570594064,56.59129996050125,58.80803694593739,63.64517539069171,67.57315698417685,64.03976148818212,57.67618290569831,60.49356478558076,63.507733405851205,67.27809017757185,71.45965419210131,76.36654855348108,78.8994389640272,80.40622201950966,79.51514844034085,78.21329990973759,75.00381870586955,72.29021574872877,66.16678550168457,61.88516228135027,53.5978260068281,54.17599174848764,-0.8425720899866032,0.5385835804920232
2023-11-04 21:00:00,0.0,45.0,57.333333333333336,17.0,8.0,27.0,62.59800623687333,6.47760831819057,5.699021571765251,4.985596249846499,61.59219118998338,59.59552807503261,63.05395688205604,68.93153546468906,74.60344120907504,78.51241669686583,74.18695321986908,40.38958316032477,15.384915685731148,2.8014554809056205,3.565519912665152,4.471546318450069,5.382848450086105,6.232891835383357,7.812999568593135,9.962293043259706,11.72481728904462,13.726351086709068,14.102316244456716,14.499763555110832,14.235876390878287,-0.8331829385891785,0.5529974600700271
2023-11-05 21:00:00,4.0,40.0,44.66666666666666,15.0,7.0,31.0,57.02904808117887,8.198392864373687,5.731839946674139,5.035010116393424,54.23812847989959,57.61439840417049,64.28438452404495,72.06823595943183,80.56040888502521,87.66794126472641,83.24491508347907,55.39599148933484,37.96913768311953,34.67042017265021,47.64492212587334,62.07559232062566,75.9714868226223,85.11156359323255,89.31155011037959,88.91706844974044,80.08750240640038,66.65943356785556,50.915486800727095,31.27232315112975,20.17126083878582,-0.8235472349556007,0.5672476988027229
2023-11-06 21:00:00,-2.0,35.0,49.0,11.0,5.0,16.0,41.629979695113725,7.472216459033938,3.6067521262458015,4.7817888531121095,45.616021772555285,47.51298349535119,52.93520410120974,59.82450630288355,63.745281160808986,53.796346578037,37.82218218952658,21.563764193112185,18.922297127233417,24.47362447332278,36.76939042781903,45.083670693109895,54.0078616657522,64.03603723009772,72.88634710424421,81.36130447691755,83.91077833465965,85.04314549752443,84.01967146259842,82.34581006675852,81.39674512931609,-0.8136678304455991,0.5813300798152042
2023-11-07 21:00:00,-3.0,48.0,92.0,10.0,11.0,20.0,89.29404033452167,20.00174348467409,6.092202599037043,6.656641925260403,91.42018357191051,92.08976091816356,93.84300725415603,98.78635920322398,96.27218007418487,93.60765555835296,89.80217103094932,86.19207781214322,86.5677812868239,90.00890811289251,94.63933644530378,98.60116775442326,99.9020142608338,99.3452162337003,98.57604770340711,92.04381783053212,80.48498650180646,63.55043025242002,47.717510264153255,31.419140880629165,22.49733767673504,-0.8035476485339116,0.5952404359043674
2023-11-08 21:00:00,-3.0,33.0,82.0,36.0,20.0,32.0,53.63976214041921,5.974359046501729,4.357864620116439,5.200497254983364,61.93930185516147,62.6684493209907,68.35046421816998,75.74276861799186,84.77982545699734,94.37315082926784,98.12978411078724,92.77164195562052,77.98481928478017,62.10240407815313,52.8831708584258,47.443770482605416,42.56245954648516,36.64109533989263,30.093977859439143,22.359251566576603,15.718295324988356,8.765731458455754,5.025882124160101,0.5622429472955489,1.261423430243743,-0.7931896839451843,0.6089746507720486
2023-11-09 21:00:00,2.0,35.0,81.66666666666667,10.0,5.0,14.0,66.58800769310848,12.91624105653233,3.230133259474472,4.394632922011327,84.10782441070917,86.23613170438435,89.86067433900331,92.68347630801772,93.6346452649482,88.56750380973962,81.61097949090932,80.2534004746963,84.77269075372435,91.97211856060504,95.16232205112418,96.53924654018276,96.08664111766832,95.00696477512555,95.2736531365406,95.27815053336028,96.36413274801907,95.7217304963362,94.92068879250172,92.40724469277536,93.7282030194629,-0.7825970017677834,0.6225286602431057
2023-11-10 21:00:00,0.0,39.0,59.333333333333336,9.0,9.0,27.0,64.38968071494627,9.29391455621986,6.954634149699081,4.952078002557125,78.43106784693671,78.13698019909727,83.18154630696874,89.81785374366534,93.50381535844268,93.83434187381924,93.6595935049166,93.17426622575428,90.9927634898078,88.80352463872838,92.0082022990116,88.0332335840633,77.81793461639066,58.87462583354126,46.81437234510537,46.01070619196436,45.130909356045954,44.032103718906725,32.95490340728628,14.776610141381694,15.835434559135434,-0.7717727365467837,0.6358984534680745
2023-11-11 21:00:00,1.0,35.0,71.33333333333333,14.0,10.0,32.0,63.86799609970165,7.195209196574926,6.533460779507401,5.532570472171772,78.48445563711796,82.50382457216355,90.27298417277056,94.225075909344,92.63780521613307,94.20876160708649,100.0,98.96264672210889,87.64901372625508,81.69286090896286,82.65102772593222,78.54732014857338,71.5951089802362,62.05947205685979,47.36667923329579,27.771738486561546,25.21752188299488,25.5959535642029,27.40425711139964,28.557954169214728,27.595907970365687,-0.7607200913564104,0.6490800741100398
2023-11-12 21:00:00,0.0,33.0,21.0,6.0,7.0,32.0,58.432882370298834,5.763399634489612,4.259925843226077,5.402267531857735,69.5945766123435,72.92549961609153,80.74413666284569,89.34094197211816,96.6105903899251,99.2616690220267,86.58738132386262,60.19742098619697,47.5412289523196,42.12217896534168,39.96046301394239,40.17730907661636,40.39709433808221,40.583425728447054,33.30424241014611,23.44320232314005,18.49129974005757,12.575692365069338,13.820198399301942,15.31351910090872,19.876913046972376,-0.7494423368521953,0.6620696215153815
2023-11-13 21:00:00,0.0,32.0,28.666666666666668,3.0,3.0,17.0,58.2871659709817,5.575987228670352,4.018433288766195,6.098044591942767,70.77155347678494,77.60150371781764,87.67538931562083,97.4667711710536,100.0,89.53468130015005,55.37516220598048,36.17824839811925,32.91591611972488,33.804620658478484,36.69498542872539,37.54017825385845,38.05626510936359,37.107606505960064,35.6771827294924,33.30287848238625,30.15508579072459,25.76323697652841,23.412789474808665,20.56031710508015,20.620642309170822,-0.7379428103031386,0.6748632518680403
2023-11-14 21:00:00,2.0,33.0,36.0,3.0,6.0,35.0,58.432882370298834,6.30868203267402,4.782027182829647,6.349193198540204,72.2866783243487,78.29647856590685,88.20967306268216,97.75103195853649,99.28414142764872,93.95534146939936,70.42131388448698,52.67484298085613,47.18873592155423,46.88050441386898,49.802825989717824,54.95771434345278,59.95923471366999,65.10377446099434,68.14245262154066,69.85945967332428,66.77064621786346,60.6856215106952,50.76070182522364,36.95790581851733,29.271721128431217,-0.7262249146041543,0.6874571793269664
2023-11-15 21:00:00,-1.0,36.0,54.333333333333336,5.0,8.0,19.0,63.99936441271857,6.546166211179763,2.3686405952636904,6.654579104451076,79.49599460572576,83.59234840618632,84.9860850028111,77.39958932580244,60.46102833968504,43.85650916872666,29.553916307657268,16.125959440534345,8.191761594936734,3.2733077125268344,0.1194209421065918,1.0668484831421965,7.263065506332375,23.11960259047428,39.67583460307582,60.7360400897255,72.80940176685424,85.46846115077525,85.91199036052923,84.9162070960163,80.50360096697368,-0.7142921172691032,0.699847677146407
2024-03-02 21:00:00,0.0,44.0,55.66666666666666,13.0,12.0,21.0,53.08942780454832,9.723864516749387,4.041095699086732,6.693951239193965,76.07024740586738,77.51468657755672,79.37306122217936,67.39223516012589,52.22321348183488,45.85323679514714,41.99175051059506,38.61750603849498,35.21246644766098,32.08400487128786,29.32649931081272,27.61774124196289,27.760221127697715,29.838464503496592,38.13086736325632,50.33159330880148,66.91692453856905,87.96221221324836,93.0912287526236,97.4889075287168,95.3051103798022,0.8755389928586302,0.4831474640149687
2024-03-03 21:00:00,-6.0,45.0,87.0,3.0,5.0,2.0,76.32467403297849,15.90896258907346,3.641991594095408,6.351051743160795,97.14285366425096,97.97305859662104,99.3004466937834,99.1860976490895,93.98142051972911,89.31501316973016,90.88993185171212,96.48783483955263,98.90400371299464,96.0791758796184,86.69370139344247,66.48542382347783,46.97962782225388,26.05158904958815,15.263853708385158,7.263833307341992,6.827964343725479,7.581232902547407,9.86716775914637,13.054242841406252,17.77791243691233,0.8837203473619977,0.4680153284438345
2024-03-04 21:00:00,6.0,41.0,81.33333333333333,12.0,8.0,11.0,59.57550414737721,8.673531382238995,1.5050918883967042,5.968345462068158,84.14771706405371,93.090905024029,100.0,99.9035749385363,75.92044453427377,63.47722208669514,61.05064137537597,55.70875387505385,42.51328138925234,33.57897806044807,27.241162768664694,24.706576444785576,23.864684121692,23.86955683388356,21.93925534182512,18.988128274735327,14.51341464340596,9.111283919882023,6.923215802024761,4.80174671925585,7.6561382376379665,0.8916401947968874,0.452744699607371
2024-03-05 21:00:00,-1.0,42.0,90.0,11.0,10.0,18.0,73.07605006966709,14.732376095134208,1.0952778303253936,6.072704351952337,97.20969360169435,99.47654588040524,100.0,100.0,100.0,90.46977345993946,62.135208194282754,44.162083246367125,44.05830502699072,48.09598823290617,54.36480813364971,52.20612117580685,48.79989208663663,42.85788993644261,40.33158008349812,38.8574980437893,38.72445572164956,38.98933436105402,40.70768756383509,43.57466164937591,55.01832766295994,0.8992961915530253,0.4373400963303323
2024-03-06 21:00:00,-2.0,45.0,84.0,13.0,7.0,35.0,73.3837237614641,20.14603186688757,2.9536908970688263,5.881255630396555,93.9621607592432,98.46760411709238,99.28476908101617,97.8959385524493,99.34192674275128,99.4727013909124,99.56700429018032,98.85340731108354,99.4195443960586,99.96638848846496,99.68049422495363,99.21196440310472,98.95511578295184,98.7935217857696,98.48899120336402,95.74709693248478,93.40629039654878,89.88025114080898,88.59312926294098,86.12481910286375,85.81729724412178,0.9066860720977984,0.4218060770826634
2024-03-07 21:00:00,-6.0,34.0,94.33333333333331,27.0,13.0,3.0,63.73599087009168,5.776178045044483,1.9546657935815657,5.388816646263898,81.93055945653185,87.84675969978097,97.20420776446971,99.94681438448424,97.52018432856065,90.88429168160192,76.27339572404107,51.045336863094384,25.501338606902703,10.843249989740777,4.086160742969893,2.8581987685337964,2.123587440042135,1.9942455620882964,1.967261368097491,1.9669243892201749,7.49914009655608,15.701007467796131,37.42485292843259,64.54307114215867,75.05373453080986,0.9138076496466616,0.4061472386305788
2024-03-08 21:00:00,-2.0,37.0,19.666666666666668,26.0,8.0,36.0,49.84459424468805,5.391086924413358,2.5397131452739266,7.558656254695469,75.24238535426846,80.84752014854426,89.57148536234565,97.8476592696294,93.95984747759984,73.27530815392099,49.076703599195945,26.268332185567463,11.682598225879266,6.211455851323471,5.609811191696757,9.053828171843032,12.758301306432,16.89004882516181,18.972911922615392,20.451861966640585,19.85851320678617,18.3289268960936,16.45751516361405,13.84932679903452,15.356590125894302,0.9206588168102428,0.3903682146763026
2024-03-09 21:00:00,-3.0,38.0,76.0,23.0,9.0,15.0,54.40739315570763,4.597401259200444,1.4478833171347354,6.086126836456522,84.57828964881617,92.19574840921342,100.0,96.80205416481635,59.94493573706371,16.71273746236657,7.299697983458239,8.999763576679348,10.68554714681689,11.765699394698045,12.23480694143632,11.72132898185138,11.12972762356944,10.23211973233393,9.64782116762,8.957889315775521,13.665814856168325,20.505029437570908,36.76474341273577,55.94073095261167,64.86911822717258,0.9272375462179536,0.374473674486883
2024-03-10 21:00:00,0.0,37.0,93.0,16.0,21.0,10.0,81.94145600121023,14.971048876256411,3.3213832473817475,6.544839329237932,95.331695703531,95.1274405924846,98.13815006789054,99.078964060432,98.64296414331562,99.95425690161032,100.0,100.0,100.0,100.0,100.0,98.05478595089956,90.52996052120974,74.31214015083928,56.665067364413005,58.49463979235983,58.6377098470945,54.48710969668947,45.49591702825105,30.69157202771356,20.116881448906742,0.9335418911179212,0.3584683215124808
2024-03-11 21:00:00,3.0,36.0,93.0,20.0,16.0,33.0,78.61248334703966,11.21413861060642,4.319420780142398,7.398198921188812,89.31276331396802,89.34581846001932,91.439663112009,98.02278308349416,99.40202792848898,97.90214268864776,97.82271542497594,98.16899823734026,96.5568952324572,91.18653080067492,84.60783634810161,71.85176886141676,36.09066740785326,19.233882071694943,26.090769934134872,33.156220153345735,40.99367077893243,45.41502627068109,52.43358548094991,63.70791019343217,74.45571223638623,0.9395699859530622,0.342356891994542
2024-03-12 21:00:00,0.0,38.0,87.66666666666667,32.0,18.0,32.0,61.65903145776694,11.447308710327157,5.131256455271606,5.368017584204661,86.81678721334187,87.3515301805266,91.48924841333816,95.96092453804394,98.11679423427158,97.7486841460162,96.62718666939897,94.33141751947164,91.73046407711053,89.74072873508607,89.03769324216377,88.92270207600252,89.3442775970837,89.24055153826804,89.36786780838547,89.23197644151499,88.23907960756848,87.00402733739351,85.40535119512424,82.54619157307718,79.72120441494621,0.945320046913132,0.3261441535642696
2024-03-13 21:00:00,-1.0,44.0,65.66666666666667,21.0,6.0,3.0,57.60857456030561,11.328817952713726,5.266103116748873,5.958090185034384,74.07819528343128,77.2653182343391,86.06379200337277,95.55518527198716,99.8097860572851,99.232523100981,78.55920165407186,70.92561058692384,68.48132590162503,68.71129641044558,70.95096325236823,70.14069861084884,67.41439217397203,63.05619136844109,61.78911460473729,63.27307391441176,57.67290252963302,45.59390969475634,26.95364759510052,0.211314053558963,6.633574616204271,0.9507903724625832,0.3098349038318025
2024-03-14 21:00:00,3.0,41.0,90.66666666666669,10.0,6.0,19.0,72.9723905164196,9.931685449469814,4.548166134219543,6.2195629787881295,95.82050786247436,99.39582533414914,99.97496369150848,99.6960918255296,99.45542989086874,99.7554450267839,100.0,99.96180908480588,98.61838458640804,91.80405501454712,76.29268658222566,56.49214208969613,37.04437569564556,23.960125671359773,17.662892770910165,17.161045135539194,18.819539496576983,21.765882812496816,22.47298843148286,22.33061561759753,18.821634277022127,0.9559793438440766,0.2934339689665273
2024-03-15 21:00:00,1.0,42.0,87.0,21.0,6.0,36.0,64.77438262057736,9.899611199936436,6.883304603699608,4.987236185015385,71.47044499519947,73.55739868243141,80.8832839496378,81.62920981892665,80.73804967263244,82.25086628659997,89.39988001999549,96.23562031233229,98.7890032800974,94.82925644481207,76.01926296825648,65.56459374756409,57.53830096715943,54.35906379305895,49.82735385996977,43.933627254427904,33.761250309776,21.241487830158263,13.65136329593088,7.235188350997555,7.295474544050114,0.9608854255574976,0.2769462022689364
2024-03-16 21:00:00,-2.0,42.0,74.0,34.0,5.0,25.0,55.01029639594,9.342590675086456,6.496698293298717,4.705180183004403,71.11127234110143,72.68308601217078,81.20624988283804,87.55096601610127,94.3543768833461,96.71108394241732,98.8714168348132,100.0,99.80359080720974,99.62619320729786,99.00325203036196,79.82429570296165,49.1080043147375,32.23256505939879,25.675511974299148,39.0282516246198,55.36378306268619,75.58557395249676,83.12767211761667,85.47112716829439,83.09040856519117,0.9655071658143364,0.2603764827344581
2024-03-17 21:00:00,0.0,37.0,92.0,10.0,9.0,15.0,85.30230278358447,11.877184420321845,6.331595535471657,7.805193971017118,92.6278596857548,92.28280292753996,94.8965209882128,95.53279732017404,93.74232306100184,91.35760141036604,88.85842465761525,86.25146101675219,85.70679083453388,86.78754328507992,87.80617450533742,88.61231311563182,90.33087753541064,90.08489990455509,88.34948098902741,83.13606696615108,75.72745640341584,68.0140081741048,57.71686477977161,43.56122306201408,28.10471409470871,0.969843196967294,0.2437297136096838
2024-03-18 21:00:00,0.0,40.0,86.0,34.0,11.0,27.0,59.43489778080264,9.266073154832489,6.951772070674423,6.352981583742006,75.99744413107838,75.91630594026799,79.98914644369592,86.50401141344643,91.82086956657233,95.20426075449228,95.95938512723822,93.1710763260226,92.17559361299124,94.3036922395249,95.76335845133046,95.9308039692912,94.92185563193672,92.9545644882604,90.04870022824223,85.44156526520487,80.21151477205822,76.15470006853161,65.7761914504084,49.81364641731054,42.16759109740458,0.9738922359149924,0.2270108209414184
2024-03-19 21:00:00,2.0,37.0,81.33333333333333,42.0,9.0,30.0,49.84459424468805,6.773561045312533,6.330162601139117,7.238345734061539,66.95751179355037,66.6403347699335,71.07163886353985,79.48314792650599,86.9492225944938,87.11227580012076,87.75923406595106,92.87909249046923,98.50320323238792,98.8999315233488,89.21626298709884,78.7538108981257,69.17196958541673,71.50635631027464,74.88666158074669,73.58020105029482,70.91438019689137,66.83627100396686,63.75940014859965,62.22172249162215,61.46111519950909,0.977653084481664,0.2102247521189836
2024-03-20 21:00:00,-4.0,38.0,84.66666666666667,28.0,10.0,14.0,61.65903145776694,11.073790933912354,6.216707938937321,7.366896333196013,96.08072415770988,95.62839806260853,98.60076786658534,99.89975706619002,100.0,99.83106247498309,99.97538702885882,100.0,99.15230142537382,98.5675824749417,99.9165992394353,100.0,98.20802267462014,96.1284088058987,93.22576950126862,93.80542120170242,92.90828314666769,89.09094705247016,80.87903534273507,68.95808365696054,71.65055723405058,0.981124629771712,0.1933764744102058
2024-03-22 21:00:00,2.0,26.0,34.0,39.0,15.0,28.0,40.08191869266452,2.234416728177788,4.923647919684067,4.410074856862496,47.9968583972991,51.62877871051612,58.167134315862015,65.57969629972793,71.14324163416865,63.25695602498779,43.9282825921993,22.84434796728995,11.871725237468503,7.225179154914831,6.995563483988495,7.502800769058291,7.836665361405471,7.770286793014451,8.395502344514943,9.471204467398223,12.501695697724886,16.68007416444139,22.660120946490142,30.8010824230257,38.68430508338191,0.9871957872910084,0.1595132519726365
2024-03-23 21:00:00,3.0,26.0,92.66666666666669,11.0,9.0,8.0,74.47571909010395,12.549096895405889,1.0076015604209063,5.9216755614450935,88.68174302033157,93.1776392295784,93.18675478753794,92.62947613214584,93.94134986378236,94.2946187886762,97.18083067426709,98.33396153122828,98.38196887850516,99.3688073362572,99.44363604733375,99.36117598158522,98.0251629322024,96.8121011495592,95.1095947296622,94.03026660536337,92.90521385761018,90.34626987439394,88.75937153871625,85.67058501291345,84.65171954739249,0.9897936029670716,0.1425083279161708
2024-03-24 21:00:00,9.0,30.0,75.33333333333333,35.0,11.0,33.0,48.70998721974842,2.5857734676991324,4.038672997108766,3.522053200390857,58.78380377059447,61.14106309430718,67.25182757559838,73.76717001300835,70.30105810006141,44.02383270482907,15.728725519946291,12.141422233705605,8.574942489454681,6.151899192987994,4.575697036749298,5.047429686365347,5.104560115994702,4.828741257209699,4.499283928962435,4.259274094152257,5.0690102734908615,5.801677467251211,6.753049162227696,7.829546408914273,7.1570867629482855,0.992098522791769,0.1254612333527364
2024-03-25 21:00:00,6.0,34.0,65.66666666666667,26.0,7.0,9.0,49.361915269639454,7.519743145235868,0.7895417967129057,5.90439199778751,66.32641606819136,73.16545700310299,81.9896703747523,69.00929660777308,21.68291142945131,12.781478547761582,20.90867636827807,31.89841771557073,42.588831130810526,46.81851174905018,48.240600098585205,46.00867173180007,43.56777735204842,40.837023419791805,41.62471267413551,42.46612476904404,43.878624510770905,45.24217962696128,46.42122438907026,46.75811876836873,43.03645008994271,0.9941098647022418,0.108377012791876
2024-03-26 21:00:00,8.0,38.0,68.33333333333333,15.0,11.0,8.0,64.26020344472701,15.081624204324903,0.7849289308618156,5.946052021290942,63.60884530251174,64.8432532621652,58.76865846786834,68.26075473405737,86.6157305438201,97.0373973214216,99.7971684635551,99.40485111245268,99.6235163954634,99.87144547280823,93.63936276290138,69.81688069839824,43.56365365346713,15.081048455047071,11.440997363217914,11.212698679963705,12.422747821634914,13.75895063619896,12.433440812511211,10.22564704898445,6.14395890670777,0.9958270335100596,0.0912607217293118
2024-03-27 21:00:00,-2.0,45.0,91.66666666666669,5.0,7.0,16.0,85.78313769615109,26.4792596985481,2.0207061062501404,5.835281457958639,100.0,100.0,100.0,100.0,100.0,99.17958659275024,98.8224346448497,99.75805193834944,95.92830647823114,90.23526903217048,84.20107291403556,77.03739154643242,67.66308449961528,55.27253586979835,49.58642821939688,48.5408705555923,62.03287214191144,83.02991671544918,86.45147174880414,85.26378256708816,47.05473699372687,0.9972495210773452,0.0741174251509443
2024-03-28 21:00:00,-3.0,44.0,92.0,3.0,4.0,35.0,85.72429560544079,22.751833895336244,3.865406107113898,4.088959346372907,100.0,97.62853881312743,98.4672210928968,98.96288159637744,98.9173715717267,99.49972286723848,98.81467577221116,99.11990212198243,97.86293071172943,96.55013230457624,94.96973977151512,94.92167344070964,94.11197037818592,93.4530930976957,92.90395132156124,92.22185946940252,92.38665763777016,92.71520505896022,92.62504630926848,92.79619009040351,91.0897651006366,0.998376906467142,0.0569521960340397
2024-03-29 21:00:00,-1.0,38.0,91.33333333333331,11.0,17.0,34.0,82.01542558809471,20.26634168945741,1.671487285082908,5.447889414787485,98.4146570727553,98.1678159123139,99.11398628047728,98.69164946740293,98.03335726736772,98.06241917291844,98.0227789436236,98.90897941144895,99.18903660413154,100.0,99.91175127073768,98.5459190915647,95.99722050172856,94.43282497909937,92.53100281912634,91.51113763151504,90.89613503200952,91.57346886440968,91.73998403474872,89.66303134856341,87.92432354512326,0.9992088560679752,0.0397701138460557
2024-03-30 21:00:00,-4.0,37.0,60.0,32.0,18.0,30.0,47.76135245846435,4.9626375913503376,2.950694047837393,6.591967616308079,63.06000158910671,65.04161469545245,65.54096755164895,71.47391384970939,80.3513261760135,91.31062807403345,91.25483692174753,67.57408100151689,36.4200999032612,18.53928848937202,11.22751830228818,8.19958672065907,8.250096288554872,9.07804510607634,9.822896755494284,9.700682795862695,8.890268852824818,7.013732373468942,4.897790646371634,1.2156538709751454,0.5092455012314702,0.9997451236925734,0.0225762630415454
2024-03-31 21:00:00,1.0,38.0,69.66666666666667,41.0,12.0,30.0,47.92397715939136,5.936885199756143,5.215864744724481,6.304211734092812,65.25619380836221,65.16575065418597,68.97953038158914,76.3205744288409,84.68280914682752,92.151748448636,97.85442743077468,99.13722186375809,88.23499483333154,65.07895072062105,46.75692331400022,33.669531262111825,23.682766860097995,21.06066062168857,20.91234989757026,24.91297480905273,33.21962000784369,46.554467784506976,54.7985785480098,60.89091196696971,56.91093601404681,0.9999855506507186,0.0053757315575838
2024-04-01 21:00:00,5.0,42.0,34.666666666666664,36.0,6.0,33.0,46.57574460062664,7.134288400083376,6.144235405208018,7.016986977813327,72.44580847068409,75.40263093002264,78.5168696007607,80.52376416140956,85.05183612641014,88.77404545835907,87.78347187013664,74.49947034944628,60.72498116683298,50.28770054448716,47.892916088930455,53.79387484959216,62.75950964252478,74.14529275055544,81.82406043952768,85.73587465413321,86.447336068727,83.68577194161149,79.9024944585445,70.76439417482099,48.21994435703908,0.9999300657962056,-0.0118263906918325
2024-04-02 21:00:00,3.0,42.0,26.666666666666668,48.0,8.0,36.0,46.57574460062664,6.215123284557586,6.222019034716525,4.523236445468706,70.46107078636709,72.27293049086903,77.314085783092,80.03122866711064,81.78682079269774,92.49921681649631,98.53610015541832,97.9567574299776,68.311202927775,44.00744067469402,33.93621615100807,30.742326469910363,26.10336351450911,19.21291661232722,15.610931703936895,14.27497551491841,13.620440275579032,12.801320418496312,10.394484015195024,6.648539797209632,4.520964643826171,0.9995786855478958,-0.0290250133219752
2024-04-03 21:00:00,3.0,38.0,71.33333333333333,48.0,13.0,8.0,50.00429960169621,5.728433057506046,6.472159297259279,1.673861332604747,60.49554063248864,62.82288421119131,68.61010422981444,76.41119271238784,83.85877801504924,87.14175953016496,93.36450732046274,91.11778500764244,88.70608948826346,86.56510573023766,84.1600102727577,60.64852354017589,33.058413526368255,6.928024071725465,0.3456411830997009,2.254605995091828,3.658321090739939,5.601898833319292,7.252661695466167,9.219729655552833,10.099018642136327,0.9989315138848576,-0.0462150469837083
2024-04-04 21:00:00,-2.0,34.0,92.33333333333331,19.0,18.0,6.0,78.43890448497753,12.838305284042914,4.065890668979983,4.567841839673681,94.6415385772192,95.83284065211778,98.87293963099204,99.5423898483436,99.86012626072846,99.1923622775988,99.01537969742216,97.51900551886172,95.5714268149916,95.0005219770872,96.89619321424134,98.25925762396302,98.86093244050028,99.9034394967736,100.0,97.02392390005224,95.97958534361292,93.96658800597297,88.78868427106305,78.89413109489122,60.09515555641556,0.9979887423155984,-0.0633914048695103
2024-04-05 21:00:00,-1.0,37.0,91.66666666666669,15.0,12.0,5.0,75.5699252652478,12.04488567927942,6.054538720917942,6.246618348784586,91.72629621792755,91.16014315816489,97.4285588295408,99.68725439239728,99.64593356956168,99.47678793048074,99.1335158850017,95.80978274429168,87.01815383089588,79.6686305544151,77.54822242762931,77.57660485626315,81.44753184943545,83.97887335521716,85.29606739330544,84.34017471230995,83.22775353349776,82.96784850040858,82.26347988868127,79.46320755810763,75.70495522032527,0.9967506498213928,-0.0805490042187416
2024-04-06 21:00:00,0.0,37.0,91.0,24.0,13.0,3.0,69.64178721979476,10.26686291921164,5.2956005290675074,6.20247322659169,90.08741748731592,91.249429899637,93.23413280714496,95.61233231188804,96.8423789510303,97.97182842272744,99.002894725114,97.16134576492556,95.5689819854595,94.72908841018533,94.20193124649074,93.96912879494084,92.59268814900508,91.12936377750395,89.16499657341892,87.48683867101093,85.65435531340637,82.54822593582102,79.77917324898421,76.18555146054739,75.50550360426458,0.9952176027737294,-0.0976827678217159
2024-04-07 21:00:00,1.0,43.0,61.66666666666666,31.0,10.0,1.0,50.79397408554044,9.26525814307094,3.521722777043001,6.6724638244140415,73.42312930701686,75.85267132432922,83.12157490913134,91.17155149817069,97.29923681295074,98.84868354982412,91.21574236956862,78.12415615291614,73.8211194557553,72.09215438306374,69.46575149519269,61.45157213043202,53.21061214949194,43.53388809695335,37.39865204024999,32.84193671443566,32.15355214716196,32.49793184066314,35.09767337103776,38.59707765078431,40.81375220712993,0.9933900548258936,-0.114787625522127
2024-04-08 21:00:00,14.0,54.0,9.0,37.0,12.0,32.0,38.07535821649752,10.251677158133988,5.224752323429312,7.315265274724095,73.97915773654593,72.60591801582419,65.3380276971094,67.41513350792464,71.88670321608534,65.54492360844066,44.9205489965553,26.6975414483919,17.58044909968951,17.02447451926129,23.14368078334687,30.802998986235576,39.27802217342568,46.07683060081664,51.28256183224147,54.13137342599015,54.78784896768468,52.58972295022174,49.27023646918248,42.67837240800086,35.669615574811075,0.9912685467787256,-0.1318585157173911
2024-04-09 21:00:00,1.0,45.0,8.666666666666666,57.0,8.0,36.0,38.16561867346858,6.133271968092402,4.716554407857126,6.190310531299569,55.57793102510343,59.27918214815705,65.50432297670208,71.98557517481132,78.56687654885522,85.86174017788018,95.16350112286744,82.51328434616205,37.487915651319234,8.324971321147512,3.643699881763076,4.392324605017354,5.806465862587699,8.021439968638118,11.655296638662744,16.714620604140897,21.93122073867187,28.508630956675724,32.26569490709326,36.13386868937406,37.4149274355567,0.9888537064205885,-0.1488903868564548
2024-04-10 21:00:00,6.0,44.0,74.0,16.0,10.0,18.0,62.46572907220463,14.759435507063868,3.586761148415268,6.511510694341208,81.72334133465318,86.69054254104917,94.36087559282676,98.38536122826382,99.70050720160025,100.0,100.0,100.0,99.92044188325308,99.59553639735738,99.84512808456734,84.91894833368659,69.01723839382478,55.63431804751659,50.50241255680224,51.30087931893785,46.59153147326967,38.867508974188425,49.1466988487974,64.81358933358385,73.45186254137097,0.986146248341595,-0.1658781989346314
2024-04-11 21:00:00,8.0,43.0,91.0,11.0,13.0,15.0,76.13910351772776,12.71121439903622,1.560134666644977,6.295073382368195,89.14174089062068,94.6763827008408,99.85308892128322,100.0,100.0,100.0,100.0,99.29150102127394,90.66181158532838,66.06824939202124,30.355831458634,16.783640488903398,8.351211018714617,7.723458238138744,7.763288539730836,8.007718420394486,9.023018955095155,10.305172194293718,19.303715369515253,31.8559856868686,47.3775579585222,0.98314697372215,-0.1828169249850199
2024-04-12 21:00:00,-4.0,55.0,91.66666666666669,18.0,21.0,16.0,83.20884823047453,30.61112213719603,4.496905135663346,5.664890246499172,91.48317557344603,92.0338535611835,97.18426091486668,99.9908134478605,100.0,99.6295549252342,99.4904893095005,99.58532501344904,99.50709204933383,98.91446547247294,96.95966007601716,96.05931017780335,96.58115936565268,97.76330873235293,97.61619575995049,96.22736312664384,94.1741695709796,90.6292983316156,85.42716544267212,76.21333634269324,76.39074360787417,0.9798567700958664,-0.1997015525660636
2024-04-13 21:00:00,-4.0,52.0,82.0,25.0,12.0,16.0,68.61496211698909,17.19822270539271,6.876912229811319,5.91803294803271,83.31973179485333,83.12192504310467,88.37815962343635,96.35427807535449,99.39498024317416,100.0,100.0,100.0,100.0,100.0,100.0,98.20839078759188,92.53899773230218,78.6309896668542,62.33996433662725,52.42666807820525,42.79487882921795,33.94672999600104,26.578502884723555,22.52795408853978,23.436787133056537,0.976276611086932,-0.2165270852448143
2024-04-14 21:00:00,2.0,50.0,75.66666666666667,46.0,10.0,26.0,45.95641016611104,8.540450928837164,5.060204699692354,7.114988468732996,67.29250776001531,67.81555297603687,73.22575581676757,80.87498603562325,86.86084443267418,94.68656558689554,98.97241911059072,89.40473057821461,65.0456293120935,35.72284837652559,20.670302570734588,11.638774257254374,6.789760259583087,7.034218160382505,9.292814482130234,16.3651568128919,24.22310881516612,33.61170334147025,38.40958533188255,40.2684711742338,39.038729416826286,0.9724075561219968,-0.2332885440754551
2024-04-15 21:00:00,-4.0,52.0,64.66666666666667,47.0,9.0,27.0,48.1743939184296,7.488541355545227,8.01336711388794,6.383629392616615,49.83736421436335,49.39711187115156,52.43098896452286,57.4325917774373,61.89790227387426,56.62659378799534,53.14984330345794,54.93795679314072,57.61056435582048,58.76404370844446,57.40589069339327,45.8565296471394,28.75922040130734,21.58736747913866,19.51169880763613,26.487128706166967,32.43210489099081,37.722030745957376,38.37551834878817,35.70787426617352,30.46720471475735,0.9682507501166718,-0.2499809690726521
2024-04-16 21:00:00,1.0,47.0,72.33333333333333,51.0,11.0,30.0,45.47257831386288,10.467583809039782,6.073646004627096,5.775224989553494,72.82143879600133,77.6698291823047,86.71516072397321,94.97926331694175,99.71340401952251,100.0,100.0,100.0,100.0,99.26503981957812,97.16231248739489,87.2965518355662,78.02764119886866,72.39181579358845,69.54927828967067,67.61621959915934,67.41637119487241,67.47415608576198,68.67732840556116,68.42139958652325,67.05545118675028,0.9638074231367308,-0.2665994206792935
2024-04-17 21:00:00,2.0,48.0,57.333333333333336,57.0,11.0,35.0,40.313950460575896,7.806580019489169,5.141577640000063,6.123081550436204,58.36825221701682,64.42638460248021,72.70674748427413,81.49891945411099,88.28315457184529,92.49090056640313,98.85610002508768,98.20787638661132,67.93031203411974,48.77752422701365,40.780588741018505,44.20390644797509,47.04167057762161,47.57360348092284,45.93073991444799,42.51007383258687,35.603943038514124,25.907682157196373,18.98484180503968,11.246812334100088,15.773075920458062,0.9590788900341132,-0.2831389812281835
2024-04-18 21:00:00,0.0,54.0,37.0,56.0,5.0,5.0,36.54800076951685,7.98430458924718,3.596927253354408,5.533465976593853,55.43658809304058,62.11932549408641,69.7206954047405,78.60512491466481,88.05368689726998,95.45048698310936,96.78310638914094,77.60436522078898,29.815853593293408,7.782396908937289,2.9217370525905,4.936405816012565,7.459474336579623,10.597026201880606,15.100722566666638,20.479855487272875,24.7604996159758,29.52724546657735,32.36559597336181,35.523594687170856,36.80181585698082,0.9540665500578388,-0.2995947563972602
2024-04-19 21:00:00,2.0,55.0,37.333333333333336,53.0,11.0,18.0,38.239799587293696,8.4481486298168,4.135471372289761,5.229620649036919,50.468622012221466,55.15456927149364,62.056278816962106,69.5408339943412,66.78642789392048,63.24366060334392,25.67456091867127,12.721704732522266,8.461127254324023,6.924061506226094,5.460885913510776,7.35171138486449,16.50439315849954,41.1824847293625,56.82184513193936,66.47896745629554,60.504633691044354,48.52732674879186,40.18700218830691,30.42660365949218,34.28510471990569,0.9487718864399473,-0.3159618766579029
2024-04-20 21:00:00,-6.0,49.0,81.66666666666667,34.0,9.0,21.0,56.04183886239225,10.877033502078262,6.224885047893021,3.9081378835721856,82.8999778202346,84.87827441968247,92.46478115300135,92.14287827141972,91.49906379546498,90.4531562902253,91.41915348369008,90.03811498956706,88.01128777503071,88.32171628214026,93.01676311173252,93.50720974749396,87.29000440561603,57.01699602755676,34.1083897436346,23.203686057745927,16.634748282280828,12.774281943729235,10.81785721873228,9.240048106256008,7.701753890663621,0.9431964659565866,-0.3322354987159043
2024-04-21 21:00:00,-1.0,50.0,59.333333333333336,59.0,11.0,25.0,40.64474590564514,8.93464789406838,8.255047761111124,4.099175303002945,49.0961268881146,50.65620851941952,57.58568110497963,65.8805747289525,72.18233909576925,79.20806453567349,85.28231860338657,88.11477245080461,88.73609259263048,88.51319613404766,89.58868334560164,91.407466521699,91.50467606388256,79.49227472591457,59.77829515452273,33.86957995022702,19.54933822351712,9.819732667756284,6.706607186180087,6.134984886130921,13.235772513671945,0.9373419384643772,-0.3484108069446808
2024-04-22 21:00:00,-6.0,38.0,11.0,67.0,14.0,29.0,21.52200203256299,3.580360005602665,6.099426548836746,4.556413936883266,28.31364172369553,30.744574541936093,34.67365440084505,39.39770230436423,44.72454179284372,50.78548111999963,54.70988771951756,61.031291493877774,43.77796799108564,21.98411789244728,11.66455058263486,15.834774806167236,21.938933875934115,27.25694222723116,30.09725833425821,30.465960495735235,27.43222128658301,22.67796379244248,18.988722013334453,14.949175991602145,19.76688671700841,0.9312100364121948,-0.3644830148102912
2024-04-23 21:00:00,-2.0,55.0,20.0,43.0,15.0,19.0,31.13147892876856,8.539527400779154,5.729079153355772,6.187010860008246,45.982843315281215,49.34196672370057,55.208063211619454,61.237883753536,59.09969407202249,54.81537858162099,35.82653525547695,31.99077662683593,32.10561219593278,32.09391797271422,30.398978939096395,29.505528875164995,28.407508791020646,27.0132524669613,25.978880709682056,25.316106440729225,26.34853604091889,27.785654489471767,31.217228464896387,35.791498226452056,41.69280914869369,0.9248025743285088,-0.3804473662878516
2024-04-24 21:00:00,-8.0,40.0,91.33333333333331,17.0,12.0,31.0,72.86817422182475,17.919621192618873,5.408451598381526,6.352933964020439,92.46848253775278,94.21639184090832,98.95721916158948,100.0,100.0,100.0,100.0,99.51234635044403,100.0,99.70092499857024,99.80338940296252,99.56504552691013,99.36560375071718,99.29981550997468,99.25139381599044,96.66917516164492,89.02124704021898,75.76549180044135,76.9301301275022,85.84747558669949,63.89812127218744,0.9181214482844364,-0.3962991372689181
2024-04-25 21:00:00,-2.0,44.0,25.666666666666668,73.0,14.0,31.0,24.565479446136592,3.974975461974126,6.378407908327398,5.118094507186615,34.4995153041276,38.91672625359048,43.89388227183497,49.71922152958308,56.0613040478646,61.02227618916236,64.6542588777195,70.466624925955,63.24785446606933,45.75788560271801,23.28026115588191,14.271432915230214,8.174962914751694,5.377891438262947,5.612501124664509,6.969032478521382,11.399026911401398,17.225455907656276,22.95325451627395,29.8928713939049,32.23548409272337,0.9111686353326632,-0.4120336369594263
2024-04-26 21:00:00,7.0,48.0,36.0,73.0,9.0,32.0,26.33001495966189,4.351805363247273,6.644402603152634,6.056390640324978,30.961586224066785,34.81501375703262,39.12211134973961,44.119339214259554,49.872908941852735,54.073262274226906,58.32694820867433,64.47854793648065,64.88110189352213,47.39440150432692,25.46067106834533,11.960323256965252,8.2169015716536,10.323977924326778,12.121440345394449,14.022375034227707,13.45855210474893,12.594727309834122,11.619079406479376,10.534929167767874,14.1457298946312,0.9039461929224012,-0.4276462092677746
2024-04-27 21:00:00,4.0,58.0,20.0,47.0,5.0,11.0,29.11769587266964,9.9828907916622,5.5330794288446725,5.872172680271919,35.967013287796654,40.14810819829097,45.04863273375288,50.49868046401704,56.63078088732838,63.05662329494247,67.86617799181231,68.90819698460672,49.39375275927114,29.48447054680805,16.31473315208215,20.21416229236095,26.601694216068296,34.88080428205934,39.007133077482,43.02829562244687,45.273870327024106,48.09770474435952,47.75139763785332,46.06684564924449,41.593500846693736,0.8964562582905575,-0.4431322341826345
2024-04-28 21:00:00,3.0,58.0,60.66666666666666,22.0,10.0,19.0,45.4041024120896,23.820821740233026,4.281790622134956,6.317993351745584,58.74492316608463,63.694055542840864,70.98555806238689,73.86098636323675,80.95071148313117,87.83123689497833,87.45633084974716,87.87494550748917,90.4498774783953,93.7544078274857,97.5273934456429,98.31956849492718,97.6869774714471,94.74095790663516,92.82543566462336,91.03088813083754,84.89417869043238,75.11451807215126,65.43352916754101,52.45315428573033,43.783122781454864,0.8887010478292915,-0.4584871291400876
2024-04-29 21:00:00,-1.0,54.0,33.0,49.0,15.0,35.0,43.002865327619446,10.37562596847328,3.833479847244088,5.706256881370246,65.23068593904777,71.12913079627148,80.02332023941648,90.3608901013253,97.64430189038268,99.39996153973506,97.48831815124244,77.41263187396974,52.571812770776496,30.839994459238017,13.15066021587291,7.904892035700891,5.412167749421299,6.913166288476462,7.240175999505838,6.5755731366965335,5.4329973565263385,3.9336187883885496,3.7857642289915567,3.66421092895166,4.046277167798694,0.8806828564301475,-0.47370635037968
2024-04-30 21:00:00,1.0,56.0,25.33333333333333,47.0,8.0,36.0,35.40449356326709,8.925610703957977,4.174081760506169,5.317758971249955,37.415336038372615,40.07556828796026,44.949172365405765,50.808236634991744,57.31737233668889,64.74156805500226,69.35672430841213,57.72456284714856,46.27262428613971,38.505631864893545,33.9396037208217,27.70551513429624,20.585477902286705,12.758674431877976,6.619413457264997,2.059953300220504,0.7129271971144084,1.4244151420306037,15.54871877308965,37.13008107839903,56.79723140004829,0.8724040568049612,-0.4887853942889926
2024-05-01 21:00:00,1.0,57.0,52.0,50.0,6.0,36.0,40.14934843554226,10.068751845230429,5.410917763280134,5.991204702971888,41.81357054099165,44.6009946264828,49.89025786391093,56.23773390852144,63.48051698984453,71.82738612745068,79.94957727962169,89.48060284638322,69.30679120353093,37.70274662823617,20.39877140185792,14.25527049196704,10.686241875737611,7.862426257217598,8.44370869362462,12.79398123228724,23.26288369949352,39.410364328745125,43.95296825102568,45.9134088869222,38.25767336553886,0.8638670987837349,-0.503719798736334
2024-05-02 21:00:00,1.0,55.0,79.66666666666667,25.0,7.0,7.0,54.72934506863234,18.06014999825293,6.234641648240015,5.591390777562457,69.73481905008168,74.24882754349234,81.05026469002962,85.50316681650115,89.25916656278336,90.11973436077524,94.47440562990629,96.96982812312996,98.75455508941808,97.36836126613548,92.15021288549956,76.54294447952591,67.33276042597281,80.86814666789702,89.82719797425524,93.47078966748713,94.10921467563792,92.12393213526752,91.6014334392677,89.72766006698123,87.7127620887392,0.8550745085896932,-0.518505144391157
2024-05-03 21:00:00,-3.0,56.0,64.66666666666667,40.0,9.0,4.0,46.910016212323086,14.855890541821818,4.677054306761095,6.349927614036085,60.86588507089596,68.05911925880554,76.47199201587563,84.9377948333755,91.20568835509653,95.95205862773092,98.93975544915916,99.94533525869682,92.32329770098656,76.37773750987519,58.56192573871588,49.18293463871986,40.89107450107414,33.70078396405303,31.154894528370868,30.18534254850516,30.38373212979945,29.991195484327644,23.704206676511845,14.711842420827493,11.30753148449569,0.8460288880917339,-0.533137056031809
2024-05-04 21:00:00,-3.0,58.0,81.0,33.0,6.0,11.0,49.107602398074,17.970366376589194,4.1329181063236575,5.5501295114710105,76.08303998626616,85.48322670834146,95.15321938348724,99.79795751043191,98.43498914927928,95.44826164770214,94.04482473216844,93.42430092398838,87.8671718912833,76.75411982535206,64.80308582000356,55.790187258187714,49.05256243518908,42.95733108115232,40.72347246140672,38.38673920061176,54.97337667989773,75.0803419783184,80.6284167088102,86.40865880578801,86.88635814120548,0.8367329140344921,-0.5476112038402312
2024-05-05 21:00:00,-3.0,59.0,66.33333333333333,35.0,12.0,19.0,49.26125840715532,17.12878369963797,3.207365229496601,5.094342282208837,81.1398545204558,89.12225190955427,91.50794797704164,94.58638532838869,98.2632712789553,99.54207639055646,93.6488870868595,66.73366212320316,48.543256236631706,40.39474551605325,38.55741902731676,50.2100062213454,62.00288237289554,72.0245924094667,73.48427253530222,71.07257129971563,59.376500768085,44.381906453732825,24.088192036373464,0.5811813754849168,0.2598923608330245,0.8271893372462497,-0.5619233046832195
2024-05-06 21:00:00,-7.0,62.0,68.66666666666667,29.0,9.0,24.0,55.73631566879558,14.57901613471925,5.583822521636346,6.074780934361595,81.32385276914223,83.39129002794866,90.00010269316572,87.37734510339865,79.74713165388154,78.14975146690509,76.47720139869078,70.94255803038646,62.17996380677644,48.999040088470025,30.744281378785608,15.20126308796291,2.870945724170241,3.949728811291797,6.54900328718125,11.753152539741702,13.961292996390576,13.913623680848042,11.507286835729076,7.061367175485929,4.875034861778493,0.8174009818249189,-0.5760691233798758
2024-05-07 21:00:00,3.0,62.0,57.333333333333336,56.0,11.0,31.0,34.96320725842979,12.134943796321334,5.667816147451897,6.822855112984141,53.81099802656816,54.515840561741946,61.07534350693408,68.27861386131244,76.74761091652364,85.3523543521843,90.84960660588096,95.63983127977708,98.18886975847468,91.83914698183337,61.334762484523175,43.86925183051618,33.869221622655864,32.855709411536054,31.938614262485565,31.65683046756969,29.98516138062508,26.48049855355398,22.54424480916172,16.96916638148739,14.27890782996566,0.8073707443023492,-0.5900444739548627
2024-05-08 21:00:00,-12.0,57.0,74.66666666666667,27.0,6.0,17.0,40.14934843554226,16.15467009655732,6.992017463014561,4.097674481317483,44.53060729470911,45.51578547120821,51.015560975184215,57.54455705630831,65.3835526708063,74.83453336712128,83.27980737541345,87.17377672025471,87.36393163976047,83.62986100352636,81.77821703383563,82.91788841292944,87.45187893150229,92.806465542431,96.9440645385676,99.34776900179496,100.0,99.7354210029862,96.6543887132806,87.21993247056231,60.01600507241059,0.7971015927871943,-0.6038452208771035
2024-05-10 21:00:00,0.0,55.0,72.66666666666667,52.0,8.0,6.0,41.463913645264455,11.911492884041763,6.386244458954557,5.538114870892136,68.70974633644711,71.30582989338171,74.59608444797688,76.32160186319103,83.9823784028623,90.78994372771336,96.60614601412384,97.93000646048016,98.56935002886677,100.0,99.9255822654085,77.51338047752517,53.301437523670415,42.27298075405157,38.60898332849735,42.393147400791534,46.659227607084205,50.876153428486425,45.55829161942795,34.7037881466236,17.668390075190267,0.7758587728069828,-0.6309066211876704
2024-05-11 21:00:00,2.0,56.0,67.66666666666667,51.0,7.0,9.0,41.62640078927803,9.908181417599229,6.444493446282748,4.840076986663969,56.01107318031827,58.43583319982821,65.35587809257815,73.46304771556198,81.97963429752433,85.52403072252878,84.89054957731024,88.03652699444518,92.90780698646483,94.0373266204376,84.29290553409656,61.519229604320856,41.52981448342612,31.954297954395688,23.522151135105176,15.1962287368411,12.757491705405164,12.810346133346458,12.043475403697355,10.746093069462043,10.145677727342727,0.7648913904341226,-0.6441592666722685
2024-05-12 21:00:00,4.0,57.0,74.33333333333333,51.0,6.0,7.0,41.788437686086105,11.082817041722569,6.624899522154978,4.698537304174758,53.36720578437191,56.54221795232917,63.39324100607797,71.23039647215313,79.14526936979668,85.51612224908763,91.29332378389068,95.32541249091844,94.93192295423502,86.73865523403857,65.91692503508737,51.30949899068475,38.470091456174856,30.37927668532534,23.12367135393119,17.162430509928438,11.615361298263064,5.463823888973151,7.012191981307963,11.434144287111028,11.461625271921658,0.753697664392914,-0.6572212950663319
2024-05-13 21:00:00,1.0,63.0,49.333333333333336,63.0,8.0,19.0,35.12524770829897,12.11116312055684,8.509965721980548,3.782031032345195,41.91693167986565,45.103923861226,50.41436505464934,56.40664649472095,62.38040801923233,62.81574051643671,64.70097413981725,65.34189783724477,70.83417249021436,79.45740355983621,90.98327146377348,92.72740093578328,80.00319381110839,44.94301901502135,22.05371689932405,7.126149720482065,8.270081731573857,14.565965738753963,26.455860178774504,42.488895038681086,53.0233645368154,0.742280907086982,-0.6700888411055113
2024-05-14 21:00:00,3.0,56.0,89.66666666666667,13.0,11.0,15.0,71.72422019136161,26.454841922229875,5.185193257408556,5.598456102911061,81.73337192948334,86.03411178942632,96.32937818117672,99.80917432656058,100.0,94.32428302822832,88.31537832806497,87.94078991356179,89.12058468297354,90.98143237951304,94.36868485239302,95.7663673461672,95.5719512620492,97.6087912254212,97.37658029579906,93.778389966695,87.99880200972046,79.639065643217,73.82377839337563,67.52161258124913,67.4655799991612,0.7306444969184916,-0.6827580970759147
2024-05-15 21:00:00,1.0,67.0,78.66666666666667,24.0,6.0,28.0,60.7543368911074,23.569638387325284,6.59719822388723,5.785543922466365,69.53777998848483,72.86159439330714,77.54784036721087,73.79731631447845,73.12076898917698,79.43929127901413,85.34603599031418,87.71455322450447,82.02450935423452,72.11367167067422,69.5400206144915,70.03766336340188,71.81896148437765,76.54570688849229,65.62640096002002,37.10587345561932,27.357549406616144,26.46977896846393,33.389270243505585,44.66894719223234,39.69499483222902,0.7187918772884232,-0.6952253139408722
2024-05-16 21:00:00,-3.0,66.0,73.33333333333333,24.0,3.0,7.0,62.89408489266924,30.268179052753304,5.31029126374379,5.841791624392756,97.0540505819702,99.5578278492184,99.34750311899823,99.37970214591172,99.4102788967844,99.01790116008544,95.50055955553492,94.00663863581816,96.11219398480507,98.35192146792448,98.88338371699216,98.62438363341596,97.83390604713442,97.18697265423934,97.45335035530536,97.59634084316122,98.5006711917062,99.21224662795709,91.1826108134463,75.2732747736055,41.148092174514986,0.7067265555776158,-0.7074868024503348
2024-05-17 21:00:00,2.0,72.0,46.0,35.0,5.0,9.0,45.84077627073299,22.60242412086002,7.278730115926367,5.380306876022992,47.98846872193487,51.9937436859817,57.99298793063068,64.8129412378332,72.00629883837493,78.51303125022004,83.45938278432827,83.0956937078269,81.04556032802466,79.42792136920133,80.5609312101422,81.66543332088769,83.02591020014516,86.04304883718866,83.10803797693661,74.73340632933613,64.82055786285031,52.450099272958894,37.40510151875727,18.086176041618724,8.26967546104389,0.6944521021088763,-0.719538934232584
2024-05-18 21:00:00,-8.0,66.0,81.33333333333333,30.0,7.0,10.0,52.248935377409744,26.30969526255599,5.410489505471328,5.154267709929035,81.48198711644918,89.16758820678936,92.87171432168287,94.21033844360802,98.34601774230045,99.1917914083482,96.39729089756332,79.71736902446693,66.58365792546626,64.63322678061222,76.23837461763753,89.15645476643407,96.95617996201364,95.20775021285868,96.622732482904,99.54743956631948,98.06611721395076,94.70209297696132,91.09150334098132,86.4083532368804,82.44423652496329,0.6819721490904629,-0.7313781428679254
2024-05-19 21:00:00,-3.0,67.0,62.0,36.0,5.0,12.0,50.47135080410152,21.5508457053626,4.432844104107303,6.1589316671520775,75.79355905794748,80.90871666901174,88.77931959340287,95.5836116892592,99.36094745563744,100.0,98.42082144068644,84.30890435253741,81.00035983613259,78.74404083868505,72.04604245188055,57.72765809724262,44.2052706649011,32.129110297962086,23.50052621273108,16.109057767401968,12.871893781578905,10.627503013217488,12.77493292093395,16.558048971612095,17.17097991243797,0.6692903895412567,-0.7430009249440493
2024-05-20 21:00:00,-2.0,75.0,34.666666666666664,36.0,7.0,21.0,44.62766525267708,25.53118417436215,5.67098176423216,5.901926038196641,69.21759331902742,74.19162446074303,83.37861898163385,90.32445487309244,87.83375490907831,81.77043668933648,79.1647253984738,78.10023148014224,80.55459251388916,84.55215784901552,85.23959127134273,73.70835670487797,56.72254523889887,35.92038458855712,23.417295753763057,18.327565888967683,20.624643093892363,26.8716829801141,25.40932600842082,20.5857779017484,24.73906394390565,0.6564105761979381,-0.7544038410927472
2024-05-21 21:00:00,-1.0,79.0,55.333333333333336,36.0,7.0,23.0,43.62654244603719,36.27321458043488,6.755480042709633,5.772793358946354,74.33516509217533,74.41211780359409,73.50637543459763,77.65854286280832,79.78181469800779,80.38123757909572,79.36164067660235,79.47819271468461,80.18281027528272,83.07170435834476,86.96253022027092,90.08168505116232,93.19730068777746,95.7170986819034,97.21049578710448,97.6097174221724,98.4236708699288,99.38133622597604,98.86283435049668,98.50858661293844,74.17172517645331,0.6433365204044917,-0.765583517007675
2024-05-22 21:00:00,1.0,78.0,55.0,38.0,4.0,27.0,55.92225541850748,31.711171444814017,7.708688191322009,5.908151947961337,55.5506426912965,57.46384293483848,63.84616207401799,71.17459563598963,79.5895575608175,84.43793805318293,89.43386305049447,86.65027275021227,76.8405209615121,63.90046271317025,61.20212869180071,62.42222088940702,64.65392838337014,59.32699556740681,50.71526770051753,38.97190278211859,36.81614563744398,41.49754543234096,51.29615621022153,65.22394203210902,71.81600315035453,0.6300720909843687,-0.7765366444428655
2024-05-23 21:00:00,-3.0,75.0,64.66666666666667,11.0,7.0,22.0,61.777544009622254,33.323399113859914,6.02685960122189,5.520356636830403,90.03519969070116,88.07339707772928,83.78837905615723,87.35953127396324,92.53983512895748,95.89270767937997,94.21395286155824,87.4511249238682,81.49845296442327,80.30740552940902,81.69389631525237,85.16045502374271,88.89539751194485,91.20513034877476,89.33048824664077,80.32992153774713,63.11455818446468,36.83669347339553,19.57281553988524,4.728537361446606,12.339423385220558,0.6166212130956382,-0.7872599821916922
2024-05-24 21:00:00,0.0,67.0,43.66666666666666,47.0,10.0,28.0,46.80934122332366,14.673455856632398,6.852014029409681,3.848204952453115,53.857903151265006,54.93366920197771,61.0954484325662,67.21348761655796,67.43510555387029,67.97231083716639,71.25158298364492,76.57409272594506,83.67262284025287,90.55890862887402,91.66917767244536,80.60757587841914,63.83064035561408,48.37850559971396,36.83995944634772,29.89839891263657,23.884705407145653,17.558246610667,12.557636489783988,7.356511898845534,7.172344040868631,0.6029878670694714,-0.7977503570459932
2024-05-25 21:00:00,-1.0,67.0,26.666666666666668,60.0,8.0,33.0,37.19057873870329,13.55958967124001,6.597053493245126,5.286475981335856,47.04585455541304,48.78549539974459,54.02733187160317,59.08621696626572,57.52333002937215,61.19776227092314,68.62624094930007,77.12296505466695,83.50554979411173,84.54729530979613,68.7589719729977,40.348691457713954,13.124013589105996,6.139933575626208,2.198608113581646,2.9897345771911423,3.162184757818096,2.774911957570128,3.3871292996925413,4.573872707227081,5.912679169556649,0.5891760872322963,-0.8080046647350754
2024-05-26 21:00:00,1.0,67.0,54.333333333333336,37.0,4.0,12.0,48.60991673898219,19.73688676043643,5.71807046299655,5.995033647828984,80.23541152992651,86.40016599090399,90.5404591702499,94.173702491335,85.21049178708195,72.68953362996777,75.41310646444131,82.38178656439212,92.55108451981616,100.0,100.0,97.3408225419794,86.44711352602474,64.81493217166103,51.10425312119573,40.426045086779325,30.02576084906448,17.04884913025804,11.156575267003912,4.910723813962392,10.699791819273646,0.5751899607119775,-0.8180198708443175
2024-05-27 21:00:00,-4.0,65.0,75.33333333333333,26.0,10.0,15.0,52.10193060180119,29.215175776536373,3.390408845716429,6.350212654528713,89.34036750746334,95.76377213404191,99.3434429704028,99.9938788043666,99.94330761925735,99.82867682917863,99.73319304888533,99.85425762734576,100.0,100.0,98.05388484039852,98.36215281223572,99.16137298067883,99.22932942447623,87.10160429138796,66.9562570770675,57.15882809797799,46.36497242360417,58.07802298509316,75.66272785611494,80.53980168962676,0.5610336262283677,-0.8277930117131022
2024-05-28 21:00:00,-3.0,67.0,81.33333333333333,15.0,9.0,17.0,75.49660715387097,24.49086192854659,5.198884553708216,6.03642100620386,88.40444370930241,89.50785263828628,97.73587385704133,99.46694953393984,98.78560500525757,84.49490455516356,66.78797294042448,52.89404130877893,41.12761374333672,32.498479636457354,28.12107581993645,24.279027747855224,20.50153286682481,21.73433080507069,22.546573463337104,21.606546749285187,18.296073574991134,12.112680538774464,9.138608482389872,7.865318798513132,7.581958784194128,0.5467112728685939,-0.8373211953118121
2024-05-29 21:00:00,0.0,66.0,52.66666666666666,43.0,8.0,32.0,46.655185430262414,23.85009137212461,5.768436217347095,6.4087939424620926,73.1977356848331,76.26550876835324,84.5171356148507,93.38900370818016,98.2565709510974,99.32189861690412,99.2225818296698,99.6628719373226,97.78710463217584,92.93198088420112,86.43537983535657,86.40322617564468,87.67593118773853,88.21568689320361,89.72147332023555,90.9888680064683,90.58248226158236,88.40829847416215,86.92377441917817,83.21003729709359,79.77654407598762,0.5322271388474397,-0.8466016020976267
2024-05-30 21:00:00,0.0,65.0,33.666666666666664,74.0,6.0,34.0,34.07638873874004,13.873371145923969,5.874039210322837,6.379707964141279,46.24799462993906,49.65181142460919,55.53140478993384,62.3745336021165,70.49884581991923,79.24825691453417,86.9200499650904,94.29367071017978,85.23503969569536,61.11001296145232,28.54366582434601,15.538837597670948,12.922121395356722,32.30739700323869,56.07632394658226,84.99890731489921,95.04544574824236,96.8938180820266,94.06481022883123,86.71631781715654,86.66419732729007,0.5175855102531889,-0.8556314858488706
2024-05-31 21:00:00,0.0,64.0,19.0,66.0,8.0,35.0,35.2869642734284,12.137247885377406,7.1010428979694336,6.401977380075257,45.461341421302,48.19505361384384,53.71451465911892,60.10547672307,67.64371685837708,75.26663092289996,79.05052144408138,83.5479216784833,86.96258810656575,87.12447187427085,80.0502987889717,53.872436810231086,33.62982436063626,31.901712836688912,32.793150429391304,35.80916200422831,36.856310601386575,37.146396752094205,37.44698534523453,37.215078799660105,39.34894050947103,0.5027907197793043,-0.8644081744776648
2024-06-01 21:00:00,0.0,67.0,16.666666666666668,75.0,6.0,2.0,34.39793413733896,10.787072559068768,5.917879737251862,5.295464622126138,41.68835880048864,45.23550134895905,50.3375763190944,56.59569297303647,63.2768180334534,69.96031688914903,75.93441947913577,83.55086488518492,82.68633381908224,68.56648164549549,43.16359363138431,26.27643871723859,15.294214616012102,12.491317221621392,11.56329379515728,11.862606766566,10.88168146443692,9.505526005283956,10.249390975731414,11.551785478454835,17.770402616616536,0.4878471454423119,-0.8729290708206411
2024-06-02 21:00:00,4.0,74.0,5.666666666666667,47.0,6.0,36.0,35.513665945840565,12.90805848393901,6.482087132433434,6.154666656230041,35.225295496171526,36.53101531692239,40.14015931563116,44.45245181946395,49.75948243564501,55.17215340443656,53.519474552970046,47.50045528774055,32.535033987349294,16.343863341452362,9.781470332461028,6.933573569515959,5.847352203170514,8.528014631116477,11.522813466576885,15.10928823734948,17.046093367300315,18.46015954491109,25.9065802223828,37.204575442138086,40.90131996383143,0.4727592092862775,-0.881191653407483
2024-06-03 21:00:00,-4.0,71.0,56.66666666666666,48.0,6.0,6.0,49.21267513574142,26.7159357878032,6.00083871250955,5.747249579114212,59.64586689583553,62.892613185606,70.0837153649924,78.0635457761763,82.56367348527105,83.85400775321561,89.02150816857954,97.29482845891872,99.63612707218589,99.4778590364791,98.43326301445242,85.24876004026783,72.63010537968871,65.86162961674806,61.67953135590356,58.99789898227703,57.6667247832337,55.76860057497524,56.66147335726094,57.70007868330144,60.54751082610127,0.4575313760742512,-0.8891934772070711
2024-06-04 21:00:00,1.0,72.0,41.66666666666666,46.0,3.0,4.0,49.362092716414686,24.156240606305992,6.458524004725736,4.983703736736547,75.36251860138907,79.40613419564441,77.8683063109131,79.63673595686272,83.72541863454056,90.30496885182728,97.3194554713845,97.1399293766872,92.63803018774676,90.82877772852076,98.61759723805524,94.04568434022411,76.30011737745696,37.79771347710797,20.936819655737352,20.029583224923613,20.50531804292958,21.56278383558023,25.57656852633789,31.34775158542159,36.26473628026341,0.442168151967072,-0.8969321743510065
2024-06-05 21:00:00,10.0,77.0,49.0,37.0,3.0,12.0,46.60179661221788,28.65443798892986,7.405398675715824,5.7370876224836325,59.46816621927608,61.79232333140037,68.60256394490997,75.68286165405274,78.3827723830739,79.73402800334009,83.04346470096257,84.36109024204406,81.18103527196457,74.88742381667292,78.63128019321432,81.06774146954453,81.81219860103373,80.90532569821262,78.87383418204624,74.74612780704713,66.64559480462896,54.077715721564864,41.08070362814564,24.91434538239852,24.951949323468128,0.4266740831899246,-0.9044054548343
2024-06-06 21:00:00,-3.0,75.0,42.0,38.0,8.0,12.0,49.80730647655911,29.46330265298052,6.948556932812447,5.576609979337478,59.42951530218008,60.30120748677209,66.82758390935246,74.09708241652699,80.41837881613716,86.68209202127585,89.36253783042702,87.65973579397203,86.7334078910954,88.90863078903001,93.7066110728304,89.88314644103168,78.49596040155663,72.24229612680782,67.28361543326967,66.79313931905045,62.92021755670779,54.55700898468707,49.2929032895882,44.0687487562351,33.81571947014875,0.4110537546870351,-0.911611107193024
2024-06-07 21:00:00,-3.0,70.0,67.33333333333333,30.0,8.0,10.0,58.96338025757996,28.022952184690546,3.775054871239837,5.567979139330339,89.9879285860839,90.14443374767944,97.02687493711294,98.871221420525,98.81655738973866,99.61051039366056,99.7298193506,99.5694512054162,99.992248559375,94.89733961427883,66.32126358008138,45.3047317293272,31.720065412509552,26.64553116670693,23.162116933930463,24.322506067784783,22.38179079600674,16.774345531184174,15.055250241133814,16.340621111944756,10.625694332699595,0.3953117887649151,-0.9185469991587164
2024-06-08 21:00:00,3.0,64.0,80.33333333333333,17.0,4.0,22.0,75.22266484350234,23.666868349444098,6.237929109133894,6.56775094349256,75.40321788804604,75.49750601537748,74.29188148265273,63.3380681158359,63.76015091337105,66.77498485552195,74.62901639452176,85.26176159555541,92.52704560623472,90.17610205859962,78.73126228744536,72.55910786743944,76.70924305534139,83.8736340379223,89.15091294841353,85.47538324745307,79.1353870967981,66.60058577397132,55.23620502349411,41.98482061391957,40.36191082022516,0.3794528437245443,-0.925211078289358
2024-06-09 21:00:00,0.0,66.0,69.0,28.0,6.0,23.0,65.23879760028751,27.05637496088497,6.30427102508132,6.305667611361835,84.87316196230715,85.62002846958964,87.48029216059757,82.35810040703443,83.00284667991494,81.1296853525522,83.13164016802888,87.12075334549645,91.48910951697115,95.45454068245436,97.03087600161211,96.93379536339162,93.27547244225556,92.83406905164168,93.5274543100572,97.7766188771135,97.75378449614318,89.19322187388138,80.8357605922614,71.01715889692815,63.2457195279448,0.3634816124829063,-0.9316013725767188
2024-06-10 21:00:00,-2.0,67.0,68.0,26.0,5.0,29.0,60.7543368911074,25.381113841716715,7.254484309283071,5.599145871106086,71.75128736391292,72.63911317530241,77.05891870394332,84.15709572260337,89.82691635162924,93.54987411956792,91.05775578993712,83.55966482898476,81.08772795733692,77.64499652052945,78.49724106509642,80.20436910851052,83.17181314325174,78.6551268682746,72.76330100518565,71.08495213442865,71.64799894613299,76.75995746475182,76.4382173378166,69.99395045100208,67.21699289650915,0.3474028211842774,-0.9377159910299092
2024-06-11 21:00:00,-4.0,74.0,32.0,41.0,2.0,18.0,51.50253858578976,28.27426481768748,7.275550511626663,5.732330563584181,69.29971718089188,70.76293075484847,76.99484092194575,84.60043964067833,93.6618861751428,99.04698454830675,95.59560630839188,84.60939582086789,81.07717125347006,85.60747397346982,92.17575274342146,96.98941214861708,99.0618385657832,91.67237490838208,79.61156138071962,62.75917381854984,54.43734345213738,47.98095125940123,43.56480171838594,37.50885394993723,40.43480130690602,0.3312212278016865,-0.9435531242349544
2024-06-12 21:00:00,3.0,72.0,45.333333333333336,29.0,3.0,19.0,57.126939972459,23.426650807535623,7.525873905356917,6.194019992116383,57.32399790106904,60.11267012103286,66.59228256031241,74.12303296889708,80.92746761774075,79.29505694076387,79.63116238575606,77.97574338003415,74.35790376926002,71.37514523362543,72.62087587423514,72.92170689407712,70.05149419715929,58.73719828654674,50.00335769260319,44.31861585989728,41.233800097331255,38.12188974744267,37.53151679718799,37.1780848980826,35.37649367813051,0.3149416207289519,-0.9491110448902284
2024-06-13 21:00:00,0.0,77.0,33.666666666666664,51.0,8.0,22.0,44.93404929466704,24.93101469207937,7.91478733756959,5.248134949603366,55.23442129336927,57.67121185796085,63.87579638535493,70.54402576395958,78.21685179413548,76.75509007898633,74.50117418619865,71.18494579578196,69.02332700664843,68.77491545916278,71.61893037504936,75.23423517077765,76.64611353163325,66.65335053810443,50.15716753079021,28.98260273296605,19.36054255809752,13.018069329908084,10.040902218773407,7.101620021298817,9.654954635546224,0.2985688173637202,-0.9543881083175908
2024-06-14 21:00:00,-5.0,74.0,68.33333333333333,28.0,8.0,24.0,59.49158469966002,35.469644363532225,6.816542896748216,5.037870791328176,75.36437621133884,77.21172236427057,84.5123266243202,91.62043431368336,93.1868246185125,92.1097243462754,94.79971578362574,91.87092382163289,83.69467886407143,74.8827409921235,80.50778533040645,87.21633563210985,93.99977148465196,93.53581105978743,94.18421385016252,95.32536082047136,95.5405054136484,93.79100791073397,92.59375957347874,91.77578804548394,90.74166160339718,0.2821076626819194,-0.9593827529490744
2024-06-15 21:00:00,2.0,65.0,48.0,55.0,10.0,34.0,43.06846672014498,10.53086693064306,5.435729015571344,6.043615603527678,46.74494858668195,49.60772736884458,55.40954317620832,62.045963839514165,68.960473872472,72.25052431048712,78.21454897793774,68.38822106453678,60.71900635101444,46.88922859318011,16.80491038040907,6.627411403049534,1.732105921589444,4.26516698557275,6.015436616110248,7.071785296493142,7.317511305145692,7.085394445523765,6.430601593734584,5.348449927011231,4.708698217846076,0.2655630278040559,-0.9640935007889756
2024-06-16 21:00:00,0.0,70.0,4.333333333333333,60.0,4.0,28.0,34.877967554638204,12.87992473109199,6.001099162566224,6.54752602534598,41.74261653282535,44.74259767391116,49.83120156808452,55.75296829662852,62.47075510954812,68.66534434087261,74.57320842227169,74.83446986900523,51.49928161602054,26.212891058649667,6.1408431845370055,12.169722912095256,19.22139390947551,28.00909448782491,30.97666848996907,31.17252848607788,28.123996927231413,23.27617578098955,21.94154395770652,20.83757885276802,31.50016357408449,0.2489398085537665,-0.9685189578512204
2024-06-17 21:00:00,-4.0,66.0,78.33333333333333,16.0,8.0,19.0,60.623940458725166,28.550898661058792,7.448206968822005,3.593124230351508,51.98388398849895,55.27282782384253,60.70434726738749,63.98013613192816,52.6954419471725,51.87242430191938,56.16780748525584,62.92858087848772,70.42526635007664,78.89894890619256,88.92747917719062,95.69897044047538,99.32775561993311,99.80969514464724,93.81806620897004,86.0387406160925,83.95256385075267,81.41718668230887,80.76462224284491,79.73320665284331,74.81469945983693,0.2322429240090701,-0.9726578145718654
2024-06-18 21:00:00,-2.0,86.0,52.333333333333336,36.0,6.0,21.0,53.2114535861824,40.770245646757616,7.066290947936067,5.817618218540376,58.54782460954462,62.90847495050739,69.78590347071966,77.06643467386502,81.72641992293043,86.83594613409278,87.19665219768225,83.42055222902054,78.93364328306116,73.14281566656031,66.3609338691255,62.224487376715885,58.56005682251669,55.49957401273113,51.13876780093467,45.31849762213751,42.011959749858725,38.08700851007468,34.00846523223568,28.94879387549933,22.029025149854416,0.2154773150467301,-0.976508846196619
2024-06-19 21:00:00,-2.0,92.0,21.666666666666668,41.0,8.0,25.0,47.17409566059272,37.70468587366401,7.112664067885741,5.1689745715112405,51.14838082841724,39.16691959605813,40.71062924454922,46.00304783136677,51.30990290578063,55.65329491768141,58.695060640574894,60.06126204053389,60.93374119843416,61.24333359216391,61.700794540776414,64.63844803269531,68.3557367978036,73.84306256512775,80.55969108035636,88.64464864919647,81.52667635788599,70.16629394227499,64.81052112111828,59.710732891989046,68.79920410808965,0.1986479428801711,-0.9800709131432666
2024-06-20 21:00:00,3.0,85.0,46.0,35.0,8.0,32.0,49.50020526777082,33.614741381450386,6.911148369648469,5.5036227122114445,45.62727932070955,49.224566925301446,54.83008245315658,60.75206206211888,65.50419091430386,68.83636547560155,73.0955542192419,70.68283003425009,56.38477476572306,43.387407928387184,37.96963460446863,52.73438862013657,66.85833672014007,75.83480297104627,79.69126509637755,81.59698246539283,76.74412942541606,69.49312381028206,62.3672241420344,54.37209477339036,44.64886986087144,0.1817597875913753,-0.9833429613388902
2024-06-21 21:00:00,-1.0,74.0,48.0,52.0,4.0,32.0,39.77159708844618,19.29633606087274,7.353305034308899,5.098896219541268,35.266599934405804,37.86787299368488,42.16165108636854,46.94809755823415,52.77349726652714,59.05669770305225,64.05006449305695,69.20549123584556,67.19984162898025,58.28053406903758,41.61856286495449,32.17337121128364,27.40986731439987,31.01297169236188,40.13526658426915,54.01427659213054,54.450092157506745,52.2687973234507,52.847027228984665,54.23519266759027,64.67802807260308,0.1648178466571979,-0.9863240225317866
2024-06-22 21:00:00,-1.0,73.0,72.0,28.0,5.0,21.0,55.23107333223108,23.70210419143848,7.59294507687233,4.917615554883964,47.88964073946611,50.9723492864452,56.74229352389537,63.00713295010698,64.7935642394835,67.66699918443585,66.60893245758504,64.10359960693789,62.9957434779153,61.896194265305525,59.37390751757058,51.88234917180034,43.60387970543728,40.63719239382688,38.02388721504365,36.115623070328446,38.69025339981603,43.54310387415692,51.99508199936142,63.02544359187351,64.77226694883863,0.1478271334705304,-0.9890132145779884
2024-06-23 21:00:00,0.0,63.0,87.0,12.0,7.0,14.0,86.784579864808,42.3218823871636,3.823771649857877,5.284477426544525,95.14380688543338,95.68440628947022,99.46524042910936,100.0,99.78996514939064,99.42256851025712,98.56136803766694,92.27735055832125,84.99688069703282,79.91048580938659,75.78467717983258,75.04314773546744,78.58777250814806,87.89168379995047,95.8308646143964,98.11423080590924,98.66177870205752,97.17305084221954,95.93055274731948,92.7836769490854,92.71207169407654,0.1307926758567592,-0.9914097417023038
2024-06-24 21:00:00,-3.0,67.0,73.66666666666667,25.0,7.0,5.0,75.49660715387097,39.58625227826195,4.478751108264184,5.601414474175174,89.11113225879163,89.58826300629889,96.56170807460651,98.6883058171843,100.0,99.18710738384982,93.06446954620856,88.4296184745785,88.49030527769558,92.84122743223824,95.8192321208028,97.72834491956634,99.42721395314548,100.0,100.0,100.0,97.23243231820813,87.35633315787122,69.49255374405028,41.956978757240975,41.20715408678471,0.1137195145859496,-0.9935128947338008
2024-06-25 21:00:00,4.0,80.0,7.666666666666667,48.0,3.0,35.0,42.21952961285212,21.14881940473299,7.263031171189938,6.180305476422998,48.18872087697207,49.491966366374,54.21426690861012,59.72526963668782,65.20741011989176,64.69979148918264,65.72998836578059,63.600048410371166,58.30671657026387,51.66625118036781,48.53247285098296,38.75332359435178,25.994373061571512,16.96026702809177,12.08910529613756,13.134468664139302,12.09831449936813,8.984509480191031,7.07877796108915,5.263798336105781,6.282979155011647,0.0966127018812031,-0.9953220513156602
2024-06-26 21:00:00,-4.0,79.0,39.333333333333336,36.0,9.0,26.0,50.39386827036606,27.701983155055103,8.345944923590537,4.324005621022846,44.73175193478576,45.00806713417955,49.14044811123352,54.63325017338288,61.09760354805971,68.37500130184301,74.88157316671438,79.48494282087874,82.25929191789787,83.44826358651719,82.30042416958356,80.90156570453088,79.18873032894412,50.86742327438579,27.534119264958324,15.486369013892054,10.565051534337206,12.423166981526158,14.891585176125192,18.101318117279924,23.796015598808182,0.0794772999236209,-0.9968366760893436
2024-06-27 21:00:00,-4.0,69.0,58.66666666666666,37.0,7.0,29.0,61.01345159166276,29.708074305359645,6.620328461570069,6.3832937443433,72.07685933456574,72.4395929745236,78.39232689869526,85.10831666109448,92.84671456004035,97.92616128570944,99.87095225098352,100.0,100.0,100.0,96.53361719419806,79.19434664506288,55.95825624714069,47.90758050728788,39.32953487579808,29.7001187776227,21.41784836755698,14.114557264489097,10.33094891849018,8.386546175127984,11.928141958308466,0.062318379354325,-0.998056320853012
2024-06-28 21:00:00,1.0,69.0,23.0,66.0,8.0,30.0,42.0719327149221,11.66046341815428,6.129939577799574,5.772366595631455,42.897902184150205,45.83255615919405,50.66010109905756,56.46102660121998,63.00832689593759,68.24549229436589,65.8798351538722,72.33058163706154,64.00915036914083,45.49766093702653,23.547697586490965,17.386193119502632,13.911501598421957,13.23057785477288,12.855932997694277,12.431866871152586,13.340558575094732,14.56628199288176,14.801244334858929,14.531194380522876,9.19751785234157,0.0451410177739719,-0.998980624694158
2024-06-29 21:00:00,-6.0,67.0,73.66666666666667,17.0,13.0,19.0,48.60991673898219,31.15204023675804,4.546401588039773,4.619209999849625,51.6541614624575,53.31345568350612,56.28115903992993,54.73476697079872,52.026695280257485,58.98496949639146,74.95918180522085,84.25995121630515,89.70549250357004,94.50063335444672,98.88643404852886,99.8740813856673,100.0,100.0,99.28391698451529,98.95042783366377,99.32949717957972,98.8663977365539,97.31680282845286,95.24663965256536,94.10064916697044,0.0279502982402103,-0.999609314096404
2024-06-30 21:00:00,-3.0,76.0,54.333333333333336,27.0,10.0,23.0,68.76831510279386,36.5965243332453,6.693401017937841,4.87819009998041,70.5786000321613,71.39410828458999,73.03073047546408,66.96101490654753,64.8618285167078,64.40537694917343,59.688477944573,54.26585071188619,55.24214687902683,66.25826988812717,79.75186192510255,89.55726086623024,95.72034586397628,97.24261081016576,97.54411111770187,96.72708938012576,95.62510734711292,93.97079852188496,88.28468493929903,77.7163915000309,53.29294231192757,0.0107513077635219,-0.9999422030204416
2024-07-01 21:00:00,3.0,75.0,17.666666666666668,57.0,8.0,36.0,43.00991391902142,18.38303250429592,7.261605831824911,5.9148816336764165,44.452392984601765,47.91967713942829,53.00820136597982,59.15075144914523,66.23399677365089,73.3377607247787,75.26244091108194,77.26062723462255,65.79294607494732,50.07767229922903,36.29775438076141,25.959348056060865,22.291509511027343,36.00865228360664,43.27347188022611,45.73473152097273,37.78276095933944,24.19745946962807,17.807842710910236,10.897965303038388,9.645144196461182,-0.0064508641981051,-0.9999791929590824
2024-07-02 21:00:00,1.0,80.0,7.0,56.0,4.0,36.0,37.82896863886016,20.20318807951082,8.490455341761727,5.58134484162205,40.07115642897504,42.11100982717279,46.56085901234934,51.72883904203252,57.60818005011412,63.49337080942209,65.15774136219315,59.53515918460377,62.71050771207989,65.22859824765305,63.64037935993654,50.279349574300255,39.38767320484279,36.881379516274144,34.71268834634586,33.00882514619973,35.773671929777294,39.55423087567254,39.66273468656109,37.70866388588847,29.176088123390915,-0.0236511272452315,-0.9997202729664084
2024-07-03 21:00:00,1.0,81.0,50.66666666666666,58.0,6.0,19.0,40.86340188879654,25.414306300269185,7.697617750394919,4.057487286314218,38.84436286972643,41.43970444084469,45.59012881081365,50.576885807444526,56.773676961203336,63.339812150950046,70.25565701199862,72.56010445377315,73.59278785011647,73.01924477404745,69.3599913200178,43.9577749030348,24.998457552917817,24.462919295228147,28.950133246288352,36.36071757056329,41.58547970224781,46.2635196082493,46.48583784322779,45.334111933727215,52.50386910079771,-0.0408443915432961,-0.9991655196610107
2024-07-04 21:00:00,-3.0,78.0,56.66666666666666,33.0,8.0,20.0,55.92225541850748,28.515719194390133,6.571433578098366,5.141416969757072,57.90344508804724,60.26594442123061,66.81908810684716,73.79465216465938,78.50851756501632,80.01409310371496,81.46697407976261,84.85360770755614,82.50744045398272,72.18984253720558,54.77287660824507,42.00396811294284,30.57306982656577,22.71413040459707,15.168729755639797,8.786741925386393,4.934498265962395,2.2653143777331666,3.609664095466531,7.017580066254757,15.99852060978353,-0.0580255693287803,-0.9983150972033183
2024-07-05 21:00:00,-3.0,80.0,33.333333333333336,30.0,3.0,2.0,56.19500657655519,39.58712986434608,7.211923030411562,4.962235801149103,61.05360854613372,64.10766568649906,71.00159435735875,79.16483894835994,86.92393132986764,92.68334629775654,94.82871782614237,93.95533717087328,86.67834132581005,76.10252173155465,72.7108164912021,70.39534573575882,67.41527176143506,66.36371639329249,73.71891532391702,92.82375083887396,99.67663100689944,100.0,85.41371377429267,60.68207293111693,43.00051726212119,-0.0751895764147585,-0.9971692572470178
2024-07-06 21:00:00,2.0,73.0,81.33333333333333,19.0,5.0,15.0,78.72123950619469,43.87822446948447,5.472498200541929,5.922611848568961,81.1953159377803,84.97339957526364,93.34405909666276,97.05211920044394,96.87438775227368,97.06676269595926,95.23352800670791,88.56449385977082,81.16171135512884,76.24419330429984,81.50927404605818,81.71347904299189,78.81055805914256,72.77521623832824,69.3704722008586,70.9384892572291,75.26976950101711,80.98450078188218,64.54278252676558,35.604782939271374,27.10322570048244,-0.0923313336953912,-0.9957283388645872
2024-07-07 21:00:00,1.0,80.0,40.333333333333336,42.0,5.0,29.0,62.399389337971854,35.637341562551484,7.989381305605677,5.344452731214504,55.74648932675118,58.25380497195919,64.45108173354215,71.5736438054792,79.39153266316988,87.7922663831035,93.37428491638504,92.90090760128064,91.23946044161268,88.88053893153563,81.7699688408093,75.036194581132,67.68238595836635,63.76880800389587,49.69880677435356,27.67113395277447,16.617363149074954,8.916851900468137,7.734893566811878,8.612401521803731,8.513061891448002,-0.1094457686489155,-0.993992768446958
2024-07-08 21:00:00,1.0,84.0,39.66666666666666,46.0,4.0,23.0,52.93172466580928,30.78965648894685,8.561631959255422,4.268070653225082,44.04707793506502,46.703502890078965,51.624236925843725,57.254410381814026,63.63125415896245,70.99991897385975,65.07220252921167,68.4193622544299,71.01410483235448,71.73173055505016,73.08569117548119,74.42197092473216,74.91973919952518,74.18812642402234,56.47903581265501,28.47716421283475,14.771681349727064,4.936548945293833,6.287896232148886,11.258456296416346,16.11264578118434,-0.1265278168386831,-0.9919630595773395
2024-07-09 21:00:00,1.0,81.0,74.33333333333333,29.0,7.0,24.0,62.52216174202056,39.58383104127277,8.547876193207152,5.504720459105213,47.16415211375457,48.78858690637665,53.6838670514193,59.37937083338485,65.67154913727542,72.59385194868138,76.6512969059497,80.78597154702703,84.97463209735152,88.44042591899665,92.3455030415314,88.531019077798,81.48863872568428,83.0588490254906,84.3431757598142,84.38392341010538,82.71436823994908,79.82136923323871,72.99548650507148,63.152197813650886,60.16155836036668,-0.1435724234118113,-0.9896398128792412
2024-07-10 21:00:00,-3.0,78.0,68.0,15.0,4.0,26.0,66.6367864988586,35.027779360969426,7.521358583610501,4.965744211175912,50.82158767080781,53.57241074123623,59.71430494917388,66.44126865303477,74.04521176629922,78.74339823238388,81.18150415549106,83.03639104272274,82.94969670715938,80.97913942692131,78.5803482445731,75.37541236486909,68.9631790461261,54.95835851501146,44.3552552628679,36.54879461291743,38.024893675172486,44.45862650237852,63.60475236092906,89.68696578635922,95.43734927237456,-0.1605745445949937,-0.9870237158387384
2024-07-11 21:00:00,0.0,72.0,84.0,14.0,7.0,11.0,87.24708743787855,44.48686731616843,4.412398049568316,4.996704150407106,88.78395263477556,93.84356691269107,98.74712255272291,98.40768626137525,99.99008477943576,100.0,99.38467526723753,98.4985936734271,96.20997031685565,91.33535608722876,87.33342431768114,86.27726502776675,86.08497160229737,88.72453906201271,83.05385046042527,69.44565278801157,47.10993598323872,18.74334129586708,7.848987873337639,0.053793615192409,0.0829064540543914,-0.1775291491870349,-0.984115542601034
2024-07-12 21:00:00,-3.0,79.0,64.0,21.0,6.0,27.0,69.09065024657151,34.7485607839042,5.2611346771371625,5.064091007310507,72.59904754600596,77.07683906593026,85.1613506372875,87.92123396153583,88.09524661984518,88.92357141628892,89.6110672259269,92.5324941212101,94.47841478608623,91.30280495233131,81.93891576647059,67.83686932759896,52.99195499538758,37.67988299232975,25.381884273687,14.772623048292962,9.583759145849305,5.3902306634711366,4.011397544555004,2.8963357204716145,5.084875398577527,-0.1944312200476619,-0.9809161537413774
2024-07-13 21:00:00,4.0,80.0,62.0,28.0,5.0,23.0,64.59707555210858,37.37576694207368,8.006290051245086,4.982759756836682,58.64639507994441,62.13604655281624,68.31158094878049,75.39368398687324,82.9097589565913,84.22792553176711,87.74157408448293,91.30300387289346,91.0639654151844,87.46501893613929,81.72421937857195,82.2717226341004,81.76932796734245,77.65397903221381,66.30166227246973,50.17820279368996,43.20342289511536,37.895408258764064,30.407117343804508,19.57828099947148,9.859373323361682,-0.2112757555821793,-0.9774264960104057
2024-07-14 21:00:00,1.0,84.0,8.0,43.0,4.0,25.0,51.115817511179365,38.029051708184525,7.8961469797222845,5.017457853147973,53.61957175998362,55.14257289127536,60.30448072443432,66.95998744215935,74.32660236223128,82.57940753810001,90.9833816965437,95.37353808671604,96.9183639607796,95.4035431797295,85.54838807785016,78.37273981574249,71.28647162900027,68.52834984659066,56.78896403136222,36.86151120324356,29.484028313868727,27.609570998596723,25.021036649374366,21.017119824376064,18.550164333023723,-0.2280577712215198,-0.9736476020539838
2024-07-15 21:00:00,2.0,84.0,42.66666666666666,35.0,7.0,22.0,54.80402631705888,41.817043386498014,7.560183180376695,5.262406505662629,55.43904445481724,55.91934199006533,60.65428830254419,66.96710784781051,74.5339343480144,82.78009617487207,89.7068649493102,94.33783525439974,96.6820671433113,96.36801756366464,98.27049785635052,95.55558324067772,89.18863935640225,80.30306426768347,73.82633518423762,71.80419384310618,68.11101310738927,61.43407657494273,47.49025861297447,26.32408847992217,12.634030843417673,-0.2447723008972595,-0.9695805901076308
2024-07-16 21:00:00,1.0,83.0,48.0,23.0,6.0,21.0,64.94841622867652,41.56461337194446,6.970626207533775,5.18462130920741,63.05562352922559,63.72712614843048,69.73346426635764,76.96221162110469,82.73881720417273,87.65052119271554,87.83078259034423,86.13950838323828,83.96839834878833,78.68340432178603,79.0412711636695,80.43781108871353,83.37835492306988,82.28582093073514,77.76103315622348,65.84132596553212,52.50292485327373,36.010667376898695,28.551325318743658,25.413539640550404,31.58911231013054,-0.2614143985111562,-0.965226663665613
2024-07-17 21:00:00,-1.0,82.0,38.66666666666666,36.0,7.0,24.0,64.83182192304785,40.7379491794986,7.616456274707851,4.738870659811941,56.86891115864333,57.78687290811655,63.29193042333229,70.22622302127634,77.20117907207185,79.97234169740904,76.67080635586254,73.04942016430353,72.2081020763555,73.41399059347289,74.06389054475714,76.17024500361167,78.59491026462709,73.67556339055731,65.52119554048788,52.991444778202414,45.377311201802414,40.44126484797639,43.45624982874091,50.95025664308408,50.50891293613186,-0.2779791393987801,-0.9605871111248128
2024-07-18 21:00:00,6.0,77.0,38.66666666666666,25.0,6.0,26.0,62.027888304697775,27.39017422449822,8.243473050349753,4.840165012927304,50.296621240416826,50.73460907584331,54.11195402411174,59.24633715927354,65.63424351290392,72.81108440900331,78.3474461328196,81.8223472919156,82.00071019018348,77.55823249224748,76.13920009555513,68.49884152309552,55.45725097683624,31.67013083231257,14.434792426356784,8.380892101385637,6.362729442175789,7.260890004574929,7.889922044229427,8.521915776857144,8.555982669757679,-0.2944616217868012,-0.9556633054034704
2024-07-19 21:00:00,1.0,77.0,12.0,67.0,5.0,27.0,46.60179661221788,21.293136596108614,7.244640388097237,5.484007475261672,44.58626842912333,47.11580399060746,51.862256905610224,57.72196688497938,64.77532562743097,71.81993035267386,63.53168162465504,67.61167740464369,73.92961749681646,78.72960222453277,80.98667250878123,50.09278849697954,22.70059403734688,13.126789774495606,10.889224424110756,14.930881811494428,18.329475680222213,21.81168601482372,20.826908998393545,17.79917789312243,15.056436368703652,-0.3108569682435036,-0.9504567035349152
2024-07-20 21:00:00,1.0,79.0,16.0,52.0,9.0,22.0,45.23861535325565,23.68722870617462,6.779385293633207,5.959202897613844,44.589240099010965,46.1416293946572,50.68265911283869,56.16842905266963,62.2316935160773,65.0997039510626,68.53085730021358,73.52752950661157,74.0358713432435,67.08868028921387,50.802883237147945,36.729285420920895,25.37411594163861,23.39128403823495,24.608692584672053,29.59443193204367,33.17241294169694,36.169954275565495,35.37542338639692,32.3977652146713,27.460695355274765,-0.3271603271220951,-0.9449688462364056
2024-07-21 21:00:00,4.0,73.0,10.0,68.0,7.0,29.0,42.69898982567596,17.828203684138938,6.772362868237525,6.7195551144435335,40.82283479635552,43.49264115776899,48.43948995646542,53.844093290285365,60.3761402800461,67.9534787955948,74.01881784834762,81.04129755594747,78.85410587177316,67.64036500203751,50.87530030048371,42.23807948824322,35.75664308647855,31.14016411247458,27.044553267248745,23.276272874493152,20.97540003164569,18.748921149236107,18.332861843049955,17.929540836409856,17.96202920766711,-0.343366873996388,-0.939201357453208
2024-07-22 21:00:00,0.0,74.0,13.333333333333334,69.0,7.0,27.0,44.47379125446989,18.136223304622536,6.825437895425382,4.7875262656753454,41.033181879656986,44.25159166405086,49.10460150371439,54.90786515662583,61.65745817278436,68.7321041936712,71.49870689224647,79.45639317142007,86.39111312687264,79.72631652766812,51.76673132733828,31.782682779081995,18.764751033162632,17.433434964877804,15.561310661730973,13.139218596750748,12.0171678896534,11.063559460972424,11.956586981904314,13.189999475894302,13.74141591196385,-0.3594718130884232,-0.9331559438780432
2024-07-23 21:00:00,1.0,68.0,77.66666666666667,17.0,4.0,15.0,81.13817843415875,37.462992864588784,6.052020176049185,4.928059965084982,86.99837560873107,90.54688136746051,89.79486870339638,90.54670323633697,92.945256446022,94.63662460014072,93.93979258380054,92.11345444648047,91.8153892561965,93.21900751297898,96.69402445469464,98.63549385420602,99.66565746327004,99.51494078825355,99.80420743178802,99.88335415344297,99.42442112166223,97.71987264196314,94.59280644664145,90.12584434598014,89.49618118533877,-0.3754703786876202,-0.9268343944460494
2024-07-24 21:00:00,1.0,72.0,60.0,21.0,3.0,17.0,68.33135540319206,39.02999950175089,6.173032081938068,5.758045564278324,81.36287049017115,85.22653705174157,90.7324602108233,97.8990745416946,100.0,100.0,100.0,100.0,97.18848307739373,94.32913404171114,90.60051156242945,95.14875864976136,97.3033719007818,98.81206435579514,99.81582561287163,100.0,99.37914726131262,97.62931663116582,95.08215999887672,88.64423059241857,71.63246822142045,-0.3913578365610259,-0.9202385798054076
2024-07-25 21:00:00,0.0,68.0,83.0,14.0,7.0,19.0,84.04576818014095,37.55037813582713,4.844638964828638,6.12991423490087,95.560423488709,99.15170500948064,99.27434195478855,99.57542940601104,100.0,99.49457360273212,98.45733396684264,99.00868201452806,99.35970934180104,99.71987571597036,99.2552749693937,97.87349011742988,96.72698460901051,95.24505517104484,91.54987403177468,85.5309584765273,82.29193676593755,80.83177073327504,71.6028752885402,57.11328728317632,54.66334544464808,-0.4071294853542516,-0.9133704517637858
2024-07-26 21:00:00,1.0,75.0,13.666666666666666,51.0,8.0,33.0,48.024842970657794,23.82843033564001,8.167799664595945,4.232393856105906,49.98150871479582,52.12628762997032,57.773562562893424,64.52201969411561,72.09602100477385,70.26204496099034,69.9561035000635,72.65868960344707,77.51564393250761,81.35300743975678,76.82634762652538,77.90271792192617,72.03477091063506,42.46798846194685,24.15044260797756,14.27504113081227,13.13526045708212,16.29591280466159,18.150482029485595,19.73605968269826,20.446948640304683,-0.4227806579826773,-0.9062320427107696
2024-07-27 21:00:00,-2.0,79.0,15.666666666666666,62.0,3.0,24.0,43.62654244603719,24.749817731669488,6.484195869794912,6.012386000929237,47.75120527736604,51.20025256277031,56.43497730871604,62.70076927502909,68.73657512245194,67.32155627884904,66.66570512366565,72.68530796308563,74.63049074362227,60.943406166286174,26.58950287200859,18.3664806938296,17.25740395088607,25.879043231529582,34.67615252295459,44.25881881497736,47.52283650572517,48.50417861250249,44.50566826954455,37.6125644951408,31.14336324987437,-0.4383067230125192,-0.898825465016444
2024-07-28 21:00:00,-1.0,83.0,4.0,44.0,6.0,22.0,47.49944340553627,26.59713201120447,5.897028706988717,6.297755486230333,47.033789036153415,50.67650115908823,56.08164657704869,62.17661469977799,67.81486329582158,64.77858415914484,55.0020772818496,36.04348669411724,28.06279916804188,27.45250660543997,32.01143020280418,35.92285897753703,38.19874832293773,36.50454073791302,34.676201434553725,31.807944332169384,29.885756041849216,27.328746373484726,24.02141670571168,19.63817125088893,22.419566075931343,-0.4537030860313442,-0.8911529104063088
2024-07-29 21:00:00,2.0,77.0,54.0,31.0,7.0,16.0,64.24102387606231,17.713536603384537,4.732549092022447,5.663428149022116,64.75316805300697,69.33309917852742,76.88446437561595,85.19228951768227,78.9045286577947,51.27477840217775,19.99047712281716,14.251444802074449,13.331473234722354,12.42043896257696,9.149932876374905,6.776148659909564,4.792232094834451,3.5749163914196704,2.95194924537634,2.797353746524476,2.8820886796550584,3.0455790226998696,2.807383877125411,2.4056573275657365,5.709872615496084,-0.4689651910076318,-0.8832166493127127
2024-07-30 21:00:00,-1.0,74.0,61.333333333333336,16.0,9.0,19.0,73.51892767698158,38.535512853887305,7.393398776224321,5.297636924656465,67.60592659400635,70.82263992519519,78.06998672875065,85.00453884489187,89.5724622720744,89.5156236324961,88.69414707833857,87.82991490806342,84.48945480204996,80.13531280771502,76.1594778147337,77.7010329879545,81.3572901495309,88.9321385881646,88.71244156425917,80.49634828836642,65.12289041955866,45.43938763989313,41.29218932310691,41.45811809746212,44.84893698232084,-0.4840885216389758,-0.8750190302029955
2024-07-31 21:00:00,-4.0,77.0,73.0,27.0,10.0,18.0,68.8762683364799,43.33701688921303,6.605719282133335,5.675658324126238,58.179380687001526,61.33975570201828,67.94888683740376,75.77143966997471,84.5906508857743,86.81815139332785,90.93984280299672,91.76830007878333,89.34008615249543,86.65018046987436,86.99043223544932,85.67356649102726,84.16719302569159,81.72232192467726,79.16907784241808,75.9314990853539,70.47083092298125,63.73542117548675,61.38231405304372,59.464670291110544,64.87753247961916,-0.4990686026885319,-0.8665624788845385
2024-08-01 21:00:00,2.0,77.0,72.0,19.0,4.0,29.0,76.37954483234944,44.109123490419975,6.17983149314737,5.703274284659646,74.69932305634053,76.08210859830578,79.08891990879135,78.64846547614206,78.90152741364597,81.73104632205698,87.64403178504584,94.79132789975364,97.08858815606602,94.06898067086551,89.95466125423268,92.96058523502066,98.5451143472836,90.90355450215957,77.72638801634648,56.9490196930293,45.95662854903958,40.44963623000808,38.69189743673383,37.76194669422758,36.578611692396976,-0.5139010013093103,-0.8578494977869301
2024-08-02 21:00:00,-1.0,84.0,15.333333333333334,40.0,3.0,25.0,52.93172466580928,48.49681398398024,6.401726563085557,5.381169885050643,72.25063832058377,73.56747980600815,75.50560670328844,79.59908743860915,85.3551464959424,92.5514849849909,97.20223643565686,100.0,100.0,100.0,100.0,100.0,100.0,100.0,100.0,99.95375405758186,96.00608148231386,90.8572820926825,85.73278449830443,76.6595447770344,79.08201969465249,-0.5285813283559292,-0.8488826652214553
2024-08-03 21:00:00,-1.0,78.0,76.33333333333333,21.0,6.0,18.0,71.40285567925348,41.117832838709006,7.151343466220014,5.108667979465742,64.53438724406094,66.6685434852616,72.48048450477228,73.14612761520463,61.283056865764415,54.33845419939544,57.92272186228155,63.591269848759325,68.87584194619492,75.04244503751254,79.25286076010384,82.39750897017653,85.69951952212891,90.1498098773792,92.23523630352948,89.26152676124698,87.47075602451746,86.40890902051294,88.80129792158486,93.1798634807462,85.78196292843398,-0.5431052396834317,-0.8396646346181327
2024-08-04 21:00:00,-3.0,79.0,68.66666666666667,17.0,3.0,24.0,69.09065024657151,40.55547295815632,6.331041684188368,5.285054685236946,87.6038519855177,89.32542498059092,83.5859155947029,79.79881901289507,75.1989588161009,74.97208947315666,78.04944515386013,79.04434833526814,78.16015627066596,77.77015871133743,81.27112988490299,86.56732744395065,92.2184204884281,95.58591208576924,97.71368712157512,98.1426971328856,93.98964354014484,87.64630168121468,84.50497135687762,81.34410511652983,88.16516340025976,-0.5574684374327892,-0.8301981337405212
2024-08-05 21:00:00,10.0,73.0,55.333333333333336,16.0,5.0,29.0,70.89397217984008,35.75826538247001,7.291253490783245,5.458339634947943,56.56924378229012,58.71024393008211,64.82760745693814,71.95100873076935,78.59903925926076,83.76939545854962,86.69917269342058,88.61920481923869,90.43164983239237,91.889870113512,91.6036916455686,95.61739451042205,99.39331245335131,99.28306648780604,99.63694268463831,99.46297255188904,98.83111249039024,97.66706568745876,91.28403471508048,81.35216134927809,78.82816527886179,-0.5716666713027052,-0.8204859638785327
2024-08-06 21:00:00,-2.0,71.0,43.66666666666666,47.0,6.0,28.0,44.0094408849523,18.06679743017145,8.253373102204112,3.190119940808551,41.89942022444067,43.95893855074075,48.80000380640725,54.5393157712724,60.75930241707778,67.96273959541284,66.14521808396965,68.26076294916007,72.76243286774226,78.4780159264868,83.8568618232871,82.59105675901607,73.1919699329904,44.86902147790227,26.31700013937397,14.33632556639849,10.199916392255016,8.869731465255123,8.004649536736913,7.260877555008166,4.866578255806287,-0.5856957398073508,-0.8105309990194823
2024-08-07 21:00:00,1.0,72.0,25.33333333333333,46.0,6.0,30.0,44.16467907446139,16.281557024364812,7.186152972293567,5.500319100884205,40.97778148104322,43.43017250909369,48.11428457363058,53.86021376340593,60.044686294208205,67.4600732446735,76.42877329021343,78.40763851834487,80.30211198557551,73.23589256081296,45.09928441685507,29.783224964425127,19.94268646753867,18.75540894257489,16.750979633332484,13.525183885595135,11.289208348440106,8.81214284647722,8.904632997183892,9.600849488279623,14.813519945226716,-0.5995514915196489,-0.8003361849976323
2024-08-08 21:00:00,-2.0,74.0,34.0,49.0,2.0,20.0,44.47379125446989,20.7318868592822,7.578523319737871,4.745987593577028,40.66354679671573,44.050855363832206,49.0577079582224,54.720729989982296,60.87206362302461,68.30376446565263,75.12364912468237,73.7343063170336,70.63083922026226,61.57236302803402,45.45079842117691,36.27739373067676,29.67290932559296,27.44946714009511,31.20584462256912,38.63443543997173,42.5000661273328,46.34084568988251,45.21791762310863,42.45913867896125,32.087134741095184,-0.6132298262997502,-0.7899045386224707
2024-08-09 21:00:00,-1.0,64.0,85.66666666666667,13.0,7.0,15.0,83.79480745527607,44.50907499384061,3.6514129280916015,5.41548318235302,93.43913425562114,99.16330714479876,100.0,100.0,96.9121373213203,93.0278017944282,93.4530716105955,94.57409103880772,95.83066618030485,97.4043727434346,98.21681867321904,99.68724877156563,100.0,100.0,99.96870529991594,98.5986874280536,98.45234524003465,98.2426155075406,99.15091814104476,99.91049842010815,100.0,-0.6267266965083301,-0.7792391467859886
2024-08-10 21:00:00,1.0,79.0,43.333333333333336,35.0,8.0,25.0,62.2760878775776,28.3356686395282,5.883148935327769,6.024125763808679,54.74903468998731,55.309735512547775,60.07081403415834,66.34902447888467,73.45474449778146,79.88691060437941,85.2104345237454,80.8784570970274,59.9962816774376,28.63603570912161,16.27304489264418,12.324716952642977,14.022444520123114,18.46122133491686,22.149205068648183,23.79020440266567,25.151723558297245,26.3209663215106,28.79483967181925,32.2348470366263,34.80831612601344,-0.6400381082043503,-0.7683431655492202
2024-08-11 21:00:00,-1.0,75.0,22.666666666666668,38.0,7.0,25.0,49.80730647655911,21.8205441539774,7.212588143641246,5.42014152747577,50.47653940823852,51.70106933573068,56.98547089367203,63.07769780611749,69.94419777843758,76.27108650157264,76.07686172722255,77.79964155031904,80.60441187348614,82.34042497309258,76.33055873797714,58.78829413446872,39.29178926754427,22.89113776677241,12.849475098963978,8.031943524990066,7.00787457847584,7.906132394993877,10.625159615819078,14.70027325649773,21.414822744315902,-0.65316012232693,-0.7572198192083127
2024-08-12 21:00:00,3.0,70.0,43.66666666666666,33.0,5.0,28.0,61.1421746910109,22.61988895457825,7.871834917827431,5.549398184460488,53.14094235718044,55.23425299286448,61.42128896512236,68.62450607498414,76.20107292985374,80.45017874605271,82.4542597475585,81.69594547279664,77.1809728935397,70.52550673599922,72.12407691913154,73.14658864376618,72.77669579633498,67.09125647266686,55.72315979538012,37.8418277231293,29.3316529483806,25.66872828075908,24.55769219518908,24.16000911249114,26.305172127921377,-0.666088855860977,-0.7458723993404063
2024-08-13 21:00:00,-1.0,77.0,18.33333333333333,38.0,6.0,33.0,50.101592293116205,22.286090242486424,8.155255480590265,5.238982084384035,47.06968744444406,49.25128430619253,54.59608584030909,61.07007947962793,68.03848914983361,65.75518036930089,69.58347111042256,70.07131770272447,67.03313644999382,63.181577189500274,60.25905647995384,58.717724852823096,54.981226483836224,43.819270156334525,31.743937945362767,19.497319294563543,15.442441468846862,15.508918855508288,16.549490893972425,18.062867843806384,19.2643353755302,-0.6788204829862355,-0.734304263829602
2024-08-14 21:00:00,-1.0,71.0,48.333333333333336,29.0,3.0,7.0,63.51451357434428,28.45161751568351,7.384922857304698,6.237334815615118,66.10879517015488,71.28629102607638,79.45678795846682,82.83749301884573,86.34031414586538,85.04702398867305,86.9653413255549,83.31141118969929,79.02888984121175,76.62377060440834,80.80687473751965,84.22067375300227,85.80732325097719,81.85120449805369,76.49983904961934,68.79224590182876,63.92950082266095,58.40263675058402,53.08180582593264,46.46351335136721,34.57310612119552,-0.6913512362094071,-0.722518835873311
2024-08-15 21:00:00,4.0,72.0,46.333333333333336,34.0,2.0,18.0,61.397964442270506,24.582873106616315,8.010984433481003,5.907621750655506,63.58398840750782,68.16420127074664,76.15394536459557,84.18662452511273,85.8687000138806,84.64150615318151,75.56939546623845,60.30293707268727,54.382106967631,55.03855931533765,59.84205066653041,68.59490091403306,75.61199102953495,74.13215117044223,51.83483760696799,16.005204474667657,9.314494492227436,12.620921426910698,24.933978705343435,43.43228028784177,33.264895186562335,-0.7036774074790128,-0.7105196029692745
2024-08-16 21:00:00,1.0,75.0,24.33333333333333,42.0,4.0,20.0,57.53338909646882,32.059585854082094,6.868524678283145,5.354330348451908,62.22003150479401,67.0036864297818,74.79726189335585,82.71913031601797,78.05325743908229,71.45501667972025,61.67285312126069,59.06302753940743,61.55680835840395,67.36443741124283,76.05054250946255,82.9363447636269,88.99996246628696,90.91986073606914,91.22302496578116,90.82854223812272,89.70137248717162,87.13064683795432,84.73096518158171,81.16787482191758,77.7641325874642,-0.7157953492826642,-0.6983101158835584
2024-08-17 21:00:00,4.0,77.0,46.66666666666666,30.0,7.0,20.0,59.88201402804045,28.78988440798688,6.975620607726842,5.342079163108004,62.223051669924686,66.64602264543143,73.78050284004121,77.3972620967141,77.44805288522831,73.89686590499205,68.38286231719582,66.21061078549758,60.50538149711574,54.552837188483416,51.16410021450679,47.20182465006636,42.43368948777464,37.540507699705536,35.877106608280485,37.27588353512997,35.07399880462101,31.030956552719573,26.706613690852244,20.96258691810988,15.526212436998607,-0.7277014757264236,-0.6858939875998223
2024-08-18 21:00:00,-4.0,72.0,75.66666666666667,25.0,7.0,18.0,63.63694965420793,26.166813726896507,5.150073732606059,5.485270226759992,72.04280561745995,77.29469643203838,86.26093565168036,94.38481869115832,99.19001719273083,93.74572590105234,56.2200795657206,46.49170736146447,44.27600610857488,43.30351502735935,40.93607644920104,38.46114699559882,35.94119849307885,35.0056074723077,32.20526567555164,27.57376951893273,23.078035270511453,17.99159138419652,23.36986054681672,32.61296441427008,56.04358600208783,-0.7393922635959241,-0.673274892250183
2024-08-19 21:00:00,-2.0,74.0,68.66666666666667,21.0,6.0,20.0,68.55087020336482,40.368221035040186,6.106865463349039,5.829083370927792,75.13214395827426,76.7221685069336,84.47851081898409,87.20337486674468,87.27582483297324,81.63924027391265,74.85578514013856,76.56116690847547,80.13774684338006,79.36097621966655,79.95188512274794,81.80193267978805,84.06151676584915,87.76400183281226,90.13587617001086,90.41960252095107,91.0106268932113,91.97080662182574,92.7985949118093,92.49007814370478,93.95257843561274,-0.7508642533989489,-0.6604565640279754
2024-08-20 21:00:00,-2.0,62.0,79.66666666666667,19.0,7.0,34.0,83.66717971385457,39.23444067991842,4.005682660683683,5.965095364324481,90.88396061992286,92.99159007701876,98.1881274353952,99.14074823120632,99.89193212690716,99.90230926149778,99.29155647472555,99.05752323630804,98.63349852797498,99.59754064359552,99.81802991548255,100.0,100.0,99.29145827118656,99.61567570244247,99.52080341746198,98.95885568763651,95.877575518716,91.4024282158787,84.2281936961012,76.35957255431126,-0.7621140503891487,-0.6474427960827475
2024-08-21 21:00:00,-4.0,61.0,70.33333333333333,14.0,5.0,5.0,80.62364290299612,19.53420578460853,5.360552812898309,5.109565601944797,87.12693058126642,92.28751687596956,97.27897530890186,99.31276836002006,95.89137911926184,83.37327564427885,61.117122109191904,56.2410652259721,56.18140777145021,56.273325167077445,53.10797636778708,41.80820224425679,27.75269004035432,14.968106318590484,8.04657739413171,5.878630286529241,6.640560551052147,8.91857483280841,17.24367015305541,30.132611174024497,37.215466918502656,-0.7731383255706026,-0.6342374393978054
2024-08-22 21:00:00,-1.0,66.0,41.333333333333336,19.0,3.0,20.0,67.66016472401645,21.69543809856655,7.975276678412438,5.388283629736317,56.98952548899751,60.38168502673958,66.856657103327,74.55684006997181,82.68440386444111,87.47451831515033,83.48879345353144,74.69099022894868,75.45021317545502,82.52460664206977,91.07444554565718,95.66426340409022,96.63818772345904,87.32009088097743,65.3781268729692,36.59090838846491,27.07109882810701,22.790118907795936,30.66235279053016,43.7916279429491,46.4197065152916,-0.7839338166829201,-0.620844401650647
2024-08-23 21:00:00,-1.0,69.0,33.0,41.0,7.0,29.0,56.7155758436795,22.058093493660586,6.98233576457955,5.311801021038951,61.27385194501909,66.5436604218636,73.76832751899322,82.46012901901796,91.45015788909834,96.63321329808804,94.8891692217146,95.06950463425672,92.60054828361338,89.31959865941322,85.99699527522115,75.69301480635133,60.94984791809806,40.4966101005308,27.55326435017103,17.401130377447057,14.16982658834162,11.871931605939904,13.621938930750195,16.235286578968992,18.46880847374611,-0.7944973291665992,-0.6072676460566135
2024-08-24 21:00:00,-3.0,76.0,12.666666666666666,40.0,5.0,26.0,51.79248207523655,27.868739123755766,7.885084756339824,4.784280416450919,52.58390984921035,56.65353709810207,62.51859100051905,66.44167961290508,66.24173695671229,68.36099533980065,73.16242223826224,79.74585308390036,85.42876187422812,84.91813591103407,76.0918637015615,79.58985416020626,84.09474348780483,88.9992806528493,76.10843365739599,53.1372516958203,36.04648216159131,16.879108444683546,12.46219411418023,9.33279282862169,15.912288529729956,-0.8048257371083452,-0.593511190196115
2024-08-25 21:00:00,0.0,76.0,38.66666666666666,35.0,4.0,23.0,57.66778910783504,32.12636418678224,6.973691944444904,5.71622686912351,66.31784118805616,72.41483706352999,72.56579801081351,73.06527238201774,73.48966460313818,77.33441278474008,82.80111017353155,87.2400777548004,82.49367729891313,81.67852641069234,88.93009602461522,94.4895552531631,98.6333042948027,99.8563498786547,94.65353246320954,83.88406963229663,76.13026738456058,66.96879875314565,62.10638712745943,56.36061224641769,73.09370287315346,-0.8149159841660791,-0.5795791048257612
2024-08-26 21:00:00,1.0,73.0,48.333333333333336,27.0,2.0,21.0,66.06364883160035,30.24184003746604,6.146449400046343,5.968588377846474,85.4993622220675,76.72908541674776,75.92621398179928,79.32781328206285,85.46844277283734,87.21794383434111,88.15314945770616,81.99403344343872,74.29136209774263,70.13528721932235,73.18727027140078,74.58121744496991,74.94081110430973,72.24264969848926,70.66249264569333,68.66223014762825,71.8583016021837,77.4537625703056,75.68480311006238,70.85023765761504,69.1410908692576,-0.8247650844733614,-0.5654755126737576
2024-08-27 21:00:00,3.0,77.0,35.666666666666664,23.0,7.0,22.0,57.80165089822067,30.99583564149354,7.386607955270614,4.863793998341105,47.719924217465206,50.360354359248426,55.987478248626864,62.51702358897868,69.34135192543597,74.44397305020848,78.9450030974769,80.91190923912586,77.52014022537523,71.83425542867361,68.60284272720372,74.37971567872236,79.33052968842375,65.49174675673764,52.39819863981353,39.97044867201592,32.81146921698323,28.03056551590219,27.662140204230184,28.639554731799286,29.56106101696648,-0.8343701235229537,-0.5512045872199277
2024-08-28 21:00:00,1.0,65.0,59.66666666666666,41.0,9.0,34.0,56.159353339441054,12.517325229408506,4.154276465557393,5.574897491509032,54.37221016477645,57.57266019823118,64.1970093470329,72.16950658452733,80.96536176139831,82.12597347517789,63.9799711427268,39.16491766668046,24.089593682014783,15.374859726766612,9.827837353667462,6.385119801734172,3.6555389030577614,2.863758996628164,2.049290398425124,1.1432553665332037,1.270325285236732,1.899915802936904,6.002703968399219,12.03862927739263,21.72220044935049,-0.8437282590292712,-0.5367705514607103
2024-08-29 21:00:00,0.0,67.0,5.666666666666667,36.0,5.0,35.0,45.06790834439233,10.349103543906846,4.394795049443738,7.125963110875628,43.91944701704737,48.77907130054266,54.32711792297836,60.75243396682109,65.19747055166613,58.80997287042206,38.83905214877941,11.353524178699583,6.544283495838589,6.824450906650335,9.887759816733842,12.661888257515272,14.721069530979848,15.844913666394255,14.98345591266703,13.106348078030283,12.402221102194432,11.348135493056676,10.509672959177156,9.465857919644307,12.05004524705884,-0.8528367217694595,-0.522177676659508
2024-08-30 21:00:00,0.0,72.0,2.0,36.0,6.0,20.0,45.84077627073299,13.928103473342617,5.497501456562033,6.390415637438836,43.04331592757885,47.75277118472757,53.29988242955295,59.60734567652891,65.6215189712141,66.33388402803216,52.738786967188624,15.969179313818636,15.199595915308858,16.510256449826223,17.746322254558393,16.458248958200915,15.852024245460782,16.073616243837975,16.87843239894138,17.954444177857674,18.50040193616876,18.881661085529107,19.95766800871347,20.950336995799827,18.20148151811517,-0.8616928164028521,-0.5074302810827518
2024-08-31 21:00:00,0.0,69.0,56.66666666666666,24.0,11.0,19.0,65.59556279510115,40.88000421267119,4.715709944040473,5.2924489716033625,75.30573604674335,78.96233648673,87.6129719963123,95.2114489470249,99.68153436075548,100.0,99.64966183585928,97.66930862523972,95.46887680158072,93.6492605223609,90.59703709748578,91.78411987932137,94.27836495129894,97.54829364605766,99.09584912015106,98.37724145782248,98.68571613457962,99.51980647547008,100.0,99.807160635656,99.88809927390312,-0.8702939222685674,-0.4925327287220543
2024-09-01 21:00:00,-2.0,70.0,72.33333333333333,14.0,9.0,18.0,81.28158556761407,33.722184085966155,5.530474260674652,5.770791331161094,88.54986857919086,90.31174104486745,97.2167587736302,98.67249589703208,95.66974728638746,92.4006836053318,89.4992629444901,84.9028091175346,77.3322289996654,69.8757696736207,61.62758315211917,55.334425000702495,49.506832738324505,37.00887116148165,25.920595335248503,19.262133935327,18.580548467515698,24.03245917452488,27.85659841952628,31.307158035123766,29.997156059111408,-0.8786374941610001,-0.4774894280028391
2024-09-02 21:00:00,-1.0,64.0,24.33333333333333,47.0,8.0,30.0,48.15248272474801,17.06274810987734,6.7076259308492405,4.88476955308225,51.51389553281855,53.929463357716735,59.95630911638813,67.01768652435595,75.29428612347986,84.69089993371028,87.54364444266133,87.20588538710443,90.59968391947923,95.38092822125212,97.58885835849134,77.0870417813654,57.42089527946182,44.447123006883054,34.97083913530062,26.74295852835827,22.894214123999053,20.389702512642955,16.959148134022318,12.20478477724527,7.777101160821223,-0.886721063082993,-0.4623048304798108
2024-09-03 21:00:00,-2.0,65.0,4.666666666666667,71.0,9.0,30.0,36.868995001419705,11.969657979904234,7.362434716140072,5.714656793990498,37.5923881382024,41.25031201949959,45.82853759107426,51.33035682615738,57.209974322729074,62.65158461192017,65.56019417798738,72.67896489058991,74.1764025616152,68.12820433295683,53.255030133514026,36.29032895725855,22.841245229196783,16.080668542747038,14.943002548883513,16.483999165556064,18.37296788546588,20.59916671822951,20.431886882918267,19.956030861684468,21.59609108173533,-0.8945422369764496,-0.4469834295196741
2024-09-04 21:00:00,-2.0,74.0,12.666666666666666,31.0,5.0,24.0,51.50253858578976,24.21677338555445,7.697792757419823,5.603369838089996,45.09545800547648,49.73363387453612,55.44769037593235,61.97242098646731,69.06451490701943,74.11070931461536,75.11553784944485,75.69932954123605,73.05749729050264,71.77360283039093,71.65059599322257,73.95862254452199,74.3496731346764,71.83336539836004,60.69905875875751,44.81794441293539,34.016513261016655,21.14825760377163,16.736962583629015,11.726356566631374,12.636820978452809,-0.9020987014301836,-0.4315297589714714
2024-09-05 21:00:00,0.0,77.0,1.3333333333333333,31.0,8.0,20.0,46.60179661221788,19.745322009192247,6.945412088450372,6.546469603894801,36.23162722146071,40.00077125186228,44.53084809311766,49.712833666553735,55.81078097260603,60.90487788949258,61.65235746149469,57.04577482966373,50.66460169427861,47.4026545562733,45.20207601700783,39.13835329050004,34.65462042441676,31.43454959518032,33.93015710879892,38.49492307635902,34.466954223171975,27.70258515978655,19.26599306469188,8.636938653260264,6.873887507214543,-0.9093882203647924,-0.4159483918249421
2024-09-06 21:00:00,-1.0,71.0,14.666666666666666,41.0,7.0,16.0,52.975883453002126,17.67005407797279,5.770379818327948,6.480433213277841,50.85674279049117,56.83666836678261,63.50202254345007,70.93145730720599,79.36226697630417,87.39116118162812,91.45880446234514,75.72990543172828,27.65248834291723,9.335037528329272,11.985071470316283,16.32476656897951,19.08796366940104,19.25577162339007,17.979227880517985,15.638539268990614,13.535247455430447,10.661043532385554,12.491771324294104,14.665939807715027,13.56095918197692,-0.9164086366943458,-0.4002439388573056
2024-09-07 21:00:00,-3.0,64.0,75.33333333333333,18.0,7.0,4.0,77.99002766483804,37.63511104041689,3.943350168330172,5.115464229856341,94.28780847210707,97.33506328883162,99.15356295480896,99.3370727247352,99.52869753984626,99.41126455476972,99.09639330995569,99.66654239308367,100.0,100.0,99.2917142025335,98.79531652952664,97.16532020315408,92.88212615269924,91.87514278088956,95.1200998422119,98.0139968819882,98.84196503931256,83.02064711430502,58.92495619160414,34.33789100189342,-0.923157872964704,-0.3844210472688554
2024-09-08 21:00:00,-2.0,63.0,32.666666666666664,45.0,8.0,25.0,51.80629485881768,13.74491976945914,7.02206717749996,3.988224545781593,40.492323437334974,41.773147362170256,46.396871193402575,51.9629899863096,58.36855984186421,65.50871342004994,71.42632268954311,78.11530208114303,84.94782829592765,88.30150104007974,64.0082997533928,35.976265878406686,10.874433934738594,4.719751142202707,1.571443341321562,2.728846068888798,3.885596759163497,5.129746688320851,7.787856853217312,11.549390901904555,15.300957661146017,-0.9296339319682696,-0.3684843993077793
2024-09-10 21:00:00,-2.0,62.0,40.66666666666666,37.0,6.0,30.0,53.66277542833233,15.585842563712273,6.434242888813224,4.770600393714532,49.29163170455725,53.0308264663968,59.47489755077561,66.64668019795724,72.68614561770832,75.39567047972442,84.79079751685433,88.17980984162955,79.9814269027884,68.58017447763115,64.07304902419136,60.43527074740028,57.10577106220396,55.05603755809424,51.0056549077205,44.7215779242771,39.99821300405019,35.134918939439345,28.613973900689267,19.85466537036158,12.484272097506423,-0.9417589340994617,-0.3362887301766828
2024-09-11 21:00:00,4.0,68.0,5.333333333333333,41.0,4.0,29.0,48.76137121429922,24.92052831690795,6.852092319776968,4.880594988607792,51.26048463910228,55.62535982416597,62.30151384516179,69.97381062843384,78.36086869170603,85.68050042772725,89.60808996219725,93.7103316457899,98.07153753010726,99.7858056440908,99.62766220739042,97.28576987554112,89.52383483271599,77.83582830707091,68.34245627490188,59.43687970270404,52.3308195995368,43.94901605980269,39.41676850290055,33.544402481592414,31.789108172262,-0.9474042892438844,-0.3200392362231385
2024-09-12 21:00:00,0.0,75.0,20.0,32.0,4.0,23.0,53.54783600022429,27.44774161624476,7.299461866582744,6.3340635545405295,44.894725473723454,49.6170229684604,55.39342647390679,62.01459597580716,69.31788479504372,77.8980855101406,86.00488758292018,88.48969441890996,76.42152273334077,65.00756242159956,57.86024053971035,63.96973681693648,70.99331296212996,78.41095454622393,80.36393778581419,78.23069321001744,75.22569419896273,71.04482346567472,69.4299109574413,66.33259354378932,56.80948675690495,-0.9527692922168512,-0.3036950375106588
2024-09-13 21:00:00,1.0,76.0,26.33333333333333,24.0,4.0,32.0,57.66778910783504,27.70451066206325,7.943477167316614,5.855386853692393,45.320724180138846,50.2409387019646,56.18275966264375,62.87718646412838,70.67277678794103,79.00691847989849,85.50406739816512,90.44956877325028,92.0370941671294,91.15498011904592,88.82143732910875,86.30047248961571,79.52675597220302,65.42199358231564,49.68434685851133,31.07042051035045,26.85506215319431,25.44966267968184,38.936386302396,56.93872581699727,37.13821623532663,-0.9578523554276668,-0.2872609705505963
2024-09-14 21:00:00,4.0,70.0,15.333333333333334,25.0,4.0,36.0,45.53305267993813,9.115709768766214,5.404185126688358,5.82308824938401,33.38670146828582,37.20473125841576,41.58985721989159,46.490456382709446,49.38637292166732,36.520236948584696,11.984023370770174,4.668980241398769,5.144033971620932,5.867515865244215,6.785421076650182,7.8019665914580925,9.083200475103844,10.60396054394828,12.239459590715152,14.024276902931392,18.52005360149556,24.306714001877623,33.20706048502629,43.53244781998096,48.09362193442207,-0.9626519747161488,-0.2707418984477642
2024-09-15 21:00:00,2.0,76.0,3.6666666666666665,17.0,3.0,23.0,46.45053851874472,17.00069481735125,6.788056715626499,5.921126210897121,34.395822240023286,38.25228508351969,42.39902193412027,47.24752190298201,52.26138803442715,53.4593813489028,43.75284564498705,20.759477117434063,16.38475949503284,20.83090522529147,31.70370733038456,40.389894816861656,45.82778657195924,45.46803352574475,40.71809091467247,33.27651882018893,26.446830395814462,18.307329931630385,14.775290458114332,10.892450911975866,10.287664247571035,-0.9671667297977312,-0.2541427094613622
2024-09-16 21:00:00,1.0,80.0,2.0,27.0,7.0,25.0,50.5392550224599,21.61277000968118,7.096391810104,5.757979948511184,44.99864737678683,49.52722800032742,55.186383630088,61.43159230307644,67.14131403168328,67.79344451803826,61.26081480809832,48.09054685781136,37.18698584670455,29.707457885553413,25.19677058738497,23.62165574041428,21.194068158680533,17.26656564430331,13.929622036085735,10.682651532671663,12.11695059209928,14.876335896087925,21.59913751880931,30.186482861756232,34.64395298055971,-0.97139528468375,-0.2374683155584684
2024-09-17 21:00:00,3.0,81.0,11.333333333333334,23.0,6.0,26.0,45.54136454313763,14.80004235700297,7.508590055828588,5.650476898620823,34.425585540349005,36.93232880773972,40.734080491507925,45.24815387820369,49.89788881077449,52.170850091663056,40.96584836138209,29.303852729615304,22.45864358046051,18.095453175671928,15.298420278989216,12.668946819375792,9.801721836334108,7.167568660689256,5.485957440003197,4.300920717919183,3.482446033986149,2.5327800879506697,2.5316387765414152,2.580062515093597,2.42624427490836,-0.9753363880767836,-0.2207236509605022
2024-09-18 21:00:00,1.0,80.0,34.666666666666664,19.0,4.0,23.0,50.5392550224599,22.38078827306268,7.595234654041703,5.6229768193918295,35.465845866213854,38.04748279805323,42.18769232757023,47.40498391090839,53.31929666593207,60.290947262931525,68.68238356972924,76.89632099503744,79.86886503160405,73.69760611849041,53.71948274154489,34.95131447579306,19.89337670928025,15.625177090936017,12.321166942493946,9.566172847057352,7.363960685724176,4.977856983362199,4.13060454212969,3.435163602492239,3.326744840220782,-0.978988873740932,-0.2039136706831147
2024-09-19 21:00:00,-1.0,74.0,45.66666666666666,18.0,5.0,6.0,59.49158469966002,32.61011660734446,7.0088023962798,5.153782724363312,57.71836898652668,61.546231249830775,68.20696241474566,75.96516487797129,82.18615838008667,86.00722333225531,90.71454766911356,95.655017191351,95.00847492828235,92.11092182157624,93.47934925951094,94.22630463447732,91.57705527308131,77.39687267925696,64.88526620445552,52.73048441443676,46.30356666179315,40.41391655734895,37.382886979863216,33.54253131977867,30.53775407044489,-0.9823516608469236,-0.1870433490699165
2024-09-20 21:00:00,0.0,68.0,54.333333333333336,38.0,7.0,7.0,48.76137121429922,13.28886004619065,5.622634637559589,5.609347609786229,44.91589406434977,49.16226317716584,55.020806149559256,61.71685989286787,68.67151408855959,71.33325645981797,69.59916301729636,48.2331022812476,34.414822225894525,26.64623235881028,23.69855348738488,19.404679153731184,14.610287946151146,9.831814768348622,6.54678707099042,3.953256698635893,3.924824225695811,4.541177208125493,5.075341538682148,5.744332671838268,6.074122648046723,-0.9854237542919524,-0.1701176783204905
2024-09-21 21:00:00,0.0,66.0,39.333333333333336,36.0,6.0,6.0,48.45795100926463,13.283100128967872,4.155126619008783,6.468799744947564,53.92428536777625,58.709003823057046,65.65242631597094,73.93030713722814,82.97840825472097,93.44431346963404,99.2521997291648,82.03491136151167,42.38692304021541,16.51548648203634,7.259881866507015,5.971512118706364,5.358848647997016,5.214995890780432,4.947436335734098,4.542925075317523,4.028952687115368,3.2551528701192165,4.757308789765101,7.2311968722655955,12.90979722601632,-0.9882042449941422,-0.15314166701312
2024-09-22 21:00:00,0.0,63.0,48.0,30.0,5.0,7.0,53.80810032343676,20.38514151357179,6.020999810378147,4.632968557778617,58.05440667001241,64.3390973695993,72.17971584771034,80.6932184358796,87.8820215410601,84.5616597938713,83.84676257949009,84.91855542735868,90.09817568700176,92.19822333146544,87.58286153353126,64.32184218539668,51.179897167150926,48.65265332879225,49.54168635603898,52.061348211532696,49.69734649055849,45.76856594233672,42.95474079981624,38.69910712428127,38.15934765450834,-0.9906923101615608,-0.136120338622667
2024-09-23 21:00:00,1.0,62.0,54.66666666666666,25.0,3.0,9.0,51.65766119629362,14.231515115554677,4.303267924051633,6.083768071397988,53.02976041571282,57.869397376682095,64.65060556947901,70.42352531319483,66.8635004277166,74.69093300274612,84.54080145275279,92.29765804312672,86.65178237960666,65.27105744923901,36.85154324994214,18.92865734288072,9.637758272083614,9.118226079584511,11.354167083687258,15.631404759844711,15.58041042382762,14.189755525012924,15.143678066533017,16.429773251857803,19.099672062315555,-0.9928872135356962,-0.1190587300340498
2024-09-24 21:00:00,2.0,64.0,13.666666666666666,26.0,5.0,9.0,50.02154195397844,13.6470117318258,5.045538648592563,5.3017040335358265,50.3964863836524,56.23619795503642,63.19848668716011,70.8778832225545,79.30246649497319,87.97625520974131,84.14767101130307,45.57863414458101,24.153171659322776,14.784661346259862,11.98049766189118,10.259979368276635,9.318306063333088,9.175792295142712,14.904108901670554,23.36883854293917,33.45467629104969,46.52787896003721,55.081969878640514,61.474770910573305,37.11177171379192,-0.994788305609327,-0.1019618900517457
2024-09-25 21:00:00,1.0,62.0,73.66666666666667,23.0,5.0,12.0,60.09670435708345,17.28040947551327,3.810797666728312,6.164413063343189,67.10877928032527,73.8078581746864,76.61240057590942,80.18925727874596,82.96454336075753,85.79408921242522,87.65335732026757,85.10114563482747,58.20261462926376,28.381966374317685,7.006298924199532,9.384287367682116,18.593134180573788,36.22716245995284,45.44727613918713,53.42428052535988,49.71560228812103,43.98344269412576,42.91375706457664,41.92979893672047,50.09677623202391,-0.9963950238187232,-0.0848348779057653
2024-09-26 21:00:00,-1.0,57.0,87.33333333333333,16.0,8.0,15.0,83.34167836864621,30.903763818197483,4.134284809960263,4.88194126073838,75.477102362262,80.01227568188958,86.9736032516681,92.32991890977463,96.15865824232128,97.80508460730364,95.75136624682274,93.17958177202898,96.34323741172643,97.64753289426136,96.77704555382114,97.14742207467752,97.50397801647908,99.30638812898576,99.48731139477404,99.95186133795768,99.59820114754469,98.10024833597348,96.96077090047557,95.76761904018451,94.38583405102196,-0.9977068927101168,-0.0676827617545516
2024-09-27 21:00:00,-2.0,62.0,57.66666666666666,20.0,5.0,35.0,72.34075102778552,24.02496806441552,5.467090677214856,5.2519106478067785,85.9375416825391,88.42899783893388,91.6349506255572,94.6473847276035,93.5928700033648,95.02458951000668,97.63636725011192,99.31100698447815,98.90687486234718,98.46139770282912,98.2783378713372,88.78393219550648,78.84210027458367,71.064545204516,66.46122029831302,63.26416075878092,56.90542586317049,48.27117682036238,40.35726374105192,30.16807046520836,25.41846307283402,-0.9987235240803972,-0.0505106171852228
2024-09-28 21:00:00,2.0,63.0,51.66666666666666,25.0,3.0,1.0,64.87706300814675,20.05040711582153,4.395205646304646,5.238099079556384,76.8568687848993,79.93344109686123,79.99217319310196,83.1963904954008,86.62949037238025,83.99362558428757,81.55060508228657,89.86789285448185,94.16967099246273,85.65277477912755,64.30852038403815,50.76605943723307,40.48233404031157,33.11187951377078,27.174239956867304,20.801324193786098,18.46330566225077,16.300110474920928,14.641589848637333,12.360363769388604,11.940481576349796,-0.9994446170919858,-0.0333235257116313
2024-09-29 21:00:00,-1.0,66.0,51.66666666666666,18.0,5.0,22.0,62.89408489266924,21.299286675232228,4.487933264188651,5.293893519298824,69.62510482864846,73.22114360923881,81.46260824135122,89.23588847271485,96.50163277961386,99.27290941811069,99.49901952424288,95.1714335060704,72.58507176383564,51.16140078697836,39.53787362349604,35.754827131775585,32.8673316280044,29.839439972232658,24.15404088711667,16.210554525305625,12.88012468304036,10.762552418787504,16.55355027158857,25.880258111637964,31.7035543356345,-0.9998699583618592,-0.0161265732706577
2024-09-30 21:00:00,0.0,66.0,17.333333333333332,15.0,5.0,36.0,54.2407488671668,15.996409144231682,5.030851037385351,5.77764399219314,52.85769483973145,57.22344459559721,64.05959488116379,71.66382556661945,80.4005931397117,88.8606696927898,92.63385441843606,82.36686592708689,50.037357968557096,26.79517075188893,17.00481845351763,11.218654920341056,7.652833463159851,7.505207895487207,9.73915073111072,13.483872398200967,14.60375012666057,15.1207715233654,15.282794074144435,15.19422662184745,16.344178724988843,-0.9999994220246924,0.0010751512827982
2024-10-01 21:00:00,2.0,63.0,10.333333333333334,23.0,4.0,10.0,51.80629485881768,13.976692038940667,3.9220039931194135,6.168547451014512,52.52443069295413,58.16283132567006,65.04739528006954,73.13790736196428,82.53955223860918,88.03596838891177,69.90777316872567,31.41208046392389,19.369187791413324,17.33805103509354,21.165141907862267,25.72941064663072,29.3406486564596,31.512486162776582,30.953172382068967,28.58069678110797,25.70167380733645,21.57595333951699,21.324282983373628,20.962956115215963,22.965678657276705,-0.999832969770105,0.0182765576816912
2024-10-02 21:00:00,3.0,60.0,52.66666666666666,19.0,5.0,16.0,57.60383842232024,12.374412447709192,4.705827884691697,5.635344052602003,52.80843775265279,57.12549860531866,63.81312450786708,71.70793680975646,81.06490621669676,89.52068005133607,72.47054350460226,35.45258784458548,14.283842018155877,5.293316237812716,6.69925362074996,12.488691542895554,19.807384750761443,29.40331496239882,34.28553928207393,36.08031872287285,31.832267225991234,25.109681655290068,20.894777125909687,15.880217417431377,20.98577158966815,-0.9993706508539968,0.0354725557531255
2024-10-03 21:00:00,-1.0,64.0,47.333333333333336,15.0,6.0,20.0,58.1544338545121,19.803482573798853,4.205939937694919,5.776547952562009,69.6778157185108,75.3036090519128,83.87203955962924,89.66705780099774,92.88355975573258,92.90044417651468,86.63871713259259,67.04692208640607,42.82094665686824,29.84371964108136,31.40988586024492,38.537900286600056,44.38783772794728,45.27851583806422,45.974066703302704,46.62754235655501,45.08605185943209,42.42771304334506,33.79082788442878,22.49252720587488,20.6835862513016,-0.9986126020839734,0.052658056924614
2024-10-04 21:00:00,4.0,67.0,49.66666666666666,11.0,4.0,19.0,58.561426063854285,21.372000281902743,6.10168380698256,5.899533129432462,55.88185199516937,62.01102467374493,69.01291868225904,77.06935072107807,85.18162980219863,92.10269155729496,95.91438111741869,76.64834739157953,58.105628723857016,47.85192144068171,44.65210634019791,44.90822305702002,43.382613272040864,38.843608787644015,41.05323367735323,47.00477683370208,55.67612342397956,65.97515859641629,70.18247919814641,72.99458737013484,65.85524240449358,-0.9975590477788612,0.0698279757298708
2024-10-05 21:00:00,-1.0,55.0,84.33333333333333,14.0,6.0,36.0,80.16644518737577,17.4784214970822,5.106645346530972,5.989263331842695,85.7669722374258,91.88692213907484,96.81455893302676,98.55868428850133,99.14774121644272,99.9335937808178,99.61023942650117,99.32388740565015,94.46259369484127,90.0096523155423,85.8948429139861,60.43571409195232,44.8283744853204,44.92104548102541,43.088446815345016,38.97469639577988,35.25866796268752,30.834495735074874,20.04790597363856,6.597851006297888,5.903809555044773,-0.9962102997023295,0.0869772313136861
2024-10-06 21:00:00,-1.0,60.0,59.0,23.0,4.0,8.0,69.51108460852114,17.8009036238855,4.855166748028019,5.154797504749337,84.74998175238875,86.92666926040488,91.170590143814,95.3257798476425,97.8958817006719,99.15451625018974,100.0,98.40216491012644,88.63344156144545,73.87738345307149,60.0323031903258,44.15151417995627,27.6810019838886,11.965900895270751,4.3836128136232055,3.609279834874345,4.400369954644204,5.813809317250574,6.217859455319939,6.293697854240002,7.064612473499624,-0.9945667569706336,0.1041007489354256
2024-10-07 21:00:00,0.0,55.0,87.0,13.0,7.0,14.0,83.20884823047453,23.59050776304807,6.284662161095179,4.987820111324076,81.48319582984041,83.50848396165114,91.18989063826476,96.76965916709104,97.28924116639728,97.99808675736962,99.7939973051744,100.0,97.61504890063682,94.95507764641768,96.67942049144038,98.77693011497873,100.0,100.0,100.0,98.0506755939204,87.86059619326883,69.44757075522386,71.47600505830412,82.11168874538014,84.03990729223469,-0.9926289059345096,0.121193461470736
2024-10-08 21:00:00,7.0,52.0,71.0,13.0,6.0,31.0,74.0827964382329,9.857886819511616,6.441033720411356,5.565924656682185,61.414455700490045,60.30782733829102,60.792184700618215,66.55049351345504,74.07663934811862,84.07067380349409,92.85149307241448,82.01953883902439,55.56710584419845,28.553823807708905,22.92483884272149,21.494145876104064,22.8311266328932,23.32490498390372,23.33277502528734,21.9079546865282,20.021929492435305,18.032213377500696,13.552029099688212,6.937009874627183,4.058711663771592,-0.9903973200352558,0.1382503109109819
2024-10-09 21:00:00,-4.0,52.0,36.333333333333336,23.0,3.0,24.0,61.08142219990347,11.303199416009727,6.79137388548125,6.063947461434036,82.89641726207468,85.27387214857566,85.93553458457426,74.62779834474165,62.392863798810026,53.327401506299566,50.173181790828245,54.16494748314301,60.23698338452087,65.48706247398097,70.22161578458407,75.32425880626425,77.0586377568013,64.62058279852143,51.3993040740018,38.98986766003382,36.03725044045861,38.3337215467814,41.70744445038889,46.17878554344947,48.711872686686434,-0.9878726596350428,0.1552662498599956
2024-10-10 21:00:00,-4.0,50.0,42.333333333333336,30.0,8.0,30.0,60.81309463361997,13.969088699388507,7.33554359576196,6.351706781002975,71.4183560530053,72.58462099073733,79.94478394771455,89.22242528536309,95.45715855490518,94.45589385934326,93.23126886592104,95.33426520549608,97.56981366346244,98.37998278400912,99.07024428908616,99.69624350272602,99.80143311604468,96.601060051974,86.94225712170648,70.8865690003621,63.02518076284839,59.15649330637785,58.22024588245704,57.21064119485665,51.81375886881582,-0.9850556718215012,0.172236243027682
2024-10-11 21:00:00,-2.0,54.0,42.333333333333336,30.0,10.0,28.0,52.47998684205015,18.21005208280022,5.122205913211766,5.782151984324188,66.48948196910756,66.84416900730665,71.98444460151661,79.93762355367811,88.4628540603897,96.59498407500726,99.728848229893,99.09074700981154,97.00554007339764,92.10829811470656,88.967922103054,86.36803146438965,83.67932142129244,82.36508688405769,79.37281985733088,75.08843274436234,69.6963107754014,62.46879942447507,55.910974418250525,48.54151268734547,45.957581819440726,-0.981947190186646,0.1891552687200409
2024-10-12 21:00:00,0.0,48.0,62.333333333333336,40.0,13.0,29.0,53.694017056545576,12.727582205512396,5.909431243525087,6.255469112607565,61.15369468961944,61.36498482711296,65.46737791640945,72.254750736861,80.83414795009645,90.44093336048591,97.84399511588268,99.67144539436808,98.06466004499644,95.95962033789608,88.33092531952911,83.05567659637771,79.0684953950106,79.28642281742438,78.70454142551473,76.71223981058716,70.5332992357566,59.02303984350864,45.04682278053667,27.131489229791804,13.567668271907843,-0.9785481345802032,0.2060183203251708
2024-10-13 21:00:00,-2.0,50.0,22.666666666666668,21.0,4.0,29.0,49.83113518218205,9.74765527193891,5.29261244563899,5.908598900510584,52.194970353523416,55.28028108399806,62.174337425855065,70.08366120398041,79.66943162865596,90.56854239909882,98.31437573713258,75.65299397791824,39.08681185785862,13.768712883511622,8.136758041555144,14.81420854497523,25.203227333962246,37.30259092251593,47.805075859082265,57.1181508748857,62.76167086476902,66.96199038225042,65.75614083814865,61.2096806006445,45.82621646622773,-0.9748595108374124,0.2228204077947995
2024-10-14 21:00:00,-2.0,46.0,87.33333333333333,17.0,10.0,2.0,82.59177519161884,23.92476629350076,2.704921753432262,6.360302759239732,97.99547214687232,97.50565003624574,99.93115812485983,98.42578860194124,98.43049179959658,100.0,100.0,100.0,100.0,100.0,98.75010512892536,90.92749787175453,77.08131044642823,78.86237327856817,81.24874231572056,81.55254121665065,69.6150969219553,40.37954979176469,26.37167957015061,24.782108589229924,35.78831999109507,-0.9708824104813836,0.239556559120927
2024-10-15 21:00:00,1.0,46.0,66.66666666666667,32.0,9.0,24.0,62.7296706624694,10.21307913542057,6.768541220989022,6.399819229771412,68.649093701062,69.56483884096923,71.500317548815,76.1597721745174,80.13507680088408,84.36769568411214,91.98296376030385,97.97752350546612,98.95233212291554,98.7479843631042,86.68635366306661,72.58239062394453,57.78099789397013,40.50731776074484,23.458812761583456,14.369980707330432,9.59041192766774,11.08004845592828,13.894753195476564,18.46177109102007,23.25606430337154,-0.9666180104000972,0.2562218218071163
2024-10-16 21:00:00,-1.0,43.0,67.0,36.0,9.0,31.0,59.85484007345902,8.181250809766214,5.042102027023138,4.718541997428403,66.22395272229798,67.92931615691427,74.24281434023226,82.54795317889283,92.63727373943374,99.8259911070436,100.0,95.9389112120876,77.40278980839858,56.79066041665188,43.51017835437885,33.88459640597004,24.79574632468285,17.623688978770904,11.823691517130912,7.689886313519458,6.783902039689678,7.424792508203673,11.293726214589157,17.05779502813447,26.43664152494768,-0.9620675724981452,0.2728112643340191
2024-10-17 21:00:00,3.0,50.0,3.0,10.0,4.0,27.0,49.83113518218205,11.32466194391468,3.5664533003945214,5.5273116364881005,59.94622306400934,59.08913596045656,65.92956900342307,67.40403069367396,55.2817957153456,37.0417434400872,21.08483696153405,19.783661735097464,30.709394934625728,43.7518698729196,57.98072896269648,62.87509183619695,63.79964147304897,58.565153838950366,50.42928561697507,40.372150821706185,33.79424917081519,26.238713544100428,29.08333881976616,33.15403580655428,41.23196071362597,-0.957232443323312,0.2893199776186952
2024-10-18 21:00:00,3.0,52.0,3.0,3.0,1.0,34.0,52.17862386930955,13.955095199894558,3.3318619868500936,5.50028030840366,60.74251874811261,65.93354690603998,71.38493278428429,61.13235194300928,46.63392355639249,42.3648032239243,40.62927406277049,37.84016922777621,38.05060329422215,41.60096186592366,46.55213960705999,50.28960090557917,51.28515111724041,50.24510443640096,46.15524259378571,40.77579855551724,36.22765488119161,30.653825056680304,28.165326995430952,25.00493475931621,22.836553821529293,-0.9521140536681102,0.3057430764672831
2024-10-19 21:00:00,4.0,60.0,2.333333333333333,5.0,5.0,24.0,49.414380032087365,6.189189162034912,4.075647811062511,7.411556474470372,37.47436763418767,39.58905866338545,39.44307698284686,28.428350681952587,14.383392500767064,6.735633598266853,4.642307856682943,4.592385143981209,4.0388392142061535,3.432051223340568,2.856639968321959,2.7848580640759755,3.3442492557967727,4.575261029410228,9.480938929528666,16.67013756962313,23.456184180855608,32.232232200997,33.32372431180978,33.43652815451084,30.51636401559173,-0.9467139181463862,0.3220757010206104
2024-10-20 21:00:00,6.0,61.0,21.666666666666668,6.0,6.0,22.0,51.50848190095141,23.08747750687408,5.731814137576514,5.618802752492293,45.14484099414016,46.1695429742032,50.18164455584948,54.97188038165709,57.2346638261236,56.95638991839995,64.214416553274,77.09353848731627,85.0813071635164,88.36775228519883,86.5131859429524,87.5168493416069,88.9202312943309,90.57967002300325,90.35173757256966,87.98412180994819,80.96268915691705,70.9193418541322,54.41721892438278,32.6647777929188,22.411853780140778,-0.9410336347451196,0.3383130181923076
2024-10-21 21:00:00,2.0,64.0,40.333333333333336,10.0,7.0,28.0,53.95286976616358,14.644762116676846,5.318502021154402,5.48802434351083,52.32703912435769,55.60304515087113,62.12156104603088,69.5057374042962,77.69378260224448,83.49477936660638,81.79210900948085,69.60318809084981,48.45726825664127,28.99111025903847,14.88572485546175,10.084623819064191,8.044473422215793,10.596248085511132,15.30002381361456,21.848249507075845,27.94615926204637,34.8788847921046,38.59081244567421,41.67881283879156,39.63989760001337,-0.9350748843515574,0.3544502230989869
2024-10-22 21:00:00,1.0,60.0,21.33333333333333,4.0,5.0,18.0,53.37045277273991,19.447824486705752,4.445417719526967,6.118894710043368,60.00322466898236,65.53653046631887,72.95863725188129,79.37899853579506,79.4729217559682,68.86769566751512,52.90807899963419,44.508685904748326,41.737864802318846,42.57615057532253,46.04457079873034,50.04177785269639,52.749763384349976,53.22481059259899,51.497739661766026,47.90346118155896,46.63950540155394,44.900568326833714,47.49046328687437,50.49509435816893,56.153136986286654,-0.9288394302558068,0.3704825404820963
2024-10-23 21:00:00,0.0,66.0,18.0,17.0,11.0,18.0,56.29924377769591,10.740314833282818,5.961452983510571,6.605557028740897,48.342848694191936,49.34217594889389,50.455331896343736,40.7241793079873,27.807846347604443,24.860177347283305,26.18789784176716,29.1637844624394,29.7238641313842,26.05739195849804,18.23423595692749,12.76275045753793,8.919949582430926,8.522741395849632,8.670125290983965,9.595727053115649,10.81147610110931,12.258868261673362,13.510586704975184,14.757442338897231,16.162028416313206,-0.9223291176290545,0.3864052261209853
2024-10-24 21:00:00,-1.0,53.0,46.333333333333336,21.0,8.0,35.0,52.3295909554753,15.03054316453835,4.252981415994953,4.99411891946698,72.45975341773597,77.17811243859532,84.77068153273565,80.22906746895252,84.1913028824176,91.54819158647,96.06280387435058,99.06575273389312,100.0,99.75235120466522,91.52684403417886,54.88522297992549,20.59441106640761,6.558265847084144,0.4726127181593172,2.3123486505864355,3.2485826223079544,4.037150151527254,3.5797291913196583,2.6147166928779457,2.003575516791981,-0.9155458729775467,0.4022135682368036
2024-10-25 21:00:00,1.0,49.0,6.666666666666667,14.0,4.0,34.0,43.95860445689687,7.8837059733073405,3.6943608670511767,5.273610750628876,39.07873795417738,41.74308349589443,46.60294005044776,51.94516706578521,50.815826077813206,38.178694872377626,25.9371068777205,22.857305571375026,24.019779283403413,25.111883162278048,23.2264418009674,17.540893979029665,12.227541925638691,9.837733924907509,14.248020047860209,23.687910824372825,32.18293337536301,41.87415558158848,43.6997130243072,43.082572581548064,39.8587673924701,-0.9084917035725082,0.4179028888867866
2024-10-26 21:00:00,4.0,48.0,49.0,25.0,9.0,28.0,58.17824393611488,10.060153998993496,6.573609246761579,6.8310985272943086,59.84994741030678,61.291796300630985,68.42301492491725,76.26045649567274,85.3173731436097,91.76108589464032,97.60558736988604,99.3846794765768,96.2042282406058,89.60010198008517,81.96709642516504,77.99644231249604,75.79962903651679,71.16733423840384,64.61409500377584,55.41933387319046,47.933417789710255,40.94114575828085,34.272382804751885,25.39436345695384,15.198675694244116,-0.9011686968561567,0.4334685453485363
2024-10-27 21:00:00,-14.0,39.0,33.333333333333336,29.0,8.0,27.0,38.80348464334315,4.7786901507158746,8.759628965299669,4.343853689600979,46.63981428805859,50.18477816624431,54.77327861218907,58.91504280659626,63.14043740301184,67.45486557599058,70.2016899495751,71.29932720940974,70.75745936091096,69.70250369465906,68.46271421367331,69.35971842059567,68.54077293098229,64.85885028372928,53.9978789299396,38.59661646513037,25.199232208137413,11.127548188134522,7.917696679494962,3.540095118102391,9.371671910119908,-0.8935790198239952,0.4489059314938798
2024-10-28 21:00:00,-1.0,40.0,14.0,10.0,7.0,31.0,40.689449120969705,4.331851511637592,7.695556707585276,4.031017832927303,39.904342774760025,44.39200392971328,49.99128411741984,56.31083540766784,61.50493307541085,63.44679485419049,66.5543632644745,76.872630692187,82.91326635755422,69.99122870261918,49.91036433384533,32.5251856219061,25.60392928731241,25.948712579950715,25.464847379137066,24.07810949367109,18.227105963969567,11.319572350331647,8.630222119594034,3.883021700176773,3.490962464213037,-0.8857249183835637,0.4642104791518923
2024-10-29 21:00:00,2.0,42.0,14.0,4.0,3.0,16.0,41.025581101341885,6.105768701820311,3.4271654325086742,5.498113719612169,36.49121778914982,40.739503891073056,45.82113345935733,52.74276731055847,62.210370336452,70.96493979155656,74.95554362528783,67.56670400995405,37.59197152489689,18.117740506599738,9.38613677465385,18.27245851825398,23.50889683631204,26.995657994143457,20.39007382864412,12.120234402447066,7.149703947568622,1.345831347345135,4.006743374914799,8.380842272039617,19.369882296536822,-0.8776087166898392,0.4793776594606945
2024-10-30 21:00:00,0.0,51.0,89.66666666666667,8.0,9.0,18.0,82.93855767897502,26.70961864874396,2.5262173620595694,6.525088421967176,97.59599893455828,100.0,99.79824518932114,99.74377850774056,97.76965166563237,91.33194596179924,87.83635215544112,83.78930559629352,78.98595236122912,75.52948934699867,73.6478299218298,67.55707965163477,59.95395056990286,50.615874020775976,46.83201086386185,45.802307103689685,51.44979018727848,59.68611284996455,68.10332604215242,77.77765247396859,78.68440065342706,-0.8692328164574792,0.4944029842076181
2024-10-31 21:00:00,-1.0,66.0,43.333333333333336,6.0,6.0,22.0,67.66016472401645,22.57722892203419,6.341306676547299,4.943966146952495,66.51886641262823,66.50296197457827,69.13962376427241,72.16230581436145,76.37513185139039,82.77619485876205,84.25514468994862,80.60977251567049,73.13740330552622,64.16177264302956,54.90856925162565,45.89768453436098,36.34917025588447,28.09605690767785,20.051662174265587,13.040919095146048,7.684994593676743,2.7781110538946887,2.27645062086383,3.5676230816444483,8.417859128221544,-0.8605996962501181,0.5092820071573356
2024-11-01 21:00:00,-1.0,60.0,42.0,24.0,11.0,29.0,57.60383842232024,16.186552226830578,6.073801752579862,4.033404505371199,65.75165947970827,66.74813534260969,73.14927515104814,81.98641498359241,90.62489944529844,97.31445686991144,99.32716070525812,99.7920720559806,98.450383159652,95.54350374941328,85.71437874189392,75.64275453586421,64.08702925532994,53.79932400240687,43.19761643540813,32.28554974596356,22.85423837884383,13.88717978214496,11.508576131528898,11.978318357340155,15.436080660698329,-0.8517119107469189,0.5240103253675756
2024-11-02 21:00:00,0.0,39.0,26.33333333333333,13.0,6.0,33.0,50.16341313821736,7.441501092059476,3.9645366327439575,5.397486151477303,54.77621383036547,60.80016682051375,68.11623413657674,77.27249936957799,87.73473170899597,97.22820195330388,91.90638585820146,57.42468382737825,34.753550230055886,22.694612003838994,17.215771191155266,21.44598692247925,28.74916742285475,40.0068360327283,48.72837002446031,57.33522519964718,57.33881578238383,56.72749600686085,55.41247158695275,53.16282631197603,51.907207231658006,-0.8425720899866032,0.5385835804920232
2024-11-03 21:00:00,-1.0,39.0,10.333333333333334,9.0,5.0,32.0,42.30522044143735,7.726177055391645,5.4770303740269055,4.809813497666098,51.465881136252975,57.141781993983386,64.99418451700666,74.0576809690512,79.27296615724356,70.3701530489954,54.97952778056994,49.77362784829566,56.35618598714648,63.24351272673033,68.96127257172473,69.37530302303698,66.60230209078266,61.12555343399999,58.006628271811145,55.07245137853523,57.87677825276232,61.571114675428426,64.745258410523,67.55225620509573,62.42325538912906,-0.8331829385891785,0.5529974600700271
2024-11-04 21:00:00,0.0,41.0,73.33333333333333,7.0,3.0,20.0,50.47986970636548,7.700825926496422,3.10045742494248,4.30882928972657,54.81103179527612,60.82216776518064,68.0854171585388,75.45953057480888,75.81515581420706,67.7355124573247,57.1035121280896,47.67212905781981,40.68685909047143,35.35507262704829,29.61363120872748,22.053785264040325,16.22569192969573,11.078905473973236,10.802324300754044,11.276723461970446,19.325175449182726,29.76998976503824,48.25652364515605,68.48856184524938,79.33590634037057,-0.8235472349556007,0.5672476988027229
2024-11-05 21:00:00,-2.0,52.0,78.0,8.0,8.0,20.0,79.93203780980954,32.579564018289894,2.797783302571616,5.93795973902024,94.38936232238264,96.00499664346933,94.66590103768311,91.9793892087406,92.5962943449288,95.87181074398752,97.06601517855076,96.59839631446752,95.65928751826972,95.27630320837426,96.70938083095253,98.26447794875595,98.99862286613433,96.50010770270512,89.49275919048884,78.17845611342862,72.32101379761427,67.83809979796519,65.04149328418329,61.2439367935466,57.48343993167925,-0.8136678304455991,0.5813300798152042
2024-11-06 21:00:00,3.0,63.0,77.66666666666667,10.0,10.0,27.0,69.83810002631913,20.30670931721945,5.631226504621952,5.923737637077131,77.98161812345371,77.20569127485216,77.88805606874007,83.31073615352996,88.68194077437795,93.24597019432478,93.41584181108502,82.37752609508313,64.5534100666315,45.449548580032726,33.959252467001726,23.95787668741141,14.887457449695676,10.48562133285115,6.758384846212354,5.323989634249739,4.313623874434151,3.500150000929577,2.8798800387380568,2.165026262098301,2.9569794949277504,-0.8035476485339116,0.5952404359043674
2024-11-07 21:00:00,3.0,45.0,65.33333333333333,22.0,7.0,31.0,55.45602520339432,8.296983019087307,5.72977531664869,4.740129598717808,64.05785396081846,66.05785867064094,72.87327852334371,79.26620798422526,84.00884165588351,89.27211172737155,95.59285008584108,98.78415957706072,96.8806233916086,85.61135548641731,58.4883178733794,42.73497503415892,31.810485882749163,28.18413084049548,24.45212295739192,20.571189789213523,18.01577680144282,16.010325965339533,17.02929110133106,19.183188959410742,26.224187363955423,-0.7931896839451843,0.6089746507720486
2024-11-08 21:00:00,-2.0,45.0,73.0,13.0,10.0,26.0,65.15355752540944,9.479440280130088,7.1179014105802585,5.2067331430760895,69.86760892151011,70.12932654371374,70.96372784408443,73.2732667061887,75.52660792194071,79.12812158454219,82.56016409127832,83.80205908284036,76.41843515737317,57.78195817977295,56.10043231525472,62.20842553207354,75.25157092535811,74.90464713977487,67.70807868496426,45.82388388056437,26.132509293405576,14.454047525341842,7.67607506673747,4.184959489067555,2.4260660364556457,-0.7825970017677834,0.6225286602431057
2024-11-09 21:00:00,-1.0,36.0,29.33333333333333,26.0,10.0,33.0,43.65830668673751,3.849469018213474,4.740244910975076,3.6345887930499656,44.24766776876152,46.12361600900576,50.755299038431815,56.44633905225629,62.94245036158711,64.50066732499187,53.59930429212788,40.63363672268876,31.624782035415542,24.49681183554074,17.986564050512236,12.585958850039006,8.603793334774206,6.51747950921895,6.848526486005661,8.30044789638161,13.568129008281463,20.531518660104904,31.33131231525276,44.97261346535413,51.630027691647854,-0.7717727365467837,0.6358984534680745
2024-11-10 21:00:00,4.0,44.0,16.666666666666668,4.0,5.0,24.0,43.138125246217896,6.966632750597444,3.3630316420384663,5.607559107252292,37.0477398156572,34.56396038812651,35.41531138093562,34.346578529084645,25.51189572380884,15.083334227458542,9.251568303393949,9.414436141622945,13.253894821335908,19.53028130736393,27.713494625942907,33.69891679841948,38.04843616541327,37.18216366133483,35.080310502238184,31.48851293708396,30.661337867259324,30.925340164761188,37.343907848055615,47.30728874836732,55.73664465168466,-0.7607200913564104,0.6490800741100398
2024-11-11 21:00:00,-1.0,49.0,71.0,8.0,7.0,21.0,82.80105149886512,17.787848339348667,6.18385935996953,5.788243661728327,77.32183034216048,78.40187154830863,76.49170618333989,79.74819774951135,84.40968438969814,89.79970048467847,93.23007699567528,94.2872948375106,92.91027943507754,88.94342739946848,84.70458617592955,78.52979973200743,68.31899673237942,56.73318415061417,44.29974112518648,34.71219964689001,27.72603596430117,25.05088093485208,24.128919005327777,24.97866210139679,26.567991647340428,-0.7494423368521953,0.6620696215153815
2024-11-12 21:00:00,1.0,37.0,83.33333333333333,34.0,14.0,33.0,64.13009910072918,8.464009979811921,4.4551470876659405,6.030563117165426,70.77065900298078,72.63554342599163,79.0415332504825,86.85903706422191,95.22513494664932,99.59542538172896,96.9493940929254,85.85846305549877,76.31194762462776,69.93037065443187,66.82449368487417,64.92022700691837,62.95321284609224,61.60469112789743,61.30305254073819,61.65602605749929,61.14457930066652,58.78978023691322,52.51928562576307,42.20888178013944,33.828283807082585,-0.7379428103031386,0.6748632518680403
2024-11-13 21:00:00,-2.0,32.0,5.0,15.0,10.0,35.0,41.11836991610343,3.358439987194271,1.2655483213622132,5.660906853449022,58.09495112046654,62.14045289764716,67.34922558964166,64.80729039767218,49.34311889029416,26.449809552698326,9.981925694602293,3.808569803614205,3.037628188822376,2.6351847762610627,2.596257131253784,3.272824833320186,5.779732862856013,9.504234108909497,15.222467619157488,21.887600591004187,25.994524565827444,30.7002049446346,29.68101835084066,27.47830381180308,22.839249295863244,-0.7262249146041543,0.6874571793269664
2024-11-14 21:00:00,-4.0,35.0,3.6666666666666665,7.0,8.0,35.0,38.12081650576832,5.54652602004041,1.0622941622926476,6.668271493282657,48.31707546979126,49.24598736085533,48.52919065602239,41.8532442094474,26.42290483642988,10.886087416998553,5.183488585832883,6.792832480805609,14.614953519368171,23.38239027073284,32.04514351826705,36.90460622419587,39.199982989631486,38.627295582961175,36.37150196399672,33.15598503757744,30.663264804239788,26.796964171146698,24.03492766610174,20.03457436738042,19.048686041098826,-0.7142921172691032,0.699847677146407
2024-11-15 21:00:00,0.0,38.0,88.66666666666667,12.0,12.0,34.0,82.01542558809471,20.20969492770641,2.3093131354146483,5.8233331969107285,93.80307860401902,95.17066076704091,99.0493391703058,98.93598591604196,97.79993416516668,97.18990277659668,98.28608623070998,98.80796110915216,99.09000932191368,99.34283695311598,98.59030977124723,97.99408546070944,95.4494413557539,90.6987895647074,83.19667721336155,72.00544137826058,67.2985482575252,66.49713044475695,60.64141306762735,49.78497049817961,34.30101714640168,-0.7021479494046978,0.7120310787787131
2025-03-02 21:00:00,-2.0,15.0,66.0,42.0,11.0,29.0,46.179180102254776,2.223153490103919,4.115944530112182,4.907038473527175,69.00321642402847,70.3053812806012,77.37187543329956,86.46824015412756,97.16264351192132,99.22242321676632,98.45034043140892,74.15402732469725,41.42006028327286,17.234946344311197,13.904211095532323,13.563478773934529,14.6325525827786,15.9243365582084,17.399736100791852,18.89387209906549,20.19727122329753,21.338775607028875,22.173437844081263,22.56809611178517,20.63567953539113,0.8670985522812081,0.4981366284784055
2025-03-03 21:00:00,2.0,16.0,38.333333333333336,37.0,6.0,30.0,44.21307689580651,2.2654923374612688,3.4272855395937074,5.965090790744182,67.67570568400419,72.184193894295,80.97046366418154,91.15560078477976,99.3210297957917,99.29511488240055,97.5648551969616,53.15741658448797,24.095392589030425,10.825013454019402,10.105086626526417,11.171668730196778,12.081638024487267,12.230141387420227,11.448349159745105,10.382761123872328,9.2454670062723,8.351767028549366,7.2155099451351,3.661386024662285,2.667631003091611,0.8755389928586302,0.4831474640149687
2025-03-04 21:00:00,7.0,33.0,73.66666666666667,24.0,8.0,22.0,55.99069532699126,10.411123075947245,4.424092008012029,5.429960461903391,78.20215295366964,81.12034454060218,86.77553295730472,92.5542307004528,95.57106008598028,97.06404689219976,95.22303554298485,94.17751676253988,93.72259803653088,92.99866126007304,92.79634805176894,93.43915067749658,92.72910287903012,91.28461093563271,89.25591404884145,84.86695669290054,81.03573134262531,76.71619062414156,75.05485526231753,72.5702337805655,74.86442557140687,0.8837203473619977,0.4680153284438345
2025-03-05 21:00:00,2.0,39.0,91.0,6.0,6.0,14.0,82.08895972951541,19.57558701827909,3.15364296853566,4.723523918776021,99.29423014484566,99.6212030300046,100.0,96.63417951724271,99.7357965277616,100.0,99.47947699468968,99.77631418771809,99.35772878667154,99.88943139830646,99.58545346054758,99.53384185174173,99.69590923513732,99.69745835147704,99.74283537322336,99.81078824939736,98.12026740815418,95.0066023969664,94.33124575995116,93.1427223455386,89.60209234157497,0.8916401947968874,0.452744699607371
2025-03-06 21:00:00,-3.0,46.0,91.33333333333331,8.0,8.0,16.0,85.84162745888159,21.3409278025007,4.216085338581378,6.166556884535565,99.03014478358484,98.73343473715384,99.33997672635158,98.28568780553076,98.90852888668414,89.12839475518679,58.50573456154632,39.40583373030432,38.60107230023719,46.967811896719496,58.45153688851962,71.52155731502393,86.26126963142737,95.70626929613653,99.55415633528276,99.02187627666508,99.3114852106726,100.0,100.0,98.91804595516687,95.23556605810488,0.8992961915530253,0.4373400963303323
2025-03-07 21:00:00,0.0,24.0,89.66666666666667,32.0,14.0,28.0,65.18128364341807,8.133421009941605,2.150955059117356,5.545196537302065,75.30769217042864,75.20349911724016,75.99868275020316,81.58225909914769,89.64992840218437,88.03636257356919,84.02945599412884,87.14982699020666,94.70632451629272,98.96218632202222,98.02916049179584,92.6102002384376,86.14756371004866,84.49262935672422,87.53277801102307,90.48689300927909,92.4264459163785,92.08167779525893,91.88988140815448,93.24657293901252,87.98287885917753,0.9066860720977984,0.4218060770826634
2025-03-08 21:00:00,0.0,20.0,84.66666666666667,40.0,13.0,27.0,49.257151454343926,5.547195805043287,3.028067788791444,3.651122713855644,69.60253817179077,69.68564617766758,70.99750224798632,77.06874102438218,83.80715693124723,90.03277119691133,88.60797297842731,80.97545855981723,80.1454603389727,80.28800397615862,81.7340776648108,82.53949559344139,83.82035893283661,83.9602642472755,83.08947465890694,80.70965195246626,77.9717289446994,75.14635868074384,71.88105701439707,69.3098143000034,65.778112194471,0.9138076496466616,0.4061472386305788
2025-03-09 21:00:00,-2.0,28.0,38.333333333333336,41.0,9.0,28.0,46.27188587636652,4.507841516857081,6.620106652555601,5.608314022435181,66.18883303815352,66.63248895548594,71.94114217567468,79.92005198186128,89.53141211477475,98.03885379893757,100.0,99.72692485734936,94.57287849430492,78.02209240728978,66.22215108826839,61.573487446644606,63.09833658382978,64.74789847950466,66.52492257046147,66.11522119046288,61.73595206052709,52.801467728391984,37.02440361926393,16.432575216864862,1.730004538090704,0.9206588168102428,0.3903682146763026
2025-03-10 21:00:00,-1.0,30.0,52.333333333333336,29.0,4.0,28.0,48.70998721974842,4.495045340136198,5.318168780312678,6.724567337208268,61.4943666984657,62.87580965915453,68.84150326110579,76.17724225410358,83.04292624830015,90.13823558281884,97.3631458988944,99.40819714895387,89.63351338534852,72.37097101537007,64.39915548685691,61.76578057444024,58.7865359737829,48.82389830733288,40.54572419724054,32.786140087748734,30.75109628260117,31.48563869234581,34.408907538505495,38.55901167113151,38.10328912024117,0.9272375462179536,0.374473674486883
2025-03-11 21:00:00,1.0,44.0,71.66666666666667,20.0,12.0,18.0,59.99357507201959,14.765852573494218,4.911201970211859,7.780578907521141,72.89037918832058,73.3422821568326,73.89794179542014,73.89387017668774,73.1022860114267,75.96474071692859,77.28987812791468,74.86093119161711,73.03409381777762,76.75585978889707,79.01887823549455,78.41274808005937,73.24801046425625,67.2301590652426,61.17687366567331,62.31007089731716,66.29669984043797,76.38136473675628,84.72653894375179,91.51239932096614,91.51118908618162,0.9335418911179212,0.3584683215124808
2025-03-12 21:00:00,-1.0,25.0,28.666666666666668,33.0,7.0,33.0,38.109531957535786,2.824486986804226,2.7863653066057985,7.060838557598835,61.97146586881406,66.42957496020735,74.89365990553064,84.2465798898527,94.46042148767172,85.48626261133384,32.76280661405228,13.51751975050739,9.966667897856004,11.619631769167356,14.963439845544729,16.8305593344614,18.567781829384785,19.327678003920845,20.803050541311062,22.614695251624497,24.5857367506494,26.473091975899,27.707119648216285,28.453973482838705,32.95331699155565,0.9395699859530622,0.342356891994542
2025-03-13 21:00:00,10.0,33.0,51.66666666666666,33.0,6.0,18.0,45.09024142320008,6.090978273205633,5.193910626401936,5.493578887293791,73.06409721460766,78.90177852864714,87.77550399443453,86.54782255465364,75.89714853629307,65.75174794545158,63.27106029306899,64.58910081187861,66.86765480809207,70.85940916496477,76.12588262228009,81.09402095618353,84.31233860245268,83.4232995302948,74.23537746957751,59.62811371648316,43.70780402522284,25.53796081918472,19.07212115499201,12.61000425819924,20.93027584783961,0.945320046913132,0.3261441535642696
2025-03-14 21:00:00,3.0,45.0,41.66666666666666,15.0,6.0,21.0,53.24146855996227,11.33705208531025,4.858120094852624,6.806370476728365,72.41240477146033,73.50872441223206,74.48995101517171,68.26190298709457,57.12330742548293,49.65888324323029,39.798760940362605,38.677115742536536,47.57063109995163,59.50324057373915,71.88627536866649,75.61370789145175,76.18490226460113,73.5050093568202,70.13475842955378,66.70430241035655,66.08444151295784,65.9191154863082,69.62056369014768,73.46532758044496,70.67901127503619,0.9507903724625832,0.3098349038318025
2025-03-15 21:00:00,3.0,49.0,52.66666666666666,12.0,9.0,19.0,63.121017153336666,11.766386160421035,4.0378371991306645,6.688198663979329,75.68689123386343,78.15788629845429,81.90722106746176,70.38982005918271,55.138273808337246,47.35109326209608,43.28747599060952,40.73825448849345,38.16440879509968,35.07446577866672,31.245527351766256,27.461128050826723,23.33627160809301,20.03106674965118,18.28062910525012,18.14895511391516,20.678716820155245,24.894705340830512,23.85309573305876,20.913451036257737,16.445786577024567,0.9559793438440766,0.2934339689665273
2025-03-16 21:00:00,-3.0,54.0,87.0,15.0,12.0,19.0,77.13499337887522,17.396941803071055,3.608274844640683,7.196767594007578,88.34678490943563,92.1862866990149,98.50435894622298,99.30359095298404,92.56088989365408,75.28186942620336,60.55235543078844,48.6222279895844,37.45463452560315,28.082820280715097,21.846998661510305,19.40841933750741,17.9715859577524,17.907290588435906,18.38883683092696,19.56794834753257,23.72038086333701,29.86886329549804,40.54344447862084,55.7857177718766,65.15312133897405,0.9608854255574976,0.2769462022689364
2025-03-17 21:00:00,-5.0,50.0,89.66666666666667,8.0,6.0,24.0,82.87000375082447,20.053923600895992,4.350436954138759,4.757878082698498,84.33274638893127,86.65031006257706,88.49984904728416,84.80608403877152,90.9604439292455,99.6236218411078,100.0,99.62025899636818,99.28187198291776,99.70348108581716,100.0,99.80657987482344,98.22252137450003,94.09999423827054,78.21288312831624,47.36112702376703,25.34801080876294,9.395638580204782,17.26499775501471,35.165255010192105,59.70634778290847,0.9655071658143364,0.2603764827344581
2025-03-18 21:00:00,-1.0,39.0,77.33333333333333,22.0,5.0,35.0,52.32021187855719,9.516448797331508,3.2656685438539554,7.175949909760435,84.06489097287896,88.32138437070253,97.73762447364928,98.42446320187112,62.12918488755894,17.963016999211973,10.266229463410792,15.640969883504678,28.780267659654417,44.584097001039794,55.09448014894199,60.83738042727986,64.95387202226436,68.51950829717734,71.99950620307362,75.403195690131,73.16661210634621,65.9076606508106,55.81879801484444,40.192326444791945,30.12005582459319,0.969843196967294,0.2437297136096838
2025-03-19 21:00:00,2.0,47.0,17.333333333333332,27.0,6.0,12.0,45.47257831386288,13.246679137148485,2.6581051166660408,6.640099178173002,80.42481202550069,86.32063952158957,95.83378541308036,97.13396230252798,73.74316440542978,56.33721821478446,46.56326511307156,46.851899266472365,50.6134179926276,52.48521321359792,51.01300719009294,45.59288910698022,40.8457970587854,37.48412224640878,35.22494970808344,33.30794831221065,34.7701666480267,37.59229881296023,44.47004295315858,54.04421644659568,59.703073824824,0.9738922359149924,0.2270108209414184
2025-03-20 21:00:00,-6.0,50.0,76.66666666666667,20.0,10.0,17.0,65.77346788533985,13.231655209260833,1.8146360401943684,6.850079537182079,100.0,99.7728640075034,100.0,100.0,99.75086004970524,70.43842816877333,42.671948088492776,31.156081026339088,26.311379058921624,23.51129454650234,18.77270185015509,14.9522420751377,12.01017373659807,14.338745038721248,18.462969266794723,25.207892641898344,31.069732575171454,36.88124762612412,40.37375207791921,42.712806116108304,39.65076803597178,0.977653084481664,0.2102247521189836
2025-03-21 21:00:00,-7.0,40.0,87.0,15.0,9.0,34.0,75.85687836283107,19.88147490134161,4.754842303408365,6.761433518821881,98.67658029443324,98.77319538543,98.80674990627452,96.919321646714,97.08679497189142,98.5497967980976,100.0,99.47019785593054,97.57834651408156,95.57748709837873,95.25858973823988,96.38767568676184,99.36745552530267,99.7903064462982,100.0,96.90612456478384,93.1287311741924,91.47155398885664,90.64129011118676,92.41269948390672,87.49469661681287,0.981124629771712,0.1933764744102058
2025-03-22 21:00:00,2.0,50.0,14.333333333333334,40.0,8.0,21.0,42.35132596651805,9.20923293551869,6.570144962484307,6.733408337203768,66.05429682236982,68.74860464217588,68.08579024992395,73.57902907711149,74.20329357745075,60.98126199781778,51.53442503679872,45.03864401059067,38.689197208712926,30.60204370946642,23.18748836958944,17.928542512749708,16.206180474743714,19.60209040689088,25.53105841941705,35.47563857224186,45.920970991669925,55.68621034922363,60.12815308606923,58.6620463716087,55.01731693661066,0.984305844499033,0.1764709734915216
2025-03-23 21:00:00,2.0,29.0,44.333333333333336,47.0,12.0,32.0,38.80756873435911,2.937768303275906,2.555214809488178,6.803492425751635,47.08896870461015,48.712710305729054,54.54215020945965,61.62828188352537,70.0969855545638,79.70854873378389,90.42914911918658,88.52136625017803,55.31865099737242,20.40425443744962,5.797231051231548,4.1762064520966815,5.317047368663914,7.983728432432565,10.81790444891097,13.902415627227128,16.87880195152783,20.05029110890796,22.788274403855286,25.826774176925543,29.271865655454715,0.9871957872910084,0.1595132519726365
2025-03-24 21:00:00,-4.0,32.0,86.0,17.0,9.0,15.0,63.4700564428198,11.927363882023812,3.0683936493490416,5.557757937899492,90.5601200289199,93.24480075594316,97.08765203275463,97.76358244860047,97.4658758876128,94.23417846967364,95.51487768769913,94.85360642093356,93.90076867963604,93.29288744073165,92.60314254529727,92.27627010286554,91.35453230707316,91.02733397336269,90.53124237619691,90.17206481847458,89.06528495441778,88.06813502229687,87.06461769775264,84.55765852486277,83.5868080699809,0.9897936029670716,0.1425083279161708
2025-03-25 21:00:00,-3.0,42.0,64.66666666666667,15.0,5.0,23.0,62.199324616273074,9.177286935539708,7.37561210289379,5.50224144382517,79.40179204630044,80.01635663981943,85.91690248679483,91.02425020620512,85.8274258504022,78.33047622511393,79.64232725635495,83.20891506737438,83.51772930070544,79.2661458364676,79.63834503809406,80.37327339155837,81.85290077398575,83.51571683773177,83.50270277454814,81.24061884364221,76.91849806785488,69.58728045974993,63.29507345662744,53.75537930306415,48.11433881812503,0.992098522791769,0.1254612333527364
2025-03-26 21:00:00,4.0,42.0,61.66666666666666,27.0,3.0,20.0,55.01029639594,8.333350475696676,7.917700481530059,6.348243793214606,72.32136750999744,73.80452245557326,81.08740922161756,87.24283717674697,90.78402541107278,86.26739307380402,83.20482692438266,83.39066815515889,83.86481571357174,84.05352226308237,83.07828881034091,82.22499102116517,81.18477413931102,85.26959115503293,86.99784779777694,82.8339890117788,71.81468440967956,54.49286878903909,37.440730890406506,15.887484335587516,15.944123656391463,0.9941098647022418,0.108377012791876
2025-03-27 21:00:00,1.0,39.0,72.66666666666667,36.0,7.0,31.0,54.55904636382432,6.828201386900921,8.20243699274627,6.502094622940694,61.34908689866503,62.87300826295269,69.19861726875571,77.17791744398338,85.5657224260972,87.26034381624712,85.81879562321787,86.3422128497748,87.12781877545204,87.18570766662063,93.34801374919228,84.64189327308675,68.96414389088407,50.05989120086024,36.92634239140533,31.883873281107743,29.77921913717743,29.50851708464502,29.55096146098449,29.3937007480476,36.99039277494667,0.9958270335100596,0.0912607217293118
2025-03-28 21:00:00,9.0,37.0,60.66666666666666,51.0,10.0,29.0,43.82585430713329,3.794476684862119,6.175581581612125,4.562133407853861,54.18406486988422,56.780936385125045,63.45555085771287,71.1616720856794,79.091561861389,86.55989101189496,97.49443638511156,99.83960392010992,92.50276035392848,71.0398777818677,34.973272912858924,21.29945883676785,13.658867690453585,14.47175036342711,14.376544678807432,12.937149452045697,11.129951198166136,8.503774312051872,7.541899017562247,3.6503562926438833,2.6871343881004504,0.9972495210773452,0.0741174251509443
2025-03-29 21:00:00,2.0,30.0,79.33333333333333,34.0,5.0,34.0,37.25784426635197,5.455348254627671,2.705998560408872,4.688273513895084,39.74817461380663,43.09989613313828,48.74227212798876,51.74104645879066,41.50136732395794,21.981236542346565,6.842974037664424,4.511451912503722,2.164487531295004,2.050414190141736,4.861377100834583,25.40285512881085,46.61888013541732,68.3189505541716,78.48234618892448,83.79974058090839,85.84621906979231,87.6340519456651,90.96765973181068,93.6376108729832,86.3379565065602,0.998376906467142,0.0569521960340397
2025-03-30 21:00:00,-12.0,36.0,79.33333333333333,29.0,3.0,16.0,38.29213059146988,13.403161723244876,2.2607570528504985,3.890302566164592,55.67845939278239,62.01436835665666,69.91955522430732,76.84031561159561,80.7243277009697,88.59472964460089,94.84713922172229,96.38635625962507,96.50098544107487,96.5781339897502,96.71425861039884,97.64681929602747,98.14505321736064,98.73835577364156,98.00350196693994,96.52636675287314,96.01781251678445,94.17074153038564,94.68257316731884,93.26073284353085,89.02046731445087,0.9992088560679752,0.0397701138460557
2025-03-31 21:00:00,4.0,49.0,88.0,11.0,10.0,20.0,82.80105149886512,23.43729971592624,3.9171336424620673,6.128075570882273,92.3879272327071,92.24805558259368,96.52393566139634,87.07723432759748,81.55900230759102,84.77401398701568,89.04919500203313,88.61061068216083,83.37807417548892,79.64546167533801,83.99323297799853,87.76939941768978,89.04898932427363,73.25420773195135,54.57657743760427,39.7813626295415,36.21157046330843,49.79467702561383,56.08014254620712,55.925847524312,37.634529610830384,0.9997451236925734,0.0225762630415454
2025-04-01 21:00:00,0.0,38.0,54.333333333333336,56.0,11.0,31.0,40.35145059622901,4.1087908828222455,3.0306259130508746,6.156602721468654,54.11008787615611,54.844461542924094,59.29272902979393,65.76333652667536,73.68551850104511,83.2567659567851,94.47825327834536,98.25727746439394,72.3689964372743,30.27246845745092,6.719500231474404,1.6368867403778828,1.7562295777924164,3.302491561607266,4.288845577580219,4.726410926308452,5.192893714201667,5.710878509846315,6.101054401061669,6.479429907709056,7.424376760347521,0.9999855506507186,0.0053757315575838
2025-04-02 21:00:00,2.0,35.0,19.0,47.0,5.0,31.0,25.37637807169157,3.638296789149131,3.107128441718316,4.3998307305250535,38.36149773956177,42.63672031803993,47.75652293270172,52.088938882251725,55.22632511004974,42.91940897611861,22.652099357709,13.81178823840566,12.218975795756144,10.739331711235623,9.791554945864087,10.274997619776908,12.995633964872502,16.965329609530464,24.99112042412512,34.3115758435831,43.97826470819802,55.05078639612479,58.36297344003052,60.25952289302347,53.65386537446186,0.9999300657962056,-0.0118263906918325
2025-04-03 21:00:00,-3.0,36.0,86.66666666666667,11.0,10.0,15.0,78.61248334703966,18.17699097962055,0.8600111416444988,5.74175112582454,96.42134164611116,98.97026492757448,100.0,100.0,99.50377883163728,98.4190793883497,96.45652799811548,92.43994093506652,84.76588135488574,76.5912600613309,71.90954464679766,61.93082034657995,49.578710452049016,37.10358789676625,28.145427685380938,24.587524076501435,23.23817551628384,23.10993707831438,22.475973241577965,20.93831976153953,27.04278376180797,0.9995786855478958,-0.0290250133219752
2025-04-04 21:00:00,0.0,43.0,67.33333333333333,47.0,11.0,31.0,55.15948337701468,7.793446097202045,4.17225782260066,6.194986830731198,60.069492565084616,62.42625980741212,68.34482831696705,75.86492883612819,84.652797073239,94.59851266513483,99.48992451501448,99.57913775038232,90.77384935069352,76.95173622760979,60.92812670045706,50.99017737204245,43.52441628711152,38.49457212412928,34.47203133269872,30.525669086945445,25.87632530443169,19.57997886279595,13.593657154828891,5.292823141567236,2.143405076926451,0.9989315138848576,-0.0462150469837083
2025-04-05 21:00:00,3.0,41.0,83.33333333333333,26.0,8.0,16.0,54.86049593887006,14.40534223765204,4.148724048670923,3.064729270890791,73.65146124250069,80.15189665597177,89.55824959288408,98.4416270937887,91.21452212212948,57.14789217553084,35.46231368621865,47.01988918446421,57.89824593343626,67.71272318479508,75.65752119977753,86.79122940865398,94.58379673871228,98.0259500208518,98.50485259791056,97.57605361556398,98.59444157229092,99.47171829057952,99.50666103148966,99.30839439022844,85.40962202199297,0.9979887423155984,-0.0633914048695103
2025-04-06 21:00:00,1.0,46.0,68.0,44.0,9.0,29.0,51.26074331474755,9.111166851865152,4.114876998939455,4.092425648783743,71.28154335650578,71.44483175723991,75.96084790233421,81.89768494821493,87.69499770312096,94.94657588486103,98.56777242756957,98.19561370574542,96.40789218701204,88.67995264155161,48.156520054102245,21.22933271271522,5.422105153495255,1.8527448639437307,0.1994556183852323,2.3235333197463204,7.339734689944152,16.1111410479571,26.850917134300527,41.379608748328565,45.94790794602962,0.9967506498213928,-0.0805490042187416
2025-04-07 21:00:00,8.0,40.0,54.66666666666666,46.0,3.0,35.0,37.32145578338928,5.64190076160397,6.419407019378859,3.404512446015534,38.40380296898189,39.79419121367077,44.6350124730951,50.5051801873877,57.40490148440424,65.43216569900486,68.88026294522702,71.46894796538096,64.24122558168777,42.4434423988394,28.883009340526417,28.50795967653781,35.003728084664736,40.39633983676468,46.44036452358114,52.22670882951961,57.48903993443029,62.97936711478462,61.53344112426999,56.96843628805864,41.925551341918144,0.9952176027737294,-0.0976827678217159
2025-04-08 21:00:00,-7.0,33.0,84.66666666666667,18.0,7.0,6.0,72.12276740852165,8.89179778258452,6.285557917787723,5.320077780762637,85.25948930640588,84.87261266506,93.04442071628264,97.50393993327742,95.037620020262,93.33456573289112,95.07804872570745,97.6785819346225,98.91423979006365,94.00145595646104,92.42107070255412,91.55206496382534,90.10858965385218,90.72481201029753,91.83955359248344,92.02597333945216,90.643416186502,87.47792653912182,67.68895215128272,37.69090196126064,27.32526459800902,0.9933900548258936,-0.114787625522127
2025-04-09 21:00:00,1.0,34.0,50.66666666666666,61.0,10.0,27.0,37.9490735065326,4.073005190132502,6.2095683888579805,6.297856257565449,62.49602699021152,65.83558476058083,72.724953488352,80.31043472366734,85.34893464953424,89.5040276188511,85.39724075243832,87.99892798135441,94.23766189112756,93.62002014059844,76.90674463360247,44.15480861364596,20.950244812893374,11.197906512732638,8.758473238958178,11.17913267862082,12.921956013819305,14.498589501654685,15.253107988425633,16.248866556342495,19.30402873993277,0.9912685467787256,-0.1318585157173911
2025-04-10 21:00:00,3.0,44.0,15.333333333333334,51.0,8.0,25.0,31.9935550800065,4.357605338012311,5.0861222049775,5.645236319879859,29.253424968259303,32.704481102310474,36.91861638511393,41.57841958697448,44.85474672771139,45.00265685428715,45.81880294924876,36.67302033478775,23.928701779913748,15.503031870975112,11.282956347170034,10.603161227082914,10.730893612899091,11.687469832748212,14.431898446426407,18.31333508687192,27.96797290995521,40.92634244982557,54.812127293756674,70.83370128235174,74.12758646848145,0.9888537064205885,-0.1488903868564548
2025-04-11 21:00:00,-4.0,45.0,75.0,26.0,3.0,19.0,49.04639081211671,12.474478375290763,4.74949935755614,5.935598563769439,71.13785368014204,78.56521307486368,87.51181671625726,91.36980519498866,86.49774778608004,87.78093395101494,92.41701722042824,96.3495786439546,98.58816135096082,99.8123281741815,98.91107761270824,92.933399335684,83.60427379850837,72.12092877195991,65.57964810069453,59.0971779233722,57.560297650262726,55.44586032931184,56.6922214259408,56.51324591777104,56.59150210479771,0.986146248341595,-0.1658781989346314
2025-04-12 21:00:00,-6.0,46.0,78.0,22.0,3.0,12.0,53.39291251904156,15.917288055627765,4.797129771740497,5.804054003213324,85.89701951115232,93.40451332656366,99.79761123264666,100.0,99.471719135371,96.92666558878096,95.61714180077882,94.11372932397032,96.148575459956,98.73091463144772,99.7260026244418,99.09570249459064,98.15326740216054,97.075494719301,93.80088923540116,89.244668896666,86.79905935095049,83.24881756852349,82.5420882578046,80.12922633780038,80.66799872303815,0.98314697372215,-0.1828169249850199
2025-04-13 21:00:00,-2.0,38.0,84.66666666666667,12.0,8.0,1.0,75.66610758185435,18.45721753619156,1.856024704842813,6.068690181338118,96.18307066950446,97.31508520333335,99.4763356329854,99.81082531695232,100.0,99.84483662971442,100.0,100.0,100.0,99.79628163719116,99.43848559491812,99.58590154457072,99.72625693883468,97.35469653378898,95.18759970042557,94.2236635284182,93.06693387865452,90.76726561695872,89.9827761917815,88.0978140609586,87.19583677588135,0.9798567700958664,-0.1997015525660636
2025-04-14 21:00:00,-4.0,46.0,69.0,28.0,8.0,35.0,55.60338421794655,10.781274596219408,3.935981900664713,6.170092809776094,76.955586741725,77.83455389754612,85.04585010658138,93.3796270078892,98.72439532967311,99.33822427388692,92.80246631164816,81.68807655899849,71.61674740685223,63.50602070895499,50.09120759676624,33.525231268804234,14.095638319757883,7.666621036947546,3.2377980231588515,3.30131208854247,3.460849574055473,3.518899784754432,3.8985214730465847,4.453518801112838,5.160346480899984,0.976276611086932,-0.2165270852448143
2025-04-15 21:00:00,-5.0,46.0,73.66666666666667,19.0,8.0,13.0,67.91912714846477,17.39417366197153,4.44967180689178,6.171554722515084,83.33939287080148,83.36023358713591,87.14201185932257,92.0632786501456,91.04373890099724,81.8187223036951,84.93644704031233,96.52182070672409,100.0,98.49437027280918,84.86871227338987,69.13998254768818,62.89231788258029,68.35853696871864,78.55529801594251,80.82255360311827,76.64291235720113,59.6064787201124,46.86676991654903,38.59149535526988,26.513369534029675,0.9724075561219968,-0.2332885440754551
2025-04-16 21:00:00,1.0,43.0,81.0,33.0,8.0,26.0,67.5633285740088,12.03533858198696,6.953362135681774,5.7499260152254,75.24667823805238,75.13277248706781,78.5055812570722,86.38352762485795,91.36862870854712,92.59084849160918,93.91185916137168,94.25469435242285,94.34835131552116,95.80343525508252,97.49185934094967,98.48732930447576,97.74583079910332,97.11223131707224,95.28145679331008,92.61128418013554,87.51513631297037,76.50034676563781,65.63027323654788,53.45884851063952,50.5228040875319,0.9682507501166718,-0.2499809690726521
2025-04-17 21:00:00,0.0,44.0,59.66666666666666,50.0,11.0,29.0,43.138125246217896,8.398395449155899,6.0170008955506304,6.210912832098132,69.47465869756111,70.66385932841234,77.12142652407837,86.50855113284197,97.06087891835988,99.70443509259036,100.0,99.3532360433512,93.83311486251004,83.40658797555795,77.57068007051899,74.07710484003702,70.87445025783505,65.96765981242916,60.37023114542877,53.87779289074863,48.11865231463558,40.95357478439806,28.57009620343898,10.372128595017015,1.435526028425842,0.9638074231367308,-0.2665994206792935
2025-04-18 21:00:00,8.0,55.0,37.66666666666666,36.0,7.0,22.0,27.454107474618628,8.967690843934779,5.329716372881908,6.056493756731714,48.44111907139646,49.08781950737547,53.30868687484919,57.523019574153786,51.953941805083325,37.55948790755473,28.0104969263228,20.217439271229523,18.562376102077444,22.43636971037812,32.62276159668113,44.46388969475284,55.324930276377096,60.01271239143755,59.41495290183153,53.05521168055791,46.115577010384285,37.06374170973816,32.010123349822855,25.6563620693241,38.45602030988042,0.9590788900341132,-0.2831389812281835
2025-04-19 21:00:00,0.0,61.0,83.66666666666667,20.0,9.0,22.0,72.23929984287824,36.19026050976083,6.060592015336475,5.613075505988173,90.42149899171376,89.98442616469524,89.58438907734539,87.23500951579884,88.04249106006405,90.73172249652252,93.32357806868112,94.97305809396394,95.85784261567774,95.452156863214,96.54878454476044,97.9033061491366,99.14117575645216,99.97639314448192,100.0,100.0,100.0,100.0,100.0,96.90780834999704,66.13643946708311,0.9540665500578388,-0.2995947563972602
2025-04-20 21:00:00,2.0,45.0,47.66666666666666,57.0,17.0,31.0,38.16561867346858,8.015004879429494,5.03422411154319,6.020652473767414,58.20356131679024,60.712328647728654,66.95385892560665,74.14525324798106,82.76538699559693,90.06695250758386,96.9299937301171,98.92722647498668,93.40190027954657,81.5842541845782,63.1748500493276,52.52025766117527,45.215659348507,42.30741442683689,39.88535717300544,37.59374498814276,34.973105644821274,31.24687644365444,28.611029648454444,24.354544858577505,21.249710802163097,0.9487718864399473,-0.3159618766579029
2025-04-21 21:00:00,3.0,53.0,25.33333333333333,46.0,5.0,34.0,33.490605611279655,9.533008373531205,4.307784138763059,4.448096857346186,47.02471325766281,50.047758937445984,55.8082455073071,62.40275223223822,66.0962865227154,62.96116678722454,49.44767470072161,25.66707530978028,25.07534202505012,31.345349354947142,41.16872096553955,45.84590389862461,48.43304386003096,47.096485786694096,43.44421558958355,37.94673187154689,38.10939477076244,39.174144546685866,52.87344255146529,68.6276643620186,75.27417979361839,0.9431964659565866,-0.3322354987159043
2025-04-22 21:00:00,-2.0,42.0,86.33333333333333,14.0,8.0,14.0,76.04554787969504,14.881259328471703,2.681370946033833,6.463119987201629,92.42682136777628,97.14914343702732,99.70146597052504,99.59526364889685,100.0,100.0,100.0,100.0,98.8424993502516,98.73936475096149,100.0,98.28678303406892,85.34956972733289,52.92597921140576,33.17239864649853,24.332082150999888,20.40171627314141,17.8662863156562,18.975558352338844,21.043046307339523,22.25292729445137,0.9373419384643772,-0.3484108069446808
2025-04-23 21:00:00,2.0,50.0,74.66666666666667,43.0,8.0,30.0,51.874970116438256,13.42276113957901,5.151227078637374,5.466928555352885,66.92608243808031,71.2062869512177,79.3642488112984,88.55306662892217,96.223712115697,98.41438840515004,99.43554598791371,99.66982205684104,98.40448197794612,93.36425644364412,84.57816584718334,82.15239334040962,80.41110630311557,79.847504521851,77.168581675048,72.6442192937322,68.48012840781902,63.62021006285155,64.49669661231016,65.75503222079206,64.71978362185703,0.9312100364121948,-0.3644830148102912
2025-04-24 21:00:00,-1.0,55.0,68.66666666666667,42.0,3.0,26.0,44.92675003361713,15.75296384115603,6.064233725592898,6.661150707301782,55.56202094776226,62.0962896698796,69.4314656945572,76.69790255484244,80.07919577514994,86.8105439064744,87.54731827597787,83.67056587383658,83.05982415381867,84.27728274665921,86.0554315729372,88.5344347130182,92.12785789333978,96.150123499841,86.1761171289531,65.68693630767017,62.176911196713625,59.617779686367946,68.36961647850158,79.26343802256179,77.92102558156893,0.9248025743285088,-0.3804473662878516
2025-04-25 21:00:00,1.0,55.0,69.0,40.0,4.0,36.0,48.643418906488094,11.761775333932247,5.739761190941473,5.883636736109471,62.65580917570678,67.804843029131,75.42396091676066,82.45364882123273,86.6333590672902,83.7477492002249,79.87226657198917,82.32696342653928,63.04951565812906,39.15379600522681,17.224770764944466,10.859349568192028,6.117384424350973,3.894273786538012,5.723033027310973,10.18209103460724,28.64727201396186,53.98430289145514,71.13579945309773,90.5515784693093,88.11009263568349,0.9181214482844364,-0.3962991372689181
2025-04-26 21:00:00,-6.0,49.0,88.33333333333333,14.0,9.0,11.0,82.80105149886512,24.669624233268102,4.1209404766504925,4.930419773419644,96.32540424633564,98.54393712334544,100.0,99.2358698808333,98.9945955358283,98.1153314674348,98.24492715190254,99.12119084498782,98.79577038825347,100.0,100.0,99.55163406419766,99.47634278962444,99.05910159278795,99.51263338402148,98.36881931348718,97.28854857646442,95.47568659666014,94.86288992920896,93.2392658390931,92.56203020931947,0.9111686353326632,-0.4120336369594263
2025-04-27 21:00:00,-3.0,46.0,86.33333333333333,16.0,10.0,1.0,79.4511902256218,17.125921117880946,4.255004705875994,7.043205708783965,93.44307989494745,93.4916821709372,96.57381774968702,97.11711361351266,98.22343623571528,100.0,100.0,100.0,100.0,100.0,89.2425214471742,57.28729649317367,6.338041175428471,11.139732109081388,20.236672420628032,21.32528668579775,20.947634039114163,18.307515910531617,16.63986663433456,15.299623700681952,14.933150077646877,0.9039461929224012,-0.4276462092677746
2025-04-28 21:00:00,6.0,62.0,12.333333333333334,54.0,8.0,34.0,39.37974288306224,11.121133106904328,7.668505097148195,5.548176469992463,58.83073330596208,61.66591930895677,66.97393410181509,70.36156780657838,70.170660648049,68.3976069565825,48.11179639903726,39.51023510715456,38.62926663977361,38.31627455553324,34.5976616728491,26.68892765240302,18.123629242970736,10.733537013044833,6.657595335843106,4.359409899486531,4.749348038936524,5.879029064008317,7.794094236768366,10.856298354743616,26.041037434970622,0.8964562582905575,-0.4431322341826345
2025-04-29 21:00:00,14.0,68.0,55.333333333333336,28.0,12.0,19.0,37.35083468017345,20.08255124262259,5.232807122762044,5.719887804256767,59.4573514009945,59.50043436243114,59.10133547965793,43.42232508456203,24.60369705894277,20.59943248733072,20.72297871188734,22.67446490707673,28.34971659426033,38.8925386486028,57.71743093552231,73.76049350685199,87.78939530997368,89.11706697161628,91.86578848715764,95.5849889787208,96.95932899575034,97.28971926869642,96.6799785631258,94.7423514762994,93.95809688126477,0.8887010478292915,-0.4584871291400876
2025-04-30 21:00:00,-4.0,51.0,15.0,51.0,13.0,32.0,34.57892635110482,6.100108747361464,3.932141164965662,5.8913720183940645,56.86318912560044,59.14379734468399,66.01654099990338,74.51470305686925,83.31698931539727,94.49398457763792,99.05130160193085,65.96235251075542,29.04666164910773,5.616481342527717,1.5837911528393915,1.8601588966875409,3.4179405210150144,4.125256361390182,4.892914417349892,5.780299561302212,7.191512363587139,9.125972084828357,11.619904319826349,14.881845091787987,17.702534838241803,0.8806828564301475,-0.47370635037968
2025-05-01 21:00:00,8.0,58.0,36.0,50.0,3.0,30.0,25.693201623151747,7.996400457928364,5.073715247222305,5.459346025630487,35.8085254185114,39.0300233550224,43.79788710376992,49.0927743581053,53.08189653802131,50.679079261325874,39.10079016651517,17.603943688017598,10.915217528022763,10.80793931790826,14.30372147457958,16.703245498272928,19.872706164774705,24.22886487651652,30.35418141085992,37.721280645466805,41.941871906440745,45.657786357032265,42.167610927712936,35.52529994155425,22.26230889286812,0.8724040568049612,-0.4887853942889926
2025-05-02 21:00:00,-1.0,47.0,87.66666666666667,16.0,10.0,16.0,73.58612048734834,24.30318649616037,1.918366907480031,5.870602772501583,79.64388980097057,82.83751493048025,91.42486656355244,98.08264457669355,100.0,100.0,96.88652903898556,94.06342107904284,94.75129384750026,95.99732633718617,95.767128502888,95.86536249086592,94.73242086771413,89.82239327933172,84.98719401434633,79.64060907259947,77.45997723817808,76.18613502651316,73.27133800342888,67.32351413507058,51.08982675000332,0.8638670987837349,-0.503719798736334
2025-05-03 21:00:00,-6.0,63.0,65.0,33.0,7.0,29.0,47.99897869343753,27.58368353173428,4.342666814328615,5.592189477426345,89.86468901490932,93.18375451285588,90.3686981206933,87.64885155792824,86.79531472901367,89.66038907624936,94.5552542409732,98.14693169675527,98.85844960685,99.12232190069427,99.00171674754591,98.89403813237682,98.3334254103681,97.79311555285037,97.2320440132485,95.371862035088,94.81004515348414,94.5287305660332,94.90681008646196,95.37165434816283,93.6011444817176,0.8550745085896932,-0.518505144391157
2025-05-04 21:00:00,-8.0,61.0,76.66666666666667,44.0,7.0,27.0,42.43207252865285,13.17634111691762,5.457141713256822,6.387168393672933,61.80224884158088,64.81307890902772,70.86706913633746,76.42514832349126,81.36111982419561,81.1782906204209,82.10578907211794,77.76730035533217,54.90101028190255,32.63982520852928,24.48746198887882,24.106173623205613,23.026225411496053,17.71668029825816,12.708341852305876,7.439224471455787,5.264170066873007,3.621929846430609,4.971502507526775,7.852507622970403,29.617354672204883,0.8460288880917339,-0.533137056031809
2025-05-05 21:00:00,17.0,63.0,35.333333333333336,37.0,3.0,16.0,26.47598867354349,7.494377987136981,3.988271325787581,7.239298334086837,25.35866598971247,28.13824715314712,31.51355524202957,35.188523898518135,39.496557574557166,31.464525049298487,14.742780389595929,10.784444961908306,16.564628008369315,20.72446907518313,23.78534612619221,24.861053257489417,25.302266831948337,24.63429706108517,23.40445566203758,21.4482563723241,19.87607154856516,17.475028328343395,16.991727481542952,15.796214546619783,15.034905358792203,0.8367329140344921,-0.5476112038402312
2025-05-06 21:00:00,-6.0,57.0,84.66666666666667,17.0,8.0,17.0,66.61670186495616,29.04658572380276,2.905085408071624,5.95341996790203,91.65929216273152,99.39180228363372,100.0,99.74135702095988,99.22532937831156,97.88263037107116,98.69668473585584,99.55399155732884,99.74258145964156,99.67114678946253,99.58268089048528,99.59588621170242,99.38036041101516,99.46262378278108,92.14107643582136,80.86352482422305,78.56328541734862,75.45529833256238,83.27377070069801,92.34495122576187,93.4239922083087,0.8271893372462497,-0.5619233046832195
2025-05-07 21:00:00,-1.0,63.0,78.66666666666667,17.0,9.0,18.0,67.31731330492019,24.06438469670612,5.728486424706158,6.4224712653998415,90.98931033996227,94.83647218026356,98.80607003886549,99.91925719437486,99.94459417341584,93.2361846863564,83.64572676126474,80.3308695518744,75.90222361108852,67.45394663747255,57.94166537124371,53.99587695820418,52.21899009579567,50.63105913431151,56.050378414937285,71.29081018463238,82.65337640063558,93.0466989889331,91.49816877452676,84.48143336270796,81.98728479206375,0.8174009818249189,-0.5760691233798758
2025-05-08 21:00:00,-3.0,53.0,76.66666666666667,34.0,8.0,34.0,56.61807189006417,17.980934639175246,4.809803174563084,5.838417091813471,75.32816334625069,82.39325573425276,92.31345973268752,93.83811573717864,93.76802718312898,96.11710086698596,93.45317970987146,91.61684254111252,91.9964439521971,93.4778507127712,95.52011432264212,93.52300393042508,85.06532513904648,65.93149740976285,45.63852377159605,23.189480000595434,16.024185809094813,11.494122916190287,13.33973038180298,17.02518636435575,27.9183216137304,0.8073707443023492,-0.5900444739548627
2025-05-09 21:00:00,-2.0,57.0,77.33333333333333,42.0,5.0,9.0,50.90628243283841,19.961842844999765,3.532942103555634,6.102410630307788,88.86786506805872,95.78255131348143,98.98496397093092,98.94479963765316,98.75229525511084,98.98900054680252,99.5746849804749,100.0,100.0,98.71300090666163,93.39370821481738,87.57949527861753,82.6795016178458,82.92247921588522,85.2189330930418,89.83321752240447,88.58406318790877,84.09699119403041,85.24362669075458,86.4638998372453,86.97824243731938,0.7971015927871943,-0.6038452208771035
2025-05-10 21:00:00,-2.0,48.0,87.33333333333333,13.0,8.0,2.0,82.73169797508024,23.728053959133977,3.986574239667776,5.411851807538439,97.55326997760768,99.43154228292256,99.84648939665956,97.8680697487838,96.60390491973344,97.22849784506084,98.72406493224425,100.0,100.0,98.5529849119817,99.47814090347626,99.22878543929248,98.92535185447944,98.8207449645194,98.14968854347389,96.77701353129628,95.19649946751458,94.52852826569894,92.93062534822148,90.84625065254912,89.23001703700116,0.7865965660866021,-0.6174672802835514
2025-05-11 21:00:00,9.0,53.0,20.0,63.0,13.0,32.0,29.53456493171838,7.403870971584262,6.509883999525739,6.383583771024867,52.49156625248517,53.65608611225937,57.59257828833256,62.98982796572437,69.84391303255713,77.33902382520611,84.35200914866387,91.7561942767159,71.28540975023667,40.9194417450899,14.069909754710189,8.98918232135738,7.456487278466117,9.435620061016769,10.066571322709574,9.588007911160034,9.055689264282988,8.140119771168543,7.228652435965924,6.361805164216802,4.405307115027024,0.7758587728069828,-0.6309066211876704
2025-05-12 21:00:00,3.0,59.0,75.66666666666667,50.0,8.0,27.0,37.3680528699157,12.470680744211004,7.753277155873174,4.167118629709261,44.53198281126033,47.4584162544429,52.63771317916641,56.937537061059054,60.2040436940227,62.43430946668179,64.70231593754842,65.01664884872535,64.08731665816522,63.77653240121538,65.61632203564287,78.10084507519093,90.70417107626982,97.47686088408328,89.27399589753342,67.7950696186624,42.95930968631897,14.494546753946215,10.911491763644667,11.22177152830279,30.407176050399748,0.7648913904341226,-0.6441592666722685
2025-05-13 21:00:00,9.0,65.0,37.66666666666666,33.0,2.0,23.0,30.23826316046774,16.45039692063258,6.295409333399842,4.965645995818275,32.99870108118473,35.45579740305783,38.02945934844734,42.3063444651304,46.9441324197956,45.86325406466338,34.74336895469879,30.25204785541657,52.80531178969103,73.7294121612691,89.44233647715258,95.9914129313035,98.76283681115488,98.59275676853244,94.09905935841878,87.66951722081076,85.30292634426556,81.43957433315188,71.67375460227734,57.84089145613002,36.60579841879272,0.753697664392914,-0.6572212950663319
2025-05-14 21:00:00,5.0,75.0,3.6666666666666665,32.0,10.0,22.0,38.46249485249697,23.23449156690903,7.285757338057043,5.762685342026551,38.26053113539511,40.836411310347856,45.32133569098728,50.77451305618115,57.07160351680409,63.53963775204846,67.3787855915286,66.37669986976482,63.53346271045079,59.50872891845371,54.572678623675976,49.970638835917335,46.61598437058538,48.1568950001266,48.836861799245774,48.092350539685,46.14681972928204,42.91244556131763,36.23934985023762,27.115014720590985,21.78463225081392,0.742280907086982,-0.6700888411055113
2025-05-15 21:00:00,0.0,74.0,59.0,43.0,7.0,21.0,49.659407487470894,29.647546182792727,6.120091464313166,6.05386785031286,62.3237128709462,65.06828213764186,70.44423803501346,64.31147368365514,55.20380439040133,52.05093292504623,57.52531149395905,69.75565509542307,81.31281520317538,89.48673545542421,92.41875185101946,93.86639849351548,95.78368958323222,97.78598322406631,97.76375218839743,96.15686739341577,91.70969375392814,85.43338351417049,83.30123296091936,81.0667975857608,87.03895032707074,0.7306444969184916,-0.6827580970759147
2025-05-16 21:00:00,-1.0,67.0,65.33333333333333,21.0,7.0,11.0,63.01927907119633,29.48119365997443,4.155695576509928,5.889876656617843,79.68609210723713,82.90596980577945,93.8141793371402,100.0,100.0,99.84627153402845,94.0437155382195,88.80064611751949,84.78333349423716,81.11887552731841,83.74314746967457,86.28660862479006,87.30418218609007,82.92045715537579,77.02808014940989,69.40335765276325,57.33763354821731,39.14341456142876,31.55991259580772,27.00594130504043,32.12112479323009,0.7187918772884232,-0.6952253139408722
2025-05-17 21:00:00,-4.0,59.0,85.0,17.0,9.0,14.0,74.75644072853896,30.23300548015992,3.0702284128889525,6.265208954831961,90.87971454827952,92.9648390051958,100.0,100.0,100.0,100.0,99.92440393205388,97.88812875730628,92.78422262863845,85.61977092709789,87.94926908100554,90.2429138932854,90.952098863858,84.23971987948943,75.53235750890558,62.97197442460197,58.01159093560102,61.07300528663428,69.74420681540504,83.64301875312489,84.61189512783524,0.7067265555776158,-0.7074868024503348
2025-05-18 21:00:00,-3.0,60.0,80.66666666666667,15.0,3.0,10.0,74.85066533341019,30.0569502076554,5.023959081446844,6.003463348232241,97.99204874890148,97.60456465243507,99.28223702259594,98.77341328784394,100.0,97.82333920416336,87.72411064263153,80.37243049527032,85.35201652635011,95.8482009045938,98.76808214572972,98.9696779068738,97.10107391225198,88.31692059571819,77.65426192626676,78.47218134800019,82.49410323683999,91.84735453886908,95.38245019482132,91.92935438522896,77.84472403070409,0.6944521021088763,-0.719538934232584
2025-05-19 21:00:00,-1.0,50.0,84.0,15.0,9.0,35.0,76.77977271296584,22.81367176213873,4.524069708708071,5.9117063565152925,91.52626091736644,91.96637991078164,99.8751126176023,100.0,100.0,99.04532889585332,97.80305971889868,98.59426033557838,96.78886012271396,82.41752502946129,76.19182236273895,80.26713662521253,96.58056867258324,95.408075922847,87.60339462775273,69.72889588166836,58.5755344812007,56.1457045362612,57.13713554542934,60.7297174965394,63.74618880685239,0.6819721490904629,-0.7313781428679254
2025-05-20 21:00:00,-1.0,53.0,73.66666666666667,46.0,9.0,4.0,52.3295909554753,14.098700412968654,4.111259017533506,5.514239908093178,72.80545168178534,76.06707068807737,84.11317219721782,93.19534593398812,99.39313082661477,99.94351364826126,99.3201831525576,92.41391232086828,79.25126043982227,67.1136632723973,58.51689046646968,53.201760980360525,47.84907310173072,42.76285047201741,38.156813367111184,33.319556659941405,29.95743788037784,26.32177485494219,24.58961328711485,22.60546103479624,22.183970756937835,0.6692903895412567,-0.7430009249440493
2025-05-21 21:00:00,-1.0,54.0,66.0,38.0,8.0,7.0,50.4488411346474,11.50395300841956,4.077528166422156,6.151920078416985,76.4931540755212,81.84176582117179,90.8958483684916,95.93906211074795,97.199646891725,99.30588100821606,99.68182658129786,99.21575352368086,79.10487632273947,54.98578868257818,32.46938559243004,20.448590285688915,12.0200313356041,8.606376278907025,7.253844982052772,6.937169285460564,8.552918604307468,10.859977574540029,13.058439961446632,15.62716475971312,16.15486813315236,0.6564105761979381,-0.7544038410927472
2025-05-22 21:00:00,-1.0,55.0,78.0,37.0,9.0,10.0,50.60187561794369,11.844612789749108,4.3470910725907945,5.573522536810383,71.78366904181416,76.07141973381172,78.38641210467354,83.32618801752193,87.89894775845995,91.08944932414546,94.8427388739107,93.83130927405531,71.66499283521277,48.488867632064064,29.08203648435568,24.40918393684364,20.278436212854096,16.55393932455065,14.363676900136907,12.614325509579713,20.193667500158107,31.95514238369747,52.36373196029342,78.13405051286556,82.29550712725612,0.6433365204044917,-0.765583517007675
2025-05-23 21:00:00,-3.0,43.0,86.66666666666667,16.0,11.0,5.0,82.37880629106463,19.070361525266552,3.2048160001417654,6.731482809095845,88.97509217036688,91.04543698283564,98.58757714366128,99.50471608129502,99.70140503379518,99.20420109774886,99.60923402899108,99.84696969574458,100.0,100.0,99.85189828126296,99.8519575396124,100.0,99.20905404282009,97.57650500897456,94.34911165910351,93.01856898335436,92.25143734210802,91.14898083228054,87.59701444606543,86.78205652222185,0.6300720909843687,-0.7765366444428655
2025-05-24 21:00:00,-3.0,48.0,86.0,12.0,4.0,34.0,76.59922957461941,17.94323576577766,5.301297464920226,5.74451778706702,87.9997090605271,89.9885266634159,97.57274722791978,96.97692972139896,95.44984167356075,98.69705424553511,99.35027880529046,99.2213466705174,99.34009828855288,99.95801764029784,99.4151943492016,99.01013581469104,99.07771509910152,97.71489048530589,97.60607517126236,97.01029356179266,95.02634121413668,90.64196494237552,83.36471371530662,72.09805385424643,68.07432884086022,0.6166212130956382,-0.7872599821916922
2025-05-25 21:00:00,-2.0,52.0,78.66666666666667,14.0,7.0,35.0,68.61496211698909,16.591198670158253,5.840696098975448,6.327323005918723,86.6066234130557,90.10991576653072,93.97190586743956,97.21163765184104,99.2764697352414,99.13812865936802,99.62718291654622,99.73860348219604,99.5251220419194,98.775457017843,97.03448359413667,90.79499138058276,83.63859515136168,78.48043560107836,75.83620320605093,76.34618980070063,77.5652984683107,77.91444360688043,78.57491923164444,78.4550140274931,67.5737372712899,0.6029878670694714,-0.7977503570459932
2025-05-26 21:00:00,5.0,66.0,28.666666666666668,51.0,4.0,34.0,40.02228196003663,18.83823253243944,8.078217747323182,5.45379914242203,66.97209186440698,63.390997533841706,68.97472349182605,74.54737287621,79.56564615508309,84.58730981656318,88.6716604608524,94.13400019240154,97.54029180329933,98.22117475093611,92.5455604081311,81.33527885511197,70.3335918053396,71.10470478129962,68.07115290605854,62.654601012756864,49.00543202319675,31.36552499301653,29.959181561345343,31.17620858882045,37.4172332715049,0.5891760872322963,-0.8080046647350754
2025-05-27 21:00:00,8.0,73.0,30.666666666666668,50.0,3.0,30.0,34.02838260153297,15.41832484042295,8.454238121500962,5.59963914343687,38.594719094162585,35.99134234657768,38.78329729296309,42.1847076682096,45.90405792642107,50.60194276215386,56.777436351048735,63.75200335774815,72.45671426119794,80.04445745684373,85.48991674823961,82.32618394406008,77.13062670432859,69.70728984502287,45.84271052027516,14.012715097205264,11.662124086269907,14.606407852937764,18.62457772518847,23.701606289933142,28.402581077204893,0.5751899607119775,-0.8180198708443175
2025-05-28 21:00:00,10.0,77.0,5.0,61.0,5.0,27.0,30.933647924122155,14.49262481273416,8.62510605998579,5.058908832571972,29.787013457300937,31.95867134132586,35.49101154107039,39.277179202600585,44.01048483210656,49.139946890590906,54.91209246669697,60.21980470211995,66.11265565747,69.38414879471726,67.19518501456078,45.75881380179781,25.377111175026183,16.07115917918938,11.430411140908689,9.745544389763891,8.837835406295197,7.810558027689068,10.05855543317409,13.340357313358004,15.54415596622164,0.5610336262283677,-0.8277930117131022
2025-05-29 21:00:00,2.0,69.0,63.66666666666666,28.0,10.0,21.0,47.116170975474176,23.13514193365684,8.341350905141473,4.318292601915143,45.56650365583466,47.45606944199784,52.55680429350048,58.67588944593061,65.21677784399895,63.42552948264324,63.85708376456084,68.91737141243541,73.45146927004053,74.22558355269166,68.26621111502908,71.45344711483224,78.6578328690797,89.18492762979383,93.86933679724056,91.24475505945054,88.79346074610602,85.17184522373833,74.06365059031602,57.42500070867776,37.02740692583827,0.5467112728685939,-0.8373211953118121
2025-05-30 21:00:00,-1.0,70.0,51.333333333333336,26.0,8.0,23.0,54.8099144985178,24.94422173603379,7.051308434189254,3.93403069037772,75.7295869050562,75.48424975165923,71.6182113353383,72.99779151834147,76.75990969660144,78.01201321333987,78.78881299612124,80.35078476862967,82.99037108895654,86.90641366522861,90.28733759377636,91.07958664490128,89.87804247440695,84.92959485407872,75.6835736998488,58.807007477927584,44.66468358042288,32.39550141565243,25.06109983169621,20.1403911385923,23.45519828095776,0.5322271388474397,-0.8466016020976267
2025-05-31 21:00:00,-4.0,61.0,87.0,12.0,8.0,12.0,80.62364290299612,25.569333966828783,4.83128614595311,7.0295976343234345,91.6790308309604,91.29639714578984,95.13017740317004,99.1509354027476,99.27507342719584,99.05448698827956,98.53659674249684,93.64835207006628,74.73775180141058,72.34453255917155,65.24302053785071,49.38496872095022,33.88819875857308,27.30996900204604,26.698807195752405,33.150347197521505,38.76271166571276,36.9148983309243,35.171426964760265,34.273065148340194,39.15868038131624,0.5175855102531889,-0.8556314858488706
2025-06-01 21:00:00,-2.0,60.0,80.33333333333333,51.0,11.0,23.0,51.35875566283369,20.628376037168668,5.560974154922672,5.72618319222112,71.42226178956,72.74660883000122,74.61687456891283,81.6800160668088,89.69376869466468,96.63053930284228,99.1388580606572,99.65516356170173,99.43324734143276,99.70420800272302,96.78701239922924,91.12125910991368,82.70788239847913,79.0243891255347,76.86867469110463,77.61719294280056,77.7821890002856,77.2636941381917,76.99694110811907,76.72134848672981,77.6298693494016,0.5027907197793043,-0.8644081744776648
2025-06-02 21:00:00,0.0,60.0,64.66666666666667,29.0,7.0,23.0,53.37045277273991,19.401836044444813,5.272336782891789,4.972170808333015,71.06882209488663,73.05659148906629,80.03523548978343,88.49799126698292,96.96608081542976,98.1341568406228,98.28152928720036,98.992693625583,99.2647146722647,98.01131318379524,92.48070799757193,86.76688714274938,81.66413148183888,73.45125951367511,64.24702538953532,53.29602241191851,46.71150376856212,41.993325228815095,38.68148561751945,34.171756571979024,36.82661899236983,0.4878471454423119,-0.8729290708206411
2025-06-03 21:00:00,5.0,72.0,6.666666666666667,69.0,5.0,24.0,33.869781217520966,14.456317065444956,6.637196573631698,4.98917886651095,41.981925210108,45.12496228597213,50.15593468845245,55.79255118796071,62.818024432208055,69.73168199762554,71.68340030188635,63.93812558776119,44.11661374613674,22.07569651076634,4.126811600977379,2.3849879378817147,3.5302086451336847,8.314307082051496,14.376004800179992,21.73413185389033,27.1128639719804,33.091027048416166,41.722949418515135,52.68236251743637,56.97082893766645,0.4727592092862775,-0.881191653407483
2025-06-04 21:00:00,1.0,82.0,48.66666666666666,38.0,9.0,20.0,38.140529490553895,20.02402697794736,5.6833417031285975,6.380618095418695,51.52798627568777,55.31335508012805,61.05601186750802,66.64961128454584,56.99168400635703,47.18807469890736,39.1576031325305,31.147456558906896,23.445444843937445,17.9342847412586,16.796544307224778,18.8647261808368,20.82060585181228,21.24129264162804,20.91767162936805,19.5957940112598,18.19837373060978,16.37241885471725,15.921373802095248,15.590750240399254,17.821275387890037,0.4575313760742512,-0.8891934772070711
2025-06-05 21:00:00,-3.0,81.0,40.333333333333336,12.0,6.0,25.0,54.38997447243735,37.16882900322944,5.707099269764462,5.837200505028276,80.0627850537438,73.26510863091912,70.48453594422425,73.23283726455057,77.36969125228632,76.84357036377175,71.55314475033047,66.58617053478956,63.379497624061166,60.943907606173866,58.61648149550276,64.64293401943684,74.11545064907956,84.76648306238592,88.49564982381123,83.66829990864255,73.62432590074887,59.35636534432744,55.99271023381197,54.69132971969261,67.23816311292909,0.442168151967072,-0.8969321743510065
2025-06-06 21:00:00,-1.0,79.0,44.66666666666666,48.0,3.0,36.0,39.089661138968665,19.79127192195116,6.865109167241657,5.6505512922902685,47.00209858955184,48.6912952343895,52.81892684090095,57.67865191285492,53.86443217716238,43.92706333034245,42.7811760255181,34.22328440841498,25.757044517429712,20.45710179584228,22.42527489986152,38.02837118163222,56.30544411592204,66.44016195455815,70.64258868667103,68.55485530864684,63.51244862551535,56.30952008852127,42.537605294129776,23.679968511562773,25.61808854982256,0.4266740831899246,-0.9044054548343
2025-06-07 21:00:00,-4.0,66.0,87.33333333333333,15.0,4.0,20.0,75.4057685928978,28.09983473229196,6.84483579274689,4.905327495801358,75.32948333162061,77.42332042451682,84.31733514708795,90.48443921570484,94.39104607181469,94.87753615227714,91.7011601038378,80.97011576185379,73.26719496123852,74.68983280525136,75.12682185862595,81.43197029905755,90.03650921781204,81.09320283941881,75.55334193924863,74.5025446904756,72.2792346297983,68.10049761277276,59.20929335293634,46.10291689631152,43.39967978819424,0.4110537546870351,-0.911611107193024
2025-06-08 21:00:00,6.0,72.0,9.0,54.0,5.0,1.0,37.98825301496348,15.489705065378852,5.782586805356767,6.1744555603660665,46.72269597443385,48.70862547483259,53.33887207870267,58.25967422022157,64.4182689580332,71.12910356479944,77.33308538705153,81.44071711692152,80.52812419536912,71.9371232419187,54.00367890069213,32.70894632826906,19.20727457081541,21.050953320280748,21.3470310227888,19.7034060532396,17.845650435547572,15.188979364217204,12.549073945428637,8.815976510115817,8.725988722575249,0.3953117887649151,-0.9185469991587164
2025-06-09 21:00:00,2.0,73.0,20.666666666666668,53.0,7.0,16.0,36.72754026461613,18.500328751432505,5.044759728126506,5.012422948899325,50.11526350501197,53.82026743067949,59.94244420105651,66.87684474267445,73.57286288609059,75.45481798972786,77.84747381423782,72.42188593344892,58.632126218331095,43.34382419735902,31.66692662094245,27.690333732831128,25.83027050156296,27.697583619950173,33.289170424722855,41.854173564086,43.216450206713056,41.94298810696379,33.160356572179374,20.7087125104668,14.925931189853776,0.3794528437245443,-0.925211078289358
2025-06-10 21:00:00,0.0,62.0,89.33333333333333,15.0,8.0,15.0,80.69837140029473,36.778319260656,3.692695031463598,5.314496111487469,97.03192093140824,99.7010641515744,99.94603090260416,100.0,100.0,99.86290849653793,98.12929920437593,93.80099382373336,88.64494898880952,84.65195581536707,81.50181645170551,74.80377515642422,66.13114101897416,66.05997078771924,69.94816103468182,79.6116784375051,79.91497696171542,72.37325945852443,78.28180129376283,90.69796345797432,94.29391688885082,0.3634816124829063,-0.9316013725767188
2025-06-11 21:00:00,2.0,75.0,19.33333333333333,58.0,10.0,25.0,43.00991391902142,23.09590311148719,8.384543085803555,4.868852779835351,50.93789394483221,52.27954678890937,57.89169325539301,64.54586887566289,71.96787593805028,80.58870525887173,85.66833976277866,88.75066395152072,87.0677758180935,80.24902879095775,72.9832471676354,72.90336423451568,76.33734567819359,70.47698648433199,57.67027025317199,37.48388813950309,24.438802548170056,13.600512294449793,8.257776565375762,4.029069747564935,3.567935515546589,0.3474028211842774,-0.9377159910299092
2025-06-12 21:00:00,2.0,69.0,35.0,51.0,11.0,28.0,45.37847930932192,16.920283880516976,6.715410964530443,4.857732332082603,57.07088311160493,58.95341184774998,64.1630921518707,67.78255355394222,67.56172587681068,71.34053883572822,77.33803311529947,80.99114070266658,81.30435333676748,76.57132179484177,68.0403614447668,55.900980057513095,42.948041690231136,33.37327741161917,27.35929807768798,25.480170904060035,21.72858804162582,16.39726068962681,10.950622611934191,4.948087842467079,4.85900810136493,0.3312212278016865,-0.9435531242349544
2025-06-13 21:00:00,-2.0,62.0,44.66666666666666,58.0,7.0,33.0,39.37974288306224,10.90972080924187,5.836612089233316,5.861818510410311,44.7988010394306,48.84547178504005,54.61821153933106,61.14194935883026,68.34936381108321,75.08011942531094,79.19088107776044,89.03928147958034,96.75482657109266,75.17907443754123,30.03482278414916,14.786448698391336,11.041853994467967,24.109029338235928,33.87492694689336,43.06706540612796,39.33773106248776,31.088820295047004,22.251281849266245,10.933710227811329,10.184696052307116,0.3149416207289519,-0.9491110448902284
2025-06-14 21:00:00,5.0,65.0,45.0,51.0,2.0,36.0,41.43795063649969,12.60743870223338,6.197298626996825,5.600662053259026,47.217875780984905,52.43751782882978,58.512101576368856,65.703330732828,73.83484361259835,80.7853228375432,84.14523971694791,85.90080291756446,92.3131159989546,94.2808586152388,85.80054050666374,39.32349923188015,20.19870749965924,21.96079045941169,23.776174833786985,25.746955962010937,21.856250628153862,15.68553839001309,13.066703863288446,9.739634191088294,8.381177170141642,0.2985688173637202,-0.9543881083175908
2025-06-15 21:00:00,0.0,68.0,47.0,39.0,5.0,23.0,46.96300291239815,18.340991969601383,8.010081049662189,4.5315219883045375,47.40885448526559,51.02552425900024,56.59741394150524,63.46222011827687,71.03185598641971,78.44294686410787,82.48195768625321,88.27925905116952,92.10119914089071,88.74660879675955,75.93779444529277,74.00032937308082,75.24177791410918,84.76981559134998,62.127849916491904,26.254439834319346,16.70407569166263,10.83350784769288,14.955813367054576,21.383045902362458,27.467615477683832,0.2821076626819194,-0.9593827529490744
2025-06-16 21:00:00,6.0,72.0,32.666666666666664,47.0,8.0,21.0,40.97385221443346,16.65129558206876,7.730570624959834,5.682951669639305,43.155292350631086,46.44967153854693,51.2264010806627,56.6877572560699,62.39352590071082,63.25814861954285,54.91250474094198,62.44782613789822,69.53009904066542,75.63163142632483,78.67510021057493,53.48192498996279,29.24213420653295,11.99326425720359,6.142839071540176,7.38656872181265,8.506400938009987,9.791000129209912,12.418806690091246,15.960524065514717,21.448449039191573,0.2655630278040559,-0.9640935007889756
2025-06-17 21:00:00,3.0,72.0,60.66666666666666,38.0,10.0,19.0,55.09122797104671,22.83979908039272,6.311206380691603,5.201543476833327,56.65893245091743,60.688563166352,67.61053439493175,74.97715417169881,79.14091354683586,79.68858705829372,65.47175716481313,53.48255565274507,55.55542436622828,62.19648934258415,64.1951010986783,62.02997351010868,57.34343210411236,46.52863370772822,35.08762926690049,22.341588413482107,15.597096368499267,9.838825343424148,10.80490899202308,13.836487369118029,25.9067563172732,0.2489398085537665,-0.9685189578512204
2025-06-18 21:00:00,-4.0,70.0,89.33333333333333,19.0,9.0,19.0,73.13410574677563,35.15589206812434,5.797565170836114,5.944772374898936,77.08726514704784,80.38642488769851,88.3611813555322,94.8227828956852,89.42399804803254,74.98795099575648,69.83405584034776,66.55778444365626,64.78178115888277,65.22327101532493,68.44972810230078,70.61487612672828,70.4535402110338,61.56701241883176,50.78656719864316,39.06197882576157,33.35419864042611,30.60425786069636,32.28724011051616,35.80412751027389,38.81714017103449,0.2322429240090701,-0.9726578145718654
2025-06-19 21:00:00,-3.0,74.0,87.66666666666667,22.0,9.0,17.0,70.99674371996446,41.08660740204894,5.4139757291682296,5.527844529712446,81.84986259792531,83.28549476224008,92.16703200713556,94.88960034571014,93.66168281863142,88.13414429110351,73.68381266860507,62.19310078695888,58.59806184204929,62.958200844864585,69.16003533758995,74.0784038752567,78.28412525581561,78.2604951846052,76.40096836821809,71.51890924181188,66.88297732636393,60.84147357572066,53.81778388603004,43.26648267445277,37.04708937820676,0.2154773150467301,-0.976508846196619
2025-06-20 21:00:00,-7.0,66.0,80.66666666666667,25.0,12.0,25.0,70.16031972906734,31.76426282676216,5.378681219088707,5.081972286372731,70.15836267377314,69.98380535642322,76.29026026533359,85.05146751215148,94.16687886894375,99.05207921201526,100.0,99.44138363653128,97.75582247871418,91.77241176107668,91.12078963346836,91.29428399408648,92.22312860846166,87.71775053412311,78.95593543880356,65.27898269607971,52.92610880030766,41.92145942649212,33.3528967840187,24.830261432288754,18.251490434796768,0.1986479428801711,-0.9800709131432666
2025-06-21 21:00:00,1.0,74.0,8.0,63.0,7.0,30.0,35.513665945840565,16.541410511913536,6.371441486185812,6.750912020007932,47.536485142144166,50.2762278186786,55.57074868899122,61.74310771191195,68.61930397322993,76.41143955441842,83.7179455741946,90.32783120725487,80.52783538636835,54.4307393828298,18.53693851591748,7.246681983749578,1.869783637508429,3.648517846113517,5.052489860182455,6.153753636010292,6.930173623342376,7.6484078095804335,8.542530531445438,9.473584834197224,9.25233949127354,0.1817597875913753,-0.9833429613388902
2025-06-22 21:00:00,-5.0,72.0,78.33333333333333,22.0,8.0,31.0,68.33135540319206,38.27527745168752,3.5936280941595773,5.6095599851438696,86.25774139450657,89.67637186041199,95.08448661859076,94.8389266833241,94.7220421102806,98.79087457963288,98.34116803932096,94.92636104941698,90.64692161454133,86.33088726766506,79.42472948485904,71.78214690792511,64.29922145544813,61.736222570640265,56.23611541034923,46.926523826844125,41.62224409895354,36.90714528247512,30.99261365573433,22.655066315305543,16.21922897718727,0.1648178466571979,-0.9863240225317866
2025-06-23 21:00:00,-4.0,81.0,42.66666666666666,33.0,6.0,21.0,50.68414229057117,30.54151998621072,5.546012912464178,6.714800624603266,57.602899232403935,60.97112288745714,67.3081911315907,74.84164523484162,83.44341964982533,88.56338813345916,93.14501094269292,94.59734259044362,83.73963778114314,64.90128263815468,38.70109380265039,21.134662509887526,7.36084723057239,4.831762224390037,4.6939142329816335,7.197581155852882,8.305988306657726,8.956267002637205,8.51296378015113,7.553320504763442,7.848565385581935,0.1478271334705304,-0.9890132145779884
2025-06-24 21:00:00,1.0,88.0,31.0,34.0,9.0,29.0,51.68445551768248,30.35327454197692,7.002555875205943,5.991734889084183,48.78736245471077,49.71871728013087,53.68373374311444,59.00040054877761,64.3356575457808,65.97314739918161,60.85657271258829,45.59361667412956,28.63476045713434,15.708668578572652,13.42604067234418,18.35280495767057,27.74113147522256,39.28058660076674,48.50208197043935,53.291044851351984,49.50818109707004,38.62121114195417,27.13442765836736,12.923677783448506,8.267824345790014,0.1307926758567592,-0.9914097417023038
2025-06-26 21:00:00,1.0,68.0,62.333333333333336,69.0,6.0,31.0,37.35083468017345,11.200300893411946,6.906647270175905,4.451677517170508,38.36757701861466,40.59536734569813,44.87911933811505,50.35318247777428,56.36807655699805,62.93251137171731,68.2836835579507,74.37378406569444,73.46259821522055,58.99863905502569,33.10765346382735,23.82167776345611,17.056035845697913,13.818536284483052,11.052656383742658,8.371683848931838,7.575350998420212,7.00228502476568,6.249945135188869,5.224641052531066,3.833442651378537,0.0966127018812031,-0.9953220513156602
2025-06-27 21:00:00,2.0,72.0,68.0,37.0,2.0,36.0,37.98825301496348,12.146175267469957,6.945364878800262,6.000206131419787,31.92545694171071,34.50976100702488,38.08260326041948,42.350738239971854,47.3621741339872,52.62431173593135,56.98919893212017,61.86437229765991,58.73378441263553,46.9005639572965,28.855046133500966,20.71857736996256,13.960978581108588,9.143273311728093,7.63909983947694,7.354608184439764,8.334429385693854,9.671587527584052,13.094931156707592,18.62107282444334,37.97681002338082,0.0794772999236209,-0.9968366760893436
2025-06-28 21:00:00,-2.0,55.0,91.0,14.0,9.0,13.0,83.20884823047453,29.906236903935987,3.2677052739012624,5.1898881406676205,80.91576939088866,87.87795226569739,94.8701567865722,96.8930415409248,96.66410218448792,97.54982119912869,100.0,100.0,99.7214427014722,99.37573447381504,99.8113368486408,100.0,99.78827498501028,99.62713879437923,99.84798724571044,99.41818629911798,99.43317160261748,98.52997343186615,89.2546065016112,76.31655683992403,70.60914919208821,0.062318379354325,-0.998056320853012
2025-06-29 21:00:00,-3.0,66.0,85.33333333333333,14.0,2.0,5.0,75.4057685928978,32.04668767712208,5.064799748285601,4.629083188291193,87.1618206234825,88.76222136520482,92.3873571110971,95.765458275121,99.09737631173098,99.7614353715618,99.58530473815568,99.09770532655202,96.32312792235936,91.5300124965937,90.91351685926982,83.81286880235012,71.91795210006795,49.38245191261169,34.374302985126945,26.54125577567365,22.116640442015985,18.6535505095561,15.896034060593047,12.404830479946254,11.200054947047532,0.0451410177739719,-0.998980624694158
2025-06-30 21:00:00,-1.0,82.0,39.0,34.0,5.0,22.0,50.828531099272766,37.56935569020517,7.233234806907713,5.298181869988624,55.466717649733056,57.81674493761846,64.02167098716465,71.31349368047563,79.1607295909739,81.53125853429653,81.54222480482453,85.29656219689333,82.05221036809914,71.72640357032303,65.22210422150904,67.94184354777397,73.72892469383241,77.33820879087311,81.3725171617433,85.07354079357124,82.73783430581602,77.50697897460003,71.21550704480444,62.90421714929343,66.24553908305082,0.0279502982402103,-0.999609314096404
2025-07-01 21:00:00,-4.0,77.0,73.33333333333333,23.0,10.0,18.0,66.5232085413429,48.21258288903243,5.014465942793392,5.568098443036697,83.60325111006492,85.10212174604081,93.92782412154676,99.01694974159486,98.79264223621166,99.2603851399699,99.76112816299522,98.00387031371342,90.10087032759633,80.00512554768001,85.2535160243984,90.09677670375848,93.39286783268508,90.2252944445864,87.71450885371263,87.18893678536483,84.9541035320215,81.57151056094905,82.72417627268263,87.8242789241121,84.69282074869494,0.0107513077635219,-0.9999422030204416
2025-07-02 21:00:00,2.0,82.0,51.333333333333336,41.0,7.0,25.0,47.35101209289196,22.501093264668366,8.308072680164743,4.850381100756663,37.30072835775619,37.66931400313539,41.31475497305328,45.55984118498359,50.44567538524177,54.531314033407774,49.90497503492599,47.34834148231346,50.06061552986096,52.620999043364414,55.74867797239301,57.669009574188166,58.14271648603329,49.88506484985009,37.46243947912594,20.66102449567405,10.195352357211087,3.888747627323999,4.239639971885916,8.719834341113444,9.693257050003249,-0.0064508641981051,-0.9999791929590824
2025-07-03 21:00:00,2.0,75.0,50.333333333333336,10.0,5.0,27.0,64.00100515322764,35.50769632691827,5.0600187968438775,5.820451195277466,91.79889468690344,93.32779142215276,91.73111709971734,90.4699369168446,87.22089995448246,80.15863539501251,77.67860902749794,83.23994282021135,86.79262322021023,81.75413102581153,73.36603381364498,72.34560077928933,78.14524375249104,90.3911556220992,99.85531857693474,100.0,100.0,100.0,100.0,87.9970489295251,80.86582817792001,-0.0236511272452315,-0.9997202729664084
2025-07-04 21:00:00,-6.0,70.0,37.0,50.0,7.0,31.0,50.916423485910975,24.69980581895796,7.066932465277708,6.859886656860377,77.0190383802115,81.13884134600158,84.80510826370647,87.29273352985979,91.77500064069692,94.77717629639896,97.8285920828148,100.0,100.0,100.0,100.0,100.0,100.0,100.0,99.17615741664038,97.94804738775844,95.05264668399506,89.36358724220871,74.97001436168532,50.97878719982045,50.18314826641007,-0.0408443915432961,-0.9991655196610107
2025-07-05 21:00:00,2.0,79.0,39.333333333333336,50.0,6.0,26.0,40.553425717581085,21.42801939980281,6.709226832397036,5.5614453276297,43.59539457198069,46.26235784745724,51.051831584646855,56.82426247799533,63.28768935658989,69.59031724761473,71.93763900779112,76.2241469576177,76.56541682061562,67.20756468688354,46.014964510255545,32.78327056998247,23.55975491247074,20.67040810473435,20.38016216203781,22.065854738995,25.893797549897297,31.175187631113964,36.54045291968743,43.19344802024829,46.60866757699484,-0.0580255693287803,-0.9983150972033183
2025-07-06 21:00:00,-2.0,83.0,55.0,18.0,9.0,23.0,58.59363005950207,46.09287254755085,6.538060123115693,4.973947574534897,78.02630111746001,75.30019885653925,67.6625964226375,69.76969094712541,74.73324780629864,80.64581881066664,85.48163243182306,88.11831414906527,89.93507475223635,90.794025944129,89.55241307530143,87.59092909578445,86.56915400268798,91.48759323068344,91.45996076244045,85.78805851339432,76.17405508814412,63.70281649650424,62.03803026911105,65.01580769412352,68.31386909789357,-0.0751895764147585,-0.9971692572470178
2025-07-07 21:00:00,2.0,67.0,84.0,15.0,4.0,9.0,83.98355840648121,38.8722388492932,3.882853731255377,5.775482041707216,85.63419209491866,90.3368387360399,98.0440946485362,100.0,100.0,95.93667426799936,85.95323384484405,80.12283157513431,79.7709301843933,79.17592200674105,67.51220523435349,57.39144892626905,47.9488607796365,40.43059149452273,33.97693637844485,29.14613983681169,32.64700407810307,42.03253433883535,63.60834837821572,94.04228317341438,88.55353367030042,-0.0923313336953912,-0.9957283388645872
2025-07-08 21:00:00,-1.0,72.0,67.0,34.0,4.0,2.0,63.63694965420793,25.68310994472012,4.627949030492574,5.720363188069364,67.33584789657246,71.48518622620931,79.36684369282739,88.0362112849998,94.67410332303383,97.7625993673661,92.87915319835004,75.74785795416071,65.61041128332288,59.733652180790855,58.00227052628547,45.88071232689276,32.04653628368541,19.701677996519027,12.464212345582698,9.77295850214842,9.398750279867148,10.077782062407271,10.822449469745385,11.598834340683885,12.33872903870073,-0.1094457686489155,-0.993992768446958
2025-07-09 21:00:00,2.0,77.0,46.0,22.0,2.0,12.0,46.60179661221788,23.3880762044984,7.544676413543196,5.129930421385903,46.08294982784199,49.38558324179344,54.37186158663837,60.33526897817504,65.96148981632413,64.47764334894048,66.43613173101095,70.98055266254482,74.6361433777434,74.10999906476657,67.3143174853552,59.74630038546774,49.89666575444896,37.37962773673711,33.75219037840607,36.26402806709809,38.64450087036229,41.12001917822563,37.82706619721878,32.39097010652374,27.976281217173533,-0.1265278168386831,-0.9919630595773395
2025-07-10 21:00:00,0.0,75.0,74.33333333333333,35.0,6.0,15.0,55.50914990713619,26.73307046037264,7.161401430321661,5.335899712753911,45.11438145503664,47.181530464304906,51.37715319015906,55.64528410522919,58.09992061049913,58.04871231124701,55.143055499339766,53.63186530851883,58.49213650353522,67.69350635194043,80.97542162058555,87.20794615211557,93.11148930481316,96.87451993874542,93.8092520994458,85.27133507226814,74.47279584470668,62.14223899383797,57.69853727506293,53.52155973419311,61.888425422013405,-0.1435724234118113,-0.9896398128792412
2025-07-11 21:00:00,-2.0,73.0,63.66666666666666,15.0,2.0,21.0,66.06364883160035,29.95256221765355,8.019206313402206,5.154452591322082,61.14448812473876,65.80033880291577,73.12127818352086,80.7553837017157,77.5858323524682,81.61825937537593,88.46698319754329,78.9713478968159,70.26902098236816,65.62742387201249,68.10842602630076,76.19410390924509,83.44634750429847,82.92936159694038,61.6622380571229,29.04974303168658,17.329850552043865,10.376438641743324,11.750457570423196,15.62395406322984,12.742945041981756,-0.1605745445949937,-0.9870237158387384
2025-07-12 21:00:00,-1.0,77.0,44.66666666666666,34.0,3.0,19.0,62.027888304697775,29.796544942844136,7.557124960719197,4.25665178447317,53.32383690104054,57.60615581907273,63.6549504129015,70.8619348116027,79.14874151177574,87.74816083648133,90.18902879860715,91.67862030967612,89.20477421713959,82.35461297767218,66.88129996140327,62.87889949067,53.90845345228177,33.898367147531324,19.62228418416392,8.480178860125429,5.280489069088397,4.055615776462566,5.5824162793936605,7.864442023309872,9.219070692776798,-0.1775291491870349,-0.984115542601034
2025-07-13 21:00:00,-2.0,77.0,55.0,39.0,9.0,19.0,59.88201402804045,37.47151400769507,5.300988256751887,5.090121069934835,67.69382875828002,73.46585407392506,81.68919263459131,90.88089872118414,89.27084432897229,71.39873441921769,66.84537996908936,65.64812843355253,66.40098691993147,68.47797938340034,71.32190231829195,71.35959738904955,70.1825752702101,65.81158451632413,64.28928665461869,65.22723349989263,66.29308533716592,67.11935929492844,64.03420460455153,59.066713285676144,53.35495334895244,-0.1944312200476619,-0.9809161537413774
2025-07-14 21:00:00,-3.0,75.0,81.33333333333333,32.0,8.0,20.0,71.09901498420001,42.93235484206686,6.122406062838352,5.300904007726015,65.79198076208702,69.93060956384613,77.21207889970874,85.73029196469044,79.42729134606816,71.36214949923341,79.88681412235063,87.97828458888246,93.4378555033186,97.18602982979633,98.38346956640548,99.16473908317158,99.3356499252498,99.66607749276815,93.29660213090447,79.47651008534675,74.94366651700378,74.09216740329951,79.11672132233485,86.46029268288832,81.25235143685562,-0.2112757555821793,-0.9774264960104057
2025-07-15 21:00:00,-1.0,84.0,19.33333333333333,41.0,6.0,28.0,49.35485189812157,32.131042244220566,7.413026430945155,5.10866211602902,46.46112788754079,49.47606919891921,54.82432132004561,61.29814746670292,68.16477940409816,76.00518038752016,79.26604048602299,78.90254049832535,78.90317771067413,76.73581000140523,67.92657577489848,51.57908028292795,35.100840725310746,24.719505095165413,21.958279110112503,25.83101238374825,29.78540365480836,34.07779793707126,32.2826804662488,27.840294762932977,24.146943887573947,-0.2280577712215198,-0.9736476020539838
2025-07-16 21:00:00,-1.0,88.0,14.666666666666666,53.0,7.0,22.0,46.58670431146603,31.5945228229344,7.554431992039717,6.0085223582381655,40.22378888026631,42.0991129825881,46.29729044450519,51.24927342507672,56.93944783743991,62.34232799659098,64.57720652905307,67.67333862131866,65.30085683987308,58.5633758471119,54.014316644735175,51.95921877204034,50.31269444748463,48.57643152394397,46.19059093418575,42.84172715813413,38.178601371744165,31.784827677219347,24.049969239253475,13.67483212850606,10.480717313513669,-0.2447723008972595,-0.9695805901076308
2025-07-17 21:00:00,0.0,81.0,62.66666666666666,23.0,9.0,18.0,66.97441436730708,45.22222098447008,7.1943639200351095,5.45107563660119,57.79844357145224,58.73813719571197,65.24279376077502,72.51459951468718,75.93248492505882,75.65254100562596,69.90912045420312,62.49711793724146,59.88889032367199,64.5374262226317,71.21701608688934,77.36105351634119,82.6486978130174,82.82345324987837,83.64609049141288,85.51160388800919,88.52335802346958,92.4347373057646,91.69324311811508,88.16141662595773,87.409403446089,-0.2614143985111562,-0.965226663665613
2025-07-18 21:00:00,3.0,74.0,13.0,61.0,10.0,31.0,41.28775436548421,14.607903937442044,6.032273533160248,5.079315030697901,42.515768967404064,44.581009502674895,49.60225813826287,55.29224489081507,61.71591973848817,64.15174955840041,66.0371618634661,62.969059136646266,52.71837159000644,38.66284067005388,25.06298219004196,15.348741637272994,7.8864336446263295,5.760827862010513,4.680301560903442,4.950172340688039,5.203120970972925,5.509998406663788,7.607237667144936,10.775345099940262,17.490979238784586,-0.2779791393987801,-0.9605871111248128
2025-07-19 21:00:00,-3.0,77.0,35.0,65.0,7.0,23.0,41.75550790649935,24.00566678033787,8.51354885894751,4.106309001221302,35.62240804918332,37.69838158618105,41.66993336839129,46.32276488964433,51.505009644592846,57.38030237750789,63.76727233721403,65.87327072962894,70.34910388020843,77.37121684014505,83.53365590243264,83.13827512411312,79.88011083183106,74.7587179125378,72.10641758227878,70.76511950353608,67.76801334245056,62.708314363507625,51.52957620972841,35.6976197558668,26.804234797609126,-0.2944616217868012,-0.9556633054034704
2025-07-20 21:00:00,0.0,69.0,71.66666666666667,19.0,6.0,27.0,78.40059031443495,27.73686657506408,6.3665989480846505,5.468794556419773,66.25721723610377,67.12256848930062,73.72743133943632,81.30626303590705,85.87415940834204,85.17647501123517,82.71178074999123,79.91044196056254,80.27560946149174,87.59713085531298,85.08623381781783,76.66430111098396,63.71827058257842,51.77896964102272,40.83044918159335,32.37383385548491,27.51030311194878,25.99135995494166,20.32043218978821,10.406488360073189,5.291849133046887,-0.3108569682435036,-0.9504567035349152
2025-07-21 21:00:00,-1.0,64.0,41.0,54.0,11.0,33.0,50.02154195397844,16.196083142500523,8.336100148086823,4.21851774874869,51.74695336083951,53.46199985569184,59.53129915209245,66.57247909212063,74.41547759886336,82.07727175071956,87.11520437190904,83.32480810934312,77.19498217581747,74.11371738230493,79.25368015509324,86.29825085652072,90.79465408257823,69.9473678315978,51.96278651607469,37.14324904096889,31.73436259984725,31.20537203092793,32.65140095311384,34.734812174061176,35.12953038222274,-0.3271603271220951,-0.9449688462364056
2025-07-22 21:00:00,1.0,72.0,21.666666666666668,51.0,6.0,33.0,42.54287617924819,15.66495966346104,5.690963946747122,6.0837984326215215,43.72725013664087,47.40551738595818,52.92641814177236,58.8722445482927,65.99786116812392,72.93779192842196,76.75251902962188,84.38572296708195,89.33651958882996,74.02873226244853,40.79912557689562,28.3371770978126,19.792518845265512,15.036955173263271,12.237812705127654,10.266044087796756,11.05408221276978,12.708293038501663,14.453736310971545,16.486709190242294,16.45441814908426,-0.343366873996388,-0.939201357453208
2025-07-23 21:00:00,1.0,77.0,29.0,57.0,5.0,23.0,41.75550790649935,21.775137283900342,6.493167708102123,5.150901760996988,39.15389652261431,42.52993351170585,47.32705918091349,52.86427140731275,59.000148842305975,65.64274644470804,69.17963514535134,72.89873006425069,58.11451906254516,38.83678367841297,20.51409235661172,30.12260462308366,39.47035343777338,47.61172820860875,52.2290131483604,55.13430421984097,56.19983225396415,56.61115117557938,59.86071796965597,63.20990727847627,66.56639495244893,-0.3594718130884232,-0.9331559438780432
2025-07-24 21:00:00,-2.0,83.0,42.0,43.0,10.0,21.0,49.209015523499446,33.06633361116608,7.007871381012572,5.997040768661621,37.97327716789143,39.51914634658116,43.44231320346504,48.037824868168144,53.36991717564137,59.7773693749366,66.16104112859848,69.13730322395159,64.43122623371376,52.70131883634836,37.55793760061808,37.53781732770683,43.411274098175305,49.725230869663854,54.15949598986485,56.50952476019297,60.78713149810763,66.14950172075524,72.31796903669093,79.30933056507041,82.03643777150369,-0.3754703786876202,-0.9268343944460494
2025-07-25 21:00:00,-4.0,74.0,70.0,26.0,8.0,33.0,70.99674371996446,36.11391152275849,5.505452587222874,5.517844669104331,81.16766562166676,83.61066084726919,86.39361895853924,85.52002828405418,89.64874475652326,86.17025353211638,69.37433565012847,63.788742476451546,63.86426243759736,63.85743600128095,61.4144950625885,62.30103383473696,64.6487148360693,66.94488706965498,67.1670616727654,65.46374739577669,71.7336385292054,85.09313325584363,89.96004804179073,91.8408163811887,81.95862571904804,-0.3913578365610259,-0.9202385798054076
2025-07-26 21:00:00,2.0,77.0,4.0,55.0,5.0,32.0,40.24187217806167,15.55905927244128,6.125465997043799,5.542963165856036,38.34308266443458,41.414584910178334,45.65895611747662,50.71862926136023,56.41838419977512,60.32877222289289,61.18463408855435,55.20053756507328,44.030036097450505,33.509263956266736,26.93185292719356,22.222994673818803,16.38610624752882,7.986231086275241,5.386321454101627,6.595525338552549,10.192346016036623,15.333837799612176,17.83537825501246,20.127917345081062,17.0613322912601,-0.4071294853542516,-0.9133704517637858
2025-07-27 21:00:00,-2.0,81.0,31.666666666666668,31.0,9.0,22.0,50.68414229057117,39.835736473976766,7.346198727297717,5.283124180278688,51.54171669539589,53.51394248239044,59.09434848268854,65.45252824988658,71.47157103098442,74.11826838925244,76.52532598113241,80.84249510497501,86.31080317812706,90.88776632422068,88.24425660561364,89.46401253670047,92.70137999398683,96.4697926615046,98.98396519688126,99.5190256322693,98.03341722516,92.81808819089214,73.65419067996271,45.43766860330886,29.50379214464928,-0.4227806579826773,-0.9062320427107696
2025-07-28 21:00:00,-5.0,81.0,23.0,44.0,5.0,33.0,43.93224403295816,18.16756354720905,5.573810176261652,6.414703016811143,39.49866205454912,42.01829057097434,46.52397406191518,52.03450886506062,57.991073383841375,61.37890327823019,66.45364457152584,57.69164916916949,38.01101386608018,19.73200338205481,14.338595541629829,14.234369074973044,15.29245574153315,15.99995259890076,17.000120927933317,18.266292863361294,19.230108500231488,19.73306447624864,21.03635473255524,22.47130814562852,35.473125486065726,-0.4383067230125192,-0.898825465016444
2025-07-29 21:00:00,-6.0,81.0,34.666666666666664,30.0,7.0,32.0,54.38997447243735,29.77272341064705,6.926222265602882,6.158551850990066,48.66065663960528,51.01656447583265,57.07385350419633,63.68628951455795,71.45832784959372,79.45014145351969,81.88404542980537,82.85160283639735,80.71355836222702,70.18386788432193,44.52094698988508,30.984156413896407,23.05104257885176,23.23330662852893,23.892635961939963,25.276925019495305,30.32205729550396,38.25202444773561,40.61302186299931,40.79709003990731,30.903523729807542,-0.4537030860313442,-0.8911529104063088
2025-07-30 21:00:00,-5.0,72.0,71.0,24.0,5.0,26.0,68.33135540319206,35.71304534117043,6.165024059506092,5.847207999701346,75.4872962193114,79.60887632054722,83.43162206903682,89.77767065531337,93.22555823342948,89.47665025467282,82.54722549062106,84.30535019726166,90.19601559395618,96.09539735875654,98.6251898889636,100.0,100.0,86.21321804927322,75.80368960516117,73.29412134132511,74.15573820241389,75.95465748945578,71.40033914623733,63.15432521382394,69.46829846707541,-0.4689651910076318,-0.8832166493127127
2025-07-31 21:00:00,-5.0,70.0,61.333333333333336,48.0,6.0,33.0,42.22934726093345,17.829266188113674,7.831895619466403,3.790750283376202,47.79060889400327,52.25077466818148,58.42767889890175,65.5872326897279,73.43094558146855,81.88703235062954,88.93402419484174,92.49839120188884,91.0344044028958,90.57381135592652,92.93181340806062,88.8940592654415,70.25301932255302,36.33695646931853,20.45785671064585,11.22377627703976,9.325887133702707,8.603858891859272,8.34854806420601,8.07922655781038,7.351524229261304,-0.4840885216389758,-0.8750190302029955
2025-08-01 21:00:00,2.0,70.0,23.33333333333333,44.0,4.0,1.0,42.22934726093345,12.772472812161634,6.589071317017276,5.425512351745346,36.46689572224064,40.28574429108456,45.00807925280419,50.46044143013477,56.53465756955735,62.12745080089687,65.94362192313538,72.6759144904109,80.98330836708783,88.11634839576567,86.01828803286531,39.96437311334768,15.033077571302394,3.868014058070791,3.1828366694535184,6.230179673321772,7.057285682287367,7.721962632109706,6.992599038107243,6.21233548948759,8.72009940558952,-0.4990686026885319,-0.8665624788845385
2025-08-02 21:00:00,-1.0,73.0,22.33333333333333,69.0,4.0,27.0,41.131009557887616,22.723540681204145,7.577208408287291,6.139766843653699,48.03428172896812,52.051646415045326,55.46559024732088,56.5261173436129,61.93031123249312,67.97126802618172,74.04178479563542,80.74258917399536,88.0652812259204,94.43753847104556,99.05070487915918,97.6133481448164,95.55213359983514,94.47234814227124,92.17225493309596,90.22725626025723,83.71630402732649,74.74438497380744,66.99966006850815,56.14047687106244,45.46026710161756,-0.5139010013093103,-0.8578494977869301
2025-08-03 21:00:00,-1.0,80.0,17.333333333333332,43.0,10.0,23.0,47.05273912757241,26.881604239094337,8.414507923030186,5.433350014575261,36.76762415529943,39.068160515456334,43.325770762542966,48.0031577524979,53.77653348124306,60.119751104576416,67.48444262715655,74.70389404904199,79.91825914492601,82.4461750601658,79.53612588992732,71.11595978808589,62.81290830766048,60.243938604795055,56.95614417197463,51.97631255578561,41.139910173611234,25.894154363374643,16.353493667713227,6.722892273000006,5.513868206444238,-0.5285813283559292,-0.8488826652214553
2025-08-04 21:00:00,-5.0,75.0,24.33333333333333,46.0,6.0,34.0,49.80730647655911,30.49508203910565,6.768128904908413,5.903744667324953,57.44526141085006,63.50946655482218,70.75260175247428,78.06437335944987,83.17279070677037,86.29833980427254,88.87378168632051,91.68679024241708,88.74363217847663,86.4378941053619,86.11560764780151,93.2434177824333,93.69646061115198,80.95136378032618,63.93036033708559,43.477394889872805,39.6076477945355,38.46267868059069,31.52143621476448,20.836853524268594,14.816201568406282,-0.5431052396834317,-0.8396646346181327
2025-08-05 21:00:00,3.0,73.0,34.333333333333336,48.0,2.0,1.0,45.99392700009288,14.821424661784848,6.047030047821461,6.416606166298918,37.46216769983768,41.88943016089866,46.82095055994372,52.39578256472866,59.00723204626988,66.34352005246662,73.33708342111636,75.11981790603897,44.51140020856671,27.21948823529092,17.902530791259665,17.759029008200017,18.05763942622656,18.526981142946266,18.70750323965636,18.818124133854823,17.890026776417564,16.6183004599805,15.673130985125333,15.711334429828453,26.01141368552528,-0.5574684374327892,-0.8301981337405212
2025-08-06 21:00:00,2.0,75.0,13.666666666666666,50.0,2.0,1.0,44.62766525267708,17.913276247205797,7.092397524703606,6.278875150437004,37.84001036478956,42.00435099520046,46.64522869059047,51.99190248961196,58.11362353562168,64.52439993536468,69.52145833485538,73.25910599782006,80.13536877026206,85.46071675167192,79.18879297215679,38.26884231164845,18.31754988360959,10.28168606649148,10.00001942851077,11.362807420570665,13.388287999612162,15.87830493254583,20.215511055444104,26.933146536960123,41.76298582190753,-0.5716666713027052,-0.8204859638785327
2025-08-08 21:00:00,7.0,81.0,14.666666666666666,64.0,4.0,21.0,43.93224403295816,21.818949525143424,9.132301991406909,5.39020571672181,28.8932214237894,31.826406052854683,35.31539331370158,39.4307593868288,44.07013704109201,49.55466484687376,55.91842848620734,62.750176070043416,69.4419023564975,74.19614348852303,76.4492328801878,83.85572700229194,74.55514016006511,37.081754520183416,17.854656103744087,7.064390681220396,6.276560180889383,7.750776666821533,8.94262071610176,10.350566835701008,12.750863466267484,-0.5995514915196489,-0.8003361849976323
2025-08-09 21:00:00,1.0,81.0,16.0,52.0,7.0,22.0,48.9158905388298,31.315856894138623,8.490064380486535,5.489033922232816,35.28488939436784,38.62365558553865,42.90319472799382,48.11126064391133,53.75831529673122,60.64912270318143,68.60201960484663,76.95788289494263,84.63650389089318,89.49815687088481,89.54709648014969,83.89674782967028,80.41194340511765,84.04239533550871,86.75037696128491,89.41732109901562,79.47733681888619,64.6582804066896,51.54785866113451,35.16902181669911,34.16502589434967,-0.6132298262997502,-0.7899045386224707
2025-08-10 21:00:00,2.0,83.0,50.66666666666666,36.0,6.0,22.0,56.60018976956015,41.65309066253877,8.106418672954172,5.270069539556366,39.18787123078919,42.8219189895748,47.49719732653387,52.95615790186943,59.38156984093812,66.35371582119318,73.86897646564246,81.22229813691617,85.39366647016293,87.43469721620325,86.96563719284639,83.14599932114477,80.90880083313246,82.89712268181256,87.8621205692921,95.8593072176726,93.69728245188662,87.37151813757434,74.8633980622005,58.94216792015114,58.61086522379885,-0.6267266965083301,-0.7792391467859886
2025-08-12 21:00:00,2.0,90.0,14.666666666666666,63.0,4.0,21.0,45.286332027215,36.88401646337818,8.646868533072217,5.919784876260538,32.05910786956307,33.921301405079106,37.70693329670508,41.73121437326328,46.65350914274802,51.82390953219833,55.930956451666844,60.827636901665,66.35421387881595,71.57407279449224,72.88664835301694,68.89104969653853,63.813086170376096,61.81002528623736,62.70417467139456,66.84738536840383,69.1119149873993,70.46854677579492,67.48883373485108,61.631990978398655,50.43998471124088,-0.65316012232693,-0.7572198192083127
2025-08-13 21:00:00,4.0,89.0,15.0,50.0,7.0,19.0,40.63140777901212,29.53579517853148,8.690581111548232,5.939535234812826,28.33273962580628,29.29538793433208,32.55435509004182,36.37977234651721,40.670805521264505,45.81721040213523,51.57650269692267,58.259718275687725,64.18613168141643,69.48834413256104,74.53199065828353,64.87486141830959,46.580093084764535,39.19793276272425,35.51772976992418,38.7089913234228,39.50022068927751,38.64506954428775,36.857634509553726,33.836666748559864,29.47052150084888,-0.666088855860977,-0.7458723993404063
2025-08-14 21:00:00,2.0,75.0,64.33333333333333,24.0,5.0,34.0,64.00100515322764,28.873947676908777,7.383628787704612,5.551287479804352,44.82278774589849,47.85878758932503,53.157893833200575,59.35452080008542,66.11082253412866,70.19965574270083,75.68643905069197,78.30091894467692,79.63619929802162,80.23064738329833,84.03725970875819,84.09116147959607,79.58777058786968,60.18343612682716,40.849491561589005,20.274693178511903,9.89068062778779,3.381871880090748,9.818906150274444,22.83701045900532,30.16574657577508,-0.6788204829862355,-0.734304263829602
2025-08-15 21:00:00,4.0,74.0,4.666666666666667,33.0,4.0,36.0,35.513665945840565,10.2296665894037,4.954050540138208,5.92793154774201,25.756611547015098,28.837981909496424,32.1721489376806,36.05938692027866,39.18187755229295,38.043785047362704,31.18563141239289,5.918135692724536,4.773512185822264,6.009021327784974,6.647961212640877,8.939255189359319,12.478014436105534,17.708489837357053,20.970635152521844,23.839817242248262,23.751362300805347,23.06604283439097,22.39604105462434,21.098660965832256,19.214191654029506,-0.6913512362094071,-0.722518835873311
2025-08-16 21:00:00,7.0,81.0,4.666666666666667,59.0,6.0,21.0,39.40101558954868,16.563954310955456,7.207064203522389,5.858878647890801,25.611504063554207,27.44538775610394,30.662274863476195,34.15208155876094,38.1356760433162,42.7185313456043,47.27399743230698,51.49978459861513,55.456393917964384,50.11671637568704,28.10243288254528,17.41989361153523,11.535938055021848,14.096031294779989,15.799899511928633,16.78848218744471,16.91108539556256,16.740583458553438,17.021464273055447,17.563530793912413,28.17087362409209,-0.7036774074790128,-0.7105196029692745
2025-08-17 21:00:00,1.0,63.0,75.0,16.0,8.0,34.0,77.90658589720972,35.54152943748911,3.856102777685268,5.470516187333451,86.89081697776993,90.25616789253507,95.19218728408195,84.82266124435458,77.66953385137715,82.63735158725414,96.21866242189996,98.0732872849306,95.50594703600052,90.7312136969238,87.05205647015042,85.45568660311498,84.42378160813348,89.40027956795726,93.60223769959472,95.63730905984389,96.70761864841832,97.19307371540523,98.05885182804931,98.99642121960537,99.186231478178,-0.7157953492826642,-0.6983101158835584
2025-08-18 21:00:00,0.0,66.0,6.0,55.0,8.0,34.0,37.02996502581201,10.5444490072303,4.211164791324314,5.506022938700814,40.15308186832234,44.67604732893224,50.06401267247631,56.18840310785773,63.440985322883016,71.2405256226971,78.65958708876671,84.91309806041536,56.7442889043646,28.387466170939064,8.67850037425578,5.651480332382308,4.658726102401825,5.997421558009145,6.634774652749152,6.98297676221577,8.295750285207209,9.9485042467888,15.855935592301028,23.97721617189257,34.13699097660585,-0.7277014757264236,-0.6858939875998223
2025-08-19 21:00:00,0.0,68.0,60.333333333333336,41.0,3.0,34.0,37.35083468017345,13.430759334338212,5.11602628187722,5.115325777423728,35.18721719947847,39.40470767846915,44.21093073367353,49.58689329336162,55.70800350739965,61.08065154683384,61.52505633451128,53.66680899529096,30.04083688826053,19.93489516981053,20.54001950343863,27.466908231486,34.47506458738642,41.62094433806395,43.55852212230092,43.27733217067743,38.31715304713524,30.739497460866893,29.885115072611555,30.56790158895297,53.03402648831008,-0.7393922635959241,-0.673274892250183
2025-08-20 21:00:00,3.0,71.0,70.33333333333333,32.0,3.0,22.0,42.38632854210911,21.328995009600952,8.921250340128626,3.576865796865882,29.675254405468863,32.88872460189894,36.664644990759406,41.151711230142816,46.34098966347975,52.16502522918057,59.05128950361293,67.29523194067889,74.94389102461312,82.08312117872421,88.97647108289662,90.87710674127776,89.41069365684417,84.77168231270699,76.56388342246086,66.96364954341914,74.14073105813489,84.24481366433041,88.68539118834465,91.44397990855914,80.07605308907975,-0.7508642533989489,-0.6604565640279754
2025-08-21 21:00:00,-6.0,73.0,29.0,53.0,2.0,25.0,42.69898982567596,21.673960139411108,8.099464220349992,5.227620546661536,37.10531228135815,40.36015761345918,44.85129822711007,47.50603960834891,53.59607965279803,59.168801608371126,65.79837568926644,73.54655537108458,81.42031708962082,87.25835191546932,90.08838503861696,89.8434876862072,88.14076442470872,85.42145826363462,73.05863332507695,55.39458892964432,48.17956848559656,42.17841619786351,40.14013551179832,37.91872005659431,28.397187696443737,-0.7621140503891487,-0.6474427960827475
2025-08-23 21:00:00,2.0,79.0,38.333333333333336,39.0,8.0,20.0,42.06527111257702,28.63744778566496,7.8916927511700035,5.58070293499782,32.67864650020577,34.9067371161828,38.9116171562242,43.44903157631377,48.780773850610686,54.78461999595967,61.68862970390403,69.64109295312105,76.46332937846763,80.69448314188,80.59918850411785,81.62556611329398,84.74851750847873,88.92063535261487,92.50521618470134,95.47786843653392,92.401828009091,86.36455012918142,81.88237154063775,76.11307198541726,70.16979374912192,-0.7839338166829201,-0.620844401650647
2025-08-24 21:00:00,2.0,77.0,48.0,42.0,12.0,19.0,43.319098678448334,26.2991193708908,6.80628480951989,6.048152363401267,38.73846877572892,40.99952513026282,45.73987988077083,51.01864814242042,57.06210520868359,60.14371538628869,64.77265255538256,66.93513376051071,65.55534042786445,65.46846918228975,71.20069618820864,76.60684628979703,80.45825079632563,77.13038093510832,68.51454596944492,53.16769121038878,42.39119917425853,32.064604646380204,24.61488293857824,16.12989329886035,14.745872853824684,-0.7944973291665992,-0.6072676460566135
2025-08-25 21:00:00,-1.0,70.0,73.66666666666667,18.0,8.0,16.0,75.76630560203299,34.74888496182871,5.3682896969773966,5.319381468954653,87.58298136773236,90.64194147971058,95.46138802174852,93.70026793493004,92.24655623091466,94.17202629874517,96.70379911062336,98.71601147677492,100.0,99.39759469287766,100.0,99.04502147633806,92.30935330048872,69.31960967802777,53.18353644497344,49.37497642560261,53.13523266670759,63.784529157902426,49.32923578683504,20.150042753449867,8.732728574109379,-0.8048257371083452,-0.593511190196115
2025-08-27 21:00:00,0.0,69.0,45.0,43.0,6.0,28.0,47.116170975474176,16.320617643425056,8.024095361905985,5.355106062812997,45.57591025898092,48.72946475899161,54.3480429611903,60.907742320178656,62.65206461812976,70.22152127907131,76.62335981266048,82.47373111754422,87.4792467437796,91.89236990070684,97.7545921748696,93.4258105737486,81.3267931514988,55.62303316077772,36.138659141244666,18.203171768309907,12.183809960555449,10.317070072899527,9.799302569040382,9.259363853769646,11.824433835303967,-0.8247650844733614,-0.5654755126737576
2025-08-28 21:00:00,3.0,73.0,22.0,50.0,3.0,20.0,35.35521255505313,16.322257608284417,7.731073521378749,5.859438410879432,28.97382572264507,31.603200210632444,35.30193158320553,39.730753848335446,44.78536208090208,50.68838175115344,57.93988859085274,65.47724621984948,70.03793062694861,65.45589734160143,47.226704294804,42.75589115296808,41.89778269038997,45.564046189343,45.91901110411115,43.15029772480765,43.49504027689115,44.931906829166415,48.87250279818299,53.38749737897813,50.97423216775576,-0.8343701235229537,-0.5512045872199277
2025-08-29 21:00:00,-4.0,66.0,68.0,23.0,8.0,17.0,62.89408489266924,25.221712270334933,7.017138455104887,5.26071258012873,81.11261265340875,84.90879044648258,79.54723027067162,77.75370123648445,78.81901182477766,80.5104486334854,80.96167954615181,79.57550939810403,79.27520435462425,79.69544120036234,82.4898523644118,85.93178099133365,89.21300195238808,93.01884394803896,95.34386192568884,96.1952715598874,96.05739423390376,93.974546568381,87.18445221916689,75.81149219715681,73.60701350616112,-0.8437282590292712,-0.5367705514607103
2025-08-30 21:00:00,-4.0,64.0,69.0,23.0,3.0,27.0,67.43214236750362,20.45166713441445,7.701793409611795,6.332627510209945,70.9434698004591,74.92343696428651,76.79357882765792,81.03811301762649,84.47592708179488,87.76772298809597,91.20140387669326,93.34864627454574,90.4405625947943,84.22969299902888,76.4375266385832,74.1889375351829,72.09732665784088,65.9005428290943,48.09523381264895,21.446916169984902,15.220761202602876,16.944707854380123,18.192974398015583,19.155489717332298,14.131620231887096,-0.8528367217694595,-0.522177676659508
2025-08-31 21:00:00,-2.0,70.0,36.66666666666666,35.0,5.0,33.0,52.83156593782089,22.02644256384516,7.861120563217606,6.067938662169851,54.81046682191702,59.02069044305838,65.84823347104589,73.45414262524949,80.85438843031775,83.86596584457723,82.54631472777552,79.60706423300408,74.26019461473872,71.53693544667406,73.75636274121553,77.31853161084553,75.72947206460321,65.67462803516277,57.96693380448063,50.8840782026763,47.892808243226064,44.75437609498136,44.18894501666109,43.08291911851051,49.06557712134153,-0.8616928164028521,-0.5074302810827518
2025-09-01 21:00:00,2.0,76.0,9.666666666666666,36.0,1.0,1.0,43.164723830282384,21.08826461976846,5.939414757039893,6.786126887014675,48.12550977186814,53.33640565421244,59.23517262167984,66.68233524795487,74.93208752577239,82.9904453282548,89.7645519923547,90.7666346268195,88.42954159235728,60.24978469306799,20.73213565363152,16.91874903783459,15.94170878279068,18.88563919181824,21.67660288007568,24.90557423961688,23.64424595185784,20.72238199759957,15.97831756337324,9.637864760216008,8.934816661012034,-0.8702939222685674,-0.4925327287220543
2025-09-02 21:00:00,2.0,75.0,68.66666666666667,20.0,1.0,19.0,48.024842970657794,23.05217092385782,8.023001025448297,5.397165483390944,40.11947323652598,43.04587269144818,47.910022702379685,53.362929819853136,60.03358106516827,67.31422908127773,75.84112536101289,84.69997610106445,89.79829003833517,92.47415536530367,93.72784214964496,68.69586357281064,45.58118647348344,36.74646033634287,31.03092215672833,27.41914806723389,23.08562805702509,17.43438518012121,31.20746558903847,52.8256974848845,69.3825769301358,-0.8786374941610001,-0.4774894280028391
2025-09-03 21:00:00,5.0,75.0,34.666666666666664,39.0,4.0,22.0,46.298807793176586,20.930389190842067,8.449522167540072,6.109490362539775,40.13826988709919,42.03511220117164,46.783937282429896,52.23662837291752,58.617690313319656,64.4889157473401,68.05708145225589,69.13520360503152,70.48871463045157,71.74369081147624,72.00501841748245,62.07462233178755,47.66718740538946,35.685694726253935,28.64026599596591,28.022662432010844,27.904063228017577,28.056337825477424,25.044535229833293,19.20955326322652,18.81162271094673,-0.886721063082993,-0.4623048304798108
2025-09-04 21:00:00,-4.0,76.0,10.0,35.0,7.0,18.0,44.78108457497471,17.69721200294165,8.168384663614631,5.3110068537264965,33.47876120671165,34.8167616418208,38.66943875793103,42.80627376165733,46.803601266031485,51.80007852512011,56.62893506746497,60.40239144541125,62.55243776558517,62.580715336794455,59.26220032639674,50.125804867794486,38.4848403538921,27.956953273034923,18.307101051832248,9.886201810511128,7.841698796957197,9.350805362925026,9.45269087924858,8.819070123793258,10.320510233540327,-0.8945422369764496,-0.4469834295196741
2025-09-05 21:00:00,-2.0,71.0,73.66666666666667,24.0,10.0,18.0,65.83068248854447,29.197298815225984,5.768777805769089,4.969190497710559,69.30033579988387,72.96494398685417,79.71964659278196,87.4620839850775,95.06257684078967,99.37270078124656,99.0506228868224,97.4128548529264,86.68771809885291,76.83852317395392,76.04202976049717,74.33485409567606,69.08367599226327,55.80644609264975,42.255984023793054,28.45722043484293,20.645122771334748,14.372952871347731,13.005010727857965,12.714456200118892,12.260085654961166,-0.9020987014301836,-0.4315297589714714
2025-09-06 21:00:00,3.0,70.0,70.0,9.0,9.0,22.0,75.76630560203299,39.371080222865466,4.660817824649991,5.807464396010471,90.33977814613044,94.67625751478236,94.27516174376052,91.29616519175543,98.50205671122076,99.66657858937192,99.61094932356514,94.36049104167266,84.45495417006728,76.78556555792665,84.11449749272026,90.48906262977624,96.34022156953463,95.5870458045398,94.05274747091693,93.53098350029929,89.86636873843936,83.64218255109121,74.68336393523727,62.21387611275646,54.17720748734022,-0.9093882203647924,-0.4159483918249421
2025-09-07 21:00:00,-3.0,63.0,81.0,18.0,4.0,21.0,64.87706300814675,19.22813856644425,4.701027099266279,4.682293897805783,80.88446304150506,78.65498775113278,65.20469069025523,58.55182954010738,61.99136289808692,63.23252553577547,64.02917250944637,67.53685074722476,79.34215597787482,93.28521874820136,99.35828565864568,92.65228040004736,76.00642707478019,42.02065037034775,18.662636312155268,4.334506332419604,0.4609133587797477,1.2068803891672728,3.1772274914657137,6.277009962493295,7.0076948556253225,-0.9164086366943458,-0.4002439388573056
2025-09-08 21:00:00,1.0,64.0,20.0,52.0,8.0,28.0,42.91004821211931,12.755623603551534,6.470543615266379,4.1327731721888,44.85330237981452,48.15585096219796,53.89924460132877,60.29103154956282,67.67925530468592,74.8945637922606,80.43179900133079,79.57854753882992,84.30407940192579,79.2220310900769,62.470010063548585,37.72017781273039,21.22082194349339,13.879210629754754,8.88760104025373,4.936639966870987,4.516527593039534,4.678299904447504,7.293356724409391,10.714551855576698,11.459116873485216,-0.923157872964704,-0.3844210472688554
2025-09-09 21:00:00,-2.0,66.0,4.0,46.0,1.0,20.0,41.59709377958029,16.137253786287918,5.589336760981762,5.499652388917985,40.113666296574735,44.41701227003311,49.25142376046492,55.29921273365371,62.28835270530125,68.79148261102303,70.74600690347853,63.25866813664397,47.1715274309747,42.26606485716601,42.5558874898328,44.19702639246688,44.72034463340314,43.70793544013134,42.24890129784568,39.89684920041185,37.65050419671645,34.791262278277806,32.5403422374204,29.67189961944917,29.07999447741619,-0.9296339319682696,-0.3684843993077793
2025-09-12 21:00:00,2.0,65.0,2.6666666666666665,34.0,4.0,34.0,43.06846672014498,8.986667275031172,4.866956903463383,6.222940991877701,41.26321382859194,45.3913311082178,50.78466292861684,57.08724583279061,61.66482922250376,51.48590336919483,24.17549889734048,13.912371114052656,10.118527044348252,7.946370906944076,6.498678889900001,5.880772086345601,5.914421977549223,6.977456102434379,10.075614891557244,14.601313159106391,19.71386808661142,26.017360985730743,29.980782667642,33.983076180810166,32.39778052000847,-0.9474042892438844,-0.3200392362231385
2025-09-13 21:00:00,-1.0,66.0,73.33333333333333,17.0,6.0,20.0,52.248935377409744,18.53423966905365,6.54847330989601,6.803006658331165,44.86622560747273,48.15016443638825,53.65349357092967,60.02234770216364,67.74469515218968,76.35316719120124,84.26644693023478,83.58740008448923,74.69998352383399,56.89891648776364,31.86900663842617,19.96357210235177,16.513733956907938,30.59677903672514,41.32201024341112,49.733750393689306,54.91624396444833,59.27524182259728,70.86780618821264,86.65971725934894,87.4385382990408,-0.9527692922168512,-0.3036950375106588
2025-09-14 21:00:00,1.0,67.0,31.666666666666668,21.0,5.0,34.0,60.7543368911074,22.91334102776104,8.11945522507944,5.140191031058559,52.0155761417301,56.04102220726126,62.21450051042359,69.83119838980639,77.9555787232587,85.18425623859108,86.67372394384839,88.32784078982172,89.28938180747078,89.97192225308946,93.3905664265301,97.07063342479896,93.72908412021988,74.82444393499696,53.17016999970824,27.987362382630486,18.519218576829257,12.796129265241412,10.13888948664316,7.29272783290173,6.798478198061759,-0.9578523554276668,-0.2872609705505963
2025-09-15 21:00:00,0.0,68.0,12.333333333333334,34.0,3.0,33.0,48.76137121429922,15.919111067112826,4.8476691677936685,6.233395638176543,46.03478822522118,51.33736014473318,57.40895521911802,64.76653017870191,73.05796543195123,77.97464534920941,66.2293344376828,32.031406152884664,22.309446471620948,21.19094239143156,25.609029306333003,33.25772589587501,38.16737798068971,38.764192018589945,33.04017783981804,23.443721671336515,17.879580545041364,11.445741096845326,14.366902220833929,19.178531558164263,29.866703999379528,-0.9626519747161488,-0.2707418984477642
2025-09-16 21:00:00,0.0,73.0,3.6666666666666665,20.0,1.0,26.0,47.7239173666059,18.14797130442632,5.461327790014964,5.670298396836665,41.87897775845273,46.36961290466904,51.46922727508113,57.22328243776354,62.04945045755379,57.92005704415272,43.69820679911302,33.801531392027975,30.4378859923514,29.05446405654992,28.4420502445887,30.30741682039532,32.86249350260243,36.28092317871501,37.2363253880616,36.70640066915988,33.587047820475334,28.850874153995388,25.309192738533937,21.03120684737405,18.05596782323432,-0.9671667297977312,-0.2541427094613622
2025-09-17 21:00:00,5.0,74.0,44.333333333333336,25.0,6.0,21.0,49.659407487470894,17.2148395560218,6.126941871055433,6.59298911823902,36.329958059052615,38.95331623664341,43.35239905414431,48.42489481854064,53.93151872287911,57.140157285258574,49.85422215791767,39.19512853047211,32.18337089912909,27.931508774214187,25.420518362040323,22.130534156979923,18.91816404399536,17.365444593239562,17.596130525844252,19.580203133499417,21.631095064581245,24.003649964173466,25.64211912986316,27.538692459851056,29.613326978121137,-0.97139528468375,-0.2374683155584684
2025-09-18 21:00:00,2.0,74.0,40.0,23.0,7.0,23.0,49.659407487470894,23.68585738386162,6.989225433726918,6.615525672519655,39.88986918078416,41.17864774436394,45.83342300768614,51.2184007885709,56.68152002079592,61.92123735913211,67.22617984392758,67.5686702798756,61.503797576104255,50.65990770630001,43.68186477503283,41.15171136486972,41.231994028392606,44.26683638569202,47.553298523307255,50.64942954570974,52.9008950018399,54.21437305355039,55.1578095759851,55.50412240374824,53.569496473934166,-0.9753363880767836,-0.2207236509605022
2025-09-19 21:00:00,0.0,60.0,11.333333333333334,51.0,10.0,33.0,37.530950003330325,7.340580464220232,6.661039100567148,2.541172080427934,36.56812773835001,39.18251489211004,43.882731604216815,49.563114656391626,55.47912881051784,56.58961696917109,60.20450927543328,52.30402942376292,37.20548435638235,23.22009814385874,16.703027814190662,14.304238760080382,12.3151517495944,9.818377354668808,7.320844045016392,4.904958114178863,4.154671781125222,3.9554941401734247,4.843554690029827,5.921282036426557,7.454817989074419,-0.978988873740932,-0.2039136706831147
2025-09-20 21:00:00,0.0,60.0,3.0,52.0,8.0,30.0,34.63816253787311,7.731244690116386,5.850703438054311,3.676037097342441,35.97852141242227,40.06847696152696,44.91669146804991,50.45166613555976,55.22248961140848,57.44321183121538,56.86221898278204,45.76555479747174,36.5165996796638,28.697195783367423,21.84964379011616,15.31545868735261,9.78600689946426,5.66830119125792,4.628714078656711,4.5959317721400295,6.669722593819364,9.258281377135477,12.092619552276265,15.293150470898034,17.226295736975835,-0.9823516608469236,-0.1870433490699165
2025-09-21 21:00:00,2.0,64.0,7.666666666666667,31.0,6.0,22.0,36.707670168732406,8.626920858196007,4.743071887034604,6.75729940601186,26.550311376380296,29.255113188554294,32.57031340355337,36.45328194425918,39.40746517059511,36.76518083316305,27.4818161109124,16.433969341982333,10.580493556929564,8.715962712184364,9.745467899368384,13.145405799565244,16.21609032020215,18.69943496698392,20.08502204783197,21.184245388696407,22.30565404464202,23.566716587796115,24.48718259239721,25.20425127141681,24.786832032285133,-0.9854237542919524,-0.1701176783204905
2025-09-22 21:00:00,6.0,68.0,33.666666666666664,25.0,7.0,20.0,43.54099847976219,22.967427974873125,6.122952565796784,5.507738552521431,34.79259969554502,36.95399349571362,41.0085103999992,46.14589137704323,50.72800305471327,46.90906536761207,31.815650080517194,27.315270299371907,39.26883201404668,59.45964773052608,82.09390809244726,93.45686787651474,100.0,100.0,98.576384908964,92.4418490434905,87.43691744830801,81.78045005034672,77.19955748501454,70.52226010637645,53.71785888825554,-0.9882042449941422,-0.15314166701312
2025-09-23 21:00:00,0.0,67.0,78.0,13.0,3.0,29.0,72.84035496253438,29.591377729272136,5.9710717746375375,5.444300456821083,75.64123561062115,72.78725888043533,78.08020137271362,84.420872923583,88.97893273847754,86.87610276784532,85.72030621109347,89.57516664407754,94.90756829576289,96.25306389168098,85.86176748545853,78.65853343429497,72.72431570202261,67.3363592436462,61.80559428655321,55.87816520248769,44.996782747790846,30.159999983018064,30.135601182035128,34.28276084007452,42.01209914708656,-0.9906923101615608,-0.136120338622667
2025-09-24 21:00:00,-1.0,66.0,30.0,33.0,3.0,7.0,48.45795100926463,12.872818105996588,4.698603151673561,5.888752492697121,52.51948017683586,58.24143978520316,65.01388069955344,73.05202661517562,81.70805760135535,91.24722623917089,94.61600585036464,65.48210328248364,32.44797986072905,16.184774344270057,10.160395480027695,6.530719934327495,3.934733711807715,3.212115010229772,3.348431985860978,3.889335503537992,4.7452829814426165,5.875509072470591,7.622161276995751,9.728509184952236,10.635455221937857,-0.9928872135356962,-0.1190587300340498
2025-09-25 21:00:00,-2.0,63.0,70.0,15.0,7.0,16.0,67.31731330492019,33.2227688764288,4.955312023583989,5.365315392530769,63.74094461967276,67.15808388762042,74.99779518687134,83.71078459951627,88.91641330162908,95.07828461081188,99.89665871174056,98.86331512040752,96.13062123672547,92.47469745905028,88.8281114997121,90.29575661688976,93.1883694530706,98.24449748140384,99.96935490088676,99.25117818502748,94.22226260790546,86.01727181829605,82.9396995025211,79.72069911352271,84.38123921800631,-0.994788305609327,-0.1019618900517457
2025-09-26 21:00:00,1.0,71.0,39.0,37.0,8.0,28.0,59.09625567070867,27.75909036806529,6.447777862921373,5.3729034490121785,65.90227884455314,65.81209497631474,68.70589627961976,75.43821607823857,83.57161936973604,91.5406857236573,97.47529446489972,95.8848184441761,89.59873800369239,80.88305150243829,68.84034342976815,59.948628810733005,54.581920973823706,56.63641475198885,57.681227779881375,56.67493456895652,51.65395679575839,42.05442408661845,31.047403298299542,18.06115237472021,10.760386421909484,-0.9963950238187232,-0.0848348779057653
2025-09-27 21:00:00,7.0,64.0,3.0,26.0,4.0,30.0,44.59848894543656,9.177228119306392,3.900953100143155,5.1953583308838125,47.6602472104488,47.98937317486537,51.8933274036733,57.777143394734885,62.19803848653693,50.379666186548334,29.842068266655737,15.108623142306724,7.318152706063966,3.652510052376295,2.941449598994064,4.743228262027715,7.478589604212041,11.15330697184572,13.318716497542136,14.164150947618252,13.33090312357822,11.385834650385515,9.82157615327504,7.6246108200494,7.425925013232355,-0.9977068927101168,-0.0676827617545516
2025-09-28 21:00:00,7.0,70.0,33.333333333333336,24.0,10.0,28.0,56.85324660594026,13.043262589707169,5.622086301098335,5.535230518613423,54.09434030341327,54.132798110141245,57.54872282364767,62.417929897058485,69.04772886659161,77.0570741511904,65.74973979100945,38.989171122341695,21.54415007087764,12.865530206671432,9.0158534090335,6.003482029719056,3.7777277532698266,3.830942323145136,4.471975337405536,5.68396909214622,7.220107387096269,9.054412792507266,11.579271533756646,14.78497080546475,18.05217657280329,-0.9987235240803972,-0.0505106171852228
2025-09-29 21:00:00,5.0,70.0,3.6666666666666665,13.0,7.0,27.0,40.65830242556295,20.4746817116926,6.686719124393863,4.631097082644531,41.433289047231696,44.33650772885761,48.69702567916968,51.541865322975454,54.824955244929086,61.68058131925097,68.9935691149849,76.17175485677791,82.68388361342951,88.748777335051,94.87982734364032,97.6725811415339,98.8790431152336,95.07485864147156,85.36769790022987,70.32714158553425,54.4977923769857,36.30070883633149,28.53783367940005,20.92041824906165,27.837985433965784,-0.9994446170919858,-0.0333235257116313
2025-09-30 21:00:00,0.0,57.0,29.33333333333333,49.0,10.0,34.0,45.24548244177327,11.788375674443229,6.654255664674732,3.187634754903757,53.25511817764637,58.46636609415158,65.21494336676781,73.43460569971128,79.91612962251747,81.92396066085922,86.0535996759759,93.08378911220268,96.23644510775038,88.38113319552508,72.35211073859782,58.01172103247464,44.83134285837948,34.43108308401651,25.04113928907027,15.099503511233724,8.759859553211903,2.112673083972571,1.274187448522129,1.6433206961043212,2.898530150125436,-0.9998699583618592,-0.0161265732706577
2025-10-01 21:00:00,-4.0,53.0,44.0,48.0,10.0,36.0,46.435552620409545,10.465855013934789,7.24708426603628,4.52080267588447,60.628645902982015,66.74458729755791,69.28427830236335,77.04737565084147,82.95206039459168,86.94601591784526,90.3874420876864,95.53471029839882,80.27329300599013,72.51471703226949,71.39699318859078,70.62759979197482,63.38578237676743,49.097438903920846,35.13530880795914,20.991859581003386,16.657317150676963,12.403921431091838,11.060905955123117,9.39738354631786,8.048113403258775,-0.9999994220246924,0.0010751512827982
2025-10-02 21:00:00,2.0,57.0,3.333333333333333,19.0,2.0,29.0,38.56749420534226,13.521466499303356,3.427565081944986,6.135535899057948,40.08429905786683,44.7242317634593,50.29848584960417,56.50345446969284,56.808523837732224,41.19652995596414,24.925171111382024,22.68339744899216,33.79636207700543,45.5481538696471,55.71679042007608,59.22507190786968,58.899777897928665,55.33031809711135,53.068937319527606,50.27541982293765,50.48581950632648,50.16877123477723,48.208551093453046,45.39168573484959,47.24521990592413,-0.999832969770105,0.0182765576816912
2025-10-03 21:00:00,5.0,66.0,14.333333333333334,11.0,7.0,23.0,40.02228196003663,15.202926330783608,5.63258293437536,6.781548865062199,35.158576867053505,37.54456355137826,41.87028360928691,46.1216304908219,48.79919320075339,44.76666025365765,31.84491544742499,27.377002825366176,31.381113708082403,37.07834697925286,42.03744452929112,43.05428424848619,42.97326485703529,41.667524343923,41.246292232289214,41.29663288578641,43.57562046853728,46.53278044561215,49.43860752352053,52.628000209372,57.122821739580296,-0.9993706508539968,0.0354725557531255
2025-10-04 21:00:00,-1.0,66.0,30.666666666666668,30.0,7.0,35.0,52.248935377409744,12.275457653016632,5.817671490692334,5.599355722376873,47.783405704034166,52.109909105871374,58.21877538636434,65.11735953180182,70.56631006210478,67.65268828600321,55.57187032224701,35.89700559843739,23.49018064869548,16.008662976409745,12.395757640118871,10.368909043405942,8.364600229385866,6.664591700012974,6.996322227430681,8.75325586280456,14.068925679378506,21.401878185156267,28.33331037859692,36.366134080964734,40.36523440867705,-0.9986126020839734,0.052658056924614
2025-10-05 21:00:00,-2.0,72.0,27.33333333333333,16.0,7.0,22.0,51.210522217698816,26.645861444343943,6.95879094948628,5.227612120204351,47.171634464825935,51.10466954241063,56.2967382439704,61.7043447047331,66.74187324496502,71.86249811081818,75.26751598300449,76.98798961916594,80.35414592392041,83.32026714185528,84.96503033626759,75.39494195778371,62.14426935523269,44.74214470817239,31.928306858360788,20.86403157820332,16.992617248265066,14.111535425329402,14.465377728950706,15.241754730486823,16.107882292413976,-0.9975590477788612,0.0698279757298708
2025-10-06 21:00:00,3.0,78.0,18.33333333333333,6.0,7.0,21.0,45.08655951191887,18.0369044871136,6.819213695891578,6.398201975392754,36.70284875364543,38.78321585177078,42.54479493943168,46.74054558432611,50.831046949038495,54.67245713078511,55.87062544219889,52.28013680959348,44.78885168981563,33.95331789786527,20.941069022618848,14.742921760005462,10.803317514515353,10.87738571613806,11.179564442810523,11.52620240195029,11.91210370410391,12.30869092551213,12.89921490063174,13.49932627514304,14.225643469381811,-0.9962102997023295,0.0869772313136861
2025-10-07 21:00:00,3.0,76.0,22.33333333333333,23.0,9.0,20.0,44.78108457497471,24.919285677298664,7.178731462758381,6.282502765936382,39.65735041815759,41.32870167059093,45.32823669095245,50.543874963634806,55.59169967837568,57.94276140727423,60.29247046681257,60.91379227668764,63.64216273082197,66.27377632635675,65.61662074943439,60.844642083081865,55.10363970325163,50.71771606579537,48.21057460539067,47.01082116822955,45.37260227761703,42.46639181266044,38.153145861076815,31.05649199109253,24.16021002506201,-0.9945667569706336,0.1041007489354256
2025-10-08 21:00:00,-3.0,55.0,82.0,22.0,9.0,33.0,56.90263834392272,15.2398610124361,4.66592466788375,5.276937371508813,67.17005716369823,67.59565122844242,73.04964040588561,81.59260102098538,86.83439061257991,80.47068648097759,81.80705707736361,85.13125508969954,81.71833000638189,71.37094642465404,56.18165452673506,55.032230803107616,61.23614907144877,79.77862255829302,81.60749254248503,66.34881253657589,52.61327687138394,36.20775241837672,25.960232175035923,14.690504953116646,22.716516660117016,-0.9926289059345096,0.121193461470736
2025-10-09 21:00:00,0.0,48.0,32.666666666666664,58.0,11.0,33.0,40.313950460575896,6.778331419336488,6.724739945919236,5.273202667241459,55.32842301836404,56.83866784931136,61.85895881463277,68.3762193677304,75.36098713941035,79.52810205394883,79.79759231866757,80.07466787469517,89.73029103001151,82.84413582266443,62.951973143191154,35.81400797146518,19.363931428433727,11.102249310579085,9.565894227394912,9.638774613904848,9.447828623489752,8.974952514601107,8.974055051789264,8.842515829221798,10.645596238931866,-0.9903973200352558,0.1382503109109819
2025-10-10 21:00:00,5.0,54.0,11.333333333333334,10.0,7.0,24.0,36.54800076951685,8.60503113434585,3.914191705023016,6.337410603175092,53.3752191790551,53.40374619848137,57.75585683095979,58.597347743264685,52.07262824122192,35.69874168019319,14.912297595271376,5.356696233503701,6.932674495931576,10.377452857274234,15.580604029352925,24.27119906462329,32.397422234944486,39.96781986688699,43.45901603997462,45.73479121121927,45.48503577656718,44.12726912615248,43.85733968969372,42.94276716122686,45.318677483210045,-0.9878726596350428,0.1552662498599956
2025-10-11 21:00:00,2.0,60.0,5.333333333333333,19.0,4.0,28.0,43.96594190631954,15.12175835791635,5.265558500268175,5.337119880696102,51.392835278483375,54.47790633647427,60.19949987769128,66.95916866050409,72.98471768513382,73.98961312520875,73.43344698875515,73.3720555089854,71.22685389454456,63.842116032552745,54.13449112050235,54.470594241656926,54.207228362280944,52.90631478743872,46.1763447511872,36.44135575625049,29.0395036928145,19.6815065364572,15.696725184988184,10.823121058168656,12.12331947391996,-0.9850556718215012,0.172236243027682
2025-10-12 21:00:00,4.0,56.0,26.33333333333333,17.0,5.0,8.0,45.08636504061848,5.914376329791493,3.498799337885284,6.276691141059631,39.4936422405363,43.68487074186568,48.85374401344972,54.94766594430119,52.67653842401967,30.82854354931422,10.561594262398073,3.9295594741558095,4.029761574054111,4.365954825778883,4.751599477247619,5.103866646246413,5.990685436163835,7.307876294531551,10.7211636181245,15.142706936730471,17.83697235982443,21.045327072154084,20.43164640619142,19.446213902585267,17.912226677814573,-0.981947190186646,0.1891552687200409
2025-10-13 21:00:00,3.0,55.0,67.33333333333333,12.0,3.0,8.0,46.75238080743856,11.430926565421643,3.8874567212467896,4.895260486517148,41.01080480952675,44.64773260328185,49.17796720362074,45.218905359632565,26.3184318699627,9.509033101337716,4.934059893321278,10.43121274460162,17.377428979701477,22.65468620940318,26.850970578608084,29.21130026855707,30.262206179641737,29.925658732588072,38.261647915670274,50.56084622065058,65.55599388100646,82.80059583628773,87.94364565953015,92.70731636688583,91.3985870670067,-0.9785481345802032,0.2060183203251708
2025-10-14 21:00:00,-4.0,57.0,75.33333333333333,7.0,1.0,29.0,48.95341107803787,14.366796782580677,4.571540794361546,5.458054356450941,47.14197375814776,50.17596181503431,44.58738667398728,29.099840274656906,23.74082686097925,22.79621858990226,22.55933317609629,22.682096569062203,25.43851910397698,26.9390149048838,24.004750127716097,26.13423542826507,39.26530610615673,76.53133456223907,95.07949981375788,100.0,100.0,99.16384284077228,95.26766123325844,87.17227330337639,80.0127272479041,-0.9748595108374124,0.2228204077947995
2025-10-15 21:00:00,-1.0,48.0,77.66666666666667,34.0,10.0,34.0,51.5690137783655,14.302011142796102,5.628253947899386,5.448336859128262,67.10228607799247,67.91383683611494,71.69326928096291,77.6661956805675,80.09140151074013,80.56385797592893,80.96583055771616,79.48197718353354,80.29846770307459,85.32017136049713,92.88807471932635,97.61388663571336,100.0,97.8342056809122,95.294749258104,96.3195067517523,90.7557812599824,83.43684363284687,80.49527619748822,77.67274482254173,74.5816659569292,-0.9708824104813836,0.239556559120927
2025-10-16 21:00:00,-6.0,46.0,89.0,19.0,10.0,35.0,70.65365266888156,15.956285508552387,4.929221657511541,7.214710341695492,90.42830426553496,92.90498654471256,98.14262836012384,98.90049547368233,98.78700361188288,99.03573490879047,99.367888658627,99.6734635718547,99.794803669848,98.73646460301062,92.66898799624953,85.68473256136606,79.45023398312013,77.56298050012239,73.73455727163484,67.12704113456832,62.83235508977636,59.35183518198479,55.15595530529042,47.14650485409916,38.0361390719986,-0.9666180104000972,0.2562218218071163
2025-10-17 21:00:00,-2.0,52.0,59.66666666666666,24.0,9.0,35.0,56.47490436530192,14.651479398440658,4.912572957398435,6.142552330939531,74.64990575162486,77.91650935744369,85.61540639289727,94.5227137368744,100.0,100.0,97.85259859901107,85.23064879216497,75.03348326249343,68.12678368750178,65.08620665798628,61.31642478325039,56.27126943974204,47.14312236156592,38.65701591432198,30.334526476497324,25.05076673783607,20.380120205776848,20.51185826302413,22.28139906735548,25.793453946852264,-0.9620675724981452,0.2728112643340191
2025-10-18 21:00:00,-1.0,56.0,15.0,13.0,2.0,35.0,54.87491930550421,14.516083726970573,5.010173367652202,5.020130323744919,64.26713174474129,67.28581033682762,75.10587524132927,83.35473257911683,87.73860752885028,90.85142726720242,93.40379032745167,80.20589144400095,66.74459663695008,55.55356583343587,47.36563465556333,40.657674425773386,34.17551868062819,27.38417166086889,20.974321222726683,14.913434889942076,11.14122588825688,7.628505899168106,6.060168911354218,4.61087639786537,5.437340961294723,-0.957232443323312,0.2893199776186952
2025-10-19 21:00:00,-1.0,59.0,39.333333333333336,13.0,6.0,15.0,51.20848118783703,22.952661004960483,4.013813622213127,5.552327965828251,54.118942995868615,56.859525942158896,63.06931567670541,70.46597269583242,66.80155044414505,61.08453513927146,68.13182524056384,78.52807050701792,84.20142359936648,83.81963991994212,77.85467178570056,72.87773012155758,68.07437336093962,64.36592087592142,59.7303974782055,53.97532846837139,51.52139201336608,49.34146108694485,51.91691315642692,55.41346823612307,63.02859913969079,-0.9521140536681102,0.3057430764672831
2025-10-20 21:00:00,-3.0,59.0,67.66666666666667,22.0,9.0,13.0,57.46475728874789,22.815871074911204,3.9680547590644415,6.493556896834175,65.17111191590656,68.22552013996095,76.29665939521432,84.2806831194888,80.31058957612068,54.31885638457199,42.935895304551394,48.46784744018199,56.59877160747384,63.20715542509877,65.48342417998781,67.49679612504347,70.3172672874408,73.74825434126173,78.23591055412655,83.40802792555951,86.52158049807011,88.74711657144488,85.29299430113193,77.98946475558954,68.10168770664534,-0.9467139181463862,0.3220757010206104
2025-10-21 21:00:00,-5.0,56.0,78.66666666666667,13.0,5.0,17.0,71.72422019136161,20.11268466834393,4.348292315956913,5.961117273199218,77.91805294356774,79.41267602715175,85.74669222654738,91.397680187084,97.61296749657028,98.80714181807043,92.01379751111136,77.78137540352022,68.38484270254345,65.4045283475843,66.9744735826032,63.37881919851348,58.01362783221455,52.87235597094895,49.0148720092139,47.64146660684136,50.39560133560831,56.2419581335174,56.5584813040304,53.87447137742676,41.58989512776933,-0.9410336347451196,0.3383130181923076
2025-10-22 21:00:00,-5.0,57.0,85.0,16.0,10.0,14.0,77.39637891920374,24.192462197378145,6.045283103477304,6.978346027809323,91.82170977203238,91.95207227865568,96.7464158584978,98.60916956738753,98.56468188634948,98.53501649779037,98.05126813348794,97.93443045839652,96.96923414582508,95.87804232694462,98.0917113290132,100.0,100.0,89.60381760210105,70.22874472035048,43.56648214124409,22.739048118027075,9.820292910612793,8.304753060016665,16.836212413243686,24.26123321147941,-0.9350748843515574,0.3544502230989869
2025-10-23 21:00:00,-3.0,54.0,44.0,19.0,8.0,20.0,54.58319207123542,13.225499737285228,6.759354792177221,7.239035200335339,72.7294279216504,72.28099981079788,74.43673934370234,80.30684580910274,85.15611426901273,87.58997027070136,88.50144287533689,84.99725919615938,79.29843650907176,73.25053512318316,66.57773439353888,60.90591764063779,55.58112115805479,51.71458777400343,47.195493722276666,40.9454920011486,34.39858175241872,26.59154817821684,23.19217396174396,21.182944103640235,33.14776720308147,-0.9288394302558068,0.3704825404820963
2025-10-24 21:00:00,1.0,51.0,47.333333333333336,20.0,5.0,28.0,56.33114444508583,11.79780350506545,6.586681978844846,7.137171640051573,65.75335216500703,66.31134043078413,73.21995070382947,81.5394961162038,88.86126844126142,91.1249396249094,92.25698883873876,69.05235285881109,56.9791748990747,52.64498816039057,51.50162058780084,52.22577876497577,53.85265697393492,56.0607193682844,56.44612603937205,53.74432555295745,54.74771349531199,56.50504358754729,66.28953543479189,80.46071858297269,70.2480777695147,-0.9223291176290545,0.3864052261209853
2025-10-25 21:00:00,-1.0,48.0,40.66666666666666,20.0,4.0,30.0,51.5690137783655,10.238841535884738,6.483090366147791,7.027317248590353,58.865355522123295,59.84135553331456,67.13121869249538,75.47022412112932,85.94429700135491,94.39862529684969,98.17637451431244,98.3935466563602,82.47110478726468,70.7900746422001,63.35179705066134,54.019018307942765,46.71289076150796,43.25062917717912,41.05821952435775,39.0712235874804,36.66571516405386,32.54100289333739,29.60528239929221,25.344818866137885,32.04397788771768,-0.9155458729775467,0.4022135682368036
2025-10-26 21:00:00,-7.0,46.0,78.66666666666667,21.0,4.0,34.0,62.7296706624694,10.988481800603804,7.174275101072038,5.711020308699743,63.4989599249281,70.16957280297564,78.59453155631944,87.17406966383436,95.1309373932061,97.82462805333594,94.62311171404846,91.23398031350207,90.95843221925644,94.21505080460882,98.10847442711152,88.48376839849115,80.18572453403192,73.75781023759704,75.18915434869857,78.78357324705286,72.62720643012112,63.1261833445158,47.67560312996772,27.98889917580219,18.776074611471884,-0.9084917035725082,0.4179028888867866
2025-10-27 21:00:00,-4.0,46.0,72.33333333333333,14.0,7.0,36.0,65.27873590995324,13.873339294350892,6.335784352082165,7.098363976329862,80.16492774611422,83.10992511496512,89.41868070187728,96.14797136370132,99.6358913863023,99.67047751256914,99.22017853356652,99.35731116109378,99.43556883441316,99.60128035729468,99.11248172817452,96.55899320658531,92.9932637471171,87.85630777375252,85.88601609063635,83.30959431758691,82.47338690272689,80.04143111360989,79.12760734771368,77.27786277013668,76.64512239912348,-0.9011686968561567,0.4334685453485363
2025-10-28 21:00:00,0.0,47.0,33.333333333333336,10.0,6.0,36.0,55.75013809412802,8.3766916554409,3.801423681963525,7.06917773356543,71.67763025547664,77.67985300463206,84.15559691111818,93.2905878610178,98.94921581057976,87.20566442912195,62.8989024718837,40.09391675076861,30.936776972515613,26.832812694952207,24.19354254769923,20.32400869537207,18.99589433679745,19.644946641142543,18.02200360233224,15.4501211378613,13.443654815390326,10.71949371069407,11.947211186073456,13.321895631835837,13.801473308345436,-0.8935790198239952,0.4489059314938798
2025-10-29 21:00:00,-3.0,49.0,20.0,3.0,2.0,5.0,51.72228049821772,8.505298179989131,3.5228719495376004,6.4791178118995,56.89154750700182,60.08867752414938,66.6650283278917,65.40960869324537,51.320056336953066,39.07112902437657,30.664641825432103,26.54110625949521,27.89737738914184,30.837228086430947,34.05741750588776,30.295419967438647,26.010808051387468,21.03646234985161,18.98274121235687,17.396240105396085,15.556910111814858,12.925850719388873,11.103971413280645,8.438890339714627,7.695347383636905,-0.8857249183835637,0.4642104791518923
2025-10-30 21:00:00,1.0,50.0,67.66666666666667,9.0,4.0,11.0,68.38532145801607,16.369064618593946,2.2706751454578407,6.246714713855481,79.70172464293609,84.56925583225504,92.46927865652697,96.47633962390915,99.3790243986344,94.78054288842442,68.7627868568377,44.7533688346134,35.952564331564744,30.157569493284893,23.996643528810385,30.66925656385046,40.86059692867682,57.52368296482444,63.54688481557852,63.6340691064379,63.871367968919415,63.718444931322736,71.41689301848109,81.41480995668152,82.52870267967748,-0.8776087166898392,0.4793776594606945
2025-10-31 21:00:00,-1.0,53.0,85.66666666666667,10.0,8.0,13.0,86.24141516603726,17.885772830386024,4.249052558434842,6.751501463951754,97.36927483358258,97.76757784488822,98.95256637166212,99.1878244601064,99.12557574970351,98.53035407788542,97.99662471401577,95.37291538997324,40.342811217367135,18.419507472235143,16.838245145460817,21.731607634272184,21.675894066175623,20.071395165529733,16.607951454652447,14.428199859612208,12.091161402325632,11.979851115662726,11.50852387213914,10.8376569693272,10.82659584440647,-0.8692328164574792,0.4944029842076181
2025-11-01 21:00:00,1.0,46.0,77.66666666666667,29.0,12.0,29.0,62.7296706624694,10.024218114545937,4.768218309943017,5.75454735225034,74.34245199088544,73.99411596947061,77.77544579465665,84.62782635392593,90.50077965953732,89.86417896809363,83.4187010601048,76.37989239796552,69.42822748019776,61.988299216299446,50.59720900848122,36.751554551886976,21.545279729687977,11.176878050062898,3.189969939426461,1.0155036018666463,0.8465943977781433,3.501044064690865,5.843909411359154,8.593833225144051,10.451303597232243,-0.8605996962501181,0.5092820071573356
2025-11-02 21:00:00,1.0,42.0,42.0,23.0,6.0,28.0,52.78354897982624,8.405434328383967,4.106600359038086,5.702229974962603,68.63854358613547,66.64846356669514,69.29624933664124,72.30465275410344,77.60541410082621,82.49446980805023,85.07916002107517,80.81061184014729,65.52287507801009,50.33407512608257,36.5371372545241,38.62503517052001,41.85633677854358,46.72352617337527,50.02087404614012,52.593126013305145,52.17040012792788,50.310035642087335,50.28299719366435,50.04299404964131,51.41966778903237,-0.8517119107469189,0.5240103253675756
2025-11-03 21:00:00,4.0,50.0,54.333333333333336,12.0,10.0,19.0,60.81309463361997,15.485890232779123,6.057789892244143,5.016880520272031,84.29059754589025,84.15785883967902,89.26510713673153,91.61138333988887,86.44788470288923,73.59863102381088,70.83169107191308,77.08343637080132,83.37820639680838,85.78409830110064,83.41562774834846,80.63301188738721,77.49447032057056,76.25033821319059,74.02641720908503,70.92987005063229,65.03496937382866,57.6688829964956,58.397073621676896,61.51810709289415,71.56563887424376,-0.8425720899866032,0.5385835804920232
2025-11-04 21:00:00,-4.0,44.0,62.333333333333336,28.0,14.0,30.0,55.30805895279023,8.433445020889458,6.881686461296028,7.383686541729732,62.567788485278896,62.82743890948021,64.41228650950401,69.42891072824101,74.58527611907098,78.25382429756905,80.72430069672778,83.87763680701111,85.75349384511156,81.44745954546289,69.90391558837698,57.37351785346386,43.24073837190049,45.3620677159813,49.39635715337316,56.62780451522504,58.76765171097284,53.92451681309871,47.7640777316552,37.77624310585501,34.762419709834695,-0.8331829385891785,0.5529974600700271
2025-11-05 21:00:00,2.0,44.0,59.0,10.0,6.0,23.0,55.30805895279023,11.787637781065133,7.096665825280216,4.116811214582469,66.36816447056701,66.35412932554775,72.29511427825315,79.96177103167062,87.42387439997748,91.37572094146684,88.87318523381693,76.9585541323608,64.21016671329475,60.80912444878751,70.89953298712823,79.7781258363095,86.36222395401974,86.71711420681608,87.31661754461737,85.73686392048211,84.54566510565742,82.59303459706413,80.9590160898288,77.69750775460643,76.31517670763526,-0.8235472349556007,0.5672476988027229
2025-11-06 21:00:00,-5.0,39.0,62.0,18.0,12.0,31.0,54.55904636382432,6.440831583308247,7.388506159753211,5.1963831395025855,60.72771564276612,60.00176127639074,60.7302373905361,65.21218146133636,71.10214649110324,78.51516866909479,84.01419396341623,84.41816065313674,84.02347085278782,86.12612569633458,66.89216753454996,49.34348053448858,33.41243474078985,25.71328996882109,18.511918013340942,13.384316359074472,10.675482186913024,9.70796634214638,9.97672439386062,11.256623260322476,12.569828780854769,-0.8136678304455991,0.5813300798152042
2025-11-07 21:00:00,5.0,37.0,64.0,11.0,6.0,20.0,49.84459424468805,10.890761048722386,4.560226371250732,3.738277487106937,69.94765578876951,71.46306132652953,78.96931277997085,86.43432195593202,87.45721310564123,81.79492258213592,73.59380901333566,70.77982624462999,70.81486986996329,70.29347927691565,65.90851395994324,58.533094483182566,52.251107223467926,61.98248579597922,73.3858421818008,86.04011619664394,91.76358890823302,94.02706356997167,94.91551466315325,94.83940358292644,93.82595784854112,-0.8035476485339116,0.5952404359043674
2025-11-08 21:00:00,4.0,47.0,45.333333333333336,12.0,8.0,28.0,65.40331297735446,9.74630204066452,5.005712949736447,6.467396012462752,72.62740728775739,72.18099154380656,73.86010639685426,81.99222821755686,89.14369468906132,77.9065220796037,61.57321727980223,52.65275000812185,46.77783203448113,39.081826451270594,34.80109464648002,33.77944270532235,36.00720804048042,35.12109303729572,33.50048141770117,29.87376736930852,26.88620611275985,23.645966666545096,22.31914691529565,21.891763955376696,22.18704929473474,-0.7931896839451843,0.6089746507720486
2025-11-09 21:00:00,-2.0,36.0,48.333333333333336,11.0,1.0,7.0,54.1022197568872,12.1113301064639,3.2724517351832003,5.758317175904287,60.24852604077622,62.85186274360815,67.24771375153625,69.41901735023603,59.86735559127949,55.64296615975096,75.75228198804564,94.63419343892753,99.44466468660616,96.44718034828006,89.3130434929673,93.92620275320388,96.4290005556338,93.61262707863254,86.49818922342438,75.46652730641819,72.38253469563017,68.8351440817666,64.47992113009009,56.37593357459472,52.67080804581156,-0.7825970017677834,0.6225286602431057
2025-11-10 21:00:00,1.0,47.0,92.33333333333331,5.0,7.0,9.0,89.24915937455238,28.781918109748226,2.961560178385794,5.568562948561502,99.6031904245948,99.97945991114064,100.0,100.0,99.96834643608923,95.08850468311644,82.78718947194312,75.89501666761888,80.10887078615492,88.95425046231206,93.6193621268052,96.19659920094192,98.63719777209556,98.97689293423667,98.48478355762364,97.64132771601888,97.46328737957693,97.36551530141774,97.72019875668842,97.41440642392342,97.0052972724167,-0.7717727365467837,0.6358984534680745
2025-11-11 21:00:00,-5.0,36.0,77.66666666666667,20.0,9.0,26.0,66.71207269168053,9.454058020213289,6.103275157761725,5.145546545391457,84.51988658019712,84.2903474153446,89.80308522719113,88.18828690801793,98.89741911457864,99.96152625776544,99.32228759211938,99.25162882486576,99.25327638464002,99.46386773189992,92.5538255323136,70.65229494666622,30.335397458003865,27.55152854819908,34.186975345169024,44.47924620252354,55.865735063197576,70.38468484771879,69.8978369441569,50.93582211685881,48.24356309106805,-0.7607200913564104,0.6490800741100398
2025-11-12 21:00:00,-1.0,36.0,45.0,5.0,6.0,23.0,58.86615279798072,9.500424774536484,6.329260706956397,5.436429440505172,82.04828684968022,82.0544613700229,85.37273395320412,90.88908948230484,92.61381710149516,92.65061923992668,91.05492025675962,87.17267108749293,82.00912495372103,78.22230586396745,79.55430169854112,81.75310101443516,84.88732528753403,85.93421223914304,86.35579075264235,84.67330921776701,82.90212622563521,81.15956956549914,80.07625288249736,78.05977810987594,76.07184950420648,-0.7494423368521953,0.6620696215153815
2025-11-13 21:00:00,-7.0,36.0,68.33333333333333,15.0,4.0,35.0,63.99936441271857,8.29679572564421,6.186804829727619,4.986017752866288,89.9838119231439,90.6110168650059,97.09129227387862,98.13880681933678,96.36035324949763,90.63232054091245,82.22551466816014,81.64343886885467,84.72094177594737,85.85142915291574,86.11166707401755,77.03799448839466,61.92316891040917,47.04961297397693,32.99095771427042,22.011110288444947,17.66657063783087,19.64678762226559,23.82640262823369,30.07242989882054,30.874972505467458,-0.7379428103031386,0.6748632518680403
2025-11-14 21:00:00,-1.0,33.0,42.66666666666666,17.0,9.0,33.0,53.63976214041921,6.009970416618322,5.460190450542782,5.207640225130616,67.12813753621157,67.93536765237987,74.97171230882437,84.02201042322282,95.73663717647842,99.83279948850463,85.42653892734393,67.93859109944758,57.36212610876335,53.14501298554392,49.2847095504042,52.43716298982787,58.87331042020551,55.07819772376278,49.7115737141436,41.550736994612805,32.65470341878605,22.20779296815083,17.82152067243276,15.690994332074268,18.557259914596155,-0.7262249146041543,0.6874571793269664
2025-11-15 21:00:00,-3.0,33.0,11.666666666666666,5.0,7.0,27.0,49.19983077194004,5.766191281744124,3.72637459864354,6.167841761290799,54.45754363045173,56.357572028319225,55.67211653940804,60.610743704060354,56.49326580139656,42.37579897103051,34.21290005057988,32.550684206220886,33.031548251416524,33.52614711596058,38.25787491401393,43.39522673910128,48.10448912362438,46.10587138570222,42.22239405696461,37.49662267939639,32.73580451024353,27.852891786792306,22.95674200253596,17.31009166609194,13.861383814551353,-0.7142921172691032,0.699847677146407
2026-03-03 21:00:00,8.0,34.0,62.66666666666666,20.0,10.0,22.0,45.25749348600949,6.470926649328841,4.893568072224984,6.40202913409263,44.77173108239981,35.854849432018845,32.67777272734452,33.21069130736961,34.30993760370802,37.36907840513927,42.344510167817006,47.2547471880163,52.525527716934526,58.856940574021486,65.27715155705374,67.07420370720567,69.23626784368325,69.68287078289407,71.9233538677404,74.36131371774559,78.37317253218842,82.04697222808413,85.80152825035739,89.27234242052474,90.80493428466602,0.8755389928586302,0.4831474640149687
2026-03-04 21:00:00,2.0,41.0,42.333333333333336,29.0,8.0,26.0,54.86049593887006,7.306168940968903,4.461142945559531,6.599636515162729,70.57763816349343,73.46576530165223,77.94769086738017,83.15100626702707,84.8183916116345,71.11130435020569,48.1250106107086,32.18222930495184,21.660671454454185,15.132190851253624,11.916322963775803,15.56809541592849,21.512230333173687,30.90804819215017,40.18361344045419,50.31873704103131,58.34303543149654,66.98507491688171,71.46027302391691,76.32248035037696,77.75805116534741,0.8837203473619977,0.4680153284438345
2026-03-05 21:00:00,10.0,19.0,51.66666666666666,23.0,6.0,36.0,49.08967272810389,1.2431821923213486,-0.6275917383577323,5.519523133681684,47.011932426592494,53.37381526186251,59.88961613694909,58.62122220805344,42.43202825455103,16.28936139830297,3.927783729978419,2.777413849105608,1.8279575744847127,2.5754998964978,4.174681664458781,6.962750490025915,9.70439837573332,12.551738441390864,12.887896829112512,13.072512990956836,11.085756105463604,8.654445403399086,6.89523293267717,5.309657382072339,6.181709521237195,0.8916401947968874,0.452744699607371
2026-03-06 21:00:00,-2.0,30.0,70.0,22.0,4.0,14.0,46.606910841665886,7.944339845938116,0.839592261949719,5.873955810254095,39.51774873219549,44.30777784629002,53.1364127276012,69.12897889417094,81.19737397358082,90.5321725440388,97.06154728092244,93.6602166460117,67.14470219647673,56.47369394946923,51.392378573659016,51.50664175629345,50.65017799515083,48.6640836758688,44.13363832614336,37.67966379762969,30.64069898398957,21.56218005904949,16.328375348045633,10.429020200352335,8.626591927551193,0.8992961915530253,0.4373400963303323
2026-03-07 21:00:00,-2.0,40.0,83.66666666666667,11.0,12.0,19.0,78.95372049724189,22.079568923872174,1.1421719973067126,6.332871101804301,97.03126387909109,98.26861748040128,100.0,100.0,100.0,95.73655074430856,94.35931137982888,94.69810545910478,93.86656638455337,90.35661152131784,86.53979272475574,80.28897658977075,71.27553738373669,58.554023292062205,46.317600688364905,37.143744876326,32.24835424421769,30.82303626592552,30.526736704655644,30.69787283084729,30.812924247089875,0.9066860720977984,0.4218060770826634
2026-03-08 21:00:00,2.0,44.0,67.33333333333333,31.0,6.0,28.0,70.4328486206833,7.824530339183597,5.289554225336166,6.072239854042236,71.77906490283686,71.86928847999985,76.34895801750997,83.45128129376046,87.88509548644173,79.76598521297097,60.82550912817594,42.08492236175885,26.834925951838155,15.202421976908258,9.123528569957998,4.938803719177384,2.7260028177547464,3.5870073247380825,6.67272957726953,15.416793971796308,27.669205934959862,45.07219567021302,58.18012005957204,68.91622396414768,60.61581799465428,0.9138076496466616,0.4061472386305788
2026-03-09 21:00:00,4.0,50.0,54.66666666666666,35.0,11.0,20.0,51.874970116438256,16.255143674065067,5.44364732603689,6.62788391035658,61.36357279680213,61.37689920986992,61.61397391460783,60.04020614715691,56.93007448349135,58.37218138275866,62.81228510767875,68.62167874592615,74.8971161393752,77.31427621734093,74.45018927417254,71.17757490968472,65.98093735826215,62.32332085718696,58.70452151113078,56.23758601638008,53.32628238664593,50.50850817950986,48.243716507167846,45.653657957025146,45.541563181534215,0.9206588168102428,0.3903682146763026
2026-03-10 21:00:00,-2.0,50.0,34.333333333333336,25.0,5.0,28.0,51.874970116438256,13.59751546315066,5.508576884364785,5.579534151069958,66.28364925497912,68.90926261085181,69.61165637061228,71.39849217872437,75.77285931271093,75.76290486104153,68.60012895581579,52.70687446960497,41.05574594274349,38.2084229007552,50.33120406512223,63.25966727149728,75.02635174382333,78.54107275596023,79.64072438717044,76.67542979199858,72.47181105056154,66.70815910404832,59.27859721099438,50.188516227989766,36.75066304275179,0.9272375462179536,0.374473674486883
2026-03-11 21:00:00,-1.0,29.0,86.33333333333333,27.0,10.0,9.0,68.70174760365484,16.548866726202117,-1.6920526808450962,5.659923486422086,87.1806816126984,92.5659721475526,98.58512273729852,98.92094094403338,98.9279789079178,99.94511009738756,100.0,100.0,100.0,99.66325133012516,98.75297534136376,98.20573678365854,95.29277869681503,89.82037975052344,85.74266273932625,81.68091980105977,83.94082017491304,88.89773130923506,91.66110926346973,93.61534586229126,94.04922880617416,0.9335418911179212,0.3584683215124808
2026-03-12 21:00:00,-2.0,35.0,77.66666666666667,43.0,11.0,27.0,56.29054379593052,11.808798570425694,1.941509145374263,3.687789092661666,71.25308286711464,71.84157724503916,75.23259113276198,83.2907240129489,87.60115269992215,77.55583364144549,65.20195828354034,52.63343460825786,32.881426489845374,10.29029509592142,18.44834237110981,40.1699963744902,72.80275152274828,89.19469118092238,99.00660155093158,99.0917063494135,100.0,99.79040212300906,98.08297897655484,93.27737723961592,84.25187196279947,0.9395699859530622,0.342356891994542
2026-03-13 21:00:00,3.0,33.0,45.0,49.0,6.0,22.0,41.28939845955186,4.570414082558433,6.058966154099387,4.491330864011927,61.81063698670896,63.45092967559598,70.6361132995343,77.37143747640907,80.1086069743944,76.30876598407244,65.99709079671865,54.73018557965664,47.55830703304798,44.07016673391342,39.03124352093285,29.08613216852084,17.98470328068231,12.313347925918476,16.823070746261195,34.21625421376123,51.94264711679255,72.076350893838,77.97013235186864,79.10850241797658,76.96915893968294,0.945320046913132,0.3261441535642696
2026-03-14 21:00:00,-4.0,34.0,83.0,27.0,8.0,36.0,69.29385923859161,7.159480388325171,5.654972505656964,7.582894718484029,78.77203045046774,79.29917126138325,84.59847395385019,89.35371314760216,92.0476743139094,93.81799037480232,94.04472510487145,94.01601284356124,94.64076774603328,94.79214607117544,93.2842552530282,87.60579428507693,78.60053144880045,66.71601717391043,58.79997986523296,58.935951079269046,60.88664670444219,65.27971321159379,69.1919408406602,72.42475891144049,68.96950124034645,0.9507903724625832,0.3098349038318025
2026-03-15 21:00:00,0.0,35.0,35.0,46.0,2.0,28.0,39.84096888786588,6.202042039459387,4.4865970802990365,2.3500117562604435,60.8494628401695,67.12426416702353,74.10850190999125,70.24288465511934,43.9467626857409,24.19587934191544,21.094530971698507,22.408332778142785,19.3267225591157,21.78089851597912,32.27469417352624,59.53376159031334,76.69448862853815,86.24747105003355,88.06433704562811,88.7468374829953,89.33606455877236,90.24136808780254,87.1012409240775,82.91734891460912,72.50814278595084,0.9559793438440766,0.2934339689665273
2026-03-16 21:00:00,-5.0,45.0,84.0,17.0,13.0,16.0,79.3694520433583,25.87460358938912,1.851462018097032,6.166479466506114,99.19165804222946,98.48447740484924,100.0,100.0,100.0,100.0,100.0,100.0,99.86194461534475,99.78195508959034,99.81311484219924,99.64427688214178,99.35367982272535,99.52416559614666,98.97005171983103,95.7002251797112,88.70805804890212,77.9317534568441,55.14969068460904,20.76134863027178,25.936636731203944,0.9608854255574976,0.2769462022689364
2026-03-17 21:00:00,-1.0,38.0,53.333333333333336,53.0,12.0,26.0,42.13715193457912,6.77482253397938,4.135674121081415,2.266988207504086,58.9631921797543,59.30889277922376,62.81166286607585,69.76784086919538,77.82762233076313,84.58730990912318,90.2979062982407,95.98268516671016,92.96338398648724,70.95004516570759,34.75252402138849,13.527402355035711,3.777641366132766,3.022659126546129,4.170722444094599,8.810803016802918,17.885784145432428,32.081343094170386,46.43966827546987,62.910270262010826,60.64364582646531,0.9655071658143364,0.2603764827344581
2026-03-18 21:00:00,2.0,23.0,11.333333333333334,50.0,6.0,28.0,25.79947057527418,2.7959931513519893,3.69601027375379,3.8764495188624593,46.94220490343374,52.582007943025054,59.472334055394526,67.7385324396268,75.78205848602214,81.44733749687859,76.03657047200291,47.55897459372467,17.853027652713145,6.936386830400498,5.891346155602735,10.055259152422098,14.86135009970938,20.38581211088657,26.24184705241605,32.43006629221928,38.22534137443689,45.3533730944101,52.09083682459723,60.73651144261013,67.94389861464764,0.969843196967294,0.2437297136096838
2026-03-19 21:00:00,-1.0,34.0,49.333333333333336,58.0,8.0,17.0,34.70586540129174,6.243502229644664,5.907899360016103,4.481867943189241,61.85052003510667,65.27650909074845,73.26918943373124,81.88140942883132,85.10614478513247,86.7913511354285,93.23992874397146,98.06890908938104,95.88901824884742,88.82374696407446,81.4801815940052,81.46851541534062,83.09139920309062,86.91499575392476,86.90208183078127,85.3115153081852,68.13515710446438,47.37567867943187,32.497401483199745,15.999200675721037,17.645124404295853,0.9738922359149924,0.2270108209414184
2026-03-20 21:00:00,-9.0,39.0,58.333333333333336,43.0,6.0,24.0,44.159381286533225,9.03979512885032,5.780004924915724,4.884847028563612,53.86427816245703,56.16168811809873,62.86221665424645,71.05207207081637,79.98406070304766,83.20414763127741,86.87642262670431,88.1238335195588,87.63718958630848,87.28480927925088,86.90625800803417,88.68630223113259,91.1792416892792,91.79745081749832,91.68115913625024,89.79515814902626,88.69575654747919,87.21502803753854,85.0882375393535,81.73836597863765,82.29699081315343,0.977653084481664,0.2102247521189836
2026-03-21 21:00:00,-2.0,34.0,57.66666666666666,50.0,10.0,33.0,51.53582233327576,7.296513089447948,6.755869273685906,6.07632536906015,73.2654862256674,73.51259130267408,79.38194506719638,86.61878912024066,92.80114962014176,98.08150232509108,94.80786263181704,90.49208657098538,90.25099985541316,91.78460535097402,93.25900972428109,94.20206614726663,92.8671180978228,92.09370265110994,91.05207238563324,91.04022138456904,89.23527567935572,82.00226750621107,57.96253946353783,20.108850825227485,2.424735984612112,0.981124629771712,0.1933764744102058
2026-03-22 21:00:00,-6.0,30.0,80.66666666666667,24.0,5.0,9.0,57.99377748926714,5.021414243902483,6.825229331465709,4.779723820841729,51.51265414669825,54.13197179358513,60.56671907003948,68.17156320824299,76.43760026970338,74.58856224853902,49.48722972991347,27.22352319311004,19.04164861189766,24.302455990567605,43.0815858103617,63.79773262622249,82.36980608668217,83.96363721666528,84.98994438885546,83.87111121392297,83.36489367989333,82.7402198172554,85.46005552243065,88.33983633438646,84.397291278425,0.984305844499033,0.1764709734915216
2026-03-23 21:00:00,1.0,31.0,82.0,46.0,9.0,4.0,48.873867817148565,5.112383560325091,6.677188731869418,4.401719975762556,72.14586143935936,75.20968267805502,83.28099100506535,89.89023667485141,88.68850978008163,91.95099844308513,97.29252069047166,99.39370691214856,96.29693851842636,88.64321007433995,77.34489335830894,80.96868976669379,83.11209857101277,80.76012920404814,67.6131239281301,47.1293154854642,32.50574134178256,17.51441959858277,16.93429396698681,17.917513514065835,20.327119703870046,0.9871957872910084,0.1595132519726365
2026-03-24 21:00:00,1.0,36.0,29.666666666666668,60.0,6.0,27.0,36.63885002397421,4.544259278594749,5.995034545971972,7.675490237746971,57.84414118177486,63.32747828530315,71.27244658631402,79.34256793896249,84.30588248584357,84.3018380106944,83.7285376188739,89.33238788497661,93.84142002806448,76.67015497351302,38.89246250544808,16.47742610638108,4.559207717950335,7.887200305919091,13.564276824542858,21.90488216918851,28.72962342243984,37.11447494937954,45.18002677616184,55.166282425343816,59.12160323195087,0.9897936029670716,0.1425083279161708
2026-03-25 21:00:00,10.0,34.0,38.333333333333336,53.0,8.0,28.0,30.303880390669818,3.912295278088831,6.600283739914783,5.702590145908578,29.59848925760812,32.46063468754626,36.58953504099415,41.4336213073336,45.41163692228259,46.37234624919004,47.65607306744104,51.41813971497184,59.11084674450676,64.22168650269587,65.57493733051759,66.70109030489368,67.97633645520101,70.88493937624344,72.48536412765331,72.68134548377003,74.57561289960348,76.65234360239334,78.38790081756224,79.77724938263928,77.18914080569652,0.992098522791769,0.1254612333527364
2026-03-26 21:00:00,-2.0,42.0,82.0,14.0,9.0,20.0,76.04554787969504,15.361590514660085,5.343432912634156,6.293791304465372,79.87227390442013,80.11048636946785,86.22433091796616,90.41665514780432,90.80365088269431,91.62584008899,91.97560698279511,86.58347224485603,73.99211432192081,57.86818888139668,54.11117547293269,55.879411336751794,62.75071769541564,65.0504948174218,67.14913604642874,68.35146911236379,71.52766139782116,76.49769380904242,78.39177307399503,76.5422429670224,74.58936177554243,0.9941098647022418,0.108377012791876
2026-03-27 21:00:00,2.0,27.0,20.33333333333333,47.0,10.0,33.0,35.079988658386675,3.0297769755239625,4.541087529937873,6.173902147235766,43.3590587270068,46.55297651146542,52.68279657757992,60.00015655295397,68.12562461440162,76.60656681694637,88.378042003136,94.39369044164437,68.36556574379013,32.92982799232946,11.921427694696872,6.820541103093829,5.476850292726602,5.884910568892854,6.812741205086224,8.267785014660125,10.410070439204842,13.438175569139524,15.969738430045291,18.83300337300589,16.39809256951936,0.9958270335100596,0.0912607217293118
2026-03-28 21:00:00,3.0,22.0,49.0,58.0,5.0,30.0,32.61468259618261,2.535395760885209,7.989511284047943,3.994868876183928,38.9123662227498,44.64753204117972,51.12174730182482,58.90884582564669,67.88489498787852,76.10309732073488,80.81975975127595,81.83217838265728,84.44301514712978,90.23166995216371,97.14709685849937,93.85797179974904,77.68143679836412,50.32671522027046,38.01334439805159,29.262024553980908,25.01319540655292,20.475130579898867,20.300805183644105,20.826267653586232,23.186658907477167,0.9972495210773452,0.0741174251509443
2026-03-29 21:00:00,-1.0,34.0,56.0,54.0,8.0,23.0,39.6698832796626,5.927343399053372,7.71127786801641,6.431982837463789,41.57383015998071,47.16463155272881,53.52854035164739,60.67552202147669,69.05951009102762,77.17427870434682,81.90350505820582,85.71904336597191,86.95210844682335,88.65103827802649,89.01115533876887,90.02402706858369,91.6261721758992,93.7344211545316,93.7714020090732,90.60742242255132,78.13997147773836,60.525523742970414,51.92263433502515,41.83744741554412,46.79708297275124,0.998376906467142,0.0569521960340397
2026-03-30 21:00:00,8.0,46.0,71.66666666666667,12.0,9.0,25.0,60.26919272727146,13.536653240957955,6.989797651226873,6.346816826034083,65.05599089136285,65.32105528524428,68.74585495571858,72.61423402048648,76.03873476299931,78.93805048435713,85.18034672352036,92.23764001943454,97.61447007485134,99.46573846961157,100.0,98.85511250746283,95.77080852435763,92.30062606701163,88.57651070855219,87.13280291565731,79.07230499823108,64.48864591888932,53.64196949825229,43.28201332725828,43.2125612102493,0.9992088560679752,0.0397701138460557
2026-03-31 21:00:00,-7.0,38.0,75.33333333333333,27.0,4.0,7.0,50.00429960169621,12.227893173847098,2.1354789121760085,5.817243370415462,54.48546389288956,59.769633335380725,67.48325886512214,74.86907891258623,69.94632405308788,61.16779991767783,74.58025801361526,87.65104796515953,95.23097466015976,98.44566842521164,99.44806363924408,99.83793051516092,99.6166518584491,99.6501504247202,91.99525940935156,77.88386654624219,66.51323514967828,51.284643490447735,44.90464577852384,36.702813786723496,42.743097032007455,0.9997451236925734,0.0225762630415454
2026-04-01 21:00:00,-6.0,34.0,81.0,27.0,6.0,1.0,63.73599087009168,7.957761915232973,-0.2203947484752831,6.17654388998665,90.6540549572809,98.56100754698164,99.74520014382055,100.0,100.0,100.0,100.0,100.0,81.9816161195603,50.01788311544535,16.52711418095155,8.379488602450465,6.074350040854314,10.229293040050564,14.281295880924102,19.08887292389983,20.35000722588679,21.05862483226837,19.050906374269783,16.058673164943862,14.472966019784453,0.9999855506507186,0.0053757315575838
2026-04-02 21:00:00,1.0,38.0,60.66666666666666,33.0,3.0,10.0,50.00429960169621,7.901467169755064,1.8291328652146004,4.884393403454889,73.08266823534127,81.69578778539618,90.52333341904432,97.83367787531412,99.96029493841544,100.0,73.65549551416889,36.3204577820867,9.396527782971113,6.981507934787932,10.154911991953194,18.389581403361607,30.46525964700328,44.0953455169898,57.44779863990652,71.26656339640816,77.52256156252353,82.9828499385776,85.42288010305788,84.7725740522726,75.20917567735268,0.9999300657962056,-0.0118263906918325
2026-04-03 21:00:00,-2.0,37.0,85.0,12.0,9.0,16.0,81.94145600121023,19.97240055449497,0.2030313625458212,6.3076669624485815,98.51010103500056,99.96271670695106,100.0,100.0,100.0,100.0,97.5882751613504,96.90954125347454,97.82021217565254,98.4527359106352,96.70764320508984,83.97212957674553,67.67025148163482,55.31031706715592,46.06860235457474,39.52244312460349,35.79276407276165,32.129518495626726,27.980091877664805,21.79674056240095,14.02402450313087,0.9995786855478958,-0.0290250133219752
2026-04-04 21:00:00,-1.0,40.0,56.66666666666666,36.0,7.0,9.0,50.3219360877198,5.399882019245188,1.523677674787079,5.790848029999766,65.90656801059792,72.90755916403567,81.82264925872151,92.10339445227218,99.0273969735286,90.07538222615187,54.7780364670521,14.83494700892468,6.05948424019556,4.393310886228984,5.123615886950555,6.0178903800125605,6.658888814001395,7.161198734698057,6.319219110884763,4.776148200975572,5.902630377547513,8.207741416833327,31.83173486641555,60.23695884671461,74.87293885195947,0.9989315138848576,-0.0462150469837083
2026-04-05 21:00:00,0.0,43.0,85.66666666666667,11.0,6.0,20.0,79.20457756623502,22.538965011256536,2.5402824172999283,4.778742222275251,95.71693731588596,96.04045840696236,100.0,97.27306898231524,87.33405154425323,80.66407482745194,80.35970084749869,84.78930580291562,91.10248244985073,98.16855208198572,98.50012269328288,95.22580757485468,87.38712485532434,81.17752483375078,77.59704759240846,81.89990770977045,87.05387398709821,93.67493164856556,95.82038193843992,94.72412752248916,92.83919773330877,0.9979887423155984,-0.0633914048695103
2026-04-06 21:00:00,-1.0,37.0,71.33333333333333,50.0,10.0,29.0,47.76135245846435,7.449003106142332,6.441537336183789,6.047327821208141,71.53266290900748,72.66895131207885,79.30001407770048,87.00019894159357,92.30692368349996,97.41836230269298,99.62675120185628,99.88377724048668,99.80170627389344,97.4369110592408,80.00427364283333,70.54811275818787,65.08738811194846,68.39058724554894,72.84137274316662,79.12768557704503,81.93098109518894,82.37642442391952,79.99611977031302,74.3925739353978,62.852028193208575,0.9967506498213928,-0.0805490042187416
2026-04-07 21:00:00,-2.0,32.0,59.0,55.0,6.0,31.0,34.36078200405513,4.731904722089814,6.511109174796743,6.433094781528862,57.1603308295345,60.7906853481192,68.71180357659831,77.62367378148689,86.72132559227492,93.88241617187246,97.24042774742772,99.06113532515243,96.40803775299015,89.55510571192185,79.40228175304547,71.8199236913643,65.41118147558349,62.56865724274068,63.37740393554674,66.34162222371567,68.39625244983615,70.02205815111407,74.16790960057885,77.84981458647881,69.90681445382882,0.9952176027737294,-0.0976827678217159
2026-04-08 21:00:00,7.0,38.0,9.666666666666666,51.0,7.0,26.0,33.863675869365686,4.071296504000369,3.916994341938077,4.445311158578049,51.75351926199535,58.487210891027885,66.00293270412334,75.2335960790745,84.3932772734197,87.82087369539973,70.6228060845484,42.91832815991701,21.0744253328866,12.837204708245414,7.839225158254282,5.568703833882924,5.785289651887126,7.102956453647262,15.079094482741247,23.937796028212805,33.17663187608846,42.64426225333644,44.07394183144639,44.26203231923877,38.54465234202472,0.9933900548258936,-0.114787625522127
2026-04-09 21:00:00,1.0,48.0,9.666666666666666,33.0,12.0,18.0,34.07962293220677,6.374271183778791,4.355870942709296,6.884379837795504,27.17338945277399,30.30323908617129,34.025405669299865,35.84814937773468,33.62791732220037,22.687190621550275,8.795611205599414,4.411001949163988,7.535070131440018,12.836055587629277,19.55093035093825,27.03480319075849,34.920279001480395,43.275489862256,49.80872775107739,57.1074016701621,59.6292229563413,61.45073640048216,59.17294144539193,55.52632088348698,52.07059379997992,0.9912685467787256,-0.1318585157173911
2026-04-10 21:00:00,0.0,52.0,52.333333333333336,15.0,6.0,19.0,56.47490436530192,20.45030840000104,6.201010178575351,6.193318442563456,56.83919514630019,60.36521933354288,67.2247963698746,75.46837475523937,84.85742303518137,93.14871597824144,95.80021206472858,99.19329661357824,99.79046902114192,99.60834979549249,99.58257941704149,99.84802055031297,99.43620119897476,96.2791721181228,90.91995376034907,84.16077998904169,82.68733580760849,81.84179380018382,84.81455637925443,87.62647675692438,90.96537335878884,0.9888537064205885,-0.1488903868564548
2026-04-11 21:00:00,1.0,42.0,70.0,58.0,12.0,31.0,48.56876755380038,6.9355494096171855,6.410220992125988,6.526167994835108,60.435416847543046,64.79496257214427,72.10498604162184,80.28526633080041,88.6333553617584,94.30278476020588,89.30354253212127,94.3795978537812,98.10633246772888,94.2924388190102,81.56879667613481,59.85829741194962,43.56548865312661,34.595604539711275,30.207237565766004,27.938563442319385,29.144982362518984,31.67653447949561,36.23199489408404,42.378121039329045,48.45528330705101,0.986146248341595,-0.1658781989346314
2026-04-12 21:00:00,12.0,49.0,9.0,60.0,5.0,29.0,31.46241488320061,8.29020155338823,5.505458255957601,6.060302046003969,40.423626511983954,45.56943935819065,51.38227071718429,57.83653629783717,65.69639385299935,71.65035136262962,73.2645592590833,68.2894928540847,43.76165851741792,37.25872663262746,40.20913821568509,46.85660982454112,51.10938911610789,52.782938208333206,52.27233840148122,50.19599602991621,51.14281278811246,51.46966938101493,56.210771206869794,61.2414831303025,65.03335723717124,0.98314697372215,-0.1828169249850199
2026-04-13 21:00:00,1.0,50.0,84.66666666666667,12.0,9.0,22.0,79.77355891353135,23.72241113028445,3.130617123873245,6.78161166962441,90.62130298836335,91.3426124018923,97.77490132328673,98.50485446250806,98.01639064926306,97.88500142592451,98.81256664992338,99.2667881894971,98.0264800150604,91.0464848286929,75.8164917686116,62.62511094816936,49.52009863718628,42.52902985807784,36.600663840123865,35.93414112699212,38.424065383255375,44.66170989327764,53.788399860245015,65.50308633262625,72.08931100659055,0.9798567700958664,-0.1997015525660636
2026-04-14 21:00:00,-2.0,52.0,63.66666666666666,25.0,3.0,6.0,54.28914239240348,15.394107590098734,4.269118679529057,6.056357248467466,55.16224032620093,58.93856345315997,65.927787804115,73.74536258516174,77.33432840229588,58.0221156489048,26.10748557882375,18.20733502488377,24.505023913169328,40.08223286920374,64.60638728390006,76.16348190459783,83.69805841631474,85.85468749414599,87.08657532799427,88.05754658369926,89.01969774584848,90.15878215742832,90.42447847648538,89.38306071124147,89.02678010666007,0.976276611086932,-0.2165270852448143
2026-04-15 21:00:00,-5.0,51.0,83.66666666666667,18.0,4.0,13.0,68.50042710539016,18.23800047205064,3.3170290542346708,6.377105760564287,87.46302853465433,93.12241808296515,99.61691807938875,95.79294637869404,76.93326299023965,65.07716866483229,62.15310603788663,62.33331136207825,64.17578329811829,66.0546879074671,66.77782412500207,66.01361520361895,64.6074529036212,61.14026008011619,57.81945161121824,54.22472251476723,51.642987971850005,48.11992951203492,47.13268035645811,46.16121723034613,38.75084461157416,0.9724075561219968,-0.2332885440754551
2026-04-16 21:00:00,-3.0,52.0,84.66666666666667,17.0,4.0,17.0,74.0827964382329,25.11051418933357,4.113590505248137,5.620882066764066,92.2762957194036,96.03869562242237,99.41629829739286,99.77041930894477,98.90442898320408,98.28010438819204,91.64726067516072,76.21297043704578,63.97892690345552,56.884823168071854,56.94598695655692,60.69806667179585,66.84174880756565,75.49723121241068,84.45352501521512,92.99530848150324,96.91992942864891,98.73438419138608,99.05670541393036,97.86725756222516,98.71919343338166,0.9682507501166718,-0.2499809690726521
2026-04-17 21:00:00,5.0,59.0,55.66666666666666,33.0,6.0,35.0,55.30818812306261,10.240478242163135,4.008749199605046,7.231728834481703,68.32440005063486,70.9580312397964,78.85798157240423,87.89711896861495,83.22590543301416,37.99994955915737,18.813941385930875,18.13577425925357,22.31373466335053,25.41484974783202,20.67416935883464,13.644571106134888,6.546312083140009,4.1125492660494665,3.5020723253097588,5.23231540021385,7.445378734619402,10.466371894634452,11.131162076098429,10.793470375411566,11.617504099114935,0.9638074231367308,-0.2665994206792935
2026-04-18 21:00:00,7.0,59.0,32.0,39.0,10.0,16.0,42.111158608798256,13.067623165676162,3.9054407543746192,5.9663440937093055,40.991266243272015,44.545024935752615,49.7183091570176,53.46683445677716,44.34744630433195,28.01338253023132,19.226002159384983,49.4481213002115,80.47763749492248,98.4728377792824,94.97491336303584,78.30660584493991,59.51106565841802,42.00064094635165,28.48192768089709,16.915936700223103,11.311509602677058,6.15297791174236,3.6097850750488623,0.1523048062089355,0.7117308596637286,0.9590788900341132,-0.2831389812281835
2026-04-19 21:00:00,-1.0,47.0,86.66666666666667,19.0,7.0,28.0,79.53246675866397,24.951775697831064,2.054276576909968,5.610045083841121,92.52928134902962,93.1426840353092,97.84438081447718,95.74875848519328,97.44485955141715,98.69544696909556,99.51846751507335,100.0,100.0,100.0,100.0,99.03267429236556,99.9135640019172,97.59914606998932,96.8890905599228,97.37681936473048,98.62995346303526,99.16201597040649,97.95168463882062,93.80358972467192,89.41470416345226,0.9540665500578388,-0.2995947563972602
2026-04-20 21:00:00,-1.0,40.0,47.0,60.0,8.0,29.0,38.9730686140765,5.913711383412477,7.853306613983058,4.760237767426181,55.38524853074023,58.33867960818581,64.75222367774013,72.27793041373594,68.8170000524034,71.08115268256994,71.11222724170369,75.41849317016147,80.7494423610716,85.07232874993232,88.76447526325182,90.00573265731315,88.03978031421012,79.5844505423403,70.11978371075422,58.194754023219865,49.56027649813549,40.66492356911364,36.98432154125568,33.3431976033184,32.631901998248715,0.9487718864399473,-0.3159618766579029
2026-04-21 21:00:00,3.0,43.0,26.33333333333333,73.0,1.0,23.0,27.89649194745876,6.566447372346086,6.271846645697142,5.773765584405329,60.71116885245939,65.87193231464714,73.24502492798223,81.67066975477496,88.76310488856187,87.91774704859493,83.46881810772531,88.70622276557218,96.07828030399804,83.17230413467146,51.76505085341283,20.359495059604296,12.30753180340388,30.70049136634276,50.3026074078722,72.45174382721473,76.32516931254011,77.61670151266274,78.62261633135003,78.08741040931801,75.55431878093147,0.9431964659565866,-0.3322354987159043
2026-04-22 21:00:00,-2.0,45.0,69.66666666666667,39.0,5.0,21.0,47.061054772032286,9.693436141764538,6.004844780576415,6.102991248298035,70.80610653614822,77.16688688523043,86.31964762978909,87.31446229996432,84.9309357741136,87.51106856325308,92.2689453294334,96.8532043072612,97.75706192992058,96.82636332284676,94.16807692618148,92.97918305760618,92.07631625056682,90.67812995446558,66.74081191853244,31.069695392316653,19.669825908125645,11.583511308276336,14.171046481301651,18.93598712940856,21.260262957674183,0.9373419384643772,-0.3484108069446808
2026-04-23 21:00:00,-4.0,43.0,76.66666666666667,23.0,6.0,34.0,62.33283619284437,11.734815804284075,6.162975746806723,7.4129877786787635,88.32303803901563,90.90270881564022,97.74386242984104,97.01750858611796,95.8972172452886,95.8690939823346,98.38117194315352,99.70917708618516,100.0,99.79496713497409,93.1787643960673,90.05058448666658,87.75879157021154,88.60082828854816,90.16196483964576,89.96471411974112,89.06599461659633,86.77475415370819,86.04330059655729,83.49426795115589,77.40732595881596,0.9312100364121948,-0.3644830148102912
2026-04-24 21:00:00,4.0,43.0,68.66666666666667,46.0,9.0,35.0,50.79397408554044,10.936072370349498,6.135380860317781,4.511041424384742,76.45035737618294,78.18460609568068,86.33091462327043,93.48466470681002,97.94772765474733,98.45033506730113,99.227886068154,99.1427936742042,99.80669018221496,99.4385524788444,98.74179698585289,92.24993236375768,84.75905469565629,78.0937692832827,73.31327483098855,69.12563241610279,65.45978064545497,60.6914999401169,53.18935916669053,42.42695664506155,37.91452198806786,0.9248025743285088,-0.3804473662878516
2026-04-25 21:00:00,0.0,50.0,54.333333333333336,46.0,7.0,35.0,45.95641016611104,9.868004272686916,4.530511911499736,6.953484225965855,67.2937040345536,72.00969615469191,80.0076187059336,89.33084179827114,94.71780853042414,93.79431754888162,99.01772236145376,98.88650112093596,80.41139603536458,61.78883938581743,47.6021169050472,34.61188875492229,22.54399709264764,12.724468065622249,8.389709210809368,7.837390785337201,12.501836115601852,20.36855969973999,23.704982535950588,26.380395197046347,29.461433796227432,0.9181214482844364,-0.3962991372689181
2026-04-27 21:00:00,6.0,61.0,45.333333333333336,47.0,1.0,11.0,40.79707550042919,11.813405176357172,7.556453557794909,6.436507696706771,37.65234635258082,42.11125471852896,47.13078586821285,52.58461381095558,58.817163386605685,66.01781105419423,72.57780294532769,75.12227781576848,74.70107302317841,65.65468598537633,47.67985809261464,24.057078273702768,16.361711029852813,25.534552158961503,31.20657034381473,36.6699451113464,39.1966184639575,41.47239215874445,40.369853875849216,38.17380461354142,36.80691797269867,0.9039461929224012,-0.4276462092677746
2026-04-28 21:00:00,3.0,61.0,5.333333333333333,51.0,8.0,15.0,30.830319466081058,8.831264235317136,6.729342031097319,5.509362024282751,31.39994159965604,34.8898670234583,39.03487398559646,43.86687036441303,49.49263449788789,54.98916230479931,59.180594882254034,63.640616680517816,50.4585127885491,36.26512860856843,23.15974883375731,16.223984288135405,11.432580856195866,9.806574234155592,8.909852265749908,8.28652399244761,7.837810477521077,7.226848884164677,6.381156710886074,5.361375071170095,5.270947827711069,0.8964562582905575,-0.4431322341826345
2026-04-29 21:00:00,-3.0,51.0,78.0,19.0,7.0,16.0,63.37890534324399,15.712858973545906,3.225159909218153,6.2398477386104885,81.25827329137134,88.42242104883097,95.836422503063,99.66082417309975,100.0,100.0,99.82422404513996,98.43064835388012,94.02622426550336,79.42457424135111,53.29838731444914,27.506690316772577,9.340780833618002,11.933693236073044,29.12732695789476,61.71455191223571,72.37561806647982,76.26664543438716,47.76785338804367,9.083674184118165,6.225965279117699,0.8887010478292915,-0.4584871291400876
2026-04-30 21:00:00,-9.0,53.0,80.66666666666667,33.0,10.0,12.0,54.43645846023466,18.82371966179762,5.440552478567252,6.223490478728883,47.1252481974547,48.924214773838,54.8718395600489,61.68014669998062,64.44198419461458,65.96418687121204,74.1808020177307,83.79491528162123,90.84091766310198,95.2542979174892,97.92234461675436,99.55391985743228,99.70427019143764,96.7550789280238,89.86838617791274,78.65936086421385,72.23635452359703,67.57219105804077,75.65721721325511,89.91002203156775,89.95535763755008,0.8806828564301475,-0.47370635037968
2026-05-01 21:00:00,1.0,52.0,79.0,29.0,7.0,29.0,63.50695541148772,14.113168676877503,5.0530904143840445,5.88628298286904,82.05961344591591,82.87186630971401,89.74695546194049,91.6806933768341,95.12960918386236,98.7800649758974,99.42111621324044,99.13900776154972,98.44952661981944,98.22460311914703,67.50846543374729,42.31605856332289,22.22906954801725,22.401370751008542,21.372857773185284,17.44015707246439,12.201178329889707,5.226993563274909,3.3786031374574907,4.344419209548994,6.286857274350696,0.8724040568049612,-0.4887853942889926
2026-05-02 21:00:00,-8.0,53.0,51.333333333333336,43.0,5.0,20.0,44.60602665781027,13.405423001897509,6.277494271586489,6.177690057751158,77.30634889214109,79.82386619885678,87.91914769950901,95.53059900221416,93.03100141153377,93.03157155187044,98.37774343242847,99.8638142375784,99.84179787151568,99.0509457303834,98.58494833653604,95.21568563108858,89.14695368196497,81.41566824975266,70.04672825401795,53.432872886537055,47.40627384969002,47.27421143187311,41.4364048528366,32.2721342622381,29.484017428004204,0.8638670987837349,-0.503719798736334
2026-05-03 21:00:00,-2.0,44.0,82.0,16.0,6.0,35.0,76.2321444120813,14.727995001712753,5.855057372798214,5.501110838569294,91.46589389811,91.68675129301631,99.1335604131192,99.79799653380368,98.59240288126682,99.12963156472038,99.25903963222136,99.13539298112045,99.96850780224742,99.93366211283924,99.55817224995882,97.79762689437064,93.54412150453236,91.0536307719054,88.5223098918535,86.87874709187427,85.12171694348602,83.92813061129004,82.86151807350289,81.71119122611363,80.825532660873,0.8550745085896932,-0.518505144391157
2026-05-04 21:00:00,-2.0,55.0,44.0,42.0,9.0,25.0,50.60187561794369,12.80285616736252,7.174592405131108,7.124178117059481,68.33726298875372,68.85913102354036,73.47717178063739,79.86416201117329,83.94849937764727,82.66193259963369,76.31929641916366,71.1739346029888,70.94762476734843,79.44311684424325,89.4296535676585,84.29639046681153,62.51762813032128,43.64188778503152,26.76151392868946,19.612416487959763,15.436935690887834,14.665977812053915,15.076796352868552,16.312546163265015,15.33641898481823,0.8460288880917339,-0.533137056031809
2026-05-05 21:00:00,2.0,68.0,40.333333333333336,33.0,13.0,20.0,50.62023314635851,25.44390502512766,6.905116552664435,6.6426620610527785,64.8273239761732,65.55606479782968,71.40371844120111,77.11740109061914,79.51032496593947,80.0596080643024,81.15626616803934,81.98503579932414,81.86852355648911,80.45233307889788,77.73597191258273,73.12883213092756,66.68230422677586,60.96184783435253,55.03789001162151,50.90891796996634,47.87573968493399,45.63155260093711,42.863525956080615,38.60888686197904,33.97574321228639,0.8367329140344921,-0.5476112038402312
2026-05-06 21:00:00,-8.0,55.0,81.0,12.0,7.0,19.0,71.61961725473621,24.70232342718741,5.922183500919235,5.692647945526816,88.79025889881088,87.99120692439291,93.80933203923352,99.24446635052296,99.87711325527064,99.14472998147062,90.6336103033497,79.05838221402806,69.36208472527277,61.609130869730144,55.17135810475037,52.36834226014287,52.61475255922265,60.21891092876377,69.42742807476453,79.55384115965262,86.45150119113796,90.83708839471804,92.31305431275338,91.83798906032908,91.50648968285464,0.8271893372462497,-0.5619233046832195
2026-05-07 21:00:00,-2.0,56.0,56.333333333333336,58.0,7.0,28.0,45.08636504061848,13.896631206610172,7.148657128513907,4.514769639862838,66.60411351747713,66.86009708030804,66.78662453106305,71.8621220353293,80.7651268975089,89.53545551542831,95.32756526890218,98.59630320461407,100.0,100.0,100.0,100.0,98.09186334273174,94.60559868772604,80.9153995754522,43.69691486952632,19.54695262029869,8.812091180804089,6.233120694028925,8.429119825318574,12.33741204538264,0.8174009818249189,-0.5760691233798758
2026-05-08 21:00:00,1.0,52.0,54.66666666666666,55.0,7.0,30.0,50.14110407189405,12.768484418835738,8.05630726026907,5.986016301879066,69.16496172614107,70.2846935508881,77.23889267807155,84.25769651756295,93.05753361496323,99.08089534816742,100.0,100.0,100.0,100.0,100.0,100.0,97.04680711975074,93.97739277583504,89.26631515588258,84.85250921914088,70.5023714609466,46.64417643380786,35.365592261095394,29.686898437183068,31.93991763613227,0.8073707443023492,-0.5900444739548627
2026-05-09 21:00:00,6.0,58.0,47.0,70.0,9.0,19.0,35.73235998600179,10.57149653942511,8.450327343851468,5.973641717602802,42.8013900585071,44.12043289214272,48.62290016910738,53.58901019493102,59.48025331189646,65.85115142886302,57.73418598004244,60.17856712856455,64.68188834484306,68.10571736865782,67.85517204459273,67.09677632732678,65.04683999386846,61.79456286383594,58.35412331810659,54.41803666779308,52.669462790679525,51.14488554919725,50.50962073513572,49.12643511462761,47.02774066852453,0.7971015927871943,-0.6038452208771035
2026-05-10 21:00:00,0.0,57.0,79.66666666666667,16.0,9.0,18.0,74.56649984076252,22.77327062360889,5.920248609563043,6.160245041849345,92.59879717188711,94.07156153237564,90.1222785682536,80.17217654177698,78.14695507769454,85.02811182179701,92.01472055213983,94.94662730912194,96.68802501571422,98.07778390885235,97.565180409244,96.0440466239721,94.8846600755598,95.04930710276106,96.20606175253636,96.88249478757945,96.88899932328664,96.2262327245518,96.8183021877822,97.02804382666672,96.44711857775393,0.7865965660866021,-0.6174672802835514
2026-05-11 21:00:00,9.0,55.0,51.0,60.0,7.0,29.0,44.92675003361713,10.067577451850154,8.147598050019601,4.045906897363839,56.277573811291305,59.29026061857156,65.57827481489274,71.15986403199301,72.38137788168407,71.02089653368489,70.96628712300283,71.80632102191056,74.23423489390142,77.39131347409425,78.04043174538945,80.21873284542933,78.38367007920442,66.65675663755127,47.10355228636261,23.632748253144847,13.8850232945111,8.284911888629248,8.857209305845949,11.05820015673323,12.916314487086224,0.7758587728069828,-0.6309066211876704
2026-05-12 21:00:00,3.0,51.0,39.333333333333336,65.0,8.0,32.0,40.80947479114282,8.85512555620408,6.956923207912507,6.000719876990292,50.45040844537604,55.122222980785374,61.7114369373897,69.64339975863192,78.37397409926406,83.36128654580376,86.48603680232641,87.44681613820053,88.49364343169015,91.9006422328079,99.19149462977744,66.25256850239086,42.311004118652754,31.12563248187118,28.16350120418456,30.168376996966824,30.168442432124635,29.10517047990669,31.060160093946088,33.87484250420771,39.93681712213824,0.7648913904341226,-0.6441592666722685
2026-05-13 21:00:00,6.0,58.0,51.333333333333336,54.0,7.0,21.0,35.73235998600179,14.270884440968446,6.870839334988679,5.1238627663729766,35.65062008416255,38.09851148585788,42.80569770708748,48.23499511677775,54.61803877041618,62.05300963418575,69.68076418029017,79.57146129184653,85.65192977837833,88.61564443231065,88.73288057306432,86.01486998218792,79.69241497187802,68.04283147508858,64.94119816022432,69.93101468317678,74.81087723923035,79.82253174319337,80.16791400012141,78.49414493301202,77.70238217137536,0.753697664392914,-0.6572212950663319
2026-05-14 21:00:00,-2.0,59.0,65.0,36.0,8.0,15.0,57.46475728874789,20.8684527230373,6.323047980088961,5.681399442953317,68.09570778461705,71.15446123965712,78.19768158133576,83.04152565315933,81.86500075159185,83.6226174371565,85.88829165235227,88.65785017191976,91.4677389121552,93.04428552541252,90.33290554958052,78.87467050946368,68.42655436600333,73.97128957326495,79.85801151521169,86.94030379770987,89.09856538593883,89.4316452647794,85.72624863129326,77.0836826644507,78.14904692090495,0.742280907086982,-0.6700888411055113
2026-05-15 21:00:00,-1.0,57.0,70.66666666666667,43.0,7.0,4.0,57.184861040309485,22.038695578673504,5.287031385503794,4.814879007746086,83.33706131845247,84.39172085859722,86.2590621525481,90.7325894158636,97.70817193038783,100.0,99.35933886816088,99.39200664742012,99.14873931240452,99.11980188559028,99.31138532316592,98.90463387004507,98.1627084245919,98.27932077350148,98.38780798702224,97.03145052871604,96.3016035610528,94.15453640875953,93.53503307932448,92.50225009102134,91.64490598306855,0.7306444969184916,-0.6827580970759147
2026-05-16 21:00:00,3.0,73.0,23.666666666666668,50.0,10.0,24.0,34.02838260153297,16.670153927288542,7.96553710127234,6.007148448384495,31.718835861444155,32.5792603215255,36.352600840638,40.59321108116303,45.37498158915941,49.41608107638536,54.39749713000256,57.75073629814656,59.058591543337,59.87398689444768,60.43509928242848,60.44784701219954,58.39141054060991,50.23445428383367,41.97030160059073,36.16922153507725,33.00049122692243,31.32308656187873,35.997757483901275,45.17756768854266,56.44889473935024,0.7187918772884232,-0.6952253139408722
2026-05-17 21:00:00,-3.0,65.0,34.333333333333336,59.0,12.0,31.0,38.33978942887603,11.33216253098536,6.601488703895213,6.008925406561304,39.729279035606,41.59915531005934,46.39631332227045,52.02463934922261,58.76125849743254,65.91322245839233,70.58221094607042,74.4331805696755,68.02263715042204,52.40683076636839,36.38701799595096,24.20752959121096,13.77114712634882,7.010874633218746,2.7256526562049364,1.301580958731028,1.6905950167844397,3.399282095641132,5.488263218202862,8.472217748751156,10.275998423531233,0.7067265555776158,-0.7074868024503348
2026-05-18 21:00:00,3.0,66.0,59.0,39.0,6.0,22.0,30.39751307789247,24.401344943718986,4.344489579945971,5.111540748831887,29.356024508259782,31.711839283947967,35.16902737010611,33.19967983116459,38.00725703916408,62.17948343461902,83.09439612046636,91.5454281449942,96.41038101106253,98.96971548076412,100.0,99.01792000890644,98.71737011470572,98.4258201481558,96.88560886172036,94.72839581770292,94.5430039294085,93.69771431365996,92.24324590299726,86.74003972575835,65.34072822728626,0.6944521021088763,-0.719538934232584
2026-05-19 21:00:00,7.0,75.0,62.0,18.0,6.0,27.0,66.29448363533437,37.48912048222626,4.956445556715393,5.4529713869833705,90.52346756331218,94.6226224091091,97.10354281774936,96.32393478337802,96.70888641829131,97.08121453475312,95.8021706289735,95.33334986917616,96.53978039212492,98.1939496131805,96.68247395313388,92.5039542135288,86.83690258912895,81.55061760904341,76.94989612887187,72.7425192765916,70.2075766501851,68.22974104292112,67.71179444849831,67.05956948429119,58.951836311003866,0.6819721490904629,-0.7313781428679254
2026-05-20 21:00:00,1.0,77.0,45.66666666666666,58.0,13.0,28.0,40.24187217806167,14.741013215884974,6.209233214769896,5.369624497616641,36.7155234285785,37.26576622242208,41.8940780254414,46.66986354349864,52.44236063304261,56.55074587060809,58.34428634369172,56.92337004698238,48.77629894470809,31.65496122513017,19.147313526304583,12.298737669499111,9.825418649877506,13.07880013553422,16.417147597599158,19.76726630386532,21.62263758036197,21.91957173118042,20.94433189396008,18.410417300837096,15.93031303806065,0.6692903895412567,-0.7430009249440493
2026-05-21 21:00:00,-1.0,55.0,14.333333333333334,69.0,11.0,32.0,29.859808750612515,6.946770237417735,6.5571224130382255,4.0716137479986445,34.55629956244111,38.78098336080959,43.67499651775224,49.17924161559115,55.66457409137362,63.00022177694482,70.7064953986704,79.65784726388625,89.46081954050149,82.83693161986128,59.55313222812696,35.30509875372219,19.77535289634345,13.46747028325565,10.157423443233206,7.957032059614664,6.715166535752512,5.508791246636142,4.389333923345733,3.629244003884825,4.091603489889571,0.6564105761979381,-0.7544038410927472
2026-05-22 21:00:00,6.0,60.0,28.33333333333333,75.0,11.0,32.0,30.669129522951096,10.20208841195718,8.244011600875233,4.771856968648157,39.25932887185807,43.97174378376796,49.25793498822286,55.419513484429096,62.470344832142274,69.06608772163068,74.50916529054342,79.71132857427257,78.3175845314703,79.51669459686427,81.94453626145204,74.32437516266718,53.20865375174778,22.00987356483313,10.80441178736126,4.691935392125051,4.901748380465549,5.7874869377585645,8.437009752709733,11.82562361458015,11.756886469314477,0.6433365204044917,-0.765583517007675
2026-05-23 21:00:00,8.0,63.0,1.6666666666666667,48.0,3.0,36.0,29.91912476321868,6.318952546893415,6.53313805826658,7.426991628487306,22.352082023190256,24.79259232813881,27.828615718308885,31.168542709816226,34.62149248610416,37.94356922265639,39.99057030527298,39.094682439758856,31.24339644351959,27.132059560863787,23.88045490834221,20.205323657442595,17.72468786468356,15.521001832137674,14.272850412523663,12.817141862139788,14.152999501642595,15.830804188957458,20.03431324765641,24.8933605591282,26.99422439122252,0.6300720909843687,-0.7765366444428655
2026-05-24 21:00:00,6.0,62.0,84.33333333333333,45.0,8.0,19.0,34.96320725842979,13.96502995972432,7.24733448663501,3.3676155579107863,25.448792198362053,28.255286716695377,31.688111649585338,35.46400352494253,40.0239064699794,44.85225076084014,50.26020490951745,54.38756530378996,44.251536144774526,33.149124707598524,29.19177333339044,48.82961741245209,65.04016167133979,78.95639413385574,84.26262446295195,89.03917417443155,89.94312559202675,91.14584117630191,92.69572722274394,93.0962963367381,92.18915159686696,0.6166212130956382,-0.7872599821916922
2026-05-25 21:00:00,-4.0,55.0,84.0,11.0,4.0,17.0,83.20884823047453,31.79491111309365,3.062430844089532,5.7717918287610575,93.97247142706856,97.43241631742808,99.49043581518652,99.91552202299896,100.0,100.0,98.22315463763552,91.59649535883688,88.73949571205003,89.98906701623633,95.71555004701592,98.42578083168564,98.83101316589313,98.76386794419972,99.12179773779532,98.48406746712853,97.45764997822263,95.83945107766948,95.61656279401667,94.05467934823103,97.56630655741456,0.6029878670694714,-0.7977503570459932
2026-05-26 21:00:00,2.0,75.0,43.333333333333336,38.0,6.0,22.0,44.62766525267708,28.57703512819001,7.838590484418947,5.343911111076731,59.97780088182213,59.10305778626239,61.18912968419108,67.03137389798873,73.5564863456905,80.27893531178559,85.34898556883408,86.50040584998364,84.96580394486199,83.00598406846287,83.64938956303442,84.33273549456315,83.29286392409104,77.56760734069611,71.80674957221656,66.53234538067304,63.72314933549658,61.41955871375312,59.51240507838445,57.11685482016304,59.97781419969217,0.5891760872322963,-0.8080046647350754
2026-05-27 21:00:00,-3.0,68.0,40.333333333333336,31.0,9.0,34.0,52.54132558106587,21.56741024879973,7.124081878685037,5.357026228679422,62.627250450541794,63.36366988386708,69.3377387786634,76.12760965197019,82.39918852768781,87.71868990852437,91.64243775362586,95.60951544868776,98.26149828796862,99.61484994219164,100.0,79.58319588184139,45.40044955396427,29.007072762115616,18.12966046694459,18.09997973976633,18.83096313897754,20.333312137000107,18.880664208947245,15.126173664130553,15.064764956132745,0.5751899607119775,-0.8180198708443175
2026-05-28 21:00:00,-3.0,50.0,81.33333333333333,28.0,10.0,1.0,63.25026023393383,16.5587163611057,4.357192131152524,6.341996596014516,78.88282334353063,81.47584463335214,88.68199292365642,96.78736600679586,99.38597220561618,99.3222470825282,99.21443493738644,98.86780201834044,98.6703004407786,99.01716592777204,97.94966590131932,92.14534301467178,86.16988358466422,85.612744018521,86.36017049817603,88.81107437672145,89.3830957731591,86.95766155955246,80.70151251458492,70.20163287131037,55.33853224188303,0.5610336262283677,-0.8277930117131022
2026-05-29 21:00:00,-7.0,53.0,46.66666666666666,39.0,7.0,6.0,52.3295909554753,13.68516389067322,6.8572560404691885,5.285914839599212,56.7725179188356,57.76680383336525,63.238673584184,70.45672511164663,79.29744448903381,86.27807868876558,93.21371337360756,94.1381935343296,95.3891247497703,100.0,99.4761748525262,80.19846435312749,53.02166538355297,50.64298051233693,56.23742197474984,73.41670626256196,77.07490926505719,71.23573116376554,66.38130179597039,60.02434737666774,57.44059174927527,0.5467112728685939,-0.8373211953118121
2026-05-30 21:00:00,-2.0,54.0,74.33333333333333,49.0,8.0,4.0,41.30097683423119,14.953118159991496,4.654687756056283,5.347925675838504,74.69529186037944,80.07998858154254,89.30028396932721,99.07546293768009,99.5172542360932,99.38895986562662,100.0,99.85323186769098,98.96820771908278,95.17243501292256,89.10594727050054,90.07878536470236,91.40426785043068,89.9507307964835,86.23252530041536,79.20925855524075,71.98660775259644,62.404191554398814,55.81898729534679,46.51813843140047,43.93753936326702,0.5322271388474397,-0.8466016020976267
2026-05-31 21:00:00,5.0,59.0,67.0,65.0,7.0,8.0,35.895779599989226,13.17462361185116,7.938215610627018,6.696773215083454,37.02220374287845,38.8615309684744,43.45665381267403,48.71966634534477,54.87409721839479,62.56376823648503,70.95268155464078,79.15508140711358,87.10579056401345,94.4262642160886,97.0524805477196,96.28954317546764,92.70263879726328,77.13055107552543,67.07735856043028,65.54691624516805,64.57281298033581,63.05672277728191,65.0644690237829,68.05625921519261,67.48302613923185,0.5175855102531889,-0.8556314858488706
2026-06-01 21:00:00,6.0,62.0,60.333333333333336,58.0,0.0,31.0,37.85561910695896,14.121986126415546,8.203812691895555,6.310665583884235,43.04337565143381,46.07760585412933,51.32110306090403,56.50288737690485,55.97031730461563,57.767829926348256,64.128619450411,70.80043455923642,77.21753398403852,82.57380961542711,86.34437935173355,88.56764950165311,90.9855865940294,96.37489366525708,99.3550613661994,98.90874033975896,94.9710617241714,86.41729526262931,79.49478007633036,70.95512460435185,70.7619955159392,0.5027907197793043,-0.8644081744776648
2026-06-03 21:00:00,1.0,76.0,2.6666666666666665,48.0,5.0,26.0,35.829619810885625,20.407335268657608,7.339972829290095,5.23155045814332,33.66220302602865,36.43737365922417,40.44413363048317,45.35584251397818,50.9525756563441,57.36042171836743,64.73495409245598,72.66619057896445,80.42433558346758,80.81401985218498,68.89639362892075,54.80414198457703,43.191211222775486,38.59323934422759,36.393640669825686,35.61248384893079,35.53013401230432,35.093517529983,32.59305278297585,28.533331605673503,25.16752701927186,0.4727592092862775,-0.881191653407483
2026-06-04 21:00:00,12.0,83.0,18.666666666666668,60.0,9.0,24.0,34.3132653454236,16.936616224242012,8.992078468879418,5.592220612041436,21.70934798899315,22.429548701083664,24.691042032329506,27.42885330549193,30.635896308589206,34.425391193702154,38.78699124186984,44.10082066256951,50.417655525387794,57.71328646124779,67.72531209512194,63.43086402306389,48.64848015082472,21.70392760210796,6.755609562266689,4.8929198808209495,6.243159076727546,9.966675163271413,13.324275954711018,17.258578209790493,17.304790928612253,0.4575313760742512,-0.8891934772070711
2026-06-05 21:00:00,2.0,74.0,60.333333333333336,17.0,4.0,7.0,47.87462530153812,34.208360828100126,7.4496161633455324,5.109341850695419,63.49570808056343,65.94703831432355,72.49469299695703,77.07442497325854,78.29536538239284,82.09923743366595,87.51165385057091,91.79944526459607,93.4357361185116,91.98761608935348,86.04103572336977,90.34297191452288,98.26860329207678,99.89239601950536,100.0,100.0,99.44173854310102,96.15671868427714,86.75408377826285,72.92256592682426,56.15647232752807,0.442168151967072,-0.8969321743510065
2026-06-06 21:00:00,-1.0,64.0,80.0,15.0,10.0,15.0,67.43214236750362,32.74317946660594,3.974382413011148,5.308286604889282,75.37665060427162,77.92162752693046,79.24948919859104,74.27670222955331,77.51977406033444,79.2015613241335,83.20502394231934,89.49547472179516,95.48348996136431,100.0,99.74829192293195,99.22414660785924,98.3398484503131,99.12907141005827,99.01929613646472,95.9928243675068,93.83074373038508,91.28510988694237,91.0037380176948,90.9004778613154,89.20042112552997,0.4266740831899246,-0.9044054548343
2026-06-07 21:00:00,-3.0,58.0,85.33333333333333,23.0,13.0,35.0,69.29036909562232,33.970287771781415,4.851924835090202,5.820627101330028,92.97941194393978,95.04280853223216,98.79997170184288,100.0,99.77717728795722,99.26566771104886,99.49042585207404,100.0,100.0,98.26783162172384,98.30269588849518,99.2544227787292,100.0,100.0,99.12268483433732,99.2843948246418,99.32383550684553,99.47755175143138,98.32868954632188,93.21478482761798,87.61719952274552,0.4110537546870351,-0.911611107193024
2026-06-08 21:00:00,3.0,74.0,18.0,54.0,7.0,35.0,35.513665945840565,15.614817516405395,7.110342801048408,5.131679092554385,39.35623454502718,42.55310772713587,47.242872761432125,52.43509084992878,58.69217568047701,64.8935193478389,69.51147312295312,70.44581917891692,60.63452154445965,42.20310042765974,17.69478174948816,15.131904431368364,16.05539166632145,22.29583388917717,24.13904628067697,23.350039974797728,19.95355418378027,15.441009836338024,18.098280636913618,22.1810978252271,29.026511182897348,0.3953117887649151,-0.9185469991587164
2026-06-09 21:00:00,2.0,84.0,25.666666666666668,47.0,6.0,31.0,35.75348780579436,24.396456369486547,7.32488224727083,6.128846518757074,32.64654593076371,33.85221291213036,37.61813694351167,41.74142204475152,46.85264612742541,52.53368707687238,59.1761989786295,65.0530828869727,69.33529098543023,68.83824388779824,54.49615292302877,52.54787490127134,55.40833800346279,58.34082786442447,55.74865636026176,44.2976777915704,33.66026447310909,22.49955555787656,16.69306621432457,11.96469112734918,11.097721047819888,0.3794528437245443,-0.925211078289358
2026-06-10 21:00:00,-2.0,84.0,42.66666666666666,38.0,4.0,19.0,39.865240218076906,30.90193271727784,8.622718332957412,4.591757138009609,38.104891457399646,39.27014608743726,43.31250582013368,48.13116009518666,53.83206415414414,60.24453446615298,67.49392010851459,72.69653909690832,75.59892391870827,77.57907486888071,79.13163060333211,78.21135248197069,71.33037351912894,37.77950054591283,20.810903505225085,26.72901160625805,41.1365288513801,64.72218048937683,75.5986765994702,81.84257454245407,64.51752224132665,0.3634816124829063,-0.9316013725767188
2026-06-11 21:00:00,-2.0,84.0,18.666666666666668,38.0,3.0,12.0,47.64740529610031,37.98485458170666,7.36629123709796,4.900559175434339,50.75139739795146,50.891526788881045,56.65839406436278,63.20580767161192,70.62626355745222,78.54003098441719,85.1870416077653,88.47037899136595,87.94328952505899,82.77588743190275,73.94102946869666,66.17766965135495,60.61575775023804,50.72767605989355,41.25298195611564,36.13230629591755,30.28685940494537,23.65935189474409,17.91763178774249,11.990312956936371,11.679942633728604,0.3474028211842774,-0.9377159910299092
2026-06-12 21:00:00,5.0,76.0,65.33333333333333,16.0,10.0,11.0,55.64738458327223,38.83750687427042,1.1124888086779825,4.910970753748132,91.36193654245074,94.3525998048619,99.69156261435074,100.0,100.0,99.65599440731694,98.71377675433816,98.70301175194754,98.86250844700486,99.5378028234816,96.70683311561368,94.01608208716222,92.56541145790382,95.0885389126044,93.54855867768914,85.78573172175375,80.39644000188147,75.17101619128634,52.98973734859072,18.31208499007688,12.93190875491722,0.3312212278016865,-0.9435531242349544
2026-06-13 21:00:00,-1.0,79.0,41.0,26.0,6.0,32.0,54.11135105682001,30.101950731480454,7.588137253980208,4.943402545682628,70.0424134577322,71.73445352306756,77.90663874594105,77.8926982901427,80.9164754936241,84.37875954923774,85.39486509952165,88.86142713588579,93.1268781564244,94.32588919734796,77.96732045400348,61.68921536553238,44.852496078594974,29.15616521024039,16.24602797321352,8.651716298319759,7.989642858739364,13.04127011527631,17.72295673120568,22.964847758699737,23.76486181602305,0.3149416207289519,-0.9491110448902284
2026-06-14 21:00:00,-5.0,80.0,55.0,31.0,9.0,20.0,47.05273912757241,29.390516440971943,8.35926366444176,5.26614008336467,40.919916470518615,41.69746908574714,45.38906954322579,49.971010338346034,54.07028574137291,57.22634436179074,61.22426538000075,65.2058184301147,68.10090249771854,68.64274615368907,68.66110144542135,71.69581593957594,77.39159226779965,76.18639994608601,71.90910291162274,64.19207166706987,63.29900998431602,68.17738878882717,74.77563825687209,82.65596016806349,79.63221888541644,0.2985688173637202,-0.9543881083175908
2026-06-15 21:00:00,-4.0,70.0,75.66666666666667,30.0,5.0,26.0,63.3915310706012,22.735278653382053,6.123818323296186,4.789769828497529,72.41743854763033,72.9666148861997,74.53394822454385,75.05976025912665,73.88133882125325,71.27183215184509,73.75896795139563,80.17200183333621,85.94835804325854,80.57236320181043,62.02508885687412,42.82513180201448,24.348540401996072,15.454842724925651,9.379124900083946,10.191919482887265,9.317788307273233,6.341522289826014,4.3184949451501256,2.7841779680166283,3.1401842890294533,0.2821076626819194,-0.9593827529490744
2026-06-16 21:00:00,-1.0,73.0,32.666666666666664,62.0,7.0,30.0,38.1466996737977,20.124037174376777,7.995231862409762,6.21860266123434,50.00429800029829,50.60107990300096,55.43556012037772,61.41843826018233,68.63393532094418,77.18763484006683,79.74557744309392,81.82227784762549,82.65546202385285,78.5899173930055,78.7467517047627,75.40212581534159,67.7872106961801,45.19439849457713,28.863003676167963,21.825164767396,18.37943367280237,18.00331924034139,16.401161796189427,13.181224512325414,11.397858741623631,0.2655630278040559,-0.9640935007889756
2026-06-17 21:00:00,-5.0,76.0,37.66666666666666,45.0,5.0,21.0,40.08550567861075,22.05311344128074,8.857229834615,5.9866246764158735,43.69029009655115,44.54694054710001,49.17363247338659,54.37274828622917,60.62867098341918,68.10501296126658,66.62818945504623,66.26847724214701,69.08115796822077,73.4115879654766,75.29219617936442,74.5552646605839,73.48193410171267,82.59872820759094,85.58057116928748,77.34637460700067,55.3377162099124,25.750694328195863,17.43255804778348,15.542282117364795,26.266486257044924,0.2489398085537665,-0.9685189578512204
2026-06-18 21:00:00,-3.0,61.0,82.33333333333333,20.0,11.0,14.0,67.0860046610338,33.409015935441424,4.429465381315572,4.737004048648149,89.66659652769798,91.10081837807292,96.6087359538204,99.04600550496002,96.37801190479372,95.24411313488446,97.07145306526056,99.19235674276288,100.0,100.0,99.04532443107718,99.59627957655732,100.0,100.0,99.64908676843044,98.64919833761772,98.77739780532607,98.70161757583476,97.2789444787595,95.60059780964733,94.75840045475164,0.2322429240090701,-0.9726578145718654
2026-06-19 21:00:00,-1.0,69.0,65.66666666666667,34.0,11.0,25.0,61.01345159166276,28.71985058555953,6.882468834290831,6.149597029390867,67.2422647671357,69.20177290909538,70.22754370210727,76.08208038050412,79.78642317051319,79.04636076312845,78.42036724276417,79.16663516655107,80.09035065849729,80.25931119951015,81.53540653563105,84.01040037183269,88.65789760966086,91.54535628945268,91.57766178798428,83.17415421408984,74.81383234129973,67.65832195776649,58.87963937868874,46.49018641191872,31.54414073340272,0.2154773150467301,-0.976508846196619
2026-06-20 21:00:00,0.0,59.0,73.33333333333333,31.0,10.0,33.0,72.03484221010554,26.754421723100165,5.933679248863343,5.484246379966532,74.72973442668544,74.43547753748987,81.29238491802018,89.26135296413185,95.99657896732424,97.95328678213548,96.07127643230368,93.66712754370973,94.41160740507964,98.77385876324648,99.43329211489956,99.4061939838933,98.7234741370774,94.1607816122463,91.20799415828483,90.56984743641522,90.44762484216908,90.60173515009132,89.65782080081084,87.00883305255124,84.12501513932993,0.1986479428801711,-0.9800709131432666
2026-06-21 21:00:00,-1.0,67.0,82.0,19.0,0.0,23.0,65.35826777296575,29.548626488921126,6.334923628514995,6.232681928907109,83.12235565828433,85.3620394183672,88.15461672446378,93.66743833991224,96.6713929545786,98.65820369053174,100.0,100.0,100.0,100.0,100.0,98.98547464860312,98.4053360239806,98.15417525411316,98.92291055702816,99.39637718941462,95.15364228292071,86.31614143990696,81.8960131393629,77.93092569395166,79.19421071579667,0.1817597875913753,-0.9833429613388902
2026-06-22 21:00:00,2.0,70.0,65.66666666666667,27.0,7.0,18.0,65.71339318037325,24.86574522990216,7.771885233338946,4.445386245474783,63.73398833378856,66.09785647627359,72.47899139371302,76.49026740645988,76.36631263179989,80.15012907777047,79.51730178556062,75.83460852776619,71.97055584933426,69.9563017368595,71.58091304545401,77.89213299406018,85.44778963342549,95.05659437389969,85.48596286781685,61.29536077723986,38.86299349060527,15.919713971043072,22.27045543256484,36.52403476636647,21.287026755170395,0.1648178466571979,-0.9863240225317866
2026-06-23 21:00:00,-2.0,63.0,79.66666666666667,12.0,5.0,5.0,83.7311746969401,35.52891222920756,3.714331490843362,5.906813893602526,96.008272462621,98.55347724191702,99.01980889612368,99.37333281405162,99.56964810247092,100.0,100.0,99.58583805417992,97.0778443355102,91.84457913556828,90.32647170062016,94.18381712333932,98.13298843423496,98.43674011102952,98.28474386834316,98.15575693715236,90.13693152385822,75.92683684759207,62.40494137450172,43.802609074885055,57.312313938700576,0.1478271334705304,-0.9890132145779884
2026-06-24 21:00:00,-1.0,69.0,49.333333333333336,25.0,8.0,31.0,65.59556279510115,27.58020223768917,6.83783213267148,5.802352217181307,74.40454519764678,73.86176894574922,70.66657335462806,70.97221433855472,74.19692499028152,78.04665920929503,82.67197701003184,86.77837271126388,89.92434556505627,92.4217712037968,93.38150518400542,96.28107304441428,99.255992343938,100.0,100.0,99.91548123034543,99.01668985971024,95.68848526996707,69.4275526084228,22.88635775552976,9.235650037608682,0.1307926758567592,-0.9914097417023038
2026-06-25 21:00:00,2.0,72.0,43.333333333333336,31.0,0.0,10.0,59.22858008458958,28.504205691629235,7.973951597596734,5.290483673957175,58.81321446151776,62.65866007826849,69.43554009649318,77.19922027191953,83.58049325790445,88.78514540666413,92.4974350193186,95.18032111973528,96.2614873494079,96.2600504122478,93.65023977681534,87.55280861457463,83.19217304601948,90.08640279311852,87.40130889515866,77.66875677867786,71.15894060765055,63.87713005570375,59.59143801265371,53.47403661385994,51.485959459161656,0.1137195145859496,-0.9935128947338008
2026-06-26 21:00:00,-1.0,63.0,80.33333333333333,20.0,7.0,15.0,83.7311746969401,30.2869558612313,5.976072045274038,6.289189916013791,79.48956563303013,84.2715122393608,92.18748643409306,90.69326982163172,92.94506895456789,97.92252480976742,100.0,99.79125610402694,99.48156795569932,99.63907026976578,97.17426940927456,96.80012869640314,95.55090149437542,93.07767668403356,89.3480600928182,83.67999961133897,79.70961564371848,74.71591417417862,67.93089597108177,57.961571612340826,53.46945901161408,0.0966127018812031,-0.9953220513156602
2026-06-27 21:00:00,1.0,70.0,62.66666666666666,30.0,0.0,4.0,65.71339318037325,28.76047691223152,6.760288781465546,6.106638678008482,76.54025630628128,80.50065154811037,80.33298867113758,74.24507661105476,76.20251171515939,79.75788510512649,82.50317875951794,83.23621187629848,83.11434742949106,82.72769118331115,82.39087601806061,84.67937411982741,86.71198158406533,89.18323590650454,92.42471878263063,96.79756833668152,83.4711628690368,57.375815131897646,38.597977348145015,14.959860792685628,16.943163130777606,0.0794772999236209,-0.9968366760893436
2026-06-29 21:00:00,3.0,80.0,8.666666666666666,51.0,0.0,32.0,42.21952961285212,21.1273558428726,8.505704651533886,5.995234343544231,44.986075025656056,47.767301132325,52.76492162305739,58.3504550239977,63.87756300101826,62.87138802743267,59.7768636212085,65.3973300180877,67.58422755539412,66.31392909639469,59.87107724859786,55.98200741192774,51.63007535700825,47.52925358292719,39.15115078210129,27.899897343087133,17.62232561337667,5.632952407656587,4.44712897021361,5.169662760361052,7.198187465968986,0.0451410177739719,-0.998980624694158
2026-06-30 21:00:00,1.0,78.0,57.0,16.0,0.0,25.0,52.08036239906159,34.1048926554229,6.354232528451123,4.992541501469339,75.86070024189256,79.9692713449655,86.72799814224797,83.4331107718796,74.81032714062046,69.96043199397293,67.48616595959244,71.38002264348624,75.24397927655095,77.65998091164266,83.34086460915066,88.54621860964127,92.92888426265182,95.2681867951718,97.15962037419794,97.13064998893252,97.61892288243968,98.4582486462266,98.85650362496612,98.58134281438988,85.83696456171936,0.0279502982402103,-0.999609314096404
2026-07-01 21:00:00,-2.0,82.0,50.0,26.0,7.0,19.0,64.83182192304785,37.95879354053042,6.543174471700023,6.769071567426768,55.935699011318775,57.37111467717065,63.2992721950748,70.40296285921261,78.57027018946428,88.32794246362124,90.75552354941574,95.65410318507638,93.37713559661964,76.98279802172041,53.72886837944058,42.79956788205312,35.7245233036794,28.813881427881388,21.719578922989985,16.21846973082114,15.144897550493704,17.940995893028738,17.805397265825533,15.715916854735,10.530141423090848,0.0107513077635219,-0.9999422030204416
2026-07-02 21:00:00,-1.0,90.0,40.66666666666666,44.0,7.0,27.0,50.21975654179451,34.70192801604455,7.617803481478922,5.718386561142966,47.29416616189744,48.28609622062535,53.176919633124896,59.02667008180149,65.74374153109754,73.44441244208643,73.21847131958035,67.13250225711754,59.98706464921128,53.82048086270158,38.75540159274466,27.342016642071265,18.85822934719141,21.02996157445641,26.22685479332214,37.045249916423714,45.74654423309417,53.59849294577536,56.75524664434095,58.02025500614597,67.63897202372875,-0.0064508641981051,-0.9999791929590824
2026-07-03 21:00:00,3.0,88.0,22.0,53.0,10.0,28.0,44.98847319007457,32.418449398920885,8.38460747867075,5.23008727480724,42.19963436626805,42.77660900686193,47.28564524155362,52.43786149607137,58.36089533246825,65.00766880726168,71.14369695703202,72.80210845688845,71.43520464038087,72.19752750782119,71.12081822583764,67.34929282034926,60.48571132845494,52.23259331561392,40.17783520593813,22.859195354290897,11.580543101012784,5.1795117534913055,2.380494942384419,1.4021520505207568,2.655640758385416,-0.0236511272452315,-0.9997202729664084
2026-07-04 21:00:00,4.0,78.0,48.0,47.0,10.0,32.0,48.47256086202582,29.97434696277732,7.1584612235191845,4.218578951255789,69.164734062351,70.90543443923265,78.48868254185768,82.38511981933735,81.58878026140354,83.43243651464495,87.45760484207068,86.10140976822187,80.51381484976292,74.12446343400752,73.21610431276162,78.44309494438455,87.64260984173417,95.22308448466664,96.49435657754536,87.23883917668499,57.09148381050074,14.403551418756336,3.895131486765068,5.315260202626109,5.202902644230507,-0.0408443915432961,-0.9991655196610107
2026-07-05 21:00:00,0.0,74.0,10.666666666666666,41.0,7.0,35.0,46.14660406804828,24.301099190307347,8.42664331941637,4.813058229400086,50.143696757992,53.72495216088036,59.8428313979536,66.81020506063203,73.4929455943249,79.56630829507397,82.04258984192191,83.03538879211894,82.92057987220042,80.70842337620223,73.78032863213345,74.65811522848293,74.22229870682445,68.782428636984,51.45104903243082,26.5748333335099,13.93179639623193,4.192343320595349,3.730736921510987,5.580800906765038,8.90948752646971,-0.0580255693287803,-0.9983150972033183
2026-07-07 21:00:00,-4.0,80.0,21.0,59.0,5.0,19.0,40.708611314014846,20.50712964499117,7.42499588127865,6.110398852390175,36.02787388105186,38.98310629510887,43.33832294592376,48.23598249455141,53.59284153192488,59.6248940297853,65.98894381153389,71.90253331621015,76.65681261440314,80.40636479122267,82.89746489440154,45.485473779886185,16.643381920364153,7.800084126342923,5.848634718601793,8.291738441585485,8.911702877802073,8.94898228039156,8.748821084681907,8.225588863607912,7.79639059747416,-0.0923313336953912,-0.9957283388645872
2026-07-08 21:00:00,-1.0,82.0,13.666666666666666,44.0,5.0,21.0,41.017796803805446,25.56189697154017,8.880727111953222,4.489022184886737,34.74179670004616,36.14479103371098,39.85848474728683,44.323972404963015,49.52945588104043,55.27320557628409,62.080212396273474,69.22683684911881,78.5489352314764,88.02740495226314,93.59430271195686,95.50001290690344,85.29604942239148,31.905461804430583,4.814904099803355,1.5347311197829254,1.4916482401005855,3.609084862156724,4.558790699770372,5.0674904964538765,9.322235398835742,-0.1094457686489155,-0.993992768446958
2026-07-09 21:00:00,1.0,80.0,34.333333333333336,29.0,5.0,27.0,54.25092267518391,33.68903050053536,7.396036221745303,5.466656587940999,46.67484429675712,48.03721622291113,53.37047950527081,59.72654200692994,66.21767580365564,70.581521314825,73.9923413541926,72.94639365531471,72.12924272286025,74.89416813099015,79.41123916792475,81.29581381208835,81.7164486838535,80.4973628328559,77.59974409214962,72.58620008725558,68.4490529850572,64.13983473781659,65.3439633366569,69.25250005597778,72.86317367584635,-0.1265278168386831,-0.9919630595773395
2026-07-10 21:00:00,-3.0,76.0,37.66666666666666,46.0,5.0,34.0,57.66778910783504,32.68644342929765,6.523085944051535,4.725813337808754,73.64871858371585,75.15488270784451,74.30498875323688,78.07014315206499,84.38127148024759,85.94794031073579,82.15156929100068,81.17387714499813,83.09983674449356,84.48823912798032,82.09739769445939,89.11533549865675,100.0,98.43159948871904,90.9488321275998,73.94021390227499,51.80970294838699,24.298036864316707,10.97036022087194,1.496115858355787,0.9092011904160726,-0.1435724234118113,-0.9896398128792412
2026-07-11 21:00:00,-2.0,73.0,31.33333333333333,49.0,8.0,35.0,44.31946253441641,21.167646583735955,7.295521131801566,5.87002323706797,51.00387788773565,54.86578716372888,61.08515614367745,68.27190565397207,72.90774874031692,68.11295797521888,71.0894006471182,78.43372570816344,83.63506304327134,86.52618139465821,87.92861346254884,76.0859843165493,61.6920899204114,48.89803352485574,41.72622575066431,37.7479692399946,34.6677573859597,30.339871293489505,25.663586782377468,19.24294869266413,17.032945420728847,-0.1605745445949937,-0.9870237158387384
2026-07-12 21:00:00,2.0,78.0,4.333333333333333,47.0,3.0,35.0,37.51600687661515,19.8055591265821,8.778216330606922,4.954415283813692,38.17701390276544,41.478183779000986,46.05778260460766,51.16803760268507,57.397066025738994,63.31519637901024,64.43967297894673,59.95278745828824,64.69673500716385,72.92895307587621,81.03765213117967,80.63382747181504,72.05616334034258,51.36965260126405,32.34912935704493,14.18284167358768,10.101978131841566,8.61416861526721,9.29129363670427,10.28981132455278,10.61532824228469,-0.1775291491870349,-0.984115542601034
2026-07-13 21:00:00,0.0,79.0,67.0,18.0,9.0,23.0,46.90289649083249,34.605423113066855,7.750739624143192,5.616083779148508,47.72152487187126,47.77985215555727,51.337732371118726,55.70880393380562,61.28878134462968,67.11229153613122,74.58683779113208,82.47074808315669,90.9709552668121,98.08829919026908,99.90918585575254,100.0,100.0,100.0,99.66452841074909,98.99655248012334,99.1229525730237,98.55569333031696,98.8982630882743,98.85504098386892,97.24567191327304,-0.1944312200476619,-0.9809161537413774
2026-07-14 21:00:00,1.0,83.0,72.0,28.0,10.0,23.0,60.648410493256414,36.58398998758243,7.212539139503749,6.071674450162222,62.34101625672637,63.002813181377626,69.69704373587882,76.9657996488204,83.86732184635716,88.98402510406237,89.19554567047264,84.22751150744622,76.52115902634465,68.23548991625916,61.04417664325873,51.62280061083641,39.147187398534896,26.15284742240715,14.686646086142884,9.114202991598129,6.392607658708964,7.000691119747049,8.21661259614965,10.112862525066394,15.703995392289409,-0.2112757555821793,-0.9774264960104057
2026-07-15 21:00:00,4.0,75.0,17.666666666666668,48.0,12.0,30.0,43.00991391902142,24.31854830880497,8.544224672529156,5.482806424793735,40.4359236392219,40.49016144933356,44.941841607539104,50.17959724798007,56.00790305703703,62.67002201517327,70.47939518579301,75.97243193350577,77.69103103814608,75.22805064394072,75.54241010807515,77.22003845313114,81.1039610711381,80.83214931654781,76.75566740633731,67.56146803620737,59.45508529952257,52.22273073345919,47.13005685955192,42.35682217175892,38.32053666416107,-0.2280577712215198,-0.9736476020539838
2026-07-16 21:00:00,-7.0,65.0,35.333333333333336,50.0,11.0,29.0,48.30547325428378,15.811944660990672,7.220246397531976,5.11500980549537,57.67249951455872,58.769554976750335,64.91045046991152,70.96599923686557,75.4415482699953,77.2776110879745,73.65147328710339,66.11852866227835,60.48924613239058,61.94355622006158,53.97140224212185,46.252146484985225,39.33910727848583,46.192862261440936,51.58446560475354,53.26135574028651,46.596096026137786,30.87425024606644,19.16111749191264,7.746011974440488,8.935399415262706,-0.2447723008972595,-0.9695805901076308
2026-07-17 21:00:00,1.0,72.0,10.0,77.0,10.0,30.0,37.98825301496348,16.18210408467952,7.93821539355467,5.067146171869028,40.36196238444138,42.12908312379971,46.86034542903465,51.95806822686119,58.06242329779142,64.512124840644,70.2016929362829,71.60439076454502,71.61033833746015,71.26867833252042,69.87031518255145,57.54266211580448,40.48158959182036,23.9821501796842,13.72816395097744,9.979951195060966,9.05662571011292,9.687473424844988,9.778342872802789,9.44146269673888,9.386118421150185,-0.2614143985111562,-0.965226663665613
2026-07-18 21:00:00,-1.0,67.0,71.33333333333333,16.0,9.0,17.0,63.01927907119633,33.07493491990847,6.91156157915664,4.876424240365549,43.37432053073238,44.19708393663564,49.530511584857365,55.564187160785615,62.67706280174588,70.64855866083803,78.25593148815358,83.4865227512295,88.71564218633321,95.82995017823065,96.63645059622958,98.45672513865534,98.67774559807658,99.18153052789458,99.44080899126703,99.41388398501154,98.75535682522928,98.87295835299868,98.2289480882025,97.1069806362636,97.39786473903878,-0.2779791393987801,-0.9605871111248128
2026-07-19 21:00:00,0.0,68.0,40.66666666666666,51.0,13.0,30.0,52.54132558106587,19.00967754715334,8.082386935912313,5.390703561036743,48.0344314673431,48.36294843032989,53.18965685034058,59.24055089807663,65.11144177128327,68.45415406333423,67.82668341069366,65.74618938591806,63.07065917557002,62.81223102134173,63.98397577699281,62.2112285189066,57.213561744970185,40.08443217482928,26.770553599622936,22.333140258314167,21.03059512313345,22.872873724515102,22.190773208856395,18.97691544998205,13.836481640983052,-0.2944616217868012,-0.9556633054034704
2026-07-20 21:00:00,2.0,72.0,9.0,68.0,8.0,28.0,40.97385221443346,23.802156982366267,7.832669818997505,4.987321311200182,40.68143562977728,42.769216002385264,47.61012377505494,53.32897081181257,59.64086095076168,65.7860278686198,72.4512625196451,78.2580453755658,82.28711642789015,86.01788825875168,89.99310295316366,92.82955125982176,94.66899403086792,90.63648599407574,84.2207676826839,75.3465715391772,64.05231795968486,49.76465036094972,33.65253323084348,13.495564973832408,12.599737034908475,-0.3108569682435036,-0.9504567035349152
2026-07-21 21:00:00,-5.0,73.0,45.333333333333336,48.0,13.0,17.0,42.69898982567596,19.32881711809038,5.851753069109418,6.472722342604663,50.80741119724179,54.38456028993232,60.53371335167059,67.60029933578426,75.74539237144778,79.48688367604959,82.1613100268349,77.3377876898756,49.58041285112394,21.10561990103696,13.92644256370231,12.136340075912104,11.128762001928475,9.492709444462278,8.121433014115361,7.002334810277118,6.580938831878237,6.36837641255333,7.187588547993109,8.596812309414615,12.972872244541966,-0.3271603271220951,-0.9449688462364056
2026-07-22 21:00:00,0.0,73.0,81.33333333333333,18.0,11.0,18.0,84.35162616146033,36.67784604361239,7.073198149361126,5.550007842106674,69.81557918893192,70.96284988456377,78.70845206061082,86.73354768290088,90.8965880846111,90.7490710890014,89.59844791025228,86.13458997770232,78.05616368021036,64.84606456010418,67.42641320766465,72.00177144504819,77.89081906725208,69.99625228747009,55.26398366261836,29.923229359094496,13.411684431199925,3.9532805615749407,0.78746912701633,1.7200900641600267,3.2198450945303407,-0.343366873996388,-0.939201357453208
2026-07-23 21:00:00,0.0,69.0,21.666666666666668,54.0,10.0,26.0,43.69760050385263,17.56017387085588,8.454073336119878,4.072807600135165,37.79812486128186,39.62209812884073,43.87403028126401,48.54654617760499,54.22391259866729,60.967731434730645,68.13149422603965,68.26888330669556,69.81686917542655,73.97713373139148,78.99947038251017,75.23201600173613,63.22525100002847,38.10291445057236,26.149434370025286,23.07860868330446,24.64202187383416,28.248497029279097,30.01730301888653,31.750385921555008,32.66045782782256,-0.3594718130884232,-0.9331559438780432
2026-07-24 21:00:00,4.0,77.0,16.333333333333332,56.0,6.0,23.0,43.319098678448334,18.36732661896077,7.966400647256241,5.371181400376706,32.51625905506587,35.15634263989993,38.95148374018444,43.49664496777029,48.668748466478064,54.29497234698231,60.56253986361023,64.61074001303707,70.48076874063086,70.16811572169357,60.77977048614254,43.46521621668659,29.63093705205073,22.69141428926797,19.622725764753483,18.59286630348632,17.375921438713764,15.948285593883746,16.164341649089174,16.481275420981266,15.445277458147622,-0.3754703786876202,-0.9268343944460494
2026-07-25 21:00:00,5.0,81.0,16.666666666666668,57.0,5.0,20.0,45.54136454313763,25.53496496686936,8.237275129904745,5.728357716102018,35.31343579627497,38.29732221488564,42.57027907550482,47.55000619335771,53.1105123644893,59.749111554075775,67.47664672160926,75.97115627034863,81.2201848605345,84.47146737066916,84.53159038687062,73.96769040258113,61.13367556742254,47.59357930778223,38.75119669954925,31.942860161476577,28.74785070363813,25.794682473162062,22.961096991056948,19.06731492642122,17.181660694759685,-0.3913578365610259,-0.9202385798054076
2026-07-26 21:00:00,3.0,80.0,19.33333333333333,56.0,3.0,17.0,37.82896863886016,13.830349252341843,6.920766180176319,6.046842739235282,29.51529699010996,30.919674379910244,34.26346307429293,38.205534697758246,42.6972529052765,47.43647410367416,47.35916117828874,49.09243345581083,35.01961471543466,14.08753616688316,12.512516315090224,13.452744586364812,14.890771685729904,14.274454820729565,13.110155586342984,11.55529718850213,10.861236417669954,10.633188021614291,10.606666883223108,10.44070451074132,10.891246560981813,-0.4071294853542516,-0.9133704517637858
2026-07-27 21:00:00,6.0,79.0,12.333333333333334,56.0,4.0,15.0,39.089661138968665,22.329636802312024,7.810474394813283,5.972887193960862,37.51393486439664,38.64485158523914,43.07953276820725,47.83915976532714,53.28108011779639,59.36362679504017,61.80306495338375,64.47310148679978,63.2501601525198,55.8859553504417,59.65826544801251,53.8415446966924,40.9552703565016,25.83736961967119,14.572872872871386,11.25038699009378,11.347904331904765,14.39508799581731,22.986255214922984,36.15143254076695,40.64219730519007,-0.4227806579826773,-0.9062320427107696
2026-07-28 21:00:00,0.0,81.0,12.0,46.0,7.0,17.0,39.40101558954868,21.650151544924658,7.552824334101623,5.217838515099574,35.47456308776513,36.98159190148262,41.218807925117154,46.010891085106095,51.589866383238125,57.72359765667322,57.759981580316186,51.92276335370414,41.02879241201317,32.050916443725455,48.43349591573389,57.15141312282535,58.42446229496163,34.93605604028768,22.75731022106212,29.86283693051305,38.89628916949309,50.570833031633015,43.2987192648205,27.054367553897773,23.43682401588976,-0.4383067230125192,-0.898825465016444
2026-07-29 21:00:00,-3.0,78.0,58.333333333333336,46.0,6.0,16.0,50.24798102507268,27.25732637503833,6.589464554323353,4.957018101381951,61.803174509931125,65.13219178385738,72.56810635701399,76.1282993762012,79.07130919680249,78.35124584722737,75.82220197040306,71.52228378439136,63.56720218182053,54.5413440562992,50.38435002606703,48.63085087194462,46.14105795423405,38.66458607216383,30.88011805615054,22.841631785410986,21.97237193535364,24.98710733276453,26.656730743882235,28.06242323793148,23.81069725476296,-0.4537030860313442,-0.8911529104063088
2026-07-30 21:00:00,-1.0,69.0,82.33333333333333,27.0,7.0,6.0,73.03668274060732,37.34983569005801,5.598372560371335,5.405930413990663,77.88414787002932,81.65664863690876,85.1671197049338,85.45750493000254,87.35576827840245,88.29195181340404,85.86542770874497,85.39182450206181,84.50116547956254,84.64073063125724,90.1202452327083,95.35542475987964,98.71844903638883,99.30192403020531,100.0,100.0,98.86456283635675,92.81682766015987,86.09000969784866,77.08107951540087,78.23673809139572,-0.4689651910076318,-0.8832166493127127
2026-07-31 21:00:00,-1.0,71.0,58.66666666666666,32.0,6.0,1.0,61.27034483869424,34.435549833323606,5.998307802383247,5.995993330312313,66.6099119928774,69.7646704520994,77.49683268330251,85.67270218869318,93.77240795592232,98.60441929156984,98.44080122833438,98.58313308788684,98.1438011417826,94.52908999013914,88.75181493661199,84.69674502736837,80.67352775466621,75.54296356870277,66.91668162501213,53.484839620022505,45.4754920260972,39.215857607722256,48.87211314718382,66.76091232574025,68.26812233323417,-0.4840885216389758,-0.8750190302029955
2026-08-01 21:00:00,-2.0,77.0,60.66666666666666,39.0,0.0,16.0,53.83064226424435,28.05661908854915,5.928520970434019,5.412846737690547,60.94683580128286,65.12595336502488,72.46577485775376,81.00972645575162,87.3043614603042,90.24602132892048,86.5810956314756,81.51227144666305,78.87485946010602,75.47780954347158,66.75735673060913,55.53253344868095,43.908926859034864,34.857372885621515,26.9391098650467,19.61274326582392,15.626390258163251,12.436961560368433,12.334648256543764,12.971906570885777,17.79882997328685,-0.4990686026885319,-0.8665624788845385
2026-08-02 21:00:00,-3.0,81.0,58.0,29.0,8.0,18.0,56.33059167738325,37.41093945687735,7.978169696599357,5.012750081081277,52.99688972346344,55.91380075225327,61.91963803465763,68.65745273354385,76.01135783821499,82.7989738439962,86.00819674824776,89.83106284877326,90.44186677130628,85.13807684180983,69.6432457145072,62.92643323933349,58.516822145898296,57.922150419383975,51.99280261632677,41.49876166469582,42.224733793840656,48.23614467374011,60.98192118745182,77.66639798253837,82.53262145177338,-0.5139010013093103,-0.8578494977869301
2026-08-03 21:00:00,-3.0,70.0,91.66666666666669,15.0,10.0,18.0,93.37935243827926,48.69178056415159,5.578983875611199,5.275199293991433,86.24779688746416,87.78896438928533,94.0783827755879,94.09127585900929,88.92891381957196,85.82295156793434,84.93835999984462,84.17012900064881,83.94534992386102,83.45965661943599,81.69153905328962,82.015381500816,84.36533179354036,89.32913354434181,92.07537351612145,88.99330197616443,85.9533876665699,82.46318394247375,78.89154156859888,73.7487910561227,76.56569098326221,-0.5285813283559292,-0.8488826652214553
2026-08-04 21:00:00,7.0,76.0,10.0,58.0,11.0,28.0,44.78108457497471,13.43520884620417,6.004295337191896,5.312760609297984,37.62279311939184,38.76788205607707,42.714440833313695,47.233445413828136,52.37801585528514,53.4507604699467,47.35780275098546,36.25538190123306,23.993381405087888,13.1013743827153,6.84322981728151,4.437708678093171,3.35197823545057,3.5545983198725173,3.889865962673417,4.329725781522548,4.546104942217144,4.694992442053671,5.726836386883669,7.135248407778931,10.271272729400492,-0.5431052396834317,-0.8396646346181327
2026-08-05 21:00:00,2.0,85.0,3.0,43.0,7.0,23.0,46.14141879111695,24.382749424042995,6.543663036232805,6.437034938180147,37.81502806627017,40.28303243618435,44.67252607716495,49.405999158802935,55.40782015950857,61.516185369251055,63.9481542702453,46.27594877578449,33.00007686141425,24.72456617606532,21.22052695203382,19.246885500030565,18.1291834819119,19.45217289986488,22.89808895023708,28.666964805374924,28.865973877770223,26.40445612999433,18.942725064431848,7.931548636035596,9.905316657933785,-0.5574684374327892,-0.8301981337405212
2026-08-06 21:00:00,5.0,87.0,21.33333333333333,51.0,4.0,27.0,44.83889051933264,35.8160039435455,7.637676123036448,5.40868783135807,34.39082930742399,36.92700509763197,40.81931335310394,45.54732197462047,50.66513826040527,56.5316421562989,61.58624509756855,67.26267833351511,68.96771420759913,64.45905555778221,52.694832209864686,55.73752375941631,63.67482541961442,78.26143266980378,86.69392142146182,90.75094607102922,87.83169118608775,81.06223411886123,73.15072195151599,62.7067133200119,56.53505579942468,-0.5716666713027052,-0.8204859638785327
2026-08-07 21:00:00,5.0,85.0,39.0,42.0,3.0,29.0,56.86770356640353,38.126959730356354,7.833253882438537,5.126156705154847,47.71579018131503,50.91466425782413,56.18222454572893,60.942926708182846,66.41198562476973,72.61385264239937,77.94698503387983,82.38237489059908,84.16369800701982,83.86944934348715,81.01950105289573,81.97185332061574,85.78320746204088,93.976700742323,89.05713356377886,71.98221715409284,52.43253407014761,30.191953510562666,19.18369493213015,7.748528515045422,22.99367835266693,-0.5856957398073508,-0.8105309990194823
2026-08-08 21:00:00,-2.0,79.0,71.33333333333333,24.0,4.0,18.0,64.47891846552308,47.33231480089581,5.973932865899703,5.245280380595309,87.28203856096559,90.7275449046617,96.35284905934026,94.11023504862824,91.62886100274784,93.5836059298371,93.2154108551817,87.12791495185374,82.74624474186695,82.23073142847585,85.61314714465693,89.1668613139287,93.24732074920568,95.8311792326407,96.65343254679058,97.12473224730026,98.52193335936468,100.0,100.0,100.0,100.0,-0.5995514915196489,-0.8003361849976323
2026-08-09 21:00:00,5.0,79.0,57.0,26.0,6.0,24.0,69.0906502465715,41.25814779525678,7.131411127659308,5.879045479770922,67.18373061792933,69.30527919249013,73.23005107120576,77.9481720221636,84.53176557044145,90.17026575738036,94.7275532164962,97.49264547234824,97.70813163399193,97.51918199783604,96.81021016141212,94.9211209607741,90.9428863255214,90.21645196762192,83.43689516296371,68.09685808491017,52.45883611571679,34.10526220386321,26.929882313224912,23.28908723770596,28.899254186030067,-0.6132298262997502,-0.7899045386224707
2026-08-10 21:00:00,-3.0,78.0,52.333333333333336,27.0,5.0,25.0,48.47256086202582,31.17772555205919,8.090482577723682,4.947642787568216,38.47489580063536,39.002522449048215,42.7644999259058,47.28082051162003,51.75827442140422,58.184106894468734,66.76500115330519,72.39303892049524,72.92892974591668,70.32166140923857,71.98511803532278,79.0610971294641,88.48426696519311,93.20279063515224,94.21139487430752,90.09006215398205,92.84127808632752,99.22499890679644,100.0,100.0,99.70477709969742,-0.6267266965083301,-0.7792391467859886
2026-08-11 21:00:00,2.0,73.0,46.66666666666666,35.0,9.0,30.0,63.75884189409329,22.223960341232846,8.718081031953346,4.574640726288142,40.11157262413069,40.71153386586506,45.58178421637048,50.86978398489457,56.76406932503514,63.58255811036656,63.219163991263,59.80852945625673,60.25551490471733,68.177496572455,75.54222903732982,76.14384659836142,69.31745895373635,56.826129630332446,41.10590429336382,23.95822060726625,13.534272530405737,7.532497426546027,6.192596867643577,7.355769393489043,10.47412040449547,-0.6400381082043503,-0.7683431655492202
2026-08-12 21:00:00,-4.0,74.0,33.0,51.0,6.0,28.0,46.14660406804828,22.80472081805076,8.619375133417526,4.562527484279059,41.3682058920067,42.25110848826719,47.06709748922909,52.443763697929526,58.76815371632548,65.70525097092525,68.76305645416633,70.87099140720778,74.19123426012985,76.49909438875427,78.68918652834421,80.14164401264104,82.06282776001488,90.04768776226423,86.03866002858683,62.07288101598301,41.37546126825288,21.962411067959227,13.996961289471862,10.09497672447178,10.78392157117886,-0.65316012232693,-0.7572198192083127
2026-08-13 21:00:00,-2.0,68.0,65.66666666666667,14.0,5.0,26.0,67.8860255670556,24.849986011626708,7.478943101015497,6.249494498762042,62.71603529950735,64.49161452962761,66.07287494688316,67.69427874422915,72.04650017708646,72.47677252103048,72.5882146432841,71.67783914885206,70.95736783885351,70.32648421438553,72.90074071830594,77.09867339923045,81.04747910226246,79.23760890726818,71.85904476502911,58.59982887447124,51.45803393461863,48.133416472559325,50.98167618823921,56.8043320396008,66.25052746740056,-0.666088855860977,-0.7458723993404063
2026-08-14 21:00:00,1.0,70.0,40.0,43.0,10.0,33.0,49.06274959008728,20.823775285509143,7.840557948702789,4.7913963835515245,57.254502563119935,60.82908442363358,68.04985581264563,75.93875428679222,84.85193310267692,86.3283726169649,85.90396267505884,84.99856645208885,84.33340472965745,85.1890136270707,91.33159878597596,94.35295091837794,87.1349863720075,58.176323647419615,38.67507531679839,24.601795477590173,19.333098297498434,17.457566446070427,20.417390500350244,25.387137364732965,31.2725056198668,-0.6788204829862355,-0.734304263829602
2026-08-15 21:00:00,0.0,72.0,19.0,58.0,7.0,33.0,42.54287617924819,17.829522594381498,5.656952133173395,5.808559609287293,46.33671701730796,50.22788841892637,56.03816094297648,62.61043004150845,70.07100253521493,78.3293686053087,88.34942862704077,97.46585024735514,99.65504258379536,79.15904955649637,40.1655902165896,29.041805383362977,21.82915357518948,18.891263770508694,16.199619671836036,13.304914333178507,12.655176824561746,12.305711689192528,11.353044313811251,9.846109393693824,8.55307820927309,-0.6913512362094071,-0.722518835873311
2026-08-16 21:00:00,-1.0,73.0,65.0,53.0,5.0,21.0,42.69898982567596,18.01910776735348,6.677496978983621,4.765908074757084,40.124334243931294,43.47449652728854,48.58883105150654,54.39735027299275,61.20201062931093,68.63740682980712,75.23391784741729,80.37580462615124,68.68619208359023,50.743144684677496,34.57829074061968,28.68970394585691,23.734522109598544,19.268208878636585,14.012725119479686,7.707811259315502,9.586849309262314,14.465021684946954,34.84286846062949,61.26067275238112,69.22637984838362,-0.7036774074790128,-0.7105196029692745
2026-08-17 21:00:00,-4.0,63.0,86.33333333333333,18.0,10.0,18.0,86.784579864808,35.786943138188754,4.7751901675485255,5.506831436850399,75.12093185239726,76.52725636591727,81.29411327651917,84.55742208241678,90.58170422025484,99.28482451264068,99.54590845553814,99.48281291038631,99.4362367726302,99.04402589532695,99.19005926209304,98.97457475987014,98.66661634461752,93.28351865526446,78.0647212326953,48.27608381948608,28.34099653203694,14.936346434508916,7.340420156441953,0.7633838514659981,5.024652622404794,-0.7157953492826642,-0.6983101158835584
2026-08-18 21:00:00,0.0,71.0,87.33333333333333,13.0,4.0,9.0,75.85527589243935,40.15785551125452,4.654476808083947,5.930091120887793,91.39495818131552,94.59506410020391,97.8701924103274,98.80526676216222,98.59509910298289,98.9534119537556,99.42270223659256,99.2321716428278,98.90306849313706,99.33489800376418,98.43982997089886,97.5959647730159,97.86340345144684,99.00248531568312,98.07324521846456,95.66856254574134,82.3633393320916,57.95450146220941,37.2226347464791,14.020899778350133,21.371563935167785,-0.7277014757264236,-0.6858939875998223
2026-08-19 21:00:00,0.0,75.0,67.33333333333333,30.0,6.0,24.0,57.53338909646882,33.92020727322526,7.294570084708955,5.610331882322829,59.42112988025059,60.82851120541637,65.56572600878229,70.603535444489,75.96785971401357,82.62920994833125,88.32836101061687,92.27471255886589,93.95985154671416,91.46692408012538,86.70982574086321,75.27293625429074,58.5339345117368,50.04632706940873,44.61357081818567,43.68372543198375,45.667411939822,50.12667140210611,62.800767561163184,81.30881222734534,83.8969952649124,-0.7393922635959241,-0.673274892250183
2026-08-22 21:00:00,6.0,72.0,55.66666666666666,26.0,5.0,13.0,51.210522217698816,31.648206446332846,4.616401885208225,5.407905385226245,74.86997701559133,80.77564009259508,78.0842522813596,66.58583568783583,68.34402126234225,77.0328074812537,83.47097672470302,87.19968957597098,94.37755238116546,97.82906054757156,98.26226320667642,97.9793079337047,98.63922256447472,98.91945333188224,100.0,100.0,98.57840424425235,91.85965830037894,53.75118527265072,4.73792994729464,5.1829024343456425,-0.7731383255706026,-0.6342374393978054
2026-08-23 21:00:00,-2.0,69.0,89.0,16.0,7.0,12.0,90.17632729765674,44.403255847109406,4.065651847325919,5.295714631681156,97.17229635863345,98.84926042181338,99.36397282795308,99.32324617733312,99.55714133158398,98.93803007635164,98.40767215599216,96.60840800973143,95.50417201607996,96.87269551400686,97.56283635669097,92.88347264437748,87.21326075233398,90.90200606898571,93.84054605352584,94.87891023924584,90.8284025919436,81.66149365172784,67.64205560269401,48.84958219206205,31.48313921601892,-0.7839338166829201,-0.620844401650647
2026-08-24 21:00:00,-1.0,75.0,67.66666666666667,34.0,8.0,18.0,64.00100515322764,23.90125690807665,7.836628424993574,5.330860925073945,51.74510790594372,53.10489837863002,57.85591229151101,63.89846722268142,70.68504998189572,77.19243265977873,79.98891260694721,77.6767514251319,74.9019829290397,72.08371817528749,63.8116437914835,45.61645520955792,24.9309945441906,14.173251960643029,7.22499838400937,4.265339333857823,3.889672188429394,5.04572092635134,6.859174694588412,9.326381446528218,10.780195167629472,-0.7944973291665992,-0.6072676460566135
2026-08-25 21:00:00,2.0,70.0,50.333333333333336,23.0,4.0,25.0,65.71339318037325,33.00531970693471,6.985382374217028,6.207356454943194,64.34657868512936,67.05415612831409,68.91173463667104,73.29496187527462,79.82857572455232,87.934541872287,95.78724604064624,99.63836924029272,100.0,100.0,100.0,100.0,100.0,100.0,97.23678528281012,95.86839944939057,92.60717957985904,86.55705133132207,87.20633742105139,89.42004402407294,63.05997820312519,-0.8048257371083452,-0.593511190196115
2026-08-26 21:00:00,2.0,76.0,31.666666666666668,36.0,3.0,28.0,48.17457101146339,23.16172403137336,7.178919273837647,5.662491627432568,41.70072574434446,44.85197345989555,49.747898732454686,55.776072283942845,62.43339660776914,70.49294435305657,78.42998390615065,79.75762663529376,79.63290082946259,82.29242360218295,90.95385694807683,59.383147968739,33.45914683392201,28.467485194263865,27.49831045582101,30.21311340226907,29.59703661248256,26.81385706606204,22.12329369386648,15.473177383131423,10.983569554951169,-0.8149159841660791,-0.5795791048257612
2026-08-27 21:00:00,-1.0,77.0,58.333333333333336,35.0,10.0,18.0,50.101592293116205,26.427388606274445,6.86313339840954,5.970856895079403,52.974891749660735,56.7635041420262,63.08307783118545,65.9391160138902,68.88018670575707,69.65758792254374,71.46122820382821,73.2189120072811,72.60173314746169,67.94227805601277,58.42701651357568,46.22300775172658,35.200862196273924,28.12257627152688,25.13991529895715,25.298493836565385,35.79429305272788,53.41957557931485,65.59129465773623,78.55519653769618,75.10689205199363,-0.8247650844733614,-0.5654755126737576
2026-08-28 21:00:00,-1.0,72.0,70.0,15.0,7.0,20.0,78.64171584654673,37.17338685582658,6.835476136718078,5.755780482991031,78.14348737645436,79.05571134866575,79.85869495377983,75.79649664413031,74.86784913136175,78.98672245970702,80.13317176719607,80.70765142454334,81.58339807111702,81.2267208854346,78.59372705372365,76.2058959987758,75.38368191037364,82.66339202503859,87.02190620296861,87.72419454284018,90.59005347242169,94.137314419187,79.482169328322,51.98270304487266,29.13826680712539,-0.8343701235229537,-0.5512045872199277
2026-08-29 21:00:00,1.0,71.0,1.0,62.0,6.0,27.0,40.8162829528235,15.260523825893626,6.685971933418503,5.750188710278188,36.11573435619103,39.2116570133842,43.932391282061886,49.1950714391856,55.43345893114918,62.545027275558496,70.89493433321105,79.26230859405374,83.83688152443382,78.12560922866956,57.30347586152386,30.16155422285398,13.09415562423714,9.911682996864782,9.368640929884076,10.377301687117066,12.708651880118492,15.885352431562502,17.402351728252796,18.76499892377178,17.765409839611955,-0.8437282590292712,-0.5367705514607103
2026-08-30 21:00:00,7.0,68.0,39.0,28.0,8.0,25.0,63.14391642044514,18.807563598948768,8.733644987750255,4.441555091887919,36.85348880042451,38.68561405601837,42.88546923396681,47.86890759026793,53.39803419394145,58.1403939818785,58.88107912633362,62.47581220897845,66.69461562237942,71.5396596231991,78.71376467928572,82.88248942246715,82.84992602577404,71.45720793111875,55.62266557223489,37.400088709072094,24.24967301045724,11.736630562710207,7.914625160732994,5.950059004044973,6.139064914547332,-0.8528367217694595,-0.522177676659508
2026-08-31 21:00:00,-4.0,70.0,9.0,56.0,6.0,32.0,42.22934726093345,16.218264184978025,6.079523807485594,6.229798217696617,37.70725496493584,40.57601700510276,45.31658320463325,50.457835606876834,56.592233996771846,63.06073820017488,70.3270174856006,78.32671896021473,69.29335288381967,54.52359384822111,42.39187988588524,36.79723829547758,32.11461415360409,28.821241299764853,25.0627390178064,20.465326043559223,18.11981337798116,15.816309201608384,14.161455159500411,11.856386038301055,10.782324891354994,-0.8616928164028521,-0.5074302810827518
2026-09-01 21:00:00,-1.0,71.0,34.666666666666664,52.0,2.0,8.0,42.38632854210911,15.799112087240893,5.990248498144706,5.817414814008333,43.03069611700502,46.92289555971149,52.548869431785015,58.88459613138735,65.64687664125344,73.3867357103431,82.35236018968044,89.0233608116062,91.3632522392336,70.14370061893871,27.230849509959548,16.69981236345467,11.102589446233942,11.06787709221217,11.443493774731536,11.93922705268272,10.850534047751866,8.91064130318803,6.557091812627501,3.5931206757824103,3.0412340651136485,-0.8702939222685674,-0.4925327287220543
2026-09-02 21:00:00,-3.0,69.0,31.666666666666668,43.0,6.0,13.0,43.69760050385263,17.564201062725246,6.37469387200262,6.134186095655656,39.46598768864283,43.84416893656501,48.9430828358994,54.943212281388455,62.30513450782523,70.68609569219039,80.38622671018118,91.44666143387228,97.88028539798609,87.55933517877449,58.52026303687627,28.60549189379108,11.902593179603862,9.878282816131955,8.446655164410078,7.23349905858902,10.150349501215995,14.662208893371304,28.557960084020834,46.13368771803399,40.35269285386765,-0.8786374941610001,-0.4774894280028391
2026-09-03 21:00:00,-5.0,62.0,88.66666666666667,17.0,9.0,13.0,80.69837140029473,32.031267056265925,4.358671125740175,5.632512052653773,95.51719612785564,98.34890841773732,99.27258307099564,99.8828170535349,100.0,100.0,99.4880203235408,100.0,100.0,100.0,100.0,100.0,99.78704759648252,92.25257103713436,73.869637470574,41.46432603236555,25.081099560806848,14.59678379122753,14.061504863637856,16.865970477614866,24.085246728301755,-0.886721063082993,-0.4623048304798108
2026-09-04 21:00:00,-1.0,68.0,60.333333333333336,25.0,7.0,36.0,72.93876680928582,28.4250656894279,6.279019789243067,5.307728878937913,75.31175322008067,77.48435463727918,84.62738333919172,85.52671428826008,84.97858479192082,86.88541347598485,88.71327712582601,90.1372805871726,89.43891222083651,84.54318592992843,81.20257493374477,82.04460708316343,84.89868685189737,77.09312928424679,64.75673295903852,46.48710582108295,35.32867751939771,28.616777306820858,26.731082247322146,26.73376423375692,25.85170384043403,-0.8945422369764496,-0.4469834295196741
2026-09-06 21:00:00,-5.0,64.0,69.0,47.0,8.0,35.0,44.59848894543656,15.380125590669868,7.320242088166181,4.529288329340078,44.68795757331471,47.5858983639252,52.89745415068684,59.67721524666546,66.82203800897054,74.75406160681534,74.63399025911525,79.72048627005297,82.26018046041085,77.51362300463231,62.144379751031806,36.73743495849505,16.474053088518836,16.615533077928518,25.767298705924865,44.31574408938568,59.79951288525874,75.80994535765048,78.50837398226177,78.30444244909809,75.23893814818341,-0.9093882203647924,-0.4159483918249421
2026-09-07 21:00:00,-2.0,72.0,9.0,47.0,8.0,33.0,42.54287617924819,18.74414942553108,7.109839588840833,5.986017601054971,41.61151461242618,44.18576973348481,49.11641177605242,54.91626174959637,61.39824592620117,68.86415550732744,69.66586368608912,69.21525973928918,66.02855455854679,61.86522226889584,58.61417575279737,53.87605229549914,48.70711772680904,43.17072519601667,38.03828607423625,33.399423057017565,29.979388679936875,26.378224059155244,26.520856762986234,27.61322481565298,32.91749604171234,-0.9164086366943458,-0.4002439388573056
2026-09-08 21:00:00,1.0,63.0,1.0,49.0,10.0,34.0,41.11837235341009,10.25267037878302,5.643757047611348,6.689851891199159,40.62017278926183,45.364965257337296,50.50069628714503,56.965895046138094,63.87278910860598,69.35310529817342,68.48724919901782,58.520332115020594,34.419449883369346,20.246373560414177,15.069384019394311,16.093496125179556,16.585268796973715,15.785602300799372,13.970276794427164,11.220955997409169,9.572641369279866,7.603288572673193,7.537299128926741,7.657035794647755,8.451201926966691,-0.923157872964704,-0.3844210472688554
2026-09-09 21:00:00,2.0,63.0,72.0,24.0,10.0,19.0,53.80810032343676,29.226221126608284,5.171259562258323,4.480611641573951,52.87014335837841,57.3302260011033,64.3466965074889,74.02224419369765,96.14555867047106,100.0,96.24023866326638,74.6152547564278,66.599708247937,67.24735718002903,73.95679540926405,80.05227301824289,86.25853643297063,92.5061257880809,93.5439489469534,90.35934447884743,87.98863034318231,85.75385663517443,85.77000530319236,86.05482630881636,75.09750911152128,-0.9296339319682696,-0.3684843993077793
2026-09-10 21:00:00,4.0,69.0,24.0,52.0,12.0,27.0,54.66844296879655,22.55049795168585,6.6049877882031405,3.60132968786373,70.70851050792585,71.12274659978499,78.0748286700447,84.8563928056382,85.33992859730259,84.4134460543552,86.71955666046887,91.05986335566388,97.0728842698969,99.58134069370657,100.0,96.52350178123132,80.95187673755734,58.73130717846661,39.555339722145725,25.27845557597848,15.101300893340431,7.596422404344073,3.7724413815166806,1.9069431602797773,2.9658499772490377,-0.935834897334994,-0.3524387108846032
2026-09-11 21:00:00,3.0,63.0,6.333333333333333,58.0,11.0,29.0,44.44106525401361,15.522695364120825,4.5281305252392,5.182596542222197,49.23093950512117,50.76724060521539,55.89259376202593,62.36012026463038,70.29417921038953,78.8122588355408,86.44066331651904,92.65384287393586,91.5355049735942,83.4648351462018,69.08765410919423,53.85880156247889,40.26289728531957,28.671582226273472,19.67684535444493,12.820889824268477,9.258211979249902,7.175275608551601,9.159065499272897,13.21494552261976,16.99229427463569,-0.9417589340994617,-0.3362887301766828
2026-09-12 21:00:00,7.0,70.0,16.0,30.0,7.0,20.0,45.53305267993813,21.401060320212395,5.112315351622784,6.018942542852705,43.15567247995059,46.00544865436965,51.11775126399822,56.95012483415481,62.44044159162095,61.3448254293096,56.38930692385673,57.294985995868906,54.35999128725418,49.25729517667423,43.32240803522473,39.651933816230255,37.69537329516955,37.95523741218201,38.2296660036486,38.56430953993021,37.29741224356611,35.12374488210817,33.172167004136725,29.92865429488636,29.07184184047116,-0.9474042892438844,-0.3200392362231385
2026-09-13 21:00:00,-3.0,62.0,87.66666666666667,17.0,11.0,19.0,83.66717971385457,34.00341159405373,4.663846281177271,5.906554891039438,84.64234689300169,88.13489890537188,96.3676430782468,99.74218772787523,99.5572792083522,97.625462920642,91.01721774824604,86.98555617717074,83.38672780587683,78.93415350557069,73.07170692550761,67.79678652596878,63.12898707098766,60.93768970288402,58.53369392561357,55.62034796189831,53.00389377959266,50.5477075133372,46.64749958799546,40.9458273231446,36.1529134101298,-0.9527692922168512,-0.3036950375106588
2026-09-14 21:00:00,-3.0,60.0,54.333333333333336,48.0,12.0,32.0,53.37045277273991,14.074052498602718,5.879098253371294,7.05309391675356,56.66800643378382,60.99909956112458,67.96235874438082,75.6047541550322,83.21369397914452,83.7448677290692,85.94963736439938,78.78238072401136,61.88396824531443,43.01112254399349,27.569165370109232,29.81203663309837,33.80658304324084,33.957009165334874,33.009563837299474,30.57616892889324,26.4972670213225,20.15308377882832,19.56520651177599,20.012760552317623,16.678565295312854,-0.9578523554276668,-0.2872609705505963
2026-09-15 21:00:00,-3.0,63.0,35.666666666666664,29.0,4.0,19.0,46.18974902234584,9.087920623847559,3.510808632941039,4.848318744103913,41.03269543153618,45.720614411138854,50.89208292245247,55.605896897083284,52.965130738045474,40.89355622158596,27.790072047179848,21.24174963513357,16.406782464101237,13.166807871718936,11.061470324356952,9.919295345882917,8.846471763776364,7.726444501938936,6.765942993688539,5.726646078253641,5.495638673958437,5.195713633161434,4.865973048874227,4.432122508335798,3.7862695942925724,-0.9626519747161487,-0.2707418984477642
